{
  "obj": 5490.10378400849,
  "Pg": [
    90.00000000006119,
    10.000000000073406,
    220.16268920025982
  ],
  "Vm": [
    1.0999999999365693,
    1.099999999232484,
    1.0910552817283545,
    1.0917191677340456,
    1.0815099661443917,
    1.0999999999989352,
    1.0850842232314613,
    1.0966769673467223,
    1.0693228947058344
  ],
  "Va_deg": [
    -2.9691686410800217e-41,
    -2.57886018622908,
    11.125419750305928,
    -2.474109856814098,
    -2.1980799564994533,
    4.926152470020398,
    -1.5710188456357492,
    -2.8757075424726803,
    -6.246948349412118
  ],
  "p_hvdc_in": [
    1.0000000002788978,
    2.0000000003177916,
    9.999999999696163
  ],
  "p_hvdc_out": [
    -0.9900000002761088,
    -2.0000000003177916,
    -9.499999999711354
  ],
  "ext_to_int": {
    "1": 0,
    "2": 1,
    "30": 2,
    "4": 3,
    "5": 4,
    "6": 5,
    "7": 6,
    "8": 7,
    "9": 8
  }
}