{
  "obj": 5314.276529001563,
  "gencost_model": "case9 smooth quadratic (MODEL=2)",
  "real_Pg": [
    90.00028937782861,
    135.22787821413465,
    93.80115839479713
  ],
  "real_Qg": [
    11.364323692288293,
    -0.08494907607914194,
    -22.23170371368569
  ],
  "from_dummy_Pg": [
    -1.0137533430045451,
    -9.999874592404492,
    -0.00020659218816644772
  ],
  "to_dummy_Pg": [
    0.003615809574499475,
    9.999874592404492,
    0.00019626257875812533
  ],
  "dummy_Qg": [
    0.0,
    0.0,
    0.0,
    0.0,
    0.0,
    0.0
  ],
  "gen_bus": [
    1,
    2,
    30,
    30,
    7,
    5,
    4,
    9,
    9
  ],
  "bus_ids": [
    1,
    2,
    30,
    4,
    5,
    6,
    7,
    8,
    9
  ],
  "Vm": [
    1.0999989073233312,
    1.097250367617903,
    1.0868737947131015,
    1.0950626948282511,
    1.0852300765981462,
    1.0999984565330385,
    1.0888732723368755,
    1.0999989308484563,
    1.0736578014485343
  ],
  "Va_deg": [
    0.0,
    4.55028637345831,
    2.7022200750810508,
    -2.4665614282107224,
    -4.159433412755498,
    0.095538596064249,
    -1.826037000210934,
    0.5349082933615191,
    -4.466554144245709
  ],
  "ndc": 3,
  "pypower_Ybus_real": [
    [
      0.0,
      0.0,
      0.0,
      0.0,
      0.0,
      0.0,
      0.0,
      0.0,
      0.0
    ],
    [
      0.0,
      0.0,
      0.0,
      0.0,
      0.0,
      0.0,
      0.0,
      0.0,
      0.0
    ],
    [
      0.0,
      0.0,
      0.0,
      0.0,
      0.0,
      0.0,
      0.0,
      0.0,
      0.0
    ],
    [
      0.0,
      0.0,
      0.0,
      3.3073789620253065,
      -1.9421912487147266,
      0.0,
      0.0,
      0.0,
      -1.36518771331058
    ],
    [
      0.0,
      0.0,
      0.0,
      -1.9421912487147266,
      3.2242003871388416,
      -1.2820091384241148,
      0.0,
      0.0,
      0.0
    ],
    [
      0.0,
      0.0,
      0.0,
      0.0,
      -1.2820091384241148,
      2.437096619314212,
      -1.155087480890097,
      0.0,
      0.0
    ],
    [
      0.0,
      0.0,
      0.0,
      0.0,
      0.0,
      -1.155087480890097,
      2.772209954136233,
      -1.6171224732461358,
      0.0
    ],
    [
      0.0,
      0.0,
      0.0,
      0.0,
      0.0,
      0.0,
      -1.6171224732461358,
      2.804726852537284,
      -1.1876043792911484
    ],
    [
      0.0,
      0.0,
      0.0,
      -1.36518771331058,
      0.0,
      0.0,
      0.0,
      -1.1876043792911484,
      2.5527920926017282
    ]
  ],
  "pypower_Ybus_imag": [
    [
      -17.36111111111111,
      0.0,
      0.0,
      17.36111111111111,
      0.0,
      0.0,
      0.0,
      0.0,
      0.0
    ],
    [
      0.0,
      -16.0,
      0.0,
      0.0,
      0.0,
      0.0,
      0.0,
      16.0,
      0.0
    ],
    [
      0.0,
      0.0,
      -17.064846416382252,
      0.0,
      0.0,
      17.064846416382252,
      0.0,
      0.0,
      0.0
    ],
    [
      17.36111111111111,
      0.0,
      0.0,
      -39.30888872611897,
      10.510682051867931,
      0.0,
      0.0,
      0.0,
      11.60409556313993
    ],
    [
      0.0,
      0.0,
      0.0,
      10.510682051867931,
      -15.840927014229457,
      5.588244962361526,
      0.0,
      0.0,
      0.0
    ],
    [
      0.0,
      0.0,
      17.064846416382252,
      0.0,
      5.588244962361526,
      -32.153861805106956,
      9.784270426363173,
      0.0,
      0.0
    ],
    [
      0.0,
      0.0,
      0.0,
      0.0,
      0.0,
      9.784270426363173,
      -23.30324902327162,
      13.697978596908444,
      0.0
    ],
    [
      0.0,
      16.0,
      0.0,
      0.0,
      0.0,
      0.0,
      13.697978596908444,
      -35.44561313021703,
      5.975134533308591
    ],
    [
      0.0,
      0.0,
      0.0,
      11.60409556313993,
      0.0,
      0.0,
      0.0,
      5.975134533308591,
      -17.338230096448523
    ]
  ],
  "pypower_Ybus_i2e": [
    1,
    2,
    30,
    4,
    5,
    6,
    7,
    8,
    9
  ]
}