{
  "obj": 6249.865934753487,
  "real_Pg": [
    90.00000186990302,
    106.14266936886642,
    123.48178281381621
  ],
  "real_Qg": [
    11.583990796679034,
    -1.9441618387805484,
    -20.738759234853145
  ],
  "from_dummy_Pg": [
    -1.0000032608537885,
    -9.999996606850626,
    -9.999998258407881
  ],
  "to_dummy_Pg": [
    -0.009996771754749308,
    9.999996606850626,
    9.499998345487489
  ],
  "dummy_Qg": [
    0.0,
    0.0,
    0.0,
    0.0,
    0.0,
    0.0
  ],
  "gen_bus": [
    1,
    2,
    30,
    30,
    7,
    5,
    4,
    9,
    9
  ],
  "bus_ids": [
    1,
    2,
    30,
    4,
    5,
    6,
    7,
    8,
    9
  ],
  "Vm": [
    1.0999999857729383,
    1.0971365687540413,
    1.0868336224701278,
    1.0949488504964149,
    1.083354596069375,
    1.099999748007554,
    1.0887683880447845,
    1.0999073526571206,
    1.0749926857845067
  ],
  "Va_deg": [
    0.0,
    2.9220608379292083,
    4.396415792037961,
    -2.466807737434636,
    -4.152447693548861,
    0.954523132858576,
    -1.9142853656472898,
    -0.22927615544248228,
    -4.466807686813632
  ],
  "ndc": 3,
  "pypower_Ybus_real": [
    [
      0.0,
      0.0,
      0.0,
      0.0,
      0.0,
      0.0,
      0.0,
      0.0,
      0.0
    ],
    [
      0.0,
      0.0,
      0.0,
      0.0,
      0.0,
      0.0,
      0.0,
      0.0,
      0.0
    ],
    [
      0.0,
      0.0,
      0.0,
      0.0,
      0.0,
      0.0,
      0.0,
      0.0,
      0.0
    ],
    [
      0.0,
      0.0,
      0.0,
      3.3073789620253065,
      -1.9421912487147266,
      0.0,
      0.0,
      0.0,
      -1.36518771331058
    ],
    [
      0.0,
      0.0,
      0.0,
      -1.9421912487147266,
      3.2242003871388416,
      -1.2820091384241148,
      0.0,
      0.0,
      0.0
    ],
    [
      0.0,
      0.0,
      0.0,
      0.0,
      -1.2820091384241148,
      2.437096619314212,
      -1.155087480890097,
      0.0,
      0.0
    ],
    [
      0.0,
      0.0,
      0.0,
      0.0,
      0.0,
      -1.155087480890097,
      2.772209954136233,
      -1.6171224732461358,
      0.0
    ],
    [
      0.0,
      0.0,
      0.0,
      0.0,
      0.0,
      0.0,
      -1.6171224732461358,
      2.804726852537284,
      -1.1876043792911484
    ],
    [
      0.0,
      0.0,
      0.0,
      -1.36518771331058,
      0.0,
      0.0,
      0.0,
      -1.1876043792911484,
      2.5527920926017282
    ]
  ],
  "pypower_Ybus_imag": [
    [
      -17.36111111111111,
      0.0,
      0.0,
      17.36111111111111,
      0.0,
      0.0,
      0.0,
      0.0,
      0.0
    ],
    [
      0.0,
      -16.0,
      0.0,
      0.0,
      0.0,
      0.0,
      0.0,
      16.0,
      0.0
    ],
    [
      0.0,
      0.0,
      -17.064846416382252,
      0.0,
      0.0,
      17.064846416382252,
      0.0,
      0.0,
      0.0
    ],
    [
      17.36111111111111,
      0.0,
      0.0,
      -39.30888872611897,
      10.510682051867931,
      0.0,
      0.0,
      0.0,
      11.60409556313993
    ],
    [
      0.0,
      0.0,
      0.0,
      10.510682051867931,
      -15.840927014229457,
      5.588244962361526,
      0.0,
      0.0,
      0.0
    ],
    [
      0.0,
      0.0,
      17.064846416382252,
      0.0,
      5.588244962361526,
      -32.153861805106956,
      9.784270426363173,
      0.0,
      0.0
    ],
    [
      0.0,
      0.0,
      0.0,
      0.0,
      0.0,
      9.784270426363173,
      -23.30324902327162,
      13.697978596908444,
      0.0
    ],
    [
      0.0,
      16.0,
      0.0,
      0.0,
      0.0,
      0.0,
      13.697978596908444,
      -35.44561313021703,
      5.975134533308591
    ],
    [
      0.0,
      0.0,
      0.0,
      11.60409556313993,
      0.0,
      0.0,
      0.0,
      5.975134533308591,
      -17.338230096448523
    ]
  ],
  "pypower_Ybus_i2e": [
    1,
    2,
    30,
    4,
    5,
    6,
    7,
    8,
    9
  ]
}