source,bytes,sha256,group,scenario,disposition,destination,purpose,producer,dependencies
outputs/.DS_Store,6148,,.DS_Store,not scientific evidence,temporary,,Interpreter/UI cache or OS metadata; no scientific authority,Python/marimo cache or OS,None; disposable cache/metadata
outputs/2026-09-02-resiliency-metric-classification/reduced-metric-summary-classified.xlsx,27558,db5e5a290839d11df6e4d74900471aee534798fdbc19be799efbec7ace804d78,2026-09-02-resiliency-metric-classification/reduced-metric-summary-classified.xlsx,other task,retain-out-of-scope,,"Separate resiliency classification task, not Case118 S5",Not established by this S5 inventory,Out of scope or historical source metadata
outputs/S5_OPERATOR_RUNBOOK.md,15388,f82fd56e74bb75ab7314a2376363acd90703421ad9ab67e4209a47d42fee2499,S5_OPERATOR_RUNBOOK.md,analytical Case118 S4/S5; historical snapshots retain their own coverage,retain-archive,,Historical operational authority/diagnostic evidence; not an instruction or authorization for new studies,"S5 operational record; exact producer where recorded in embedded command/source metadata, otherwise not established","Historical source fingerprint, fixture, manifest, checkpoints, process receipts; not current execution authority"
outputs/analysis/S5_OPERATOR_OBSERVATIONS.md,3468,f7b70ae75c6bfdf9f67c6646a578e375ca9b16e07d715d4e678ad01d441dd57a,analysis/S5_OPERATOR_OBSERVATIONS.md,analytical Case118 S4/S5; historical snapshots retain their own coverage,promote,experiments/case118_annual_hierarchy/analysis/artifacts/operator_observations.md,"Selected code, final evidence, or documented run provenance",Operator observations recorded by assistant,Operator statements and named original timing snapshots; qualitative evidence
outputs/analysis/refresh_completion_band.py,1942,da80694e8a8df539097065cf8405c0d540b75a52460e21f1908aa8cc256427c3,analysis/refresh_completion_band.py,analytical Case118 S4/S5; historical snapshots retain their own coverage,promote,experiments/case118_annual_hierarchy/analysis/collectors/refresh_completion_band.py,"Selected code, final evidence, or documented run provenance",outputs/analysis/refresh_completion_band.py (source code; not a generated result),"Imports, environment variables and input paths are specified in this source; see group disposition"
outputs/analysis/s5_completion_band_20260915T164648/band_metadata.json,370,5d7939e43975f32a3b84615867fabf7e936d5e46677b9a05ce6f47cb9e49aa9a,analysis/s5_completion_band_20260915T164648,analytical Case118 S4/S5; historical snapshots retain their own coverage,retain-historical,,"Interim diagnostic/plot/code or superseded exploratory output; preserve originals, use selected final evidence and reviewed tools",Exact producing invocation not established; retain historical/unverified rather than promote as authority,Original metadata and named source paths where present; see group disposition
outputs/analysis/s5_completion_band_20260915T164648/checkpoint_snapshot.json,1086516,036da1c7fc36805a83a658c5366c1727dcfe717615d528740f6d432b5b3db962,analysis/s5_completion_band_20260915T164648,analytical Case118 S4/S5; historical snapshots retain their own coverage,retain-historical,,"Interim diagnostic/plot/code or superseded exploratory output; preserve originals, use selected final evidence and reviewed tools",Exact producing invocation not established; retain historical/unverified rather than promote as authority,Original metadata and named source paths where present; see group disposition
outputs/analysis/s5_completion_band_20260915T164648/completion.csv,1777593,fd06f55fdc47f2bd80115ccb7f500b9ecd28822fd8589cfa0c701322ad0aaef7,analysis/s5_completion_band_20260915T164648,analytical Case118 S4/S5; historical snapshots retain their own coverage,retain-historical,,"Interim diagnostic/plot/code or superseded exploratory output; preserve originals, use selected final evidence and reviewed tools",Exact producing invocation not established; retain historical/unverified rather than promote as authority,Original metadata and named source paths where present; see group disposition
outputs/analysis/s5_completion_band_20260915T164648/completion_walltime.pdf,55611,036d0530a5acb19dc6c5cfa332414f8cef1a8636565b8f98807e5fdb23959090,analysis/s5_completion_band_20260915T164648,analytical Case118 S4/S5; historical snapshots retain their own coverage,retain-historical,,"Interim diagnostic/plot/code or superseded exploratory output; preserve originals, use selected final evidence and reviewed tools",Exact producing invocation not established; retain historical/unverified rather than promote as authority,Original metadata and named source paths where present; see group disposition
outputs/analysis/s5_completion_band_20260915T164648/completion_walltime.png,131286,8ba1e20c1dbca72702aa93c9b3be300d1bb8e12060c2d83e1051e3024dd2213d,analysis/s5_completion_band_20260915T164648,analytical Case118 S4/S5; historical snapshots retain their own coverage,retain-historical,,"Interim diagnostic/plot/code or superseded exploratory output; preserve originals, use selected final evidence and reviewed tools",Exact producing invocation not established; retain historical/unverified rather than promote as authority,Original metadata and named source paths where present; see group disposition
outputs/analysis/s5_completion_band_20260915T164648/completion_walltime_band.pdf,56395,5a3fc05a12a01a10b4ce8bd8f5e0933f4d548d5ea7322121c8325ee390f39fda,analysis/s5_completion_band_20260915T164648,analytical Case118 S4/S5; historical snapshots retain their own coverage,retain-historical,,"Interim diagnostic/plot/code or superseded exploratory output; preserve originals, use selected final evidence and reviewed tools",Exact producing invocation not established; retain historical/unverified rather than promote as authority,Original metadata and named source paths where present; see group disposition
outputs/analysis/s5_completion_band_20260915T164648/completion_walltime_band.png,139466,64ce983dc8be64574cedeb2a5c5e835a25cd18fa57da08805ab25d8e817a43db,analysis/s5_completion_band_20260915T164648,analytical Case118 S4/S5; historical snapshots retain their own coverage,retain-historical,,"Interim diagnostic/plot/code or superseded exploratory output; preserve originals, use selected final evidence and reviewed tools",Exact producing invocation not established; retain historical/unverified rather than promote as authority,Original metadata and named source paths where present; see group disposition
outputs/analysis/s5_completion_band_20260915T164648/summary.json,3667,d870403c8b4ccbac5c179f8facec5c90bdfc10d546995a452bbfa3fe8642345e,analysis/s5_completion_band_20260915T164648,analytical Case118 S4/S5; historical snapshots retain their own coverage,retain-historical,,"Interim diagnostic/plot/code or superseded exploratory output; preserve originals, use selected final evidence and reviewed tools",Exact producing invocation not established; retain historical/unverified rather than promote as authority,Original metadata and named source paths where present; see group disposition
outputs/analysis/s5_completion_walltime_20260914/checkpoint_snapshot.json,652535,685b2a26c790e936fb1564e71a9e0a7088d2a213d0bd28e2babdd10d8624efbb,analysis/s5_completion_walltime_20260914,analytical Case118 S4/S5; historical snapshots retain their own coverage,retain-historical,,"Interim diagnostic/plot/code or superseded exploratory output; preserve originals, use selected final evidence and reviewed tools","Nearby candidate producer(s), exact invocation not established: outputs/analysis/s5_completion_walltime_20260914/plot.py",Original source paths in scripts and retained artifact metadata; plotting environment
outputs/analysis/s5_completion_walltime_20260914/completion.csv,1054681,665a9d505dc846cf286a25823b808034cdf432365bd439bc352d19423f783b80,analysis/s5_completion_walltime_20260914,analytical Case118 S4/S5; historical snapshots retain their own coverage,retain-historical,,"Interim diagnostic/plot/code or superseded exploratory output; preserve originals, use selected final evidence and reviewed tools","Nearby candidate producer(s), exact invocation not established: outputs/analysis/s5_completion_walltime_20260914/plot.py",Original source paths in scripts and retained artifact metadata; plotting environment
outputs/analysis/s5_completion_walltime_20260914/completion_walltime.pdf,47359,be1cb72971d1655fda94dc5f94930683b698f4b053cb03d3a02ca248f434950b,analysis/s5_completion_walltime_20260914,analytical Case118 S4/S5; historical snapshots retain their own coverage,retain-historical,,"Interim diagnostic/plot/code or superseded exploratory output; preserve originals, use selected final evidence and reviewed tools","Nearby candidate producer(s), exact invocation not established: outputs/analysis/s5_completion_walltime_20260914/plot.py",Original source paths in scripts and retained artifact metadata; plotting environment
outputs/analysis/s5_completion_walltime_20260914/completion_walltime.png,126560,c49cc22a8c37f2cfab8585e0c1f3af80b80f96e13edebf34b2c503e3002a7130,analysis/s5_completion_walltime_20260914,analytical Case118 S4/S5; historical snapshots retain their own coverage,retain-historical,,"Interim diagnostic/plot/code or superseded exploratory output; preserve originals, use selected final evidence and reviewed tools","Nearby candidate producer(s), exact invocation not established: outputs/analysis/s5_completion_walltime_20260914/plot.py",Original source paths in scripts and retained artifact metadata; plotting environment
outputs/analysis/s5_completion_walltime_20260914/plot.py,6761,58489711db634e5f20da16ad7588f1b16c2e2dab19767b050bfbd21c6b5cf921,analysis/s5_completion_walltime_20260914,analytical Case118 S4/S5; historical snapshots retain their own coverage,retain-historical,,"Interim diagnostic/plot/code or superseded exploratory output; preserve originals, use selected final evidence and reviewed tools",outputs/analysis/s5_completion_walltime_20260914/plot.py (source code; not a generated result),"Imports, environment variables and input paths are specified in this source; see group disposition"
outputs/analysis/s5_completion_walltime_20260914/summary.json,2658,3a061835f4ddd3560798e1ebb79a378370e9702960a862cf3ed983afafdb6094,analysis/s5_completion_walltime_20260914,analytical Case118 S4/S5; historical snapshots retain their own coverage,retain-historical,,"Interim diagnostic/plot/code or superseded exploratory output; preserve originals, use selected final evidence and reviewed tools","Nearby candidate producer(s), exact invocation not established: outputs/analysis/s5_completion_walltime_20260914/plot.py",Original source paths in scripts and retained artifact metadata; plotting environment
outputs/analysis/s5_completion_walltime_update_20260915040336/checkpoint_snapshot.json,713227,d110d44291e6f3414679319627ff9f23beee659206c02fd94bae45203689df71,analysis/s5_completion_walltime_update_20260915040336,analytical Case118 S4/S5; historical snapshots retain their own coverage,retain-historical,,"Interim diagnostic/plot/code or superseded exploratory output; preserve originals, use selected final evidence and reviewed tools","Nearby candidate producer(s), exact invocation not established: outputs/analysis/s5_completion_walltime_update_20260915040336/plot.py; outputs/analysis/s5_completion_walltime_update_20260915040336/plot_with_reboot.py",Original source paths in scripts and retained artifact metadata; plotting environment
outputs/analysis/s5_completion_walltime_update_20260915040336/completion.csv,1156841,ed8db8454bcfbf010e7bbee9c5a0ede68c0cac64acd124e29e281c8ed7e6445b,analysis/s5_completion_walltime_update_20260915040336,analytical Case118 S4/S5; historical snapshots retain their own coverage,retain-historical,,"Interim diagnostic/plot/code or superseded exploratory output; preserve originals, use selected final evidence and reviewed tools","Nearby candidate producer(s), exact invocation not established: outputs/analysis/s5_completion_walltime_update_20260915040336/plot.py; outputs/analysis/s5_completion_walltime_update_20260915040336/plot_with_reboot.py",Original source paths in scripts and retained artifact metadata; plotting environment
outputs/analysis/s5_completion_walltime_update_20260915040336/completion_walltime.pdf,49051,d6d4cc6cfa5b39835c20a78c9994c0755b03e29c7c3cc119f3213a5dc02c86d2,analysis/s5_completion_walltime_update_20260915040336,analytical Case118 S4/S5; historical snapshots retain their own coverage,retain-historical,,"Interim diagnostic/plot/code or superseded exploratory output; preserve originals, use selected final evidence and reviewed tools","Nearby candidate producer(s), exact invocation not established: outputs/analysis/s5_completion_walltime_update_20260915040336/plot.py; outputs/analysis/s5_completion_walltime_update_20260915040336/plot_with_reboot.py",Original source paths in scripts and retained artifact metadata; plotting environment
outputs/analysis/s5_completion_walltime_update_20260915040336/completion_walltime.png,127049,8f6073550ccd17ac9bf6b3b11ca2c0196f08ca6ee6c91c4c0ceb004f29d6b3e5,analysis/s5_completion_walltime_update_20260915040336,analytical Case118 S4/S5; historical snapshots retain their own coverage,retain-historical,,"Interim diagnostic/plot/code or superseded exploratory output; preserve originals, use selected final evidence and reviewed tools","Nearby candidate producer(s), exact invocation not established: outputs/analysis/s5_completion_walltime_update_20260915040336/plot.py; outputs/analysis/s5_completion_walltime_update_20260915040336/plot_with_reboot.py",Original source paths in scripts and retained artifact metadata; plotting environment
outputs/analysis/s5_completion_walltime_update_20260915040336/completion_walltime_with_reboot.pdf,48011,d46e339ade8e807b09a539a139b20f6220d7c02296acfd1ec959da96766dcdf4,analysis/s5_completion_walltime_update_20260915040336,analytical Case118 S4/S5; historical snapshots retain their own coverage,retain-historical,,"Interim diagnostic/plot/code or superseded exploratory output; preserve originals, use selected final evidence and reviewed tools","Nearby candidate producer(s), exact invocation not established: outputs/analysis/s5_completion_walltime_update_20260915040336/plot.py; outputs/analysis/s5_completion_walltime_update_20260915040336/plot_with_reboot.py",Original source paths in scripts and retained artifact metadata; plotting environment
outputs/analysis/s5_completion_walltime_update_20260915040336/completion_walltime_with_reboot.png,135555,e445dd6b8a403103f37dcf5a5d13dfed579ff22011ea94ec89514c6d85b7c679,analysis/s5_completion_walltime_update_20260915040336,analytical Case118 S4/S5; historical snapshots retain their own coverage,retain-historical,,"Interim diagnostic/plot/code or superseded exploratory output; preserve originals, use selected final evidence and reviewed tools","Nearby candidate producer(s), exact invocation not established: outputs/analysis/s5_completion_walltime_update_20260915040336/plot.py; outputs/analysis/s5_completion_walltime_update_20260915040336/plot_with_reboot.py",Original source paths in scripts and retained artifact metadata; plotting environment
outputs/analysis/s5_completion_walltime_update_20260915040336/plot.py,6761,58489711db634e5f20da16ad7588f1b16c2e2dab19767b050bfbd21c6b5cf921,analysis/s5_completion_walltime_update_20260915040336,analytical Case118 S4/S5; historical snapshots retain their own coverage,retain-historical,,"Interim diagnostic/plot/code or superseded exploratory output; preserve originals, use selected final evidence and reviewed tools",outputs/analysis/s5_completion_walltime_update_20260915040336/plot.py (source code; not a generated result),"Imports, environment variables and input paths are specified in this source; see group disposition"
outputs/analysis/s5_completion_walltime_update_20260915040336/plot_with_reboot.py,3657,ce1db1ad4c0cf3ba4c5b6d5c4c33fd8a9df920d544e48efc8a652e1f8b34865f,analysis/s5_completion_walltime_update_20260915040336,analytical Case118 S4/S5; historical snapshots retain their own coverage,retain-historical,,"Interim diagnostic/plot/code or superseded exploratory output; preserve originals, use selected final evidence and reviewed tools",outputs/analysis/s5_completion_walltime_update_20260915040336/plot_with_reboot.py (source code; not a generated result),"Imports, environment variables and input paths are specified in this source; see group disposition"
outputs/analysis/s5_completion_walltime_update_20260915040336/reboot_markers.json,479,2665711560cebe42003db869a8345a62d6c362ac9194ca7066bce52ed8835e3c,analysis/s5_completion_walltime_update_20260915040336,analytical Case118 S4/S5; historical snapshots retain their own coverage,retain-historical,,"Interim diagnostic/plot/code or superseded exploratory output; preserve originals, use selected final evidence and reviewed tools","Nearby candidate producer(s), exact invocation not established: outputs/analysis/s5_completion_walltime_update_20260915040336/plot.py; outputs/analysis/s5_completion_walltime_update_20260915040336/plot_with_reboot.py",Original source paths in scripts and retained artifact metadata; plotting environment
outputs/analysis/s5_completion_walltime_update_20260915040336/summary.json,2658,b2ace2bb651697a2699c7606165100a4c5f7de705c42cbfe462ac84bf906e0ff,analysis/s5_completion_walltime_update_20260915040336,analytical Case118 S4/S5; historical snapshots retain their own coverage,retain-historical,,"Interim diagnostic/plot/code or superseded exploratory output; preserve originals, use selected final evidence and reviewed tools","Nearby candidate producer(s), exact invocation not established: outputs/analysis/s5_completion_walltime_update_20260915040336/plot.py; outputs/analysis/s5_completion_walltime_update_20260915040336/plot_with_reboot.py",Original source paths in scripts and retained artifact metadata; plotting environment
outputs/analysis/s5_completion_walltime_update_20260915145440/checkpoint_snapshot.json,908538,f723c00c32a17c54e654d74948048c66a4f4bef774ce6c718f3ee6f1200890ad,analysis/s5_completion_walltime_update_20260915145440,analytical Case118 S4/S5; historical snapshots retain their own coverage,retain-historical,,"Interim diagnostic/plot/code or superseded exploratory output; preserve originals, use selected final evidence and reviewed tools","Nearby candidate producer(s), exact invocation not established: outputs/analysis/s5_completion_walltime_update_20260915145440/plot.py; outputs/analysis/s5_completion_walltime_update_20260915145440/plot_last24h.py; outputs/analysis/s5_completion_walltime_update_20260915145440/plot_with_fan.py; outputs/analysis/s5_completion_walltime_update_20260915145440/plot_with_reboot.py",Original source paths in scripts and retained artifact metadata; plotting environment
outputs/analysis/s5_completion_walltime_update_20260915145440/completion.csv,1481931,093168c5a8e31a100d1b3a900840a1759121fc93c11b99a2dd41e26c67609bae,analysis/s5_completion_walltime_update_20260915145440,analytical Case118 S4/S5; historical snapshots retain their own coverage,retain-historical,,"Interim diagnostic/plot/code or superseded exploratory output; preserve originals, use selected final evidence and reviewed tools","Nearby candidate producer(s), exact invocation not established: outputs/analysis/s5_completion_walltime_update_20260915145440/plot.py; outputs/analysis/s5_completion_walltime_update_20260915145440/plot_last24h.py; outputs/analysis/s5_completion_walltime_update_20260915145440/plot_with_fan.py; outputs/analysis/s5_completion_walltime_update_20260915145440/plot_with_reboot.py",Original source paths in scripts and retained artifact metadata; plotting environment
outputs/analysis/s5_completion_walltime_update_20260915145440/completion_walltime.pdf,53101,a1f46d9d2f1f82b20be602160a197e5bec91a043f0b6b59663850c9ab15ca823,analysis/s5_completion_walltime_update_20260915145440,analytical Case118 S4/S5; historical snapshots retain their own coverage,retain-historical,,"Interim diagnostic/plot/code or superseded exploratory output; preserve originals, use selected final evidence and reviewed tools","Nearby candidate producer(s), exact invocation not established: outputs/analysis/s5_completion_walltime_update_20260915145440/plot.py; outputs/analysis/s5_completion_walltime_update_20260915145440/plot_last24h.py; outputs/analysis/s5_completion_walltime_update_20260915145440/plot_with_fan.py; outputs/analysis/s5_completion_walltime_update_20260915145440/plot_with_reboot.py",Original source paths in scripts and retained artifact metadata; plotting environment
outputs/analysis/s5_completion_walltime_update_20260915145440/completion_walltime.png,130383,2b4bdf15f1aaa0d657e9a8c6805adf130e35700f837480cf282fda72f2606556,analysis/s5_completion_walltime_update_20260915145440,analytical Case118 S4/S5; historical snapshots retain their own coverage,retain-historical,,"Interim diagnostic/plot/code or superseded exploratory output; preserve originals, use selected final evidence and reviewed tools","Nearby candidate producer(s), exact invocation not established: outputs/analysis/s5_completion_walltime_update_20260915145440/plot.py; outputs/analysis/s5_completion_walltime_update_20260915145440/plot_last24h.py; outputs/analysis/s5_completion_walltime_update_20260915145440/plot_with_fan.py; outputs/analysis/s5_completion_walltime_update_20260915145440/plot_with_reboot.py",Original source paths in scripts and retained artifact metadata; plotting environment
outputs/analysis/s5_completion_walltime_update_20260915145440/completion_walltime_last24h.pdf,53880,4aea9cc075e94b5f51646862488b6dc5fa266eec968b623c0757c8954b053a90,analysis/s5_completion_walltime_update_20260915145440,analytical Case118 S4/S5; historical snapshots retain their own coverage,retain-historical,,"Interim diagnostic/plot/code or superseded exploratory output; preserve originals, use selected final evidence and reviewed tools","Nearby candidate producer(s), exact invocation not established: outputs/analysis/s5_completion_walltime_update_20260915145440/plot.py; outputs/analysis/s5_completion_walltime_update_20260915145440/plot_last24h.py; outputs/analysis/s5_completion_walltime_update_20260915145440/plot_with_fan.py; outputs/analysis/s5_completion_walltime_update_20260915145440/plot_with_reboot.py",Original source paths in scripts and retained artifact metadata; plotting environment
outputs/analysis/s5_completion_walltime_update_20260915145440/completion_walltime_last24h.png,167150,1fc10abba274915bcdb8f1c6bcdc9c4a0c16d5d464ea11184acf7ff826614926,analysis/s5_completion_walltime_update_20260915145440,analytical Case118 S4/S5; historical snapshots retain their own coverage,retain-historical,,"Interim diagnostic/plot/code or superseded exploratory output; preserve originals, use selected final evidence and reviewed tools","Nearby candidate producer(s), exact invocation not established: outputs/analysis/s5_completion_walltime_update_20260915145440/plot.py; outputs/analysis/s5_completion_walltime_update_20260915145440/plot_last24h.py; outputs/analysis/s5_completion_walltime_update_20260915145440/plot_with_fan.py; outputs/analysis/s5_completion_walltime_update_20260915145440/plot_with_reboot.py",Original source paths in scripts and retained artifact metadata; plotting environment
outputs/analysis/s5_completion_walltime_update_20260915145440/completion_walltime_with_fan.pdf,52613,b1189b71989fa8cdf46a8f75fe45571818444bf14a8be413a94f14f3f04baac8,analysis/s5_completion_walltime_update_20260915145440,analytical Case118 S4/S5; historical snapshots retain their own coverage,retain-historical,,"Interim diagnostic/plot/code or superseded exploratory output; preserve originals, use selected final evidence and reviewed tools","Nearby candidate producer(s), exact invocation not established: outputs/analysis/s5_completion_walltime_update_20260915145440/plot.py; outputs/analysis/s5_completion_walltime_update_20260915145440/plot_last24h.py; outputs/analysis/s5_completion_walltime_update_20260915145440/plot_with_fan.py; outputs/analysis/s5_completion_walltime_update_20260915145440/plot_with_reboot.py",Original source paths in scripts and retained artifact metadata; plotting environment
outputs/analysis/s5_completion_walltime_update_20260915145440/completion_walltime_with_fan.png,151751,e6c6adb4e5d6d1c937ebf7c7f483aec07ca40e4b41e651c2c857766bb776816f,analysis/s5_completion_walltime_update_20260915145440,analytical Case118 S4/S5; historical snapshots retain their own coverage,retain-historical,,"Interim diagnostic/plot/code or superseded exploratory output; preserve originals, use selected final evidence and reviewed tools","Nearby candidate producer(s), exact invocation not established: outputs/analysis/s5_completion_walltime_update_20260915145440/plot.py; outputs/analysis/s5_completion_walltime_update_20260915145440/plot_last24h.py; outputs/analysis/s5_completion_walltime_update_20260915145440/plot_with_fan.py; outputs/analysis/s5_completion_walltime_update_20260915145440/plot_with_reboot.py",Original source paths in scripts and retained artifact metadata; plotting environment
outputs/analysis/s5_completion_walltime_update_20260915145440/completion_walltime_with_reboot.pdf,52050,9d3279254d27c9a6e11a5388e2bf6f2ccd137b43eebf2685d933e04211b5eb9a,analysis/s5_completion_walltime_update_20260915145440,analytical Case118 S4/S5; historical snapshots retain their own coverage,retain-historical,,"Interim diagnostic/plot/code or superseded exploratory output; preserve originals, use selected final evidence and reviewed tools","Nearby candidate producer(s), exact invocation not established: outputs/analysis/s5_completion_walltime_update_20260915145440/plot.py; outputs/analysis/s5_completion_walltime_update_20260915145440/plot_last24h.py; outputs/analysis/s5_completion_walltime_update_20260915145440/plot_with_fan.py; outputs/analysis/s5_completion_walltime_update_20260915145440/plot_with_reboot.py",Original source paths in scripts and retained artifact metadata; plotting environment
outputs/analysis/s5_completion_walltime_update_20260915145440/completion_walltime_with_reboot.png,138644,1e0ab30435a159eb47ad260067ed586b2abf102cdac535fe24957c18bbf4ca50,analysis/s5_completion_walltime_update_20260915145440,analytical Case118 S4/S5; historical snapshots retain their own coverage,retain-historical,,"Interim diagnostic/plot/code or superseded exploratory output; preserve originals, use selected final evidence and reviewed tools","Nearby candidate producer(s), exact invocation not established: outputs/analysis/s5_completion_walltime_update_20260915145440/plot.py; outputs/analysis/s5_completion_walltime_update_20260915145440/plot_last24h.py; outputs/analysis/s5_completion_walltime_update_20260915145440/plot_with_fan.py; outputs/analysis/s5_completion_walltime_update_20260915145440/plot_with_reboot.py",Original source paths in scripts and retained artifact metadata; plotting environment
outputs/analysis/s5_completion_walltime_update_20260915145440/operator_markers.json,931,0f18d77ed5730ace724ab7651f69a278af4e6a22ba32522b4126792a19a56b4e,analysis/s5_completion_walltime_update_20260915145440,analytical Case118 S4/S5; historical snapshots retain their own coverage,retain-historical,,"Interim diagnostic/plot/code or superseded exploratory output; preserve originals, use selected final evidence and reviewed tools","Nearby candidate producer(s), exact invocation not established: outputs/analysis/s5_completion_walltime_update_20260915145440/plot.py; outputs/analysis/s5_completion_walltime_update_20260915145440/plot_last24h.py; outputs/analysis/s5_completion_walltime_update_20260915145440/plot_with_fan.py; outputs/analysis/s5_completion_walltime_update_20260915145440/plot_with_reboot.py",Original source paths in scripts and retained artifact metadata; plotting environment
outputs/analysis/s5_completion_walltime_update_20260915145440/operator_markers_last24h.json,931,0f18d77ed5730ace724ab7651f69a278af4e6a22ba32522b4126792a19a56b4e,analysis/s5_completion_walltime_update_20260915145440,analytical Case118 S4/S5; historical snapshots retain their own coverage,retain-historical,,"Interim diagnostic/plot/code or superseded exploratory output; preserve originals, use selected final evidence and reviewed tools","Nearby candidate producer(s), exact invocation not established: outputs/analysis/s5_completion_walltime_update_20260915145440/plot.py; outputs/analysis/s5_completion_walltime_update_20260915145440/plot_last24h.py; outputs/analysis/s5_completion_walltime_update_20260915145440/plot_with_fan.py; outputs/analysis/s5_completion_walltime_update_20260915145440/plot_with_reboot.py",Original source paths in scripts and retained artifact metadata; plotting environment
outputs/analysis/s5_completion_walltime_update_20260915145440/plot.py,6761,58489711db634e5f20da16ad7588f1b16c2e2dab19767b050bfbd21c6b5cf921,analysis/s5_completion_walltime_update_20260915145440,analytical Case118 S4/S5; historical snapshots retain their own coverage,retain-historical,,"Interim diagnostic/plot/code or superseded exploratory output; preserve originals, use selected final evidence and reviewed tools",outputs/analysis/s5_completion_walltime_update_20260915145440/plot.py (source code; not a generated result),"Imports, environment variables and input paths are specified in this source; see group disposition"
outputs/analysis/s5_completion_walltime_update_20260915145440/plot_last24h.py,4567,664a5b7be40a91b031275828422fedfbf8e236b1342e7c5fe82b8f50375a7ee1,analysis/s5_completion_walltime_update_20260915145440,analytical Case118 S4/S5; historical snapshots retain their own coverage,retain-historical,,"Interim diagnostic/plot/code or superseded exploratory output; preserve originals, use selected final evidence and reviewed tools",outputs/analysis/s5_completion_walltime_update_20260915145440/plot_last24h.py (source code; not a generated result),"Imports, environment variables and input paths are specified in this source; see group disposition"
outputs/analysis/s5_completion_walltime_update_20260915145440/plot_with_fan.py,4363,ea7ed55bc24c4bac643354b2075cae648543efffeb72b874d6a3f2e01e7a6edd,analysis/s5_completion_walltime_update_20260915145440,analytical Case118 S4/S5; historical snapshots retain their own coverage,retain-historical,,"Interim diagnostic/plot/code or superseded exploratory output; preserve originals, use selected final evidence and reviewed tools",outputs/analysis/s5_completion_walltime_update_20260915145440/plot_with_fan.py (source code; not a generated result),"Imports, environment variables and input paths are specified in this source; see group disposition"
outputs/analysis/s5_completion_walltime_update_20260915145440/plot_with_reboot.py,3657,ce1db1ad4c0cf3ba4c5b6d5c4c33fd8a9df920d544e48efc8a652e1f8b34865f,analysis/s5_completion_walltime_update_20260915145440,analytical Case118 S4/S5; historical snapshots retain their own coverage,retain-historical,,"Interim diagnostic/plot/code or superseded exploratory output; preserve originals, use selected final evidence and reviewed tools",outputs/analysis/s5_completion_walltime_update_20260915145440/plot_with_reboot.py (source code; not a generated result),"Imports, environment variables and input paths are specified in this source; see group disposition"
outputs/analysis/s5_completion_walltime_update_20260915145440/reboot_markers.json,479,2665711560cebe42003db869a8345a62d6c362ac9194ca7066bce52ed8835e3c,analysis/s5_completion_walltime_update_20260915145440,analytical Case118 S4/S5; historical snapshots retain their own coverage,retain-historical,,"Interim diagnostic/plot/code or superseded exploratory output; preserve originals, use selected final evidence and reviewed tools","Nearby candidate producer(s), exact invocation not established: outputs/analysis/s5_completion_walltime_update_20260915145440/plot.py; outputs/analysis/s5_completion_walltime_update_20260915145440/plot_last24h.py; outputs/analysis/s5_completion_walltime_update_20260915145440/plot_with_fan.py; outputs/analysis/s5_completion_walltime_update_20260915145440/plot_with_reboot.py",Original source paths in scripts and retained artifact metadata; plotting environment
outputs/analysis/s5_completion_walltime_update_20260915145440/summary.json,3163,8f6e629fe6ec98f78a8be1790377e21430da00af7020686fc2b01a4b9294ae0a,analysis/s5_completion_walltime_update_20260915145440,analytical Case118 S4/S5; historical snapshots retain their own coverage,retain-historical,,"Interim diagnostic/plot/code or superseded exploratory output; preserve originals, use selected final evidence and reviewed tools","Nearby candidate producer(s), exact invocation not established: outputs/analysis/s5_completion_walltime_update_20260915145440/plot.py; outputs/analysis/s5_completion_walltime_update_20260915145440/plot_last24h.py; outputs/analysis/s5_completion_walltime_update_20260915145440/plot_with_fan.py; outputs/analysis/s5_completion_walltime_update_20260915145440/plot_with_reboot.py",Original source paths in scripts and retained artifact metadata; plotting environment
outputs/analysis/s5_period_p95_20260915/period_p95_last24h.pdf,34711,1a2009b37a5c72700a901a42a47e537d812a986406a72eb3a287ebbf1eee20bf,analysis/s5_period_p95_20260915,analytical Case118 S4/S5; historical snapshots retain their own coverage,retain-historical,,"Interim diagnostic/plot/code or superseded exploratory output; preserve originals, use selected final evidence and reviewed tools","Nearby candidate producer(s), exact invocation not established: outputs/analysis/s5_period_p95_20260915/plot.py; outputs/analysis/s5_period_p95_20260915/render.py",Original source paths in scripts and retained artifact metadata; plotting environment
outputs/analysis/s5_period_p95_20260915/period_p95_last24h.png,223173,ede5d70cd1103e5c310abae222d2f156f7f35a59cef2f0e348b00fef06693c81,analysis/s5_period_p95_20260915,analytical Case118 S4/S5; historical snapshots retain their own coverage,retain-historical,,"Interim diagnostic/plot/code or superseded exploratory output; preserve originals, use selected final evidence and reviewed tools","Nearby candidate producer(s), exact invocation not established: outputs/analysis/s5_period_p95_20260915/plot.py; outputs/analysis/s5_period_p95_20260915/render.py",Original source paths in scripts and retained artifact metadata; plotting environment
outputs/analysis/s5_period_p95_20260915/periods.csv,601078,1a613214143efddac446a4d3d4dddbe0ae7d36e7502ff5d554c81e3f30ec5b6f,analysis/s5_period_p95_20260915,analytical Case118 S4/S5; historical snapshots retain their own coverage,retain-historical,,"Interim diagnostic/plot/code or superseded exploratory output; preserve originals, use selected final evidence and reviewed tools","Nearby candidate producer(s), exact invocation not established: outputs/analysis/s5_period_p95_20260915/plot.py; outputs/analysis/s5_period_p95_20260915/render.py",Original source paths in scripts and retained artifact metadata; plotting environment
outputs/analysis/s5_period_p95_20260915/plot.py,9224,b9252fb96340c38a99c7537bddb2b5667e2b1a27d6ce4a7c69c98e7c51634dab,analysis/s5_period_p95_20260915,analytical Case118 S4/S5; historical snapshots retain their own coverage,retain-historical,,"Interim diagnostic/plot/code or superseded exploratory output; preserve originals, use selected final evidence and reviewed tools",outputs/analysis/s5_period_p95_20260915/plot.py (source code; not a generated result),"Imports, environment variables and input paths are specified in this source; see group disposition"
outputs/analysis/s5_period_p95_20260915/render.py,3761,09efe914c8522bc0c18a3b75ef0db6a2a9795afe54431f5aa679733fe474feb3,analysis/s5_period_p95_20260915,analytical Case118 S4/S5; historical snapshots retain their own coverage,retain-historical,,"Interim diagnostic/plot/code or superseded exploratory output; preserve originals, use selected final evidence and reviewed tools",outputs/analysis/s5_period_p95_20260915/render.py (source code; not a generated result),"Imports, environment variables and input paths are specified in this source; see group disposition"
outputs/analysis/s5_period_p95_20260915/rolling_p95.csv,75478,b048f51953ddb007ca712b8ac991acb23553e148cee7dd8d5f0a149a5a64f25e,analysis/s5_period_p95_20260915,analytical Case118 S4/S5; historical snapshots retain their own coverage,retain-historical,,"Interim diagnostic/plot/code or superseded exploratory output; preserve originals, use selected final evidence and reviewed tools","Nearby candidate producer(s), exact invocation not established: outputs/analysis/s5_period_p95_20260915/plot.py; outputs/analysis/s5_period_p95_20260915/render.py",Original source paths in scripts and retained artifact metadata; plotting environment
outputs/analysis/s5_period_p95_20260915/summary.json,1708440,2b87536d6708bf68c99a005d24f16b78a2cffdf2b4c667f66d87551a8d93803e,analysis/s5_period_p95_20260915,analytical Case118 S4/S5; historical snapshots retain their own coverage,retain-historical,,"Interim diagnostic/plot/code or superseded exploratory output; preserve originals, use selected final evidence and reviewed tools","Nearby candidate producer(s), exact invocation not established: outputs/analysis/s5_period_p95_20260915/plot.py; outputs/analysis/s5_period_p95_20260915/render.py",Original source paths in scripts and retained artifact metadata; plotting environment
outputs/analysis/s5_solve_times_last24h_20260915155430/plot.py,8136,4b6b221e89b0100988d227570880f87375df5c527558232f077cdf761536b577,analysis/s5_solve_times_last24h_20260915155430,analytical Case118 S4/S5; historical snapshots retain their own coverage,retain-historical,,"Interim diagnostic/plot/code or superseded exploratory output; preserve originals, use selected final evidence and reviewed tools",outputs/analysis/s5_solve_times_last24h_20260915155430/plot.py (source code; not a generated result),"Imports, environment variables and input paths are specified in this source; see group disposition"
outputs/analysis/s5_solve_times_last24h_20260915155430/render.py,4079,4e034b60cfc30b86d9db8e0e14613771e6cf8ed3adc07eba4373a77a688367d4,analysis/s5_solve_times_last24h_20260915155430,analytical Case118 S4/S5; historical snapshots retain their own coverage,retain-historical,,"Interim diagnostic/plot/code or superseded exploratory output; preserve originals, use selected final evidence and reviewed tools",outputs/analysis/s5_solve_times_last24h_20260915155430/render.py (source code; not a generated result),"Imports, environment variables and input paths are specified in this source; see group disposition"
outputs/analysis/s5_solve_times_last24h_20260915155430/solve_times.csv,1320919,558a63fd57784b24f7c967da8adfb873e3a2621262c6cc6249506ca5c1898a04,analysis/s5_solve_times_last24h_20260915155430,analytical Case118 S4/S5; historical snapshots retain their own coverage,retain-historical,,"Interim diagnostic/plot/code or superseded exploratory output; preserve originals, use selected final evidence and reviewed tools","Nearby candidate producer(s), exact invocation not established: outputs/analysis/s5_solve_times_last24h_20260915155430/plot.py; outputs/analysis/s5_solve_times_last24h_20260915155430/render.py",Original source paths in scripts and retained artifact metadata; plotting environment
outputs/analysis/s5_solve_times_last24h_20260915155430/solve_times_last24h.pdf,62178,df5b410df8c746b70dd76519b1d746814765151f8fb9eaae4e8b519e4c86595f,analysis/s5_solve_times_last24h_20260915155430,analytical Case118 S4/S5; historical snapshots retain their own coverage,retain-historical,,"Interim diagnostic/plot/code or superseded exploratory output; preserve originals, use selected final evidence and reviewed tools","Nearby candidate producer(s), exact invocation not established: outputs/analysis/s5_solve_times_last24h_20260915155430/plot.py; outputs/analysis/s5_solve_times_last24h_20260915155430/render.py",Original source paths in scripts and retained artifact metadata; plotting environment
outputs/analysis/s5_solve_times_last24h_20260915155430/solve_times_last24h.png,304006,7fcc9c016ba6e16ff819ebf11ad0e6d5c0ad0fba04f28bc22113f7f36641b0f6,analysis/s5_solve_times_last24h_20260915155430,analytical Case118 S4/S5; historical snapshots retain their own coverage,retain-historical,,"Interim diagnostic/plot/code or superseded exploratory output; preserve originals, use selected final evidence and reviewed tools","Nearby candidate producer(s), exact invocation not established: outputs/analysis/s5_solve_times_last24h_20260915155430/plot.py; outputs/analysis/s5_solve_times_last24h_20260915155430/render.py",Original source paths in scripts and retained artifact metadata; plotting environment
outputs/analysis/s5_solve_times_last24h_20260915155430/summary.json,2309944,a6b2b67d91665d2c41a58002ee9a92b61cb36ce72c93c48a80ed0da7deedfa62,analysis/s5_solve_times_last24h_20260915155430,analytical Case118 S4/S5; historical snapshots retain their own coverage,retain-historical,,"Interim diagnostic/plot/code or superseded exploratory output; preserve originals, use selected final evidence and reviewed tools","Nearby candidate producer(s), exact invocation not established: outputs/analysis/s5_solve_times_last24h_20260915155430/plot.py; outputs/analysis/s5_solve_times_last24h_20260915155430/render.py",Original source paths in scripts and retained artifact metadata; plotting environment
outputs/analysis/s5_solve_times_walltime_20260914/plot.py,8311,02b1fbc000a7f2b575f062ec6f256a206bd7fe2f5bd20c3a5cc106414cb3da4d,analysis/s5_solve_times_walltime_20260914,analytical Case118 S4/S5; historical snapshots retain their own coverage,retain-historical,,"Interim diagnostic/plot/code or superseded exploratory output; preserve originals, use selected final evidence and reviewed tools",outputs/analysis/s5_solve_times_walltime_20260914/plot.py (source code; not a generated result),"Imports, environment variables and input paths are specified in this source; see group disposition"
outputs/analysis/s5_solve_times_walltime_20260914/solve_times.csv,1006948,be5d5e26469d30e4f27654496514651837fd94fe51197cd2cb56ed9c1766b69f,analysis/s5_solve_times_walltime_20260914,analytical Case118 S4/S5; historical snapshots retain their own coverage,retain-historical,,"Interim diagnostic/plot/code or superseded exploratory output; preserve originals, use selected final evidence and reviewed tools","Nearby candidate producer(s), exact invocation not established: outputs/analysis/s5_solve_times_walltime_20260914/plot.py",Original source paths in scripts and retained artifact metadata; plotting environment
outputs/analysis/s5_solve_times_walltime_20260914/solve_times_walltime.pdf,104770,61847dfc10a41862836a5d77634813f664912b57fa2b4e1ed65e0166408ce3d5,analysis/s5_solve_times_walltime_20260914,analytical Case118 S4/S5; historical snapshots retain their own coverage,retain-historical,,"Interim diagnostic/plot/code or superseded exploratory output; preserve originals, use selected final evidence and reviewed tools","Nearby candidate producer(s), exact invocation not established: outputs/analysis/s5_solve_times_walltime_20260914/plot.py",Original source paths in scripts and retained artifact metadata; plotting environment
outputs/analysis/s5_solve_times_walltime_20260914/solve_times_walltime.png,490256,e510b4463ed351e2457a8b81ef6bea051ed9a3953c2bcb92fbb337478590b211,analysis/s5_solve_times_walltime_20260914,analytical Case118 S4/S5; historical snapshots retain their own coverage,retain-historical,,"Interim diagnostic/plot/code or superseded exploratory output; preserve originals, use selected final evidence and reviewed tools","Nearby candidate producer(s), exact invocation not established: outputs/analysis/s5_solve_times_walltime_20260914/plot.py",Original source paths in scripts and retained artifact metadata; plotting environment
outputs/analysis/s5_solve_times_walltime_20260914/summary.json,1972349,2b244c81dc5b4c528f8fbbbbccdc236f8670ae8e4c989b69ebe8065d56153454,analysis/s5_solve_times_walltime_20260914,analytical Case118 S4/S5; historical snapshots retain their own coverage,retain-historical,,"Interim diagnostic/plot/code or superseded exploratory output; preserve originals, use selected final evidence and reviewed tools","Nearby candidate producer(s), exact invocation not established: outputs/analysis/s5_solve_times_walltime_20260914/plot.py",Original source paths in scripts and retained artifact metadata; plotting environment
outputs/analysis/s5_timing_20260914T171655Z/REPORT.md,6238,ca037f4699aa4fd42a9136f18aca2531b8b1f27c1e095a613bfcb56c7129a01d,analysis/s5_timing_20260914T171655Z,analytical Case118 S4/S5; historical snapshots retain their own coverage,retain-historical,,"Interim diagnostic/plot/code or superseded exploratory output; preserve originals, use selected final evidence and reviewed tools","Nearby candidate producer(s), exact invocation not established: outputs/analysis/s5_timing_20260914T171655Z/analyze.py; outputs/analysis/s5_timing_20260914T171655Z/render_attempts.py",Original source paths in scripts and retained artifact metadata; plotting environment
outputs/analysis/s5_timing_20260914T171655Z/analyze.py,11828,d83f23039c33f561eb13820da58b264e52cff6870204749a7e7e662f90524bba,analysis/s5_timing_20260914T171655Z,analytical Case118 S4/S5; historical snapshots retain their own coverage,retain-historical,,"Interim diagnostic/plot/code or superseded exploratory output; preserve originals, use selected final evidence and reviewed tools",outputs/analysis/s5_timing_20260914T171655Z/analyze.py (source code; not a generated result),"Imports, environment variables and input paths are specified in this source; see group disposition"
outputs/analysis/s5_timing_20260914T171655Z/attempts-time-logtime.pdf,50240,d529d00b5a54f0607358355d43a679ca70c07d6532009b4a2aa72ecaa93941e6,analysis/s5_timing_20260914T171655Z,analytical Case118 S4/S5; historical snapshots retain their own coverage,retain-historical,,"Interim diagnostic/plot/code or superseded exploratory output; preserve originals, use selected final evidence and reviewed tools","Nearby candidate producer(s), exact invocation not established: outputs/analysis/s5_timing_20260914T171655Z/analyze.py; outputs/analysis/s5_timing_20260914T171655Z/render_attempts.py",Original source paths in scripts and retained artifact metadata; plotting environment
outputs/analysis/s5_timing_20260914T171655Z/attempts-time-logtime.png,168137,fd4a8a2b2e47846748d569557a0247a9123d054a474ff24b8a7d0b47b1f13754,analysis/s5_timing_20260914T171655Z,analytical Case118 S4/S5; historical snapshots retain their own coverage,retain-historical,,"Interim diagnostic/plot/code or superseded exploratory output; preserve originals, use selected final evidence and reviewed tools","Nearby candidate producer(s), exact invocation not established: outputs/analysis/s5_timing_20260914T171655Z/analyze.py; outputs/analysis/s5_timing_20260914T171655Z/render_attempts.py",Original source paths in scripts and retained artifact metadata; plotting environment
outputs/analysis/s5_timing_20260914T171655Z/attempts.csv,252081,ce9872a044f02670fea2e618af1a3fbd5a83691ec428e3d19d3d1febae1a239f,analysis/s5_timing_20260914T171655Z,analytical Case118 S4/S5; historical snapshots retain their own coverage,retain-historical,,"Interim diagnostic/plot/code or superseded exploratory output; preserve originals, use selected final evidence and reviewed tools","Nearby candidate producer(s), exact invocation not established: outputs/analysis/s5_timing_20260914T171655Z/analyze.py; outputs/analysis/s5_timing_20260914T171655Z/render_attempts.py",Original source paths in scripts and retained artifact metadata; plotting environment
outputs/analysis/s5_timing_20260914T171655Z/censored_primaries.csv,6814,d285cffc318cd64136b93df6637c165f6a7cf40aa2b9fc772676a7c1fcf2c76e,analysis/s5_timing_20260914T171655Z,analytical Case118 S4/S5; historical snapshots retain their own coverage,retain-historical,,"Interim diagnostic/plot/code or superseded exploratory output; preserve originals, use selected final evidence and reviewed tools","Nearby candidate producer(s), exact invocation not established: outputs/analysis/s5_timing_20260914T171655Z/analyze.py; outputs/analysis/s5_timing_20260914T171655Z/render_attempts.py",Original source paths in scripts and retained artifact metadata; plotting environment
outputs/analysis/s5_timing_20260914T171655Z/checkpoint-snapshot.json,607864,25f6c499b615649c2192ab82fffcbe7d4b1fd044323f1f3ab4571e92313507a0,analysis/s5_timing_20260914T171655Z,analytical Case118 S4/S5; historical snapshots retain their own coverage,retain-historical,,"Interim diagnostic/plot/code or superseded exploratory output; preserve originals, use selected final evidence and reviewed tools","Nearby candidate producer(s), exact invocation not established: outputs/analysis/s5_timing_20260914T171655Z/analyze.py; outputs/analysis/s5_timing_20260914T171655Z/render_attempts.py",Original source paths in scripts and retained artifact metadata; plotting environment
outputs/analysis/s5_timing_20260914T171655Z/input-file-references.json,2123657,9efe78710fc917beaf4361daefca614744ac53190849095302c453b4f2022aac,analysis/s5_timing_20260914T171655Z,analytical Case118 S4/S5; historical snapshots retain their own coverage,retain-historical,,"Interim diagnostic/plot/code or superseded exploratory output; preserve originals, use selected final evidence and reviewed tools","Nearby candidate producer(s), exact invocation not established: outputs/analysis/s5_timing_20260914T171655Z/analyze.py; outputs/analysis/s5_timing_20260914T171655Z/render_attempts.py",Original source paths in scripts and retained artifact metadata; plotting environment
outputs/analysis/s5_timing_20260914T171655Z/periods-time-logtime.pdf,39534,5dffa87862e1f0be97334da06eb35c5f7b4af09b1948c93381e68c3cf0262eec,analysis/s5_timing_20260914T171655Z,analytical Case118 S4/S5; historical snapshots retain their own coverage,retain-historical,,"Interim diagnostic/plot/code or superseded exploratory output; preserve originals, use selected final evidence and reviewed tools","Nearby candidate producer(s), exact invocation not established: outputs/analysis/s5_timing_20260914T171655Z/analyze.py; outputs/analysis/s5_timing_20260914T171655Z/render_attempts.py",Original source paths in scripts and retained artifact metadata; plotting environment
outputs/analysis/s5_timing_20260914T171655Z/periods-time-logtime.png,156154,644b8e7b790ad64ff52946ee8c30004447ae23f606c947e7dfe5183da33f57a9,analysis/s5_timing_20260914T171655Z,analytical Case118 S4/S5; historical snapshots retain their own coverage,retain-historical,,"Interim diagnostic/plot/code or superseded exploratory output; preserve originals, use selected final evidence and reviewed tools","Nearby candidate producer(s), exact invocation not established: outputs/analysis/s5_timing_20260914T171655Z/analyze.py; outputs/analysis/s5_timing_20260914T171655Z/render_attempts.py",Original source paths in scripts and retained artifact metadata; plotting environment
outputs/analysis/s5_timing_20260914T171655Z/periods.csv,300637,47a74c226dce3f263458da2596105a4f4846e2201004ee7c932ec7fe7413e5e9,analysis/s5_timing_20260914T171655Z,analytical Case118 S4/S5; historical snapshots retain their own coverage,retain-historical,,"Interim diagnostic/plot/code or superseded exploratory output; preserve originals, use selected final evidence and reviewed tools","Nearby candidate producer(s), exact invocation not established: outputs/analysis/s5_timing_20260914T171655Z/analyze.py; outputs/analysis/s5_timing_20260914T171655Z/render_attempts.py",Original source paths in scripts and retained artifact metadata; plotting environment
outputs/analysis/s5_timing_20260914T171655Z/render_attempts.py,2090,e285a46205b82edca5156cdeda6f304fb361ab2249fcba8b1819f035d77051a1,analysis/s5_timing_20260914T171655Z,analytical Case118 S4/S5; historical snapshots retain their own coverage,retain-historical,,"Interim diagnostic/plot/code or superseded exploratory output; preserve originals, use selected final evidence and reviewed tools",outputs/analysis/s5_timing_20260914T171655Z/render_attempts.py (source code; not a generated result),"Imports, environment variables and input paths are specified in this source; see group disposition"
outputs/analysis/s5_timing_20260914T171655Z/summary.json,10437,6a33ce15e3a017fcb6afdb4c146ed6dc05366072eafba6cab720fb42d06b10be,analysis/s5_timing_20260914T171655Z,analytical Case118 S4/S5; historical snapshots retain their own coverage,retain-historical,,"Interim diagnostic/plot/code or superseded exploratory output; preserve originals, use selected final evidence and reviewed tools","Nearby candidate producer(s), exact invocation not established: outputs/analysis/s5_timing_20260914T171655Z/analyze.py; outputs/analysis/s5_timing_20260914T171655Z/render_attempts.py",Original source paths in scripts and retained artifact metadata; plotting environment
outputs/analysis/s5_timing_20260914T181320Z/attempts-time-logtime.pdf,50871,ab5c342112efaa9bab86820cfc3e981df68f8926e8058bb47929aa75716a4150,analysis/s5_timing_20260914T181320Z,analytical Case118 S4/S5; historical snapshots retain their own coverage,retain-historical,,"Interim diagnostic/plot/code or superseded exploratory output; preserve originals, use selected final evidence and reviewed tools",Exact producing invocation not established; retain historical/unverified rather than promote as authority,Original metadata and named source paths where present; see group disposition
outputs/analysis/s5_timing_20260914T181320Z/attempts-time-logtime.png,167216,ebb63ba29d0e6f0f7b21f7e0f1c2344ddab168c534f6b5f2b09663a393acc5cc,analysis/s5_timing_20260914T181320Z,analytical Case118 S4/S5; historical snapshots retain their own coverage,retain-historical,,"Interim diagnostic/plot/code or superseded exploratory output; preserve originals, use selected final evidence and reviewed tools",Exact producing invocation not established; retain historical/unverified rather than promote as authority,Original metadata and named source paths where present; see group disposition
outputs/analysis/s5_timing_20260914T181320Z/attempts.csv,255129,fd342775364fafe1ba87e9096298fc4b4df83f130cc5ed95e83a789df7fea4cc,analysis/s5_timing_20260914T181320Z,analytical Case118 S4/S5; historical snapshots retain their own coverage,retain-historical,,"Interim diagnostic/plot/code or superseded exploratory output; preserve originals, use selected final evidence and reviewed tools",Exact producing invocation not established; retain historical/unverified rather than promote as authority,Original metadata and named source paths where present; see group disposition
outputs/analysis/s5_timing_20260914T181320Z/censored_primaries.csv,6886,8a751cc7a16dd8cac7f9ce663d9e8f4b409b11c48f4c8041cafef0b4ad7263f4,analysis/s5_timing_20260914T181320Z,analytical Case118 S4/S5; historical snapshots retain their own coverage,retain-historical,,"Interim diagnostic/plot/code or superseded exploratory output; preserve originals, use selected final evidence and reviewed tools",Exact producing invocation not established; retain historical/unverified rather than promote as authority,Original metadata and named source paths where present; see group disposition
outputs/analysis/s5_timing_20260914T181320Z/checkpoint-snapshot.json,615215,cead7ee506266b5576a8ba392eb6b2a1b2d5b7a00a702673654100f1674e7f93,analysis/s5_timing_20260914T181320Z,analytical Case118 S4/S5; historical snapshots retain their own coverage,retain-historical,,"Interim diagnostic/plot/code or superseded exploratory output; preserve originals, use selected final evidence and reviewed tools",Exact producing invocation not established; retain historical/unverified rather than promote as authority,Original metadata and named source paths where present; see group disposition
outputs/analysis/s5_timing_20260914T181320Z/input-file-references.json,2149437,7b0b9b0808b3ed34a2c7790fa9c84a6c52a2199b1bdee6d9dd5ff553c5e3a8e2,analysis/s5_timing_20260914T181320Z,analytical Case118 S4/S5; historical snapshots retain their own coverage,retain-historical,,"Interim diagnostic/plot/code or superseded exploratory output; preserve originals, use selected final evidence and reviewed tools",Exact producing invocation not established; retain historical/unverified rather than promote as authority,Original metadata and named source paths where present; see group disposition
outputs/analysis/s5_timing_20260914T181320Z/periods-time-logtime.pdf,39654,f3bda2479de3fb988b87c304941b789dd6e1320c6d664d2648b3aa7420d35a25,analysis/s5_timing_20260914T181320Z,analytical Case118 S4/S5; historical snapshots retain their own coverage,retain-historical,,"Interim diagnostic/plot/code or superseded exploratory output; preserve originals, use selected final evidence and reviewed tools",Exact producing invocation not established; retain historical/unverified rather than promote as authority,Original metadata and named source paths where present; see group disposition
outputs/analysis/s5_timing_20260914T181320Z/periods-time-logtime.png,156330,ac180fdd834c7bd7b73348ab7ed842547b6022ffb4221cef1a2fba23946ae0bd,analysis/s5_timing_20260914T181320Z,analytical Case118 S4/S5; historical snapshots retain their own coverage,retain-historical,,"Interim diagnostic/plot/code or superseded exploratory output; preserve originals, use selected final evidence and reviewed tools",Exact producing invocation not established; retain historical/unverified rather than promote as authority,Original metadata and named source paths where present; see group disposition
outputs/analysis/s5_timing_20260914T181320Z/periods.csv,304317,6a52dfe0e6ba66c9ef6cb43ade106a54272996b779007ca7d19d77a83878fe11,analysis/s5_timing_20260914T181320Z,analytical Case118 S4/S5; historical snapshots retain their own coverage,retain-historical,,"Interim diagnostic/plot/code or superseded exploratory output; preserve originals, use selected final evidence and reviewed tools",Exact producing invocation not established; retain historical/unverified rather than promote as authority,Original metadata and named source paths where present; see group disposition
outputs/analysis/s5_timing_20260914T181320Z/returned-calls-time-logtime.png,125740,3733c3664719f416b18f56a7b57102981797a2a3f5f499b6e794d1b1b2296052,analysis/s5_timing_20260914T181320Z,analytical Case118 S4/S5; historical snapshots retain their own coverage,retain-historical,,"Interim diagnostic/plot/code or superseded exploratory output; preserve originals, use selected final evidence and reviewed tools",Exact producing invocation not established; retain historical/unverified rather than promote as authority,Original metadata and named source paths where present; see group disposition
outputs/analysis/s5_timing_20260914T181320Z/solve-effort-summary.json,893,b4842ac4f293768279bf3ded2673d08c7b0ba9122a259894004358ed0b3fa582,analysis/s5_timing_20260914T181320Z,analytical Case118 S4/S5; historical snapshots retain their own coverage,retain-historical,,"Interim diagnostic/plot/code or superseded exploratory output; preserve originals, use selected final evidence and reviewed tools",Exact producing invocation not established; retain historical/unverified rather than promote as authority,Original metadata and named source paths where present; see group disposition
outputs/analysis/s5_timing_20260914T181320Z/solve-effort-time-logtime.png,119642,44a150a978550d7c3aa917c7ad0a39bc93b9002d2a326981124f3ea4cd8e1e60,analysis/s5_timing_20260914T181320Z,analytical Case118 S4/S5; historical snapshots retain their own coverage,retain-historical,,"Interim diagnostic/plot/code or superseded exploratory output; preserve originals, use selected final evidence and reviewed tools",Exact producing invocation not established; retain historical/unverified rather than promote as authority,Original metadata and named source paths where present; see group disposition
outputs/analysis/s5_timing_20260914T181320Z/summary.json,10439,80836bcb7153d249b0a0b59c32d1efa01760e99e3478d9431573ff90fc8251f9,analysis/s5_timing_20260914T181320Z,analytical Case118 S4/S5; historical snapshots retain their own coverage,retain-historical,,"Interim diagnostic/plot/code or superseded exploratory output; preserve originals, use selected final evidence and reviewed tools",Exact producing invocation not established; retain historical/unverified rather than promote as authority,Original metadata and named source paths where present; see group disposition
outputs/case118-counterfactual-ac-study.md,16758,23ca47377701832306f6a7892034060ed69b5549c31732081b799de5c0bcb227,case118-counterfactual-ac-study.md,analytical Case118 S4/S5; historical snapshots retain their own coverage,promote,plans/case118-toy-ac-counterfactual-protocol.md,"Selected code, final evidence, or documented run provenance","Assistant-authored planning proposal, 2026-09-16",Toy dashboard observations and approved design plans; no numerical experiment
outputs/diagnostics/interval2448-YBoD5T/README.md,4286,29b01d58e9d66cb8470420dd10096195a3a99603f15ee9191a95875fd907f271,diagnostics/interval2448-YBoD5T,analytical Case118 S4/S5; historical snapshots retain their own coverage,retain-archive,,Historical operational authority/diagnostic evidence; not an instruction or authorization for new studies,outputs/diagnostics/interval2448-YBoD5T/replay.py,"Source AC interval/state, toy fixture, original solver/environment and recovery settings"
outputs/diagnostics/interval2448-YBoD5T/causal6/canonical-start.json,305081,df5ed062dce113169921e366110e3b38c67656c6681d1876438134f5d19c2dda,diagnostics/interval2448-YBoD5T,analytical Case118 S4/S5; historical snapshots retain their own coverage,retain-archive,,Historical operational authority/diagnostic evidence; not an instruction or authorization for new studies,"Recovery diagnostic; exact producer in retained attempt metadata where present, otherwise not established","Source AC interval/state, toy fixture, original solver/environment and recovery settings"
outputs/diagnostics/interval2448-YBoD5T/causal6/phase.json,92,8c4807616d1952b7c16c1dd10835cfbf438a7d37c0569c9ea5ae60b4a5d6a7c0,diagnostics/interval2448-YBoD5T,analytical Case118 S4/S5; historical snapshots retain their own coverage,retain-archive,,Historical operational authority/diagnostic evidence; not an instruction or authorization for new studies,"Recovery diagnostic; exact producer in retained attempt metadata where present, otherwise not established","Source AC interval/state, toy fixture, original solver/environment and recovery settings"
outputs/diagnostics/interval2448-YBoD5T/causal6/start.json,290777,e8e4d1b47380004cb8c24a7a3a873f1bf1efb1dfb469f6f63597f695d43f5be9,diagnostics/interval2448-YBoD5T,analytical Case118 S4/S5; historical snapshots retain their own coverage,retain-archive,,Historical operational authority/diagnostic evidence; not an instruction or authorization for new studies,"Recovery diagnostic; exact producer in retained attempt metadata where present, otherwise not established","Source AC interval/state, toy fixture, original solver/environment and recovery settings"
outputs/diagnostics/interval2448-YBoD5T/causal6/worker.log,0,e3b0c44298fc1c149afbf4c8996fb92427ae41e4649b934ca495991b7852b855,diagnostics/interval2448-YBoD5T,analytical Case118 S4/S5; historical snapshots retain their own coverage,retain-archive,,Historical operational authority/diagnostic evidence; not an instruction or authorization for new studies,"Recovery diagnostic; exact producer in retained attempt metadata where present, otherwise not established","Source AC interval/state, toy fixture, original solver/environment and recovery settings"
outputs/diagnostics/interval2448-YBoD5T/causal7/canonical-start.json,305039,fb9e4956443249a9313ed321c4065baabe55d33d410682edf239a404326e1e10,diagnostics/interval2448-YBoD5T,analytical Case118 S4/S5; historical snapshots retain their own coverage,retain-archive,,Historical operational authority/diagnostic evidence; not an instruction or authorization for new studies,"Recovery diagnostic; exact producer in retained attempt metadata where present, otherwise not established","Source AC interval/state, toy fixture, original solver/environment and recovery settings"
outputs/diagnostics/interval2448-YBoD5T/causal7/phase.json,92,d9ed86636e365b00514e4c4b8645de7ced4f95631a1d1ff3bf7a964d719c9711,diagnostics/interval2448-YBoD5T,analytical Case118 S4/S5; historical snapshots retain their own coverage,retain-archive,,Historical operational authority/diagnostic evidence; not an instruction or authorization for new studies,"Recovery diagnostic; exact producer in retained attempt metadata where present, otherwise not established","Source AC interval/state, toy fixture, original solver/environment and recovery settings"
outputs/diagnostics/interval2448-YBoD5T/causal7/start.json,290656,fb1167b0d20305d239a523f4f758611860183e28f10a6e8ee200d3198be0c193,diagnostics/interval2448-YBoD5T,analytical Case118 S4/S5; historical snapshots retain their own coverage,retain-archive,,Historical operational authority/diagnostic evidence; not an instruction or authorization for new studies,"Recovery diagnostic; exact producer in retained attempt metadata where present, otherwise not established","Source AC interval/state, toy fixture, original solver/environment and recovery settings"
outputs/diagnostics/interval2448-YBoD5T/causal7/worker.log,0,e3b0c44298fc1c149afbf4c8996fb92427ae41e4649b934ca495991b7852b855,diagnostics/interval2448-YBoD5T,analytical Case118 S4/S5; historical snapshots retain their own coverage,retain-archive,,Historical operational authority/diagnostic evidence; not an instruction or authorization for new studies,"Recovery diagnostic; exact producer in retained attempt metadata where present, otherwise not established","Source AC interval/state, toy fixture, original solver/environment and recovery settings"
outputs/diagnostics/interval2448-YBoD5T/causal8/canonical-start.json,304455,f6c5cb97d6e8c37ec8f4809cc03059b7e5bfe3d05bbd1315b125c9c62e4b7cbe,diagnostics/interval2448-YBoD5T,analytical Case118 S4/S5; historical snapshots retain their own coverage,retain-archive,,Historical operational authority/diagnostic evidence; not an instruction or authorization for new studies,"Recovery diagnostic; exact producer in retained attempt metadata where present, otherwise not established","Source AC interval/state, toy fixture, original solver/environment and recovery settings"
outputs/diagnostics/interval2448-YBoD5T/causal8/phase.json,91,c28fcefecdf8c2547c91d80e07b6e55c045d0fd7ca47d8a3c9d01d7eb517834f,diagnostics/interval2448-YBoD5T,analytical Case118 S4/S5; historical snapshots retain their own coverage,retain-archive,,Historical operational authority/diagnostic evidence; not an instruction or authorization for new studies,"Recovery diagnostic; exact producer in retained attempt metadata where present, otherwise not established","Source AC interval/state, toy fixture, original solver/environment and recovery settings"
outputs/diagnostics/interval2448-YBoD5T/causal8/result.json,1121736,cd22e72e4956f4a5653da4de2688de6fb38b264b4449ad1ef87871fe1fa47f32,diagnostics/interval2448-YBoD5T,analytical Case118 S4/S5; historical snapshots retain their own coverage,retain-archive,,Historical operational authority/diagnostic evidence; not an instruction or authorization for new studies,"Recovery diagnostic; exact producer in retained attempt metadata where present, otherwise not established","Source AC interval/state, toy fixture, original solver/environment and recovery settings"
outputs/diagnostics/interval2448-YBoD5T/causal8/start.json,289893,e89a6a459b874b9bf23ccbbf50fba94f4c7d44f1e1e28373dcadd51d27e861bb,diagnostics/interval2448-YBoD5T,analytical Case118 S4/S5; historical snapshots retain their own coverage,retain-archive,,Historical operational authority/diagnostic evidence; not an instruction or authorization for new studies,"Recovery diagnostic; exact producer in retained attempt metadata where present, otherwise not established","Source AC interval/state, toy fixture, original solver/environment and recovery settings"
outputs/diagnostics/interval2448-YBoD5T/causal8/worker.log,291,50e103b24e73c51e6400e69004cf5e2d1a779ff9a2a7ae9773c8cc9524a672ce,diagnostics/interval2448-YBoD5T,analytical Case118 S4/S5; historical snapshots retain their own coverage,retain-archive,,Historical operational authority/diagnostic evidence; not an instruction or authorization for new studies,"Recovery diagnostic; exact producer in retained attempt metadata where present, otherwise not established","Source AC interval/state, toy fixture, original solver/environment and recovery settings"
outputs/diagnostics/interval2448-YBoD5T/checkpoint.json,40285,db8b80b6f46a3d05dc4c25a748780877df6cd7994c25dcbbb0f335ccdf5d81e1,diagnostics/interval2448-YBoD5T,analytical Case118 S4/S5; historical snapshots retain their own coverage,retain-archive,,Historical operational authority/diagnostic evidence; not an instruction or authorization for new studies,outputs/diagnostics/interval2448-YBoD5T/replay.py,"Source AC interval/state, toy fixture, original solver/environment and recovery settings"
outputs/diagnostics/interval2448-YBoD5T/diagnostic-plan.json,1891,ba8808df253a7c598add736719f32e9cfd697efa7934c1492b37051aa821a380,diagnostics/interval2448-YBoD5T,analytical Case118 S4/S5; historical snapshots retain their own coverage,retain-archive,,Historical operational authority/diagnostic evidence; not an instruction or authorization for new studies,outputs/diagnostics/interval2448-YBoD5T/replay.py,"Source AC interval/state, toy fixture, original solver/environment and recovery settings"
outputs/diagnostics/interval2448-YBoD5T/diagnostic-result.json,1682,539e214f58e0bb60cb67527243835e3a8aa483e85924839d604c8c1e02bc98ed,diagnostics/interval2448-YBoD5T,analytical Case118 S4/S5; historical snapshots retain their own coverage,retain-archive,,Historical operational authority/diagnostic evidence; not an instruction or authorization for new studies,outputs/diagnostics/interval2448-YBoD5T/replay.py,"Source AC interval/state, toy fixture, original solver/environment and recovery settings"
outputs/diagnostics/interval2448-YBoD5T/replay.py,9852,e191fe12d4a036c7652e864e5b3a976a5f7f87fd74311baf29267f2f6427698e,diagnostics/interval2448-YBoD5T,analytical Case118 S4/S5; historical snapshots retain their own coverage,retain-archive,,Historical operational authority/diagnostic evidence; not an instruction or authorization for new studies,outputs/diagnostics/interval2448-YBoD5T/replay.py (source code; not a generated result),"Imports, environment variables and input paths are specified in this source; see group disposition"
outputs/diagnostics/interval2448-YBoD5T/window-002447-6e7f6e6d311e6b2d.json.gz,315490,fd698afd85aa27cc64aae541d00bb444f508eddac3a794ad20bd556c92103455,diagnostics/interval2448-YBoD5T,analytical Case118 S4/S5; historical snapshots retain their own coverage,retain-archive,,Historical operational authority/diagnostic evidence; not an instruction or authorization for new studies,outputs/diagnostics/interval2448-YBoD5T/replay.py,"Source AC interval/state, toy fixture, original solver/environment and recovery settings"
outputs/diagnostics/interval2450-4PzFJ6/README.md,4342,bacc627505602ace5ee58dfce77c3ee4cf7e1321ce35062d303e04e37f0997ab,diagnostics/interval2450-4PzFJ6,analytical Case118 S4/S5; historical snapshots retain their own coverage,retain-archive,,Historical operational authority/diagnostic evidence; not an instruction or authorization for new studies,outputs/diagnostics/interval2450-4PzFJ6/replay.py,"Source AC interval/state, toy fixture, original solver/environment and recovery settings"
outputs/diagnostics/interval2450-4PzFJ6/causal6/canonical-start.json,305232,6870c2d81e0149641274a7b0f34895c9f50bbd3a5710f7aef9423099942fd486,diagnostics/interval2450-4PzFJ6,analytical Case118 S4/S5; historical snapshots retain their own coverage,retain-archive,,Historical operational authority/diagnostic evidence; not an instruction or authorization for new studies,"Recovery diagnostic; exact producer in retained attempt metadata where present, otherwise not established","Source AC interval/state, toy fixture, original solver/environment and recovery settings"
outputs/diagnostics/interval2450-4PzFJ6/causal6/phase.json,91,27329953c077f7ae155434c420f11eadfd8d789935b510d9c4c0463dd112249c,diagnostics/interval2450-4PzFJ6,analytical Case118 S4/S5; historical snapshots retain their own coverage,retain-archive,,Historical operational authority/diagnostic evidence; not an instruction or authorization for new studies,"Recovery diagnostic; exact producer in retained attempt metadata where present, otherwise not established","Source AC interval/state, toy fixture, original solver/environment and recovery settings"
outputs/diagnostics/interval2450-4PzFJ6/causal6/result.json,1126741,a443622a8de3d915bb20f762e958bf82003c6a6270eb55080fd168a22c48bb35,diagnostics/interval2450-4PzFJ6,analytical Case118 S4/S5; historical snapshots retain their own coverage,retain-archive,,Historical operational authority/diagnostic evidence; not an instruction or authorization for new studies,"Recovery diagnostic; exact producer in retained attempt metadata where present, otherwise not established","Source AC interval/state, toy fixture, original solver/environment and recovery settings"
outputs/diagnostics/interval2450-4PzFJ6/causal6/start.json,291109,d843b858ef3dab7740f7e5d26d27d82f2dac14eb228fdbb0f2dd81b2832c30b3,diagnostics/interval2450-4PzFJ6,analytical Case118 S4/S5; historical snapshots retain their own coverage,retain-archive,,Historical operational authority/diagnostic evidence; not an instruction or authorization for new studies,"Recovery diagnostic; exact producer in retained attempt metadata where present, otherwise not established","Source AC interval/state, toy fixture, original solver/environment and recovery settings"
outputs/diagnostics/interval2450-4PzFJ6/causal6/worker.log,0,e3b0c44298fc1c149afbf4c8996fb92427ae41e4649b934ca495991b7852b855,diagnostics/interval2450-4PzFJ6,analytical Case118 S4/S5; historical snapshots retain their own coverage,retain-archive,,Historical operational authority/diagnostic evidence; not an instruction or authorization for new studies,"Recovery diagnostic; exact producer in retained attempt metadata where present, otherwise not established","Source AC interval/state, toy fixture, original solver/environment and recovery settings"
outputs/diagnostics/interval2450-4PzFJ6/checkpoint.json,40620,231544bf73efe48b34e725a3d531db49e9dd1d4457a8dfef7d35010b2b905fe7,diagnostics/interval2450-4PzFJ6,analytical Case118 S4/S5; historical snapshots retain their own coverage,retain-archive,,Historical operational authority/diagnostic evidence; not an instruction or authorization for new studies,outputs/diagnostics/interval2450-4PzFJ6/replay.py,"Source AC interval/state, toy fixture, original solver/environment and recovery settings"
outputs/diagnostics/interval2450-4PzFJ6/diagnostic-plan.json,1891,f21a1de196275a8de8985b66ad4e0fc0c31ec9a57c23e09dffea4c6af7d01332,diagnostics/interval2450-4PzFJ6,analytical Case118 S4/S5; historical snapshots retain their own coverage,retain-archive,,Historical operational authority/diagnostic evidence; not an instruction or authorization for new studies,outputs/diagnostics/interval2450-4PzFJ6/replay.py,"Source AC interval/state, toy fixture, original solver/environment and recovery settings"
outputs/diagnostics/interval2450-4PzFJ6/diagnostic-result.json,1314,364f50b69863620c2ceb99b19048aca36afd59508c68ed67d1801c73860c818a,diagnostics/interval2450-4PzFJ6,analytical Case118 S4/S5; historical snapshots retain their own coverage,retain-archive,,Historical operational authority/diagnostic evidence; not an instruction or authorization for new studies,outputs/diagnostics/interval2450-4PzFJ6/replay.py,"Source AC interval/state, toy fixture, original solver/environment and recovery settings"
outputs/diagnostics/interval2450-4PzFJ6/replay.py,9778,72cf85867a84d520ae879417f2e403dfd89485cbd32ff4450a17ece44c0ec1cd,diagnostics/interval2450-4PzFJ6,analytical Case118 S4/S5; historical snapshots retain their own coverage,retain-archive,,Historical operational authority/diagnostic evidence; not an instruction or authorization for new studies,outputs/diagnostics/interval2450-4PzFJ6/replay.py (source code; not a generated result),"Imports, environment variables and input paths are specified in this source; see group disposition"
outputs/diagnostics/interval2450-4PzFJ6/window-002449-2feb244c3b91d190.json.gz,692366,f7cb58ebfbafdfc245feb9d3d4c6f4c3adea23441fe8cfdd8285beda6664d4f2,diagnostics/interval2450-4PzFJ6,analytical Case118 S4/S5; historical snapshots retain their own coverage,retain-archive,,Historical operational authority/diagnostic evidence; not an instruction or authorization for new studies,outputs/diagnostics/interval2450-4PzFJ6/replay.py,"Source AC interval/state, toy fixture, original solver/environment and recovery settings"
outputs/diagnostics/interval6122-target-free-4wu98P/checkpoint-before.json,27926,f86389759bc502cb8d8cfe24e527c95f7a70a11d230e5deb77d918c5a049a213,diagnostics/interval6122-target-free-4wu98P,analytical Case118 S4/S5; historical snapshots retain their own coverage,retain-archive,,Historical operational authority/diagnostic evidence; not an instruction or authorization for new studies,"Recovery diagnostic; exact producer in retained attempt metadata where present, otherwise not established","Source AC interval/state, toy fixture, original solver/environment and recovery settings"
outputs/diagnostics/interval6122-target-free-4wu98P/copied-target-free/phase.json,383,37dd7251a30878eda865492d108b9988e8af522dae6d017430265e72c65dd32c,diagnostics/interval6122-target-free-4wu98P,analytical Case118 S4/S5; historical snapshots retain their own coverage,retain-archive,,Historical operational authority/diagnostic evidence; not an instruction or authorization for new studies,"Recovery diagnostic; exact producer in retained attempt metadata where present, otherwise not established","Source AC interval/state, toy fixture, original solver/environment and recovery settings"
outputs/diagnostics/interval6122-target-free-4wu98P/copied-target-free/request.json,140131,905493b9771a6bd25dd1286cae145d256173f8775c92036ae328087bbaa2555d,diagnostics/interval6122-target-free-4wu98P,analytical Case118 S4/S5; historical snapshots retain their own coverage,retain-archive,,Historical operational authority/diagnostic evidence; not an instruction or authorization for new studies,"Recovery diagnostic; exact producer in retained attempt metadata where present, otherwise not established","Source AC interval/state, toy fixture, original solver/environment and recovery settings"
outputs/diagnostics/interval6122-target-free-4wu98P/copied-target-free/result.json,1052697,c31acf00cd04b085515c81d8ece87091e4aca21dc7f43493a6a16fc7d131271b,diagnostics/interval6122-target-free-4wu98P,analytical Case118 S4/S5; historical snapshots retain their own coverage,retain-archive,,Historical operational authority/diagnostic evidence; not an instruction or authorization for new studies,"Recovery diagnostic; exact producer in retained attempt metadata where present, otherwise not established","Source AC interval/state, toy fixture, original solver/environment and recovery settings"
outputs/diagnostics/interval6122-target-free-4wu98P/copied-target-free/start.json,711797,589d0109e83bf3adb720e567c58856234cb97bcebcdc9da4d417db5b042396ea,diagnostics/interval6122-target-free-4wu98P,analytical Case118 S4/S5; historical snapshots retain their own coverage,retain-archive,,Historical operational authority/diagnostic evidence; not an instruction or authorization for new studies,"Recovery diagnostic; exact producer in retained attempt metadata where present, otherwise not established","Source AC interval/state, toy fixture, original solver/environment and recovery settings"
outputs/diagnostics/interval6122-target-free-4wu98P/diagnostic-plan.json,1980,eb9be0283623d7c668ba369958892cae3f05bb5b8260d18bba421e2910ce056b,diagnostics/interval6122-target-free-4wu98P,analytical Case118 S4/S5; historical snapshots retain their own coverage,retain-archive,,Historical operational authority/diagnostic evidence; not an instruction or authorization for new studies,"Recovery diagnostic; exact producer in retained attempt metadata where present, otherwise not established","Source AC interval/state, toy fixture, original solver/environment and recovery settings"
outputs/diagnostics/interval6122-target-free-4wu98P/diagnostic-result.json,2756,ed2f9f4c70a856c58736ba8b360e62bb7272a69c1df03084a5c5e91c55bc66d7,diagnostics/interval6122-target-free-4wu98P,analytical Case118 S4/S5; historical snapshots retain their own coverage,retain-archive,,Historical operational authority/diagnostic evidence; not an instruction or authorization for new studies,"Recovery diagnostic; exact producer in retained attempt metadata where present, otherwise not established","Source AC interval/state, toy fixture, original solver/environment and recovery settings"
outputs/diagnostics/interval6122-target-free-4wu98P/execution-authority.json,1039,07d94696f90317fbd3aceea567dd4d3c8d4ccc28e62a758036111c7cff8889db,diagnostics/interval6122-target-free-4wu98P,analytical Case118 S4/S5; historical snapshots retain their own coverage,retain-archive,,Historical operational authority/diagnostic evidence; not an instruction or authorization for new studies,"Recovery diagnostic; exact producer in retained attempt metadata where present, otherwise not established","Source AC interval/state, toy fixture, original solver/environment and recovery settings"
outputs/diagnostics/interval6122-target-free-4wu98P/perturbed-target-free-0001/request.json,140131,0fd4007768a9caba1f47b35658fb9e7a3cb9ebbcf9b12574f11e8e536182a7ef,diagnostics/interval6122-target-free-4wu98P,analytical Case118 S4/S5; historical snapshots retain their own coverage,retain-archive,,Historical operational authority/diagnostic evidence; not an instruction or authorization for new studies,"Recovery diagnostic; exact producer in retained attempt metadata where present, otherwise not established","Source AC interval/state, toy fixture, original solver/environment and recovery settings"
outputs/diagnostics/interval6122-target-free-4wu98P/perturbed-target-free-001/request.json,140131,b22caa201e26bab1b47a1b875059ec94167cb9c529b9f4c7e5feda43f8577503,diagnostics/interval6122-target-free-4wu98P,analytical Case118 S4/S5; historical snapshots retain their own coverage,retain-archive,,Historical operational authority/diagnostic evidence; not an instruction or authorization for new studies,"Recovery diagnostic; exact producer in retained attempt metadata where present, otherwise not established","Source AC interval/state, toy fixture, original solver/environment and recovery settings"
outputs/diagnostics/interval6122-target-free-4wu98P/perturbed-target-free-01/request.json,140131,bca1eac5a70c0c0a743a96a94487937bd72de5ed960725bcfdbbce8489ecc242,diagnostics/interval6122-target-free-4wu98P,analytical Case118 S4/S5; historical snapshots retain their own coverage,retain-archive,,Historical operational authority/diagnostic evidence; not an instruction or authorization for new studies,"Recovery diagnostic; exact producer in retained attempt metadata where present, otherwise not established","Source AC interval/state, toy fixture, original solver/environment and recovery settings"
outputs/diagnostics/interval6122-target-free-4wu98P/phase.json,381,7722d2cbbec1706f91911cba702e8bf5895e7874ce2712056a8bbf8df0dd5b68,diagnostics/interval6122-target-free-4wu98P,analytical Case118 S4/S5; historical snapshots retain their own coverage,retain-archive,,Historical operational authority/diagnostic evidence; not an instruction or authorization for new studies,"Recovery diagnostic; exact producer in retained attempt metadata where present, otherwise not established","Source AC interval/state, toy fixture, original solver/environment and recovery settings"
outputs/diagnostics/interval6122-target-free-4wu98P/request.json,140053,1366e2da3e06c9bbe893676e2d17f5641da7e830d2aaff5ccd37abe910a276a2,diagnostics/interval6122-target-free-4wu98P,analytical Case118 S4/S5; historical snapshots retain their own coverage,retain-archive,,Historical operational authority/diagnostic evidence; not an instruction or authorization for new studies,"Recovery diagnostic; exact producer in retained attempt metadata where present, otherwise not established","Source AC interval/state, toy fixture, original solver/environment and recovery settings"
outputs/diagnostics/interval6122-target-free-4wu98P/result.json,1047583,64d6d50ac512d70d0f2828eeb00650e54ee2e60bd33064505fe6de0c9f52ea2f,diagnostics/interval6122-target-free-4wu98P,analytical Case118 S4/S5; historical snapshots retain their own coverage,retain-archive,,Historical operational authority/diagnostic evidence; not an instruction or authorization for new studies,"Recovery diagnostic; exact producer in retained attempt metadata where present, otherwise not established","Source AC interval/state, toy fixture, original solver/environment and recovery settings"
outputs/diagnostics/interval6122-target-free-4wu98P/start.json,707749,c51483e0ae4fcacafd474657025495b987683bfaced0be45da2f5fc766edb32f,diagnostics/interval6122-target-free-4wu98P,analytical Case118 S4/S5; historical snapshots retain their own coverage,retain-archive,,Historical operational authority/diagnostic evidence; not an instruction or authorization for new studies,"Recovery diagnostic; exact producer in retained attempt metadata where present, otherwise not established","Source AC interval/state, toy fixture, original solver/environment and recovery settings"
outputs/diagnostics/interval6122-target-free-4wu98P/window-006121-speculative.json.gz,299009,01b7a099cd0aeb24cda87c26864121b4320e56710dcf7b2829d17d4fa76080e8,diagnostics/interval6122-target-free-4wu98P,analytical Case118 S4/S5; historical snapshots retain their own coverage,retain-archive,,Historical operational authority/diagnostic evidence; not an instruction or authorization for new studies,"Recovery diagnostic; exact producer in retained attempt metadata where present, otherwise not established","Source AC interval/state, toy fixture, original solver/environment and recovery settings"
outputs/s5_analysis/DASHBOARD_README.md,3517,7d36f5ce1ebb3b035ae357a630d67e28b1a98a39a7da907833e43e7cef29675e,s5_analysis/DASHBOARD_README.md,analytical Case118 S4/S5; historical snapshots retain their own coverage,retain-historical,,"Interim diagnostic/plot/code or superseded exploratory output; preserve originals, use selected final evidence and reviewed tools","Nearby candidate producer(s), exact invocation not established: outputs/s5_analysis/analyze_dispatch_changes.py; outputs/s5_analysis/analyze_stress_correlations.py; outputs/s5_analysis/dashboard_stress.py; outputs/s5_analysis/dashboard_support.py; outputs/s5_analysis/plot_histograms_645.py; outputs/s5_analysis/plot_histograms_current.py; outputs/s5_analysis/plot_parallel_throughput.py; outputs/s5_analysis/plot_runtime_by_interval_1103.py; outputs/s5_analysis/plot_runtime_wallclock_1103.py; outputs/s5_analysis/plot_runtime_wallclock_current.py; outputs/s5_analysis/plot_since_computer_restart.py; outputs/s5_analysis/render_dispatch_changes.py; outputs/s5_analysis/render_dispatch_heatmaps.py; outputs/s5_analysis/render_timing_snapshot.py; outputs/s5_analysis/s5_dashboard.py; outputs/s5_analysis/test_dashboard_support.py; outputs/s5_analysis/update_wallclock_policy.py",Original source paths in scripts and retained artifact metadata; plotting environment
outputs/s5_analysis/__marimo__/session/s5_dashboard.py.json,1710056,,s5_analysis/__marimo__,not scientific evidence,temporary,,Interpreter/UI cache or OS metadata; no scientific authority,Python/marimo cache or OS,None; disposable cache/metadata
outputs/s5_analysis/__pycache__/analyze_dispatch_changes.cpython-311.pyc,18457,,s5_analysis/__pycache__,not scientific evidence,temporary,,Interpreter/UI cache or OS metadata; no scientific authority,Python/marimo cache or OS,None; disposable cache/metadata
outputs/s5_analysis/__pycache__/analyze_stress_correlations.cpython-311.pyc,21305,,s5_analysis/__pycache__,not scientific evidence,temporary,,Interpreter/UI cache or OS metadata; no scientific authority,Python/marimo cache or OS,None; disposable cache/metadata
outputs/s5_analysis/__pycache__/dashboard_stress.cpython-311.pyc,13724,,s5_analysis/__pycache__,not scientific evidence,temporary,,Interpreter/UI cache or OS metadata; no scientific authority,Python/marimo cache or OS,None; disposable cache/metadata
outputs/s5_analysis/__pycache__/dashboard_support.cpython-311.pyc,17815,,s5_analysis/__pycache__,not scientific evidence,temporary,,Interpreter/UI cache or OS metadata; no scientific authority,Python/marimo cache or OS,None; disposable cache/metadata
outputs/s5_analysis/__pycache__/dashboard_support.cpython-313.pyc,14891,,s5_analysis/__pycache__,not scientific evidence,temporary,,Interpreter/UI cache or OS metadata; no scientific authority,Python/marimo cache or OS,None; disposable cache/metadata
outputs/s5_analysis/__pycache__/render_dispatch_changes.cpython-311.pyc,8976,,s5_analysis/__pycache__,not scientific evidence,temporary,,Interpreter/UI cache or OS metadata; no scientific authority,Python/marimo cache or OS,None; disposable cache/metadata
outputs/s5_analysis/__pycache__/test_dashboard_support.cpython-311.pyc,10919,,s5_analysis/__pycache__,not scientific evidence,temporary,,Interpreter/UI cache or OS metadata; no scientific authority,Python/marimo cache or OS,None; disposable cache/metadata
outputs/s5_analysis/analyze_dispatch_changes.py,9287,37826eddafa5265db70fb00b590dd0596baca2854fd21e1392a2da55fbc473ef,s5_analysis/analyze_dispatch_changes.py,analytical Case118 S4/S5; historical snapshots retain their own coverage,promote,experiments/case118_annual_hierarchy/analysis/analyze_dispatch_changes.py,"Selected code, final evidence, or documented run provenance",outputs/s5_analysis/analyze_dispatch_changes.py (source code; not a generated result),"Imports, environment variables and input paths are specified in this source; see group disposition"
outputs/s5_analysis/analyze_stress_correlations.py,11359,e906c30388aa8a6e2d8d4f172c33e7284ed536544512cf68a824ec9a926bd678,s5_analysis/analyze_stress_correlations.py,analytical Case118 S4/S5; historical snapshots retain their own coverage,promote,experiments/case118_annual_hierarchy/analysis/analyze_stress_correlations.py,"Selected code, final evidence, or documented run provenance",outputs/s5_analysis/analyze_stress_correlations.py (source code; not a generated result),"Imports, environment variables and input paths are specified in this source; see group disposition"
outputs/s5_analysis/assets/laptop_cooling_fan.jpg,79884,0ccbe47a58973c941f53dbdc795c2bdbcc4c4bc6e1da87eca1cfab16d6025db6,s5_analysis/assets,analytical Case118 S4/S5; historical snapshots retain their own coverage,retain-supplementary,,Operator illustration; intervention timing retained separately; not needed for analysis,Exact producing invocation not established; retain historical/unverified rather than promote as authority,Original metadata and named source paths where present; see group disposition
outputs/s5_analysis/closeout-analysis-20260917T211006Z/completion.json,269,4680184ef28aef5f87b91051cbb2baec80257f559461c14bd39dde8c6cbaeac5,s5_analysis/closeout-analysis-20260917T211006Z,analytical Case118 S4/S5; historical snapshots retain their own coverage,promote,experiments/case118_annual_hierarchy/analysis/artifacts/analysis-startup-failure/completion.json,"Selected code, final evidence, or documented run provenance",outputs/s5_analysis/closeout-analysis-20260917T211006Z/supervise.py; invokes experiments/case118_annual_hierarchy/s5_analysis.py,Original S4/S5 archive; run.json identifies command and completion.json outcome
outputs/s5_analysis/closeout-analysis-20260917T211006Z/monitor-error.log,1038,6467531c31af2510d00abf3252cb85f9e0bb84eecd61714983b3cbea00ae3302,s5_analysis/closeout-analysis-20260917T211006Z,analytical Case118 S4/S5; historical snapshots retain their own coverage,promote,experiments/case118_annual_hierarchy/analysis/artifacts/analysis-startup-failure/monitor-error.txt,"Selected code, final evidence, or documented run provenance",outputs/s5_analysis/closeout-analysis-20260917T211006Z/supervise.py; invokes experiments/case118_annual_hierarchy/s5_analysis.py,Original S4/S5 archive; run.json identifies command and completion.json outcome
outputs/s5_analysis/closeout-analysis-20260917T211006Z/monitor.log,1508,f3e9864e9e21c22b3984d533fec1ec3afcd8c4ffd181f2353f7074a5f344fc22,s5_analysis/closeout-analysis-20260917T211006Z,analytical Case118 S4/S5; historical snapshots retain their own coverage,promote,experiments/case118_annual_hierarchy/analysis/artifacts/analysis-startup-failure/monitor.txt,"Selected code, final evidence, or documented run provenance",outputs/s5_analysis/closeout-analysis-20260917T211006Z/supervise.py; invokes experiments/case118_annual_hierarchy/s5_analysis.py,Original S4/S5 archive; run.json identifies command and completion.json outcome
outputs/s5_analysis/closeout-analysis-20260917T211006Z/resources.jsonl,0,e3b0c44298fc1c149afbf4c8996fb92427ae41e4649b934ca495991b7852b855,s5_analysis/closeout-analysis-20260917T211006Z,analytical Case118 S4/S5; historical snapshots retain their own coverage,promote,experiments/case118_annual_hierarchy/analysis/artifacts/analysis-startup-failure/resources.jsonl,"Selected code, final evidence, or documented run provenance",outputs/s5_analysis/closeout-analysis-20260917T211006Z/supervise.py; invokes experiments/case118_annual_hierarchy/s5_analysis.py,Original S4/S5 archive; run.json identifies command and completion.json outcome
outputs/s5_analysis/closeout-analysis-20260917T211006Z/run.json,753,ee7b1d3af0926cabb84bc565c8d80572f4a70524c021079fc4c5807960f6ef8d,s5_analysis/closeout-analysis-20260917T211006Z,analytical Case118 S4/S5; historical snapshots retain their own coverage,promote,experiments/case118_annual_hierarchy/analysis/artifacts/analysis-startup-failure/run.json,"Selected code, final evidence, or documented run provenance",outputs/s5_analysis/closeout-analysis-20260917T211006Z/supervise.py; invokes experiments/case118_annual_hierarchy/s5_analysis.py,Original S4/S5 archive; run.json identifies command and completion.json outcome
outputs/s5_analysis/closeout-analysis-20260917T211006Z/stderr.log,0,e3b0c44298fc1c149afbf4c8996fb92427ae41e4649b934ca495991b7852b855,s5_analysis/closeout-analysis-20260917T211006Z,analytical Case118 S4/S5; historical snapshots retain their own coverage,promote,experiments/case118_annual_hierarchy/analysis/artifacts/analysis-startup-failure/stderr.txt,"Selected code, final evidence, or documented run provenance",outputs/s5_analysis/closeout-analysis-20260917T211006Z/supervise.py; invokes experiments/case118_annual_hierarchy/s5_analysis.py,Original S4/S5 archive; run.json identifies command and completion.json outcome
outputs/s5_analysis/closeout-analysis-20260917T211006Z/stdout.json,0,e3b0c44298fc1c149afbf4c8996fb92427ae41e4649b934ca495991b7852b855,s5_analysis/closeout-analysis-20260917T211006Z,analytical Case118 S4/S5; historical snapshots retain their own coverage,retain-archive,,"Duplicate printed result, sample/status view, or report; completion and resources promoted",outputs/s5_analysis/closeout-analysis-20260917T211006Z/supervise.py; invokes experiments/case118_annual_hierarchy/s5_analysis.py,Original S4/S5 archive; run.json identifies command and completion.json outcome
outputs/s5_analysis/closeout-analysis-20260917T211006Z/supervise.py,3982,50ac911346b72ce771d91158d8a30dc521df34bca986d9e06ee476a1f84703b7,s5_analysis/closeout-analysis-20260917T211006Z,analytical Case118 S4/S5; historical snapshots retain their own coverage,promote,experiments/case118_annual_hierarchy/analysis/artifacts/analysis-startup-failure/supervise.py.txt,"Selected code, final evidence, or documented run provenance",outputs/s5_analysis/closeout-analysis-20260917T211006Z/supervise.py (source code; not a generated result),"Imports, environment variables and input paths are specified in this source; see group disposition"
outputs/s5_analysis/closeout-analysis-20260917T211119Z/S5_PROTOCOL_at_analysis_reconstructed.md,15630,fbefdbe593060652ba732e42bb95046fbb96992f026fde2dd2fc5ba7411ae104,s5_analysis/closeout-analysis-20260917T211119Z,analytical Case118 S4/S5; historical snapshots retain their own coverage,promote,experiments/case118_annual_hierarchy/analysis/artifacts/analysis-completed/S5_PROTOCOL_at_analysis_reconstructed.md,"Selected code, final evidence, or documented run provenance",outputs/s5_analysis/closeout-analysis-20260917T211119Z/supervise.py; invokes experiments/case118_annual_hierarchy/s5_analysis.py,Original S4/S5 archive; run.json identifies command and completion.json outcome
outputs/s5_analysis/closeout-analysis-20260917T211119Z/completion-report.txt,1640,85e9a6fecd15505bdcea3dffbb7639ef766627f6db0d983d5e78e40f181df6d8,s5_analysis/closeout-analysis-20260917T211119Z,analytical Case118 S4/S5; historical snapshots retain their own coverage,retain-archive,,"Duplicate printed result, sample/status view, or report; completion and resources promoted",outputs/s5_analysis/closeout-analysis-20260917T211119Z/supervise.py; invokes experiments/case118_annual_hierarchy/s5_analysis.py,Original S4/S5 archive; run.json identifies command and completion.json outcome
outputs/s5_analysis/closeout-analysis-20260917T211119Z/completion.json,389,670dbbf180a02767228287558e45f5112246de9375142f2f9cb8f7c58174fe8e,s5_analysis/closeout-analysis-20260917T211119Z,analytical Case118 S4/S5; historical snapshots retain their own coverage,promote,experiments/case118_annual_hierarchy/analysis/artifacts/analysis-completed/completion.json,"Selected code, final evidence, or documented run provenance",outputs/s5_analysis/closeout-analysis-20260917T211119Z/supervise.py; invokes experiments/case118_annual_hierarchy/s5_analysis.py,Original S4/S5 archive; run.json identifies command and completion.json outcome
outputs/s5_analysis/closeout-analysis-20260917T211119Z/initial-report.txt,1710,1ac855d2aa514e19267f62357518defda88ca25438512a71f458d4f7bf64a113,s5_analysis/closeout-analysis-20260917T211119Z,analytical Case118 S4/S5; historical snapshots retain their own coverage,retain-archive,,"Duplicate printed result, sample/status view, or report; completion and resources promoted",outputs/s5_analysis/closeout-analysis-20260917T211119Z/supervise.py; invokes experiments/case118_annual_hierarchy/s5_analysis.py,Original S4/S5 archive; run.json identifies command and completion.json outcome
outputs/s5_analysis/closeout-analysis-20260917T211119Z/monitor.log,0,e3b0c44298fc1c149afbf4c8996fb92427ae41e4649b934ca495991b7852b855,s5_analysis/closeout-analysis-20260917T211119Z,analytical Case118 S4/S5; historical snapshots retain their own coverage,promote,experiments/case118_annual_hierarchy/analysis/artifacts/analysis-completed/monitor.txt,"Selected code, final evidence, or documented run provenance",outputs/s5_analysis/closeout-analysis-20260917T211119Z/supervise.py; invokes experiments/case118_annual_hierarchy/s5_analysis.py,Original S4/S5 archive; run.json identifies command and completion.json outcome
outputs/s5_analysis/closeout-analysis-20260917T211119Z/resources.jsonl,97157,d53b61aff67629197ad3503273b6a8617836bf295079977a838b68fe96a21a88,s5_analysis/closeout-analysis-20260917T211119Z,analytical Case118 S4/S5; historical snapshots retain their own coverage,promote,experiments/case118_annual_hierarchy/analysis/artifacts/analysis-completed/resources.jsonl,"Selected code, final evidence, or documented run provenance",outputs/s5_analysis/closeout-analysis-20260917T211119Z/supervise.py; invokes experiments/case118_annual_hierarchy/s5_analysis.py,Original S4/S5 archive; run.json identifies command and completion.json outcome
outputs/s5_analysis/closeout-analysis-20260917T211119Z/run.json,753,9cfe04b6227f7507b27c3776bc243ce65c2d1d1f345de619e2005a94edea020a,s5_analysis/closeout-analysis-20260917T211119Z,analytical Case118 S4/S5; historical snapshots retain their own coverage,promote,experiments/case118_annual_hierarchy/analysis/artifacts/analysis-completed/run.json,"Selected code, final evidence, or documented run provenance",outputs/s5_analysis/closeout-analysis-20260917T211119Z/supervise.py; invokes experiments/case118_annual_hierarchy/s5_analysis.py,Original S4/S5 archive; run.json identifies command and completion.json outcome
outputs/s5_analysis/closeout-analysis-20260917T211119Z/status.json,172,121ca24db4d719b410f1bb36ab42b7fc05cc951f7a76137a7758c71494901ca2,s5_analysis/closeout-analysis-20260917T211119Z,analytical Case118 S4/S5; historical snapshots retain their own coverage,retain-archive,,"Duplicate printed result, sample/status view, or report; completion and resources promoted",outputs/s5_analysis/closeout-analysis-20260917T211119Z/supervise.py; invokes experiments/case118_annual_hierarchy/s5_analysis.py,Original S4/S5 archive; run.json identifies command and completion.json outcome
outputs/s5_analysis/closeout-analysis-20260917T211119Z/stderr.log,0,e3b0c44298fc1c149afbf4c8996fb92427ae41e4649b934ca495991b7852b855,s5_analysis/closeout-analysis-20260917T211119Z,analytical Case118 S4/S5; historical snapshots retain their own coverage,promote,experiments/case118_annual_hierarchy/analysis/artifacts/analysis-completed/stderr.txt,"Selected code, final evidence, or documented run provenance",outputs/s5_analysis/closeout-analysis-20260917T211119Z/supervise.py; invokes experiments/case118_annual_hierarchy/s5_analysis.py,Original S4/S5 archive; run.json identifies command and completion.json outcome
outputs/s5_analysis/closeout-analysis-20260917T211119Z/stdout.json,44711,8ed9d782902c47f31003ce30a5fdf9e32abc8267c01b8e0d575219a9ef31c6f5,s5_analysis/closeout-analysis-20260917T211119Z,analytical Case118 S4/S5; historical snapshots retain their own coverage,retain-archive,,"Duplicate printed result, sample/status view, or report; completion and resources promoted",outputs/s5_analysis/closeout-analysis-20260917T211119Z/supervise.py; invokes experiments/case118_annual_hierarchy/s5_analysis.py,Original S4/S5 archive; run.json identifies command and completion.json outcome
outputs/s5_analysis/closeout-analysis-20260917T211119Z/supervise.py,4085,4b0d23aa22f50b1c05b76fb45830caa284132c3dc75bb40fbc33818bf02326a5,s5_analysis/closeout-analysis-20260917T211119Z,analytical Case118 S4/S5; historical snapshots retain their own coverage,promote,experiments/case118_annual_hierarchy/analysis/artifacts/analysis-completed/supervise.py.txt,"Selected code, final evidence, or documented run provenance",outputs/s5_analysis/closeout-analysis-20260917T211119Z/supervise.py (source code; not a generated result),"Imports, environment variables and input paths are specified in this source; see group disposition"
outputs/s5_analysis/completed-analysis-summary.json,4445,d3d353fc066baca266cc7ac7e2ad352c7e4bd8f213f498933cef4f5e60c4252c,s5_analysis/completed-analysis-summary.json,analytical Case118 S4/S5; historical snapshots retain their own coverage,already-preserved,experiments/case118_annual_hierarchy/s5_closeout/prior_analysis_summary.json,Exact copy in s5_closeout/prior_analysis_summary.json; complete result is S5_RESULTS.json,"Nearby candidate producer(s), exact invocation not established: outputs/s5_analysis/analyze_dispatch_changes.py; outputs/s5_analysis/analyze_stress_correlations.py; outputs/s5_analysis/dashboard_stress.py; outputs/s5_analysis/dashboard_support.py; outputs/s5_analysis/plot_histograms_645.py; outputs/s5_analysis/plot_histograms_current.py; outputs/s5_analysis/plot_parallel_throughput.py; outputs/s5_analysis/plot_runtime_by_interval_1103.py; outputs/s5_analysis/plot_runtime_wallclock_1103.py; outputs/s5_analysis/plot_runtime_wallclock_current.py; outputs/s5_analysis/plot_since_computer_restart.py; outputs/s5_analysis/render_dispatch_changes.py; outputs/s5_analysis/render_dispatch_heatmaps.py; outputs/s5_analysis/render_timing_snapshot.py; outputs/s5_analysis/s5_dashboard.py; outputs/s5_analysis/test_dashboard_support.py; outputs/s5_analysis/update_wallclock_policy.py",Original source paths in scripts and retained artifact metadata; plotting environment
outputs/s5_analysis/dashboard_snapshots/20260915T235650.548243Z/assets/completion_full.pdf,44650,e60656986ff5b54d07b781e181e9c4ede1c349f067ad7ce8cec06beada30b7a3,s5_analysis/dashboard_snapshots,analytical Case118 S4/S5; historical snapshots retain their own coverage,retain-archive,,Historical snapshot or supporting detail; final selected views are promoted explicitly,outputs/s5_analysis/dashboard_support.py: refresh_snapshot; snapshot dashboard.json records code hashes,Same snapshot tables/events for rendering; original S4/S5 archive for raw recollection
outputs/s5_analysis/dashboard_snapshots/20260915T235650.548243Z/assets/completion_full.png,107087,f07824fcf761769519b0c4d02fb719d25583a65e7f80ce66125f5213ea85b0e5,s5_analysis/dashboard_snapshots,analytical Case118 S4/S5; historical snapshots retain their own coverage,retain-archive,,Historical snapshot or supporting detail; final selected views are promoted explicitly,outputs/s5_analysis/dashboard_support.py: refresh_snapshot; snapshot dashboard.json records code hashes,Same snapshot tables/events for rendering; original S4/S5 archive for raw recollection
outputs/s5_analysis/dashboard_snapshots/20260915T235650.548243Z/assets/completion_zoom.pdf,47415,56c2b2122ca7a8a4655608b7932e19b065c5287e5179ed5a2f82d94b543fee38,s5_analysis/dashboard_snapshots,analytical Case118 S4/S5; historical snapshots retain their own coverage,retain-archive,,Historical snapshot or supporting detail; final selected views are promoted explicitly,outputs/s5_analysis/dashboard_support.py: refresh_snapshot; snapshot dashboard.json records code hashes,Same snapshot tables/events for rendering; original S4/S5 archive for raw recollection
outputs/s5_analysis/dashboard_snapshots/20260915T235650.548243Z/assets/completion_zoom.png,116067,cb4bbaa6bac4d00e88d32b82e005c7efe398806bd42fab6cd6195c9f41b47e8a,s5_analysis/dashboard_snapshots,analytical Case118 S4/S5; historical snapshots retain their own coverage,retain-archive,,Historical snapshot or supporting detail; final selected views are promoted explicitly,outputs/s5_analysis/dashboard_support.py: refresh_snapshot; snapshot dashboard.json records code hashes,Same snapshot tables/events for rendering; original S4/S5 archive for raw recollection
outputs/s5_analysis/dashboard_snapshots/20260915T235650.548243Z/assets/old_periods.pdf,39654,f3bda2479de3fb988b87c304941b789dd6e1320c6d664d2648b3aa7420d35a25,s5_analysis/dashboard_snapshots,analytical Case118 S4/S5; historical snapshots retain their own coverage,retain-archive,,Historical snapshot or supporting detail; final selected views are promoted explicitly,outputs/s5_analysis/dashboard_support.py: refresh_snapshot; snapshot dashboard.json records code hashes,Same snapshot tables/events for rendering; original S4/S5 archive for raw recollection
outputs/s5_analysis/dashboard_snapshots/20260915T235650.548243Z/assets/parallel_throughput.pdf,61021,6c5341e661f1a2c1f973537ebb87e3b00241995fb55effa605278d9abbde0cde,s5_analysis/dashboard_snapshots,analytical Case118 S4/S5; historical snapshots retain their own coverage,retain-archive,,Historical snapshot or supporting detail; final selected views are promoted explicitly,outputs/s5_analysis/dashboard_support.py: refresh_snapshot; snapshot dashboard.json records code hashes,Same snapshot tables/events for rendering; original S4/S5 archive for raw recollection
outputs/s5_analysis/dashboard_snapshots/20260915T235650.548243Z/assets/parallel_throughput.png,104267,1669cfa6c2eca9b521d9d034c694583541c46696d1538292476a0f4a35eb4e3c,s5_analysis/dashboard_snapshots,analytical Case118 S4/S5; historical snapshots retain their own coverage,retain-archive,,Historical snapshot or supporting detail; final selected views are promoted explicitly,outputs/s5_analysis/dashboard_support.py: refresh_snapshot; snapshot dashboard.json records code hashes,Same snapshot tables/events for rendering; original S4/S5 archive for raw recollection
outputs/s5_analysis/dashboard_snapshots/20260915T235650.548243Z/assets/period_p95.pdf,27346,1028d74b7908aa054bf88bab296cf56394a1bdd981eacef687e1aceb01083c70,s5_analysis/dashboard_snapshots,analytical Case118 S4/S5; historical snapshots retain their own coverage,retain-archive,,Historical snapshot or supporting detail; final selected views are promoted explicitly,outputs/s5_analysis/dashboard_support.py: refresh_snapshot; snapshot dashboard.json records code hashes,Same snapshot tables/events for rendering; original S4/S5 archive for raw recollection
outputs/s5_analysis/dashboard_snapshots/20260915T235650.548243Z/assets/period_p95.png,143171,00a8430a7a72b0a93e5605523a5d7fed4259e52abfd54b0a955d3e2cab494d76,s5_analysis/dashboard_snapshots,analytical Case118 S4/S5; historical snapshots retain their own coverage,retain-archive,,Historical snapshot or supporting detail; final selected views are promoted explicitly,outputs/s5_analysis/dashboard_support.py: refresh_snapshot; snapshot dashboard.json records code hashes,Same snapshot tables/events for rendering; original S4/S5 archive for raw recollection
outputs/s5_analysis/dashboard_snapshots/20260915T235650.548243Z/assets/post_reboot_distribution.pdf,23910,12ad94d9e31090646567980ccf3e31dd8f9a9f62061a3d3655d654cdac3ece6f,s5_analysis/dashboard_snapshots,analytical Case118 S4/S5; historical snapshots retain their own coverage,retain-archive,,Historical snapshot or supporting detail; final selected views are promoted explicitly,outputs/s5_analysis/dashboard_support.py: refresh_snapshot; snapshot dashboard.json records code hashes,Same snapshot tables/events for rendering; original S4/S5 archive for raw recollection
outputs/s5_analysis/dashboard_snapshots/20260915T235650.548243Z/assets/post_reboot_distribution.png,100602,610d8236dd898d3d6d8a12f60b92d7839ddf4126097a35ee33b81f5f64d90fcd,s5_analysis/dashboard_snapshots,analytical Case118 S4/S5; historical snapshots retain their own coverage,retain-archive,,Historical snapshot or supporting detail; final selected views are promoted explicitly,outputs/s5_analysis/dashboard_support.py: refresh_snapshot; snapshot dashboard.json records code hashes,Same snapshot tables/events for rendering; original S4/S5 archive for raw recollection
outputs/s5_analysis/dashboard_snapshots/20260915T235650.548243Z/assets/solve_times.pdf,66192,21216c7fdbb757f18b3f92b6970cab7d75b49d79e7f7cef8e1a78532b7f3c75b,s5_analysis/dashboard_snapshots,analytical Case118 S4/S5; historical snapshots retain their own coverage,retain-archive,,Historical snapshot or supporting detail; final selected views are promoted explicitly,outputs/s5_analysis/dashboard_support.py: refresh_snapshot; snapshot dashboard.json records code hashes,Same snapshot tables/events for rendering; original S4/S5 archive for raw recollection
outputs/s5_analysis/dashboard_snapshots/20260915T235650.548243Z/assets/solve_times.png,250986,7f31196d095dc046beee39b2e516f09b6e26ea91ddb3c60212830ae9f4b7e409,s5_analysis/dashboard_snapshots,analytical Case118 S4/S5; historical snapshots retain their own coverage,retain-archive,,Historical snapshot or supporting detail; final selected views are promoted explicitly,outputs/s5_analysis/dashboard_support.py: refresh_snapshot; snapshot dashboard.json records code hashes,Same snapshot tables/events for rendering; original S4/S5 archive for raw recollection
outputs/s5_analysis/dashboard_snapshots/20260915T235650.548243Z/completion/band_metadata.json,370,5d7939e43975f32a3b84615867fabf7e936d5e46677b9a05ce6f47cb9e49aa9a,s5_analysis/dashboard_snapshots,analytical Case118 S4/S5; historical snapshots retain their own coverage,retain-archive,,Historical snapshot or supporting detail; final selected views are promoted explicitly,outputs/s5_analysis/dashboard_support.py: refresh_snapshot; snapshot dashboard.json records code hashes,Same snapshot tables/events for rendering; original S4/S5 archive for raw recollection
outputs/s5_analysis/dashboard_snapshots/20260915T235650.548243Z/completion/checkpoint_snapshot.json,1090596,7560381c2971b989eb7a7f248471dd6352198c1a42a73be1d587b9d484a69b46,s5_analysis/dashboard_snapshots,analytical Case118 S4/S5; historical snapshots retain their own coverage,retain-archive,,Historical snapshot or supporting detail; final selected views are promoted explicitly,outputs/s5_analysis/dashboard_support.py: refresh_snapshot; snapshot dashboard.json records code hashes,Same snapshot tables/events for rendering; original S4/S5 archive for raw recollection
outputs/s5_analysis/dashboard_snapshots/20260915T235650.548243Z/completion/completion.csv,1784455,972eb2e3da57a50f0d67ee492ae9c180058d9ec1e2c84f4d468e61f81492f1b7,s5_analysis/dashboard_snapshots,analytical Case118 S4/S5; historical snapshots retain their own coverage,retain-archive,,Historical snapshot or supporting detail; final selected views are promoted explicitly,outputs/s5_analysis/dashboard_support.py: refresh_snapshot; snapshot dashboard.json records code hashes,Same snapshot tables/events for rendering; original S4/S5 archive for raw recollection
outputs/s5_analysis/dashboard_snapshots/20260915T235650.548243Z/completion/completion_walltime.pdf,56037,a79b152be4179ade4f02bd3646d554c3d99208fb78fdbda57e7ec0c04fb51294,s5_analysis/dashboard_snapshots,analytical Case118 S4/S5; historical snapshots retain their own coverage,retain-archive,,Historical snapshot or supporting detail; final selected views are promoted explicitly,outputs/s5_analysis/dashboard_support.py: refresh_snapshot; snapshot dashboard.json records code hashes,Same snapshot tables/events for rendering; original S4/S5 archive for raw recollection
outputs/s5_analysis/dashboard_snapshots/20260915T235650.548243Z/completion/completion_walltime.png,131292,1ec2f2c2c84d27de9a08c6afa7b16b861ffb44a30cae2cade8b6712ee7665687,s5_analysis/dashboard_snapshots,analytical Case118 S4/S5; historical snapshots retain their own coverage,retain-archive,,Historical snapshot or supporting detail; final selected views are promoted explicitly,outputs/s5_analysis/dashboard_support.py: refresh_snapshot; snapshot dashboard.json records code hashes,Same snapshot tables/events for rendering; original S4/S5 archive for raw recollection
outputs/s5_analysis/dashboard_snapshots/20260915T235650.548243Z/completion/completion_walltime_band.pdf,56789,d9f281366b20e700a65880632210cc9c897e182865203a2ed48446acc87c9f16,s5_analysis/dashboard_snapshots,analytical Case118 S4/S5; historical snapshots retain their own coverage,retain-archive,,Historical snapshot or supporting detail; final selected views are promoted explicitly,outputs/s5_analysis/dashboard_support.py: refresh_snapshot; snapshot dashboard.json records code hashes,Same snapshot tables/events for rendering; original S4/S5 archive for raw recollection
outputs/s5_analysis/dashboard_snapshots/20260915T235650.548243Z/completion/completion_walltime_band.png,139875,3ca1f73b4f64e5e0023fd6f2864da884e966ba664e3522b9c3638b1abf81a5a4,s5_analysis/dashboard_snapshots,analytical Case118 S4/S5; historical snapshots retain their own coverage,retain-archive,,Historical snapshot or supporting detail; final selected views are promoted explicitly,outputs/s5_analysis/dashboard_support.py: refresh_snapshot; snapshot dashboard.json records code hashes,Same snapshot tables/events for rendering; original S4/S5 archive for raw recollection
outputs/s5_analysis/dashboard_snapshots/20260915T235650.548243Z/completion/summary.json,3667,9f8c24eb8f79ce8a6c5eceb2ce6c7b2bb20a5fe6cf377fff8f356a7f5789e355,s5_analysis/dashboard_snapshots,analytical Case118 S4/S5; historical snapshots retain their own coverage,retain-archive,,Historical snapshot or supporting detail; final selected views are promoted explicitly,outputs/s5_analysis/dashboard_support.py: refresh_snapshot; snapshot dashboard.json records code hashes,Same snapshot tables/events for rendering; original S4/S5 archive for raw recollection
outputs/s5_analysis/dashboard_snapshots/20260915T235650.548243Z/completion.log,1073,6179cea8010ca34720e672386df647582704c20e62c403b248cd48f0bf71cccb,s5_analysis/dashboard_snapshots,analytical Case118 S4/S5; historical snapshots retain their own coverage,retain-archive,,Historical snapshot or supporting detail; final selected views are promoted explicitly,outputs/s5_analysis/dashboard_support.py: refresh_snapshot; snapshot dashboard.json records code hashes,Same snapshot tables/events for rendering; original S4/S5 archive for raw recollection
outputs/s5_analysis/dashboard_snapshots/20260915T235650.548243Z/dashboard.json,1556,d0862532f0906cdb7e022aecb0bc37103c590beead96a76d5f151e5ef0c5653b,s5_analysis/dashboard_snapshots,analytical Case118 S4/S5; historical snapshots retain their own coverage,retain-archive,,Historical snapshot or supporting detail; final selected views are promoted explicitly,outputs/s5_analysis/dashboard_support.py: refresh_snapshot; snapshot dashboard.json records code hashes,Same snapshot tables/events for rendering; original S4/S5 archive for raw recollection
outputs/s5_analysis/dashboard_snapshots/20260915T235650.548243Z/data/completion.csv,1481931,093168c5a8e31a100d1b3a900840a1759121fc93c11b99a2dd41e26c67609bae,s5_analysis/dashboard_snapshots,analytical Case118 S4/S5; historical snapshots retain their own coverage,retain-archive,,Historical snapshot or supporting detail; final selected views are promoted explicitly,outputs/s5_analysis/dashboard_support.py: refresh_snapshot; snapshot dashboard.json records code hashes,Same snapshot tables/events for rendering; original S4/S5 archive for raw recollection
outputs/s5_analysis/dashboard_snapshots/20260915T235650.548243Z/data/completion_render.py,4363,ea7ed55bc24c4bac643354b2075cae648543efffeb72b874d6a3f2e01e7a6edd,s5_analysis/dashboard_snapshots,analytical Case118 S4/S5; historical snapshots retain their own coverage,retain-archive,,Historical snapshot or supporting detail; final selected views are promoted explicitly,outputs/s5_analysis/dashboard_snapshots/20260915T235650.548243Z/data/completion_render.py (source code; not a generated result),"Imports, environment variables and input paths are specified in this source; see group disposition"
outputs/s5_analysis/dashboard_snapshots/20260915T235650.548243Z/data/completion_summary.json,3164,d083ba2ed1e220f4405702752d7c92d778c7c5db295ea83bb2361da40d92e6c9,s5_analysis/dashboard_snapshots,analytical Case118 S4/S5; historical snapshots retain their own coverage,retain-archive,,Historical snapshot or supporting detail; final selected views are promoted explicitly,outputs/s5_analysis/dashboard_support.py: refresh_snapshot; snapshot dashboard.json records code hashes,Same snapshot tables/events for rendering; original S4/S5 archive for raw recollection
outputs/s5_analysis/dashboard_snapshots/20260915T235650.548243Z/data/figure_sources.json,4047,64ed51c07db74f10cbfb6d8bbb64923c7eaec805d966dfe219a8082f082c16d4,s5_analysis/dashboard_snapshots,analytical Case118 S4/S5; historical snapshots retain their own coverage,retain-archive,,Historical snapshot or supporting detail; final selected views are promoted explicitly,outputs/s5_analysis/dashboard_support.py: refresh_snapshot; snapshot dashboard.json records code hashes,Same snapshot tables/events for rendering; original S4/S5 archive for raw recollection
outputs/s5_analysis/dashboard_snapshots/20260915T235650.548243Z/data/old_periods_summary.json,10440,785121f32a60db7c3e915cda557c3e8eeae6908996f67e15badc0b59572c8cdf,s5_analysis/dashboard_snapshots,analytical Case118 S4/S5; historical snapshots retain their own coverage,retain-archive,,Historical snapshot or supporting detail; final selected views are promoted explicitly,outputs/s5_analysis/dashboard_support.py: refresh_snapshot; snapshot dashboard.json records code hashes,Same snapshot tables/events for rendering; original S4/S5 archive for raw recollection
outputs/s5_analysis/dashboard_snapshots/20260915T235650.548243Z/data/operator_observations.md,3468,f7b70ae75c6bfdf9f67c6646a578e375ca9b16e07d715d4e678ad01d441dd57a,s5_analysis/dashboard_snapshots,analytical Case118 S4/S5; historical snapshots retain their own coverage,retain-archive,,Historical snapshot or supporting detail; final selected views are promoted explicitly,outputs/s5_analysis/dashboard_support.py: refresh_snapshot; snapshot dashboard.json records code hashes,Same snapshot tables/events for rendering; original S4/S5 archive for raw recollection
outputs/s5_analysis/dashboard_snapshots/20260915T235650.548243Z/data/p95_render.py,3761,09efe914c8522bc0c18a3b75ef0db6a2a9795afe54431f5aa679733fe474feb3,s5_analysis/dashboard_snapshots,analytical Case118 S4/S5; historical snapshots retain their own coverage,retain-archive,,Historical snapshot or supporting detail; final selected views are promoted explicitly,outputs/s5_analysis/dashboard_snapshots/20260915T235650.548243Z/data/p95_render.py (source code; not a generated result),"Imports, environment variables and input paths are specified in this source; see group disposition"
outputs/s5_analysis/dashboard_snapshots/20260915T235650.548243Z/data/p95_summary.json,1532,15f60fa002304c413fdcf7f0fb05ead4941d71a719f39bef86dac1f8722686d2,s5_analysis/dashboard_snapshots,analytical Case118 S4/S5; historical snapshots retain their own coverage,retain-archive,,Historical snapshot or supporting detail; final selected views are promoted explicitly,outputs/s5_analysis/dashboard_support.py: refresh_snapshot; snapshot dashboard.json records code hashes,Same snapshot tables/events for rendering; original S4/S5 archive for raw recollection
outputs/s5_analysis/dashboard_snapshots/20260915T235650.548243Z/data/parallel_throughput.json,68993,a1d1b99f3637427b62141f9b0f3812fc80d6edbd3d4f559ba5d733ed5c359168,s5_analysis/dashboard_snapshots,analytical Case118 S4/S5; historical snapshots retain their own coverage,retain-archive,,Historical snapshot or supporting detail; final selected views are promoted explicitly,outputs/s5_analysis/dashboard_support.py: refresh_snapshot; snapshot dashboard.json records code hashes,Same snapshot tables/events for rendering; original S4/S5 archive for raw recollection
outputs/s5_analysis/dashboard_snapshots/20260915T235650.548243Z/data/periods.csv,601078,1a613214143efddac446a4d3d4dddbe0ae7d36e7502ff5d554c81e3f30ec5b6f,s5_analysis/dashboard_snapshots,analytical Case118 S4/S5; historical snapshots retain their own coverage,retain-archive,,Historical snapshot or supporting detail; final selected views are promoted explicitly,outputs/s5_analysis/dashboard_support.py: refresh_snapshot; snapshot dashboard.json records code hashes,Same snapshot tables/events for rendering; original S4/S5 archive for raw recollection
outputs/s5_analysis/dashboard_snapshots/20260915T235650.548243Z/data/post_reboot_distribution.json,180831,e994a1b2a6cfa532cbe408baad6f4e7d94576247729900f661fa6b11fd4f61c4,s5_analysis/dashboard_snapshots,analytical Case118 S4/S5; historical snapshots retain their own coverage,retain-archive,,Historical snapshot or supporting detail; final selected views are promoted explicitly,outputs/s5_analysis/dashboard_support.py: refresh_snapshot; snapshot dashboard.json records code hashes,Same snapshot tables/events for rendering; original S4/S5 archive for raw recollection
outputs/s5_analysis/dashboard_snapshots/20260915T235650.548243Z/data/post_reboot_plot.py,5194,67fb085001461a2443bb1491118f9d0820a07f94390f5b10c7eaf16eacc96d18,s5_analysis/dashboard_snapshots,analytical Case118 S4/S5; historical snapshots retain their own coverage,retain-archive,,Historical snapshot or supporting detail; final selected views are promoted explicitly,outputs/s5_analysis/dashboard_snapshots/20260915T235650.548243Z/data/post_reboot_plot.py (source code; not a generated result),"Imports, environment variables and input paths are specified in this source; see group disposition"
outputs/s5_analysis/dashboard_snapshots/20260915T235650.548243Z/data/progress_snapshot.json,99414,da5ce87ca094845cf64b24bf0c9ff065d7bb23e5aeb5a9c2804c255e8160613e,s5_analysis/dashboard_snapshots,analytical Case118 S4/S5; historical snapshots retain their own coverage,retain-archive,,Historical snapshot or supporting detail; final selected views are promoted explicitly,outputs/s5_analysis/dashboard_support.py: refresh_snapshot; snapshot dashboard.json records code hashes,Same snapshot tables/events for rendering; original S4/S5 archive for raw recollection
outputs/s5_analysis/dashboard_snapshots/20260915T235650.548243Z/data/race_event_snapshot.json,1596247,f2aaf668bde6298e094fe63bc339859bbb7b5843d4e669389f9aa5664654800d,s5_analysis/dashboard_snapshots,analytical Case118 S4/S5; historical snapshots retain their own coverage,retain-archive,,Historical snapshot or supporting detail; final selected views are promoted explicitly,outputs/s5_analysis/dashboard_support.py: refresh_snapshot; snapshot dashboard.json records code hashes,Same snapshot tables/events for rendering; original S4/S5 archive for raw recollection
outputs/s5_analysis/dashboard_snapshots/20260915T235650.548243Z/data/rolling_p95.csv,75478,b048f51953ddb007ca712b8ac991acb23553e148cee7dd8d5f0a149a5a64f25e,s5_analysis/dashboard_snapshots,analytical Case118 S4/S5; historical snapshots retain their own coverage,retain-archive,,Historical snapshot or supporting detail; final selected views are promoted explicitly,outputs/s5_analysis/dashboard_support.py: refresh_snapshot; snapshot dashboard.json records code hashes,Same snapshot tables/events for rendering; original S4/S5 archive for raw recollection
outputs/s5_analysis/dashboard_snapshots/20260915T235650.548243Z/data/solve_summary.json,2309945,f07c8045b5fd53601b88237d872f5799118e5d8881a939ebecb9597bda5bb774,s5_analysis/dashboard_snapshots,analytical Case118 S4/S5; historical snapshots retain their own coverage,retain-archive,,Historical snapshot or supporting detail; final selected views are promoted explicitly,outputs/s5_analysis/dashboard_support.py: refresh_snapshot; snapshot dashboard.json records code hashes,Same snapshot tables/events for rendering; original S4/S5 archive for raw recollection
outputs/s5_analysis/dashboard_snapshots/20260915T235650.548243Z/data/solve_times.csv,1320919,558a63fd57784b24f7c967da8adfb873e3a2621262c6cc6249506ca5c1898a04,s5_analysis/dashboard_snapshots,analytical Case118 S4/S5; historical snapshots retain their own coverage,retain-archive,,Historical snapshot or supporting detail; final selected views are promoted explicitly,outputs/s5_analysis/dashboard_support.py: refresh_snapshot; snapshot dashboard.json records code hashes,Same snapshot tables/events for rendering; original S4/S5 archive for raw recollection
outputs/s5_analysis/dashboard_snapshots/20260915T235650.548243Z/data/solve_times_render.py,4079,4e034b60cfc30b86d9db8e0e14613771e6cf8ed3adc07eba4373a77a688367d4,s5_analysis/dashboard_snapshots,analytical Case118 S4/S5; historical snapshots retain their own coverage,retain-archive,,Historical snapshot or supporting detail; final selected views are promoted explicitly,outputs/s5_analysis/dashboard_snapshots/20260915T235650.548243Z/data/solve_times_render.py (source code; not a generated result),"Imports, environment variables and input paths are specified in this source; see group disposition"
outputs/s5_analysis/dashboard_snapshots/20260915T235650.548243Z/data/throughput_plot.py,4865,5922c40d468fc4a2318a2e9950a312edab5013e4e4ecc564c7087488b0563e48,s5_analysis/dashboard_snapshots,analytical Case118 S4/S5; historical snapshots retain their own coverage,retain-archive,,Historical snapshot or supporting detail; final selected views are promoted explicitly,outputs/s5_analysis/dashboard_snapshots/20260915T235650.548243Z/data/throughput_plot.py (source code; not a generated result),"Imports, environment variables and input paths are specified in this source; see group disposition"
outputs/s5_analysis/dashboard_snapshots/20260915T235650.548243Z/dispatch/intervals.csv,3311137,a7595c579735f59a27229240e641201cb48b3e96159a90b1dde03941f32963b2,s5_analysis/dashboard_snapshots,analytical Case118 S4/S5; historical snapshots retain their own coverage,retain-archive,,Historical snapshot or supporting detail; final selected views are promoted explicitly,outputs/s5_analysis/dashboard_support.py: refresh_snapshot; snapshot dashboard.json records code hashes,Same snapshot tables/events for rendering; original S4/S5 archive for raw recollection
outputs/s5_analysis/dashboard_snapshots/20260915T235650.548243Z/dispatch/report.json,6806,5acb1bc8f4681a6a478c1dcbf7b6e46e8335d12da742e61d7e848506e846ec35,s5_analysis/dashboard_snapshots,analytical Case118 S4/S5; historical snapshots retain their own coverage,retain-archive,,Historical snapshot or supporting detail; final selected views are promoted explicitly,outputs/s5_analysis/dashboard_support.py: refresh_snapshot; snapshot dashboard.json records code hashes,Same snapshot tables/events for rendering; original S4/S5 archive for raw recollection
outputs/s5_analysis/dashboard_snapshots/20260915T235650.548243Z/dispatch.log,2962,bfd3aaed7ae4650821cb5df99541cc5880b46dd6222e84e1efbb7cdf5b7ff18b,s5_analysis/dashboard_snapshots,analytical Case118 S4/S5; historical snapshots retain their own coverage,retain-archive,,Historical snapshot or supporting detail; final selected views are promoted explicitly,outputs/s5_analysis/dashboard_support.py: refresh_snapshot; snapshot dashboard.json records code hashes,Same snapshot tables/events for rendering; original S4/S5 archive for raw recollection
outputs/s5_analysis/dashboard_snapshots/20260915T235650.548243Z/events.json,482,be057083b75b2658b58fa168c9e15f9a40f415f36df64cb7a4d0c3677e796af8,s5_analysis/dashboard_snapshots,analytical Case118 S4/S5; historical snapshots retain their own coverage,retain-archive,,Historical snapshot or supporting detail; final selected views are promoted explicitly,outputs/s5_analysis/dashboard_support.py: refresh_snapshot; snapshot dashboard.json records code hashes,Same snapshot tables/events for rendering; original S4/S5 archive for raw recollection
outputs/s5_analysis/dashboard_snapshots/20260915T235650.548243Z/periods/period_p95_last24h.pdf,35560,069b73c61ca145bfd1f23f5a5cb3912525741ee2e51e515b759880f8ff2a5843,s5_analysis/dashboard_snapshots,analytical Case118 S4/S5; historical snapshots retain their own coverage,retain-archive,,Historical snapshot or supporting detail; final selected views are promoted explicitly,outputs/s5_analysis/dashboard_support.py: refresh_snapshot; snapshot dashboard.json records code hashes,Same snapshot tables/events for rendering; original S4/S5 archive for raw recollection
outputs/s5_analysis/dashboard_snapshots/20260915T235650.548243Z/periods/period_p95_last24h.png,221947,cc80401b76ab4be765aad136fafa79b69fe3c165f9df74386431f12c51ff1d04,s5_analysis/dashboard_snapshots,analytical Case118 S4/S5; historical snapshots retain their own coverage,retain-archive,,Historical snapshot or supporting detail; final selected views are promoted explicitly,outputs/s5_analysis/dashboard_support.py: refresh_snapshot; snapshot dashboard.json records code hashes,Same snapshot tables/events for rendering; original S4/S5 archive for raw recollection
outputs/s5_analysis/dashboard_snapshots/20260915T235650.548243Z/periods/periods.csv,680384,b775ae2c21b1356ea67f18e7b1d9cc6ea838342753f6368ecb24ad26e635d7c7,s5_analysis/dashboard_snapshots,analytical Case118 S4/S5; historical snapshots retain their own coverage,retain-archive,,Historical snapshot or supporting detail; final selected views are promoted explicitly,outputs/s5_analysis/dashboard_support.py: refresh_snapshot; snapshot dashboard.json records code hashes,Same snapshot tables/events for rendering; original S4/S5 archive for raw recollection
outputs/s5_analysis/dashboard_snapshots/20260915T235650.548243Z/periods/rolling_p95.csv,79203,6574df23848ab601a47d4104cee638464fa6c39db5f3b2f7efcc0da1831cbd51,s5_analysis/dashboard_snapshots,analytical Case118 S4/S5; historical snapshots retain their own coverage,retain-archive,,Historical snapshot or supporting detail; final selected views are promoted explicitly,outputs/s5_analysis/dashboard_support.py: refresh_snapshot; snapshot dashboard.json records code hashes,Same snapshot tables/events for rendering; original S4/S5 archive for raw recollection
outputs/s5_analysis/dashboard_snapshots/20260915T235650.548243Z/periods/summary.json,1857881,4ed62c51471ff8d57827e9846d36f85a024c368342ea32f046f249340288b659,s5_analysis/dashboard_snapshots,analytical Case118 S4/S5; historical snapshots retain their own coverage,retain-archive,,Historical snapshot or supporting detail; final selected views are promoted explicitly,outputs/s5_analysis/dashboard_support.py: refresh_snapshot; snapshot dashboard.json records code hashes,Same snapshot tables/events for rendering; original S4/S5 archive for raw recollection
outputs/s5_analysis/dashboard_snapshots/20260915T235650.548243Z/periods.log,1531,4c435e51aea2d13e0644f0b4567adf2bc44c51fea24b484f1bee7b25b331e208,s5_analysis/dashboard_snapshots,analytical Case118 S4/S5; historical snapshots retain their own coverage,retain-archive,,Historical snapshot or supporting detail; final selected views are promoted explicitly,outputs/s5_analysis/dashboard_support.py: refresh_snapshot; snapshot dashboard.json records code hashes,Same snapshot tables/events for rendering; original S4/S5 archive for raw recollection
outputs/s5_analysis/dashboard_snapshots/20260915T235650.548243Z/races.log,564,52cf59ea8031abda6b7f4ad32452560ef573cd65a23260b44b707f40107b0423,s5_analysis/dashboard_snapshots,analytical Case118 S4/S5; historical snapshots retain their own coverage,retain-archive,,Historical snapshot or supporting detail; final selected views are promoted explicitly,outputs/s5_analysis/dashboard_support.py: refresh_snapshot; snapshot dashboard.json records code hashes,Same snapshot tables/events for rendering; original S4/S5 archive for raw recollection
outputs/s5_analysis/dashboard_snapshots/20260915T235650.548243Z/solves/solve_times.csv,1560039,f1fcf49e7d12da1eee912514d13dd9ca902094047c226b79c970bfc33e9c9eb9,s5_analysis/dashboard_snapshots,analytical Case118 S4/S5; historical snapshots retain their own coverage,retain-archive,,Historical snapshot or supporting detail; final selected views are promoted explicitly,outputs/s5_analysis/dashboard_support.py: refresh_snapshot; snapshot dashboard.json records code hashes,Same snapshot tables/events for rendering; original S4/S5 archive for raw recollection
outputs/s5_analysis/dashboard_snapshots/20260915T235650.548243Z/solves/solve_times_last24h.pdf,71955,c7542444dd760b41f531c5c954a5de8d0757def241f28a74de14d28aebea4441,s5_analysis/dashboard_snapshots,analytical Case118 S4/S5; historical snapshots retain their own coverage,retain-archive,,Historical snapshot or supporting detail; final selected views are promoted explicitly,outputs/s5_analysis/dashboard_support.py: refresh_snapshot; snapshot dashboard.json records code hashes,Same snapshot tables/events for rendering; original S4/S5 archive for raw recollection
outputs/s5_analysis/dashboard_snapshots/20260915T235650.548243Z/solves/solve_times_last24h.png,326951,6e5a85505b488f852fe8f890413d99659aab983c447fc96d0efe3a79b62c538b,s5_analysis/dashboard_snapshots,analytical Case118 S4/S5; historical snapshots retain their own coverage,retain-archive,,Historical snapshot or supporting detail; final selected views are promoted explicitly,outputs/s5_analysis/dashboard_support.py: refresh_snapshot; snapshot dashboard.json records code hashes,Same snapshot tables/events for rendering; original S4/S5 archive for raw recollection
outputs/s5_analysis/dashboard_snapshots/20260915T235650.548243Z/solves/summary.json,2567108,82f4ce50485616f82f040caf018afccf185fe103aacb7ec1f7ad4f4ea834d3eb,s5_analysis/dashboard_snapshots,analytical Case118 S4/S5; historical snapshots retain their own coverage,retain-archive,,Historical snapshot or supporting detail; final selected views are promoted explicitly,outputs/s5_analysis/dashboard_support.py: refresh_snapshot; snapshot dashboard.json records code hashes,Same snapshot tables/events for rendering; original S4/S5 archive for raw recollection
outputs/s5_analysis/dashboard_snapshots/20260915T235650.548243Z/solves.log,1019,a373f7fecccfd060b47bda3d9ed2aeecc61189e1efcecf088d97ca2e614b0776,s5_analysis/dashboard_snapshots,analytical Case118 S4/S5; historical snapshots retain their own coverage,retain-archive,,Historical snapshot or supporting detail; final selected views are promoted explicitly,outputs/s5_analysis/dashboard_support.py: refresh_snapshot; snapshot dashboard.json records code hashes,Same snapshot tables/events for rendering; original S4/S5 archive for raw recollection
outputs/s5_analysis/dashboard_snapshots/20260916T000034.276523Z/assets/completion_full.pdf,44444,7396a0420cfc2e1b4cd88af8f71996c4f350ba98af2628e5f190108315b3df79,s5_analysis/dashboard_snapshots,analytical Case118 S4/S5; historical snapshots retain their own coverage,retain-archive,,Historical snapshot or supporting detail; final selected views are promoted explicitly,outputs/s5_analysis/dashboard_support.py: refresh_snapshot; snapshot dashboard.json records code hashes,Same snapshot tables/events for rendering; original S4/S5 archive for raw recollection
outputs/s5_analysis/dashboard_snapshots/20260916T000034.276523Z/assets/completion_full.png,106982,2caf2535a4c27b92bb62cc2b5130e1e636682ec61be3c28a1d957c1b7e913f7e,s5_analysis/dashboard_snapshots,analytical Case118 S4/S5; historical snapshots retain their own coverage,retain-archive,,Historical snapshot or supporting detail; final selected views are promoted explicitly,outputs/s5_analysis/dashboard_support.py: refresh_snapshot; snapshot dashboard.json records code hashes,Same snapshot tables/events for rendering; original S4/S5 archive for raw recollection
outputs/s5_analysis/dashboard_snapshots/20260916T000034.276523Z/assets/completion_zoom.pdf,47454,d2a7836d8c7a2200d86c594da8f6b71d15cb95f3e8c6adcf7c82f41c0287b246,s5_analysis/dashboard_snapshots,analytical Case118 S4/S5; historical snapshots retain their own coverage,retain-archive,,Historical snapshot or supporting detail; final selected views are promoted explicitly,outputs/s5_analysis/dashboard_support.py: refresh_snapshot; snapshot dashboard.json records code hashes,Same snapshot tables/events for rendering; original S4/S5 archive for raw recollection
outputs/s5_analysis/dashboard_snapshots/20260916T000034.276523Z/assets/completion_zoom.png,118065,fd671dc0df7ca3544c2ff13060dd705bda084a15f2d66dedd781a8cd161a4055,s5_analysis/dashboard_snapshots,analytical Case118 S4/S5; historical snapshots retain their own coverage,retain-archive,,Historical snapshot or supporting detail; final selected views are promoted explicitly,outputs/s5_analysis/dashboard_support.py: refresh_snapshot; snapshot dashboard.json records code hashes,Same snapshot tables/events for rendering; original S4/S5 archive for raw recollection
outputs/s5_analysis/dashboard_snapshots/20260916T000034.276523Z/assets/old_periods.pdf,39654,f3bda2479de3fb988b87c304941b789dd6e1320c6d664d2648b3aa7420d35a25,s5_analysis/dashboard_snapshots,analytical Case118 S4/S5; historical snapshots retain their own coverage,retain-archive,,Historical snapshot or supporting detail; final selected views are promoted explicitly,outputs/s5_analysis/dashboard_support.py: refresh_snapshot; snapshot dashboard.json records code hashes,Same snapshot tables/events for rendering; original S4/S5 archive for raw recollection
outputs/s5_analysis/dashboard_snapshots/20260916T000034.276523Z/assets/parallel_throughput.pdf,61359,0498fccd3fc2adf3d5153e88c3441f4e4b8ebac6c8c533056bb4de9205692cbd,s5_analysis/dashboard_snapshots,analytical Case118 S4/S5; historical snapshots retain their own coverage,retain-archive,,Historical snapshot or supporting detail; final selected views are promoted explicitly,outputs/s5_analysis/dashboard_support.py: refresh_snapshot; snapshot dashboard.json records code hashes,Same snapshot tables/events for rendering; original S4/S5 archive for raw recollection
outputs/s5_analysis/dashboard_snapshots/20260916T000034.276523Z/assets/parallel_throughput.png,103527,5f1649c9c5d51433bb7934d4314a05e153e756555ec79effbc24b8455e9c8bcf,s5_analysis/dashboard_snapshots,analytical Case118 S4/S5; historical snapshots retain their own coverage,retain-archive,,Historical snapshot or supporting detail; final selected views are promoted explicitly,outputs/s5_analysis/dashboard_support.py: refresh_snapshot; snapshot dashboard.json records code hashes,Same snapshot tables/events for rendering; original S4/S5 archive for raw recollection
outputs/s5_analysis/dashboard_snapshots/20260916T000034.276523Z/assets/period_p95.pdf,27535,6bdc35ec7b1fe5ecccf93cb20d793c95ad1a20fcee82ae1300398a430decf040,s5_analysis/dashboard_snapshots,analytical Case118 S4/S5; historical snapshots retain their own coverage,retain-archive,,Historical snapshot or supporting detail; final selected views are promoted explicitly,outputs/s5_analysis/dashboard_support.py: refresh_snapshot; snapshot dashboard.json records code hashes,Same snapshot tables/events for rendering; original S4/S5 archive for raw recollection
outputs/s5_analysis/dashboard_snapshots/20260916T000034.276523Z/assets/period_p95.png,142778,2f4235de9c99ca72092a1a1ce737751a0468f5429db88a003fb4d99bb622d23f,s5_analysis/dashboard_snapshots,analytical Case118 S4/S5; historical snapshots retain their own coverage,retain-archive,,Historical snapshot or supporting detail; final selected views are promoted explicitly,outputs/s5_analysis/dashboard_support.py: refresh_snapshot; snapshot dashboard.json records code hashes,Same snapshot tables/events for rendering; original S4/S5 archive for raw recollection
outputs/s5_analysis/dashboard_snapshots/20260916T000034.276523Z/assets/post_reboot_distribution.pdf,23927,43d9f6b6b27b7fb574e6bdc233d1402fdab9f463d252ef46f02b4a3383d2128c,s5_analysis/dashboard_snapshots,analytical Case118 S4/S5; historical snapshots retain their own coverage,retain-archive,,Historical snapshot or supporting detail; final selected views are promoted explicitly,outputs/s5_analysis/dashboard_support.py: refresh_snapshot; snapshot dashboard.json records code hashes,Same snapshot tables/events for rendering; original S4/S5 archive for raw recollection
outputs/s5_analysis/dashboard_snapshots/20260916T000034.276523Z/assets/post_reboot_distribution.png,100493,ced0f1f7f5e21f18758d9a421b1c60bf2ec820886cb71985d6086182fdcfc5c0,s5_analysis/dashboard_snapshots,analytical Case118 S4/S5; historical snapshots retain their own coverage,retain-archive,,Historical snapshot or supporting detail; final selected views are promoted explicitly,outputs/s5_analysis/dashboard_support.py: refresh_snapshot; snapshot dashboard.json records code hashes,Same snapshot tables/events for rendering; original S4/S5 archive for raw recollection
outputs/s5_analysis/dashboard_snapshots/20260916T000034.276523Z/assets/solve_times.pdf,66481,1e173d517cc7f1d21431b132e8f7382b3e7a1b39b1bba8a604785dd7946e1a0e,s5_analysis/dashboard_snapshots,analytical Case118 S4/S5; historical snapshots retain their own coverage,retain-archive,,Historical snapshot or supporting detail; final selected views are promoted explicitly,outputs/s5_analysis/dashboard_support.py: refresh_snapshot; snapshot dashboard.json records code hashes,Same snapshot tables/events for rendering; original S4/S5 archive for raw recollection
outputs/s5_analysis/dashboard_snapshots/20260916T000034.276523Z/assets/solve_times.png,251071,bb8256aa76c57e92fd285f46e229c576733a306478844c12f7dd63eb5babba19,s5_analysis/dashboard_snapshots,analytical Case118 S4/S5; historical snapshots retain their own coverage,retain-archive,,Historical snapshot or supporting detail; final selected views are promoted explicitly,outputs/s5_analysis/dashboard_support.py: refresh_snapshot; snapshot dashboard.json records code hashes,Same snapshot tables/events for rendering; original S4/S5 archive for raw recollection
outputs/s5_analysis/dashboard_snapshots/20260916T000034.276523Z/completion/band_metadata.json,370,5d7939e43975f32a3b84615867fabf7e936d5e46677b9a05ce6f47cb9e49aa9a,s5_analysis/dashboard_snapshots,analytical Case118 S4/S5; historical snapshots retain their own coverage,retain-archive,,Historical snapshot or supporting detail; final selected views are promoted explicitly,outputs/s5_analysis/dashboard_support.py: refresh_snapshot; snapshot dashboard.json records code hashes,Same snapshot tables/events for rendering; original S4/S5 archive for raw recollection
outputs/s5_analysis/dashboard_snapshots/20260916T000034.276523Z/completion/checkpoint_snapshot.json,1091449,500d44055a16e573ee9fd8c4f54a4722cf1efbd46be7bf5db10a59c60b236ca0,s5_analysis/dashboard_snapshots,analytical Case118 S4/S5; historical snapshots retain their own coverage,retain-archive,,Historical snapshot or supporting detail; final selected views are promoted explicitly,outputs/s5_analysis/dashboard_support.py: refresh_snapshot; snapshot dashboard.json records code hashes,Same snapshot tables/events for rendering; original S4/S5 archive for raw recollection
outputs/s5_analysis/dashboard_snapshots/20260916T000034.276523Z/completion/completion.csv,1785883,4b3792b9d973817cfcf194bf4c6c95272ba2ad1fbece8091fdb519ae3dcff0f2,s5_analysis/dashboard_snapshots,analytical Case118 S4/S5; historical snapshots retain their own coverage,retain-archive,,Historical snapshot or supporting detail; final selected views are promoted explicitly,outputs/s5_analysis/dashboard_support.py: refresh_snapshot; snapshot dashboard.json records code hashes,Same snapshot tables/events for rendering; original S4/S5 archive for raw recollection
outputs/s5_analysis/dashboard_snapshots/20260916T000034.276523Z/completion/completion_walltime.pdf,55775,117c239deb7f2275f405fe86ba68af0c382667177b1a6b836633d5f2e420ff5d,s5_analysis/dashboard_snapshots,analytical Case118 S4/S5; historical snapshots retain their own coverage,retain-archive,,Historical snapshot or supporting detail; final selected views are promoted explicitly,outputs/s5_analysis/dashboard_support.py: refresh_snapshot; snapshot dashboard.json records code hashes,Same snapshot tables/events for rendering; original S4/S5 archive for raw recollection
outputs/s5_analysis/dashboard_snapshots/20260916T000034.276523Z/completion/completion_walltime.png,131225,67d04cfff366f74037c60925fe44ee3f2b69febe71caff134040859f21946485,s5_analysis/dashboard_snapshots,analytical Case118 S4/S5; historical snapshots retain their own coverage,retain-archive,,Historical snapshot or supporting detail; final selected views are promoted explicitly,outputs/s5_analysis/dashboard_support.py: refresh_snapshot; snapshot dashboard.json records code hashes,Same snapshot tables/events for rendering; original S4/S5 archive for raw recollection
outputs/s5_analysis/dashboard_snapshots/20260916T000034.276523Z/completion/completion_walltime_band.pdf,56556,107a822e3a446b347c25e172becd76b73162665f5e6223f5b1d7721b95a642b0,s5_analysis/dashboard_snapshots,analytical Case118 S4/S5; historical snapshots retain their own coverage,retain-archive,,Historical snapshot or supporting detail; final selected views are promoted explicitly,outputs/s5_analysis/dashboard_support.py: refresh_snapshot; snapshot dashboard.json records code hashes,Same snapshot tables/events for rendering; original S4/S5 archive for raw recollection
outputs/s5_analysis/dashboard_snapshots/20260916T000034.276523Z/completion/completion_walltime_band.png,139831,8dd19d2295007d3d22cbfeeaf5a160195fc11d042965ad6c4d8e997a575498ea,s5_analysis/dashboard_snapshots,analytical Case118 S4/S5; historical snapshots retain their own coverage,retain-archive,,Historical snapshot or supporting detail; final selected views are promoted explicitly,outputs/s5_analysis/dashboard_support.py: refresh_snapshot; snapshot dashboard.json records code hashes,Same snapshot tables/events for rendering; original S4/S5 archive for raw recollection
outputs/s5_analysis/dashboard_snapshots/20260916T000034.276523Z/completion/summary.json,3667,be8f721e55d2d8eeed4d969b4ceaff0ac6a79e3844a6aa5de29c8b4a18b9d7b9,s5_analysis/dashboard_snapshots,analytical Case118 S4/S5; historical snapshots retain their own coverage,retain-archive,,Historical snapshot or supporting detail; final selected views are promoted explicitly,outputs/s5_analysis/dashboard_support.py: refresh_snapshot; snapshot dashboard.json records code hashes,Same snapshot tables/events for rendering; original S4/S5 archive for raw recollection
outputs/s5_analysis/dashboard_snapshots/20260916T000034.276523Z/completion.log,1073,ef82e94d2c2ed9aa43b60693f553a682e4e792b8320e0184783105f3d11bf009,s5_analysis/dashboard_snapshots,analytical Case118 S4/S5; historical snapshots retain their own coverage,retain-archive,,Historical snapshot or supporting detail; final selected views are promoted explicitly,outputs/s5_analysis/dashboard_support.py: refresh_snapshot; snapshot dashboard.json records code hashes,Same snapshot tables/events for rendering; original S4/S5 archive for raw recollection
outputs/s5_analysis/dashboard_snapshots/20260916T000034.276523Z/dashboard.json,1556,55d433002f2f3d2e8b84fe921a2db0bd7ced2d0447b3dcd040ad0e67ab4fa8bb,s5_analysis/dashboard_snapshots,analytical Case118 S4/S5; historical snapshots retain their own coverage,retain-archive,,Historical snapshot or supporting detail; final selected views are promoted explicitly,outputs/s5_analysis/dashboard_support.py: refresh_snapshot; snapshot dashboard.json records code hashes,Same snapshot tables/events for rendering; original S4/S5 archive for raw recollection
outputs/s5_analysis/dashboard_snapshots/20260916T000034.276523Z/data/completion.csv,1481931,093168c5a8e31a100d1b3a900840a1759121fc93c11b99a2dd41e26c67609bae,s5_analysis/dashboard_snapshots,analytical Case118 S4/S5; historical snapshots retain their own coverage,retain-archive,,Historical snapshot or supporting detail; final selected views are promoted explicitly,outputs/s5_analysis/dashboard_support.py: refresh_snapshot; snapshot dashboard.json records code hashes,Same snapshot tables/events for rendering; original S4/S5 archive for raw recollection
outputs/s5_analysis/dashboard_snapshots/20260916T000034.276523Z/data/completion_render.py,4363,ea7ed55bc24c4bac643354b2075cae648543efffeb72b874d6a3f2e01e7a6edd,s5_analysis/dashboard_snapshots,analytical Case118 S4/S5; historical snapshots retain their own coverage,retain-archive,,Historical snapshot or supporting detail; final selected views are promoted explicitly,outputs/s5_analysis/dashboard_snapshots/20260916T000034.276523Z/data/completion_render.py (source code; not a generated result),"Imports, environment variables and input paths are specified in this source; see group disposition"
outputs/s5_analysis/dashboard_snapshots/20260916T000034.276523Z/data/completion_summary.json,3164,d083ba2ed1e220f4405702752d7c92d778c7c5db295ea83bb2361da40d92e6c9,s5_analysis/dashboard_snapshots,analytical Case118 S4/S5; historical snapshots retain their own coverage,retain-archive,,Historical snapshot or supporting detail; final selected views are promoted explicitly,outputs/s5_analysis/dashboard_support.py: refresh_snapshot; snapshot dashboard.json records code hashes,Same snapshot tables/events for rendering; original S4/S5 archive for raw recollection
outputs/s5_analysis/dashboard_snapshots/20260916T000034.276523Z/data/figure_sources.json,4047,64ed51c07db74f10cbfb6d8bbb64923c7eaec805d966dfe219a8082f082c16d4,s5_analysis/dashboard_snapshots,analytical Case118 S4/S5; historical snapshots retain their own coverage,retain-archive,,Historical snapshot or supporting detail; final selected views are promoted explicitly,outputs/s5_analysis/dashboard_support.py: refresh_snapshot; snapshot dashboard.json records code hashes,Same snapshot tables/events for rendering; original S4/S5 archive for raw recollection
outputs/s5_analysis/dashboard_snapshots/20260916T000034.276523Z/data/old_periods_summary.json,10440,785121f32a60db7c3e915cda557c3e8eeae6908996f67e15badc0b59572c8cdf,s5_analysis/dashboard_snapshots,analytical Case118 S4/S5; historical snapshots retain their own coverage,retain-archive,,Historical snapshot or supporting detail; final selected views are promoted explicitly,outputs/s5_analysis/dashboard_support.py: refresh_snapshot; snapshot dashboard.json records code hashes,Same snapshot tables/events for rendering; original S4/S5 archive for raw recollection
outputs/s5_analysis/dashboard_snapshots/20260916T000034.276523Z/data/operator_observations.md,3468,f7b70ae75c6bfdf9f67c6646a578e375ca9b16e07d715d4e678ad01d441dd57a,s5_analysis/dashboard_snapshots,analytical Case118 S4/S5; historical snapshots retain their own coverage,retain-archive,,Historical snapshot or supporting detail; final selected views are promoted explicitly,outputs/s5_analysis/dashboard_support.py: refresh_snapshot; snapshot dashboard.json records code hashes,Same snapshot tables/events for rendering; original S4/S5 archive for raw recollection
outputs/s5_analysis/dashboard_snapshots/20260916T000034.276523Z/data/p95_render.py,3761,09efe914c8522bc0c18a3b75ef0db6a2a9795afe54431f5aa679733fe474feb3,s5_analysis/dashboard_snapshots,analytical Case118 S4/S5; historical snapshots retain their own coverage,retain-archive,,Historical snapshot or supporting detail; final selected views are promoted explicitly,outputs/s5_analysis/dashboard_snapshots/20260916T000034.276523Z/data/p95_render.py (source code; not a generated result),"Imports, environment variables and input paths are specified in this source; see group disposition"
outputs/s5_analysis/dashboard_snapshots/20260916T000034.276523Z/data/p95_summary.json,1532,15f60fa002304c413fdcf7f0fb05ead4941d71a719f39bef86dac1f8722686d2,s5_analysis/dashboard_snapshots,analytical Case118 S4/S5; historical snapshots retain their own coverage,retain-archive,,Historical snapshot or supporting detail; final selected views are promoted explicitly,outputs/s5_analysis/dashboard_support.py: refresh_snapshot; snapshot dashboard.json records code hashes,Same snapshot tables/events for rendering; original S4/S5 archive for raw recollection
outputs/s5_analysis/dashboard_snapshots/20260916T000034.276523Z/data/parallel_throughput.json,68993,a1d1b99f3637427b62141f9b0f3812fc80d6edbd3d4f559ba5d733ed5c359168,s5_analysis/dashboard_snapshots,analytical Case118 S4/S5; historical snapshots retain their own coverage,retain-archive,,Historical snapshot or supporting detail; final selected views are promoted explicitly,outputs/s5_analysis/dashboard_support.py: refresh_snapshot; snapshot dashboard.json records code hashes,Same snapshot tables/events for rendering; original S4/S5 archive for raw recollection
outputs/s5_analysis/dashboard_snapshots/20260916T000034.276523Z/data/periods.csv,601078,1a613214143efddac446a4d3d4dddbe0ae7d36e7502ff5d554c81e3f30ec5b6f,s5_analysis/dashboard_snapshots,analytical Case118 S4/S5; historical snapshots retain their own coverage,retain-archive,,Historical snapshot or supporting detail; final selected views are promoted explicitly,outputs/s5_analysis/dashboard_support.py: refresh_snapshot; snapshot dashboard.json records code hashes,Same snapshot tables/events for rendering; original S4/S5 archive for raw recollection
outputs/s5_analysis/dashboard_snapshots/20260916T000034.276523Z/data/post_reboot_distribution.json,180831,e994a1b2a6cfa532cbe408baad6f4e7d94576247729900f661fa6b11fd4f61c4,s5_analysis/dashboard_snapshots,analytical Case118 S4/S5; historical snapshots retain their own coverage,retain-archive,,Historical snapshot or supporting detail; final selected views are promoted explicitly,outputs/s5_analysis/dashboard_support.py: refresh_snapshot; snapshot dashboard.json records code hashes,Same snapshot tables/events for rendering; original S4/S5 archive for raw recollection
outputs/s5_analysis/dashboard_snapshots/20260916T000034.276523Z/data/post_reboot_plot.py,5194,67fb085001461a2443bb1491118f9d0820a07f94390f5b10c7eaf16eacc96d18,s5_analysis/dashboard_snapshots,analytical Case118 S4/S5; historical snapshots retain their own coverage,retain-archive,,Historical snapshot or supporting detail; final selected views are promoted explicitly,outputs/s5_analysis/dashboard_snapshots/20260916T000034.276523Z/data/post_reboot_plot.py (source code; not a generated result),"Imports, environment variables and input paths are specified in this source; see group disposition"
outputs/s5_analysis/dashboard_snapshots/20260916T000034.276523Z/data/progress_snapshot.json,99485,dcfd32795db86da3d234dfdf96c25ea355045f4a5249f1053d64cbeb3a0e9c12,s5_analysis/dashboard_snapshots,analytical Case118 S4/S5; historical snapshots retain their own coverage,retain-archive,,Historical snapshot or supporting detail; final selected views are promoted explicitly,outputs/s5_analysis/dashboard_support.py: refresh_snapshot; snapshot dashboard.json records code hashes,Same snapshot tables/events for rendering; original S4/S5 archive for raw recollection
outputs/s5_analysis/dashboard_snapshots/20260916T000034.276523Z/data/race_event_snapshot.json,1599104,b6ff60ada9da61d451002b4eca7867c7adfeb07a2e4dac9ebc1a9c56d56b44e3,s5_analysis/dashboard_snapshots,analytical Case118 S4/S5; historical snapshots retain their own coverage,retain-archive,,Historical snapshot or supporting detail; final selected views are promoted explicitly,outputs/s5_analysis/dashboard_support.py: refresh_snapshot; snapshot dashboard.json records code hashes,Same snapshot tables/events for rendering; original S4/S5 archive for raw recollection
outputs/s5_analysis/dashboard_snapshots/20260916T000034.276523Z/data/rolling_p95.csv,75478,b048f51953ddb007ca712b8ac991acb23553e148cee7dd8d5f0a149a5a64f25e,s5_analysis/dashboard_snapshots,analytical Case118 S4/S5; historical snapshots retain their own coverage,retain-archive,,Historical snapshot or supporting detail; final selected views are promoted explicitly,outputs/s5_analysis/dashboard_support.py: refresh_snapshot; snapshot dashboard.json records code hashes,Same snapshot tables/events for rendering; original S4/S5 archive for raw recollection
outputs/s5_analysis/dashboard_snapshots/20260916T000034.276523Z/data/solve_summary.json,2309945,f07c8045b5fd53601b88237d872f5799118e5d8881a939ebecb9597bda5bb774,s5_analysis/dashboard_snapshots,analytical Case118 S4/S5; historical snapshots retain their own coverage,retain-archive,,Historical snapshot or supporting detail; final selected views are promoted explicitly,outputs/s5_analysis/dashboard_support.py: refresh_snapshot; snapshot dashboard.json records code hashes,Same snapshot tables/events for rendering; original S4/S5 archive for raw recollection
outputs/s5_analysis/dashboard_snapshots/20260916T000034.276523Z/data/solve_times.csv,1320919,558a63fd57784b24f7c967da8adfb873e3a2621262c6cc6249506ca5c1898a04,s5_analysis/dashboard_snapshots,analytical Case118 S4/S5; historical snapshots retain their own coverage,retain-archive,,Historical snapshot or supporting detail; final selected views are promoted explicitly,outputs/s5_analysis/dashboard_support.py: refresh_snapshot; snapshot dashboard.json records code hashes,Same snapshot tables/events for rendering; original S4/S5 archive for raw recollection
outputs/s5_analysis/dashboard_snapshots/20260916T000034.276523Z/data/solve_times_render.py,4079,4e034b60cfc30b86d9db8e0e14613771e6cf8ed3adc07eba4373a77a688367d4,s5_analysis/dashboard_snapshots,analytical Case118 S4/S5; historical snapshots retain their own coverage,retain-archive,,Historical snapshot or supporting detail; final selected views are promoted explicitly,outputs/s5_analysis/dashboard_snapshots/20260916T000034.276523Z/data/solve_times_render.py (source code; not a generated result),"Imports, environment variables and input paths are specified in this source; see group disposition"
outputs/s5_analysis/dashboard_snapshots/20260916T000034.276523Z/data/throughput_plot.py,4865,5922c40d468fc4a2318a2e9950a312edab5013e4e4ecc564c7087488b0563e48,s5_analysis/dashboard_snapshots,analytical Case118 S4/S5; historical snapshots retain their own coverage,retain-archive,,Historical snapshot or supporting detail; final selected views are promoted explicitly,outputs/s5_analysis/dashboard_snapshots/20260916T000034.276523Z/data/throughput_plot.py (source code; not a generated result),"Imports, environment variables and input paths are specified in this source; see group disposition"
outputs/s5_analysis/dashboard_snapshots/20260916T000034.276523Z/dispatch/intervals.csv,3315408,ff37981df6b333799cc4ed25a0c80d9b74848ef9ce8b6bbb49e1fd87d2ebd527,s5_analysis/dashboard_snapshots,analytical Case118 S4/S5; historical snapshots retain their own coverage,retain-archive,,Historical snapshot or supporting detail; final selected views are promoted explicitly,outputs/s5_analysis/dashboard_support.py: refresh_snapshot; snapshot dashboard.json records code hashes,Same snapshot tables/events for rendering; original S4/S5 archive for raw recollection
outputs/s5_analysis/dashboard_snapshots/20260916T000034.276523Z/dispatch/report.json,6802,97958118d88a36e0b483a80c5533315e5210315c5e29f1bc7b897e2dbf5f1e7a,s5_analysis/dashboard_snapshots,analytical Case118 S4/S5; historical snapshots retain their own coverage,retain-archive,,Historical snapshot or supporting detail; final selected views are promoted explicitly,outputs/s5_analysis/dashboard_support.py: refresh_snapshot; snapshot dashboard.json records code hashes,Same snapshot tables/events for rendering; original S4/S5 archive for raw recollection
outputs/s5_analysis/dashboard_snapshots/20260916T000034.276523Z/dispatch.log,2958,ffd6396c9d07a21c5c34c9b67191b4c8d6d6681a3325c3a408e3bc02a50eba4f,s5_analysis/dashboard_snapshots,analytical Case118 S4/S5; historical snapshots retain their own coverage,retain-archive,,Historical snapshot or supporting detail; final selected views are promoted explicitly,outputs/s5_analysis/dashboard_support.py: refresh_snapshot; snapshot dashboard.json records code hashes,Same snapshot tables/events for rendering; original S4/S5 archive for raw recollection
outputs/s5_analysis/dashboard_snapshots/20260916T000034.276523Z/events.json,482,be057083b75b2658b58fa168c9e15f9a40f415f36df64cb7a4d0c3677e796af8,s5_analysis/dashboard_snapshots,analytical Case118 S4/S5; historical snapshots retain their own coverage,retain-archive,,Historical snapshot or supporting detail; final selected views are promoted explicitly,outputs/s5_analysis/dashboard_support.py: refresh_snapshot; snapshot dashboard.json records code hashes,Same snapshot tables/events for rendering; original S4/S5 archive for raw recollection
outputs/s5_analysis/dashboard_snapshots/20260916T000034.276523Z/periods/period_p95_last24h.pdf,35052,f51c4a4b4d5d972a569dcc3bc0965c1401ae63c2b9d78eae9543ec9067be1723,s5_analysis/dashboard_snapshots,analytical Case118 S4/S5; historical snapshots retain their own coverage,retain-archive,,Historical snapshot or supporting detail; final selected views are promoted explicitly,outputs/s5_analysis/dashboard_support.py: refresh_snapshot; snapshot dashboard.json records code hashes,Same snapshot tables/events for rendering; original S4/S5 archive for raw recollection
outputs/s5_analysis/dashboard_snapshots/20260916T000034.276523Z/periods/period_p95_last24h.png,221432,ff6c82b1cc456abe3209b0546f11b07ab0e8fbcd833a7abda1543db0c2b21c1f,s5_analysis/dashboard_snapshots,analytical Case118 S4/S5; historical snapshots retain their own coverage,retain-archive,,Historical snapshot or supporting detail; final selected views are promoted explicitly,outputs/s5_analysis/dashboard_support.py: refresh_snapshot; snapshot dashboard.json records code hashes,Same snapshot tables/events for rendering; original S4/S5 archive for raw recollection
outputs/s5_analysis/dashboard_snapshots/20260916T000034.276523Z/periods/periods.csv,680939,02a8e83b0e71e607fc6c15338dbbf074fa2c57e252189cd4d87447808d4a79d6,s5_analysis/dashboard_snapshots,analytical Case118 S4/S5; historical snapshots retain their own coverage,retain-archive,,Historical snapshot or supporting detail; final selected views are promoted explicitly,outputs/s5_analysis/dashboard_support.py: refresh_snapshot; snapshot dashboard.json records code hashes,Same snapshot tables/events for rendering; original S4/S5 archive for raw recollection
outputs/s5_analysis/dashboard_snapshots/20260916T000034.276523Z/periods/rolling_p95.csv,79252,690cb1c65c879af6382f0de296ec75dff4448eb59006b2f312c4ae5d1b856166,s5_analysis/dashboard_snapshots,analytical Case118 S4/S5; historical snapshots retain their own coverage,retain-archive,,Historical snapshot or supporting detail; final selected views are promoted explicitly,outputs/s5_analysis/dashboard_support.py: refresh_snapshot; snapshot dashboard.json records code hashes,Same snapshot tables/events for rendering; original S4/S5 archive for raw recollection
outputs/s5_analysis/dashboard_snapshots/20260916T000034.276523Z/periods/summary.json,1858911,e369c3c9e17e06935edf25c2358e4a8b61f5572ee5f01bceb1e7fd9879dca1c5,s5_analysis/dashboard_snapshots,analytical Case118 S4/S5; historical snapshots retain their own coverage,retain-archive,,Historical snapshot or supporting detail; final selected views are promoted explicitly,outputs/s5_analysis/dashboard_support.py: refresh_snapshot; snapshot dashboard.json records code hashes,Same snapshot tables/events for rendering; original S4/S5 archive for raw recollection
outputs/s5_analysis/dashboard_snapshots/20260916T000034.276523Z/periods.log,1531,b9d5b6949d9518f5ddfef9d5c82d183c925b2b9faa910ed42565d494ac0b0d94,s5_analysis/dashboard_snapshots,analytical Case118 S4/S5; historical snapshots retain their own coverage,retain-archive,,Historical snapshot or supporting detail; final selected views are promoted explicitly,outputs/s5_analysis/dashboard_support.py: refresh_snapshot; snapshot dashboard.json records code hashes,Same snapshot tables/events for rendering; original S4/S5 archive for raw recollection
outputs/s5_analysis/dashboard_snapshots/20260916T000034.276523Z/races.log,565,54a9cb8eba65a809962e3f19378139f8a011f1093b0ef1b407f6bdd68939fa40,s5_analysis/dashboard_snapshots,analytical Case118 S4/S5; historical snapshots retain their own coverage,retain-archive,,Historical snapshot or supporting detail; final selected views are promoted explicitly,outputs/s5_analysis/dashboard_support.py: refresh_snapshot; snapshot dashboard.json records code hashes,Same snapshot tables/events for rendering; original S4/S5 archive for raw recollection
outputs/s5_analysis/dashboard_snapshots/20260916T000034.276523Z/solves/solve_times.csv,1561290,0fe72d5703ec415ce91b224f7c9490c600fdc8b17301c0f2a005149015527bd6,s5_analysis/dashboard_snapshots,analytical Case118 S4/S5; historical snapshots retain their own coverage,retain-archive,,Historical snapshot or supporting detail; final selected views are promoted explicitly,outputs/s5_analysis/dashboard_support.py: refresh_snapshot; snapshot dashboard.json records code hashes,Same snapshot tables/events for rendering; original S4/S5 archive for raw recollection
outputs/s5_analysis/dashboard_snapshots/20260916T000034.276523Z/solves/solve_times_last24h.pdf,71499,a5bb841f22dad9bdaa6e3cd223591445f940cf8a64ceef8dd0b1d23038540e9b,s5_analysis/dashboard_snapshots,analytical Case118 S4/S5; historical snapshots retain their own coverage,retain-archive,,Historical snapshot or supporting detail; final selected views are promoted explicitly,outputs/s5_analysis/dashboard_support.py: refresh_snapshot; snapshot dashboard.json records code hashes,Same snapshot tables/events for rendering; original S4/S5 archive for raw recollection
outputs/s5_analysis/dashboard_snapshots/20260916T000034.276523Z/solves/solve_times_last24h.png,326102,eff4cc3c6fbe44ebe79cb0b5cfa5bff927ec86046ebd10dfd8f45281fdc99326,s5_analysis/dashboard_snapshots,analytical Case118 S4/S5; historical snapshots retain their own coverage,retain-archive,,Historical snapshot or supporting detail; final selected views are promoted explicitly,outputs/s5_analysis/dashboard_support.py: refresh_snapshot; snapshot dashboard.json records code hashes,Same snapshot tables/events for rendering; original S4/S5 archive for raw recollection
outputs/s5_analysis/dashboard_snapshots/20260916T000034.276523Z/solves/summary.json,2568453,f409de44b2569bb22a282b807edadd1b7169db6f89b1ed31007c090d03e88f66,s5_analysis/dashboard_snapshots,analytical Case118 S4/S5; historical snapshots retain their own coverage,retain-archive,,Historical snapshot or supporting detail; final selected views are promoted explicitly,outputs/s5_analysis/dashboard_support.py: refresh_snapshot; snapshot dashboard.json records code hashes,Same snapshot tables/events for rendering; original S4/S5 archive for raw recollection
outputs/s5_analysis/dashboard_snapshots/20260916T000034.276523Z/solves.log,1019,fc409ca7cbfec344ffaf5538bd598c1f4d764e0aeb941a56248ddef5cb73383b,s5_analysis/dashboard_snapshots,analytical Case118 S4/S5; historical snapshots retain their own coverage,retain-archive,,Historical snapshot or supporting detail; final selected views are promoted explicitly,outputs/s5_analysis/dashboard_support.py: refresh_snapshot; snapshot dashboard.json records code hashes,Same snapshot tables/events for rendering; original S4/S5 archive for raw recollection
outputs/s5_analysis/dashboard_snapshots/20260916T001507.582819Z/assets/completion_full.pdf,44248,9b8fec79806f688ad6079252722ed67fc2ffe2ef0fa969d789858396898eb3cf,s5_analysis/dashboard_snapshots,analytical Case118 S4/S5; historical snapshots retain their own coverage,retain-archive,,Historical snapshot or supporting detail; final selected views are promoted explicitly,outputs/s5_analysis/dashboard_support.py: refresh_snapshot; snapshot dashboard.json records code hashes,Same snapshot tables/events for rendering; original S4/S5 archive for raw recollection
outputs/s5_analysis/dashboard_snapshots/20260916T001507.582819Z/assets/completion_full.png,106478,d563da9a028ac6cea1d49a23ba8a0a90b5b105c6083057e93b4c11abde128b73,s5_analysis/dashboard_snapshots,analytical Case118 S4/S5; historical snapshots retain their own coverage,retain-archive,,Historical snapshot or supporting detail; final selected views are promoted explicitly,outputs/s5_analysis/dashboard_support.py: refresh_snapshot; snapshot dashboard.json records code hashes,Same snapshot tables/events for rendering; original S4/S5 archive for raw recollection
outputs/s5_analysis/dashboard_snapshots/20260916T001507.582819Z/assets/completion_zoom.pdf,47132,1e309b588423ec7dc5f996b40ad6b82fc87a476f5f74cc3aaa83d7a3b4f252b9,s5_analysis/dashboard_snapshots,analytical Case118 S4/S5; historical snapshots retain their own coverage,retain-archive,,Historical snapshot or supporting detail; final selected views are promoted explicitly,outputs/s5_analysis/dashboard_support.py: refresh_snapshot; snapshot dashboard.json records code hashes,Same snapshot tables/events for rendering; original S4/S5 archive for raw recollection
outputs/s5_analysis/dashboard_snapshots/20260916T001507.582819Z/assets/completion_zoom.png,117918,85e7dc9b5e37724b3fca5d38d1cf9f793c390f132d3dde61a83fd14531aeb908,s5_analysis/dashboard_snapshots,analytical Case118 S4/S5; historical snapshots retain their own coverage,retain-archive,,Historical snapshot or supporting detail; final selected views are promoted explicitly,outputs/s5_analysis/dashboard_support.py: refresh_snapshot; snapshot dashboard.json records code hashes,Same snapshot tables/events for rendering; original S4/S5 archive for raw recollection
outputs/s5_analysis/dashboard_snapshots/20260916T001507.582819Z/assets/old_periods.pdf,39654,f3bda2479de3fb988b87c304941b789dd6e1320c6d664d2648b3aa7420d35a25,s5_analysis/dashboard_snapshots,analytical Case118 S4/S5; historical snapshots retain their own coverage,retain-archive,,Historical snapshot or supporting detail; final selected views are promoted explicitly,outputs/s5_analysis/dashboard_support.py: refresh_snapshot; snapshot dashboard.json records code hashes,Same snapshot tables/events for rendering; original S4/S5 archive for raw recollection
outputs/s5_analysis/dashboard_snapshots/20260916T001507.582819Z/assets/parallel_throughput.pdf,61293,cd7e3f4136cc2be597beb14a40547c1eac2ad61d88e8e94887f461556ce3eeb5,s5_analysis/dashboard_snapshots,analytical Case118 S4/S5; historical snapshots retain their own coverage,retain-archive,,Historical snapshot or supporting detail; final selected views are promoted explicitly,outputs/s5_analysis/dashboard_support.py: refresh_snapshot; snapshot dashboard.json records code hashes,Same snapshot tables/events for rendering; original S4/S5 archive for raw recollection
outputs/s5_analysis/dashboard_snapshots/20260916T001507.582819Z/assets/parallel_throughput.png,108653,d05171b0adf46b79e8943312adabcd6ca2f4498aaf4a654feb75b52c815366dc,s5_analysis/dashboard_snapshots,analytical Case118 S4/S5; historical snapshots retain their own coverage,retain-archive,,Historical snapshot or supporting detail; final selected views are promoted explicitly,outputs/s5_analysis/dashboard_support.py: refresh_snapshot; snapshot dashboard.json records code hashes,Same snapshot tables/events for rendering; original S4/S5 archive for raw recollection
outputs/s5_analysis/dashboard_snapshots/20260916T001507.582819Z/assets/period_p95.pdf,27506,6d9528d9bda0bdd7b2d8eb2fc31a3900771bc149b23252a19890f2fc3b7d0a4d,s5_analysis/dashboard_snapshots,analytical Case118 S4/S5; historical snapshots retain their own coverage,retain-archive,,Historical snapshot or supporting detail; final selected views are promoted explicitly,outputs/s5_analysis/dashboard_support.py: refresh_snapshot; snapshot dashboard.json records code hashes,Same snapshot tables/events for rendering; original S4/S5 archive for raw recollection
outputs/s5_analysis/dashboard_snapshots/20260916T001507.582819Z/assets/period_p95.png,143605,ed1f234ec48271f037b06c4306300eb64185671618ce07e37e8162440e18479f,s5_analysis/dashboard_snapshots,analytical Case118 S4/S5; historical snapshots retain their own coverage,retain-archive,,Historical snapshot or supporting detail; final selected views are promoted explicitly,outputs/s5_analysis/dashboard_support.py: refresh_snapshot; snapshot dashboard.json records code hashes,Same snapshot tables/events for rendering; original S4/S5 archive for raw recollection
outputs/s5_analysis/dashboard_snapshots/20260916T001507.582819Z/assets/post_reboot_distribution.pdf,23922,d96885c828fcea69a996f3156b879511e9e6ab211f3a81f01cae85952039b962,s5_analysis/dashboard_snapshots,analytical Case118 S4/S5; historical snapshots retain their own coverage,retain-archive,,Historical snapshot or supporting detail; final selected views are promoted explicitly,outputs/s5_analysis/dashboard_support.py: refresh_snapshot; snapshot dashboard.json records code hashes,Same snapshot tables/events for rendering; original S4/S5 archive for raw recollection
outputs/s5_analysis/dashboard_snapshots/20260916T001507.582819Z/assets/post_reboot_distribution.png,100322,a923c59ec2867587dad2e75a1122b898eb2a92cc81dcdb2a559e275cbffab90c,s5_analysis/dashboard_snapshots,analytical Case118 S4/S5; historical snapshots retain their own coverage,retain-archive,,Historical snapshot or supporting detail; final selected views are promoted explicitly,outputs/s5_analysis/dashboard_support.py: refresh_snapshot; snapshot dashboard.json records code hashes,Same snapshot tables/events for rendering; original S4/S5 archive for raw recollection
outputs/s5_analysis/dashboard_snapshots/20260916T001507.582819Z/assets/solve_times.pdf,66651,dde7f3e009334d75c402d033ae8ecb9d0e30c8b072817266074943c3006351aa,s5_analysis/dashboard_snapshots,analytical Case118 S4/S5; historical snapshots retain their own coverage,retain-archive,,Historical snapshot or supporting detail; final selected views are promoted explicitly,outputs/s5_analysis/dashboard_support.py: refresh_snapshot; snapshot dashboard.json records code hashes,Same snapshot tables/events for rendering; original S4/S5 archive for raw recollection
outputs/s5_analysis/dashboard_snapshots/20260916T001507.582819Z/assets/solve_times.png,252027,75fd4c06ec512e8f7c4172ada39cc90dde29000bfe1617e14245962c398383e7,s5_analysis/dashboard_snapshots,analytical Case118 S4/S5; historical snapshots retain their own coverage,retain-archive,,Historical snapshot or supporting detail; final selected views are promoted explicitly,outputs/s5_analysis/dashboard_support.py: refresh_snapshot; snapshot dashboard.json records code hashes,Same snapshot tables/events for rendering; original S4/S5 archive for raw recollection
outputs/s5_analysis/dashboard_snapshots/20260916T001507.582819Z/completion/band_metadata.json,370,5d7939e43975f32a3b84615867fabf7e936d5e46677b9a05ce6f47cb9e49aa9a,s5_analysis/dashboard_snapshots,analytical Case118 S4/S5; historical snapshots retain their own coverage,retain-archive,,Historical snapshot or supporting detail; final selected views are promoted explicitly,outputs/s5_analysis/dashboard_support.py: refresh_snapshot; snapshot dashboard.json records code hashes,Same snapshot tables/events for rendering; original S4/S5 archive for raw recollection
outputs/s5_analysis/dashboard_snapshots/20260916T001507.582819Z/completion/checkpoint_snapshot.json,1093487,7f978f70015d78fe5ebd39b7964de3ef7dd101e649ddf44cf705f96cb168e02b,s5_analysis/dashboard_snapshots,analytical Case118 S4/S5; historical snapshots retain their own coverage,retain-archive,,Historical snapshot or supporting detail; final selected views are promoted explicitly,outputs/s5_analysis/dashboard_support.py: refresh_snapshot; snapshot dashboard.json records code hashes,Same snapshot tables/events for rendering; original S4/S5 archive for raw recollection
outputs/s5_analysis/dashboard_snapshots/20260916T001507.582819Z/completion/completion.csv,1789313,733490fc435031e323f747c13c6e3ffcab2593ddcae6621e083aac2ddf6644ad,s5_analysis/dashboard_snapshots,analytical Case118 S4/S5; historical snapshots retain their own coverage,retain-archive,,Historical snapshot or supporting detail; final selected views are promoted explicitly,outputs/s5_analysis/dashboard_support.py: refresh_snapshot; snapshot dashboard.json records code hashes,Same snapshot tables/events for rendering; original S4/S5 archive for raw recollection
outputs/s5_analysis/dashboard_snapshots/20260916T001507.582819Z/completion/completion_walltime.pdf,55699,a7abeda8593b1555955b265d83b091fe187116e90b713042ace71cf75df5081e,s5_analysis/dashboard_snapshots,analytical Case118 S4/S5; historical snapshots retain their own coverage,retain-archive,,Historical snapshot or supporting detail; final selected views are promoted explicitly,outputs/s5_analysis/dashboard_support.py: refresh_snapshot; snapshot dashboard.json records code hashes,Same snapshot tables/events for rendering; original S4/S5 archive for raw recollection
outputs/s5_analysis/dashboard_snapshots/20260916T001507.582819Z/completion/completion_walltime.png,131123,7b604d5414c32fb11456f6c5925d65065ba188ffa5d63aa7a4694fb896d6845f,s5_analysis/dashboard_snapshots,analytical Case118 S4/S5; historical snapshots retain their own coverage,retain-archive,,Historical snapshot or supporting detail; final selected views are promoted explicitly,outputs/s5_analysis/dashboard_support.py: refresh_snapshot; snapshot dashboard.json records code hashes,Same snapshot tables/events for rendering; original S4/S5 archive for raw recollection
outputs/s5_analysis/dashboard_snapshots/20260916T001507.582819Z/completion/completion_walltime_band.pdf,56445,1d82ef8886fbab5b2f6b63c28dd5a03ea20cdd5b442c1cbc877c392ae4685060,s5_analysis/dashboard_snapshots,analytical Case118 S4/S5; historical snapshots retain their own coverage,retain-archive,,Historical snapshot or supporting detail; final selected views are promoted explicitly,outputs/s5_analysis/dashboard_support.py: refresh_snapshot; snapshot dashboard.json records code hashes,Same snapshot tables/events for rendering; original S4/S5 archive for raw recollection
outputs/s5_analysis/dashboard_snapshots/20260916T001507.582819Z/completion/completion_walltime_band.png,139616,3f4c29e4b9e75dbdcdda2e6069c8b35894bc15cab01ecacb29af38add502d3d1,s5_analysis/dashboard_snapshots,analytical Case118 S4/S5; historical snapshots retain their own coverage,retain-archive,,Historical snapshot or supporting detail; final selected views are promoted explicitly,outputs/s5_analysis/dashboard_support.py: refresh_snapshot; snapshot dashboard.json records code hashes,Same snapshot tables/events for rendering; original S4/S5 archive for raw recollection
outputs/s5_analysis/dashboard_snapshots/20260916T001507.582819Z/completion/summary.json,3667,54e259f5b320cb17680c617ea40512176d8a6adaf9d75947bf46f7cd03d67c47,s5_analysis/dashboard_snapshots,analytical Case118 S4/S5; historical snapshots retain their own coverage,retain-archive,,Historical snapshot or supporting detail; final selected views are promoted explicitly,outputs/s5_analysis/dashboard_support.py: refresh_snapshot; snapshot dashboard.json records code hashes,Same snapshot tables/events for rendering; original S4/S5 archive for raw recollection
outputs/s5_analysis/dashboard_snapshots/20260916T001507.582819Z/completion.log,1073,14fa360902aec9a6ca62de4fcf671fbf48bacb1d7ae39ebeadeaa8bad574fb03,s5_analysis/dashboard_snapshots,analytical Case118 S4/S5; historical snapshots retain their own coverage,retain-archive,,Historical snapshot or supporting detail; final selected views are promoted explicitly,outputs/s5_analysis/dashboard_support.py: refresh_snapshot; snapshot dashboard.json records code hashes,Same snapshot tables/events for rendering; original S4/S5 archive for raw recollection
outputs/s5_analysis/dashboard_snapshots/20260916T001507.582819Z/dashboard.json,1556,e8357414dc7e1a94d6792561c9eb052a2b1a135efaa61348e13a62dbc6c0767e,s5_analysis/dashboard_snapshots,analytical Case118 S4/S5; historical snapshots retain their own coverage,retain-archive,,Historical snapshot or supporting detail; final selected views are promoted explicitly,outputs/s5_analysis/dashboard_support.py: refresh_snapshot; snapshot dashboard.json records code hashes,Same snapshot tables/events for rendering; original S4/S5 archive for raw recollection
outputs/s5_analysis/dashboard_snapshots/20260916T001507.582819Z/data/completion.csv,1481931,093168c5a8e31a100d1b3a900840a1759121fc93c11b99a2dd41e26c67609bae,s5_analysis/dashboard_snapshots,analytical Case118 S4/S5; historical snapshots retain their own coverage,retain-archive,,Historical snapshot or supporting detail; final selected views are promoted explicitly,outputs/s5_analysis/dashboard_support.py: refresh_snapshot; snapshot dashboard.json records code hashes,Same snapshot tables/events for rendering; original S4/S5 archive for raw recollection
outputs/s5_analysis/dashboard_snapshots/20260916T001507.582819Z/data/completion_render.py,4363,ea7ed55bc24c4bac643354b2075cae648543efffeb72b874d6a3f2e01e7a6edd,s5_analysis/dashboard_snapshots,analytical Case118 S4/S5; historical snapshots retain their own coverage,retain-archive,,Historical snapshot or supporting detail; final selected views are promoted explicitly,outputs/s5_analysis/dashboard_snapshots/20260916T001507.582819Z/data/completion_render.py (source code; not a generated result),"Imports, environment variables and input paths are specified in this source; see group disposition"
outputs/s5_analysis/dashboard_snapshots/20260916T001507.582819Z/data/completion_summary.json,3164,d083ba2ed1e220f4405702752d7c92d778c7c5db295ea83bb2361da40d92e6c9,s5_analysis/dashboard_snapshots,analytical Case118 S4/S5; historical snapshots retain their own coverage,retain-archive,,Historical snapshot or supporting detail; final selected views are promoted explicitly,outputs/s5_analysis/dashboard_support.py: refresh_snapshot; snapshot dashboard.json records code hashes,Same snapshot tables/events for rendering; original S4/S5 archive for raw recollection
outputs/s5_analysis/dashboard_snapshots/20260916T001507.582819Z/data/figure_sources.json,4047,64ed51c07db74f10cbfb6d8bbb64923c7eaec805d966dfe219a8082f082c16d4,s5_analysis/dashboard_snapshots,analytical Case118 S4/S5; historical snapshots retain their own coverage,retain-archive,,Historical snapshot or supporting detail; final selected views are promoted explicitly,outputs/s5_analysis/dashboard_support.py: refresh_snapshot; snapshot dashboard.json records code hashes,Same snapshot tables/events for rendering; original S4/S5 archive for raw recollection
outputs/s5_analysis/dashboard_snapshots/20260916T001507.582819Z/data/old_periods_summary.json,10440,785121f32a60db7c3e915cda557c3e8eeae6908996f67e15badc0b59572c8cdf,s5_analysis/dashboard_snapshots,analytical Case118 S4/S5; historical snapshots retain their own coverage,retain-archive,,Historical snapshot or supporting detail; final selected views are promoted explicitly,outputs/s5_analysis/dashboard_support.py: refresh_snapshot; snapshot dashboard.json records code hashes,Same snapshot tables/events for rendering; original S4/S5 archive for raw recollection
outputs/s5_analysis/dashboard_snapshots/20260916T001507.582819Z/data/operator_observations.md,3468,f7b70ae75c6bfdf9f67c6646a578e375ca9b16e07d715d4e678ad01d441dd57a,s5_analysis/dashboard_snapshots,analytical Case118 S4/S5; historical snapshots retain their own coverage,retain-archive,,Historical snapshot or supporting detail; final selected views are promoted explicitly,outputs/s5_analysis/dashboard_support.py: refresh_snapshot; snapshot dashboard.json records code hashes,Same snapshot tables/events for rendering; original S4/S5 archive for raw recollection
outputs/s5_analysis/dashboard_snapshots/20260916T001507.582819Z/data/p95_render.py,3761,09efe914c8522bc0c18a3b75ef0db6a2a9795afe54431f5aa679733fe474feb3,s5_analysis/dashboard_snapshots,analytical Case118 S4/S5; historical snapshots retain their own coverage,retain-archive,,Historical snapshot or supporting detail; final selected views are promoted explicitly,outputs/s5_analysis/dashboard_snapshots/20260916T001507.582819Z/data/p95_render.py (source code; not a generated result),"Imports, environment variables and input paths are specified in this source; see group disposition"
outputs/s5_analysis/dashboard_snapshots/20260916T001507.582819Z/data/p95_summary.json,1532,15f60fa002304c413fdcf7f0fb05ead4941d71a719f39bef86dac1f8722686d2,s5_analysis/dashboard_snapshots,analytical Case118 S4/S5; historical snapshots retain their own coverage,retain-archive,,Historical snapshot or supporting detail; final selected views are promoted explicitly,outputs/s5_analysis/dashboard_support.py: refresh_snapshot; snapshot dashboard.json records code hashes,Same snapshot tables/events for rendering; original S4/S5 archive for raw recollection
outputs/s5_analysis/dashboard_snapshots/20260916T001507.582819Z/data/parallel_throughput.json,68993,a1d1b99f3637427b62141f9b0f3812fc80d6edbd3d4f559ba5d733ed5c359168,s5_analysis/dashboard_snapshots,analytical Case118 S4/S5; historical snapshots retain their own coverage,retain-archive,,Historical snapshot or supporting detail; final selected views are promoted explicitly,outputs/s5_analysis/dashboard_support.py: refresh_snapshot; snapshot dashboard.json records code hashes,Same snapshot tables/events for rendering; original S4/S5 archive for raw recollection
outputs/s5_analysis/dashboard_snapshots/20260916T001507.582819Z/data/periods.csv,601078,1a613214143efddac446a4d3d4dddbe0ae7d36e7502ff5d554c81e3f30ec5b6f,s5_analysis/dashboard_snapshots,analytical Case118 S4/S5; historical snapshots retain their own coverage,retain-archive,,Historical snapshot or supporting detail; final selected views are promoted explicitly,outputs/s5_analysis/dashboard_support.py: refresh_snapshot; snapshot dashboard.json records code hashes,Same snapshot tables/events for rendering; original S4/S5 archive for raw recollection
outputs/s5_analysis/dashboard_snapshots/20260916T001507.582819Z/data/post_reboot_distribution.json,180831,e994a1b2a6cfa532cbe408baad6f4e7d94576247729900f661fa6b11fd4f61c4,s5_analysis/dashboard_snapshots,analytical Case118 S4/S5; historical snapshots retain their own coverage,retain-archive,,Historical snapshot or supporting detail; final selected views are promoted explicitly,outputs/s5_analysis/dashboard_support.py: refresh_snapshot; snapshot dashboard.json records code hashes,Same snapshot tables/events for rendering; original S4/S5 archive for raw recollection
outputs/s5_analysis/dashboard_snapshots/20260916T001507.582819Z/data/post_reboot_plot.py,5194,67fb085001461a2443bb1491118f9d0820a07f94390f5b10c7eaf16eacc96d18,s5_analysis/dashboard_snapshots,analytical Case118 S4/S5; historical snapshots retain their own coverage,retain-archive,,Historical snapshot or supporting detail; final selected views are promoted explicitly,outputs/s5_analysis/dashboard_snapshots/20260916T001507.582819Z/data/post_reboot_plot.py (source code; not a generated result),"Imports, environment variables and input paths are specified in this source; see group disposition"
outputs/s5_analysis/dashboard_snapshots/20260916T001507.582819Z/data/progress_snapshot.json,99855,4221e345c9d8e41b39fcb49a476f980382562bfc3d8f754fac8e42dfcdc41493,s5_analysis/dashboard_snapshots,analytical Case118 S4/S5; historical snapshots retain their own coverage,retain-archive,,Historical snapshot or supporting detail; final selected views are promoted explicitly,outputs/s5_analysis/dashboard_support.py: refresh_snapshot; snapshot dashboard.json records code hashes,Same snapshot tables/events for rendering; original S4/S5 archive for raw recollection
outputs/s5_analysis/dashboard_snapshots/20260916T001507.582819Z/data/race_event_snapshot.json,1607090,bbe11a99255e211a681f5d940a076b8c336c013c881ac6b34344c95a857e4056,s5_analysis/dashboard_snapshots,analytical Case118 S4/S5; historical snapshots retain their own coverage,retain-archive,,Historical snapshot or supporting detail; final selected views are promoted explicitly,outputs/s5_analysis/dashboard_support.py: refresh_snapshot; snapshot dashboard.json records code hashes,Same snapshot tables/events for rendering; original S4/S5 archive for raw recollection
outputs/s5_analysis/dashboard_snapshots/20260916T001507.582819Z/data/rolling_p95.csv,75478,b048f51953ddb007ca712b8ac991acb23553e148cee7dd8d5f0a149a5a64f25e,s5_analysis/dashboard_snapshots,analytical Case118 S4/S5; historical snapshots retain their own coverage,retain-archive,,Historical snapshot or supporting detail; final selected views are promoted explicitly,outputs/s5_analysis/dashboard_support.py: refresh_snapshot; snapshot dashboard.json records code hashes,Same snapshot tables/events for rendering; original S4/S5 archive for raw recollection
outputs/s5_analysis/dashboard_snapshots/20260916T001507.582819Z/data/solve_summary.json,2309945,f07c8045b5fd53601b88237d872f5799118e5d8881a939ebecb9597bda5bb774,s5_analysis/dashboard_snapshots,analytical Case118 S4/S5; historical snapshots retain their own coverage,retain-archive,,Historical snapshot or supporting detail; final selected views are promoted explicitly,outputs/s5_analysis/dashboard_support.py: refresh_snapshot; snapshot dashboard.json records code hashes,Same snapshot tables/events for rendering; original S4/S5 archive for raw recollection
outputs/s5_analysis/dashboard_snapshots/20260916T001507.582819Z/data/solve_times.csv,1320919,558a63fd57784b24f7c967da8adfb873e3a2621262c6cc6249506ca5c1898a04,s5_analysis/dashboard_snapshots,analytical Case118 S4/S5; historical snapshots retain their own coverage,retain-archive,,Historical snapshot or supporting detail; final selected views are promoted explicitly,outputs/s5_analysis/dashboard_support.py: refresh_snapshot; snapshot dashboard.json records code hashes,Same snapshot tables/events for rendering; original S4/S5 archive for raw recollection
outputs/s5_analysis/dashboard_snapshots/20260916T001507.582819Z/data/solve_times_render.py,4079,4e034b60cfc30b86d9db8e0e14613771e6cf8ed3adc07eba4373a77a688367d4,s5_analysis/dashboard_snapshots,analytical Case118 S4/S5; historical snapshots retain their own coverage,retain-archive,,Historical snapshot or supporting detail; final selected views are promoted explicitly,outputs/s5_analysis/dashboard_snapshots/20260916T001507.582819Z/data/solve_times_render.py (source code; not a generated result),"Imports, environment variables and input paths are specified in this source; see group disposition"
outputs/s5_analysis/dashboard_snapshots/20260916T001507.582819Z/data/throughput_plot.py,4865,5922c40d468fc4a2318a2e9950a312edab5013e4e4ecc564c7087488b0563e48,s5_analysis/dashboard_snapshots,analytical Case118 S4/S5; historical snapshots retain their own coverage,retain-archive,,Historical snapshot or supporting detail; final selected views are promoted explicitly,outputs/s5_analysis/dashboard_snapshots/20260916T001507.582819Z/data/throughput_plot.py (source code; not a generated result),"Imports, environment variables and input paths are specified in this source; see group disposition"
outputs/s5_analysis/dashboard_snapshots/20260916T001507.582819Z/dispatch/intervals.csv,3320737,345f71be270a1eea82e56056e3dd37759df402cb84158cfe22ead3e096c20e23,s5_analysis/dashboard_snapshots,analytical Case118 S4/S5; historical snapshots retain their own coverage,retain-archive,,Historical snapshot or supporting detail; final selected views are promoted explicitly,outputs/s5_analysis/dashboard_support.py: refresh_snapshot; snapshot dashboard.json records code hashes,Same snapshot tables/events for rendering; original S4/S5 archive for raw recollection
outputs/s5_analysis/dashboard_snapshots/20260916T001507.582819Z/dispatch/report.json,6801,7abc8a1e005abadd020ddfb07266abe7a53f2795578d35e0725e96745cdfb982,s5_analysis/dashboard_snapshots,analytical Case118 S4/S5; historical snapshots retain their own coverage,retain-archive,,Historical snapshot or supporting detail; final selected views are promoted explicitly,outputs/s5_analysis/dashboard_support.py: refresh_snapshot; snapshot dashboard.json records code hashes,Same snapshot tables/events for rendering; original S4/S5 archive for raw recollection
outputs/s5_analysis/dashboard_snapshots/20260916T001507.582819Z/dispatch.log,2957,72df1336d663d2f68f1c1b006da1d916efade20e64405cd7f5ef4462adfad1b8,s5_analysis/dashboard_snapshots,analytical Case118 S4/S5; historical snapshots retain their own coverage,retain-archive,,Historical snapshot or supporting detail; final selected views are promoted explicitly,outputs/s5_analysis/dashboard_support.py: refresh_snapshot; snapshot dashboard.json records code hashes,Same snapshot tables/events for rendering; original S4/S5 archive for raw recollection
outputs/s5_analysis/dashboard_snapshots/20260916T001507.582819Z/events.json,482,be057083b75b2658b58fa168c9e15f9a40f415f36df64cb7a4d0c3677e796af8,s5_analysis/dashboard_snapshots,analytical Case118 S4/S5; historical snapshots retain their own coverage,retain-archive,,Historical snapshot or supporting detail; final selected views are promoted explicitly,outputs/s5_analysis/dashboard_support.py: refresh_snapshot; snapshot dashboard.json records code hashes,Same snapshot tables/events for rendering; original S4/S5 archive for raw recollection
outputs/s5_analysis/dashboard_snapshots/20260916T001507.582819Z/periods/period_p95_last24h.pdf,35535,de79591766e8122d956b7ddeda4742a4fccc180e49dac6ed5588e411ca488feb,s5_analysis/dashboard_snapshots,analytical Case118 S4/S5; historical snapshots retain their own coverage,retain-archive,,Historical snapshot or supporting detail; final selected views are promoted explicitly,outputs/s5_analysis/dashboard_support.py: refresh_snapshot; snapshot dashboard.json records code hashes,Same snapshot tables/events for rendering; original S4/S5 archive for raw recollection
outputs/s5_analysis/dashboard_snapshots/20260916T001507.582819Z/periods/period_p95_last24h.png,221604,9db794d9e85ff5e4255211da9e44fe3f5280f60069c18b29f340d081074544ba,s5_analysis/dashboard_snapshots,analytical Case118 S4/S5; historical snapshots retain their own coverage,retain-archive,,Historical snapshot or supporting detail; final selected views are promoted explicitly,outputs/s5_analysis/dashboard_support.py: refresh_snapshot; snapshot dashboard.json records code hashes,Same snapshot tables/events for rendering; original S4/S5 archive for raw recollection
outputs/s5_analysis/dashboard_snapshots/20260916T001507.582819Z/periods/periods.csv,682266,ce079c18ef6585430371d4c61b620483d352b772a962ff83d68965f6d195332e,s5_analysis/dashboard_snapshots,analytical Case118 S4/S5; historical snapshots retain their own coverage,retain-archive,,Historical snapshot or supporting detail; final selected views are promoted explicitly,outputs/s5_analysis/dashboard_support.py: refresh_snapshot; snapshot dashboard.json records code hashes,Same snapshot tables/events for rendering; original S4/S5 archive for raw recollection
outputs/s5_analysis/dashboard_snapshots/20260916T001507.582819Z/periods/rolling_p95.csv,79402,3f01a35fc04413c377f38b179960a4a47e7c4176b065ce1b1e7d9e05c8a2e4d1,s5_analysis/dashboard_snapshots,analytical Case118 S4/S5; historical snapshots retain their own coverage,retain-archive,,Historical snapshot or supporting detail; final selected views are promoted explicitly,outputs/s5_analysis/dashboard_support.py: refresh_snapshot; snapshot dashboard.json records code hashes,Same snapshot tables/events for rendering; original S4/S5 archive for raw recollection
outputs/s5_analysis/dashboard_snapshots/20260916T001507.582819Z/periods/summary.json,1861796,c1e22d22096c56ba0fbf982a14a50e55273fdfbd7bb0f695fc2b6b8e732c3303,s5_analysis/dashboard_snapshots,analytical Case118 S4/S5; historical snapshots retain their own coverage,retain-archive,,Historical snapshot or supporting detail; final selected views are promoted explicitly,outputs/s5_analysis/dashboard_support.py: refresh_snapshot; snapshot dashboard.json records code hashes,Same snapshot tables/events for rendering; original S4/S5 archive for raw recollection
outputs/s5_analysis/dashboard_snapshots/20260916T001507.582819Z/periods.log,1532,f71371f22fd044b33e679c463fd08459074e04402eecda35c987d342367900d1,s5_analysis/dashboard_snapshots,analytical Case118 S4/S5; historical snapshots retain their own coverage,retain-archive,,Historical snapshot or supporting detail; final selected views are promoted explicitly,outputs/s5_analysis/dashboard_support.py: refresh_snapshot; snapshot dashboard.json records code hashes,Same snapshot tables/events for rendering; original S4/S5 archive for raw recollection
outputs/s5_analysis/dashboard_snapshots/20260916T001507.582819Z/races.log,565,b3615c136e414b1ee4cf50b1428793bd69b506c28b3b4aa282153e1372ddc1cf,s5_analysis/dashboard_snapshots,analytical Case118 S4/S5; historical snapshots retain their own coverage,retain-archive,,Historical snapshot or supporting detail; final selected views are promoted explicitly,outputs/s5_analysis/dashboard_support.py: refresh_snapshot; snapshot dashboard.json records code hashes,Same snapshot tables/events for rendering; original S4/S5 archive for raw recollection
outputs/s5_analysis/dashboard_snapshots/20260916T001507.582819Z/solves/solve_times.csv,1564806,6abf262c3616760832a0517aa842f0ce6b008a186be3e3c9ae6ad0de07081de9,s5_analysis/dashboard_snapshots,analytical Case118 S4/S5; historical snapshots retain their own coverage,retain-archive,,Historical snapshot or supporting detail; final selected views are promoted explicitly,outputs/s5_analysis/dashboard_support.py: refresh_snapshot; snapshot dashboard.json records code hashes,Same snapshot tables/events for rendering; original S4/S5 archive for raw recollection
outputs/s5_analysis/dashboard_snapshots/20260916T001507.582819Z/solves/solve_times_last24h.pdf,71601,08ee648e467a9e07d545c244c7bbae30d98fd660f452325bfea3cf8c8d8a6270,s5_analysis/dashboard_snapshots,analytical Case118 S4/S5; historical snapshots retain their own coverage,retain-archive,,Historical snapshot or supporting detail; final selected views are promoted explicitly,outputs/s5_analysis/dashboard_support.py: refresh_snapshot; snapshot dashboard.json records code hashes,Same snapshot tables/events for rendering; original S4/S5 archive for raw recollection
outputs/s5_analysis/dashboard_snapshots/20260916T001507.582819Z/solves/solve_times_last24h.png,326461,20eec1aefe2077604eef70930aa54813018249a0c67f7c3290c66c7a645b18f0,s5_analysis/dashboard_snapshots,analytical Case118 S4/S5; historical snapshots retain their own coverage,retain-archive,,Historical snapshot or supporting detail; final selected views are promoted explicitly,outputs/s5_analysis/dashboard_support.py: refresh_snapshot; snapshot dashboard.json records code hashes,Same snapshot tables/events for rendering; original S4/S5 archive for raw recollection
outputs/s5_analysis/dashboard_snapshots/20260916T001507.582819Z/solves/summary.json,2572219,0def3fd95a649b55ee8d53232fdeedee3b182de515d5e896c493a1d53b9ed3f7,s5_analysis/dashboard_snapshots,analytical Case118 S4/S5; historical snapshots retain their own coverage,retain-archive,,Historical snapshot or supporting detail; final selected views are promoted explicitly,outputs/s5_analysis/dashboard_support.py: refresh_snapshot; snapshot dashboard.json records code hashes,Same snapshot tables/events for rendering; original S4/S5 archive for raw recollection
outputs/s5_analysis/dashboard_snapshots/20260916T001507.582819Z/solves.log,1019,9929e33b949b3027b53d65b448ae2dbe99050a330ca4f0d6578b305cffc8c9b2,s5_analysis/dashboard_snapshots,analytical Case118 S4/S5; historical snapshots retain their own coverage,retain-archive,,Historical snapshot or supporting detail; final selected views are promoted explicitly,outputs/s5_analysis/dashboard_support.py: refresh_snapshot; snapshot dashboard.json records code hashes,Same snapshot tables/events for rendering; original S4/S5 archive for raw recollection
outputs/s5_analysis/dashboard_snapshots/20260916T151412.566183Z/assets/completion_full.pdf,47160,c38d796012c8d7b5ae3567976f77f580e5d5d21176b8456013b43d73de8363eb,s5_analysis/dashboard_snapshots,analytical Case118 S4/S5; historical snapshots retain their own coverage,retain-archive,,Historical snapshot or supporting detail; final selected views are promoted explicitly,outputs/s5_analysis/dashboard_support.py: refresh_snapshot; snapshot dashboard.json records code hashes,Same snapshot tables/events for rendering; original S4/S5 archive for raw recollection
outputs/s5_analysis/dashboard_snapshots/20260916T151412.566183Z/assets/completion_full.png,110293,62cc7b0937d03a794a12b09b8c59ae8099afd37001336c099a6c1803500e5a45,s5_analysis/dashboard_snapshots,analytical Case118 S4/S5; historical snapshots retain their own coverage,retain-archive,,Historical snapshot or supporting detail; final selected views are promoted explicitly,outputs/s5_analysis/dashboard_support.py: refresh_snapshot; snapshot dashboard.json records code hashes,Same snapshot tables/events for rendering; original S4/S5 archive for raw recollection
outputs/s5_analysis/dashboard_snapshots/20260916T151412.566183Z/assets/completion_zoom.pdf,45564,79e34c05fdf8d8e92e08cd30bd1e220e972d646779e19360c036d935d9c41f6e,s5_analysis/dashboard_snapshots,analytical Case118 S4/S5; historical snapshots retain their own coverage,retain-archive,,Historical snapshot or supporting detail; final selected views are promoted explicitly,outputs/s5_analysis/dashboard_support.py: refresh_snapshot; snapshot dashboard.json records code hashes,Same snapshot tables/events for rendering; original S4/S5 archive for raw recollection
outputs/s5_analysis/dashboard_snapshots/20260916T151412.566183Z/assets/completion_zoom.png,105829,1d9e4173d05304eea29384449de952b6a261c053868485254a05dd638b4e49f2,s5_analysis/dashboard_snapshots,analytical Case118 S4/S5; historical snapshots retain their own coverage,retain-archive,,Historical snapshot or supporting detail; final selected views are promoted explicitly,outputs/s5_analysis/dashboard_support.py: refresh_snapshot; snapshot dashboard.json records code hashes,Same snapshot tables/events for rendering; original S4/S5 archive for raw recollection
outputs/s5_analysis/dashboard_snapshots/20260916T151412.566183Z/assets/old_periods.pdf,39654,f3bda2479de3fb988b87c304941b789dd6e1320c6d664d2648b3aa7420d35a25,s5_analysis/dashboard_snapshots,analytical Case118 S4/S5; historical snapshots retain their own coverage,retain-archive,,Historical snapshot or supporting detail; final selected views are promoted explicitly,outputs/s5_analysis/dashboard_support.py: refresh_snapshot; snapshot dashboard.json records code hashes,Same snapshot tables/events for rendering; original S4/S5 archive for raw recollection
outputs/s5_analysis/dashboard_snapshots/20260916T151412.566183Z/assets/parallel_throughput.pdf,81788,8477c1f999404346b47e35ee96d1f5811eb4535b4bf4f154e0240b91f620edca,s5_analysis/dashboard_snapshots,analytical Case118 S4/S5; historical snapshots retain their own coverage,retain-archive,,Historical snapshot or supporting detail; final selected views are promoted explicitly,outputs/s5_analysis/dashboard_support.py: refresh_snapshot; snapshot dashboard.json records code hashes,Same snapshot tables/events for rendering; original S4/S5 archive for raw recollection
outputs/s5_analysis/dashboard_snapshots/20260916T151412.566183Z/assets/parallel_throughput.png,108747,7041ef3e4091b8e8b7b934d7af5813e0b3878a945f8456d980a12f9f4dcf7a53,s5_analysis/dashboard_snapshots,analytical Case118 S4/S5; historical snapshots retain their own coverage,retain-archive,,Historical snapshot or supporting detail; final selected views are promoted explicitly,outputs/s5_analysis/dashboard_support.py: refresh_snapshot; snapshot dashboard.json records code hashes,Same snapshot tables/events for rendering; original S4/S5 archive for raw recollection
outputs/s5_analysis/dashboard_snapshots/20260916T151412.566183Z/assets/period_p95.pdf,29759,4edfbf4d45a5a6f2f89671b1fac32a82638eb506bc30827be5f868d45187c426,s5_analysis/dashboard_snapshots,analytical Case118 S4/S5; historical snapshots retain their own coverage,retain-archive,,Historical snapshot or supporting detail; final selected views are promoted explicitly,outputs/s5_analysis/dashboard_support.py: refresh_snapshot; snapshot dashboard.json records code hashes,Same snapshot tables/events for rendering; original S4/S5 archive for raw recollection
outputs/s5_analysis/dashboard_snapshots/20260916T151412.566183Z/assets/period_p95.png,152556,24b72d4c5a2de5c1076067f0b5b33a49b50fc0125087e8ebe725b5f264117a43,s5_analysis/dashboard_snapshots,analytical Case118 S4/S5; historical snapshots retain their own coverage,retain-archive,,Historical snapshot or supporting detail; final selected views are promoted explicitly,outputs/s5_analysis/dashboard_support.py: refresh_snapshot; snapshot dashboard.json records code hashes,Same snapshot tables/events for rendering; original S4/S5 archive for raw recollection
outputs/s5_analysis/dashboard_snapshots/20260916T151412.566183Z/assets/post_reboot_distribution.pdf,25524,e709946826214f0794c875babe9bd3b8f17dc7e82e87c72c754d9569e48c7253,s5_analysis/dashboard_snapshots,analytical Case118 S4/S5; historical snapshots retain their own coverage,retain-archive,,Historical snapshot or supporting detail; final selected views are promoted explicitly,outputs/s5_analysis/dashboard_support.py: refresh_snapshot; snapshot dashboard.json records code hashes,Same snapshot tables/events for rendering; original S4/S5 archive for raw recollection
outputs/s5_analysis/dashboard_snapshots/20260916T151412.566183Z/assets/post_reboot_distribution.png,91594,1e8f1837c95907b685620194802a89ae8172523e71f52a20ce662219e1cbf07f,s5_analysis/dashboard_snapshots,analytical Case118 S4/S5; historical snapshots retain their own coverage,retain-archive,,Historical snapshot or supporting detail; final selected views are promoted explicitly,outputs/s5_analysis/dashboard_support.py: refresh_snapshot; snapshot dashboard.json records code hashes,Same snapshot tables/events for rendering; original S4/S5 archive for raw recollection
outputs/s5_analysis/dashboard_snapshots/20260916T151412.566183Z/assets/solve_times.pdf,81285,9823f50241220cb0a045073244b26329768ef4f7d1423e34385c12f967dc97a4,s5_analysis/dashboard_snapshots,analytical Case118 S4/S5; historical snapshots retain their own coverage,retain-archive,,Historical snapshot or supporting detail; final selected views are promoted explicitly,outputs/s5_analysis/dashboard_support.py: refresh_snapshot; snapshot dashboard.json records code hashes,Same snapshot tables/events for rendering; original S4/S5 archive for raw recollection
outputs/s5_analysis/dashboard_snapshots/20260916T151412.566183Z/assets/solve_times.png,285901,baa225f596f43b023b538c8e40070fbf4d08fab0071316b15a19f8ba00632b77,s5_analysis/dashboard_snapshots,analytical Case118 S4/S5; historical snapshots retain their own coverage,retain-archive,,Historical snapshot or supporting detail; final selected views are promoted explicitly,outputs/s5_analysis/dashboard_support.py: refresh_snapshot; snapshot dashboard.json records code hashes,Same snapshot tables/events for rendering; original S4/S5 archive for raw recollection
outputs/s5_analysis/dashboard_snapshots/20260916T151412.566183Z/completion/band_metadata.json,370,5d7939e43975f32a3b84615867fabf7e936d5e46677b9a05ce6f47cb9e49aa9a,s5_analysis/dashboard_snapshots,analytical Case118 S4/S5; historical snapshots retain their own coverage,retain-archive,,Historical snapshot or supporting detail; final selected views are promoted explicitly,outputs/s5_analysis/dashboard_support.py: refresh_snapshot; snapshot dashboard.json records code hashes,Same snapshot tables/events for rendering; original S4/S5 archive for raw recollection
outputs/s5_analysis/dashboard_snapshots/20260916T151412.566183Z/completion/checkpoint_snapshot.json,1267057,7c28f5367d23cf8adc4b6b6df2666d100576b5d0c183eb5626bb4d1bb28d1348,s5_analysis/dashboard_snapshots,analytical Case118 S4/S5; historical snapshots retain their own coverage,retain-archive,,Historical snapshot or supporting detail; final selected views are promoted explicitly,outputs/s5_analysis/dashboard_support.py: refresh_snapshot; snapshot dashboard.json records code hashes,Same snapshot tables/events for rendering; original S4/S5 archive for raw recollection
outputs/s5_analysis/dashboard_snapshots/20260916T151412.566183Z/completion/completion.csv,2081098,9844180203b4894192ed8fd2baae6e865f6bd52187d9e61d684b9b6d105f1650,s5_analysis/dashboard_snapshots,analytical Case118 S4/S5; historical snapshots retain their own coverage,retain-archive,,Historical snapshot or supporting detail; final selected views are promoted explicitly,outputs/s5_analysis/dashboard_support.py: refresh_snapshot; snapshot dashboard.json records code hashes,Same snapshot tables/events for rendering; original S4/S5 archive for raw recollection
outputs/s5_analysis/dashboard_snapshots/20260916T151412.566183Z/completion/completion_walltime.pdf,58784,9bcc6c07ca955034017790ab66ec45d5b30bd4b130c949cb8eddd5ca5d01b983,s5_analysis/dashboard_snapshots,analytical Case118 S4/S5; historical snapshots retain their own coverage,retain-archive,,Historical snapshot or supporting detail; final selected views are promoted explicitly,outputs/s5_analysis/dashboard_support.py: refresh_snapshot; snapshot dashboard.json records code hashes,Same snapshot tables/events for rendering; original S4/S5 archive for raw recollection
outputs/s5_analysis/dashboard_snapshots/20260916T151412.566183Z/completion/completion_walltime.png,133886,c972930a618b06546271a801909a7726df157b877adf32edd0bd83416033fbe9,s5_analysis/dashboard_snapshots,analytical Case118 S4/S5; historical snapshots retain their own coverage,retain-archive,,Historical snapshot or supporting detail; final selected views are promoted explicitly,outputs/s5_analysis/dashboard_support.py: refresh_snapshot; snapshot dashboard.json records code hashes,Same snapshot tables/events for rendering; original S4/S5 archive for raw recollection
outputs/s5_analysis/dashboard_snapshots/20260916T151412.566183Z/completion/completion_walltime_band.pdf,59568,bca131d27c38c204af5ff576e580b111ce1604c334daf0c8859dfa387bac38dc,s5_analysis/dashboard_snapshots,analytical Case118 S4/S5; historical snapshots retain their own coverage,retain-archive,,Historical snapshot or supporting detail; final selected views are promoted explicitly,outputs/s5_analysis/dashboard_support.py: refresh_snapshot; snapshot dashboard.json records code hashes,Same snapshot tables/events for rendering; original S4/S5 archive for raw recollection
outputs/s5_analysis/dashboard_snapshots/20260916T151412.566183Z/completion/completion_walltime_band.png,142859,348218263e9e88a6e86192b261a44fde2eb10ee3df82343c709f2155bd942228,s5_analysis/dashboard_snapshots,analytical Case118 S4/S5; historical snapshots retain their own coverage,retain-archive,,Historical snapshot or supporting detail; final selected views are promoted explicitly,outputs/s5_analysis/dashboard_support.py: refresh_snapshot; snapshot dashboard.json records code hashes,Same snapshot tables/events for rendering; original S4/S5 archive for raw recollection
outputs/s5_analysis/dashboard_snapshots/20260916T151412.566183Z/completion/summary.json,3851,157cfd5537bba84edff89e0ecc858dee22e339a03fa920c0f07d4d18660c9034,s5_analysis/dashboard_snapshots,analytical Case118 S4/S5; historical snapshots retain their own coverage,retain-archive,,Historical snapshot or supporting detail; final selected views are promoted explicitly,outputs/s5_analysis/dashboard_support.py: refresh_snapshot; snapshot dashboard.json records code hashes,Same snapshot tables/events for rendering; original S4/S5 archive for raw recollection
outputs/s5_analysis/dashboard_snapshots/20260916T151412.566183Z/completion.log,1073,036fdf89c5359e1484c62427e98d4716f9f7fd65e66fe9d54f0b3203cf99cad7,s5_analysis/dashboard_snapshots,analytical Case118 S4/S5; historical snapshots retain their own coverage,retain-archive,,Historical snapshot or supporting detail; final selected views are promoted explicitly,outputs/s5_analysis/dashboard_support.py: refresh_snapshot; snapshot dashboard.json records code hashes,Same snapshot tables/events for rendering; original S4/S5 archive for raw recollection
outputs/s5_analysis/dashboard_snapshots/20260916T151412.566183Z/dashboard.json,1556,d9a59a3cd3357eb40ecc265719c3aaee9cc0433e28b7e376daf95d6f5af1600f,s5_analysis/dashboard_snapshots,analytical Case118 S4/S5; historical snapshots retain their own coverage,retain-archive,,Historical snapshot or supporting detail; final selected views are promoted explicitly,outputs/s5_analysis/dashboard_support.py: refresh_snapshot; snapshot dashboard.json records code hashes,Same snapshot tables/events for rendering; original S4/S5 archive for raw recollection
outputs/s5_analysis/dashboard_snapshots/20260916T151412.566183Z/data/completion.csv,1481931,093168c5a8e31a100d1b3a900840a1759121fc93c11b99a2dd41e26c67609bae,s5_analysis/dashboard_snapshots,analytical Case118 S4/S5; historical snapshots retain their own coverage,retain-archive,,Historical snapshot or supporting detail; final selected views are promoted explicitly,outputs/s5_analysis/dashboard_support.py: refresh_snapshot; snapshot dashboard.json records code hashes,Same snapshot tables/events for rendering; original S4/S5 archive for raw recollection
outputs/s5_analysis/dashboard_snapshots/20260916T151412.566183Z/data/completion_render.py,4363,ea7ed55bc24c4bac643354b2075cae648543efffeb72b874d6a3f2e01e7a6edd,s5_analysis/dashboard_snapshots,analytical Case118 S4/S5; historical snapshots retain their own coverage,retain-archive,,Historical snapshot or supporting detail; final selected views are promoted explicitly,outputs/s5_analysis/dashboard_snapshots/20260916T151412.566183Z/data/completion_render.py (source code; not a generated result),"Imports, environment variables and input paths are specified in this source; see group disposition"
outputs/s5_analysis/dashboard_snapshots/20260916T151412.566183Z/data/completion_summary.json,3164,d083ba2ed1e220f4405702752d7c92d778c7c5db295ea83bb2361da40d92e6c9,s5_analysis/dashboard_snapshots,analytical Case118 S4/S5; historical snapshots retain their own coverage,retain-archive,,Historical snapshot or supporting detail; final selected views are promoted explicitly,outputs/s5_analysis/dashboard_support.py: refresh_snapshot; snapshot dashboard.json records code hashes,Same snapshot tables/events for rendering; original S4/S5 archive for raw recollection
outputs/s5_analysis/dashboard_snapshots/20260916T151412.566183Z/data/figure_sources.json,4047,64ed51c07db74f10cbfb6d8bbb64923c7eaec805d966dfe219a8082f082c16d4,s5_analysis/dashboard_snapshots,analytical Case118 S4/S5; historical snapshots retain their own coverage,retain-archive,,Historical snapshot or supporting detail; final selected views are promoted explicitly,outputs/s5_analysis/dashboard_support.py: refresh_snapshot; snapshot dashboard.json records code hashes,Same snapshot tables/events for rendering; original S4/S5 archive for raw recollection
outputs/s5_analysis/dashboard_snapshots/20260916T151412.566183Z/data/old_periods_summary.json,10440,785121f32a60db7c3e915cda557c3e8eeae6908996f67e15badc0b59572c8cdf,s5_analysis/dashboard_snapshots,analytical Case118 S4/S5; historical snapshots retain their own coverage,retain-archive,,Historical snapshot or supporting detail; final selected views are promoted explicitly,outputs/s5_analysis/dashboard_support.py: refresh_snapshot; snapshot dashboard.json records code hashes,Same snapshot tables/events for rendering; original S4/S5 archive for raw recollection
outputs/s5_analysis/dashboard_snapshots/20260916T151412.566183Z/data/operator_observations.md,3468,f7b70ae75c6bfdf9f67c6646a578e375ca9b16e07d715d4e678ad01d441dd57a,s5_analysis/dashboard_snapshots,analytical Case118 S4/S5; historical snapshots retain their own coverage,retain-archive,,Historical snapshot or supporting detail; final selected views are promoted explicitly,outputs/s5_analysis/dashboard_support.py: refresh_snapshot; snapshot dashboard.json records code hashes,Same snapshot tables/events for rendering; original S4/S5 archive for raw recollection
outputs/s5_analysis/dashboard_snapshots/20260916T151412.566183Z/data/p95_render.py,3761,09efe914c8522bc0c18a3b75ef0db6a2a9795afe54431f5aa679733fe474feb3,s5_analysis/dashboard_snapshots,analytical Case118 S4/S5; historical snapshots retain their own coverage,retain-archive,,Historical snapshot or supporting detail; final selected views are promoted explicitly,outputs/s5_analysis/dashboard_snapshots/20260916T151412.566183Z/data/p95_render.py (source code; not a generated result),"Imports, environment variables and input paths are specified in this source; see group disposition"
outputs/s5_analysis/dashboard_snapshots/20260916T151412.566183Z/data/p95_summary.json,1532,15f60fa002304c413fdcf7f0fb05ead4941d71a719f39bef86dac1f8722686d2,s5_analysis/dashboard_snapshots,analytical Case118 S4/S5; historical snapshots retain their own coverage,retain-archive,,Historical snapshot or supporting detail; final selected views are promoted explicitly,outputs/s5_analysis/dashboard_support.py: refresh_snapshot; snapshot dashboard.json records code hashes,Same snapshot tables/events for rendering; original S4/S5 archive for raw recollection
outputs/s5_analysis/dashboard_snapshots/20260916T151412.566183Z/data/parallel_throughput.json,68993,a1d1b99f3637427b62141f9b0f3812fc80d6edbd3d4f559ba5d733ed5c359168,s5_analysis/dashboard_snapshots,analytical Case118 S4/S5; historical snapshots retain their own coverage,retain-archive,,Historical snapshot or supporting detail; final selected views are promoted explicitly,outputs/s5_analysis/dashboard_support.py: refresh_snapshot; snapshot dashboard.json records code hashes,Same snapshot tables/events for rendering; original S4/S5 archive for raw recollection
outputs/s5_analysis/dashboard_snapshots/20260916T151412.566183Z/data/periods.csv,601078,1a613214143efddac446a4d3d4dddbe0ae7d36e7502ff5d554c81e3f30ec5b6f,s5_analysis/dashboard_snapshots,analytical Case118 S4/S5; historical snapshots retain their own coverage,retain-archive,,Historical snapshot or supporting detail; final selected views are promoted explicitly,outputs/s5_analysis/dashboard_support.py: refresh_snapshot; snapshot dashboard.json records code hashes,Same snapshot tables/events for rendering; original S4/S5 archive for raw recollection
outputs/s5_analysis/dashboard_snapshots/20260916T151412.566183Z/data/post_reboot_distribution.json,180831,e994a1b2a6cfa532cbe408baad6f4e7d94576247729900f661fa6b11fd4f61c4,s5_analysis/dashboard_snapshots,analytical Case118 S4/S5; historical snapshots retain their own coverage,retain-archive,,Historical snapshot or supporting detail; final selected views are promoted explicitly,outputs/s5_analysis/dashboard_support.py: refresh_snapshot; snapshot dashboard.json records code hashes,Same snapshot tables/events for rendering; original S4/S5 archive for raw recollection
outputs/s5_analysis/dashboard_snapshots/20260916T151412.566183Z/data/post_reboot_plot.py,5194,67fb085001461a2443bb1491118f9d0820a07f94390f5b10c7eaf16eacc96d18,s5_analysis/dashboard_snapshots,analytical Case118 S4/S5; historical snapshots retain their own coverage,retain-archive,,Historical snapshot or supporting detail; final selected views are promoted explicitly,outputs/s5_analysis/dashboard_snapshots/20260916T151412.566183Z/data/post_reboot_plot.py (source code; not a generated result),"Imports, environment variables and input paths are specified in this source; see group disposition"
outputs/s5_analysis/dashboard_snapshots/20260916T151412.566183Z/data/progress_snapshot.json,118384,43ad7bd6fda59a3c82144efc863cb6df40934d6b9c1178e35185e683a3993bd5,s5_analysis/dashboard_snapshots,analytical Case118 S4/S5; historical snapshots retain their own coverage,retain-archive,,Historical snapshot or supporting detail; final selected views are promoted explicitly,outputs/s5_analysis/dashboard_support.py: refresh_snapshot; snapshot dashboard.json records code hashes,Same snapshot tables/events for rendering; original S4/S5 archive for raw recollection
outputs/s5_analysis/dashboard_snapshots/20260916T151412.566183Z/data/race_event_snapshot.json,2220972,10fd7cbfb558b4ecb73b9d449ec9f9ec6fbbe5db4a94d4ef3749862ad649af3d,s5_analysis/dashboard_snapshots,analytical Case118 S4/S5; historical snapshots retain their own coverage,retain-archive,,Historical snapshot or supporting detail; final selected views are promoted explicitly,outputs/s5_analysis/dashboard_support.py: refresh_snapshot; snapshot dashboard.json records code hashes,Same snapshot tables/events for rendering; original S4/S5 archive for raw recollection
outputs/s5_analysis/dashboard_snapshots/20260916T151412.566183Z/data/rolling_p95.csv,75478,b048f51953ddb007ca712b8ac991acb23553e148cee7dd8d5f0a149a5a64f25e,s5_analysis/dashboard_snapshots,analytical Case118 S4/S5; historical snapshots retain their own coverage,retain-archive,,Historical snapshot or supporting detail; final selected views are promoted explicitly,outputs/s5_analysis/dashboard_support.py: refresh_snapshot; snapshot dashboard.json records code hashes,Same snapshot tables/events for rendering; original S4/S5 archive for raw recollection
outputs/s5_analysis/dashboard_snapshots/20260916T151412.566183Z/data/solve_summary.json,2309945,f07c8045b5fd53601b88237d872f5799118e5d8881a939ebecb9597bda5bb774,s5_analysis/dashboard_snapshots,analytical Case118 S4/S5; historical snapshots retain their own coverage,retain-archive,,Historical snapshot or supporting detail; final selected views are promoted explicitly,outputs/s5_analysis/dashboard_support.py: refresh_snapshot; snapshot dashboard.json records code hashes,Same snapshot tables/events for rendering; original S4/S5 archive for raw recollection
outputs/s5_analysis/dashboard_snapshots/20260916T151412.566183Z/data/solve_times.csv,1320919,558a63fd57784b24f7c967da8adfb873e3a2621262c6cc6249506ca5c1898a04,s5_analysis/dashboard_snapshots,analytical Case118 S4/S5; historical snapshots retain their own coverage,retain-archive,,Historical snapshot or supporting detail; final selected views are promoted explicitly,outputs/s5_analysis/dashboard_support.py: refresh_snapshot; snapshot dashboard.json records code hashes,Same snapshot tables/events for rendering; original S4/S5 archive for raw recollection
outputs/s5_analysis/dashboard_snapshots/20260916T151412.566183Z/data/solve_times_render.py,4079,4e034b60cfc30b86d9db8e0e14613771e6cf8ed3adc07eba4373a77a688367d4,s5_analysis/dashboard_snapshots,analytical Case118 S4/S5; historical snapshots retain their own coverage,retain-archive,,Historical snapshot or supporting detail; final selected views are promoted explicitly,outputs/s5_analysis/dashboard_snapshots/20260916T151412.566183Z/data/solve_times_render.py (source code; not a generated result),"Imports, environment variables and input paths are specified in this source; see group disposition"
outputs/s5_analysis/dashboard_snapshots/20260916T151412.566183Z/data/throughput_plot.py,4865,5922c40d468fc4a2318a2e9950a312edab5013e4e4ecc564c7087488b0563e48,s5_analysis/dashboard_snapshots,analytical Case118 S4/S5; historical snapshots retain their own coverage,retain-archive,,Historical snapshot or supporting detail; final selected views are promoted explicitly,outputs/s5_analysis/dashboard_snapshots/20260916T151412.566183Z/data/throughput_plot.py (source code; not a generated result),"Imports, environment variables and input paths are specified in this source; see group disposition"
outputs/s5_analysis/dashboard_snapshots/20260916T151412.566183Z/dispatch/intervals.csv,3876613,344e50afc38415286aaa199eae910f4392864c33b1c900ec617e44640ab0d5d1,s5_analysis/dashboard_snapshots,analytical Case118 S4/S5; historical snapshots retain their own coverage,retain-archive,,Historical snapshot or supporting detail; final selected views are promoted explicitly,outputs/s5_analysis/dashboard_support.py: refresh_snapshot; snapshot dashboard.json records code hashes,Same snapshot tables/events for rendering; original S4/S5 archive for raw recollection
outputs/s5_analysis/dashboard_snapshots/20260916T151412.566183Z/dispatch/report.json,6807,0920ff4627b88fff78fcc4e8a2352e8f4e66a79efc9ebaba1f93034331ef76c7,s5_analysis/dashboard_snapshots,analytical Case118 S4/S5; historical snapshots retain their own coverage,retain-archive,,Historical snapshot or supporting detail; final selected views are promoted explicitly,outputs/s5_analysis/dashboard_support.py: refresh_snapshot; snapshot dashboard.json records code hashes,Same snapshot tables/events for rendering; original S4/S5 archive for raw recollection
outputs/s5_analysis/dashboard_snapshots/20260916T151412.566183Z/dispatch.log,2987,d3567726aca572def51b52203901a41d65f31825a85a43f8255256a41c7e6331,s5_analysis/dashboard_snapshots,analytical Case118 S4/S5; historical snapshots retain their own coverage,retain-archive,,Historical snapshot or supporting detail; final selected views are promoted explicitly,outputs/s5_analysis/dashboard_support.py: refresh_snapshot; snapshot dashboard.json records code hashes,Same snapshot tables/events for rendering; original S4/S5 archive for raw recollection
outputs/s5_analysis/dashboard_snapshots/20260916T151412.566183Z/events.json,482,be057083b75b2658b58fa168c9e15f9a40f415f36df64cb7a4d0c3677e796af8,s5_analysis/dashboard_snapshots,analytical Case118 S4/S5; historical snapshots retain their own coverage,retain-archive,,Historical snapshot or supporting detail; final selected views are promoted explicitly,outputs/s5_analysis/dashboard_support.py: refresh_snapshot; snapshot dashboard.json records code hashes,Same snapshot tables/events for rendering; original S4/S5 archive for raw recollection
outputs/s5_analysis/dashboard_snapshots/20260916T151412.566183Z/periods/period_p95_last24h.pdf,35201,0d1a28fe0c97faf8ed9567ee942d47060cc21ac83c6f185bc023cbff02c816d4,s5_analysis/dashboard_snapshots,analytical Case118 S4/S5; historical snapshots retain their own coverage,retain-archive,,Historical snapshot or supporting detail; final selected views are promoted explicitly,outputs/s5_analysis/dashboard_support.py: refresh_snapshot; snapshot dashboard.json records code hashes,Same snapshot tables/events for rendering; original S4/S5 archive for raw recollection
outputs/s5_analysis/dashboard_snapshots/20260916T151412.566183Z/periods/period_p95_last24h.png,213432,2f62c89463ba098346751a9ef6f8cbe272eb0c9acf2e4f0575cb7ca21e77f30e,s5_analysis/dashboard_snapshots,analytical Case118 S4/S5; historical snapshots retain their own coverage,retain-archive,,Historical snapshot or supporting detail; final selected views are promoted explicitly,outputs/s5_analysis/dashboard_support.py: refresh_snapshot; snapshot dashboard.json records code hashes,Same snapshot tables/events for rendering; original S4/S5 archive for raw recollection
outputs/s5_analysis/dashboard_snapshots/20260916T151412.566183Z/periods/periods.csv,795264,28f6e335d9569ff38a129ba75c216a3cff56728340a8dcbb9a16d4ddd7a28f79,s5_analysis/dashboard_snapshots,analytical Case118 S4/S5; historical snapshots retain their own coverage,retain-archive,,Historical snapshot or supporting detail; final selected views are promoted explicitly,outputs/s5_analysis/dashboard_support.py: refresh_snapshot; snapshot dashboard.json records code hashes,Same snapshot tables/events for rendering; original S4/S5 archive for raw recollection
outputs/s5_analysis/dashboard_snapshots/20260916T151412.566183Z/periods/rolling_p95.csv,87833,dc36e3405df3a718a3ba3acc72b8a63c400e918a17e488b15f7ac97fa1a53bc5,s5_analysis/dashboard_snapshots,analytical Case118 S4/S5; historical snapshots retain their own coverage,retain-archive,,Historical snapshot or supporting detail; final selected views are promoted explicitly,outputs/s5_analysis/dashboard_support.py: refresh_snapshot; snapshot dashboard.json records code hashes,Same snapshot tables/events for rendering; original S4/S5 archive for raw recollection
outputs/s5_analysis/dashboard_snapshots/20260916T151412.566183Z/periods/summary.json,2081965,432f7691e7e6c93c13f2f3f43b4b04b35e40fd326867f8494eddf0512034bbfa,s5_analysis/dashboard_snapshots,analytical Case118 S4/S5; historical snapshots retain their own coverage,retain-archive,,Historical snapshot or supporting detail; final selected views are promoted explicitly,outputs/s5_analysis/dashboard_support.py: refresh_snapshot; snapshot dashboard.json records code hashes,Same snapshot tables/events for rendering; original S4/S5 archive for raw recollection
outputs/s5_analysis/dashboard_snapshots/20260916T151412.566183Z/periods.log,1715,f78c5367dd99cc7c3f89027cb659b1abb38629b067ef21dbd39ce21a3d9bffe6,s5_analysis/dashboard_snapshots,analytical Case118 S4/S5; historical snapshots retain their own coverage,retain-archive,,Historical snapshot or supporting detail; final selected views are promoted explicitly,outputs/s5_analysis/dashboard_support.py: refresh_snapshot; snapshot dashboard.json records code hashes,Same snapshot tables/events for rendering; original S4/S5 archive for raw recollection
outputs/s5_analysis/dashboard_snapshots/20260916T151412.566183Z/races.log,577,0e3346e9ecee7f30f0361d8df76ec2d4a141deb2d9cda32679f4c3aea15246a2,s5_analysis/dashboard_snapshots,analytical Case118 S4/S5; historical snapshots retain their own coverage,retain-archive,,Historical snapshot or supporting detail; final selected views are promoted explicitly,outputs/s5_analysis/dashboard_support.py: refresh_snapshot; snapshot dashboard.json records code hashes,Same snapshot tables/events for rendering; original S4/S5 archive for raw recollection
outputs/s5_analysis/dashboard_snapshots/20260916T151412.566183Z/solves/solve_times.csv,1831621,ab28f6e191084c79ba2db025e56d2826ff68c3ae00fc627577d7d44ec019e661,s5_analysis/dashboard_snapshots,analytical Case118 S4/S5; historical snapshots retain their own coverage,retain-archive,,Historical snapshot or supporting detail; final selected views are promoted explicitly,outputs/s5_analysis/dashboard_support.py: refresh_snapshot; snapshot dashboard.json records code hashes,Same snapshot tables/events for rendering; original S4/S5 archive for raw recollection
outputs/s5_analysis/dashboard_snapshots/20260916T151412.566183Z/solves/solve_times_last24h.pdf,66396,cdf46111e0e762ef2d892cc2455f407c0517759da02e4693a73cfad46c0009d6,s5_analysis/dashboard_snapshots,analytical Case118 S4/S5; historical snapshots retain their own coverage,retain-archive,,Historical snapshot or supporting detail; final selected views are promoted explicitly,outputs/s5_analysis/dashboard_support.py: refresh_snapshot; snapshot dashboard.json records code hashes,Same snapshot tables/events for rendering; original S4/S5 archive for raw recollection
outputs/s5_analysis/dashboard_snapshots/20260916T151412.566183Z/solves/solve_times_last24h.png,299736,ab3e3f9cbe98c8ef7be07a0698c33b70e7c5877c9c98ada4fda380ba6a70640c,s5_analysis/dashboard_snapshots,analytical Case118 S4/S5; historical snapshots retain their own coverage,retain-archive,,Historical snapshot or supporting detail; final selected views are promoted explicitly,outputs/s5_analysis/dashboard_support.py: refresh_snapshot; snapshot dashboard.json records code hashes,Same snapshot tables/events for rendering; original S4/S5 archive for raw recollection
outputs/s5_analysis/dashboard_snapshots/20260916T151412.566183Z/solves/summary.json,2859315,954f534916dffd7a25a9ff08ee0e719d8357a330334cee0822ad83ed78e9a090,s5_analysis/dashboard_snapshots,analytical Case118 S4/S5; historical snapshots retain their own coverage,retain-archive,,Historical snapshot or supporting detail; final selected views are promoted explicitly,outputs/s5_analysis/dashboard_support.py: refresh_snapshot; snapshot dashboard.json records code hashes,Same snapshot tables/events for rendering; original S4/S5 archive for raw recollection
outputs/s5_analysis/dashboard_snapshots/20260916T151412.566183Z/solves.log,1092,514c298bc0444b514e779d6e7bde813e1e927ab0d198a9e0b9723e24dd1a1689,s5_analysis/dashboard_snapshots,analytical Case118 S4/S5; historical snapshots retain their own coverage,retain-archive,,Historical snapshot or supporting detail; final selected views are promoted explicitly,outputs/s5_analysis/dashboard_support.py: refresh_snapshot; snapshot dashboard.json records code hashes,Same snapshot tables/events for rendering; original S4/S5 archive for raw recollection
outputs/s5_analysis/dashboard_snapshots/20260916T184358.253196Z/assets/completion_full.pdf,47590,9e7515e422c9aeb99dfe404f150becc51f1f1180a7a22e541d4aceafb3ea266a,s5_analysis/dashboard_snapshots,analytical Case118 S4/S5; historical snapshots retain their own coverage,retain-archive,,Historical snapshot or supporting detail; final selected views are promoted explicitly,outputs/s5_analysis/dashboard_support.py: refresh_snapshot; snapshot dashboard.json records code hashes,Same snapshot tables/events for rendering; original S4/S5 archive for raw recollection
outputs/s5_analysis/dashboard_snapshots/20260916T184358.253196Z/assets/completion_full.png,106156,ba40bff02daa74f4052841e042f5b54e9b32f2bfabaed1c026aa8fc329adaf21,s5_analysis/dashboard_snapshots,analytical Case118 S4/S5; historical snapshots retain their own coverage,retain-archive,,Historical snapshot or supporting detail; final selected views are promoted explicitly,outputs/s5_analysis/dashboard_support.py: refresh_snapshot; snapshot dashboard.json records code hashes,Same snapshot tables/events for rendering; original S4/S5 archive for raw recollection
outputs/s5_analysis/dashboard_snapshots/20260916T184358.253196Z/assets/completion_zoom.pdf,44961,2bf994386349ea1a10d852075611e94035fb9bab972a2696441638fab94bbb2f,s5_analysis/dashboard_snapshots,analytical Case118 S4/S5; historical snapshots retain their own coverage,retain-archive,,Historical snapshot or supporting detail; final selected views are promoted explicitly,outputs/s5_analysis/dashboard_support.py: refresh_snapshot; snapshot dashboard.json records code hashes,Same snapshot tables/events for rendering; original S4/S5 archive for raw recollection
outputs/s5_analysis/dashboard_snapshots/20260916T184358.253196Z/assets/completion_zoom.png,103977,e737460b136bed866d87b991c2e1a02bf325a857f2a1fd6d07b7053bde8b377a,s5_analysis/dashboard_snapshots,analytical Case118 S4/S5; historical snapshots retain their own coverage,retain-archive,,Historical snapshot or supporting detail; final selected views are promoted explicitly,outputs/s5_analysis/dashboard_support.py: refresh_snapshot; snapshot dashboard.json records code hashes,Same snapshot tables/events for rendering; original S4/S5 archive for raw recollection
outputs/s5_analysis/dashboard_snapshots/20260916T184358.253196Z/assets/old_periods.pdf,39654,f3bda2479de3fb988b87c304941b789dd6e1320c6d664d2648b3aa7420d35a25,s5_analysis/dashboard_snapshots,analytical Case118 S4/S5; historical snapshots retain their own coverage,retain-archive,,Historical snapshot or supporting detail; final selected views are promoted explicitly,outputs/s5_analysis/dashboard_support.py: refresh_snapshot; snapshot dashboard.json records code hashes,Same snapshot tables/events for rendering; original S4/S5 archive for raw recollection
outputs/s5_analysis/dashboard_snapshots/20260916T184358.253196Z/assets/parallel_throughput.pdf,107418,fed8803640ffcf8474458652d81f73e140d80a60897e05fa049e5a57bda05e77,s5_analysis/dashboard_snapshots,analytical Case118 S4/S5; historical snapshots retain their own coverage,retain-archive,,Historical snapshot or supporting detail; final selected views are promoted explicitly,outputs/s5_analysis/dashboard_support.py: refresh_snapshot; snapshot dashboard.json records code hashes,Same snapshot tables/events for rendering; original S4/S5 archive for raw recollection
outputs/s5_analysis/dashboard_snapshots/20260916T184358.253196Z/assets/parallel_throughput.png,105164,45b4c7ece0e2f67c73a0cb7197f84abce5165cbcadfa846cd79f82388f683de1,s5_analysis/dashboard_snapshots,analytical Case118 S4/S5; historical snapshots retain their own coverage,retain-archive,,Historical snapshot or supporting detail; final selected views are promoted explicitly,outputs/s5_analysis/dashboard_support.py: refresh_snapshot; snapshot dashboard.json records code hashes,Same snapshot tables/events for rendering; original S4/S5 archive for raw recollection
outputs/s5_analysis/dashboard_snapshots/20260916T184358.253196Z/assets/period_p95.pdf,30016,c4dae76723f5f965a5ab21ce8c7a60abc0a6868bc2a4894c5d200a7507166b82,s5_analysis/dashboard_snapshots,analytical Case118 S4/S5; historical snapshots retain their own coverage,retain-archive,,Historical snapshot or supporting detail; final selected views are promoted explicitly,outputs/s5_analysis/dashboard_support.py: refresh_snapshot; snapshot dashboard.json records code hashes,Same snapshot tables/events for rendering; original S4/S5 archive for raw recollection
outputs/s5_analysis/dashboard_snapshots/20260916T184358.253196Z/assets/period_p95.png,156819,6638c6654703e04a3422ed7ca2922d7fe95359154b0c87d6ab4a7cc77b917017,s5_analysis/dashboard_snapshots,analytical Case118 S4/S5; historical snapshots retain their own coverage,retain-archive,,Historical snapshot or supporting detail; final selected views are promoted explicitly,outputs/s5_analysis/dashboard_support.py: refresh_snapshot; snapshot dashboard.json records code hashes,Same snapshot tables/events for rendering; original S4/S5 archive for raw recollection
outputs/s5_analysis/dashboard_snapshots/20260916T184358.253196Z/assets/post_reboot_distribution.pdf,25563,ab874970d9ecd9c1f8b4ad253bf872dfe939772d765be5bbd33af30ec409db6d,s5_analysis/dashboard_snapshots,analytical Case118 S4/S5; historical snapshots retain their own coverage,retain-archive,,Historical snapshot or supporting detail; final selected views are promoted explicitly,outputs/s5_analysis/dashboard_support.py: refresh_snapshot; snapshot dashboard.json records code hashes,Same snapshot tables/events for rendering; original S4/S5 archive for raw recollection
outputs/s5_analysis/dashboard_snapshots/20260916T184358.253196Z/assets/post_reboot_distribution.png,93555,6cd0f3ca61dd73d2ccbbc880322d7d04ff9fda1b0aa286ffb9a39cb2a036bbac,s5_analysis/dashboard_snapshots,analytical Case118 S4/S5; historical snapshots retain their own coverage,retain-archive,,Historical snapshot or supporting detail; final selected views are promoted explicitly,outputs/s5_analysis/dashboard_support.py: refresh_snapshot; snapshot dashboard.json records code hashes,Same snapshot tables/events for rendering; original S4/S5 archive for raw recollection
outputs/s5_analysis/dashboard_snapshots/20260916T184358.253196Z/assets/solve_times.pdf,84535,d9038e6d40812e7c4f664e31f8b941c501a547c2459b41f9d7b95095563cde8f,s5_analysis/dashboard_snapshots,analytical Case118 S4/S5; historical snapshots retain their own coverage,retain-archive,,Historical snapshot or supporting detail; final selected views are promoted explicitly,outputs/s5_analysis/dashboard_support.py: refresh_snapshot; snapshot dashboard.json records code hashes,Same snapshot tables/events for rendering; original S4/S5 archive for raw recollection
outputs/s5_analysis/dashboard_snapshots/20260916T184358.253196Z/assets/solve_times.png,321395,934c4b3a184256bce6f459213b6c1f9b3f4961414a9895fe6799f07641f156ea,s5_analysis/dashboard_snapshots,analytical Case118 S4/S5; historical snapshots retain their own coverage,retain-archive,,Historical snapshot or supporting detail; final selected views are promoted explicitly,outputs/s5_analysis/dashboard_support.py: refresh_snapshot; snapshot dashboard.json records code hashes,Same snapshot tables/events for rendering; original S4/S5 archive for raw recollection
outputs/s5_analysis/dashboard_snapshots/20260916T184358.253196Z/completion/band_metadata.json,370,5d7939e43975f32a3b84615867fabf7e936d5e46677b9a05ce6f47cb9e49aa9a,s5_analysis/dashboard_snapshots,analytical Case118 S4/S5; historical snapshots retain their own coverage,retain-archive,,Historical snapshot or supporting detail; final selected views are promoted explicitly,outputs/s5_analysis/dashboard_support.py: refresh_snapshot; snapshot dashboard.json records code hashes,Same snapshot tables/events for rendering; original S4/S5 archive for raw recollection
outputs/s5_analysis/dashboard_snapshots/20260916T184358.253196Z/completion/checkpoint_snapshot.json,1306143,c3d00a5e2a8bcdd6a8b7d72fe09e8aef05c8751dc181b288d469148c55e6d24f,s5_analysis/dashboard_snapshots,analytical Case118 S4/S5; historical snapshots retain their own coverage,retain-archive,,Historical snapshot or supporting detail; final selected views are promoted explicitly,outputs/s5_analysis/dashboard_support.py: refresh_snapshot; snapshot dashboard.json records code hashes,Same snapshot tables/events for rendering; original S4/S5 archive for raw recollection
outputs/s5_analysis/dashboard_snapshots/20260916T184358.253196Z/completion/completion.csv,2143115,559a79bfa7bfcff016ac713e74a426564d0ab65419ee6d86e97d64b0669958a4,s5_analysis/dashboard_snapshots,analytical Case118 S4/S5; historical snapshots retain their own coverage,retain-archive,,Historical snapshot or supporting detail; final selected views are promoted explicitly,outputs/s5_analysis/dashboard_support.py: refresh_snapshot; snapshot dashboard.json records code hashes,Same snapshot tables/events for rendering; original S4/S5 archive for raw recollection
outputs/s5_analysis/dashboard_snapshots/20260916T184358.253196Z/completion/completion_walltime.pdf,58568,37a76cae1a388a6e1191f3145cf7b0ac77f5592c720fd95f961777f66b7347ac,s5_analysis/dashboard_snapshots,analytical Case118 S4/S5; historical snapshots retain their own coverage,retain-archive,,Historical snapshot or supporting detail; final selected views are promoted explicitly,outputs/s5_analysis/dashboard_support.py: refresh_snapshot; snapshot dashboard.json records code hashes,Same snapshot tables/events for rendering; original S4/S5 archive for raw recollection
outputs/s5_analysis/dashboard_snapshots/20260916T184358.253196Z/completion/completion_walltime.png,133719,a4df29a77f6cfaa19b57caa215e138b9a357b1109f35ef5b53cfb0f9d615e5c7,s5_analysis/dashboard_snapshots,analytical Case118 S4/S5; historical snapshots retain their own coverage,retain-archive,,Historical snapshot or supporting detail; final selected views are promoted explicitly,outputs/s5_analysis/dashboard_support.py: refresh_snapshot; snapshot dashboard.json records code hashes,Same snapshot tables/events for rendering; original S4/S5 archive for raw recollection
outputs/s5_analysis/dashboard_snapshots/20260916T184358.253196Z/completion/completion_walltime_band.pdf,59354,d2dc0531505434cf83b893708e4d7719bb481c6a4345cb9ea59a893049cdf6f5,s5_analysis/dashboard_snapshots,analytical Case118 S4/S5; historical snapshots retain their own coverage,retain-archive,,Historical snapshot or supporting detail; final selected views are promoted explicitly,outputs/s5_analysis/dashboard_support.py: refresh_snapshot; snapshot dashboard.json records code hashes,Same snapshot tables/events for rendering; original S4/S5 archive for raw recollection
outputs/s5_analysis/dashboard_snapshots/20260916T184358.253196Z/completion/completion_walltime_band.png,142490,19153c5f80cc773dd6ca924bded24706a81eec21eb3d202cb28c85523d841645,s5_analysis/dashboard_snapshots,analytical Case118 S4/S5; historical snapshots retain their own coverage,retain-archive,,Historical snapshot or supporting detail; final selected views are promoted explicitly,outputs/s5_analysis/dashboard_support.py: refresh_snapshot; snapshot dashboard.json records code hashes,Same snapshot tables/events for rendering; original S4/S5 archive for raw recollection
outputs/s5_analysis/dashboard_snapshots/20260916T184358.253196Z/completion/summary.json,4355,f2aa7d52da62affe480c7934ffcd7988d491dcf08bdf1b99a6913eb5dcc291d5,s5_analysis/dashboard_snapshots,analytical Case118 S4/S5; historical snapshots retain their own coverage,retain-archive,,Historical snapshot or supporting detail; final selected views are promoted explicitly,outputs/s5_analysis/dashboard_support.py: refresh_snapshot; snapshot dashboard.json records code hashes,Same snapshot tables/events for rendering; original S4/S5 archive for raw recollection
outputs/s5_analysis/dashboard_snapshots/20260916T184358.253196Z/completion.log,1073,e75de062fdf18b070ab7477c2f44f388f6665c2a4cd5a80d57f88b9765e98f8c,s5_analysis/dashboard_snapshots,analytical Case118 S4/S5; historical snapshots retain their own coverage,retain-archive,,Historical snapshot or supporting detail; final selected views are promoted explicitly,outputs/s5_analysis/dashboard_support.py: refresh_snapshot; snapshot dashboard.json records code hashes,Same snapshot tables/events for rendering; original S4/S5 archive for raw recollection
outputs/s5_analysis/dashboard_snapshots/20260916T184358.253196Z/dashboard.json,1556,31a1115237a4da3a6216300c6474300fd1b9d553d55f1265a428b8261f2d58e8,s5_analysis/dashboard_snapshots,analytical Case118 S4/S5; historical snapshots retain their own coverage,retain-archive,,Historical snapshot or supporting detail; final selected views are promoted explicitly,outputs/s5_analysis/dashboard_support.py: refresh_snapshot; snapshot dashboard.json records code hashes,Same snapshot tables/events for rendering; original S4/S5 archive for raw recollection
outputs/s5_analysis/dashboard_snapshots/20260916T184358.253196Z/data/completion.csv,1481931,093168c5a8e31a100d1b3a900840a1759121fc93c11b99a2dd41e26c67609bae,s5_analysis/dashboard_snapshots,analytical Case118 S4/S5; historical snapshots retain their own coverage,retain-archive,,Historical snapshot or supporting detail; final selected views are promoted explicitly,outputs/s5_analysis/dashboard_support.py: refresh_snapshot; snapshot dashboard.json records code hashes,Same snapshot tables/events for rendering; original S4/S5 archive for raw recollection
outputs/s5_analysis/dashboard_snapshots/20260916T184358.253196Z/data/completion_render.py,4363,ea7ed55bc24c4bac643354b2075cae648543efffeb72b874d6a3f2e01e7a6edd,s5_analysis/dashboard_snapshots,analytical Case118 S4/S5; historical snapshots retain their own coverage,retain-archive,,Historical snapshot or supporting detail; final selected views are promoted explicitly,outputs/s5_analysis/dashboard_snapshots/20260916T184358.253196Z/data/completion_render.py (source code; not a generated result),"Imports, environment variables and input paths are specified in this source; see group disposition"
outputs/s5_analysis/dashboard_snapshots/20260916T184358.253196Z/data/completion_summary.json,3164,d083ba2ed1e220f4405702752d7c92d778c7c5db295ea83bb2361da40d92e6c9,s5_analysis/dashboard_snapshots,analytical Case118 S4/S5; historical snapshots retain their own coverage,retain-archive,,Historical snapshot or supporting detail; final selected views are promoted explicitly,outputs/s5_analysis/dashboard_support.py: refresh_snapshot; snapshot dashboard.json records code hashes,Same snapshot tables/events for rendering; original S4/S5 archive for raw recollection
outputs/s5_analysis/dashboard_snapshots/20260916T184358.253196Z/data/figure_sources.json,4047,64ed51c07db74f10cbfb6d8bbb64923c7eaec805d966dfe219a8082f082c16d4,s5_analysis/dashboard_snapshots,analytical Case118 S4/S5; historical snapshots retain their own coverage,retain-archive,,Historical snapshot or supporting detail; final selected views are promoted explicitly,outputs/s5_analysis/dashboard_support.py: refresh_snapshot; snapshot dashboard.json records code hashes,Same snapshot tables/events for rendering; original S4/S5 archive for raw recollection
outputs/s5_analysis/dashboard_snapshots/20260916T184358.253196Z/data/old_periods_summary.json,10440,785121f32a60db7c3e915cda557c3e8eeae6908996f67e15badc0b59572c8cdf,s5_analysis/dashboard_snapshots,analytical Case118 S4/S5; historical snapshots retain their own coverage,retain-archive,,Historical snapshot or supporting detail; final selected views are promoted explicitly,outputs/s5_analysis/dashboard_support.py: refresh_snapshot; snapshot dashboard.json records code hashes,Same snapshot tables/events for rendering; original S4/S5 archive for raw recollection
outputs/s5_analysis/dashboard_snapshots/20260916T184358.253196Z/data/operator-recovery-006122.json,60792,af5c82d791b01f62cce195a8d8785ab8a0b82f154966f59c735028b5c77ce263,s5_analysis/dashboard_snapshots,analytical Case118 S4/S5; historical snapshots retain their own coverage,retain-archive,,Historical snapshot or supporting detail; final selected views are promoted explicitly,outputs/s5_analysis/dashboard_support.py: refresh_snapshot; snapshot dashboard.json records code hashes,Same snapshot tables/events for rendering; original S4/S5 archive for raw recollection
outputs/s5_analysis/dashboard_snapshots/20260916T184358.253196Z/data/operator_observations.md,3468,f7b70ae75c6bfdf9f67c6646a578e375ca9b16e07d715d4e678ad01d441dd57a,s5_analysis/dashboard_snapshots,analytical Case118 S4/S5; historical snapshots retain their own coverage,retain-archive,,Historical snapshot or supporting detail; final selected views are promoted explicitly,outputs/s5_analysis/dashboard_support.py: refresh_snapshot; snapshot dashboard.json records code hashes,Same snapshot tables/events for rendering; original S4/S5 archive for raw recollection
outputs/s5_analysis/dashboard_snapshots/20260916T184358.253196Z/data/p95_render.py,3761,09efe914c8522bc0c18a3b75ef0db6a2a9795afe54431f5aa679733fe474feb3,s5_analysis/dashboard_snapshots,analytical Case118 S4/S5; historical snapshots retain their own coverage,retain-archive,,Historical snapshot or supporting detail; final selected views are promoted explicitly,outputs/s5_analysis/dashboard_snapshots/20260916T184358.253196Z/data/p95_render.py (source code; not a generated result),"Imports, environment variables and input paths are specified in this source; see group disposition"
outputs/s5_analysis/dashboard_snapshots/20260916T184358.253196Z/data/p95_summary.json,1532,15f60fa002304c413fdcf7f0fb05ead4941d71a719f39bef86dac1f8722686d2,s5_analysis/dashboard_snapshots,analytical Case118 S4/S5; historical snapshots retain their own coverage,retain-archive,,Historical snapshot or supporting detail; final selected views are promoted explicitly,outputs/s5_analysis/dashboard_support.py: refresh_snapshot; snapshot dashboard.json records code hashes,Same snapshot tables/events for rendering; original S4/S5 archive for raw recollection
outputs/s5_analysis/dashboard_snapshots/20260916T184358.253196Z/data/parallel_throughput.json,68993,a1d1b99f3637427b62141f9b0f3812fc80d6edbd3d4f559ba5d733ed5c359168,s5_analysis/dashboard_snapshots,analytical Case118 S4/S5; historical snapshots retain their own coverage,retain-archive,,Historical snapshot or supporting detail; final selected views are promoted explicitly,outputs/s5_analysis/dashboard_support.py: refresh_snapshot; snapshot dashboard.json records code hashes,Same snapshot tables/events for rendering; original S4/S5 archive for raw recollection
outputs/s5_analysis/dashboard_snapshots/20260916T184358.253196Z/data/periods.csv,601078,1a613214143efddac446a4d3d4dddbe0ae7d36e7502ff5d554c81e3f30ec5b6f,s5_analysis/dashboard_snapshots,analytical Case118 S4/S5; historical snapshots retain their own coverage,retain-archive,,Historical snapshot or supporting detail; final selected views are promoted explicitly,outputs/s5_analysis/dashboard_support.py: refresh_snapshot; snapshot dashboard.json records code hashes,Same snapshot tables/events for rendering; original S4/S5 archive for raw recollection
outputs/s5_analysis/dashboard_snapshots/20260916T184358.253196Z/data/post_reboot_distribution.json,180831,e994a1b2a6cfa532cbe408baad6f4e7d94576247729900f661fa6b11fd4f61c4,s5_analysis/dashboard_snapshots,analytical Case118 S4/S5; historical snapshots retain their own coverage,retain-archive,,Historical snapshot or supporting detail; final selected views are promoted explicitly,outputs/s5_analysis/dashboard_support.py: refresh_snapshot; snapshot dashboard.json records code hashes,Same snapshot tables/events for rendering; original S4/S5 archive for raw recollection
outputs/s5_analysis/dashboard_snapshots/20260916T184358.253196Z/data/post_reboot_plot.py,5194,67fb085001461a2443bb1491118f9d0820a07f94390f5b10c7eaf16eacc96d18,s5_analysis/dashboard_snapshots,analytical Case118 S4/S5; historical snapshots retain their own coverage,retain-archive,,Historical snapshot or supporting detail; final selected views are promoted explicitly,outputs/s5_analysis/dashboard_snapshots/20260916T184358.253196Z/data/post_reboot_plot.py (source code; not a generated result),"Imports, environment variables and input paths are specified in this source; see group disposition"
outputs/s5_analysis/dashboard_snapshots/20260916T184358.253196Z/data/progress_snapshot.json,123158,0a6cd996476b14b59890346a99da1d8080f1b3e1584c0adc89d20724a26ab98c,s5_analysis/dashboard_snapshots,analytical Case118 S4/S5; historical snapshots retain their own coverage,retain-archive,,Historical snapshot or supporting detail; final selected views are promoted explicitly,outputs/s5_analysis/dashboard_support.py: refresh_snapshot; snapshot dashboard.json records code hashes,Same snapshot tables/events for rendering; original S4/S5 archive for raw recollection
outputs/s5_analysis/dashboard_snapshots/20260916T184358.253196Z/data/race_event_snapshot.json,2349927,3515ddcf61a26b06190cb01cf83aae26b2695902e0fbe3d0781236746f04c163,s5_analysis/dashboard_snapshots,analytical Case118 S4/S5; historical snapshots retain their own coverage,retain-archive,,Historical snapshot or supporting detail; final selected views are promoted explicitly,outputs/s5_analysis/dashboard_support.py: refresh_snapshot; snapshot dashboard.json records code hashes,Same snapshot tables/events for rendering; original S4/S5 archive for raw recollection
outputs/s5_analysis/dashboard_snapshots/20260916T184358.253196Z/data/rolling_p95.csv,75478,b048f51953ddb007ca712b8ac991acb23553e148cee7dd8d5f0a149a5a64f25e,s5_analysis/dashboard_snapshots,analytical Case118 S4/S5; historical snapshots retain their own coverage,retain-archive,,Historical snapshot or supporting detail; final selected views are promoted explicitly,outputs/s5_analysis/dashboard_support.py: refresh_snapshot; snapshot dashboard.json records code hashes,Same snapshot tables/events for rendering; original S4/S5 archive for raw recollection
outputs/s5_analysis/dashboard_snapshots/20260916T184358.253196Z/data/solve_summary.json,2309945,f07c8045b5fd53601b88237d872f5799118e5d8881a939ebecb9597bda5bb774,s5_analysis/dashboard_snapshots,analytical Case118 S4/S5; historical snapshots retain their own coverage,retain-archive,,Historical snapshot or supporting detail; final selected views are promoted explicitly,outputs/s5_analysis/dashboard_support.py: refresh_snapshot; snapshot dashboard.json records code hashes,Same snapshot tables/events for rendering; original S4/S5 archive for raw recollection
outputs/s5_analysis/dashboard_snapshots/20260916T184358.253196Z/data/solve_times.csv,1320919,558a63fd57784b24f7c967da8adfb873e3a2621262c6cc6249506ca5c1898a04,s5_analysis/dashboard_snapshots,analytical Case118 S4/S5; historical snapshots retain their own coverage,retain-archive,,Historical snapshot or supporting detail; final selected views are promoted explicitly,outputs/s5_analysis/dashboard_support.py: refresh_snapshot; snapshot dashboard.json records code hashes,Same snapshot tables/events for rendering; original S4/S5 archive for raw recollection
outputs/s5_analysis/dashboard_snapshots/20260916T184358.253196Z/data/solve_times_render.py,4079,4e034b60cfc30b86d9db8e0e14613771e6cf8ed3adc07eba4373a77a688367d4,s5_analysis/dashboard_snapshots,analytical Case118 S4/S5; historical snapshots retain their own coverage,retain-archive,,Historical snapshot or supporting detail; final selected views are promoted explicitly,outputs/s5_analysis/dashboard_snapshots/20260916T184358.253196Z/data/solve_times_render.py (source code; not a generated result),"Imports, environment variables and input paths are specified in this source; see group disposition"
outputs/s5_analysis/dashboard_snapshots/20260916T184358.253196Z/data/speculative-policy-source-transition-001.json,2715384,b0eb21768541c5020e3982731f11f86220bee58353122d5b411a7307db39a481,s5_analysis/dashboard_snapshots,analytical Case118 S4/S5; historical snapshots retain their own coverage,retain-archive,,Historical snapshot or supporting detail; final selected views are promoted explicitly,outputs/s5_analysis/dashboard_support.py: refresh_snapshot; snapshot dashboard.json records code hashes,Same snapshot tables/events for rendering; original S4/S5 archive for raw recollection
outputs/s5_analysis/dashboard_snapshots/20260916T184358.253196Z/data/speculative-policy-source-transition-002.json,3855398,bf835ed7a324cc3c949553fc6c7c3628f25768ddc06f0547c466d8e5c550de62,s5_analysis/dashboard_snapshots,analytical Case118 S4/S5; historical snapshots retain their own coverage,retain-archive,,Historical snapshot or supporting detail; final selected views are promoted explicitly,outputs/s5_analysis/dashboard_support.py: refresh_snapshot; snapshot dashboard.json records code hashes,Same snapshot tables/events for rendering; original S4/S5 archive for raw recollection
outputs/s5_analysis/dashboard_snapshots/20260916T184358.253196Z/data/throughput_plot.py,4865,5922c40d468fc4a2318a2e9950a312edab5013e4e4ecc564c7087488b0563e48,s5_analysis/dashboard_snapshots,analytical Case118 S4/S5; historical snapshots retain their own coverage,retain-archive,,Historical snapshot or supporting detail; final selected views are promoted explicitly,outputs/s5_analysis/dashboard_snapshots/20260916T184358.253196Z/data/throughput_plot.py (source code; not a generated result),"Imports, environment variables and input paths are specified in this source; see group disposition"
outputs/s5_analysis/dashboard_snapshots/20260916T184358.253196Z/dispatch/intervals.csv,3994926,b81a50373393318029c8a5065fbffffd83dd9ff8d23572c1684a7c4a242a67f5,s5_analysis/dashboard_snapshots,analytical Case118 S4/S5; historical snapshots retain their own coverage,retain-archive,,Historical snapshot or supporting detail; final selected views are promoted explicitly,outputs/s5_analysis/dashboard_support.py: refresh_snapshot; snapshot dashboard.json records code hashes,Same snapshot tables/events for rendering; original S4/S5 archive for raw recollection
outputs/s5_analysis/dashboard_snapshots/20260916T184358.253196Z/dispatch/report.json,7309,a0682f6dcf028c157deb9ff4cb04c1d32a0b39652c77a2c43e19a96e419e874a,s5_analysis/dashboard_snapshots,analytical Case118 S4/S5; historical snapshots retain their own coverage,retain-archive,,Historical snapshot or supporting detail; final selected views are promoted explicitly,outputs/s5_analysis/dashboard_support.py: refresh_snapshot; snapshot dashboard.json records code hashes,Same snapshot tables/events for rendering; original S4/S5 archive for raw recollection
outputs/s5_analysis/dashboard_snapshots/20260916T184358.253196Z/dispatch.log,3051,b13face7293cce424e0328b3bec7deb929899ad83b25de7f1dba00faa5ae2626,s5_analysis/dashboard_snapshots,analytical Case118 S4/S5; historical snapshots retain their own coverage,retain-archive,,Historical snapshot or supporting detail; final selected views are promoted explicitly,outputs/s5_analysis/dashboard_support.py: refresh_snapshot; snapshot dashboard.json records code hashes,Same snapshot tables/events for rendering; original S4/S5 archive for raw recollection
outputs/s5_analysis/dashboard_snapshots/20260916T184358.253196Z/events.json,482,be057083b75b2658b58fa168c9e15f9a40f415f36df64cb7a4d0c3677e796af8,s5_analysis/dashboard_snapshots,analytical Case118 S4/S5; historical snapshots retain their own coverage,retain-archive,,Historical snapshot or supporting detail; final selected views are promoted explicitly,outputs/s5_analysis/dashboard_support.py: refresh_snapshot; snapshot dashboard.json records code hashes,Same snapshot tables/events for rendering; original S4/S5 archive for raw recollection
outputs/s5_analysis/dashboard_snapshots/20260916T184358.253196Z/periods/period_p95_last24h.pdf,35269,c35c6351a22354ad7bf9703c768ebdd3970b99fb5e4a1a68a4edb2b9fe16f23c,s5_analysis/dashboard_snapshots,analytical Case118 S4/S5; historical snapshots retain their own coverage,retain-archive,,Historical snapshot or supporting detail; final selected views are promoted explicitly,outputs/s5_analysis/dashboard_support.py: refresh_snapshot; snapshot dashboard.json records code hashes,Same snapshot tables/events for rendering; original S4/S5 archive for raw recollection
outputs/s5_analysis/dashboard_snapshots/20260916T184358.253196Z/periods/period_p95_last24h.png,214376,6c1ad43a9d3a198ec1b023ebca9688fb1f422234929fbe9fd686e634956aa6fa,s5_analysis/dashboard_snapshots,analytical Case118 S4/S5; historical snapshots retain their own coverage,retain-archive,,Historical snapshot or supporting detail; final selected views are promoted explicitly,outputs/s5_analysis/dashboard_support.py: refresh_snapshot; snapshot dashboard.json records code hashes,Same snapshot tables/events for rendering; original S4/S5 archive for raw recollection
outputs/s5_analysis/dashboard_snapshots/20260916T184358.253196Z/periods/periods.csv,819326,f16ba4d0703d4fbd9b2ed4e14c03c2ea76c5da9855e93b5dc72cdc1b13c22b65,s5_analysis/dashboard_snapshots,analytical Case118 S4/S5; historical snapshots retain their own coverage,retain-archive,,Historical snapshot or supporting detail; final selected views are promoted explicitly,outputs/s5_analysis/dashboard_support.py: refresh_snapshot; snapshot dashboard.json records code hashes,Same snapshot tables/events for rendering; original S4/S5 archive for raw recollection
outputs/s5_analysis/dashboard_snapshots/20260916T184358.253196Z/periods/rolling_p95.csv,89912,289a1f681d0502f6eaf4e3740c264b515dada5cd15eadca038f35cd90148c05c,s5_analysis/dashboard_snapshots,analytical Case118 S4/S5; historical snapshots retain their own coverage,retain-archive,,Historical snapshot or supporting detail; final selected views are promoted explicitly,outputs/s5_analysis/dashboard_support.py: refresh_snapshot; snapshot dashboard.json records code hashes,Same snapshot tables/events for rendering; original S4/S5 archive for raw recollection
outputs/s5_analysis/dashboard_snapshots/20260916T184358.253196Z/periods/summary.json,2128534,8708e1947ca0c39931a6b6d27cb7fccbc62b9a9bee700cdaa2cbe54a691762ff,s5_analysis/dashboard_snapshots,analytical Case118 S4/S5; historical snapshots retain their own coverage,retain-archive,,Historical snapshot or supporting detail; final selected views are promoted explicitly,outputs/s5_analysis/dashboard_support.py: refresh_snapshot; snapshot dashboard.json records code hashes,Same snapshot tables/events for rendering; original S4/S5 archive for raw recollection
outputs/s5_analysis/dashboard_snapshots/20260916T184358.253196Z/periods.log,1678,738648ce1030ccd23935bda2235ab6bf4b7c9c0b2623bcf7497f993fe4698beb,s5_analysis/dashboard_snapshots,analytical Case118 S4/S5; historical snapshots retain their own coverage,retain-archive,,Historical snapshot or supporting detail; final selected views are promoted explicitly,outputs/s5_analysis/dashboard_support.py: refresh_snapshot; snapshot dashboard.json records code hashes,Same snapshot tables/events for rendering; original S4/S5 archive for raw recollection
outputs/s5_analysis/dashboard_snapshots/20260916T184358.253196Z/races.log,578,48e985790a5759adf9f1c7784298de334a2506d1fee398dbf0f1bc27c80fdaff,s5_analysis/dashboard_snapshots,analytical Case118 S4/S5; historical snapshots retain their own coverage,retain-archive,,Historical snapshot or supporting detail; final selected views are promoted explicitly,outputs/s5_analysis/dashboard_support.py: refresh_snapshot; snapshot dashboard.json records code hashes,Same snapshot tables/events for rendering; original S4/S5 archive for raw recollection
outputs/s5_analysis/dashboard_snapshots/20260916T184358.253196Z/solves/solve_times.csv,1887431,310e092a716e6006b7f59e05a47a9296ade7527b85f1e744454d14a365269504,s5_analysis/dashboard_snapshots,analytical Case118 S4/S5; historical snapshots retain their own coverage,retain-archive,,Historical snapshot or supporting detail; final selected views are promoted explicitly,outputs/s5_analysis/dashboard_support.py: refresh_snapshot; snapshot dashboard.json records code hashes,Same snapshot tables/events for rendering; original S4/S5 archive for raw recollection
outputs/s5_analysis/dashboard_snapshots/20260916T184358.253196Z/solves/solve_times_last24h.pdf,63550,19b97d1d8340064c9d3be9c368dabcdd94b40075fa6e6b542936273344a1e7f4,s5_analysis/dashboard_snapshots,analytical Case118 S4/S5; historical snapshots retain their own coverage,retain-archive,,Historical snapshot or supporting detail; final selected views are promoted explicitly,outputs/s5_analysis/dashboard_support.py: refresh_snapshot; snapshot dashboard.json records code hashes,Same snapshot tables/events for rendering; original S4/S5 archive for raw recollection
outputs/s5_analysis/dashboard_snapshots/20260916T184358.253196Z/solves/solve_times_last24h.png,287535,80c7af100d2c6a4c590e7d418aa738a73925e5b7c26824a3a224081ce74b9d8e,s5_analysis/dashboard_snapshots,analytical Case118 S4/S5; historical snapshots retain their own coverage,retain-archive,,Historical snapshot or supporting detail; final selected views are promoted explicitly,outputs/s5_analysis/dashboard_support.py: refresh_snapshot; snapshot dashboard.json records code hashes,Same snapshot tables/events for rendering; original S4/S5 archive for raw recollection
outputs/s5_analysis/dashboard_snapshots/20260916T184358.253196Z/solves/summary.json,2919302,369f7d005941ed3ec16a2dea6df1e30b7cd36c5a96b179478e2e3a422d427a59,s5_analysis/dashboard_snapshots,analytical Case118 S4/S5; historical snapshots retain their own coverage,retain-archive,,Historical snapshot or supporting detail; final selected views are promoted explicitly,outputs/s5_analysis/dashboard_support.py: refresh_snapshot; snapshot dashboard.json records code hashes,Same snapshot tables/events for rendering; original S4/S5 archive for raw recollection
outputs/s5_analysis/dashboard_snapshots/20260916T184358.253196Z/solves.log,1092,d8fce9ad4ec882a6fb951c1f8b66bdc79303a1f3b8cf958e4a2da0ba4781f78e,s5_analysis/dashboard_snapshots,analytical Case118 S4/S5; historical snapshots retain their own coverage,retain-archive,,Historical snapshot or supporting detail; final selected views are promoted explicitly,outputs/s5_analysis/dashboard_support.py: refresh_snapshot; snapshot dashboard.json records code hashes,Same snapshot tables/events for rendering; original S4/S5 archive for raw recollection
outputs/s5_analysis/dashboard_snapshots/20260916T201317.953281Z/assets/completion_full.pdf,48569,badba758b530353cd8f9c44c8c9e928dd4593a1b4f77d812b0d7156e0ce387e3,s5_analysis/dashboard_snapshots,analytical Case118 S4/S5; historical snapshots retain their own coverage,retain-archive,,Historical snapshot or supporting detail; final selected views are promoted explicitly,outputs/s5_analysis/dashboard_support.py: refresh_snapshot; snapshot dashboard.json records code hashes,Same snapshot tables/events for rendering; original S4/S5 archive for raw recollection
outputs/s5_analysis/dashboard_snapshots/20260916T201317.953281Z/assets/completion_full.png,107039,1bb2f8f20608d2907da803c10e44080253921352375c431022a3b717bc2ab19a,s5_analysis/dashboard_snapshots,analytical Case118 S4/S5; historical snapshots retain their own coverage,retain-archive,,Historical snapshot or supporting detail; final selected views are promoted explicitly,outputs/s5_analysis/dashboard_support.py: refresh_snapshot; snapshot dashboard.json records code hashes,Same snapshot tables/events for rendering; original S4/S5 archive for raw recollection
outputs/s5_analysis/dashboard_snapshots/20260916T201317.953281Z/assets/completion_zoom.pdf,48728,d49bbc14ebbf88323d483b2bbbf3a45a432ab7740660414393a0e85badd90ba6,s5_analysis/dashboard_snapshots,analytical Case118 S4/S5; historical snapshots retain their own coverage,retain-archive,,Historical snapshot or supporting detail; final selected views are promoted explicitly,outputs/s5_analysis/dashboard_support.py: refresh_snapshot; snapshot dashboard.json records code hashes,Same snapshot tables/events for rendering; original S4/S5 archive for raw recollection
outputs/s5_analysis/dashboard_snapshots/20260916T201317.953281Z/assets/completion_zoom.png,108217,61c0209525dffd876f1b6f4ccbb407c5eb61143ea71c9e0dafb42e2f1b9d443a,s5_analysis/dashboard_snapshots,analytical Case118 S4/S5; historical snapshots retain their own coverage,retain-archive,,Historical snapshot or supporting detail; final selected views are promoted explicitly,outputs/s5_analysis/dashboard_support.py: refresh_snapshot; snapshot dashboard.json records code hashes,Same snapshot tables/events for rendering; original S4/S5 archive for raw recollection
outputs/s5_analysis/dashboard_snapshots/20260916T201317.953281Z/assets/old_periods.pdf,39654,f3bda2479de3fb988b87c304941b789dd6e1320c6d664d2648b3aa7420d35a25,s5_analysis/dashboard_snapshots,analytical Case118 S4/S5; historical snapshots retain their own coverage,retain-archive,,Historical snapshot or supporting detail; final selected views are promoted explicitly,outputs/s5_analysis/dashboard_support.py: refresh_snapshot; snapshot dashboard.json records code hashes,Same snapshot tables/events for rendering; original S4/S5 archive for raw recollection
outputs/s5_analysis/dashboard_snapshots/20260916T201317.953281Z/assets/parallel_throughput.pdf,110953,e76aba66888a0861789869f797167ec8d644c5654ee5f386d4e35ffc4603e72a,s5_analysis/dashboard_snapshots,analytical Case118 S4/S5; historical snapshots retain their own coverage,retain-archive,,Historical snapshot or supporting detail; final selected views are promoted explicitly,outputs/s5_analysis/dashboard_support.py: refresh_snapshot; snapshot dashboard.json records code hashes,Same snapshot tables/events for rendering; original S4/S5 archive for raw recollection
outputs/s5_analysis/dashboard_snapshots/20260916T201317.953281Z/assets/parallel_throughput.png,108094,02f6bcdf06f37ff155f6d9ad9852de963815bf8477b532b7d06544726808c56b,s5_analysis/dashboard_snapshots,analytical Case118 S4/S5; historical snapshots retain their own coverage,retain-archive,,Historical snapshot or supporting detail; final selected views are promoted explicitly,outputs/s5_analysis/dashboard_support.py: refresh_snapshot; snapshot dashboard.json records code hashes,Same snapshot tables/events for rendering; original S4/S5 archive for raw recollection
outputs/s5_analysis/dashboard_snapshots/20260916T201317.953281Z/assets/period_p95.pdf,30423,0a5c69ef962711ea2c161f70f9bf610310b19480ed96bc078fc538984bc600fc,s5_analysis/dashboard_snapshots,analytical Case118 S4/S5; historical snapshots retain their own coverage,retain-archive,,Historical snapshot or supporting detail; final selected views are promoted explicitly,outputs/s5_analysis/dashboard_support.py: refresh_snapshot; snapshot dashboard.json records code hashes,Same snapshot tables/events for rendering; original S4/S5 archive for raw recollection
outputs/s5_analysis/dashboard_snapshots/20260916T201317.953281Z/assets/period_p95.png,157218,349241472164ea148e3101bafcadd4a3e3a7e28a9b868adee1303b4b2cf311a6,s5_analysis/dashboard_snapshots,analytical Case118 S4/S5; historical snapshots retain their own coverage,retain-archive,,Historical snapshot or supporting detail; final selected views are promoted explicitly,outputs/s5_analysis/dashboard_support.py: refresh_snapshot; snapshot dashboard.json records code hashes,Same snapshot tables/events for rendering; original S4/S5 archive for raw recollection
outputs/s5_analysis/dashboard_snapshots/20260916T201317.953281Z/assets/post_reboot_distribution.pdf,25623,2ea2437409e04c580efaac6e97f0337d21eda4ce500db1d306e224d10470b375,s5_analysis/dashboard_snapshots,analytical Case118 S4/S5; historical snapshots retain their own coverage,retain-archive,,Historical snapshot or supporting detail; final selected views are promoted explicitly,outputs/s5_analysis/dashboard_support.py: refresh_snapshot; snapshot dashboard.json records code hashes,Same snapshot tables/events for rendering; original S4/S5 archive for raw recollection
outputs/s5_analysis/dashboard_snapshots/20260916T201317.953281Z/assets/post_reboot_distribution.png,94271,9960dd915f7ec455cb70a02114747480359332a894094646c440ae9cfef950e1,s5_analysis/dashboard_snapshots,analytical Case118 S4/S5; historical snapshots retain their own coverage,retain-archive,,Historical snapshot or supporting detail; final selected views are promoted explicitly,outputs/s5_analysis/dashboard_support.py: refresh_snapshot; snapshot dashboard.json records code hashes,Same snapshot tables/events for rendering; original S4/S5 archive for raw recollection
outputs/s5_analysis/dashboard_snapshots/20260916T201317.953281Z/assets/solve_times.pdf,87212,c066037e99a3ec04f6185c37ccbcdb718180e6e4c319054f21e50f417b1742ed,s5_analysis/dashboard_snapshots,analytical Case118 S4/S5; historical snapshots retain their own coverage,retain-archive,,Historical snapshot or supporting detail; final selected views are promoted explicitly,outputs/s5_analysis/dashboard_support.py: refresh_snapshot; snapshot dashboard.json records code hashes,Same snapshot tables/events for rendering; original S4/S5 archive for raw recollection
outputs/s5_analysis/dashboard_snapshots/20260916T201317.953281Z/assets/solve_times.png,325083,9aef2a1b36eb9f64ad8017126e3835bc3a80cd0f3c3d8868bc7e65fa34ca7ff0,s5_analysis/dashboard_snapshots,analytical Case118 S4/S5; historical snapshots retain their own coverage,retain-archive,,Historical snapshot or supporting detail; final selected views are promoted explicitly,outputs/s5_analysis/dashboard_support.py: refresh_snapshot; snapshot dashboard.json records code hashes,Same snapshot tables/events for rendering; original S4/S5 archive for raw recollection
outputs/s5_analysis/dashboard_snapshots/20260916T201317.953281Z/completion/band_metadata.json,370,5d7939e43975f32a3b84615867fabf7e936d5e46677b9a05ce6f47cb9e49aa9a,s5_analysis/dashboard_snapshots,analytical Case118 S4/S5; historical snapshots retain their own coverage,retain-archive,,Historical snapshot or supporting detail; final selected views are promoted explicitly,outputs/s5_analysis/dashboard_support.py: refresh_snapshot; snapshot dashboard.json records code hashes,Same snapshot tables/events for rendering; original S4/S5 archive for raw recollection
outputs/s5_analysis/dashboard_snapshots/20260916T201317.953281Z/completion/checkpoint_snapshot.json,1337940,7568bc1375f1110c75b0829746fe690adc8146f4f8d9f45609a149578d3ec7f8,s5_analysis/dashboard_snapshots,analytical Case118 S4/S5; historical snapshots retain their own coverage,retain-archive,,Historical snapshot or supporting detail; final selected views are promoted explicitly,outputs/s5_analysis/dashboard_support.py: refresh_snapshot; snapshot dashboard.json records code hashes,Same snapshot tables/events for rendering; original S4/S5 archive for raw recollection
outputs/s5_analysis/dashboard_snapshots/20260916T201317.953281Z/completion/completion.csv,2196556,8c8ff66652e9c7b09646b13f331f271a311f12adf0ae86f285678ecf56eb72fd,s5_analysis/dashboard_snapshots,analytical Case118 S4/S5; historical snapshots retain their own coverage,retain-archive,,Historical snapshot or supporting detail; final selected views are promoted explicitly,outputs/s5_analysis/dashboard_support.py: refresh_snapshot; snapshot dashboard.json records code hashes,Same snapshot tables/events for rendering; original S4/S5 archive for raw recollection
outputs/s5_analysis/dashboard_snapshots/20260916T201317.953281Z/completion/completion_walltime.pdf,59500,21015fc3380d963cf5e1bf19509b4fea55a02fbb7c04b8ea5b0a48c0fa6c453e,s5_analysis/dashboard_snapshots,analytical Case118 S4/S5; historical snapshots retain their own coverage,retain-archive,,Historical snapshot or supporting detail; final selected views are promoted explicitly,outputs/s5_analysis/dashboard_support.py: refresh_snapshot; snapshot dashboard.json records code hashes,Same snapshot tables/events for rendering; original S4/S5 archive for raw recollection
outputs/s5_analysis/dashboard_snapshots/20260916T201317.953281Z/completion/completion_walltime.png,134033,bf79827d8738744af7dbc4f1e3f81ce27d5bbcff8a797e6c30a0b7c2b08f9d90,s5_analysis/dashboard_snapshots,analytical Case118 S4/S5; historical snapshots retain their own coverage,retain-archive,,Historical snapshot or supporting detail; final selected views are promoted explicitly,outputs/s5_analysis/dashboard_support.py: refresh_snapshot; snapshot dashboard.json records code hashes,Same snapshot tables/events for rendering; original S4/S5 archive for raw recollection
outputs/s5_analysis/dashboard_snapshots/20260916T201317.953281Z/completion/completion_walltime_band.pdf,60294,b9d27f733fdbbbac2817d285efd7363485f1a7649d9ff694cc2b59db8b3e0318,s5_analysis/dashboard_snapshots,analytical Case118 S4/S5; historical snapshots retain their own coverage,retain-archive,,Historical snapshot or supporting detail; final selected views are promoted explicitly,outputs/s5_analysis/dashboard_support.py: refresh_snapshot; snapshot dashboard.json records code hashes,Same snapshot tables/events for rendering; original S4/S5 archive for raw recollection
outputs/s5_analysis/dashboard_snapshots/20260916T201317.953281Z/completion/completion_walltime_band.png,142918,eb2f768af8e234a193ee112518f9f9d640ed81efdbecaedb2cc86293f5fde5b7,s5_analysis/dashboard_snapshots,analytical Case118 S4/S5; historical snapshots retain their own coverage,retain-archive,,Historical snapshot or supporting detail; final selected views are promoted explicitly,outputs/s5_analysis/dashboard_support.py: refresh_snapshot; snapshot dashboard.json records code hashes,Same snapshot tables/events for rendering; original S4/S5 archive for raw recollection
outputs/s5_analysis/dashboard_snapshots/20260916T201317.953281Z/completion/summary.json,4355,c84b1baf40a4000c3684ee9e76de4f8a6dc7c2d8353ebd2d18545d14b5158632,s5_analysis/dashboard_snapshots,analytical Case118 S4/S5; historical snapshots retain their own coverage,retain-archive,,Historical snapshot or supporting detail; final selected views are promoted explicitly,outputs/s5_analysis/dashboard_support.py: refresh_snapshot; snapshot dashboard.json records code hashes,Same snapshot tables/events for rendering; original S4/S5 archive for raw recollection
outputs/s5_analysis/dashboard_snapshots/20260916T201317.953281Z/completion.log,1073,c68036da662e8e99fffed3cf01638f7ca5e92310307c4e69d48e64176db85e88,s5_analysis/dashboard_snapshots,analytical Case118 S4/S5; historical snapshots retain their own coverage,retain-archive,,Historical snapshot or supporting detail; final selected views are promoted explicitly,outputs/s5_analysis/dashboard_support.py: refresh_snapshot; snapshot dashboard.json records code hashes,Same snapshot tables/events for rendering; original S4/S5 archive for raw recollection
outputs/s5_analysis/dashboard_snapshots/20260916T201317.953281Z/dashboard.json,1556,507080e5b0f359f558ad10f78eae12e63306a9d37fbc50f0838898422ef6892f,s5_analysis/dashboard_snapshots,analytical Case118 S4/S5; historical snapshots retain their own coverage,retain-archive,,Historical snapshot or supporting detail; final selected views are promoted explicitly,outputs/s5_analysis/dashboard_support.py: refresh_snapshot; snapshot dashboard.json records code hashes,Same snapshot tables/events for rendering; original S4/S5 archive for raw recollection
outputs/s5_analysis/dashboard_snapshots/20260916T201317.953281Z/data/completion.csv,1481931,093168c5a8e31a100d1b3a900840a1759121fc93c11b99a2dd41e26c67609bae,s5_analysis/dashboard_snapshots,analytical Case118 S4/S5; historical snapshots retain their own coverage,retain-archive,,Historical snapshot or supporting detail; final selected views are promoted explicitly,outputs/s5_analysis/dashboard_support.py: refresh_snapshot; snapshot dashboard.json records code hashes,Same snapshot tables/events for rendering; original S4/S5 archive for raw recollection
outputs/s5_analysis/dashboard_snapshots/20260916T201317.953281Z/data/completion_render.py,4363,ea7ed55bc24c4bac643354b2075cae648543efffeb72b874d6a3f2e01e7a6edd,s5_analysis/dashboard_snapshots,analytical Case118 S4/S5; historical snapshots retain their own coverage,retain-archive,,Historical snapshot or supporting detail; final selected views are promoted explicitly,outputs/s5_analysis/dashboard_snapshots/20260916T201317.953281Z/data/completion_render.py (source code; not a generated result),"Imports, environment variables and input paths are specified in this source; see group disposition"
outputs/s5_analysis/dashboard_snapshots/20260916T201317.953281Z/data/completion_summary.json,3164,d083ba2ed1e220f4405702752d7c92d778c7c5db295ea83bb2361da40d92e6c9,s5_analysis/dashboard_snapshots,analytical Case118 S4/S5; historical snapshots retain their own coverage,retain-archive,,Historical snapshot or supporting detail; final selected views are promoted explicitly,outputs/s5_analysis/dashboard_support.py: refresh_snapshot; snapshot dashboard.json records code hashes,Same snapshot tables/events for rendering; original S4/S5 archive for raw recollection
outputs/s5_analysis/dashboard_snapshots/20260916T201317.953281Z/data/figure_sources.json,4047,64ed51c07db74f10cbfb6d8bbb64923c7eaec805d966dfe219a8082f082c16d4,s5_analysis/dashboard_snapshots,analytical Case118 S4/S5; historical snapshots retain their own coverage,retain-archive,,Historical snapshot or supporting detail; final selected views are promoted explicitly,outputs/s5_analysis/dashboard_support.py: refresh_snapshot; snapshot dashboard.json records code hashes,Same snapshot tables/events for rendering; original S4/S5 archive for raw recollection
outputs/s5_analysis/dashboard_snapshots/20260916T201317.953281Z/data/old_periods_summary.json,10440,785121f32a60db7c3e915cda557c3e8eeae6908996f67e15badc0b59572c8cdf,s5_analysis/dashboard_snapshots,analytical Case118 S4/S5; historical snapshots retain their own coverage,retain-archive,,Historical snapshot or supporting detail; final selected views are promoted explicitly,outputs/s5_analysis/dashboard_support.py: refresh_snapshot; snapshot dashboard.json records code hashes,Same snapshot tables/events for rendering; original S4/S5 archive for raw recollection
outputs/s5_analysis/dashboard_snapshots/20260916T201317.953281Z/data/operator-recovery-006122.json,60792,af5c82d791b01f62cce195a8d8785ab8a0b82f154966f59c735028b5c77ce263,s5_analysis/dashboard_snapshots,analytical Case118 S4/S5; historical snapshots retain their own coverage,retain-archive,,Historical snapshot or supporting detail; final selected views are promoted explicitly,outputs/s5_analysis/dashboard_support.py: refresh_snapshot; snapshot dashboard.json records code hashes,Same snapshot tables/events for rendering; original S4/S5 archive for raw recollection
outputs/s5_analysis/dashboard_snapshots/20260916T201317.953281Z/data/operator_observations.md,3468,f7b70ae75c6bfdf9f67c6646a578e375ca9b16e07d715d4e678ad01d441dd57a,s5_analysis/dashboard_snapshots,analytical Case118 S4/S5; historical snapshots retain their own coverage,retain-archive,,Historical snapshot or supporting detail; final selected views are promoted explicitly,outputs/s5_analysis/dashboard_support.py: refresh_snapshot; snapshot dashboard.json records code hashes,Same snapshot tables/events for rendering; original S4/S5 archive for raw recollection
outputs/s5_analysis/dashboard_snapshots/20260916T201317.953281Z/data/p95_render.py,3761,09efe914c8522bc0c18a3b75ef0db6a2a9795afe54431f5aa679733fe474feb3,s5_analysis/dashboard_snapshots,analytical Case118 S4/S5; historical snapshots retain their own coverage,retain-archive,,Historical snapshot or supporting detail; final selected views are promoted explicitly,outputs/s5_analysis/dashboard_snapshots/20260916T201317.953281Z/data/p95_render.py (source code; not a generated result),"Imports, environment variables and input paths are specified in this source; see group disposition"
outputs/s5_analysis/dashboard_snapshots/20260916T201317.953281Z/data/p95_summary.json,1532,15f60fa002304c413fdcf7f0fb05ead4941d71a719f39bef86dac1f8722686d2,s5_analysis/dashboard_snapshots,analytical Case118 S4/S5; historical snapshots retain their own coverage,retain-archive,,Historical snapshot or supporting detail; final selected views are promoted explicitly,outputs/s5_analysis/dashboard_support.py: refresh_snapshot; snapshot dashboard.json records code hashes,Same snapshot tables/events for rendering; original S4/S5 archive for raw recollection
outputs/s5_analysis/dashboard_snapshots/20260916T201317.953281Z/data/parallel_throughput.json,68993,a1d1b99f3637427b62141f9b0f3812fc80d6edbd3d4f559ba5d733ed5c359168,s5_analysis/dashboard_snapshots,analytical Case118 S4/S5; historical snapshots retain their own coverage,retain-archive,,Historical snapshot or supporting detail; final selected views are promoted explicitly,outputs/s5_analysis/dashboard_support.py: refresh_snapshot; snapshot dashboard.json records code hashes,Same snapshot tables/events for rendering; original S4/S5 archive for raw recollection
outputs/s5_analysis/dashboard_snapshots/20260916T201317.953281Z/data/periods.csv,601078,1a613214143efddac446a4d3d4dddbe0ae7d36e7502ff5d554c81e3f30ec5b6f,s5_analysis/dashboard_snapshots,analytical Case118 S4/S5; historical snapshots retain their own coverage,retain-archive,,Historical snapshot or supporting detail; final selected views are promoted explicitly,outputs/s5_analysis/dashboard_support.py: refresh_snapshot; snapshot dashboard.json records code hashes,Same snapshot tables/events for rendering; original S4/S5 archive for raw recollection
outputs/s5_analysis/dashboard_snapshots/20260916T201317.953281Z/data/post_reboot_distribution.json,180831,e994a1b2a6cfa532cbe408baad6f4e7d94576247729900f661fa6b11fd4f61c4,s5_analysis/dashboard_snapshots,analytical Case118 S4/S5; historical snapshots retain their own coverage,retain-archive,,Historical snapshot or supporting detail; final selected views are promoted explicitly,outputs/s5_analysis/dashboard_support.py: refresh_snapshot; snapshot dashboard.json records code hashes,Same snapshot tables/events for rendering; original S4/S5 archive for raw recollection
outputs/s5_analysis/dashboard_snapshots/20260916T201317.953281Z/data/post_reboot_plot.py,5194,67fb085001461a2443bb1491118f9d0820a07f94390f5b10c7eaf16eacc96d18,s5_analysis/dashboard_snapshots,analytical Case118 S4/S5; historical snapshots retain their own coverage,retain-archive,,Historical snapshot or supporting detail; final selected views are promoted explicitly,outputs/s5_analysis/dashboard_snapshots/20260916T201317.953281Z/data/post_reboot_plot.py (source code; not a generated result),"Imports, environment variables and input paths are specified in this source; see group disposition"
outputs/s5_analysis/dashboard_snapshots/20260916T201317.953281Z/data/progress_snapshot.json,125979,4223d9212fb6d137e84aa264e47b6577793893e15c179648c405d4adf7a58ba4,s5_analysis/dashboard_snapshots,analytical Case118 S4/S5; historical snapshots retain their own coverage,retain-archive,,Historical snapshot or supporting detail; final selected views are promoted explicitly,outputs/s5_analysis/dashboard_support.py: refresh_snapshot; snapshot dashboard.json records code hashes,Same snapshot tables/events for rendering; original S4/S5 archive for raw recollection
outputs/s5_analysis/dashboard_snapshots/20260916T201317.953281Z/data/race_event_snapshot.json,2458578,31c42f27bbb98ba1d622311be0f329237a864b5cbddfe99f9cec3869c0b2e50a,s5_analysis/dashboard_snapshots,analytical Case118 S4/S5; historical snapshots retain their own coverage,retain-archive,,Historical snapshot or supporting detail; final selected views are promoted explicitly,outputs/s5_analysis/dashboard_support.py: refresh_snapshot; snapshot dashboard.json records code hashes,Same snapshot tables/events for rendering; original S4/S5 archive for raw recollection
outputs/s5_analysis/dashboard_snapshots/20260916T201317.953281Z/data/rolling_p95.csv,75478,b048f51953ddb007ca712b8ac991acb23553e148cee7dd8d5f0a149a5a64f25e,s5_analysis/dashboard_snapshots,analytical Case118 S4/S5; historical snapshots retain their own coverage,retain-archive,,Historical snapshot or supporting detail; final selected views are promoted explicitly,outputs/s5_analysis/dashboard_support.py: refresh_snapshot; snapshot dashboard.json records code hashes,Same snapshot tables/events for rendering; original S4/S5 archive for raw recollection
outputs/s5_analysis/dashboard_snapshots/20260916T201317.953281Z/data/solve_summary.json,2309945,f07c8045b5fd53601b88237d872f5799118e5d8881a939ebecb9597bda5bb774,s5_analysis/dashboard_snapshots,analytical Case118 S4/S5; historical snapshots retain their own coverage,retain-archive,,Historical snapshot or supporting detail; final selected views are promoted explicitly,outputs/s5_analysis/dashboard_support.py: refresh_snapshot; snapshot dashboard.json records code hashes,Same snapshot tables/events for rendering; original S4/S5 archive for raw recollection
outputs/s5_analysis/dashboard_snapshots/20260916T201317.953281Z/data/solve_times.csv,1320919,558a63fd57784b24f7c967da8adfb873e3a2621262c6cc6249506ca5c1898a04,s5_analysis/dashboard_snapshots,analytical Case118 S4/S5; historical snapshots retain their own coverage,retain-archive,,Historical snapshot or supporting detail; final selected views are promoted explicitly,outputs/s5_analysis/dashboard_support.py: refresh_snapshot; snapshot dashboard.json records code hashes,Same snapshot tables/events for rendering; original S4/S5 archive for raw recollection
outputs/s5_analysis/dashboard_snapshots/20260916T201317.953281Z/data/solve_times_render.py,4079,4e034b60cfc30b86d9db8e0e14613771e6cf8ed3adc07eba4373a77a688367d4,s5_analysis/dashboard_snapshots,analytical Case118 S4/S5; historical snapshots retain their own coverage,retain-archive,,Historical snapshot or supporting detail; final selected views are promoted explicitly,outputs/s5_analysis/dashboard_snapshots/20260916T201317.953281Z/data/solve_times_render.py (source code; not a generated result),"Imports, environment variables and input paths are specified in this source; see group disposition"
outputs/s5_analysis/dashboard_snapshots/20260916T201317.953281Z/data/speculative-policy-source-transition-001.json,2715384,b0eb21768541c5020e3982731f11f86220bee58353122d5b411a7307db39a481,s5_analysis/dashboard_snapshots,analytical Case118 S4/S5; historical snapshots retain their own coverage,retain-archive,,Historical snapshot or supporting detail; final selected views are promoted explicitly,outputs/s5_analysis/dashboard_support.py: refresh_snapshot; snapshot dashboard.json records code hashes,Same snapshot tables/events for rendering; original S4/S5 archive for raw recollection
outputs/s5_analysis/dashboard_snapshots/20260916T201317.953281Z/data/speculative-policy-source-transition-002.json,3855398,bf835ed7a324cc3c949553fc6c7c3628f25768ddc06f0547c466d8e5c550de62,s5_analysis/dashboard_snapshots,analytical Case118 S4/S5; historical snapshots retain their own coverage,retain-archive,,Historical snapshot or supporting detail; final selected views are promoted explicitly,outputs/s5_analysis/dashboard_support.py: refresh_snapshot; snapshot dashboard.json records code hashes,Same snapshot tables/events for rendering; original S4/S5 archive for raw recollection
outputs/s5_analysis/dashboard_snapshots/20260916T201317.953281Z/data/throughput_plot.py,4865,5922c40d468fc4a2318a2e9950a312edab5013e4e4ecc564c7087488b0563e48,s5_analysis/dashboard_snapshots,analytical Case118 S4/S5; historical snapshots retain their own coverage,retain-archive,,Historical snapshot or supporting detail; final selected views are promoted explicitly,outputs/s5_analysis/dashboard_snapshots/20260916T201317.953281Z/data/throughput_plot.py (source code; not a generated result),"Imports, environment variables and input paths are specified in this source; see group disposition"
outputs/s5_analysis/dashboard_snapshots/20260916T201317.953281Z/dispatch/intervals.csv,4094794,55c816b73e1f88519b90075cd3087b2c8f5f78a0f481fd8cde5ce3eb1eb9c7ba,s5_analysis/dashboard_snapshots,analytical Case118 S4/S5; historical snapshots retain their own coverage,retain-archive,,Historical snapshot or supporting detail; final selected views are promoted explicitly,outputs/s5_analysis/dashboard_support.py: refresh_snapshot; snapshot dashboard.json records code hashes,Same snapshot tables/events for rendering; original S4/S5 archive for raw recollection
outputs/s5_analysis/dashboard_snapshots/20260916T201317.953281Z/dispatch/report.json,7315,fefbfb830829c09f28d02bdc458963a9ae2198630b1a6af8df132d71917841df,s5_analysis/dashboard_snapshots,analytical Case118 S4/S5; historical snapshots retain their own coverage,retain-archive,,Historical snapshot or supporting detail; final selected views are promoted explicitly,outputs/s5_analysis/dashboard_support.py: refresh_snapshot; snapshot dashboard.json records code hashes,Same snapshot tables/events for rendering; original S4/S5 archive for raw recollection
outputs/s5_analysis/dashboard_snapshots/20260916T201317.953281Z/dispatch.log,3057,cf0dfd6f17f4f53daeebf2d5675ef2eaf0094efe21628c5e1395a11cacc281fa,s5_analysis/dashboard_snapshots,analytical Case118 S4/S5; historical snapshots retain their own coverage,retain-archive,,Historical snapshot or supporting detail; final selected views are promoted explicitly,outputs/s5_analysis/dashboard_support.py: refresh_snapshot; snapshot dashboard.json records code hashes,Same snapshot tables/events for rendering; original S4/S5 archive for raw recollection
outputs/s5_analysis/dashboard_snapshots/20260916T201317.953281Z/events.json,482,be057083b75b2658b58fa168c9e15f9a40f415f36df64cb7a4d0c3677e796af8,s5_analysis/dashboard_snapshots,analytical Case118 S4/S5; historical snapshots retain their own coverage,retain-archive,,Historical snapshot or supporting detail; final selected views are promoted explicitly,outputs/s5_analysis/dashboard_support.py: refresh_snapshot; snapshot dashboard.json records code hashes,Same snapshot tables/events for rendering; original S4/S5 archive for raw recollection
outputs/s5_analysis/dashboard_snapshots/20260916T201317.953281Z/periods/period_p95_last24h.pdf,34776,7a7aa6022cc40aa860a67965b4abfbded5a221e2818aca00236ad0ce535d956f,s5_analysis/dashboard_snapshots,analytical Case118 S4/S5; historical snapshots retain their own coverage,retain-archive,,Historical snapshot or supporting detail; final selected views are promoted explicitly,outputs/s5_analysis/dashboard_support.py: refresh_snapshot; snapshot dashboard.json records code hashes,Same snapshot tables/events for rendering; original S4/S5 archive for raw recollection
outputs/s5_analysis/dashboard_snapshots/20260916T201317.953281Z/periods/period_p95_last24h.png,215097,9dd567888533ef4e7f1b983b24b78813d2ab43eba99779298566dd1b9fc343f5,s5_analysis/dashboard_snapshots,analytical Case118 S4/S5; historical snapshots retain their own coverage,retain-archive,,Historical snapshot or supporting detail; final selected views are promoted explicitly,outputs/s5_analysis/dashboard_support.py: refresh_snapshot; snapshot dashboard.json records code hashes,Same snapshot tables/events for rendering; original S4/S5 archive for raw recollection
outputs/s5_analysis/dashboard_snapshots/20260916T201317.953281Z/periods/periods.csv,840075,b26685a9bca56fb3b8f11726c9cd2bd1961823af04953bc21c11c002a3cac0ae,s5_analysis/dashboard_snapshots,analytical Case118 S4/S5; historical snapshots retain their own coverage,retain-archive,,Historical snapshot or supporting detail; final selected views are promoted explicitly,outputs/s5_analysis/dashboard_support.py: refresh_snapshot; snapshot dashboard.json records code hashes,Same snapshot tables/events for rendering; original S4/S5 archive for raw recollection
outputs/s5_analysis/dashboard_snapshots/20260916T201317.953281Z/periods/rolling_p95.csv,90754,114ba5e35129039045105e7df81a6839f98f48a54c38055734c9d177cdc5c61f,s5_analysis/dashboard_snapshots,analytical Case118 S4/S5; historical snapshots retain their own coverage,retain-archive,,Historical snapshot or supporting detail; final selected views are promoted explicitly,outputs/s5_analysis/dashboard_support.py: refresh_snapshot; snapshot dashboard.json records code hashes,Same snapshot tables/events for rendering; original S4/S5 archive for raw recollection
outputs/s5_analysis/dashboard_snapshots/20260916T201317.953281Z/periods/summary.json,2167467,ea856290ff2f431b27bbe931041c2f748d29751294f71c173ee67f80c70d6c4e,s5_analysis/dashboard_snapshots,analytical Case118 S4/S5; historical snapshots retain their own coverage,retain-archive,,Historical snapshot or supporting detail; final selected views are promoted explicitly,outputs/s5_analysis/dashboard_support.py: refresh_snapshot; snapshot dashboard.json records code hashes,Same snapshot tables/events for rendering; original S4/S5 archive for raw recollection
outputs/s5_analysis/dashboard_snapshots/20260916T201317.953281Z/periods.log,1677,77762b96d64cc83918fe85f03f8381d0eebb6ede8357169daeea8841039b5038,s5_analysis/dashboard_snapshots,analytical Case118 S4/S5; historical snapshots retain their own coverage,retain-archive,,Historical snapshot or supporting detail; final selected views are promoted explicitly,outputs/s5_analysis/dashboard_support.py: refresh_snapshot; snapshot dashboard.json records code hashes,Same snapshot tables/events for rendering; original S4/S5 archive for raw recollection
outputs/s5_analysis/dashboard_snapshots/20260916T201317.953281Z/races.log,578,57c318e19742350c5c5c8e7a431ed1646f29942f9e06178d92b51a008f87b3dd,s5_analysis/dashboard_snapshots,analytical Case118 S4/S5; historical snapshots retain their own coverage,retain-archive,,Historical snapshot or supporting detail; final selected views are promoted explicitly,outputs/s5_analysis/dashboard_support.py: refresh_snapshot; snapshot dashboard.json records code hashes,Same snapshot tables/events for rendering; original S4/S5 archive for raw recollection
outputs/s5_analysis/dashboard_snapshots/20260916T201317.953281Z/solves/solve_times.csv,1934709,edbe14878b4349fd10cc8d6ae0c77694d0a8840dd0ccdf601acef0b0f1bd52b4,s5_analysis/dashboard_snapshots,analytical Case118 S4/S5; historical snapshots retain their own coverage,retain-archive,,Historical snapshot or supporting detail; final selected views are promoted explicitly,outputs/s5_analysis/dashboard_support.py: refresh_snapshot; snapshot dashboard.json records code hashes,Same snapshot tables/events for rendering; original S4/S5 archive for raw recollection
outputs/s5_analysis/dashboard_snapshots/20260916T201317.953281Z/solves/solve_times_last24h.pdf,63437,7e9906aa444e89ff07bc3602ec29cbb514e6aee5ded23010bc8cc3efcf4d0b2f,s5_analysis/dashboard_snapshots,analytical Case118 S4/S5; historical snapshots retain their own coverage,retain-archive,,Historical snapshot or supporting detail; final selected views are promoted explicitly,outputs/s5_analysis/dashboard_support.py: refresh_snapshot; snapshot dashboard.json records code hashes,Same snapshot tables/events for rendering; original S4/S5 archive for raw recollection
outputs/s5_analysis/dashboard_snapshots/20260916T201317.953281Z/solves/solve_times_last24h.png,286818,3b9d28c8478d2a346f152445dd2cf0c316302516eb9ca1122134e677e65d6eb3,s5_analysis/dashboard_snapshots,analytical Case118 S4/S5; historical snapshots retain their own coverage,retain-archive,,Historical snapshot or supporting detail; final selected views are promoted explicitly,outputs/s5_analysis/dashboard_support.py: refresh_snapshot; snapshot dashboard.json records code hashes,Same snapshot tables/events for rendering; original S4/S5 archive for raw recollection
outputs/s5_analysis/dashboard_snapshots/20260916T201317.953281Z/solves/summary.json,2970143,b2b24c3727c291f88ea21eabd9f911f4203aeb03e1c1163b2b5243ff34caebc8,s5_analysis/dashboard_snapshots,analytical Case118 S4/S5; historical snapshots retain their own coverage,retain-archive,,Historical snapshot or supporting detail; final selected views are promoted explicitly,outputs/s5_analysis/dashboard_support.py: refresh_snapshot; snapshot dashboard.json records code hashes,Same snapshot tables/events for rendering; original S4/S5 archive for raw recollection
outputs/s5_analysis/dashboard_snapshots/20260916T201317.953281Z/solves.log,1092,8edb79b12870f701e039979083d3805907d911d5a5d8a462672a5996060f2635,s5_analysis/dashboard_snapshots,analytical Case118 S4/S5; historical snapshots retain their own coverage,retain-archive,,Historical snapshot or supporting detail; final selected views are promoted explicitly,outputs/s5_analysis/dashboard_support.py: refresh_snapshot; snapshot dashboard.json records code hashes,Same snapshot tables/events for rendering; original S4/S5 archive for raw recollection
outputs/s5_analysis/dashboard_snapshots/20260917T152634.819559Z/assets/completion_full.pdf,49630,3fb40aec62045b8e9170bffc8b549cde90bb3f26a88f583c9f15e35bc73b25af,s5_analysis/dashboard_snapshots,analytical Case118 S4/S5; historical snapshots retain their own coverage,retain-archive,,Historical snapshot or supporting detail; final selected views are promoted explicitly,outputs/s5_analysis/dashboard_support.py: refresh_snapshot; snapshot dashboard.json records code hashes,Same snapshot tables/events for rendering; original S4/S5 archive for raw recollection
outputs/s5_analysis/dashboard_snapshots/20260917T152634.819559Z/assets/completion_full.png,108304,e9588b73f242243ab12df1fd5f84820c2dfb6ae53ee05d2ec149cf18205cf6a4,s5_analysis/dashboard_snapshots,analytical Case118 S4/S5; historical snapshots retain their own coverage,retain-archive,,Historical snapshot or supporting detail; final selected views are promoted explicitly,outputs/s5_analysis/dashboard_support.py: refresh_snapshot; snapshot dashboard.json records code hashes,Same snapshot tables/events for rendering; original S4/S5 archive for raw recollection
outputs/s5_analysis/dashboard_snapshots/20260917T152634.819559Z/assets/completion_zoom.pdf,52232,cfbbf9f9b7feb94a5f02d640844591da13aa70323ed3f53a2cee79863c226b20,s5_analysis/dashboard_snapshots,analytical Case118 S4/S5; historical snapshots retain their own coverage,retain-archive,,Historical snapshot or supporting detail; final selected views are promoted explicitly,outputs/s5_analysis/dashboard_support.py: refresh_snapshot; snapshot dashboard.json records code hashes,Same snapshot tables/events for rendering; original S4/S5 archive for raw recollection
outputs/s5_analysis/dashboard_snapshots/20260917T152634.819559Z/assets/completion_zoom.png,110075,12703c87be2d745a80303a3b2a3aa610e0a992bef52b5471acc2f1a31f0ebeac,s5_analysis/dashboard_snapshots,analytical Case118 S4/S5; historical snapshots retain their own coverage,promote,experiments/case118_annual_hierarchy/analysis/artifacts/final_snapshot/assets/completion_zoom.png,"Selected code, final evidence, or documented run provenance",outputs/s5_analysis/dashboard_support.py: refresh_snapshot; snapshot dashboard.json records code hashes,Same snapshot tables/events for rendering; original S4/S5 archive for raw recollection
outputs/s5_analysis/dashboard_snapshots/20260917T152634.819559Z/assets/old_periods.pdf,39654,f3bda2479de3fb988b87c304941b789dd6e1320c6d664d2648b3aa7420d35a25,s5_analysis/dashboard_snapshots,analytical Case118 S4/S5; historical snapshots retain their own coverage,retain-archive,,Historical snapshot or supporting detail; final selected views are promoted explicitly,outputs/s5_analysis/dashboard_support.py: refresh_snapshot; snapshot dashboard.json records code hashes,Same snapshot tables/events for rendering; original S4/S5 archive for raw recollection
outputs/s5_analysis/dashboard_snapshots/20260917T152634.819559Z/assets/parallel_throughput.pdf,138566,16dd9616018ef220757d8431e87997103384ae69a0c81670cfbfffb78646b3bc,s5_analysis/dashboard_snapshots,analytical Case118 S4/S5; historical snapshots retain their own coverage,retain-archive,,Historical snapshot or supporting detail; final selected views are promoted explicitly,outputs/s5_analysis/dashboard_support.py: refresh_snapshot; snapshot dashboard.json records code hashes,Same snapshot tables/events for rendering; original S4/S5 archive for raw recollection
outputs/s5_analysis/dashboard_snapshots/20260917T152634.819559Z/assets/parallel_throughput.png,110042,d2af8a7910e4adae12dea3850d1c2b85e703157efaaffd246ec08483768e7c09,s5_analysis/dashboard_snapshots,analytical Case118 S4/S5; historical snapshots retain their own coverage,promote,experiments/case118_annual_hierarchy/analysis/artifacts/final_snapshot/assets/parallel_throughput.png,"Selected code, final evidence, or documented run provenance",outputs/s5_analysis/dashboard_support.py: refresh_snapshot; snapshot dashboard.json records code hashes,Same snapshot tables/events for rendering; original S4/S5 archive for raw recollection
outputs/s5_analysis/dashboard_snapshots/20260917T152634.819559Z/assets/period_p95.pdf,33591,6b92d20d4206f431ec89eb851947780f906348b39cab093e1f8f0751ad68f650,s5_analysis/dashboard_snapshots,analytical Case118 S4/S5; historical snapshots retain their own coverage,retain-archive,,Historical snapshot or supporting detail; final selected views are promoted explicitly,outputs/s5_analysis/dashboard_support.py: refresh_snapshot; snapshot dashboard.json records code hashes,Same snapshot tables/events for rendering; original S4/S5 archive for raw recollection
outputs/s5_analysis/dashboard_snapshots/20260917T152634.819559Z/assets/period_p95.png,164745,d7b08429f0e1828b1de2b571db58d92e615b26a1117529dd88b0ff59d061569a,s5_analysis/dashboard_snapshots,analytical Case118 S4/S5; historical snapshots retain their own coverage,promote,experiments/case118_annual_hierarchy/analysis/artifacts/final_snapshot/assets/period_p95.png,"Selected code, final evidence, or documented run provenance",outputs/s5_analysis/dashboard_support.py: refresh_snapshot; snapshot dashboard.json records code hashes,Same snapshot tables/events for rendering; original S4/S5 archive for raw recollection
outputs/s5_analysis/dashboard_snapshots/20260917T152634.819559Z/assets/post_reboot_distribution.pdf,25762,a74cafe633f86e5f8117bb2ce708824b11efc766e98e3f71ce06ec00771334d1,s5_analysis/dashboard_snapshots,analytical Case118 S4/S5; historical snapshots retain their own coverage,retain-archive,,Historical snapshot or supporting detail; final selected views are promoted explicitly,outputs/s5_analysis/dashboard_support.py: refresh_snapshot; snapshot dashboard.json records code hashes,Same snapshot tables/events for rendering; original S4/S5 archive for raw recollection
outputs/s5_analysis/dashboard_snapshots/20260917T152634.819559Z/assets/post_reboot_distribution.png,97121,c668285f6849fd3909445678d4e0346a805fc3a533f4d89e8fc16056d374db7e,s5_analysis/dashboard_snapshots,analytical Case118 S4/S5; historical snapshots retain their own coverage,promote,experiments/case118_annual_hierarchy/analysis/artifacts/final_snapshot/assets/post_reboot_distribution.png,"Selected code, final evidence, or documented run provenance",outputs/s5_analysis/dashboard_support.py: refresh_snapshot; snapshot dashboard.json records code hashes,Same snapshot tables/events for rendering; original S4/S5 archive for raw recollection
outputs/s5_analysis/dashboard_snapshots/20260917T152634.819559Z/assets/solve_times.pdf,103236,6800b4027d2a36eacb2e3c597a280a2cd2a6c53de1f7e191f9fd8c575b2a85b3,s5_analysis/dashboard_snapshots,analytical Case118 S4/S5; historical snapshots retain their own coverage,retain-archive,,Historical snapshot or supporting detail; final selected views are promoted explicitly,outputs/s5_analysis/dashboard_support.py: refresh_snapshot; snapshot dashboard.json records code hashes,Same snapshot tables/events for rendering; original S4/S5 archive for raw recollection
outputs/s5_analysis/dashboard_snapshots/20260917T152634.819559Z/assets/solve_times.png,344250,7c9244f75db13f9049105e7000ab766481119216bca052381300c6ad09105ed5,s5_analysis/dashboard_snapshots,analytical Case118 S4/S5; historical snapshots retain their own coverage,retain-archive,,Historical snapshot or supporting detail; final selected views are promoted explicitly,outputs/s5_analysis/dashboard_support.py: refresh_snapshot; snapshot dashboard.json records code hashes,Same snapshot tables/events for rendering; original S4/S5 archive for raw recollection
outputs/s5_analysis/dashboard_snapshots/20260917T152634.819559Z/completion/band_metadata.json,370,5d7939e43975f32a3b84615867fabf7e936d5e46677b9a05ce6f47cb9e49aa9a,s5_analysis/dashboard_snapshots,analytical Case118 S4/S5; historical snapshots retain their own coverage,promote,experiments/case118_annual_hierarchy/analysis/artifacts/final_snapshot/completion/band_metadata.json,"Selected code, final evidence, or documented run provenance",outputs/s5_analysis/dashboard_support.py: refresh_snapshot; snapshot dashboard.json records code hashes,Same snapshot tables/events for rendering; original S4/S5 archive for raw recollection
outputs/s5_analysis/dashboard_snapshots/20260917T152634.819559Z/completion/checkpoint_snapshot.json,1518978,b1932033e7d353ff86b879feea8a17c38afa3e5072990684a88bb91526cf60b0,s5_analysis/dashboard_snapshots,analytical Case118 S4/S5; historical snapshots retain their own coverage,promote,experiments/case118_annual_hierarchy/analysis/artifacts/final_snapshot/completion/checkpoint_snapshot.json,"Selected code, final evidence, or documented run provenance",outputs/s5_analysis/dashboard_support.py: refresh_snapshot; snapshot dashboard.json records code hashes,Same snapshot tables/events for rendering; original S4/S5 archive for raw recollection
outputs/s5_analysis/dashboard_snapshots/20260917T152634.819559Z/completion/completion.csv,2500926,87aec5639ad875175f4491a55595acd0c6221b851e3afc484c063c03e98bbda8,s5_analysis/dashboard_snapshots,analytical Case118 S4/S5; historical snapshots retain their own coverage,promote,experiments/case118_annual_hierarchy/analysis/artifacts/final_snapshot/completion/completion.csv,"Selected code, final evidence, or documented run provenance",outputs/s5_analysis/dashboard_support.py: refresh_snapshot; snapshot dashboard.json records code hashes,Same snapshot tables/events for rendering; original S4/S5 archive for raw recollection
outputs/s5_analysis/dashboard_snapshots/20260917T152634.819559Z/completion/completion_walltime.pdf,60959,5cc26a7d454d1cc32ec42b9e265bc53920418578cb96a47f9327a092f00d0257,s5_analysis/dashboard_snapshots,analytical Case118 S4/S5; historical snapshots retain their own coverage,retain-archive,,Historical snapshot or supporting detail; final selected views are promoted explicitly,outputs/s5_analysis/dashboard_support.py: refresh_snapshot; snapshot dashboard.json records code hashes,Same snapshot tables/events for rendering; original S4/S5 archive for raw recollection
outputs/s5_analysis/dashboard_snapshots/20260917T152634.819559Z/completion/completion_walltime.png,135774,0a3dcb0dfc5a312973d705425728cce57db69f326c934d58797c3932b6a3d969,s5_analysis/dashboard_snapshots,analytical Case118 S4/S5; historical snapshots retain their own coverage,retain-archive,,Historical snapshot or supporting detail; final selected views are promoted explicitly,outputs/s5_analysis/dashboard_support.py: refresh_snapshot; snapshot dashboard.json records code hashes,Same snapshot tables/events for rendering; original S4/S5 archive for raw recollection
outputs/s5_analysis/dashboard_snapshots/20260917T152634.819559Z/completion/completion_walltime_band.pdf,61744,994bfd7f54e7a00c1d76f7cee860aebfc0a5710391cddff99fc9d588903a4a2e,s5_analysis/dashboard_snapshots,analytical Case118 S4/S5; historical snapshots retain their own coverage,retain-archive,,Historical snapshot or supporting detail; final selected views are promoted explicitly,outputs/s5_analysis/dashboard_support.py: refresh_snapshot; snapshot dashboard.json records code hashes,Same snapshot tables/events for rendering; original S4/S5 archive for raw recollection
outputs/s5_analysis/dashboard_snapshots/20260917T152634.819559Z/completion/completion_walltime_band.png,144413,034d9b7f0fa4074a427c9dcdbcf3817c61cf87daf34dbe01af32653e175596c5,s5_analysis/dashboard_snapshots,analytical Case118 S4/S5; historical snapshots retain their own coverage,promote,experiments/case118_annual_hierarchy/analysis/artifacts/final_snapshot/completion/completion_walltime_band.png,"Selected code, final evidence, or documented run provenance",outputs/s5_analysis/dashboard_support.py: refresh_snapshot; snapshot dashboard.json records code hashes,Same snapshot tables/events for rendering; original S4/S5 archive for raw recollection
outputs/s5_analysis/dashboard_snapshots/20260917T152634.819559Z/completion/summary.json,4711,091b6a87a89f1c5b7617995dc8301251ad9845d3748835b59da71ad0cf39841a,s5_analysis/dashboard_snapshots,analytical Case118 S4/S5; historical snapshots retain their own coverage,promote,experiments/case118_annual_hierarchy/analysis/artifacts/final_snapshot/completion/summary.json,"Selected code, final evidence, or documented run provenance",outputs/s5_analysis/dashboard_support.py: refresh_snapshot; snapshot dashboard.json records code hashes,Same snapshot tables/events for rendering; original S4/S5 archive for raw recollection
outputs/s5_analysis/dashboard_snapshots/20260917T152634.819559Z/completion.log,1061,8db6d1c0fcb72a0f82009d80e78a008c031f4e009927d93d22403110b85dcc9b,s5_analysis/dashboard_snapshots,analytical Case118 S4/S5; historical snapshots retain their own coverage,retain-archive,,Historical snapshot or supporting detail; final selected views are promoted explicitly,outputs/s5_analysis/dashboard_support.py: refresh_snapshot; snapshot dashboard.json records code hashes,Same snapshot tables/events for rendering; original S4/S5 archive for raw recollection
outputs/s5_analysis/dashboard_snapshots/20260917T152634.819559Z/dashboard.json,1556,03d1a293e1efe2254404e0799b59aaa0936873ad5dcc334f754622e77e8060f1,s5_analysis/dashboard_snapshots,analytical Case118 S4/S5; historical snapshots retain their own coverage,promote,experiments/case118_annual_hierarchy/analysis/artifacts/final_snapshot/dashboard.json,"Selected code, final evidence, or documented run provenance",outputs/s5_analysis/dashboard_support.py: refresh_snapshot; snapshot dashboard.json records code hashes,Same snapshot tables/events for rendering; original S4/S5 archive for raw recollection
outputs/s5_analysis/dashboard_snapshots/20260917T152634.819559Z/data/completion.csv,1481931,093168c5a8e31a100d1b3a900840a1759121fc93c11b99a2dd41e26c67609bae,s5_analysis/dashboard_snapshots,analytical Case118 S4/S5; historical snapshots retain their own coverage,retain-archive,,Historical snapshot or supporting detail; final selected views are promoted explicitly,outputs/s5_analysis/dashboard_support.py: refresh_snapshot; snapshot dashboard.json records code hashes,Same snapshot tables/events for rendering; original S4/S5 archive for raw recollection
outputs/s5_analysis/dashboard_snapshots/20260917T152634.819559Z/data/completion_render.py,4363,ea7ed55bc24c4bac643354b2075cae648543efffeb72b874d6a3f2e01e7a6edd,s5_analysis/dashboard_snapshots,analytical Case118 S4/S5; historical snapshots retain their own coverage,retain-archive,,Historical snapshot or supporting detail; final selected views are promoted explicitly,outputs/s5_analysis/dashboard_snapshots/20260917T152634.819559Z/data/completion_render.py (source code; not a generated result),"Imports, environment variables and input paths are specified in this source; see group disposition"
outputs/s5_analysis/dashboard_snapshots/20260917T152634.819559Z/data/completion_summary.json,3164,d083ba2ed1e220f4405702752d7c92d778c7c5db295ea83bb2361da40d92e6c9,s5_analysis/dashboard_snapshots,analytical Case118 S4/S5; historical snapshots retain their own coverage,retain-archive,,Historical snapshot or supporting detail; final selected views are promoted explicitly,outputs/s5_analysis/dashboard_support.py: refresh_snapshot; snapshot dashboard.json records code hashes,Same snapshot tables/events for rendering; original S4/S5 archive for raw recollection
outputs/s5_analysis/dashboard_snapshots/20260917T152634.819559Z/data/figure_sources.json,4047,64ed51c07db74f10cbfb6d8bbb64923c7eaec805d966dfe219a8082f082c16d4,s5_analysis/dashboard_snapshots,analytical Case118 S4/S5; historical snapshots retain their own coverage,retain-archive,,Historical snapshot or supporting detail; final selected views are promoted explicitly,outputs/s5_analysis/dashboard_support.py: refresh_snapshot; snapshot dashboard.json records code hashes,Same snapshot tables/events for rendering; original S4/S5 archive for raw recollection
outputs/s5_analysis/dashboard_snapshots/20260917T152634.819559Z/data/old_periods_summary.json,10440,785121f32a60db7c3e915cda557c3e8eeae6908996f67e15badc0b59572c8cdf,s5_analysis/dashboard_snapshots,analytical Case118 S4/S5; historical snapshots retain their own coverage,retain-archive,,Historical snapshot or supporting detail; final selected views are promoted explicitly,outputs/s5_analysis/dashboard_support.py: refresh_snapshot; snapshot dashboard.json records code hashes,Same snapshot tables/events for rendering; original S4/S5 archive for raw recollection
outputs/s5_analysis/dashboard_snapshots/20260917T152634.819559Z/data/operator-recovery-006122.json,60792,af5c82d791b01f62cce195a8d8785ab8a0b82f154966f59c735028b5c77ce263,s5_analysis/dashboard_snapshots,analytical Case118 S4/S5; historical snapshots retain their own coverage,retain-archive,,Historical snapshot or supporting detail; final selected views are promoted explicitly,outputs/s5_analysis/dashboard_support.py: refresh_snapshot; snapshot dashboard.json records code hashes,Same snapshot tables/events for rendering; original S4/S5 archive for raw recollection
outputs/s5_analysis/dashboard_snapshots/20260917T152634.819559Z/data/operator_observations.md,3468,f7b70ae75c6bfdf9f67c6646a578e375ca9b16e07d715d4e678ad01d441dd57a,s5_analysis/dashboard_snapshots,analytical Case118 S4/S5; historical snapshots retain their own coverage,retain-archive,,Historical snapshot or supporting detail; final selected views are promoted explicitly,outputs/s5_analysis/dashboard_support.py: refresh_snapshot; snapshot dashboard.json records code hashes,Same snapshot tables/events for rendering; original S4/S5 archive for raw recollection
outputs/s5_analysis/dashboard_snapshots/20260917T152634.819559Z/data/p95_render.py,3761,09efe914c8522bc0c18a3b75ef0db6a2a9795afe54431f5aa679733fe474feb3,s5_analysis/dashboard_snapshots,analytical Case118 S4/S5; historical snapshots retain their own coverage,retain-archive,,Historical snapshot or supporting detail; final selected views are promoted explicitly,outputs/s5_analysis/dashboard_snapshots/20260917T152634.819559Z/data/p95_render.py (source code; not a generated result),"Imports, environment variables and input paths are specified in this source; see group disposition"
outputs/s5_analysis/dashboard_snapshots/20260917T152634.819559Z/data/p95_summary.json,1532,15f60fa002304c413fdcf7f0fb05ead4941d71a719f39bef86dac1f8722686d2,s5_analysis/dashboard_snapshots,analytical Case118 S4/S5; historical snapshots retain their own coverage,retain-archive,,Historical snapshot or supporting detail; final selected views are promoted explicitly,outputs/s5_analysis/dashboard_support.py: refresh_snapshot; snapshot dashboard.json records code hashes,Same snapshot tables/events for rendering; original S4/S5 archive for raw recollection
outputs/s5_analysis/dashboard_snapshots/20260917T152634.819559Z/data/parallel_throughput.json,68993,a1d1b99f3637427b62141f9b0f3812fc80d6edbd3d4f559ba5d733ed5c359168,s5_analysis/dashboard_snapshots,analytical Case118 S4/S5; historical snapshots retain their own coverage,retain-archive,,Historical snapshot or supporting detail; final selected views are promoted explicitly,outputs/s5_analysis/dashboard_support.py: refresh_snapshot; snapshot dashboard.json records code hashes,Same snapshot tables/events for rendering; original S4/S5 archive for raw recollection
outputs/s5_analysis/dashboard_snapshots/20260917T152634.819559Z/data/periods.csv,601078,1a613214143efddac446a4d3d4dddbe0ae7d36e7502ff5d554c81e3f30ec5b6f,s5_analysis/dashboard_snapshots,analytical Case118 S4/S5; historical snapshots retain their own coverage,retain-archive,,Historical snapshot or supporting detail; final selected views are promoted explicitly,outputs/s5_analysis/dashboard_support.py: refresh_snapshot; snapshot dashboard.json records code hashes,Same snapshot tables/events for rendering; original S4/S5 archive for raw recollection
outputs/s5_analysis/dashboard_snapshots/20260917T152634.819559Z/data/post_reboot_distribution.json,180831,e994a1b2a6cfa532cbe408baad6f4e7d94576247729900f661fa6b11fd4f61c4,s5_analysis/dashboard_snapshots,analytical Case118 S4/S5; historical snapshots retain their own coverage,retain-archive,,Historical snapshot or supporting detail; final selected views are promoted explicitly,outputs/s5_analysis/dashboard_support.py: refresh_snapshot; snapshot dashboard.json records code hashes,Same snapshot tables/events for rendering; original S4/S5 archive for raw recollection
outputs/s5_analysis/dashboard_snapshots/20260917T152634.819559Z/data/post_reboot_plot.py,5194,67fb085001461a2443bb1491118f9d0820a07f94390f5b10c7eaf16eacc96d18,s5_analysis/dashboard_snapshots,analytical Case118 S4/S5; historical snapshots retain their own coverage,retain-archive,,Historical snapshot or supporting detail; final selected views are promoted explicitly,outputs/s5_analysis/dashboard_snapshots/20260917T152634.819559Z/data/post_reboot_plot.py (source code; not a generated result),"Imports, environment variables and input paths are specified in this source; see group disposition"
outputs/s5_analysis/dashboard_snapshots/20260917T152634.819559Z/data/progress_snapshot.json,143831,78de907f379dfbc70677ef4a874f3d8ec5f2bf33d3c6875eecdea5cf716dd5b7,s5_analysis/dashboard_snapshots,analytical Case118 S4/S5; historical snapshots retain their own coverage,promote,experiments/case118_annual_hierarchy/analysis/artifacts/final_snapshot/data/progress_snapshot.json,"Selected code, final evidence, or documented run provenance",outputs/s5_analysis/dashboard_support.py: refresh_snapshot; snapshot dashboard.json records code hashes,Same snapshot tables/events for rendering; original S4/S5 archive for raw recollection
outputs/s5_analysis/dashboard_snapshots/20260917T152634.819559Z/data/race_event_snapshot.json,3096669,ac8c8232863071b8c33e6bcf1827aa0ba11ca83b8ba9fcc1b6782e67d7b038cd,s5_analysis/dashboard_snapshots,analytical Case118 S4/S5; historical snapshots retain their own coverage,retain-archive,,Historical snapshot or supporting detail; final selected views are promoted explicitly,outputs/s5_analysis/dashboard_support.py: refresh_snapshot; snapshot dashboard.json records code hashes,Same snapshot tables/events for rendering; original S4/S5 archive for raw recollection
outputs/s5_analysis/dashboard_snapshots/20260917T152634.819559Z/data/rolling_p95.csv,75478,b048f51953ddb007ca712b8ac991acb23553e148cee7dd8d5f0a149a5a64f25e,s5_analysis/dashboard_snapshots,analytical Case118 S4/S5; historical snapshots retain their own coverage,retain-archive,,Historical snapshot or supporting detail; final selected views are promoted explicitly,outputs/s5_analysis/dashboard_support.py: refresh_snapshot; snapshot dashboard.json records code hashes,Same snapshot tables/events for rendering; original S4/S5 archive for raw recollection
outputs/s5_analysis/dashboard_snapshots/20260917T152634.819559Z/data/solve_summary.json,2309945,f07c8045b5fd53601b88237d872f5799118e5d8881a939ebecb9597bda5bb774,s5_analysis/dashboard_snapshots,analytical Case118 S4/S5; historical snapshots retain their own coverage,retain-archive,,Historical snapshot or supporting detail; final selected views are promoted explicitly,outputs/s5_analysis/dashboard_support.py: refresh_snapshot; snapshot dashboard.json records code hashes,Same snapshot tables/events for rendering; original S4/S5 archive for raw recollection
outputs/s5_analysis/dashboard_snapshots/20260917T152634.819559Z/data/solve_times.csv,1320919,558a63fd57784b24f7c967da8adfb873e3a2621262c6cc6249506ca5c1898a04,s5_analysis/dashboard_snapshots,analytical Case118 S4/S5; historical snapshots retain their own coverage,retain-archive,,Historical snapshot or supporting detail; final selected views are promoted explicitly,outputs/s5_analysis/dashboard_support.py: refresh_snapshot; snapshot dashboard.json records code hashes,Same snapshot tables/events for rendering; original S4/S5 archive for raw recollection
outputs/s5_analysis/dashboard_snapshots/20260917T152634.819559Z/data/solve_times_render.py,4079,4e034b60cfc30b86d9db8e0e14613771e6cf8ed3adc07eba4373a77a688367d4,s5_analysis/dashboard_snapshots,analytical Case118 S4/S5; historical snapshots retain their own coverage,retain-archive,,Historical snapshot or supporting detail; final selected views are promoted explicitly,outputs/s5_analysis/dashboard_snapshots/20260917T152634.819559Z/data/solve_times_render.py (source code; not a generated result),"Imports, environment variables and input paths are specified in this source; see group disposition"
outputs/s5_analysis/dashboard_snapshots/20260917T152634.819559Z/data/speculative-policy-source-transition-001.json,2715384,b0eb21768541c5020e3982731f11f86220bee58353122d5b411a7307db39a481,s5_analysis/dashboard_snapshots,analytical Case118 S4/S5; historical snapshots retain their own coverage,retain-archive,,Historical snapshot or supporting detail; final selected views are promoted explicitly,outputs/s5_analysis/dashboard_support.py: refresh_snapshot; snapshot dashboard.json records code hashes,Same snapshot tables/events for rendering; original S4/S5 archive for raw recollection
outputs/s5_analysis/dashboard_snapshots/20260917T152634.819559Z/data/speculative-policy-source-transition-002.json,3855398,bf835ed7a324cc3c949553fc6c7c3628f25768ddc06f0547c466d8e5c550de62,s5_analysis/dashboard_snapshots,analytical Case118 S4/S5; historical snapshots retain their own coverage,retain-archive,,Historical snapshot or supporting detail; final selected views are promoted explicitly,outputs/s5_analysis/dashboard_support.py: refresh_snapshot; snapshot dashboard.json records code hashes,Same snapshot tables/events for rendering; original S4/S5 archive for raw recollection
outputs/s5_analysis/dashboard_snapshots/20260917T152634.819559Z/data/speculative-policy-source-transition-003.json,5355652,94d201b382536798e2f977676c422451974d81c434d008c5f9897c0865f02d30,s5_analysis/dashboard_snapshots,analytical Case118 S4/S5; historical snapshots retain their own coverage,retain-archive,,Historical snapshot or supporting detail; final selected views are promoted explicitly,outputs/s5_analysis/dashboard_support.py: refresh_snapshot; snapshot dashboard.json records code hashes,Same snapshot tables/events for rendering; original S4/S5 archive for raw recollection
outputs/s5_analysis/dashboard_snapshots/20260917T152634.819559Z/data/throughput_plot.py,4865,5922c40d468fc4a2318a2e9950a312edab5013e4e4ecc564c7087488b0563e48,s5_analysis/dashboard_snapshots,analytical Case118 S4/S5; historical snapshots retain their own coverage,retain-archive,,Historical snapshot or supporting detail; final selected views are promoted explicitly,outputs/s5_analysis/dashboard_snapshots/20260917T152634.819559Z/data/throughput_plot.py (source code; not a generated result),"Imports, environment variables and input paths are specified in this source; see group disposition"
outputs/s5_analysis/dashboard_snapshots/20260917T152634.819559Z/dispatch/intervals.csv,4671997,9297a45485a8bee3caf035f1efc0dc1966f8ffd561e0863528ad39915b05b76e,s5_analysis/dashboard_snapshots,analytical Case118 S4/S5; historical snapshots retain their own coverage,promote,experiments/case118_annual_hierarchy/analysis/artifacts/final_snapshot/dispatch/intervals.csv,"Selected code, final evidence, or documented run provenance",outputs/s5_analysis/dashboard_support.py: refresh_snapshot; snapshot dashboard.json records code hashes,Same snapshot tables/events for rendering; original S4/S5 archive for raw recollection
outputs/s5_analysis/dashboard_snapshots/20260917T152634.819559Z/dispatch/report.json,7309,50d69df0b891c2c96b1a3e31921320260bf8387c0f8e6c7beee30842fc228a0c,s5_analysis/dashboard_snapshots,analytical Case118 S4/S5; historical snapshots retain their own coverage,promote,experiments/case118_annual_hierarchy/analysis/artifacts/final_snapshot/dispatch/report.json,"Selected code, final evidence, or documented run provenance",outputs/s5_analysis/dashboard_support.py: refresh_snapshot; snapshot dashboard.json records code hashes,Same snapshot tables/events for rendering; original S4/S5 archive for raw recollection
outputs/s5_analysis/dashboard_snapshots/20260917T152634.819559Z/dispatch.log,3085,358652788cab702a61f9822bd0cf4729306ef6330a4f233bebf87a7a71d6cfb1,s5_analysis/dashboard_snapshots,analytical Case118 S4/S5; historical snapshots retain their own coverage,retain-archive,,Historical snapshot or supporting detail; final selected views are promoted explicitly,outputs/s5_analysis/dashboard_support.py: refresh_snapshot; snapshot dashboard.json records code hashes,Same snapshot tables/events for rendering; original S4/S5 archive for raw recollection
outputs/s5_analysis/dashboard_snapshots/20260917T152634.819559Z/events.json,482,be057083b75b2658b58fa168c9e15f9a40f415f36df64cb7a4d0c3677e796af8,s5_analysis/dashboard_snapshots,analytical Case118 S4/S5; historical snapshots retain their own coverage,promote,experiments/case118_annual_hierarchy/analysis/artifacts/final_snapshot/events.json,"Selected code, final evidence, or documented run provenance",outputs/s5_analysis/dashboard_support.py: refresh_snapshot; snapshot dashboard.json records code hashes,Same snapshot tables/events for rendering; original S4/S5 archive for raw recollection
outputs/s5_analysis/dashboard_snapshots/20260917T152634.819559Z/periods/period_p95_last24h.pdf,35024,0d685e657e0eb6eaa846e0dce85d9885ddc9406015da701706885f583df68fa4,s5_analysis/dashboard_snapshots,analytical Case118 S4/S5; historical snapshots retain their own coverage,retain-archive,,Historical snapshot or supporting detail; final selected views are promoted explicitly,outputs/s5_analysis/dashboard_support.py: refresh_snapshot; snapshot dashboard.json records code hashes,Same snapshot tables/events for rendering; original S4/S5 archive for raw recollection
outputs/s5_analysis/dashboard_snapshots/20260917T152634.819559Z/periods/period_p95_last24h.png,212437,1929593da6f0eb9e1d1877e566993d974fec0f8d96dda93c0a660b40c8044cfe,s5_analysis/dashboard_snapshots,analytical Case118 S4/S5; historical snapshots retain their own coverage,retain-archive,,Historical snapshot or supporting detail; final selected views are promoted explicitly,outputs/s5_analysis/dashboard_support.py: refresh_snapshot; snapshot dashboard.json records code hashes,Same snapshot tables/events for rendering; original S4/S5 archive for raw recollection
outputs/s5_analysis/dashboard_snapshots/20260917T152634.819559Z/periods/periods.csv,957750,5daadb1ab475c29e5310e004f960649bceafa73c53b9b5b40ddf22c5203bfd83,s5_analysis/dashboard_snapshots,analytical Case118 S4/S5; historical snapshots retain their own coverage,promote,experiments/case118_annual_hierarchy/analysis/artifacts/final_snapshot/periods/periods.csv,"Selected code, final evidence, or documented run provenance",outputs/s5_analysis/dashboard_support.py: refresh_snapshot; snapshot dashboard.json records code hashes,Same snapshot tables/events for rendering; original S4/S5 archive for raw recollection
outputs/s5_analysis/dashboard_snapshots/20260917T152634.819559Z/periods/rolling_p95.csv,101300,dc271458fd750f2a5aa01ef9a8c8dd1eab062b5df6ec0a292890bada17011792,s5_analysis/dashboard_snapshots,analytical Case118 S4/S5; historical snapshots retain their own coverage,promote,experiments/case118_annual_hierarchy/analysis/artifacts/final_snapshot/periods/rolling_p95.csv,"Selected code, final evidence, or documented run provenance",outputs/s5_analysis/dashboard_support.py: refresh_snapshot; snapshot dashboard.json records code hashes,Same snapshot tables/events for rendering; original S4/S5 archive for raw recollection
outputs/s5_analysis/dashboard_snapshots/20260917T152634.819559Z/periods/summary.json,2396779,49fb67f8ee4ef789bf4486e4fc8830d2ae99cc46529ec8754fcac7058f5d35d5,s5_analysis/dashboard_snapshots,analytical Case118 S4/S5; historical snapshots retain their own coverage,promote,experiments/case118_annual_hierarchy/analysis/artifacts/final_snapshot/periods/summary.json,"Selected code, final evidence, or documented run provenance",outputs/s5_analysis/dashboard_support.py: refresh_snapshot; snapshot dashboard.json records code hashes,Same snapshot tables/events for rendering; original S4/S5 archive for raw recollection
outputs/s5_analysis/dashboard_snapshots/20260917T152634.819559Z/periods.log,1961,3ed21d02937760f938443bc35b74a0a21c29c06eaf1987cf60f6c0a2e53a188a,s5_analysis/dashboard_snapshots,analytical Case118 S4/S5; historical snapshots retain their own coverage,retain-archive,,Historical snapshot or supporting detail; final selected views are promoted explicitly,outputs/s5_analysis/dashboard_support.py: refresh_snapshot; snapshot dashboard.json records code hashes,Same snapshot tables/events for rendering; original S4/S5 archive for raw recollection
outputs/s5_analysis/dashboard_snapshots/20260917T152634.819559Z/races.log,566,e298eb12b63f9971e297ebf3adbe8012664b6f4bad2fc3dcbe965f9c966118ad,s5_analysis/dashboard_snapshots,analytical Case118 S4/S5; historical snapshots retain their own coverage,retain-archive,,Historical snapshot or supporting detail; final selected views are promoted explicitly,outputs/s5_analysis/dashboard_support.py: refresh_snapshot; snapshot dashboard.json records code hashes,Same snapshot tables/events for rendering; original S4/S5 archive for raw recollection
outputs/s5_analysis/dashboard_snapshots/20260917T152634.819559Z/solves/solve_times.csv,2207641,a0bebcbbd3b3cb34bfb623392dc49ec1e94bdbe4a51ae30113aed87c9aeaa76e,s5_analysis/dashboard_snapshots,analytical Case118 S4/S5; historical snapshots retain their own coverage,promote,experiments/case118_annual_hierarchy/analysis/artifacts/final_snapshot/solves/solve_times.csv,"Selected code, final evidence, or documented run provenance",outputs/s5_analysis/dashboard_support.py: refresh_snapshot; snapshot dashboard.json records code hashes,Same snapshot tables/events for rendering; original S4/S5 archive for raw recollection
outputs/s5_analysis/dashboard_snapshots/20260917T152634.819559Z/solves/solve_times_last24h.pdf,57830,9d3c168bc01df29d295e2cfb2c8293b439e4eb851c0ea1db6f2c6b0603e9ef0a,s5_analysis/dashboard_snapshots,analytical Case118 S4/S5; historical snapshots retain their own coverage,retain-archive,,Historical snapshot or supporting detail; final selected views are promoted explicitly,outputs/s5_analysis/dashboard_support.py: refresh_snapshot; snapshot dashboard.json records code hashes,Same snapshot tables/events for rendering; original S4/S5 archive for raw recollection
outputs/s5_analysis/dashboard_snapshots/20260917T152634.819559Z/solves/solve_times_last24h.png,257790,16ba0e13fe5a7a32f15a705f45e796c5750ddd1032a7fcdf866b40a307ef7ddc,s5_analysis/dashboard_snapshots,analytical Case118 S4/S5; historical snapshots retain their own coverage,retain-archive,,Historical snapshot or supporting detail; final selected views are promoted explicitly,outputs/s5_analysis/dashboard_support.py: refresh_snapshot; snapshot dashboard.json records code hashes,Same snapshot tables/events for rendering; original S4/S5 archive for raw recollection
outputs/s5_analysis/dashboard_snapshots/20260917T152634.819559Z/solves/summary.json,3268734,1995ecb904e66072b7f7def70946b0622e42e17f01111fd695d0d3121fa59c52,s5_analysis/dashboard_snapshots,analytical Case118 S4/S5; historical snapshots retain their own coverage,promote,experiments/case118_annual_hierarchy/analysis/artifacts/final_snapshot/solves/summary.json,"Selected code, final evidence, or documented run provenance",outputs/s5_analysis/dashboard_support.py: refresh_snapshot; snapshot dashboard.json records code hashes,Same snapshot tables/events for rendering; original S4/S5 archive for raw recollection
outputs/s5_analysis/dashboard_snapshots/20260917T152634.819559Z/solves.log,1093,229affcd2370e68343764347f6f8d0eb593d854e8e1bb08e74a559a8d215033e,s5_analysis/dashboard_snapshots,analytical Case118 S4/S5; historical snapshots retain their own coverage,retain-archive,,Historical snapshot or supporting detail; final selected views are promoted explicitly,outputs/s5_analysis/dashboard_support.py: refresh_snapshot; snapshot dashboard.json records code hashes,Same snapshot tables/events for rendering; original S4/S5 archive for raw recollection
outputs/s5_analysis/dashboard_snapshots/LATEST.json,1556,03d1a293e1efe2254404e0799b59aaa0936873ad5dcc334f754622e77e8060f1,s5_analysis/dashboard_snapshots,analytical Case118 S4/S5; historical snapshots retain their own coverage,retain-archive,,Historical snapshot or supporting detail; final selected views are promoted explicitly,outputs/s5_analysis/dashboard_support.py: refresh_snapshot; snapshot dashboard.json records code hashes,Same snapshot tables/events for rendering; original S4/S5 archive for raw recollection
outputs/s5_analysis/dashboard_snapshots/solve_times_marker_preview.png,244293,af126c56ea18bdbec9bb6d83e59a9c0d56caab1e33e80407b5dbd779e79e20e2,s5_analysis/dashboard_snapshots,analytical Case118 S4/S5; historical snapshots retain their own coverage,retain-archive,,Historical snapshot or supporting detail; final selected views are promoted explicitly,outputs/s5_analysis/dashboard_support.py: refresh_snapshot; snapshot dashboard.json records code hashes,Same snapshot tables/events for rendering; original S4/S5 archive for raw recollection
outputs/s5_analysis/dashboard_stress.py,8237,7f89b90ddc75793b509d201902f977f150facc7364eff9257e2cf823190cd790,s5_analysis/dashboard_stress.py,analytical Case118 S4/S5; historical snapshots retain their own coverage,promote,experiments/case118_annual_hierarchy/analysis/dashboard_stress.py,"Selected code, final evidence, or documented run provenance",outputs/s5_analysis/dashboard_stress.py (source code; not a generated result),"Imports, environment variables and input paths are specified in this source; see group disposition"
outputs/s5_analysis/dashboard_support.py,9071,754186a9a2cca9e9114c7f70aae70d3c2754c5514623296796fc791ec958d087,s5_analysis/dashboard_support.py,analytical Case118 S4/S5; historical snapshots retain their own coverage,promote,experiments/case118_annual_hierarchy/analysis/dashboard_support.py,"Selected code, final evidence, or documented run provenance",outputs/s5_analysis/dashboard_support.py (source code; not a generated result),"Imports, environment variables and input paths are specified in this source; see group disposition"
outputs/s5_analysis/dispatch_changes_20260915T232832Z/REPORT.md,1312,4f7b5483621de187122543c88970432667fef9447abdcfcfb7c2f3ca80d0d250,s5_analysis/dispatch_changes_20260915T232832Z,analytical Case118 S4/S5; historical snapshots retain their own coverage,retain-historical,,"Interim diagnostic/plot/code or superseded exploratory output; preserve originals, use selected final evidence and reviewed tools",Exact producing invocation not established; retain historical/unverified rather than promote as authority,Original metadata and named source paths where present; see group disposition
outputs/s5_analysis/dispatch_changes_20260915T232832Z/dispatch_changes_daily_heatmaps.png,298632,3da684030c4642c72e155ced5bdffe85e52106ea5dff3c41f96b6af6ef32e4e9,s5_analysis/dispatch_changes_20260915T232832Z,analytical Case118 S4/S5; historical snapshots retain their own coverage,retain-historical,,"Interim diagnostic/plot/code or superseded exploratory output; preserve originals, use selected final evidence and reviewed tools",Exact producing invocation not established; retain historical/unverified rather than promote as authority,Original metadata and named source paths where present; see group disposition
outputs/s5_analysis/dispatch_changes_20260915T232832Z/dispatch_changes_over_time.png,1147202,f7a72f93451c29b50d794ee2d02f5fa1a09aca4e17d6a719c43761489c59b7c6,s5_analysis/dispatch_changes_20260915T232832Z,analytical Case118 S4/S5; historical snapshots retain their own coverage,retain-historical,,"Interim diagnostic/plot/code or superseded exploratory output; preserve originals, use selected final evidence and reviewed tools",Exact producing invocation not established; retain historical/unverified rather than promote as authority,Original metadata and named source paths where present; see group disposition
outputs/s5_analysis/dispatch_changes_20260915T232832Z/heatmap_metadata.json,346,43be94c4197f7b378df491edcfba172d7f490320f9f38c4355ee64858a0937fc,s5_analysis/dispatch_changes_20260915T232832Z,analytical Case118 S4/S5; historical snapshots retain their own coverage,retain-historical,,"Interim diagnostic/plot/code or superseded exploratory output; preserve originals, use selected final evidence and reviewed tools",Exact producing invocation not established; retain historical/unverified rather than promote as authority,Original metadata and named source paths where present; see group disposition
outputs/s5_analysis/dispatch_changes_20260915T232832Z/intervals.csv,3282246,7fa9677011e86575c5aea4b3fdb0bec8d24239cce5719bdd454975452a49e661,s5_analysis/dispatch_changes_20260915T232832Z,analytical Case118 S4/S5; historical snapshots retain their own coverage,retain-historical,,"Interim diagnostic/plot/code or superseded exploratory output; preserve originals, use selected final evidence and reviewed tools",Exact producing invocation not established; retain historical/unverified rather than promote as authority,Original metadata and named source paths where present; see group disposition
outputs/s5_analysis/dispatch_changes_20260915T232832Z/report.json,6800,0edaaa550d0719b370fe613afecc697614d0931050c5d74f959bb28cde4ddc6a,s5_analysis/dispatch_changes_20260915T232832Z,analytical Case118 S4/S5; historical snapshots retain their own coverage,retain-historical,,"Interim diagnostic/plot/code or superseded exploratory output; preserve originals, use selected final evidence and reviewed tools",Exact producing invocation not established; retain historical/unverified rather than promote as authority,Original metadata and named source paths where present; see group disposition
outputs/s5_analysis/histograms_1103.png,120539,dfcc5e0d53f8099ac8ae8ed57ddb62602b3615400be6ce6e6224f1a68d4309c4,s5_analysis/histograms_1103.png,analytical Case118 S4/S5; historical snapshots retain their own coverage,retain-historical,,"Interim diagnostic/plot/code or superseded exploratory output; preserve originals, use selected final evidence and reviewed tools","Nearby candidate producer(s), exact invocation not established: outputs/s5_analysis/analyze_dispatch_changes.py; outputs/s5_analysis/analyze_stress_correlations.py; outputs/s5_analysis/dashboard_stress.py; outputs/s5_analysis/dashboard_support.py; outputs/s5_analysis/plot_histograms_645.py; outputs/s5_analysis/plot_histograms_current.py; outputs/s5_analysis/plot_parallel_throughput.py; outputs/s5_analysis/plot_runtime_by_interval_1103.py; outputs/s5_analysis/plot_runtime_wallclock_1103.py; outputs/s5_analysis/plot_runtime_wallclock_current.py; outputs/s5_analysis/plot_since_computer_restart.py; outputs/s5_analysis/render_dispatch_changes.py; outputs/s5_analysis/render_dispatch_heatmaps.py; outputs/s5_analysis/render_timing_snapshot.py; outputs/s5_analysis/s5_dashboard.py; outputs/s5_analysis/test_dashboard_support.py; outputs/s5_analysis/update_wallclock_policy.py",Original source paths in scripts and retained artifact metadata; plotting environment
outputs/s5_analysis/histograms_1103_data.json,209364,59a9a69d3395246d8e2ec63100a6384f0db59bfd5c36c5f69ddb64f5c1b31a34,s5_analysis/histograms_1103_data.json,analytical Case118 S4/S5; historical snapshots retain their own coverage,retain-historical,,"Interim diagnostic/plot/code or superseded exploratory output; preserve originals, use selected final evidence and reviewed tools","Nearby candidate producer(s), exact invocation not established: outputs/s5_analysis/analyze_dispatch_changes.py; outputs/s5_analysis/analyze_stress_correlations.py; outputs/s5_analysis/dashboard_stress.py; outputs/s5_analysis/dashboard_support.py; outputs/s5_analysis/plot_histograms_645.py; outputs/s5_analysis/plot_histograms_current.py; outputs/s5_analysis/plot_parallel_throughput.py; outputs/s5_analysis/plot_runtime_by_interval_1103.py; outputs/s5_analysis/plot_runtime_wallclock_1103.py; outputs/s5_analysis/plot_runtime_wallclock_current.py; outputs/s5_analysis/plot_since_computer_restart.py; outputs/s5_analysis/render_dispatch_changes.py; outputs/s5_analysis/render_dispatch_heatmaps.py; outputs/s5_analysis/render_timing_snapshot.py; outputs/s5_analysis/s5_dashboard.py; outputs/s5_analysis/test_dashboard_support.py; outputs/s5_analysis/update_wallclock_policy.py",Original source paths in scripts and retained artifact metadata; plotting environment
outputs/s5_analysis/histograms_645.png,126961,d8850b7d43adc6be97fd7b0ac872a206d83c94a31dafc1232632628c2c0f9395,s5_analysis/histograms_645.png,analytical Case118 S4/S5; historical snapshots retain their own coverage,retain-historical,,"Interim diagnostic/plot/code or superseded exploratory output; preserve originals, use selected final evidence and reviewed tools","Nearby candidate producer(s), exact invocation not established: outputs/s5_analysis/analyze_dispatch_changes.py; outputs/s5_analysis/analyze_stress_correlations.py; outputs/s5_analysis/dashboard_stress.py; outputs/s5_analysis/dashboard_support.py; outputs/s5_analysis/plot_histograms_645.py; outputs/s5_analysis/plot_histograms_current.py; outputs/s5_analysis/plot_parallel_throughput.py; outputs/s5_analysis/plot_runtime_by_interval_1103.py; outputs/s5_analysis/plot_runtime_wallclock_1103.py; outputs/s5_analysis/plot_runtime_wallclock_current.py; outputs/s5_analysis/plot_since_computer_restart.py; outputs/s5_analysis/render_dispatch_changes.py; outputs/s5_analysis/render_dispatch_heatmaps.py; outputs/s5_analysis/render_timing_snapshot.py; outputs/s5_analysis/s5_dashboard.py; outputs/s5_analysis/test_dashboard_support.py; outputs/s5_analysis/update_wallclock_policy.py",Original source paths in scripts and retained artifact metadata; plotting environment
outputs/s5_analysis/histograms_658.png,126376,4feeee03ee7998c16a0bbee7e406e7bafccb52402d2608691f37dcba7b944c80,s5_analysis/histograms_658.png,analytical Case118 S4/S5; historical snapshots retain their own coverage,retain-historical,,"Interim diagnostic/plot/code or superseded exploratory output; preserve originals, use selected final evidence and reviewed tools","Nearby candidate producer(s), exact invocation not established: outputs/s5_analysis/analyze_dispatch_changes.py; outputs/s5_analysis/analyze_stress_correlations.py; outputs/s5_analysis/dashboard_stress.py; outputs/s5_analysis/dashboard_support.py; outputs/s5_analysis/plot_histograms_645.py; outputs/s5_analysis/plot_histograms_current.py; outputs/s5_analysis/plot_parallel_throughput.py; outputs/s5_analysis/plot_runtime_by_interval_1103.py; outputs/s5_analysis/plot_runtime_wallclock_1103.py; outputs/s5_analysis/plot_runtime_wallclock_current.py; outputs/s5_analysis/plot_since_computer_restart.py; outputs/s5_analysis/render_dispatch_changes.py; outputs/s5_analysis/render_dispatch_heatmaps.py; outputs/s5_analysis/render_timing_snapshot.py; outputs/s5_analysis/s5_dashboard.py; outputs/s5_analysis/test_dashboard_support.py; outputs/s5_analysis/update_wallclock_policy.py",Original source paths in scripts and retained artifact metadata; plotting environment
outputs/s5_analysis/histograms_658_data.json,124895,a8265318384e67ab2be80bcaaa2ca793cd12ac13febed7fea1e248bb47ba16d7,s5_analysis/histograms_658_data.json,analytical Case118 S4/S5; historical snapshots retain their own coverage,retain-historical,,"Interim diagnostic/plot/code or superseded exploratory output; preserve originals, use selected final evidence and reviewed tools","Nearby candidate producer(s), exact invocation not established: outputs/s5_analysis/analyze_dispatch_changes.py; outputs/s5_analysis/analyze_stress_correlations.py; outputs/s5_analysis/dashboard_stress.py; outputs/s5_analysis/dashboard_support.py; outputs/s5_analysis/plot_histograms_645.py; outputs/s5_analysis/plot_histograms_current.py; outputs/s5_analysis/plot_parallel_throughput.py; outputs/s5_analysis/plot_runtime_by_interval_1103.py; outputs/s5_analysis/plot_runtime_wallclock_1103.py; outputs/s5_analysis/plot_runtime_wallclock_current.py; outputs/s5_analysis/plot_since_computer_restart.py; outputs/s5_analysis/render_dispatch_changes.py; outputs/s5_analysis/render_dispatch_heatmaps.py; outputs/s5_analysis/render_timing_snapshot.py; outputs/s5_analysis/s5_dashboard.py; outputs/s5_analysis/test_dashboard_support.py; outputs/s5_analysis/update_wallclock_policy.py",Original source paths in scripts and retained artifact metadata; plotting environment
outputs/s5_analysis/histograms_741.png,125923,3febfafca7eb6402767d1448de4c87a6b4a0b229ee1414deb80a80a5106e66d2,s5_analysis/histograms_741.png,analytical Case118 S4/S5; historical snapshots retain their own coverage,retain-historical,,"Interim diagnostic/plot/code or superseded exploratory output; preserve originals, use selected final evidence and reviewed tools","Nearby candidate producer(s), exact invocation not established: outputs/s5_analysis/analyze_dispatch_changes.py; outputs/s5_analysis/analyze_stress_correlations.py; outputs/s5_analysis/dashboard_stress.py; outputs/s5_analysis/dashboard_support.py; outputs/s5_analysis/plot_histograms_645.py; outputs/s5_analysis/plot_histograms_current.py; outputs/s5_analysis/plot_parallel_throughput.py; outputs/s5_analysis/plot_runtime_by_interval_1103.py; outputs/s5_analysis/plot_runtime_wallclock_1103.py; outputs/s5_analysis/plot_runtime_wallclock_current.py; outputs/s5_analysis/plot_since_computer_restart.py; outputs/s5_analysis/render_dispatch_changes.py; outputs/s5_analysis/render_dispatch_heatmaps.py; outputs/s5_analysis/render_timing_snapshot.py; outputs/s5_analysis/s5_dashboard.py; outputs/s5_analysis/test_dashboard_support.py; outputs/s5_analysis/update_wallclock_policy.py",Original source paths in scripts and retained artifact metadata; plotting environment
outputs/s5_analysis/histograms_741_data.json,140643,af8881bbe24b7a989ef371694fcec6c0da256783195ff4cb114d7dcfdc33e0af,s5_analysis/histograms_741_data.json,analytical Case118 S4/S5; historical snapshots retain their own coverage,retain-historical,,"Interim diagnostic/plot/code or superseded exploratory output; preserve originals, use selected final evidence and reviewed tools","Nearby candidate producer(s), exact invocation not established: outputs/s5_analysis/analyze_dispatch_changes.py; outputs/s5_analysis/analyze_stress_correlations.py; outputs/s5_analysis/dashboard_stress.py; outputs/s5_analysis/dashboard_support.py; outputs/s5_analysis/plot_histograms_645.py; outputs/s5_analysis/plot_histograms_current.py; outputs/s5_analysis/plot_parallel_throughput.py; outputs/s5_analysis/plot_runtime_by_interval_1103.py; outputs/s5_analysis/plot_runtime_wallclock_1103.py; outputs/s5_analysis/plot_runtime_wallclock_current.py; outputs/s5_analysis/plot_since_computer_restart.py; outputs/s5_analysis/render_dispatch_changes.py; outputs/s5_analysis/render_dispatch_heatmaps.py; outputs/s5_analysis/render_timing_snapshot.py; outputs/s5_analysis/s5_dashboard.py; outputs/s5_analysis/test_dashboard_support.py; outputs/s5_analysis/update_wallclock_policy.py",Original source paths in scripts and retained artifact metadata; plotting environment
outputs/s5_analysis/parallel_throughput_restart_81bins_665.json,68993,a1d1b99f3637427b62141f9b0f3812fc80d6edbd3d4f559ba5d733ed5c359168,s5_analysis/parallel_throughput_restart_81bins_665.json,analytical Case118 S4/S5; historical snapshots retain their own coverage,retain-historical,,"Interim diagnostic/plot/code or superseded exploratory output; preserve originals, use selected final evidence and reviewed tools","Nearby candidate producer(s), exact invocation not established: outputs/s5_analysis/analyze_dispatch_changes.py; outputs/s5_analysis/analyze_stress_correlations.py; outputs/s5_analysis/dashboard_stress.py; outputs/s5_analysis/dashboard_support.py; outputs/s5_analysis/plot_histograms_645.py; outputs/s5_analysis/plot_histograms_current.py; outputs/s5_analysis/plot_parallel_throughput.py; outputs/s5_analysis/plot_runtime_by_interval_1103.py; outputs/s5_analysis/plot_runtime_wallclock_1103.py; outputs/s5_analysis/plot_runtime_wallclock_current.py; outputs/s5_analysis/plot_since_computer_restart.py; outputs/s5_analysis/render_dispatch_changes.py; outputs/s5_analysis/render_dispatch_heatmaps.py; outputs/s5_analysis/render_timing_snapshot.py; outputs/s5_analysis/s5_dashboard.py; outputs/s5_analysis/test_dashboard_support.py; outputs/s5_analysis/update_wallclock_policy.py",Original source paths in scripts and retained artifact metadata; plotting environment
outputs/s5_analysis/parallel_throughput_restart_81bins_665.png,149891,52c717867a048d4b120ec7cee7f3b9ecd19dee791e6c708f08a2a7a26dec8480,s5_analysis/parallel_throughput_restart_81bins_665.png,analytical Case118 S4/S5; historical snapshots retain their own coverage,retain-historical,,"Interim diagnostic/plot/code or superseded exploratory output; preserve originals, use selected final evidence and reviewed tools","Nearby candidate producer(s), exact invocation not established: outputs/s5_analysis/analyze_dispatch_changes.py; outputs/s5_analysis/analyze_stress_correlations.py; outputs/s5_analysis/dashboard_stress.py; outputs/s5_analysis/dashboard_support.py; outputs/s5_analysis/plot_histograms_645.py; outputs/s5_analysis/plot_histograms_current.py; outputs/s5_analysis/plot_parallel_throughput.py; outputs/s5_analysis/plot_runtime_by_interval_1103.py; outputs/s5_analysis/plot_runtime_wallclock_1103.py; outputs/s5_analysis/plot_runtime_wallclock_current.py; outputs/s5_analysis/plot_since_computer_restart.py; outputs/s5_analysis/render_dispatch_changes.py; outputs/s5_analysis/render_dispatch_heatmaps.py; outputs/s5_analysis/render_timing_snapshot.py; outputs/s5_analysis/s5_dashboard.py; outputs/s5_analysis/test_dashboard_support.py; outputs/s5_analysis/update_wallclock_policy.py",Original source paths in scripts and retained artifact metadata; plotting environment
outputs/s5_analysis/plot_histograms_645.py,3290,5234605c6b78e74e1cb07bfb9153d66d6b71fa1fe4d4729f46544fd0857978e4,s5_analysis/plot_histograms_645.py,analytical Case118 S4/S5; historical snapshots retain their own coverage,retain-historical,,"Interim diagnostic/plot/code or superseded exploratory output; preserve originals, use selected final evidence and reviewed tools",outputs/s5_analysis/plot_histograms_645.py (source code; not a generated result),"Imports, environment variables and input paths are specified in this source; see group disposition"
outputs/s5_analysis/plot_histograms_current.py,4563,b7e6adc22cd9e6f9ee19d69ae5bfbb83dcabeec9025e00ad57693c8792d20510,s5_analysis/plot_histograms_current.py,analytical Case118 S4/S5; historical snapshots retain their own coverage,retain-historical,,"Interim diagnostic/plot/code or superseded exploratory output; preserve originals, use selected final evidence and reviewed tools",outputs/s5_analysis/plot_histograms_current.py (source code; not a generated result),"Imports, environment variables and input paths are specified in this source; see group disposition"
outputs/s5_analysis/plot_parallel_throughput.py,4865,5922c40d468fc4a2318a2e9950a312edab5013e4e4ecc564c7087488b0563e48,s5_analysis/plot_parallel_throughput.py,analytical Case118 S4/S5; historical snapshots retain their own coverage,retain-historical,,"Interim diagnostic/plot/code or superseded exploratory output; preserve originals, use selected final evidence and reviewed tools",outputs/s5_analysis/plot_parallel_throughput.py (source code; not a generated result),"Imports, environment variables and input paths are specified in this source; see group disposition"
outputs/s5_analysis/plot_runtime_by_interval_1103.py,3148,1228a96dd5f32902c4a6eec3ccc59f4bf9be91f4181d5d3ee3bcc2df8e62bf99,s5_analysis/plot_runtime_by_interval_1103.py,analytical Case118 S4/S5; historical snapshots retain their own coverage,retain-historical,,"Interim diagnostic/plot/code or superseded exploratory output; preserve originals, use selected final evidence and reviewed tools",outputs/s5_analysis/plot_runtime_by_interval_1103.py (source code; not a generated result),"Imports, environment variables and input paths are specified in this source; see group disposition"
outputs/s5_analysis/plot_runtime_wallclock_1103.py,4596,fe793268f5b035545466d9f6bba84a806eaec9350fd21d536554f7dc8737a350,s5_analysis/plot_runtime_wallclock_1103.py,analytical Case118 S4/S5; historical snapshots retain their own coverage,retain-historical,,"Interim diagnostic/plot/code or superseded exploratory output; preserve originals, use selected final evidence and reviewed tools",outputs/s5_analysis/plot_runtime_wallclock_1103.py (source code; not a generated result),"Imports, environment variables and input paths are specified in this source; see group disposition"
outputs/s5_analysis/plot_runtime_wallclock_current.py,6827,776ad1c4b00e0313f12d965a08ab965929fa924d9fe8e451b18cc6707b42bc79,s5_analysis/plot_runtime_wallclock_current.py,analytical Case118 S4/S5; historical snapshots retain their own coverage,retain-historical,,"Interim diagnostic/plot/code or superseded exploratory output; preserve originals, use selected final evidence and reviewed tools",outputs/s5_analysis/plot_runtime_wallclock_current.py (source code; not a generated result),"Imports, environment variables and input paths are specified in this source; see group disposition"
outputs/s5_analysis/plot_since_computer_restart.py,5194,67fb085001461a2443bb1491118f9d0820a07f94390f5b10c7eaf16eacc96d18,s5_analysis/plot_since_computer_restart.py,analytical Case118 S4/S5; historical snapshots retain their own coverage,retain-historical,,"Interim diagnostic/plot/code or superseded exploratory output; preserve originals, use selected final evidence and reviewed tools",outputs/s5_analysis/plot_since_computer_restart.py (source code; not a generated result),"Imports, environment variables and input paths are specified in this source; see group disposition"
outputs/s5_analysis/render_dispatch_changes.py,4245,fd9cbe7a885ee1e29bfab5886585a53394f260e5de3c5f9c271ea85b210cf1e5,s5_analysis/render_dispatch_changes.py,analytical Case118 S4/S5; historical snapshots retain their own coverage,retain-historical,,"Interim diagnostic/plot/code or superseded exploratory output; preserve originals, use selected final evidence and reviewed tools",outputs/s5_analysis/render_dispatch_changes.py (source code; not a generated result),"Imports, environment variables and input paths are specified in this source; see group disposition"
outputs/s5_analysis/render_dispatch_heatmaps.py,3151,0be3fd1de6deeb3cb4506c61274f05fd8a2bbd973996c1436465c417451d584f,s5_analysis/render_dispatch_heatmaps.py,analytical Case118 S4/S5; historical snapshots retain their own coverage,retain-historical,,"Interim diagnostic/plot/code or superseded exploratory output; preserve originals, use selected final evidence and reviewed tools",outputs/s5_analysis/render_dispatch_heatmaps.py (source code; not a generated result),"Imports, environment variables and input paths are specified in this source; see group disposition"
outputs/s5_analysis/render_timing_snapshot.py,5616,5481e347c06e49a2156e0036688bbd72e215fae923f2a829dbbf193c1c5d6e99,s5_analysis/render_timing_snapshot.py,analytical Case118 S4/S5; historical snapshots retain their own coverage,retain-historical,,"Interim diagnostic/plot/code or superseded exploratory output; preserve originals, use selected final evidence and reviewed tools",outputs/s5_analysis/render_timing_snapshot.py (source code; not a generated result),"Imports, environment variables and input paths are specified in this source; see group disposition"
outputs/s5_analysis/runtime_by_interval_1103.png,599862,861e7ea9e73b30634ca4356d141ff3c990480ebcc32f18a159a8502ffde63356,s5_analysis/runtime_by_interval_1103.png,analytical Case118 S4/S5; historical snapshots retain their own coverage,retain-historical,,"Interim diagnostic/plot/code or superseded exploratory output; preserve originals, use selected final evidence and reviewed tools","Nearby candidate producer(s), exact invocation not established: outputs/s5_analysis/analyze_dispatch_changes.py; outputs/s5_analysis/analyze_stress_correlations.py; outputs/s5_analysis/dashboard_stress.py; outputs/s5_analysis/dashboard_support.py; outputs/s5_analysis/plot_histograms_645.py; outputs/s5_analysis/plot_histograms_current.py; outputs/s5_analysis/plot_parallel_throughput.py; outputs/s5_analysis/plot_runtime_by_interval_1103.py; outputs/s5_analysis/plot_runtime_wallclock_1103.py; outputs/s5_analysis/plot_runtime_wallclock_current.py; outputs/s5_analysis/plot_since_computer_restart.py; outputs/s5_analysis/render_dispatch_changes.py; outputs/s5_analysis/render_dispatch_heatmaps.py; outputs/s5_analysis/render_timing_snapshot.py; outputs/s5_analysis/s5_dashboard.py; outputs/s5_analysis/test_dashboard_support.py; outputs/s5_analysis/update_wallclock_policy.py",Original source paths in scripts and retained artifact metadata; plotting environment
outputs/s5_analysis/runtime_wallclock_1103.png,413813,5a7d876e62eadc6d8e0858d3d1d27a6561d15c2b44cf45e459b210a78aab6be9,s5_analysis/runtime_wallclock_1103.png,analytical Case118 S4/S5; historical snapshots retain their own coverage,retain-historical,,"Interim diagnostic/plot/code or superseded exploratory output; preserve originals, use selected final evidence and reviewed tools","Nearby candidate producer(s), exact invocation not established: outputs/s5_analysis/analyze_dispatch_changes.py; outputs/s5_analysis/analyze_stress_correlations.py; outputs/s5_analysis/dashboard_stress.py; outputs/s5_analysis/dashboard_support.py; outputs/s5_analysis/plot_histograms_645.py; outputs/s5_analysis/plot_histograms_current.py; outputs/s5_analysis/plot_parallel_throughput.py; outputs/s5_analysis/plot_runtime_by_interval_1103.py; outputs/s5_analysis/plot_runtime_wallclock_1103.py; outputs/s5_analysis/plot_runtime_wallclock_current.py; outputs/s5_analysis/plot_since_computer_restart.py; outputs/s5_analysis/render_dispatch_changes.py; outputs/s5_analysis/render_dispatch_heatmaps.py; outputs/s5_analysis/render_timing_snapshot.py; outputs/s5_analysis/s5_dashboard.py; outputs/s5_analysis/test_dashboard_support.py; outputs/s5_analysis/update_wallclock_policy.py",Original source paths in scripts and retained artifact metadata; plotting environment
outputs/s5_analysis/runtime_wallclock_1653.png,531533,e0c6506ed66ea9926137337b86658c6442d7841e9c878a720ee446d06c863e50,s5_analysis/runtime_wallclock_1653.png,analytical Case118 S4/S5; historical snapshots retain their own coverage,retain-historical,,"Interim diagnostic/plot/code or superseded exploratory output; preserve originals, use selected final evidence and reviewed tools","Nearby candidate producer(s), exact invocation not established: outputs/s5_analysis/analyze_dispatch_changes.py; outputs/s5_analysis/analyze_stress_correlations.py; outputs/s5_analysis/dashboard_stress.py; outputs/s5_analysis/dashboard_support.py; outputs/s5_analysis/plot_histograms_645.py; outputs/s5_analysis/plot_histograms_current.py; outputs/s5_analysis/plot_parallel_throughput.py; outputs/s5_analysis/plot_runtime_by_interval_1103.py; outputs/s5_analysis/plot_runtime_wallclock_1103.py; outputs/s5_analysis/plot_runtime_wallclock_current.py; outputs/s5_analysis/plot_since_computer_restart.py; outputs/s5_analysis/render_dispatch_changes.py; outputs/s5_analysis/render_dispatch_heatmaps.py; outputs/s5_analysis/render_timing_snapshot.py; outputs/s5_analysis/s5_dashboard.py; outputs/s5_analysis/test_dashboard_support.py; outputs/s5_analysis/update_wallclock_policy.py",Original source paths in scripts and retained artifact metadata; plotting environment
outputs/s5_analysis/runtime_wallclock_1653_data.json,328262,5d565bde79b7d2fa6a0d5e79d5290b6207a049717b9dd09ebd7dd60dbfedb542,s5_analysis/runtime_wallclock_1653_data.json,analytical Case118 S4/S5; historical snapshots retain their own coverage,retain-historical,,"Interim diagnostic/plot/code or superseded exploratory output; preserve originals, use selected final evidence and reviewed tools","Nearby candidate producer(s), exact invocation not established: outputs/s5_analysis/analyze_dispatch_changes.py; outputs/s5_analysis/analyze_stress_correlations.py; outputs/s5_analysis/dashboard_stress.py; outputs/s5_analysis/dashboard_support.py; outputs/s5_analysis/plot_histograms_645.py; outputs/s5_analysis/plot_histograms_current.py; outputs/s5_analysis/plot_parallel_throughput.py; outputs/s5_analysis/plot_runtime_by_interval_1103.py; outputs/s5_analysis/plot_runtime_wallclock_1103.py; outputs/s5_analysis/plot_runtime_wallclock_current.py; outputs/s5_analysis/plot_since_computer_restart.py; outputs/s5_analysis/render_dispatch_changes.py; outputs/s5_analysis/render_dispatch_heatmaps.py; outputs/s5_analysis/render_timing_snapshot.py; outputs/s5_analysis/s5_dashboard.py; outputs/s5_analysis/test_dashboard_support.py; outputs/s5_analysis/update_wallclock_policy.py",Original source paths in scripts and retained artifact metadata; plotting environment
outputs/s5_analysis/runtime_wallclock_2064.png,615375,773875b3961400a25d5e9ad7883e4dd7675863ded3a5b0cbde1ece9ed6e294b3,s5_analysis/runtime_wallclock_2064.png,analytical Case118 S4/S5; historical snapshots retain their own coverage,retain-historical,,"Interim diagnostic/plot/code or superseded exploratory output; preserve originals, use selected final evidence and reviewed tools","Nearby candidate producer(s), exact invocation not established: outputs/s5_analysis/analyze_dispatch_changes.py; outputs/s5_analysis/analyze_stress_correlations.py; outputs/s5_analysis/dashboard_stress.py; outputs/s5_analysis/dashboard_support.py; outputs/s5_analysis/plot_histograms_645.py; outputs/s5_analysis/plot_histograms_current.py; outputs/s5_analysis/plot_parallel_throughput.py; outputs/s5_analysis/plot_runtime_by_interval_1103.py; outputs/s5_analysis/plot_runtime_wallclock_1103.py; outputs/s5_analysis/plot_runtime_wallclock_current.py; outputs/s5_analysis/plot_since_computer_restart.py; outputs/s5_analysis/render_dispatch_changes.py; outputs/s5_analysis/render_dispatch_heatmaps.py; outputs/s5_analysis/render_timing_snapshot.py; outputs/s5_analysis/s5_dashboard.py; outputs/s5_analysis/test_dashboard_support.py; outputs/s5_analysis/update_wallclock_policy.py",Original source paths in scripts and retained artifact metadata; plotting environment
outputs/s5_analysis/runtime_wallclock_2064_data.json,409545,048ff83ea66c2832a780cb11b44825ae266da389c64f0f14d479317bc6803e60,s5_analysis/runtime_wallclock_2064_data.json,analytical Case118 S4/S5; historical snapshots retain their own coverage,retain-historical,,"Interim diagnostic/plot/code or superseded exploratory output; preserve originals, use selected final evidence and reviewed tools","Nearby candidate producer(s), exact invocation not established: outputs/s5_analysis/analyze_dispatch_changes.py; outputs/s5_analysis/analyze_stress_correlations.py; outputs/s5_analysis/dashboard_stress.py; outputs/s5_analysis/dashboard_support.py; outputs/s5_analysis/plot_histograms_645.py; outputs/s5_analysis/plot_histograms_current.py; outputs/s5_analysis/plot_parallel_throughput.py; outputs/s5_analysis/plot_runtime_by_interval_1103.py; outputs/s5_analysis/plot_runtime_wallclock_1103.py; outputs/s5_analysis/plot_runtime_wallclock_current.py; outputs/s5_analysis/plot_since_computer_restart.py; outputs/s5_analysis/render_dispatch_changes.py; outputs/s5_analysis/render_dispatch_heatmaps.py; outputs/s5_analysis/render_timing_snapshot.py; outputs/s5_analysis/s5_dashboard.py; outputs/s5_analysis/test_dashboard_support.py; outputs/s5_analysis/update_wallclock_policy.py",Original source paths in scripts and retained artifact metadata; plotting environment
outputs/s5_analysis/runtime_wallclock_3664_policy.png,664901,50ccc89a5dba1528bcd63eb04fedeecda75c61ab1a447b2aa75f727a07ddd3a0,s5_analysis/runtime_wallclock_3664_policy.png,analytical Case118 S4/S5; historical snapshots retain their own coverage,retain-historical,,"Interim diagnostic/plot/code or superseded exploratory output; preserve originals, use selected final evidence and reviewed tools","Nearby candidate producer(s), exact invocation not established: outputs/s5_analysis/analyze_dispatch_changes.py; outputs/s5_analysis/analyze_stress_correlations.py; outputs/s5_analysis/dashboard_stress.py; outputs/s5_analysis/dashboard_support.py; outputs/s5_analysis/plot_histograms_645.py; outputs/s5_analysis/plot_histograms_current.py; outputs/s5_analysis/plot_parallel_throughput.py; outputs/s5_analysis/plot_runtime_by_interval_1103.py; outputs/s5_analysis/plot_runtime_wallclock_1103.py; outputs/s5_analysis/plot_runtime_wallclock_current.py; outputs/s5_analysis/plot_since_computer_restart.py; outputs/s5_analysis/render_dispatch_changes.py; outputs/s5_analysis/render_dispatch_heatmaps.py; outputs/s5_analysis/render_timing_snapshot.py; outputs/s5_analysis/s5_dashboard.py; outputs/s5_analysis/test_dashboard_support.py; outputs/s5_analysis/update_wallclock_policy.py",Original source paths in scripts and retained artifact metadata; plotting environment
outputs/s5_analysis/runtime_wallclock_3664_policy_data.json,900284,61a4940e924facc02b477c0eee56adb96538fb9b74c6e90e8479b9bff25de67a,s5_analysis/runtime_wallclock_3664_policy_data.json,analytical Case118 S4/S5; historical snapshots retain their own coverage,retain-historical,,"Interim diagnostic/plot/code or superseded exploratory output; preserve originals, use selected final evidence and reviewed tools","Nearby candidate producer(s), exact invocation not established: outputs/s5_analysis/analyze_dispatch_changes.py; outputs/s5_analysis/analyze_stress_correlations.py; outputs/s5_analysis/dashboard_stress.py; outputs/s5_analysis/dashboard_support.py; outputs/s5_analysis/plot_histograms_645.py; outputs/s5_analysis/plot_histograms_current.py; outputs/s5_analysis/plot_parallel_throughput.py; outputs/s5_analysis/plot_runtime_by_interval_1103.py; outputs/s5_analysis/plot_runtime_wallclock_1103.py; outputs/s5_analysis/plot_runtime_wallclock_current.py; outputs/s5_analysis/plot_since_computer_restart.py; outputs/s5_analysis/render_dispatch_changes.py; outputs/s5_analysis/render_dispatch_heatmaps.py; outputs/s5_analysis/render_timing_snapshot.py; outputs/s5_analysis/s5_dashboard.py; outputs/s5_analysis/test_dashboard_support.py; outputs/s5_analysis/update_wallclock_policy.py",Original source paths in scripts and retained artifact metadata; plotting environment
outputs/s5_analysis/runtime_wallclock_3664_policy_zoom.png,133004,622a1e01973d49d7a2eacc9cc4cc08cbc409c38286c86ae2d7b6b517b736ce59,s5_analysis/runtime_wallclock_3664_policy_zoom.png,analytical Case118 S4/S5; historical snapshots retain their own coverage,retain-historical,,"Interim diagnostic/plot/code or superseded exploratory output; preserve originals, use selected final evidence and reviewed tools","Nearby candidate producer(s), exact invocation not established: outputs/s5_analysis/analyze_dispatch_changes.py; outputs/s5_analysis/analyze_stress_correlations.py; outputs/s5_analysis/dashboard_stress.py; outputs/s5_analysis/dashboard_support.py; outputs/s5_analysis/plot_histograms_645.py; outputs/s5_analysis/plot_histograms_current.py; outputs/s5_analysis/plot_parallel_throughput.py; outputs/s5_analysis/plot_runtime_by_interval_1103.py; outputs/s5_analysis/plot_runtime_wallclock_1103.py; outputs/s5_analysis/plot_runtime_wallclock_current.py; outputs/s5_analysis/plot_since_computer_restart.py; outputs/s5_analysis/render_dispatch_changes.py; outputs/s5_analysis/render_dispatch_heatmaps.py; outputs/s5_analysis/render_timing_snapshot.py; outputs/s5_analysis/s5_dashboard.py; outputs/s5_analysis/test_dashboard_support.py; outputs/s5_analysis/update_wallclock_policy.py",Original source paths in scripts and retained artifact metadata; plotting environment
outputs/s5_analysis/s5_dashboard.py,19676,5df54600a82378b7ab881e5c047607c3e34d859f0c79b38d78658bb4ccf949bf,s5_analysis/s5_dashboard.py,analytical Case118 S4/S5; historical snapshots retain their own coverage,promote,experiments/case118_annual_hierarchy/analysis/s5_dashboard.py,"Selected code, final evidence, or documented run provenance",outputs/s5_analysis/s5_dashboard.py (source code; not a generated result),"Imports, environment variables and input paths are specified in this source; see group disposition"
outputs/s5_analysis/s5_dashboard_preview.html,1769499,84b9f30c7f145bd9faa33aba1b84d31ee68e223dbdcc3588cc0d19588e9e92d2,s5_analysis/s5_dashboard_preview.html,analytical Case118 S4/S5; historical snapshots retain their own coverage,retain-historical,,"Interim diagnostic/plot/code or superseded exploratory output; preserve originals, use selected final evidence and reviewed tools","Nearby candidate producer(s), exact invocation not established: outputs/s5_analysis/analyze_dispatch_changes.py; outputs/s5_analysis/analyze_stress_correlations.py; outputs/s5_analysis/dashboard_stress.py; outputs/s5_analysis/dashboard_support.py; outputs/s5_analysis/plot_histograms_645.py; outputs/s5_analysis/plot_histograms_current.py; outputs/s5_analysis/plot_parallel_throughput.py; outputs/s5_analysis/plot_runtime_by_interval_1103.py; outputs/s5_analysis/plot_runtime_wallclock_1103.py; outputs/s5_analysis/plot_runtime_wallclock_current.py; outputs/s5_analysis/plot_since_computer_restart.py; outputs/s5_analysis/render_dispatch_changes.py; outputs/s5_analysis/render_dispatch_heatmaps.py; outputs/s5_analysis/render_timing_snapshot.py; outputs/s5_analysis/s5_dashboard.py; outputs/s5_analysis/test_dashboard_support.py; outputs/s5_analysis/update_wallclock_policy.py",Original source paths in scripts and retained artifact metadata; plotting environment
outputs/s5_analysis/stress_correlations_20260916T154923173071Z/adjusted_apr_aug.csv,2044,6af920e72ee2f1f33b45e7ed9c00319ebdfc0ec8112645f31177226a3b9d27cd,s5_analysis/stress_correlations_20260916T154923173071Z,analytical Case118 S4/S5; historical snapshots retain their own coverage,retain-historical,,"Interim diagnostic/plot/code or superseded exploratory output; preserve originals, use selected final evidence and reviewed tools",Exact producing invocation not established; retain historical/unverified rather than promote as authority,Original metadata and named source paths where present; see group disposition
outputs/s5_analysis/stress_correlations_20260916T154923173071Z/adjusted_daytime.csv,2046,a7a71f3e20fedac5b09b61a5e21c5a01790472ecabfeaff8de1a051d0a28130e,s5_analysis/stress_correlations_20260916T154923173071Z,analytical Case118 S4/S5; historical snapshots retain their own coverage,retain-historical,,"Interim diagnostic/plot/code or superseded exploratory output; preserve originals, use selected final evidence and reviewed tools",Exact producing invocation not established; retain historical/unverified rather than promote as authority,Original metadata and named source paths where present; see group disposition
outputs/s5_analysis/stress_correlations_20260916T154923173071Z/adjusted_evening.csv,2051,0ca39c2c7da6744968ea08865ff718bfbf5a3b9e69fd394e2fb210ab942a131e,s5_analysis/stress_correlations_20260916T154923173071Z,analytical Case118 S4/S5; historical snapshots retain their own coverage,retain-historical,,"Interim diagnostic/plot/code or superseded exploratory output; preserve originals, use selected final evidence and reviewed tools",Exact producing invocation not established; retain historical/unverified rather than promote as authority,Original metadata and named source paths where present; see group disposition
outputs/s5_analysis/stress_correlations_20260916T154923173071Z/annual_quintile_summaries.csv,15358,4af9d2814f7cc1b0b9e2e3a207402f7ff831814b68b52c175aba3a239b4e881b,s5_analysis/stress_correlations_20260916T154923173071Z,analytical Case118 S4/S5; historical snapshots retain their own coverage,retain-historical,,"Interim diagnostic/plot/code or superseded exploratory output; preserve originals, use selected final evidence and reviewed tools",Exact producing invocation not established; retain historical/unverified rather than promote as authority,Original metadata and named source paths where present; see group disposition
outputs/s5_analysis/stress_correlations_20260916T154923173071Z/calendar_adjusted_excluding_interventions.csv,2045,4299da0a6444e3ec25ed3b25d98cee73ba4a54f81289ebe2ae942161220c957e,s5_analysis/stress_correlations_20260916T154923173071Z,analytical Case118 S4/S5; historical snapshots retain their own coverage,retain-historical,,"Interim diagnostic/plot/code or superseded exploratory output; preserve originals, use selected final evidence and reviewed tools",Exact producing invocation not established; retain historical/unverified rather than promote as authority,Original metadata and named source paths where present; see group disposition
outputs/s5_analysis/stress_correlations_20260916T154923173071Z/calendar_adjusted_rank_correlations.csv,2034,200d25b9509cb7241a5d5e352cdb98ee7d924d06bc27d557190a24d67de801bf,s5_analysis/stress_correlations_20260916T154923173071Z,analytical Case118 S4/S5; historical snapshots retain their own coverage,retain-historical,,"Interim diagnostic/plot/code or superseded exploratory output; preserve originals, use selected final evidence and reviewed tools",Exact producing invocation not established; retain historical/unverified rather than promote as authority,Original metadata and named source paths where present; see group disposition
outputs/s5_analysis/stress_correlations_20260916T154923173071Z/feature_correlations.csv,3843,0d492622f18c9a097f860c7c5d4e4d76ce36c9446a15831553b46ce472f4cee2,s5_analysis/stress_correlations_20260916T154923173071Z,analytical Case118 S4/S5; historical snapshots retain their own coverage,retain-historical,,"Interim diagnostic/plot/code or superseded exploratory output; preserve originals, use selected final evidence and reviewed tools",Exact producing invocation not established; retain historical/unverified rather than promote as authority,Original metadata and named source paths where present; see group disposition
outputs/s5_analysis/stress_correlations_20260916T154923173071Z/joined_intervals.csv,5732144,59fd7965f4bda4c8fbb26878eed014cb09373ddb300432aa4041d0424dbc4ced,s5_analysis/stress_correlations_20260916T154923173071Z,analytical Case118 S4/S5; historical snapshots retain their own coverage,retain-historical,,"Interim diagnostic/plot/code or superseded exploratory output; preserve originals, use selected final evidence and reviewed tools",Exact producing invocation not established; retain historical/unverified rather than promote as authority,Original metadata and named source paths where present; see group disposition
outputs/s5_analysis/stress_correlations_20260916T154923173071Z/provenance.json,4202,5c003694d108018b5105ed90b8344531ae1ccb75d2ef176d9ddcbc00e70c4f21,s5_analysis/stress_correlations_20260916T154923173071Z,analytical Case118 S4/S5; historical snapshots retain their own coverage,retain-historical,,"Interim diagnostic/plot/code or superseded exploratory output; preserve originals, use selected final evidence and reviewed tools",Exact producing invocation not established; retain historical/unverified rather than promote as authority,Original metadata and named source paths where present; see group disposition
outputs/s5_analysis/stress_correlations_20260916T154923173071Z/spearman.csv,2048,46de074c0696854c467c312cb0a5e7234e55eacd3b42ef06087e0b45bc4f3331,s5_analysis/stress_correlations_20260916T154923173071Z,analytical Case118 S4/S5; historical snapshots retain their own coverage,retain-historical,,"Interim diagnostic/plot/code or superseded exploratory output; preserve originals, use selected final evidence and reviewed tools",Exact producing invocation not established; retain historical/unverified rather than promote as authority,Original metadata and named source paths where present; see group disposition
outputs/s5_analysis/stress_correlations_20260916T154923173071Z/stress_correlations.png,227195,b78ba60dd7b8957bd4b2c8649181adbc9c7078a75343b13a90db6f0e5832aa99,s5_analysis/stress_correlations_20260916T154923173071Z,analytical Case118 S4/S5; historical snapshots retain their own coverage,retain-historical,,"Interim diagnostic/plot/code or superseded exploratory output; preserve originals, use selected final evidence and reviewed tools",Exact producing invocation not established; retain historical/unverified rather than promote as authority,Original metadata and named source paths where present; see group disposition
outputs/s5_analysis/stress_correlations_20260916T155039670106Z/REPORT.md,2136,c2be9f08c0c08cb2afb1cf93f9400e652aaf8fbeb36a774c48e612041801a4f6,s5_analysis/stress_correlations_20260916T155039670106Z,analytical Case118 S4/S5; historical snapshots retain their own coverage,retain-historical,,"Interim diagnostic/plot/code or superseded exploratory output; preserve originals, use selected final evidence and reviewed tools",Exact producing invocation not established; retain historical/unverified rather than promote as authority,Original metadata and named source paths where present; see group disposition
outputs/s5_analysis/stress_correlations_20260916T155039670106Z/adjusted_apr_aug.csv,2044,6af920e72ee2f1f33b45e7ed9c00319ebdfc0ec8112645f31177226a3b9d27cd,s5_analysis/stress_correlations_20260916T155039670106Z,analytical Case118 S4/S5; historical snapshots retain their own coverage,retain-historical,,"Interim diagnostic/plot/code or superseded exploratory output; preserve originals, use selected final evidence and reviewed tools",Exact producing invocation not established; retain historical/unverified rather than promote as authority,Original metadata and named source paths where present; see group disposition
outputs/s5_analysis/stress_correlations_20260916T155039670106Z/adjusted_daytime.csv,2046,a7a71f3e20fedac5b09b61a5e21c5a01790472ecabfeaff8de1a051d0a28130e,s5_analysis/stress_correlations_20260916T155039670106Z,analytical Case118 S4/S5; historical snapshots retain their own coverage,retain-historical,,"Interim diagnostic/plot/code or superseded exploratory output; preserve originals, use selected final evidence and reviewed tools",Exact producing invocation not established; retain historical/unverified rather than promote as authority,Original metadata and named source paths where present; see group disposition
outputs/s5_analysis/stress_correlations_20260916T155039670106Z/adjusted_evening.csv,2051,0ca39c2c7da6744968ea08865ff718bfbf5a3b9e69fd394e2fb210ab942a131e,s5_analysis/stress_correlations_20260916T155039670106Z,analytical Case118 S4/S5; historical snapshots retain their own coverage,retain-historical,,"Interim diagnostic/plot/code or superseded exploratory output; preserve originals, use selected final evidence and reviewed tools",Exact producing invocation not established; retain historical/unverified rather than promote as authority,Original metadata and named source paths where present; see group disposition
outputs/s5_analysis/stress_correlations_20260916T155039670106Z/annual_quintile_summaries.csv,15358,4af9d2814f7cc1b0b9e2e3a207402f7ff831814b68b52c175aba3a239b4e881b,s5_analysis/stress_correlations_20260916T155039670106Z,analytical Case118 S4/S5; historical snapshots retain their own coverage,retain-historical,,"Interim diagnostic/plot/code or superseded exploratory output; preserve originals, use selected final evidence and reviewed tools",Exact producing invocation not established; retain historical/unverified rather than promote as authority,Original metadata and named source paths where present; see group disposition
outputs/s5_analysis/stress_correlations_20260916T155039670106Z/calendar_adjusted_excluding_interventions.csv,2045,4299da0a6444e3ec25ed3b25d98cee73ba4a54f81289ebe2ae942161220c957e,s5_analysis/stress_correlations_20260916T155039670106Z,analytical Case118 S4/S5; historical snapshots retain their own coverage,retain-historical,,"Interim diagnostic/plot/code or superseded exploratory output; preserve originals, use selected final evidence and reviewed tools",Exact producing invocation not established; retain historical/unverified rather than promote as authority,Original metadata and named source paths where present; see group disposition
outputs/s5_analysis/stress_correlations_20260916T155039670106Z/calendar_adjusted_rank_correlations.csv,2034,200d25b9509cb7241a5d5e352cdb98ee7d924d06bc27d557190a24d67de801bf,s5_analysis/stress_correlations_20260916T155039670106Z,analytical Case118 S4/S5; historical snapshots retain their own coverage,retain-historical,,"Interim diagnostic/plot/code or superseded exploratory output; preserve originals, use selected final evidence and reviewed tools",Exact producing invocation not established; retain historical/unverified rather than promote as authority,Original metadata and named source paths where present; see group disposition
outputs/s5_analysis/stress_correlations_20260916T155039670106Z/calendar_adjusted_rounded.csv,2048,c16a42f218b01ac26707bec35932c1e8f196ad4fc8ed7411b28608f31120a327,s5_analysis/stress_correlations_20260916T155039670106Z,analytical Case118 S4/S5; historical snapshots retain their own coverage,retain-historical,,"Interim diagnostic/plot/code or superseded exploratory output; preserve originals, use selected final evidence and reviewed tools",Exact producing invocation not established; retain historical/unverified rather than promote as authority,Original metadata and named source paths where present; see group disposition
outputs/s5_analysis/stress_correlations_20260916T155039670106Z/feature_correlations.csv,3843,0d492622f18c9a097f860c7c5d4e4d76ce36c9446a15831553b46ce472f4cee2,s5_analysis/stress_correlations_20260916T155039670106Z,analytical Case118 S4/S5; historical snapshots retain their own coverage,retain-historical,,"Interim diagnostic/plot/code or superseded exploratory output; preserve originals, use selected final evidence and reviewed tools",Exact producing invocation not established; retain historical/unverified rather than promote as authority,Original metadata and named source paths where present; see group disposition
outputs/s5_analysis/stress_correlations_20260916T155039670106Z/joined_intervals.csv,5732144,59fd7965f4bda4c8fbb26878eed014cb09373ddb300432aa4041d0424dbc4ced,s5_analysis/stress_correlations_20260916T155039670106Z,analytical Case118 S4/S5; historical snapshots retain their own coverage,retain-historical,,"Interim diagnostic/plot/code or superseded exploratory output; preserve originals, use selected final evidence and reviewed tools",Exact producing invocation not established; retain historical/unverified rather than promote as authority,Original metadata and named source paths where present; see group disposition
outputs/s5_analysis/stress_correlations_20260916T155039670106Z/provenance.json,4335,156b040f67020c5ee275085267ba595bc9553b4eddd3a08ecf92d26708035c6f,s5_analysis/stress_correlations_20260916T155039670106Z,analytical Case118 S4/S5; historical snapshots retain their own coverage,retain-historical,,"Interim diagnostic/plot/code or superseded exploratory output; preserve originals, use selected final evidence and reviewed tools",Exact producing invocation not established; retain historical/unverified rather than promote as authority,Original metadata and named source paths where present; see group disposition
outputs/s5_analysis/stress_correlations_20260916T155039670106Z/spearman.csv,2048,46de074c0696854c467c312cb0a5e7234e55eacd3b42ef06087e0b45bc4f3331,s5_analysis/stress_correlations_20260916T155039670106Z,analytical Case118 S4/S5; historical snapshots retain their own coverage,retain-historical,,"Interim diagnostic/plot/code or superseded exploratory output; preserve originals, use selected final evidence and reviewed tools",Exact producing invocation not established; retain historical/unverified rather than promote as authority,Original metadata and named source paths where present; see group disposition
outputs/s5_analysis/stress_correlations_20260916T155039670106Z/stress_correlations.png,221393,01075a9238f3769a240c8f5889c79c0c3513a272015b127471c0287c1d12a793,s5_analysis/stress_correlations_20260916T155039670106Z,analytical Case118 S4/S5; historical snapshots retain their own coverage,retain-historical,,"Interim diagnostic/plot/code or superseded exploratory output; preserve originals, use selected final evidence and reviewed tools",Exact producing invocation not established; retain historical/unverified rather than promote as authority,Original metadata and named source paths where present; see group disposition
outputs/s5_analysis/stress_matrix_notebook_preview.png,126221,e9b3bf90e306587e1fd033616ecdb8b4821646edaff26d564984979623702389,s5_analysis/stress_matrix_notebook_preview.png,analytical Case118 S4/S5; historical snapshots retain their own coverage,retain-historical,,"Interim diagnostic/plot/code or superseded exploratory output; preserve originals, use selected final evidence and reviewed tools","Nearby candidate producer(s), exact invocation not established: outputs/s5_analysis/analyze_dispatch_changes.py; outputs/s5_analysis/analyze_stress_correlations.py; outputs/s5_analysis/dashboard_stress.py; outputs/s5_analysis/dashboard_support.py; outputs/s5_analysis/plot_histograms_645.py; outputs/s5_analysis/plot_histograms_current.py; outputs/s5_analysis/plot_parallel_throughput.py; outputs/s5_analysis/plot_runtime_by_interval_1103.py; outputs/s5_analysis/plot_runtime_wallclock_1103.py; outputs/s5_analysis/plot_runtime_wallclock_current.py; outputs/s5_analysis/plot_since_computer_restart.py; outputs/s5_analysis/render_dispatch_changes.py; outputs/s5_analysis/render_dispatch_heatmaps.py; outputs/s5_analysis/render_timing_snapshot.py; outputs/s5_analysis/s5_dashboard.py; outputs/s5_analysis/test_dashboard_support.py; outputs/s5_analysis/update_wallclock_policy.py",Original source paths in scripts and retained artifact metadata; plotting environment
outputs/s5_analysis/stress_pairs_notebook_preview.png,744598,78b964aa6888c06f91995f1c0368f9fdd51ad87f25e32bc514fa5ae1b7d97e93,s5_analysis/stress_pairs_notebook_preview.png,analytical Case118 S4/S5; historical snapshots retain their own coverage,retain-historical,,"Interim diagnostic/plot/code or superseded exploratory output; preserve originals, use selected final evidence and reviewed tools","Nearby candidate producer(s), exact invocation not established: outputs/s5_analysis/analyze_dispatch_changes.py; outputs/s5_analysis/analyze_stress_correlations.py; outputs/s5_analysis/dashboard_stress.py; outputs/s5_analysis/dashboard_support.py; outputs/s5_analysis/plot_histograms_645.py; outputs/s5_analysis/plot_histograms_current.py; outputs/s5_analysis/plot_parallel_throughput.py; outputs/s5_analysis/plot_runtime_by_interval_1103.py; outputs/s5_analysis/plot_runtime_wallclock_1103.py; outputs/s5_analysis/plot_runtime_wallclock_current.py; outputs/s5_analysis/plot_since_computer_restart.py; outputs/s5_analysis/render_dispatch_changes.py; outputs/s5_analysis/render_dispatch_heatmaps.py; outputs/s5_analysis/render_timing_snapshot.py; outputs/s5_analysis/s5_dashboard.py; outputs/s5_analysis/test_dashboard_support.py; outputs/s5_analysis/update_wallclock_policy.py",Original source paths in scripts and retained artifact metadata; plotting environment
outputs/s5_analysis/test_dashboard_support.py,3649,dce236c5239b8614454a6a3111916e3ef7489d14dd8e2713111039e0b6a33619,s5_analysis/test_dashboard_support.py,analytical Case118 S4/S5; historical snapshots retain their own coverage,promote,tests/test_case118_s5_dashboard.py,"Selected code, final evidence, or documented run provenance",outputs/s5_analysis/test_dashboard_support.py (source code; not a generated result),"Imports, environment variables and input paths are specified in this source; see group disposition"
outputs/s5_analysis/tracy_source_inventory_20260917.json,6254,bbdf7a9804a7a6d5f8d0ff76033dc18d6133d1953756660fdf1360641572706d,s5_analysis/tracy_source_inventory_20260917.json,Tracy source inspection only,promote,experiments/case118_annual_hierarchy/analysis/artifacts/tracy_source_inventory_20260917.json,"Selected code, final evidence, or documented run provenance","Read-only Tracy source inspection, 2026-09-17; exact invocation not retained",Paths and identities recorded in JSON; not generated study data
outputs/s5_analysis/update_wallclock_policy.py,9607,1768703cc38d7283e117cac93757b675bc22146c6c9c1e65fbe8e566a4d80d5d,s5_analysis/update_wallclock_policy.py,analytical Case118 S4/S5; historical snapshots retain their own coverage,retain-historical,,"Interim diagnostic/plot/code or superseded exploratory output; preserve originals, use selected final evidence and reviewed tools",outputs/s5_analysis/update_wallclock_policy.py (source code; not a generated result),"Imports, environment variables and input paths are specified in this source; see group disposition"
outputs/s5_analysis/walltime_since_computer_restart_640.json,180831,e994a1b2a6cfa532cbe408baad6f4e7d94576247729900f661fa6b11fd4f61c4,s5_analysis/walltime_since_computer_restart_640.json,analytical Case118 S4/S5; historical snapshots retain their own coverage,retain-historical,,"Interim diagnostic/plot/code or superseded exploratory output; preserve originals, use selected final evidence and reviewed tools","Nearby candidate producer(s), exact invocation not established: outputs/s5_analysis/analyze_dispatch_changes.py; outputs/s5_analysis/analyze_stress_correlations.py; outputs/s5_analysis/dashboard_stress.py; outputs/s5_analysis/dashboard_support.py; outputs/s5_analysis/plot_histograms_645.py; outputs/s5_analysis/plot_histograms_current.py; outputs/s5_analysis/plot_parallel_throughput.py; outputs/s5_analysis/plot_runtime_by_interval_1103.py; outputs/s5_analysis/plot_runtime_wallclock_1103.py; outputs/s5_analysis/plot_runtime_wallclock_current.py; outputs/s5_analysis/plot_since_computer_restart.py; outputs/s5_analysis/render_dispatch_changes.py; outputs/s5_analysis/render_dispatch_heatmaps.py; outputs/s5_analysis/render_timing_snapshot.py; outputs/s5_analysis/s5_dashboard.py; outputs/s5_analysis/test_dashboard_support.py; outputs/s5_analysis/update_wallclock_policy.py",Original source paths in scripts and retained artifact metadata; plotting environment
outputs/s5_analysis/walltime_since_computer_restart_640.png,155933,7e90f006c7c35bef0e2dcc7122438ad9e8c241196f824c3b08dc7562cf77d4bf,s5_analysis/walltime_since_computer_restart_640.png,analytical Case118 S4/S5; historical snapshots retain their own coverage,retain-historical,,"Interim diagnostic/plot/code or superseded exploratory output; preserve originals, use selected final evidence and reviewed tools","Nearby candidate producer(s), exact invocation not established: outputs/s5_analysis/analyze_dispatch_changes.py; outputs/s5_analysis/analyze_stress_correlations.py; outputs/s5_analysis/dashboard_stress.py; outputs/s5_analysis/dashboard_support.py; outputs/s5_analysis/plot_histograms_645.py; outputs/s5_analysis/plot_histograms_current.py; outputs/s5_analysis/plot_parallel_throughput.py; outputs/s5_analysis/plot_runtime_by_interval_1103.py; outputs/s5_analysis/plot_runtime_wallclock_1103.py; outputs/s5_analysis/plot_runtime_wallclock_current.py; outputs/s5_analysis/plot_since_computer_restart.py; outputs/s5_analysis/render_dispatch_changes.py; outputs/s5_analysis/render_dispatch_heatmaps.py; outputs/s5_analysis/render_timing_snapshot.py; outputs/s5_analysis/s5_dashboard.py; outputs/s5_analysis/test_dashboard_support.py; outputs/s5_analysis/update_wallclock_policy.py",Original source paths in scripts and retained artifact metadata; plotting environment
outputs/s5_authority/S5_INTERVAL_2448_CONTINUATION_CONTRACT.json,7203,68e613087a2e155079c8fb62495cecee8489cf17ec86fa14be8eb45a2a1e19b5,s5_authority/S5_INTERVAL_2448_CONTINUATION_CONTRACT.json,analytical Case118 S4/S5; historical snapshots retain their own coverage,retain-archive,,Historical operational authority/diagnostic evidence; not an instruction or authorization for new studies,"S5 operational record; exact producer where recorded in embedded command/source metadata, otherwise not established","Historical source fingerprint, fixture, manifest, checkpoints, process receipts; not current execution authority"
outputs/s5_authority/S5_INTERVAL_2448_NUMERICAL_EXECUTION_AUTHORITY.json,1024,81bba9aa13e29d48e46e83fd72676cb588d0e45e6c043d2bce9aaf66515db06f,s5_authority/S5_INTERVAL_2448_NUMERICAL_EXECUTION_AUTHORITY.json,analytical Case118 S4/S5; historical snapshots retain their own coverage,retain-archive,,Historical operational authority/diagnostic evidence; not an instruction or authorization for new studies,"S5 operational record; exact producer where recorded in embedded command/source metadata, otherwise not established","Historical source fingerprint, fixture, manifest, checkpoints, process receipts; not current execution authority"
outputs/s5_authority/S5_NUMERICAL_EXECUTION_AUTHORITY.json,867,96050adae727d40ebc46dd03c3817ae8f3bd39d178751bea62074f94167d7d98,s5_authority/S5_NUMERICAL_EXECUTION_AUTHORITY.json,analytical Case118 S4/S5; historical snapshots retain their own coverage,retain-archive,,Historical operational authority/diagnostic evidence; not an instruction or authorization for new studies,"S5 operational record; exact producer where recorded in embedded command/source metadata, otherwise not established","Historical source fingerprint, fixture, manifest, checkpoints, process receipts; not current execution authority"
outputs/s5_authority/S5_RECOVERY_AUDIT_CONTINUATION_CONTRACT.json,4679,a7168bd85e2ffe6ebdaf275340101a9e0e55123d374e1edaaa3838e0b5522d59,s5_authority/S5_RECOVERY_AUDIT_CONTINUATION_CONTRACT.json,analytical Case118 S4/S5; historical snapshots retain their own coverage,retain-archive,,Historical operational authority/diagnostic evidence; not an instruction or authorization for new studies,"S5 operational record; exact producer where recorded in embedded command/source metadata, otherwise not established","Historical source fingerprint, fixture, manifest, checkpoints, process receipts; not current execution authority"
outputs/s5_authority/S5_RECOVERY_AUDIT_NUMERICAL_EXECUTION_AUTHORITY.json,1024,6331f4690269086cef39d51db7c1c65b1933e458ba80c3142aeac80762e7db29,s5_authority/S5_RECOVERY_AUDIT_NUMERICAL_EXECUTION_AUTHORITY.json,analytical Case118 S4/S5; historical snapshots retain their own coverage,retain-archive,,Historical operational authority/diagnostic evidence; not an instruction or authorization for new studies,"S5 operational record; exact producer where recorded in embedded command/source metadata, otherwise not established","Historical source fingerprint, fixture, manifest, checkpoints, process receipts; not current execution authority"
outputs/s5_authority/S5_WINDOW_RETRY_CONTINUATION_CONTRACT.json,4907,a0de687414062a6864bfd7f51b5416fd6550dc6c2e84f484f1a8cfe25a7cb4d8,s5_authority/S5_WINDOW_RETRY_CONTINUATION_CONTRACT.json,analytical Case118 S4/S5; historical snapshots retain their own coverage,retain-archive,,Historical operational authority/diagnostic evidence; not an instruction or authorization for new studies,"S5 operational record; exact producer where recorded in embedded command/source metadata, otherwise not established","Historical source fingerprint, fixture, manifest, checkpoints, process receipts; not current execution authority"
outputs/s5_authority/S5_WINDOW_RETRY_NUMERICAL_EXECUTION_AUTHORITY.json,963,d71e3661278f26b5257993dfb1b4a2f7fdb3641695ab6ad8cee48b206efef842,s5_authority/S5_WINDOW_RETRY_NUMERICAL_EXECUTION_AUTHORITY.json,analytical Case118 S4/S5; historical snapshots retain their own coverage,retain-archive,,Historical operational authority/diagnostic evidence; not an instruction or authorization for new studies,"S5 operational record; exact producer where recorded in embedded command/source metadata, otherwise not established","Historical source fingerprint, fixture, manifest, checkpoints, process receipts; not current execution authority"
outputs/s5_authority/continuation_0c130b0/BINDING_VERIFICATION.json,3145,7f54c6b6fac95ce50882957033ea7784712e6d85ac971303c6c1e89965f28211,s5_authority/continuation_0c130b0,analytical Case118 S4/S5; historical snapshots retain their own coverage,retain-archive,,Historical operational authority/diagnostic evidence; not an instruction or authorization for new studies,"S5 operational record; exact producer where recorded in embedded command/source metadata, otherwise not established","Historical source fingerprint, fixture, manifest, checkpoints, process receipts; not current execution authority"
outputs/s5_authority/continuation_0c130b0/S5_NUMERICAL_EXECUTION_AUTHORITY.json,1024,23dc661e3fe5bd0430b572605394687a08db58a68817e2deb994c0519e468b7d,s5_authority/continuation_0c130b0,analytical Case118 S4/S5; historical snapshots retain their own coverage,retain-archive,,Historical operational authority/diagnostic evidence; not an instruction or authorization for new studies,"S5 operational record; exact producer where recorded in embedded command/source metadata, otherwise not established","Historical source fingerprint, fixture, manifest, checkpoints, process receipts; not current execution authority"
outputs/s5_authority/continuation_0c130b0/S5_REVIEWED_SOURCE_VERSION_CONTINUATION.json,9560,7f1bb6b325c51686af8d32357c6383e10282f4d2434625258a1b3b8fc6bb3763,s5_authority/continuation_0c130b0,analytical Case118 S4/S5; historical snapshots retain their own coverage,retain-archive,,Historical operational authority/diagnostic evidence; not an instruction or authorization for new studies,"S5 operational record; exact producer where recorded in embedded command/source metadata, otherwise not established","Historical source fingerprint, fixture, manifest, checkpoints, process receipts; not current execution authority"
outputs/s5_authority/continuation_0c130b0/s5-resume.log,1366,4107e479b744ade52212dff54fa2d9e1ee78fdca444f3ffe41b79437282c5d77,s5_authority/continuation_0c130b0,analytical Case118 S4/S5; historical snapshots retain their own coverage,retain-archive,,Historical operational authority/diagnostic evidence; not an instruction or authorization for new studies,"S5 operational record; exact producer where recorded in embedded command/source metadata, otherwise not established","Historical source fingerprint, fixture, manifest, checkpoints, process receipts; not current execution authority"
outputs/s5_authority/s5-launch.log,1366,f529e62e24ba1e689e54ffa52b0725469b87d6e96691caba0c4367efe0da2e50,s5_authority/s5-launch.log,analytical Case118 S4/S5; historical snapshots retain their own coverage,retain-archive,,Historical operational authority/diagnostic evidence; not an instruction or authorization for new studies,"S5 operational record; exact producer where recorded in embedded command/source metadata, otherwise not established","Historical source fingerprint, fixture, manifest, checkpoints, process receipts; not current execution authority"
outputs/s5_authority/s5-recovery-audit-launch.log,1367,20cb714e11e1da7431fa15097b1a56c3abef44ce63058ed159ff89b981f3eb92,s5_authority/s5-recovery-audit-launch.log,analytical Case118 S4/S5; historical snapshots retain their own coverage,retain-archive,,Historical operational authority/diagnostic evidence; not an instruction or authorization for new studies,"S5 operational record; exact producer where recorded in embedded command/source metadata, otherwise not established","Historical source fingerprint, fixture, manifest, checkpoints, process receipts; not current execution authority"
outputs/s5_authority/speculative-cutover/CUTOVER_RESULT.json,1257,973b6ca05fb7288ff55e51a3839998a4e909efe452ce9ffd2ca40bbd9046df29,s5_authority/speculative-cutover,analytical Case118 S4/S5; historical snapshots retain their own coverage,retain-archive,,Historical operational authority/diagnostic evidence; not an instruction or authorization for new studies,"S5 operational record; exact producer where recorded in embedded command/source metadata, otherwise not established","Historical source fingerprint, fixture, manifest, checkpoints, process receipts; not current execution authority"
outputs/s5_authority/speculative-cutover/S5_GIT_DRIFT_CONTINUATION_RECORD.json,5355652,94d201b382536798e2f977676c422451974d81c434d008c5f9897c0865f02d30,s5_authority/speculative-cutover,analytical Case118 S4/S5; historical snapshots retain their own coverage,retain-archive,,Historical operational authority/diagnostic evidence; not an instruction or authorization for new studies,"S5 operational record; exact producer where recorded in embedded command/source metadata, otherwise not established","Historical source fingerprint, fixture, manifest, checkpoints, process receipts; not current execution authority"
outputs/s5_authority/speculative-cutover/S5_GIT_DRIFT_NUMERICAL_EXECUTION_AUTHORITY.json,1069,a5e29c2f6edd561e141372a5c96bc9b8e40dae7dfcb4dbfb5b7198d955d8c8f9,s5_authority/speculative-cutover,analytical Case118 S4/S5; historical snapshots retain their own coverage,retain-archive,,Historical operational authority/diagnostic evidence; not an instruction or authorization for new studies,"S5 operational record; exact producer where recorded in embedded command/source metadata, otherwise not established","Historical source fingerprint, fixture, manifest, checkpoints, process receipts; not current execution authority"
outputs/s5_authority/speculative-cutover/S5_RECOVERY_AUDIT_CONTINUATION_CONTRACT.json,4679,a7168bd85e2ffe6ebdaf275340101a9e0e55123d374e1edaaa3838e0b5522d59,s5_authority/speculative-cutover,analytical Case118 S4/S5; historical snapshots retain their own coverage,retain-archive,,Historical operational authority/diagnostic evidence; not an instruction or authorization for new studies,"S5 operational record; exact producer where recorded in embedded command/source metadata, otherwise not established","Historical source fingerprint, fixture, manifest, checkpoints, process receipts; not current execution authority"
outputs/s5_authority/speculative-cutover/S5_RECOVERY_AUDIT_NUMERICAL_EXECUTION_AUTHORITY.json,1024,6331f4690269086cef39d51db7c1c65b1933e458ba80c3142aeac80762e7db29,s5_authority/speculative-cutover,analytical Case118 S4/S5; historical snapshots retain their own coverage,retain-archive,,Historical operational authority/diagnostic evidence; not an instruction or authorization for new studies,"S5 operational record; exact producer where recorded in embedded command/source metadata, otherwise not established","Historical source fingerprint, fixture, manifest, checkpoints, process receipts; not current execution authority"
outputs/s5_authority/speculative-cutover/S5_SPECULATIVE_NUMERICAL_EXECUTION_AUTHORITY.json,1039,27735506d6995ebbeded4233aec2d79d4f2489263cebe238f21e74eda71a4abf,s5_authority/speculative-cutover,analytical Case118 S4/S5; historical snapshots retain their own coverage,retain-archive,,Historical operational authority/diagnostic evidence; not an instruction or authorization for new studies,"S5 operational record; exact producer where recorded in embedded command/source metadata, otherwise not established","Historical source fingerprint, fixture, manifest, checkpoints, process receipts; not current execution authority"
outputs/s5_authority/speculative-cutover/S5_SPECULATIVE_RETRY_NUMERICAL_EXECUTION_AUTHORITY.json,1039,07d94696f90317fbd3aceea567dd4d3c8d4ccc28e62a758036111c7cff8889db,s5_authority/speculative-cutover,analytical Case118 S4/S5; historical snapshots retain their own coverage,retain-archive,,Historical operational authority/diagnostic evidence; not an instruction or authorization for new studies,"S5 operational record; exact producer where recorded in embedded command/source metadata, otherwise not established","Historical source fingerprint, fixture, manifest, checkpoints, process receipts; not current execution authority"
outputs/s5_authority/speculative-cutover/S5_SPECULATIVE_REVISION2_NUMERICAL_EXECUTION_AUTHORITY.json,1068,402c1ea5477f8511ef288e4393ee97029907f12dfb8781fa9166511789e4cc4c,s5_authority/speculative-cutover,analytical Case118 S4/S5; historical snapshots retain their own coverage,retain-archive,,Historical operational authority/diagnostic evidence; not an instruction or authorization for new studies,"S5 operational record; exact producer where recorded in embedded command/source metadata, otherwise not established","Historical source fingerprint, fixture, manifest, checkpoints, process receipts; not current execution authority"
outputs/s5_authority/speculative-cutover/com.cvxopf.s5.revision2.plist,1405,d86b2f58eb8235ad01da8242082b0ec60c28b02197662c65682ce6308a7d37a3,s5_authority/speculative-cutover,analytical Case118 S4/S5; historical snapshots retain their own coverage,retain-archive,,Historical operational authority/diagnostic evidence; not an instruction or authorization for new studies,"S5 operational record; exact producer where recorded in embedded command/source metadata, otherwise not established","Historical source fingerprint, fixture, manifest, checkpoints, process receipts; not current execution authority"
outputs/s5_authority/speculative-cutover/launch-002.log,992,feef5bb3d2fab1479da78f327db39e19a762da374b844773adbcba9f016c2ea5,s5_authority/speculative-cutover,analytical Case118 S4/S5; historical snapshots retain their own coverage,retain-archive,,Historical operational authority/diagnostic evidence; not an instruction or authorization for new studies,"S5 operational record; exact producer where recorded in embedded command/source metadata, otherwise not established","Historical source fingerprint, fixture, manifest, checkpoints, process receipts; not current execution authority"
outputs/s5_authority/speculative-cutover/launch-003.log,5882,ca04f9610736b63add064fdc2805b0725824519eb446f798433bf82987f0da4d,s5_authority/speculative-cutover,analytical Case118 S4/S5; historical snapshots retain their own coverage,retain-archive,,Historical operational authority/diagnostic evidence; not an instruction or authorization for new studies,"S5 operational record; exact producer where recorded in embedded command/source metadata, otherwise not established","Historical source fingerprint, fixture, manifest, checkpoints, process receipts; not current execution authority"
outputs/s5_authority/speculative-cutover/launch-004.log,0,e3b0c44298fc1c149afbf4c8996fb92427ae41e4649b934ca495991b7852b855,s5_authority/speculative-cutover,analytical Case118 S4/S5; historical snapshots retain their own coverage,retain-archive,,Historical operational authority/diagnostic evidence; not an instruction or authorization for new studies,"S5 operational record; exact producer where recorded in embedded command/source metadata, otherwise not established","Historical source fingerprint, fixture, manifest, checkpoints, process receipts; not current execution authority"
outputs/s5_authority/speculative-cutover/launch-005.log,7435,f4b9d170667b5b7c15045c07a4641b7cbe526ba9dc4b030518bb43dea1a4da24,s5_authority/speculative-cutover,analytical Case118 S4/S5; historical snapshots retain their own coverage,retain-archive,,Historical operational authority/diagnostic evidence; not an instruction or authorization for new studies,"S5 operational record; exact producer where recorded in embedded command/source metadata, otherwise not established","Historical source fingerprint, fixture, manifest, checkpoints, process receipts; not current execution authority"
outputs/s5_authority/speculative-cutover/launch-006.log,0,e3b0c44298fc1c149afbf4c8996fb92427ae41e4649b934ca495991b7852b855,s5_authority/speculative-cutover,analytical Case118 S4/S5; historical snapshots retain their own coverage,retain-archive,,Historical operational authority/diagnostic evidence; not an instruction or authorization for new studies,"S5 operational record; exact producer where recorded in embedded command/source metadata, otherwise not established","Historical source fingerprint, fixture, manifest, checkpoints, process receipts; not current execution authority"
outputs/s5_authority/speculative-cutover/launch.log,5420,df397a077aa5713ba407f810269d3055ec2d62d2362f5c07bbdb195e52216865,s5_authority/speculative-cutover,analytical Case118 S4/S5; historical snapshots retain their own coverage,retain-archive,,Historical operational authority/diagnostic evidence; not an instruction or authorization for new studies,"S5 operational record; exact producer where recorded in embedded command/source metadata, otherwise not established","Historical source fingerprint, fixture, manifest, checkpoints, process receipts; not current execution authority"
outputs/s5_authority/speculative-cutover/rejected-binding-575f712/REJECTION.json,501,8c6b66ff6c93f261d74e5e75ca873d9851410e4574dbedb8b9c82f9e37994d10,s5_authority/speculative-cutover,analytical Case118 S4/S5; historical snapshots retain their own coverage,retain-archive,,Historical operational authority/diagnostic evidence; not an instruction or authorization for new studies,"S5 operational record; exact producer where recorded in embedded command/source metadata, otherwise not established","Historical source fingerprint, fixture, manifest, checkpoints, process receipts; not current execution authority"
outputs/s5_authority/speculative-cutover/rejected-binding-575f712/S5_SPECULATIVE_REVISION2_NUMERICAL_EXECUTION_AUTHORITY.json,1068,5538ea215e4ec0d8b375e178e6e0654f3754407d89e5ee4ba73aa538416790d3,s5_authority/speculative-cutover,analytical Case118 S4/S5; historical snapshots retain their own coverage,retain-archive,,Historical operational authority/diagnostic evidence; not an instruction or authorization for new studies,"S5 operational record; exact producer where recorded in embedded command/source metadata, otherwise not established","Historical source fingerprint, fixture, manifest, checkpoints, process receipts; not current execution authority"
outputs/s5_authority/speculative-cutover/rejected-binding-575f712/speculative-policy-source-transition-002.json,3855398,919de8b47cdd490d184310a47d75c1bf9db7ad056fea2abff1f8082367dd4c4a,s5_authority/speculative-cutover,analytical Case118 S4/S5; historical snapshots retain their own coverage,retain-archive,,Historical operational authority/diagnostic evidence; not an instruction or authorization for new studies,"S5 operational record; exact producer where recorded in embedded command/source metadata, otherwise not established","Historical source fingerprint, fixture, manifest, checkpoints, process receipts; not current execution authority"
outputs/s5_authority/speculative-cutover/stopping-pointers/operator-intervention-002448.json,511131,55512372dad547ab0331750cd74badf010fd85b3ec33c2c3e7096c31e4439b3a,s5_authority/speculative-cutover,analytical Case118 S4/S5; historical snapshots retain their own coverage,retain-archive,,Historical operational authority/diagnostic evidence; not an instruction or authorization for new studies,"S5 operational record; exact producer where recorded in embedded command/source metadata, otherwise not established","Historical source fingerprint, fixture, manifest, checkpoints, process receipts; not current execution authority"
outputs/s5_authority/speculative-cutover/stopping-pointers/progress.json,4695,5e70ab2be75fd2aeec0473110893e2ade7d573783b1ab7868db642a5cd3857b4,s5_authority/speculative-cutover,analytical Case118 S4/S5; historical snapshots retain their own coverage,retain-archive,,Historical operational authority/diagnostic evidence; not an instruction or authorization for new studies,"S5 operational record; exact producer where recorded in embedded command/source metadata, otherwise not established","Historical source fingerprint, fixture, manifest, checkpoints, process receipts; not current execution authority"
outputs/s5_authority/speculative-cutover/stopping-pointers/recovery-audit-source-transition.json,1416673,109f0bcb18e0dc6a7cd4c81e66569ffa8212f419753d77402f0f325639951690,s5_authority/speculative-cutover,analytical Case118 S4/S5; historical snapshots retain their own coverage,retain-archive,,Historical operational authority/diagnostic evidence; not an instruction or authorization for new studies,"S5 operational record; exact producer where recorded in embedded command/source metadata, otherwise not established","Historical source fingerprint, fixture, manifest, checkpoints, process receipts; not current execution authority"
outputs/s5_authority/speculative-cutover/stopping-pointers/reviewed-continuation-000.json,4696,17b773673a014f29c4bd21b80c1dcb5b230c6760d66e26dc76f1df6c551d4d6a,s5_authority/speculative-cutover,analytical Case118 S4/S5; historical snapshots retain their own coverage,retain-archive,,Historical operational authority/diagnostic evidence; not an instruction or authorization for new studies,"S5 operational record; exact producer where recorded in embedded command/source metadata, otherwise not established","Historical source fingerprint, fixture, manifest, checkpoints, process receipts; not current execution authority"
outputs/s5_authority/speculative-cutover/stopping-pointers/reviewed-continuation-001.json,5439,6f1262020f0b50d268c82516c7a9ac8970a868575abfe6fd82cb4fbe3bc23c30,s5_authority/speculative-cutover,analytical Case118 S4/S5; historical snapshots retain their own coverage,retain-archive,,Historical operational authority/diagnostic evidence; not an instruction or authorization for new studies,"S5 operational record; exact producer where recorded in embedded command/source metadata, otherwise not established","Historical source fingerprint, fixture, manifest, checkpoints, process receipts; not current execution authority"
outputs/s5_authority/speculative-cutover/stopping-pointers/reviewed-continuation-002.json,5896,97f79227947e91185ac724f95a3adc2756e980b3fd6f01bd14c90393d6088788,s5_authority/speculative-cutover,analytical Case118 S4/S5; historical snapshots retain their own coverage,retain-archive,,Historical operational authority/diagnostic evidence; not an instruction or authorization for new studies,"S5 operational record; exact producer where recorded in embedded command/source metadata, otherwise not established","Historical source fingerprint, fixture, manifest, checkpoints, process receipts; not current execution authority"
outputs/s5_authority/speculative-cutover/stopping-pointers/reviewed-continuation-003.json,6339,133ff3950e5be374110be1ce002e3bb7dec8f6fd82b8d9abd1a22555587eab41,s5_authority/speculative-cutover,analytical Case118 S4/S5; historical snapshots retain their own coverage,retain-archive,,Historical operational authority/diagnostic evidence; not an instruction or authorization for new studies,"S5 operational record; exact producer where recorded in embedded command/source metadata, otherwise not established","Historical source fingerprint, fixture, manifest, checkpoints, process receipts; not current execution authority"
outputs/s5_authority/speculative-cutover/stopping-pointers/root-outcome-000.json,2240,8f144c28100b7b4b8fd3bfd7184b51cbed4dfe7df16fdbe1325cb8c1c537b545,s5_authority/speculative-cutover,analytical Case118 S4/S5; historical snapshots retain their own coverage,retain-archive,,Historical operational authority/diagnostic evidence; not an instruction or authorization for new studies,"S5 operational record; exact producer where recorded in embedded command/source metadata, otherwise not established","Historical source fingerprint, fixture, manifest, checkpoints, process receipts; not current execution authority"
outputs/s5_authority/speculative-cutover/stopping-pointers/root-outcome-001.json,2982,5058c01203b283854b63c71cf8e130c3ee8f83ba80e55264ab676f0a3249b96d,s5_authority/speculative-cutover,analytical Case118 S4/S5; historical snapshots retain their own coverage,retain-archive,,Historical operational authority/diagnostic evidence; not an instruction or authorization for new studies,"S5 operational record; exact producer where recorded in embedded command/source metadata, otherwise not established","Historical source fingerprint, fixture, manifest, checkpoints, process receipts; not current execution authority"
outputs/s5_authority/speculative-cutover/stopping-pointers/root-outcome-002.json,3439,9c5bb462aecb9b7f90af526ce44f728a658f0c48e468a4718e07303933bdec1b,s5_authority/speculative-cutover,analytical Case118 S4/S5; historical snapshots retain their own coverage,retain-archive,,Historical operational authority/diagnostic evidence; not an instruction or authorization for new studies,"S5 operational record; exact producer where recorded in embedded command/source metadata, otherwise not established","Historical source fingerprint, fixture, manifest, checkpoints, process receipts; not current execution authority"
outputs/s5_authority/speculative-cutover/stopping-pointers/root-outcome-003.json,3897,30a9434c1b5cb50b86f81c9512944b0b7ace3e234d2cc07d7d7c92e20ba24e77,s5_authority/speculative-cutover,analytical Case118 S4/S5; historical snapshots retain their own coverage,retain-archive,,Historical operational authority/diagnostic evidence; not an instruction or authorization for new studies,"S5 operational record; exact producer where recorded in embedded command/source metadata, otherwise not established","Historical source fingerprint, fixture, manifest, checkpoints, process receipts; not current execution authority"
outputs/s5_authority/speculative-cutover/stopping-pointers/root-outcome-004.json,4530,c790b6a219eaaa8e899516a03b4d2b911d9f5a2e69fce9b9b6dfd6cdfb2f3a26,s5_authority/speculative-cutover,analytical Case118 S4/S5; historical snapshots retain their own coverage,retain-archive,,Historical operational authority/diagnostic evidence; not an instruction or authorization for new studies,"S5 operational record; exact producer where recorded in embedded command/source metadata, otherwise not established","Historical source fingerprint, fixture, manifest, checkpoints, process receipts; not current execution authority"
outputs/s5_authority/speculative-cutover/stopping-pointers/run-context.json,912,37e564c8aeb05215b4136e097cb9952653ea41102a250da1d03e369de96de6bc,s5_authority/speculative-cutover,analytical Case118 S4/S5; historical snapshots retain their own coverage,retain-archive,,Historical operational authority/diagnostic evidence; not an instruction or authorization for new studies,"S5 operational record; exact producer where recorded in embedded command/source metadata, otherwise not established","Historical source fingerprint, fixture, manifest, checkpoints, process receipts; not current execution authority"
outputs/s5_authority/speculative-cutover/stopping-pointers/shard-000/checkpoint.json,114126,0598a454a1f86125dfde5b7f34dedace77149532e53490c2398f2cb91f087736,s5_authority/speculative-cutover,analytical Case118 S4/S5; historical snapshots retain their own coverage,retain-archive,,Historical operational authority/diagnostic evidence; not an instruction or authorization for new studies,"S5 operational record; exact producer where recorded in embedded command/source metadata, otherwise not established","Historical source fingerprint, fixture, manifest, checkpoints, process receipts; not current execution authority"
outputs/s5_authority/speculative-cutover/stopping-pointers/shard-001/checkpoint.json,129319,7a95ab4e207ec6f5d90701675552a27bbee2acfad9f048723c291b02599cd455,s5_authority/speculative-cutover,analytical Case118 S4/S5; historical snapshots retain their own coverage,retain-archive,,Historical operational authority/diagnostic evidence; not an instruction or authorization for new studies,"S5 operational record; exact producer where recorded in embedded command/source metadata, otherwise not established","Historical source fingerprint, fixture, manifest, checkpoints, process receipts; not current execution authority"
outputs/s5_authority/speculative-cutover/stopping-pointers/shard-002/checkpoint.json,128134,f3191b3086526afffd2d73f9520e6b98e9dae0fd9b7f691c354f34468430bcf2,s5_authority/speculative-cutover,analytical Case118 S4/S5; historical snapshots retain their own coverage,retain-archive,,Historical operational authority/diagnostic evidence; not an instruction or authorization for new studies,"S5 operational record; exact producer where recorded in embedded command/source metadata, otherwise not established","Historical source fingerprint, fixture, manifest, checkpoints, process receipts; not current execution authority"
outputs/s5_authority/speculative-cutover/stopping-pointers/shard-003/checkpoint.json,126622,075d92a2c288b9ff596c0986d09f84d48bca5acba09dd2ac8a741a6607163054,s5_authority/speculative-cutover,analytical Case118 S4/S5; historical snapshots retain their own coverage,retain-archive,,Historical operational authority/diagnostic evidence; not an instruction or authorization for new studies,"S5 operational record; exact producer where recorded in embedded command/source metadata, otherwise not established","Historical source fingerprint, fixture, manifest, checkpoints, process receipts; not current execution authority"
outputs/s5_authority/speculative-cutover/stopping-pointers/shard-004/checkpoint.json,48305,624a38545d829f9730361aa720334da171f90e4441944d058be7461efe394cde,s5_authority/speculative-cutover,analytical Case118 S4/S5; historical snapshots retain their own coverage,retain-archive,,Historical operational authority/diagnostic evidence; not an instruction or authorization for new studies,"S5 operational record; exact producer where recorded in embedded command/source metadata, otherwise not established","Historical source fingerprint, fixture, manifest, checkpoints, process receipts; not current execution authority"
outputs/s5_authority/speculative-cutover/stopping-pointers/shard-005/checkpoint.json,48798,bb6865dd8f10abc1964a517c034e19cd9d90470bbab22c363308f45f89e46c3e,s5_authority/speculative-cutover,analytical Case118 S4/S5; historical snapshots retain their own coverage,retain-archive,,Historical operational authority/diagnostic evidence; not an instruction or authorization for new studies,"S5 operational record; exact producer where recorded in embedded command/source metadata, otherwise not established","Historical source fingerprint, fixture, manifest, checkpoints, process receipts; not current execution authority"
outputs/s5_authority/speculative-cutover/stopping-pointers/source-version-transition.json,105443,5e1bca0fdc42ca7e87b0b3f0b9741ea343d827aa66e4abb946d578360bbe9c3e,s5_authority/speculative-cutover,analytical Case118 S4/S5; historical snapshots retain their own coverage,retain-archive,,Historical operational authority/diagnostic evidence; not an instruction or authorization for new studies,"S5 operational record; exact producer where recorded in embedded command/source metadata, otherwise not established","Historical source fingerprint, fixture, manifest, checkpoints, process receipts; not current execution authority"
outputs/s5_authority/speculative-cutover/stopping-pointers/supervision-wave-000-000.json,35011994,b66e46096db290ecc914a86d6686460a30d3bcce9916d68c1cb6448a7c968dca,s5_authority/speculative-cutover,analytical Case118 S4/S5; historical snapshots retain their own coverage,retain-archive,,Historical operational authority/diagnostic evidence; not an instruction or authorization for new studies,"S5 operational record; exact producer where recorded in embedded command/source metadata, otherwise not established","Historical source fingerprint, fixture, manifest, checkpoints, process receipts; not current execution authority"
outputs/s5_authority/speculative-cutover/stopping-pointers/supervision-wave-000-001.json,46398808,6d4f4bd5398e1f6610a6b19d58d17c5af51a5b1ee0bbdd14270e4a997a50d7bd,s5_authority/speculative-cutover,analytical Case118 S4/S5; historical snapshots retain their own coverage,retain-archive,,Historical operational authority/diagnostic evidence; not an instruction or authorization for new studies,"S5 operational record; exact producer where recorded in embedded command/source metadata, otherwise not established","Historical source fingerprint, fixture, manifest, checkpoints, process receipts; not current execution authority"
outputs/s5_authority/speculative-cutover/stopping-pointers/supervision-wave-001-000.json,24061825,8bf341a274ba8a381d60097c620eff5feca658a3ccf158dee789e088cd03ea4f,s5_authority/speculative-cutover,analytical Case118 S4/S5; historical snapshots retain their own coverage,retain-archive,,Historical operational authority/diagnostic evidence; not an instruction or authorization for new studies,"S5 operational record; exact producer where recorded in embedded command/source metadata, otherwise not established","Historical source fingerprint, fixture, manifest, checkpoints, process receipts; not current execution authority"
outputs/s5_authority/speculative-cutover/stopping-pointers/supervision-wave-001-001.json,69112,ed66194b300362ae354893693a10d6a7b09b20fccc4d57f9389276b59eb07728,s5_authority/speculative-cutover,analytical Case118 S4/S5; historical snapshots retain their own coverage,retain-archive,,Historical operational authority/diagnostic evidence; not an instruction or authorization for new studies,"S5 operational record; exact producer where recorded in embedded command/source metadata, otherwise not established","Historical source fingerprint, fixture, manifest, checkpoints, process receipts; not current execution authority"
outputs/s5_authority/speculative-cutover/stopping-pointers/supervision-wave-001-002.json,58385990,cab1cfffd2cfb00edb8ed4a72278b067e45c7810fa218c0c4f84b23ad94618cd,s5_authority/speculative-cutover,analytical Case118 S4/S5; historical snapshots retain their own coverage,retain-archive,,Historical operational authority/diagnostic evidence; not an instruction or authorization for new studies,"S5 operational record; exact producer where recorded in embedded command/source metadata, otherwise not established","Historical source fingerprint, fixture, manifest, checkpoints, process receipts; not current execution authority"
outputs/s5_authority/speculative-cutover/stopping-pointers/supervision-wave-001-003.json,25196,3c4d10d75730e650f2e6b7277d44a8c0b234a5b2a3352ead8ec4a9ecb3c2d224,s5_authority/speculative-cutover,analytical Case118 S4/S5; historical snapshots retain their own coverage,retain-archive,,Historical operational authority/diagnostic evidence; not an instruction or authorization for new studies,"S5 operational record; exact producer where recorded in embedded command/source metadata, otherwise not established","Historical source fingerprint, fixture, manifest, checkpoints, process receipts; not current execution authority"
outputs/s5_authority/speculative-cutover/stopping-pointers/supervision-wave-002-000.json,43894134,f50e26c08af7d5fa5af019f4b83b7e872b17050e6e5ed0fa7958e1b46c336379,s5_authority/speculative-cutover,analytical Case118 S4/S5; historical snapshots retain their own coverage,retain-archive,,Historical operational authority/diagnostic evidence; not an instruction or authorization for new studies,"S5 operational record; exact producer where recorded in embedded command/source metadata, otherwise not established","Historical source fingerprint, fixture, manifest, checkpoints, process receipts; not current execution authority"
outputs/s5_authority/speculative-cutover/stopping-pointers/window-retry-source-transition.json,871878,0c802287865e8036d6894570aa49acb32baf8c38ef89192c2b3389c120121418,s5_authority/speculative-cutover,analytical Case118 S4/S5; historical snapshots retain their own coverage,retain-archive,,Historical operational authority/diagnostic evidence; not an instruction or authorization for new studies,"S5 operational record; exact producer where recorded in embedded command/source metadata, otherwise not established","Historical source fingerprint, fixture, manifest, checkpoints, process receipts; not current execution authority"
outputs/s5_coverage/README.md,4743,833b7f2f382a06d6292ed3a01faff7f7e1d38442790d630a3aa010164a1bb4de,s5_coverage/README.md,analytical Case118 S4/S5; historical snapshots retain their own coverage,retain-historical,,"Interim diagnostic/plot/code or superseded exploratory output; preserve originals, use selected final evidence and reviewed tools",outputs/s5_coverage/coverage_report.py,"Toy fixture, S4 outer, S5 manifest/checkpoints; report.json carries provenance"
outputs/s5_coverage/__pycache__/coverage_report.cpython-311.pyc,51332,,s5_coverage/__pycache__,not scientific evidence,temporary,,Interpreter/UI cache or OS metadata; no scientific authority,Python/marimo cache or OS,None; disposable cache/metadata
outputs/s5_coverage/__pycache__/test_coverage_report.cpython-311-pytest-9.1.1.pyc,38158,,s5_coverage/__pycache__,not scientific evidence,temporary,,Interpreter/UI cache or OS metadata; no scientific authority,Python/marimo cache or OS,None; disposable cache/metadata
outputs/s5_coverage/coverage_report.py,32859,8b1b32f836d94b52b9a7a403488b7ec84d4c859679e06613a84bc58607e068f4,s5_coverage/coverage_report.py,analytical Case118 S4/S5; historical snapshots retain their own coverage,promote,experiments/case118_annual_hierarchy/analysis/coverage_report.py,"Selected code, final evidence, or documented run provenance",outputs/s5_coverage/coverage_report.py (source code; not a generated result),"Imports, environment variables and input paths are specified in this source; see group disposition"
outputs/s5_coverage/reports/20260914T154420412981Z/REPORT.html,62188,8c54cb0f23f97a26144e8b186d9f630d1b36e7c55946a3b6b7af56f6baa963e9,s5_coverage/reports,analytical Case118 S4/S5; historical snapshots retain their own coverage,retain-historical,,"Interim diagnostic/plot/code or superseded exploratory output; preserve originals, use selected final evidence and reviewed tools",outputs/s5_coverage/coverage_report.py,"Toy fixture, S4 outer, S5 manifest/checkpoints; report.json carries provenance"
outputs/s5_coverage/reports/20260914T154420412981Z/REPORT.md,5630,b47d6700b7e30ac4193a084c5b86ae8e187c9ac7abd9ea58ff97d91913c5c54b,s5_coverage/reports,analytical Case118 S4/S5; historical snapshots retain their own coverage,retain-historical,,"Interim diagnostic/plot/code or superseded exploratory output; preserve originals, use selected final evidence and reviewed tools",outputs/s5_coverage/coverage_report.py,"Toy fixture, S4 outer, S5 manifest/checkpoints; report.json carries provenance"
outputs/s5_coverage/reports/20260914T154420412981Z/annual_features.json,6034926,895dc192054e732a1ba23eb9b8f57cd6ea16f88c69855890d3f9d2698b5fa61a,s5_coverage/reports,analytical Case118 S4/S5; historical snapshots retain their own coverage,retain-historical,,"Interim diagnostic/plot/code or superseded exploratory output; preserve originals, use selected final evidence and reviewed tools",outputs/s5_coverage/coverage_report.py,"Toy fixture, S4 outer, S5 manifest/checkpoints; report.json carries provenance"
outputs/s5_coverage/reports/20260914T154420412981Z/report.json,141101,798f984b318696582929c480ae1a3c457ce1649d4cb619d606df29634d9b15dc,s5_coverage/reports,analytical Case118 S4/S5; historical snapshots retain their own coverage,retain-historical,,"Interim diagnostic/plot/code or superseded exploratory output; preserve originals, use selected final evidence and reviewed tools",outputs/s5_coverage/coverage_report.py,"Toy fixture, S4 outer, S5 manifest/checkpoints; report.json carries provenance"
outputs/s5_coverage/reports/20260914T154703111954Z/REPORT.html,69305,d659e5eecb521883c82bddd24271a8e19ba04764623495ea090f83a0e234f8fd,s5_coverage/reports,analytical Case118 S4/S5; historical snapshots retain their own coverage,retain-historical,,"Interim diagnostic/plot/code or superseded exploratory output; preserve originals, use selected final evidence and reviewed tools",outputs/s5_coverage/coverage_report.py,"Toy fixture, S4 outer, S5 manifest/checkpoints; report.json carries provenance"
outputs/s5_coverage/reports/20260914T154703111954Z/REPORT.md,6066,ea08cc50820a1d8fdf728aeefcf136d2172a9d7f96f311a623bd416cfca65af3,s5_coverage/reports,analytical Case118 S4/S5; historical snapshots retain their own coverage,retain-historical,,"Interim diagnostic/plot/code or superseded exploratory output; preserve originals, use selected final evidence and reviewed tools",outputs/s5_coverage/coverage_report.py,"Toy fixture, S4 outer, S5 manifest/checkpoints; report.json carries provenance"
outputs/s5_coverage/reports/20260914T154703111954Z/annual_features.json,6615410,8207ee134543a192fbb9afa2c37e4c1677e4ef6710bb62520ac5422fa9e5a3a5,s5_coverage/reports,analytical Case118 S4/S5; historical snapshots retain their own coverage,retain-historical,,"Interim diagnostic/plot/code or superseded exploratory output; preserve originals, use selected final evidence and reviewed tools",outputs/s5_coverage/coverage_report.py,"Toy fixture, S4 outer, S5 manifest/checkpoints; report.json carries provenance"
outputs/s5_coverage/reports/20260914T154703111954Z/report.json,148179,04905def1e6fd49b77fec750365f0042a8bb877cb72f606b30e28bd56b80b05e,s5_coverage/reports,analytical Case118 S4/S5; historical snapshots retain their own coverage,retain-historical,,"Interim diagnostic/plot/code or superseded exploratory output; preserve originals, use selected final evidence and reviewed tools",outputs/s5_coverage/coverage_report.py,"Toy fixture, S4 outer, S5 manifest/checkpoints; report.json carries provenance"
outputs/s5_coverage/reports/20260914T155740034129Z/REPORT.html,69306,618f316bd0f735164921ab2eaa6799b57d5e22d4ed81bef248152caecdec0f13,s5_coverage/reports,analytical Case118 S4/S5; historical snapshots retain their own coverage,retain-historical,,"Interim diagnostic/plot/code or superseded exploratory output; preserve originals, use selected final evidence and reviewed tools",outputs/s5_coverage/coverage_report.py,"Toy fixture, S4 outer, S5 manifest/checkpoints; report.json carries provenance"
outputs/s5_coverage/reports/20260914T155740034129Z/REPORT.md,6066,151dd93e4cafab747adb4875021c968f8e64b913b506418a7703499d1a9b30ad,s5_coverage/reports,analytical Case118 S4/S5; historical snapshots retain their own coverage,retain-historical,,"Interim diagnostic/plot/code or superseded exploratory output; preserve originals, use selected final evidence and reviewed tools",outputs/s5_coverage/coverage_report.py,"Toy fixture, S4 outer, S5 manifest/checkpoints; report.json carries provenance"
outputs/s5_coverage/reports/20260914T155740034129Z/annual_features.json,6615482,bd72ebccc4a0868434445f759678557536b703370be24a5f85ac95ab6e90ca43,s5_coverage/reports,analytical Case118 S4/S5; historical snapshots retain their own coverage,retain-historical,,"Interim diagnostic/plot/code or superseded exploratory output; preserve originals, use selected final evidence and reviewed tools",outputs/s5_coverage/coverage_report.py,"Toy fixture, S4 outer, S5 manifest/checkpoints; report.json carries provenance"
outputs/s5_coverage/reports/20260914T155740034129Z/report.json,148164,0d66e938ea74d6b2f511bc46d14b32e0f6f62b849ca362575aa62c0fec601b71,s5_coverage/reports,analytical Case118 S4/S5; historical snapshots retain their own coverage,retain-historical,,"Interim diagnostic/plot/code or superseded exploratory output; preserve originals, use selected final evidence and reviewed tools",outputs/s5_coverage/coverage_report.py,"Toy fixture, S4 outer, S5 manifest/checkpoints; report.json carries provenance"
outputs/s5_coverage/reports/20260915T173653331961Z/REPORT.html,68532,6f814405e08f12a120fabc9bc2d8170e6be0f0ca710eeb939152f7d903219a8b,s5_coverage/reports,analytical Case118 S4/S5; historical snapshots retain their own coverage,retain-historical,,"Interim diagnostic/plot/code or superseded exploratory output; preserve originals, use selected final evidence and reviewed tools",outputs/s5_coverage/coverage_report.py,"Toy fixture, S4 outer, S5 manifest/checkpoints; report.json carries provenance"
outputs/s5_coverage/reports/20260915T173653331961Z/REPORT.md,5478,0b681aef440dea145e8ff1090a577f5e5cb6415b965535cea0c5d59274edd746,s5_coverage/reports,analytical Case118 S4/S5; historical snapshots retain their own coverage,retain-historical,,"Interim diagnostic/plot/code or superseded exploratory output; preserve originals, use selected final evidence and reviewed tools",outputs/s5_coverage/coverage_report.py,"Toy fixture, S4 outer, S5 manifest/checkpoints; report.json carries provenance"
outputs/s5_coverage/reports/20260915T173653331961Z/annual_features.json,6628316,07780f8d906fbcbe27680a033997bd6b8f0a39cdf364c6ded26aae32a3a140d3,s5_coverage/reports,analytical Case118 S4/S5; historical snapshots retain their own coverage,promote,experiments/case118_annual_hierarchy/analysis/artifacts/dc_features/annual_features.json,"Selected code, final evidence, or documented run provenance",outputs/s5_coverage/coverage_report.py,"Toy fixture, S4 outer, S5 manifest/checkpoints; report.json carries provenance"
outputs/s5_coverage/reports/20260915T173653331961Z/report.json,148930,139891d0701ab5326902919cd7739df6e944b23335803e2fdf701a20922bdadf,s5_coverage/reports,analytical Case118 S4/S5; historical snapshots retain their own coverage,promote,experiments/case118_annual_hierarchy/analysis/artifacts/dc_features/report.json,"Selected code, final evidence, or documented run provenance",outputs/s5_coverage/coverage_report.py,"Toy fixture, S4 outer, S5 manifest/checkpoints; report.json carries provenance"
outputs/s5_coverage/test_coverage_report.py,7496,ee5abf65dedb595086c41238cea06dc550d545abf6216b4850cb7186058a6b5b,s5_coverage/test_coverage_report.py,analytical Case118 S4/S5; historical snapshots retain their own coverage,promote,tests/test_case118_s5_coverage.py,"Selected code, final evidence, or documented run provenance",outputs/s5_coverage/test_coverage_report.py (source code; not a generated result),"Imports, environment variables and input paths are specified in this source; see group disposition"
