iteration,dc_generation_mw,dc_battery_power_mw,dc_soc_end_mwh
0,4429.8643516046695,-0.0005163030015890603,541.9512410226017
1,4315.758768145152,-0.0023830212360978894,541.9536240438377
2,4220.587195074506,-9.867613386465345,551.8212374303032
3,4142.670227511769,-20.405328998951816,572.226566429255
4,4082.4232941042314,-25.639238289604478,597.8658047188594
5,4043.7692269677777,-24.65878535162091,622.5245900704804
6,4029.3819335998473,-17.195925055208903,639.7205151256892
7,3823.8888696195713,-3.4064008770042973,643.1269160026934
8,3675.8511522320996,-0.001854497723861157,643.1287705004173
9,3687.5823907836216,-98.80918977499972,741.937960275417
10,3715.9506570741946,-150.48728731324084,892.425247588658
11,3746.103975773418,-138.68250900188636,1031.1077565905443
12,3764.171952291213,-52.78619009226054,1083.8939466828049
13,3869.6450159349542,-0.00017835810984790564,1083.8941250409146
14,4070.6844874836033,-6.364388582736109e-05,1083.8941886848006
15,4300.104377852509,-4.192755118360963e-05,1083.8942306123515
16,4541.7229595940735,-4.459994385127052e-05,1083.8942752122955
17,4769.321641946573,9.454102383021528,1074.4401728292737
18,4777.730931945453,217.382766935462,857.057405893812
19,4769.2051925823425,208.665832646695,648.3915732471169
20,4746.4566643492,183.25354367836746,465.13802956874946
21,4711.296125067434,142.76027034242696,322.3777592263225
22,4665.714750976961,90.50146695930087,231.87629226702163
23,4613.509615694262,29.51431625972682,202.3619760072948
24,4524.410122194181,6.223453994580705e-07,202.3619753849494
25,4404.763200895912,-0.0002474644553718932,202.3622228494048
26,4294.520423805679,-0.00029824727795521166,202.36252109668274
27,4201.493955493143,-0.0004321641661299792,202.36295326084885
28,4132.3680187162645,-0.0007179076322377559,202.36367116848112
29,4092.2455979007923,-0.0013078452919173466,202.364979013773
30,4084.299979174381,-0.001791589886830233,202.36677060365986
31,3915.411529015059,-0.00339300606195312,202.37016360972177
32,3916.7192551716976,-125.98313482094481,328.3532984306666
33,3937.7996226904297,-218.52650770384002,546.8798061345067
34,3926.9871903744993,-220.3832121362146,767.2630182707212
35,3965.86816559603,-211.3773845733231,978.6404028440444
36,3965.9427156560296,-105.26046941223099,1083.9008722562753
37,4018.9737291459874,-0.0003875014537270277,1083.9012597577291
38,4219.526385883836,-7.878341940724241e-05,1083.9013385411486
39,4449.447970053729,-5.019975523387023e-05,1083.9013887409037
40,4693.599330104479,-5.555332511030631e-05,1083.901444294229
41,4877.994015510022,57.6006935884911,1026.3007507057378
42,4887.956956359127,270.9707252870437,755.3300254186942
43,4884.748793450274,264.6369260921244,490.6930993265699
44,4876.582724486622,230.24662301203932,260.4464763145305
45,4875.402294919486,158.8452031548307,101.60127315969984
46,4851.826052116035,84.7480560424855,16.853217117214353
47,4803.498412818098,16.85276321135198,0.0004539058623678272
48,4695.191576024761,0.0004214096473409938,3.249621502694227e-05
49,4565.632836227946,-6.0151412407415815e-05,9.264762743435922e-05
50,4442.013279322706,-6.831717551851287e-05,0.00016096480295287467
51,4332.283785521025,-7.024117411363428e-05,0.0002312059770665126
52,4243.382826844787,-7.864516996071007e-05,0.0003098511470272279
53,4180.777952405066,-8.550449397944081e-05,0.00039535564100667494
54,4148.10838695108,-8.292909783301142e-05,0.0004782847388396945
55,3966.242679345546,-0.0055713238294895105,0.006049608568329213
56,3961.543144922076,-129.1024411209242,129.1084907294925
57,3961.5071953813804,-206.7064436304338,335.8149343599264
58,3957.548842720136,-220.3794341830795,556.1943685430058
59,3961.1073034672904,-182.09752018002192,738.2918887230279
60,3960.9871988740124,-85.40737080765888,823.6992595306866
61,4018.428654210362,-0.00021316608565199433,823.6994726967722
62,4196.147152958743,-5.245327071000391e-05,823.699525150043
63,4395.301956784612,-2.7890832208506557e-05,823.6995530408751
64,4601.461380876628,-1.820565694834091e-05,823.6995712465322
65,4761.959174454462,38.27440799570926,785.4251632508228
66,4773.057116382078,205.1782768864309,580.2468863643919
67,4772.194602956496,196.25623210432556,383.9906542600664
68,4759.494298933293,170.12083733819978,213.8698169218666
69,4735.909781594828,128.52225574707847,85.34756117478814
70,4703.149595983134,74.27661447521295,11.070946699575186
71,4663.548943139963,11.070863435299271,8.326427591537767e-05
72,4186.744227235177,-8.125778487453113e-06,9.139005440291379e-05
73,4074.1888390594286,-5.061070999473197e-06,9.645112540239366e-05
74,3968.290942860991,-3.5928997138228163e-06,0.00010004402511617645
75,3876.2448093720013,-0.00024290996286822954,0.00034295398798432993
76,3804.235243896603,-0.00017664709190270974,0.0005196010798869377
77,3757.006529925958,-0.00015747942703854155,0.0006770805069253525
78,3737.5288960647504,-0.00014250429226515105,0.0008195847991903545
79,3582.738330547922,-0.00012625851438949692,0.0009458433135796797
80,3462.475007817216,-0.0003431171614798869,0.0012889604750593723
81,3384.5022220010137,-0.001003716003961856,0.002292676479020883
82,3367.160438564533,-13.091188943641122,13.093481620120137
83,3376.2219077309082,-2.7077749681335246,15.801256588253663
84,3441.996747160138,-0.0002705474819711655,15.801527135735633
85,3555.421547777303,7.889060263069599e-07,15.801526346829606
86,3706.5628834566705,1.5695018701645859e-06,15.801524777327737
87,3885.4045211748926,2.668193335203509e-06,15.801522109134401
88,4079.700434985343,4.325482268291812e-06,15.801517783652132
89,4275.730785914962,7.314951356204695e-06,15.801510468700776
90,4450.841322687149,8.372938077905424,7.4285723907953525
91,4424.095667635953,-4.90216862927521e-05,7.428621412481647
92,4360.044511256695,-5.4748022604173e-05,7.42867616050425
93,4270.479896524106,-6.374646745214916e-05,7.428739906971701
94,4160.607832383543,-7.864291057960642e-05,7.42881854988228
95,4037.075095995906,-0.00010487945032773608,7.428923429332608
96,3909.1884679524705,-0.00015645834739564228,7.429079887680003
97,3781.7352821628197,-0.0002950702848385785,7.429374957964841
98,3664.4271997353594,-0.001342401968365309,7.430717359933207
99,3574.3580168275257,-9.674209750432562,17.10492711036577
100,3509.32862082221,-20.527396964529057,37.63232407489483
101,3467.462399453785,-25.955479157069544,63.58780323196437
102,3451.3756040867697,-25.73760597125111,89.32540920321547
103,3262.467630011856,-20.028360249047196,109.35376945226267
104,3206.409825011411,-101.8310044049166,211.18477385717927
105,3212.492839313885,-191.20068851796907,402.3854623751484
106,3218.2976099072866,-220.3823941275539,622.7678565027022
107,3251.313162225169,-215.77484077656868,838.5426972792709
108,3271.4643967562283,-140.4811229440721,979.023820223343
109,3290.8807298669994,-13.786592959128132,992.8104131824713
110,3463.306730809061,-6.659753324948724e-05,992.8104797800045
111,3676.441719514317,-5.9528279893926866e-05,992.8105393082843
112,3901.6538168337074,-5.63049702385554e-05,992.8105956132547
113,4123.460918156578,-5.637688824381479e-05,992.8106519901427
114,4326.779744534167,-6.012118263696481e-05,992.8107121113254
115,4303.548151600079,-6.946502597921192e-05,992.8107815763514
116,4249.381178977979,-8.715627415307069e-05,992.8108687326255
117,4167.658865391223,-0.0004461722414270044,992.811314904867
118,4063.6335082244077,-0.00047054581817018774,992.8117854506853
119,3944.0787326538084,-0.0007543377459581328,992.8125397884313
120,4196.523227059833,-0.000335630512988198,992.8128754189443
121,4069.9535544182645,-0.0005353006589497655,992.8134107196031
122,3952.4030703148933,-0.001435926913187896,992.8148466465165
123,3857.0144916170366,-5.400544075200286,998.2153907217166
124,3788.815600868833,-14.599656519315296,1012.8150472410318
125,3744.9698766901824,-19.704293597253685,1032.5193408382856
126,3728.4911201387067,-20.581227970539786,1053.1005688088253
127,3532.2470908403934,-16.99230810912618,1070.0928769179516
128,3374.4124100057716,-9.438496007571379,1079.5313729255229
129,3267.62425902812,-0.007200469130171749,1079.5385733946532
130,3230.436124370541,-0.0023733444689083578,1079.540946739122
131,3256.7849028424357,-0.004090002323523585,1079.5450367414455
132,3345.7662480741105,-0.0007601911550488886,1079.5457969326005
133,3492.167685928173,-0.00040511691526092387,1079.5462020495158
134,3686.664592472113,0.0002897539215980219,1079.5459122955942
135,3916.371981061198,0.0006816448026143766,1079.5452306507918
136,4160.069163679937,5.59678270794158,1073.9484479428502
137,4398.951793163335,18.296291125895053,1055.652156816955
138,4516.640961219881,136.74652296290438,918.9056338540507
139,4511.376601246366,126.0843928273176,792.8212410267331
140,4497.220019461449,93.16596935872124,699.6552716680119
141,4478.659559057159,36.731657902975336,662.9236137650365
142,4417.617446419888,0.0004967299408652751,662.9231170350957
143,4303.7740850806795,0.00016456649572122372,662.9229524685999
144,4183.105875623099,9.749999102078659e-05,662.9228549686089
145,4061.1806748786125,-0.0006977020848059397,662.923552670694
146,3947.853472516997,-0.000881033741578585,662.9244337044354
147,3851.0138791325585,-0.0019489813350434763,662.9263826857704
148,3780.8173938913806,-3.3477371516546133,666.274119837425
149,3746.4860504815797,-13.982902650534081,680.2570224879591
150,3739.965564516576,-20.464165744911853,700.7211882328711
151,3561.5868940338923,-20.072805146019004,720.79399337889
152,3453.423297418497,-38.37113323184022,759.1651266107301
153,3461.8113627450134,-113.04819779077681,872.2133244015071
154,3472.5320871535137,-125.76256255975744,997.9758869612645
155,3494.4110102571854,-85.91829694137542,1083.8941839026397
156,3528.848211978515,-0.00435914744583106,1083.8985430500857
157,3698.7472824882802,-0.0006311044386078345,1083.8991741545242
158,3905.9326560390227,-0.000128226338573322,1083.899302380863
159,4135.929058613395,-8.994352221808932e-05,1083.8993923243852
160,4373.152893620048,-7.035679236187551e-05,1083.8994626811773
161,4594.4251470307045,7.594323695377933,1076.3051389857997
162,4616.955597014666,191.0307636021462,885.2743753836535
163,4626.160558078887,184.55332399082076,700.7210513928326
164,4622.102001303612,159.9477309338337,540.7733204589989
165,4605.731575103492,119.02103816340643,421.7522822955925
166,4578.81488247561,64.66681194197096,357.0854703536215
167,4543.801318489544,0.6680517336959833,356.4174186199255
168,4436.3888999946,-8.71744466804625e-06,356.4174273373702
169,4324.645563902058,-8.307102044615276e-05,356.4175104083906
170,4218.628899345215,-0.00010030684044785627,356.41761071523115
171,4125.96042676385,-0.00012377139020326827,356.41773448662127
172,4053.27633858821,-0.00015414853497838635,356.41788863515626
173,4005.7800440928286,-0.00018923974812106364,356.4180778749044
174,3986.8948420253655,-0.00022159014116589576,356.41829946504555
175,3829.5302019694727,-0.0004838443800871915,356.41878330942563
176,3792.435204814577,-81.83147311828854,438.2502564277142
177,3802.361703409708,-164.02447064826495,602.2747270759792
178,3815.9412379485116,-197.8874579331597,800.1621850091389
179,3832.272762018709,-180.49126767186814,980.6534526810069
180,3841.288574467595,-103.24683584930553,1083.9002885303125
181,3871.854375937458,-0.0006364739531706476,1083.9009250042654
182,4044.9723978952456,-7.368067860996908e-05,1083.9009986849442
183,4246.360521988893,-3.544512464446071e-05,1083.9010341300689
184,4462.87975059509,-2.2234687882863034e-05,1083.9010563647569
185,4680.16133229155,3.5596536231074343e-06,1083.9010528051033
186,4702.218479957387,181.3843735300947,902.5166792750084
187,4703.024039422593,174.39982291113836,728.11685636387
188,4692.985250306166,150.31726531128095,577.7995910525892
189,4673.285040337565,110.91294818563395,466.88664286695524
190,4645.815612051053,59.02492702231478,407.86171584464046
191,4611.399744614236,2.4242614042678246e-06,407.8617134203791
192,4512.229795127416,-1.7632547371066323e-05,407.8617310529264
193,4412.656279584424,-3.171204452239224e-05,407.861762764971
194,4321.502586331775,-4.2601791066193854e-05,407.86180536676204
195,4245.8420997334215,-5.833390197234709e-05,407.861863700664
196,4191.6765149055755,-7.866334262393845e-05,407.8619423640066
197,4163.509732750742,-9.60225138766518e-05,407.8620383865205
198,4164.024369800667,-9.598977921234437e-05,407.8621343762997
199,4032.099825469875,-16.15431592746181,424.01645030376153
200,4032.12359174041,-122.62969545617794,546.6461457599394
201,4032.1989392704536,-180.04315648536527,726.6893022453047
202,4032.143354678551,-184.3293597983764,911.018662043681
203,4032.035500025173,-135.47599138751926,1046.4946534312003
204,4032.188054650304,-37.40638871180853,1083.9010421430087
205,4135.513907195582,-0.00018414654193114397,1083.9012262895508
206,4308.992558069817,-7.695119563367682e-05,1083.9013032407465
207,4503.37832414198,-5.5310025924120405e-05,1083.9013585507723
208,4705.57556153379,-6.179848418261781e-05,1083.9014203492563
209,4808.9083811569335,93.18544912935718,990.7159712198993
210,4808.922221573598,270.9725588132462,719.7434124066531
211,4790.17137389007,260.1233465767661,459.6200658298871
212,4788.275988064268,201.69159880708148,257.92846702280565
213,4765.120184678064,137.39748252244252,120.53098450036303
214,4715.620656477716,77.75974089036069,42.771243610002344
215,4660.80368058167,8.662419532283174,34.10882407771917
216,4539.756843671696,-6.0189759673056844e-05,34.10888426747884
217,4410.55958279414,-6.936827694740876e-05,34.108953635755796
218,4291.270070578199,-7.302654499650587e-05,34.10902666230079
219,4189.594008394655,-8.326677764905721e-05,34.109109929078436
220,4112.082095784391,-9.452250671718273e-05,34.10920445158515
221,4063.686903834389,-0.00010071306639797933,34.10930516465155
222,4047.4262175050903,-9.692206194221429e-05,34.109402086713494
223,3860.100916516215,-0.0002989910662248628,34.10970107777972
224,3766.8067449935234,-53.77283871663879,87.8825397944185
225,3767.001690830008,-150.16633643874025,238.04887623315878
226,3766.9532933689,-187.88100613918255,425.92988237234135
227,3766.854784897606,-163.25064545033814,589.1805278226794
228,3766.831480580369,-76.69373366573484,665.8742614884143
229,3834.0587814445425,-0.000335221455984349,665.8745967098702
230,4026.573826202931,-9.123153270950019e-05,665.874687941403
231,4255.182394390327,-4.792731935471531e-05,665.8747358687224
232,4506.961431174331,-3.084174507710766e-05,665.8747667104674
233,4759.447969100023,6.248136462986805e-06,665.874760462331
234,4786.999996982738,208.07768863623792,457.797071826093
235,4786.999996982408,188.0512564493901,269.7458153767029
236,4786.999996979369,135.95665912320152,133.78915625350132
237,4748.136634263512,93.87508305543916,39.91407319806219
238,4697.436684079914,39.9140367751178,3.642294438363675e-05
239,4615.675862025059,3.89523434603195e-06,3.25277100378316e-05
240,4107.585892899022,-6.734263215153271e-06,3.92619732529597e-05
241,3975.9176669577637,-0.00031852808916135223,0.0003577900624141343
242,3851.8726237921387,-0.000282124590841059,0.0006399146532549056
243,3743.3207557164587,-0.0003536618979955137,0.0009935765512500392
244,3657.0515847880333,-0.0005306234189302824,0.0015241999701798574
245,3598.3184534948746,-0.0009563896407519998,0.0024805896109313143
246,3570.4869810954538,-0.002047696502139081,0.0045282861130697735
247,3362.886248544217,-0.0032133343219005635,0.007741620434969634
248,3205.3652112506097,-0.0020420220456298216,0.009783642480598403
249,3169.848704128338,-62.22454320218218,62.23432684466278
250,3185.720874745121,-110.81814198519673,173.05246882985946
251,3206.1889739419644,-98.47255580979389,271.52502463965334
252,3230.718347025747,-28.753638849635472,300.2786634892888
253,3349.3618583898156,-0.0002445527066110982,300.27890804199546
254,3538.1484238472635,-9.940114920596913e-05,300.2790074431447
255,3754.016850834686,-8.464247021842809e-05,300.27909208561493
256,3981.1649494994003,-2.410717197292541e-07,300.27909232668657
257,4203.402491579784,2.489207418898525e-07,300.2790920777659
258,4405.229417883707,7.103815774407189e-07,300.27909136738424
259,4383.54752851918,6.608742335758002e-07,300.27909070651003
260,4330.881692256996,5.397988733010269e-07,300.2790901667111
261,4250.256990280951,3.605641309838218e-07,300.279089806147
262,4146.601104612257,-8.279788966688293e-05,300.2791726040367
263,4026.4086388174774,-9.718477058056933e-05,300.27926978880726
264,3898.108089380894,-0.00012079153359431422,300.2793905803409
265,3768.314457986323,-0.00016281172614348406,300.27955339206704
266,3646.117786988239,-0.0002490523591274865,300.2798024444262
267,3539.293179579085,-0.0004957974175944795,300.2802982418437
268,3454.5873281386744,-0.004210998936713572,300.28450924078044
269,3412.8424107364467,-15.594944473671164,315.8794537144516
270,3399.8153219465557,-29.107216561379513,344.98667027583116
271,3223.3971096738915,-37.10984144151199,382.0965117173432
272,3125.019942141982,-79.88940382460677,461.9859155419499
273,3125.696588532297,-168.97433765425305,630.960253196203
274,3127.0626549274257,-199.92934734547157,830.8896005416746
275,3129.03705534143,-170.4986801819923,1001.3882807236669
276,3131.4859189180515,-82.50203819520905,1083.8903189188761
277,3192.439635238323,-0.0011711488009457335,1083.8914900676768
278,3379.13878412676,-0.0004637793569784541,1083.8919538470338
279,3596.217177573209,-0.000270924232395172,1083.8922247712662
280,3828.5841952383234,-0.00021062658810538291,1083.8924353978541
281,4059.9957084058537,-0.00017975081318600747,1083.8926151486676
282,4274.236081304324,-0.0001645003128847295,1083.8927796489806
283,4267.221266371608,-0.0001599749497574977,1083.89293962393
284,4230.571110746601,-0.00016446766189747973,1083.8931040915922
285,4167.066638233799,-0.00017892571004008155,1083.8932830173019
286,4081.3285856821467,-0.00020730867236751528,1083.8934903259744
287,3979.4911149239447,-0.0002596414371499132,1083.8937499674116
288,4247.6048112336275,-0.00012033042936128917,1083.893870297841
289,4135.8053893167635,-0.0001395911349097945,1083.894009888976
290,4030.766243613254,-0.00016454532245162756,1083.8941744342983
291,3939.8271388389717,-0.00019473533502060105,1083.8943691696334
292,3869.3202643171408,-0.00022680628764481869,1083.8945959759212
293,3824.1347708044264,-0.00025294283500133184,1083.894848918756
294,3807.3820108113055,-0.00026303509345419133,1083.8951119538497
295,3652.013959909369,-0.000252494944530701,1083.895364448794
296,3540.2134351954874,-0.0002263999027189321,1083.8955908486969
297,3478.7458118391364,-0.00019483541392506504,1083.8957856841107
298,3470.69927227982,-0.0013542007521920828,1083.897139884863
299,3515.42200709967,-0.00014142493240651362,1083.8972813097955
300,3608.743580907729,-0.0001231692693069613,1083.8974044790648
301,3743.4013371660762,-0.00010988196342528997,1083.8975143610282
302,3909.661603417533,-2.809233190731031e-06,1083.8975171702614
303,4096.05237383426,-3.143325489919087e-06,1083.897520313587
304,4290.154548739993,-3.724472174588895e-06,1083.8975240380591
305,4479.39778472467,-4.9582045756341655e-06,1083.8975289962636
306,4591.483302339251,60.33005495966791,1023.5674740365959
307,4583.897414929294,51.84003807221348,971.7274359643823
308,4565.531637167045,26.42513400652177,945.3023019578605
309,4523.786255004191,4.6765676043526e-06,945.3022972812928
310,4436.3080609092995,-8.966681683738622e-06,945.3023062479746
311,4336.026584730105,-0.00018389585156972972,945.3024901438262
312,4230.982644825506,-0.00023360745338242285,945.3027237512795
313,4128.000920401767,-0.0003090014973969592,945.3030327527771
314,4035.4986419257725,-0.00041755351359514306,945.3034503062906
315,3960.70111303056,-0.0005480043850620148,945.3039983106755
316,3909.6963212867886,-0.0006406269156500804,945.3046389375911
317,3887.0054630066675,-0.0006337778957543098,945.3052727154869
318,3895.258785385062,-0.000571658753648693,945.3058443742407
319,3745.509391196927,-0.0006635566671967076,945.306507930908
320,3632.9213064809683,-0.0010354082461223235,945.307543339154
321,3619.7211476830034,-52.68874685142119,997.9962901905752
322,3619.7287266422018,-65.150725546694,1063.1470157372692
323,3619.615727259028,-20.75365773367082,1083.90067347094
324,3699.3480615956883,-0.00020100886038810107,1083.9008744798002
325,3851.503430451168,-6.640589968363998e-05,1083.9009408857
326,4046.9431991766587,-3.6142466063071315e-05,1083.9009770281662
327,4273.877001452121,-2.4390897909475043e-05,1083.901001419064
328,4517.8488155420555,-1.9142894971624693e-05,1083.9010205619588
329,4762.722272544226,7.71319802999636e-06,1083.9010128487612
330,4786.999997058537,204.84202469100472,879.0589881577562
331,4786.999997058148,188.19701110953238,690.8619770482238
332,4786.9999970526205,139.39088542427774,551.471091623946
333,4774.338307687312,74.6401944296981,476.830897194248
334,4729.444782649044,18.96646197519123,457.86443521905665
335,4631.678832888973,-1.1224528597157917e-05,457.8644464435854
336,4507.282607672587,-3.270415796233907e-05,457.8644791477433
337,4382.958312899456,-4.054065681901948e-05,457.86451968840015
338,4267.71692428723,-5.1382914730555384e-05,457.8645710713149
339,4169.531745826952,-6.598566979095935e-05,457.86463705698463
340,4095.242961876786,-8.36283916509059e-05,457.86472068537626
341,4050.102258271043,-9.948591647689603e-05,457.86482017129276
342,4037.423768348613,-0.00010497180832380376,457.8649251431011
343,3849.350389822655,-0.0005394721560937872,457.86546461525717
344,3802.0263496569423,-91.90872451890391,549.774189134161
345,3801.9065788392013,-172.59906420823535,722.3732533423964
346,3801.8670401233403,-189.47387692631835,911.8471302687147
347,3801.525695023405,-141.07381831887105,1052.9209485875858
348,3801.1671507042556,-30.979932504758054,1083.900881092344
349,3934.245320427748,-0.0002786482950145526,1083.901159740639
350,4141.785133137458,-0.00011675658282569903,1083.9012764972217
351,4379.255896755186,-8.029126782178578e-05,1083.9013567884895
352,4631.313977588487,-8.584228482988919e-05,1083.9014426307745
353,4840.651739562515,41.170988491571514,1042.730454139203
354,4843.905027994549,270.9660021952378,771.7644519439652
355,4842.615061119978,269.7440788019227,502.02037314204244
356,4841.0002969444395,236.9232712159025,265.09710192613994
357,4840.633114504461,173.86590799211947,91.23119393402047
358,4835.718692252384,91.2254451071781,0.005748826842353707
359,4821.697930836746,0.005741666105540718,7.160736813021958e-06
360,4706.675721593869,-0.00013558195444622015,0.000142742691259227
361,4589.446395452435,-9.992199177681215e-05,0.00024266468303600982
362,4478.597148957912,-0.00010417717265132981,0.0003468418556873002
363,4381.896318271857,-0.00011699475028320205,0.000463836605970455
364,4306.083327679119,-0.0001310913629029143,0.0005949279688733143
365,4256.41297664326,-0.0001368603316539417,0.0007317883005271946
366,4236.302109002575,-0.00012676184343458048,0.000858550143961707
367,4031.925275683592,-0.001312587976569189,0.0021711381205308227
368,4000.0748926475067,-129.16264210376454,129.1648132418851
369,4000.099207858758,-235.37051725643542,364.5353304983205
370,3992.0919364474184,-270.97213977470767,635.5074702730282
371,3999.6209674892016,-256.1475057262154,891.6549759992434
372,3999.518585657374,-169.04096734088844,1060.695943340132
373,3999.3285709442093,-23.20507067361416,1083.9010140137461
374,4170.06960727657,-0.0002184408944572763,1083.9012324546406
375,4398.350474564816,-0.00010839430483825472,1083.9013408489457
376,4644.388210212778,-0.00010163919357496101,1083.901442488139
377,4820.742680546299,69.48352772058558,1014.4179147675533
378,4846.9185806943415,270.9745593960007,743.4433553715527
379,4830.338817836712,270.9734185503992,472.4699368211536
380,4817.8054706463745,236.4490561907573,236.0208806303963
381,4817.697698715561,161.95925651513767,74.0616241152586
382,4809.921467540054,72.3954305274658,1.666193587792782
383,4766.896281085305,1.666169382172659,2.4205620123091362e-05
384,4646.005466081226,-7.480720930483075e-05,9.901282942791222e-05
385,4522.286240618369,-5.999468189613125e-05,0.00015900751132402472
386,4405.646980860778,-6.344392514097537e-05,0.00022245143646497503
387,4303.635072619981,-7.395792090403125e-05,0.00029640935736897597
388,4222.776103172829,-8.839013840660258e-05,0.00038479949577554325
389,4168.130782117711,-9.943825762070666e-05,0.00048423775339621
390,4142.952725118453,-9.612063346313585e-05,0.0005803583868593015
391,3985.1861713874764,-14.054372756995907,14.054953115382766
392,3985.184200414367,-138.85112668724688,152.90607980262968
393,3984.97550941552,-209.41561621908915,362.3216960217188
394,3982.2199430442492,-220.37750067090028,582.6991966926191
395,3984.6883636544476,-180.47654364088058,763.1757403334997
396,3984.558426367592,-86.60308649351646,849.7788268270162
397,4035.109979583256,-0.00024189953146457508,849.7790687265476
398,4205.135587471463,-5.5891241712563834e-05,849.7791246177894
399,4395.709577692292,-2.948952535642434e-05,849.7791541073148
400,4593.5728617122,-1.9220016586938463e-05,849.7791733273313
401,4750.554873154383,34.82231124189547,814.9568620854358
402,4750.92580453707,207.55677988761173,607.4000821978241
403,4739.617535026217,200.54391915800355,406.85616303982044
404,4717.0730422686875,175.6475518374638,231.20861120235665
405,4684.541912379973,134.61345002876055,96.59516117359613
406,4643.99247893333,80.26871729356897,16.326443880027146
407,4597.973235495317,16.32636090409279,8.297593435886805e-05
408,4118.4771077093865,-0.0004234377015090125,0.000506413635867735
409,4000.7831507852848,-0.00034189612994787707,0.0008483097658152257
410,3890.9319993905065,-0.0003549660261092704,0.0012032757919239348
411,3796.1650316887026,-0.00038682096753351567,0.0015900967594567404
412,3722.6621387939754,-0.0004083914655830641,0.0019984882250389585
413,3675.1118897874258,-0.00039504742502357454,0.0023935356500615597
414,3656.384463774845,-0.0003445401677163809,0.0027380758177768423
415,3486.9093363538927,-0.0002790541553753285,0.0030171299731509504
416,3354.3870090874557,-0.0006739573231830876,0.003691087296332698
417,3314.4523464523922,-46.54696288771565,46.550653975011976
418,3329.115682518984,-95.49610731081955,142.04676128583154
419,3345.2317641590917,-91.02463863498436,233.07139992081585
420,3361.450970472371,-32.893346291802295,265.9647462126182
421,3451.726229079837,-0.0002418231648278911,265.96498803578305
422,3615.175506485316,-8.013617343218922e-05,265.96506817195643
423,3807.3068066538963,-7.232657684050281e-07,265.9650688952222
424,4014.2454676899683,-2.57566810999371e-07,265.965069152789
425,4220.83147779593,2.0374038895132465e-07,265.96506894904866
426,4411.738016448663,-7.635755936230215e-05,265.965145306608
427,4378.051237263996,-8.27443424243799e-05,265.96522805095043
428,4315.283634498578,-9.371746416749483e-05,265.9653217684146
429,4227.011895639625,-0.0001119381958183728,265.9654337066103
430,4118.6239591266385,-0.00014346351879229534,265.9655771701291
431,3996.9633499619576,-0.0002040638988053118,265.965781234028
432,3869.809933855183,-0.00034940899700113047,265.96613064302494
433,3745.6017973537405,-0.0010170519760468533,265.967147695001
434,3640.2732104248666,-7.776828434221063,273.7439761292221
435,3562.721235423551,-24.653178209491493,298.3971543387135
436,3504.1283238522915,-35.40871530032854,333.8058696390421
437,3468.445358033352,-39.199406924280304,373.00527656332235
438,3458.15195263963,-35.652988282634304,408.65826484595675
439,3283.539638702279,-24.84712046622277,433.50538531217944
440,3189.264637127196,-49.06196045200054,482.56734576418
441,3205.886192450935,-130.85709214047375,613.4244379046538
442,3234.2389075486635,-166.64570700354744,780.0701449082013
443,3265.8173624656292,-147.29726565982148,927.3674105680227
444,3299.284983127609,-74.61788285406604,1001.9852934220887
445,3379.381267267473,-0.00033681014164948603,1001.9856302322304
446,3572.9543694485596,-7.431919183320074e-05,1001.9857045514221
447,3793.245146553135,-7.22304865513501e-07,1001.985705273727
448,4026.4181782496503,-1.9533074623974785e-07,1001.9857054690578
449,4257.767342268444,3.200494032395429e-07,1001.9857051490085
450,4472.578772314541,1.042442761003954e-06,1001.9857041065658
451,4456.730747320349,7.859428802747583e-07,1001.9857033206227
452,4408.018688688843,6.702328367308673e-07,1001.9857026503898
453,4329.742133927346,4.854580562705356e-07,1001.985702164932
454,4227.146963304921,-6.919349833208526e-05,1001.9857713584303
455,4107.074630570458,-8.106427265976125e-05,1001.9858524227029
456,4355.467616056232,5.468746778033171e-07,1001.9858518758282
457,4224.989646378697,-7.501671173409079e-05,1001.9859268925399
458,4102.224650938268,-8.998497681570765e-05,1001.9860168775167
459,3995.2567245401806,-0.0001090669195828101,1001.9861259444363
460,3911.0960510781624,-0.0001312800783968333,1001.9862572245147
461,3855.2166553895554,-0.00015254474997466,1001.9864097692648
462,3831.1983621626273,-0.00016525531812657543,1001.9865750245827
463,3613.052240807816,-0.00016312408530441856,1001.9867381486682
464,3440.461464721371,-0.0001470800587749775,1001.9868852287269
465,3328.942783805629,-0.0004300086150876788,1001.9873152373422
466,3310.799818740803,-25.9726659990114,1027.9599812363533
467,3339.6892129025146,-28.45112129403407,1056.4111025303873
468,3406.5819550031188,-0.0007135177733367667,1056.411816048161
469,3564.65609109829,-1.8738555002731913e-06,1056.411817922016
470,3775.076507265582,-2.0779061861411392e-06,1056.4118199999225
471,4023.9744101004612,-2.3216032705660723e-06,1056.4118223215257
472,4294.938313476644,-2.7630964800015325e-06,1056.4118250846223
473,4570.12317086286,-3.851994798357592e-06,1056.4118289366172
474,4720.4605369171795,110.99557680864281,945.4162521279742
475,4728.366596306921,104.74738679466724,840.6688653333069
476,4722.993384533848,81.49708038258396,759.171784950723
477,4705.312912904741,43.01000697862624,716.1617779720968
478,4669.235180757374,4.638229809736423e-06,716.161773333867
479,4573.409882696534,-1.0696409719384512e-05,716.1617840302767
480,4467.844054244662,-1.538137612830066e-05,716.1617994116527
481,4361.085274874853,-1.898455073484479e-05,716.1618183962036
482,4260.815426509642,-2.368563492451762e-05,716.1618420818385
483,4174.543341844453,-2.957977049842244e-05,716.1618716616091
484,4108.776444084377,-3.613945288207668e-05,716.161907801062
485,4068.5738083211945,-4.1619491869540265e-05,716.1619494205537
486,4057.199889338069,-4.343903471732588e-05,716.1619928595884
487,3878.5902245282546,-0.00012715493817105013,716.1621200145265
488,3780.036989913184,-32.53124493597392,748.6933649505004
489,3780.0014737090314,-107.68055770392436,856.373922654425
490,3779.9733355254466,-122.68012822365168,979.0540508780766
491,3779.7973198040613,-77.3564048928274,1056.4104557709038
492,3803.714314787487,-0.0008403984361227014,1056.41129616934
493,3953.420222617458,-8.697272296598998e-05,1056.411383142063
494,4140.867898374383,-3.9473360183916465e-05,1056.4114226154231
495,4353.1517333263955,-2.350769248560109e-05,1056.4114461231156
496,4576.038602584805,-1.5856703438844475e-05,1056.4114619798193
497,4786.999994746668,7.88758049582731,1048.523881483992
498,4786.999994749834,208.55537258515278,839.9685088988391
499,4786.999994749576,197.2533024743099,642.7152064245294
500,4786.980606733162,156.41662863725588,486.2985777872735
501,4763.081032526826,112.94276672497809,373.35581106229534
502,4730.464741829913,56.52063526864134,316.835175793654
503,4682.61749442402,4.329020432049198e-06,316.83517146463356
504,4569.868824678015,-1.6723365475307975e-05,316.8351881879991
505,4457.536454215203,-2.1587355336447548e-05,316.83520977535443
506,4353.109002872358,-2.8028016984079433e-05,316.8352378033714
507,4263.964568833138,-3.6783845334534966e-05,316.83527458721665
508,4196.428579252038,-4.75002848705406e-05,316.8353220875016
509,4155.339199074089,-5.7402076028152067e-05,316.83537948957763
510,4143.714669365244,-6.09577283715953e-05,316.835440447306
511,3973.5001403838314,-0.000438164895249384,316.83587861220127
512,3943.6830980350223,-99.15293385821388,415.9888124704151
513,3943.720540025111,-177.5019538866353,593.4907663570505
514,3943.788418125839,-199.26209571815338,792.7528620752038
515,3943.707845113303,-162.24658578699436,954.9994478621982
516,3943.8094007853906,-68.95192484556831,1023.9513727077666
517,4018.4673366016555,-0.00026254104481922123,1023.9516352488114
518,4202.368872114367,-7.515547704571782e-05,1023.9517104042884
519,4413.670068776157,-4.7412938610179406e-05,1023.951757817227
520,4637.451753415355,-4.931149054628665e-05,1023.9518071287176
521,4815.903351450065,41.978871049257336,981.97293607946
522,4817.423598732491,241.98579627300495,739.9871398064552
523,4817.293812181237,226.0219231741598,513.9652166322954
524,4815.374920850952,182.38957273865395,331.5756438936415
525,4779.131399900395,146.86131755338366,184.71432634025783
526,4734.537605721289,98.50251498152834,86.2118113587295
527,4684.4025435943495,41.001530976753095,45.2102803819764
528,4610.033030160596,0.0010158526973282316,45.20926452927908
529,4496.054294918493,-5.418701918627372e-05,45.20931871629826
530,4390.853981765683,-9.745802789534895e-05,45.209416174326165
531,4301.777431714762,-0.00011052630368478563,45.209526700629844
532,4235.055809608492,-0.00013731700639325642,45.20966401763624
533,4195.373593579152,-0.00015413335300161338,45.20981815098924
534,4185.540195321088,-0.00013337431811301172,45.20995152530736
535,4075.7187195106662,-40.21880814524142,85.42875967054877
536,4075.7577969879476,-148.91590740325282,234.3446670738016
537,4075.806543988369,-209.63799024722783,443.9826573210294
538,4075.8572791174324,-219.0116673785258,662.9943246995551
539,4075.8371603635755,-176.93630031300782,839.9306250125632
540,4075.9315845525493,-86.81026903775131,926.7408940503143
541,4121.325072516883,-0.000441888077686869,926.741335938392
542,4286.775848515214,-9.07281487345815e-05,926.7414266665406
543,4474.718684727714,-5.531844821867925e-05,926.7414819849889
544,4672.9938257643735,-5.662455204187525e-05,926.7415386095411
545,4832.10279411514,36.61248863414942,890.1290499753915
546,4828.827578954727,220.15509780038278,669.9739521750088
547,4807.560373637303,208.90111287050397,461.07283930450484
548,4771.892647271639,180.91839719490105,280.15444210960385
549,4724.168341544719,137.44955354683196,142.70488856277183
550,4665.846812525663,82.49820641987577,60.20668214289607
551,4602.249446123669,17.724694423856388,42.48198771903969
552,4483.86053987962,-4.0143824164866505e-05,42.48202786286386
553,4349.933720104499,-0.0001282629201839872,42.48215612578404
554,4226.023564518826,-0.00012592408112663386,42.48228204986516
555,4120.026154968414,-0.00015060492406767187,42.482432654789235
556,4038.6900370786075,-0.00019541499836815763,42.4826280697876
557,3991.3234919905058,-4.161234006040147,46.64386207582775
558,3979.782629980584,-11.140655082463164,57.78451715829091
559,3777.0469269169907,-13.62906376655363,71.41358092484454
560,3670.937888112616,-69.09080634722164,140.5043872720662
561,3678.920402649238,-182.93410576739805,323.43849303946433
562,3674.690459779477,-220.38248773337267,543.820980772837
563,3701.315265642985,-220.38230269671033,764.2032834695473
564,3742.8887384647464,-167.7157584653043,931.9190419348515
565,3770.078850289849,-38.641598128798314,970.5606400636498
566,3939.5270499265707,-0.00016961599172914127,970.5608096796415
567,4185.3057470488575,-9.275053538349142e-05,970.5609024301771
568,4451.700953364476,-7.048432510192968e-06,970.5609094786097
569,4710.0206499039805,9.93633270157638,960.6245767770331
570,4730.464476352172,240.57343045919043,720.051146317843
571,4729.351945825207,229.05378294428877,490.997363373554
572,4725.920016919659,187.03898146312338,303.95838191043066
573,4692.005715235514,145.64499797330694,158.31338393712372
574,4646.715608281979,90.66989396881841,67.6434899683053
575,4593.522479025305,25.159881961513452,42.48360800679184
576,4110.27417273775,-0.00011276039731982896,42.48372076718916
577,3978.411728706024,-0.000467174983212492,42.484187942172376
578,3852.563101645021,-0.0005215104157790401,42.484709452588156
579,3740.6750662503932,-0.0008536174687324642,42.48556307005689
580,3649.686214814488,-0.0029715268672380886,42.488534596924126
581,3588.374418756736,-3.316325280467474,45.80485987739159
582,3558.3351594889027,-7.8945204448658295,53.699380322257426
583,3352.2003030417286,-16.04835300695805,69.74773332921548
584,3187.6752086862944,-17.917677055918805,87.66541038513427
585,3152.0969728890373,-90.92916409496144,178.5945744800957
586,3161.6805151209555,-145.38223488192682,323.97680936202255
587,3173.209493695953,-136.4091194592008,460.38592882122333
588,3186.0262591457354,-65.95668333288884,526.3426121541122
589,3259.521230704734,-0.007950513261101778,526.3505626673733
590,3445.0493279132907,-0.0008412996124129959,526.3514039669857
591,3663.7909663638593,-0.0004816799430652602,526.3518856469288
592,3900.888485440781,-0.0003568495029375703,526.3522424964317
593,4140.458661656072,-0.0002995986724578905,526.3525420951041
594,4332.429404519838,34.141351875212635,492.21119021989153
595,4334.215283240614,22.899889126933644,469.311301092958
596,4319.040324299782,-0.00030437737520764077,469.3116054703331
597,4255.1143113959415,-0.00046390693768585056,469.3120693772708
598,4169.930134866997,-9.823141759361065e-05,469.3121676086884
599,4069.581895552974,-0.00012751257413092301,469.31229512126254
600,3960.3028903526756,-0.00017136444302939664,469.3124664857055
601,3851.690579137635,-0.0002592992740688006,469.31272578497953
602,3750.578723536296,-0.0005017337314103203,469.3132275187111
603,3664.2218262786114,-0.0025333836030531957,469.3157609023141
604,3604.0507966732175,-5.202386573295892,474.51814747561
605,3568.622626918506,-9.375444294451347,483.8935917700614
606,3558.1045370734532,-9.695183750013452,493.5887755200748
607,3360.203446140847,-5.926251574675053,499.5150270947499
608,3221.392908203918,-17.169934102947572,516.6849611976975
609,3233.3919278965905,-124.22395433913223,640.9089155368298
610,3248.5660288947515,-172.51730927754883,813.4262248143785
611,3266.208219812832,-158.9595758150205,972.3858006293991
612,3284.6591286080447,-84.27943809940804,1056.6652387288073
613,3348.4413668711272,-0.0005813417177060329,1056.665820070525
614,3540.347107357958,-6.695247960814864e-05,1056.6658870230044
615,3761.7897929625447,-5.8698578672862117e-05,1056.6659457215833
616,3996.356543457882,-5.3686918537188944e-05,1056.6659994085016
617,4226.816748169748,-5.099440787040299e-05,1056.6660504029096
618,4436.461896135475,4.564943938730103e-05,1056.6660047534701
619,4417.139658084562,3.651770823322152e-06,1056.6660011016995
620,4368.493422756961,-5.316880736864622e-05,1056.6660542705067
621,4293.797029826394,-5.794933833114512e-05,1056.666112219845
622,4198.125466447524,-6.450875009946138e-05,1056.666176728595
623,4088.012446750963,-7.364490690932397e-05,1056.6662503735022
624,4348.1016066121165,-4.573418917386627e-05,1056.666296107691
625,4232.2564378855905,-4.983776315662592e-05,1056.6663459454544
626,4125.575846748561,-5.362029242385605e-05,1056.666399565747
627,4035.470524677771,-5.632819717907687e-05,1056.666455893944
628,3968.24938582219,-5.721866945839338e-05,1056.6665131126135
629,3928.68611090785,-5.594934333159309e-05,1056.6665690619568
630,3919.689762077651,-5.280429601528113e-05,1056.6666218662529
631,3775.809831166835,-4.9311048276675574e-05,1056.6666711773012
632,3675.33741278838,-4.568286670296004e-05,1056.666716860168
633,3624.322286784413,-4.241185620042234e-05,1056.6667592720241
634,3625.5128892947287,6.143586982568317e-07,1056.6667586576655
635,3678.3287354906797,-7.2341075843698e-07,1056.6667593810762
636,3779.0225905177854,-5.622993555138805e-07,1056.6667599433754
637,3921.0037492143247,9.971847214647656e-07,1056.6667589461906
638,4095.289704786035,4.394795860063638e-06,1056.666754551395
639,4291.055214656862,1.1756417988505159e-05,1056.666742794977
640,4496.250657459852,3.656284737605448e-05,1056.6667062321294
641,4698.263977847542,0.0012733002437424934,1056.6654329318858
642,4738.7926137107415,145.8201928428714,910.8452400890145
643,4729.088749470279,140.20980575673042,770.6354343322839
644,4706.498525226738,117.34266033136872,653.2927740009153
645,4672.653835316603,78.9523728339352,574.3404011669801
646,4629.958326722476,27.842453402629282,546.4979477643508
647,4549.121479298557,3.868372231505134e-05,546.4979090806285
648,4432.122417779231,7.741494860422668e-06,546.4979013391336
649,4317.3990141111,-3.712053965397822e-06,546.4979050511876
650,4211.961162164426,-5.8204291567187746e-05,546.4979632554791
651,4123.383490789798,-6.604602582218323e-05,546.498029301505
652,4058.108874446714,-7.331792210355865e-05,546.4981026194271
653,4021.004833275751,-7.81513252230091e-05,546.4981807707524
654,4015.026270217892,-7.863192891634894e-05,546.4982594026812
655,3836.481437510615,-0.00014766826146293217,546.4984070709427
656,3740.225697742369,-41.212480945160735,587.7108880161035
657,3740.1972475502603,-126.86207507701572,714.572963093119
658,3740.1220292484513,-153.41845468233316,867.9914177754522
659,3740.0558478418284,-117.78779902139792,985.7792167968503
660,3739.9602395622987,-21.23897089932933,1007.0181876961796
661,3870.290385855829,-8.694025317158388e-05,1007.0182746364329
662,4067.081489545185,-2.726692165287207e-05,1007.0183019033543
663,4295.758576372857,-6.136228346766495e-06,1007.0183080395827
664,4540.503735798983,2.1936736155290936e-05,1007.0182861028466
665,4750.253135337763,33.930580527484,973.0877055753626
666,4786.999994488285,222.625100548,750.4626050273628
667,4786.999994487885,202.0424511128646,548.4201539144981
668,4786.936494288171,149.28105648400773,399.1390974304903
669,4755.640792996269,98.87716361152893,300.26193381896144
670,4707.134352964816,42.10083329440673,258.1611005245547
671,4627.234308577489,4.879052126043685e-05,258.16105173403344
672,4495.197732323125,1.3120596676767812e-05,258.16103861343674
673,4364.2941769184945,-1.0492668087997915e-06,258.16103966270356
674,4241.807073735682,-1.0609195072285481e-05,258.16105027189866
675,4135.763533299887,-1.977894506798303e-05,258.1610700508437
676,4053.1000766700527,-7.290647482919004e-05,258.16114295731853
677,3999.201822020087,-8.186129826513806e-05,258.1612248186168
678,3977.5465176234243,-8.67808291804332e-05,258.161311599446
679,3781.8752517524167,-0.0001727328171673299,258.1614843322631
680,3683.526245908068,-51.11079693399499,309.2722812662581
681,3691.9608725305684,-153.05210395295956,462.32438521921773
682,3706.2845387844623,-198.75984491965244,661.0842301388701
683,3725.3850872079443,-184.86569636604577,845.9499265049159
684,3736.5152208432846,-100.39392498770002,946.3438514926161
685,3788.643728883433,-0.0003926731989052906,946.3442441658146
686,3988.8121024621155,-6.900197875898216e-05,946.3443131677935
687,4224.297260717546,-3.377413531476996e-05,946.344346941929
688,4480.4192120536245,-2.030475460102218e-05,946.3443672466834
689,4741.002231903934,0.0011233408847876748,946.3432439057985
690,4779.5614178406795,209.78351623427375,736.5597276715249
691,4780.969325299215,205.7157638525123,530.8439638190124
692,4768.110249312959,184.3548582338321,346.4891055851804
693,4741.991827538045,147.386618653626,199.10248693155444
694,4705.078040687477,96.94889322159592,102.1535937099585
695,4659.25240977829,37.34229152256399,64.8113021873945
696,4578.993783929139,3.007062834377457e-05,64.81127211676615
697,4460.046485833545,-4.342510370295146e-05,64.81131554186985
698,4346.401188777939,-3.635087650447401e-05,64.81135189274636
699,4245.670647824935,-8.629575143696109e-05,64.81143818849779
700,4164.4909910318,-8.882230960983454e-05,64.8115270108074
701,4108.073729059232,-9.05824683893517e-05,64.81161759327578
702,4079.857152595403,-9.019707895431627e-05,64.81170779035475
703,3844.2865147270154,-0.00016875579195867798,64.81187654614669
704,3702.054723779653,-47.387103094123084,112.19897964026977
705,3702.001380288784,-177.91493740507553,290.11391704534526
706,3681.684751368359,-220.38261041219587,510.49652745754116
707,3690.4329436655944,-220.38255560901626,730.8790830665574
708,3722.225264682031,-173.48267422500007,904.3617572915575
709,3732.5755062828453,-41.982038235219484,946.3437955267771
710,3884.1696231318524,-0.0001739607008348766,946.3439694874777
711,4114.312151564279,-9.775220206006702e-05,946.3440672396797
712,4363.356104424826,-9.083815383478931e-05,946.3441580778338
713,4612.528993485966,0.006333770620323879,946.3378243072133
714,4623.080039374111,220.37450834933873,725.9633159578747
715,4614.033146080344,211.55658536325913,514.4067305946155
716,4594.321963867678,185.58754868168774,328.8191819129277
717,4565.051555114696,144.38023543882406,184.43894647410366
718,4528.288356093665,90.66139444999347,93.77755202411021
719,4485.734585620002,28.965404309949573,64.81214771416063
720,4402.385577140561,-5.5268454699607495e-05,64.81220298261532
721,4292.849656442793,-0.00016208415002412003,64.81236506676535
722,4192.26937429663,-0.0001549870624490261,64.8125200538278
723,4107.79474935193,-0.00016999483146483185,64.81269004865926
724,4045.503083395604,-0.00018591562766690325,64.81287596428693
725,4009.9711282946478,-0.00018914995299376924,64.81306511423992
726,4003.949548907671,-0.0001733127827563478,64.81323842702267
727,3852.0883941411043,-5.806213597028608,70.61945202405128
728,3860.188716485107,-127.4718520619772,198.09130408602846
729,3874.541632693729,-204.37384013995145,402.4651442259799
730,3882.4236340111943,-220.38176829298746,622.8469125189673
731,3909.2613155299805,-201.10587214937365,823.9527846683409
732,3927.243509151961,-122.38163625865437,946.3344209269954
733,3945.3760101593807,-0.010680697669934801,946.3451016246652
734,4120.192025487549,-0.00010281541241957656,946.345204440078
735,4317.787613247549,-4.479608543208821e-05,946.3452492361631
736,4525.211934286292,-2.7753276870079957e-05,946.3452769894401
737,4694.956161579897,33.94171194881536,912.4035650406248
738,4695.072971724038,220.37310264238207,692.0304623982429
739,4679.9966939080405,210.67944327175178,481.351019126491
740,4652.889716385566,182.6628222008057,298.68819692568536
741,4615.257625776604,138.28913327232016,160.39906365336523
742,4568.424721437646,81.53503403880929,78.86402961455593
743,4517.518711253006,14.050999996825583,64.81302961773035
744,4030.867778651293,-4.503774083768776,69.31680370149913
745,3912.7855270059163,-10.513140127917833,79.82994382941696
746,3801.6770741555765,-13.956239417792931,93.78618324720989
747,3705.0101195745656,-14.677917471994732,108.46410071920464
748,3636.650960468434,-20.055571422635563,128.5196721418402
749,3590.597228953709,-19.17250481579712,147.6921769576373
750,3569.4747589620983,-11.649648574331815,159.3418255319691
751,3380.5083837768652,-0.0022242619327870194,159.3440497939019
752,3247.036118044323,-0.0012182870756157686,159.34526808097752
753,3246.6039880751687,-79.49724743902313,238.84251552000063
754,3276.4248207417504,-129.72211768575468,368.56463320575523
755,3308.9576710046263,-121.36696677388407,489.9315999796394
756,3342.4720870790907,-55.32489540594257,545.256495385582
757,3438.520350251406,-0.0002219400839922084,545.2567173256659
758,3631.1237069735366,3.739661439860057e-06,545.2567135860045
759,3851.4254211115285,5.605899044697997e-06,545.2567079801055
760,4083.9596297547546,8.655253598715899e-06,545.2566993248518
761,4312.482218420517,1.4560154930370407e-05,545.256684764697
762,4521.169628921551,2.8732610633965025e-05,545.2566560320862
763,4505.130900130614,2.7864376461518967e-05,545.2566281677098
764,4458.084452707539,2.3256771299271212e-05,545.2566049109384
765,4383.334976954251,1.7828928432761362e-05,545.2565870820101
766,4286.0761331421045,1.3505714776242242e-05,545.2565735762953
767,4173.039557924206,-3.459910030332505e-05,545.2566081753955
768,4050.252483437541,-3.989146480065731e-05,545.2566480668604
769,3929.6553608963027,-4.684033060286364e-05,545.2566949071909
770,3817.814727041678,-5.5681424520985853e-05,545.2567505886154
771,3722.5032610427616,-6.602067319591592e-05,545.2568166092886
772,3650.385463520491,-7.615947916929521e-05,545.2568927687678
773,3606.5646314092055,-8.275650529224615e-05,545.2569755252731
774,3594.2351709518407,-8.251070452877056e-05,545.2570580359777
775,3424.5191889505168,-0.00015964947148608587,545.2572176854492
776,3297.9728310998835,-1.376729194233486,546.6339468796826
777,3318.583949850648,-99.58603110928959,646.2199779889721
778,3346.043399453929,-148.84029291264065,795.0602709016129
779,3377.5907048688364,-144.26698046439344,939.3272513660063
780,3388.9673661779875,-63.0063043971888,1002.333555763195
781,3470.236691369234,-0.00015092313964345077,1002.3337066863347
782,3658.001027296863,3.979740160493973e-06,1002.3337027065949
783,3878.2225134147334,5.945855704092647e-06,1002.3336967607389
784,4117.546980416433,9.373548808946933e-06,1002.3336873871901
785,4361.019609641599,1.7014416196639598e-05,1002.3336703727739
786,4592.943014989241,5.096955486499881e-05,1002.3336194032189
787,4578.742802450638,4.574463467369936e-05,1002.3335736585844
788,4532.354772136784,3.401332158702444e-05,1002.3335396452627
789,4456.858167622643,2.3820069483418638e-05,1002.3335158251932
790,4357.260666710597,1.6860653844816463e-05,1002.3334989645393
791,4240.1597077678225,1.231726565933904e-05,1002.3334866472738
792,4489.539055333741,2.747041263275494e-05,1002.3334591768611
793,4361.281142727826,1.707955213117136e-05,1002.333442097309
794,4240.054933490764,1.231539753144591e-05,1002.3334297819115
795,4133.784863344305,9.702691460588968e-06,1002.3334200792199
796,4049.363354728707,8.180031955941485e-06,1002.3334118991879
797,3992.1929286423983,7.330153842688974e-06,1002.3334045690344
798,3965.8302946965773,6.975322078048289e-06,1002.3333975937121
799,3730.6692182380093,4.556768499683993e-06,1002.3333930369436
800,3543.5422086068033,3.1911792978527096e-06,1002.3333898457646
801,3416.9680781707552,-0.0003814371561434958,1002.3337712829207
802,3384.701420112533,-25.307876972262388,1027.641648255183
803,3387.8644850269357,-13.235207831684862,1040.876856086868
804,3461.5926221630866,-0.0003171896761526483,1040.877173276544
805,3614.3851980526442,3.0349305098732545e-06,1040.8771702416134
806,3826.416804193434,4.12568494395435e-06,1040.8771661159287
807,4080.3307605180976,6.648246162848888e-06,1040.8771594676823
808,4356.3384060079625,1.3802525251235141e-05,1040.8771456651573
809,4634.81972109486,7.415801120400374e-05,1040.877071507146
810,4784.41763063826,111.86014592050329,929.0169255866429
811,4786.03198877073,107.18444139140642,821.8324841952364
812,4783.754595008461,76.67702941749903,745.1554547777372
813,4777.718348707838,22.877792926125245,722.277661851612
814,4718.223644588978,0.0001776856030318088,722.277484166009
815,4619.346180511012,5.531534354407067e-05,722.2774288506654
816,4509.059264999386,1.7572348317908005e-05,722.2774112783171
817,4399.130346049674,4.5788629835066184e-06,722.2774066994541
818,4295.298123790823,-3.1953849805187747e-06,722.2774098948391
819,4204.838936329809,-9.157191205735161e-06,722.2774190520303
820,4134.034464632678,-1.4066873439943902e-05,722.2774331189037
821,4087.7365812873986,-1.7661221045209157e-05,722.2774507801247
822,4069.0324426075963,-1.9251961370687755e-05,722.2774700320862
823,3872.401064918545,-4.8301956434734516e-05,722.2775183340425
824,3719.3543555176907,-0.0001751587836466306,722.2776934928262
825,3649.870605231654,-30.670908041130588,752.9486015339569
826,3649.841381575243,-72.2170907333364,825.1656922672931
827,3649.746751876483,-53.32679573865843,878.4924880059517
828,3673.4414186270924,-0.0005074429065411889,878.4929954488582
829,3802.785585053662,-7.375987760462361e-05,878.4930692087357
830,3975.1896168349845,-2.892730466195087e-05,878.4930981360404
831,4178.610883236779,-1.0757594980330943e-05,878.4931088936354
832,4398.9772472577,4.547461102940448e-06,878.4931043461742
833,4621.0644153377125,5.53470127322988e-05,878.4930489991615
834,4741.675402854635,87.78533559432685,790.7077134048347
835,4725.3441867472575,77.08777535471143,713.6199380501233
836,4698.049387391498,49.25819343282152,664.3617446173017
837,4661.2817451625215,6.171286755959212,658.1904578613426
838,4568.002000743052,4.034544514358197e-05,658.1904175158974
839,4455.511900166587,9.984882222030724e-06,658.1904075310151
840,4335.372899472656,-5.001288619213627e-07,658.190408031144
841,4219.878123496372,-8.118973444856792e-06,658.1904161501174
842,4114.798505858882,-1.5357093481831324e-05,658.1904315072107
843,4027.421196791208,-2.296864167451482e-05,658.1904544758526
844,3963.8982635917346,-3.0382390945875256e-05,658.1904848582434
845,3928.8167178062617,-3.567514998909257e-05,658.1905205333933
846,3924.873510377216,-3.63067941402845e-05,658.1905568401877
847,3746.066613695557,-0.00011840501840419794,658.1906752452061
848,3644.6580103107785,-30.534635504417263,688.7253107496233
849,3644.550816166155,-105.87903869660377,794.6043494462272
850,3644.5118305116252,-119.37267669393262,913.9770261401598
851,3644.5255647530553,-70.1893331425387,984.1663592826985
852,3682.4111140414248,-0.00036707720720131036,984.1667263599057
853,3841.1744515021987,-5.891285364178195e-05,984.1667852727591
854,4038.7723703110364,-2.266260035710197e-05,984.1668079353597
855,4260.633823059854,-5.9437825321124685e-06,984.1668138791422
856,4490.617864240676,1.4118417257427785e-05,984.1667997607249
857,4712.253464276095,0.00017156432769820844,984.1666281963974
858,4746.337524781256,163.63120599798694,820.5354221984102
859,4729.7645942481495,157.85693601964644,662.6784861787638
860,4699.584157528465,133.96562868660388,528.71285749216
861,4657.479885911297,93.7512126070975,434.96164488506247
862,4605.934366603753,40.09397366259164,394.86767122247085
863,4524.833766820879,2.899260644988686e-05,394.8676422298644
864,4393.345202590571,-5.0887845237267285e-05,394.8676931177096
865,4264.592025131349,-6.1137503204937e-05,394.86775425521284
866,4144.779258657358,-7.444125145085936e-05,394.86782869646424
867,4041.7785730283817,-9.108713042999499e-05,394.86791978359474
868,3962.336493470354,-0.00010955321021493929,394.86802933680497
869,3911.622700120795,-0.0001252056932226373,394.86815454249813
870,3892.8844338176996,-0.0001312218756922336,394.8682857643738
871,3732.5568504645184,-0.00016399697505631078,394.86844976134887
872,3613.714910598908,-0.00044895542563466793,394.86889871677454
873,3597.218587069568,-53.43832284640324,448.30722156317773
874,3620.254340590489,-92.94613945864064,541.2533610218184
875,3647.095672083388,-81.35030508058735,622.6036661024057
876,3675.9459437775836,-18.611830985617104,641.2154970880229
877,3797.15987448279,-9.9277867617891e-05,641.2155963658904
878,3977.34910113893,-3.261928352873747e-05,641.2156289851739
879,4187.423460430865,-1.1656022968878298e-05,641.215640641197
880,4414.807890435714,5.070039518477944e-06,641.2156355711572
881,4645.4881639736595,6.121952097439913e-05,641.2155743516363
882,4710.370318162845,154.42894972959115,486.7866246220452
883,4706.781722063654,146.88031991958923,339.90630470245605
884,4689.083138774263,122.25574755911005,217.650557143346
885,4658.583553381082,82.3441805798704,135.30637656347562
886,4617.442283887257,29.995471055517577,105.31090550795804
887,4537.446762691831,3.1715377510121894e-05,105.31087379258054
888,4416.270412187291,5.205128467473057e-06,105.31086858745206
889,4296.968201114603,-5.355789621654262e-05,105.31092214534827
890,4185.484797232951,-6.26623526905333e-05,105.31098480770098
891,4089.615089282737,-7.356324782444925e-05,105.31105837094879
892,4016.0930310642057,-8.533249852423353e-05,105.31114370344731
893,3970.135761667665,-9.577177286862194e-05,105.31123947522016
894,3955.0909738505334,-0.00010168554239899016,105.31134116076257
895,3739.815863109077,-0.00015009631171147869,105.31149125707431
896,3591.8365975232114,-21.467483825512268,126.77897508258656
897,3604.4429002647253,-145.0257898282264,271.804764910813
898,3622.412207202926,-206.9092803608283,478.7140452716413
899,3645.2257602850923,-202.86674095253034,681.5807862241717
900,3671.2596307570907,-132.66481864681407,814.2456048709856
901,3697.7879772584806,-0.0005529452818402918,814.2461578162676
902,3908.9664795916374,-4.479001968655044e-05,814.2462026062873
903,4157.449023120537,-1.3594809621683505e-05,814.2462162010968
904,4425.951662475665,6.2865647788117515e-06,814.2462099145322
905,4695.882900297106,0.00011735455980436468,814.2460925599723
906,4747.950349330988,200.75893686427082,613.4871556957014
907,4751.956638075079,188.53548919148216,424.95166650421936
908,4742.749258725184,158.26752247339724,266.68414403082204
909,4721.335424945397,111.83771300875554,154.84643102206655
910,4689.53255150631,52.210064080653616,102.63636694141292
911,4633.06815731832,5.173291239368693e-05,102.63631520850053
912,4133.971080656382,4.367029439099085e-06,102.63631084147109
913,4013.833984971473,3.942289005688244e-06,102.63630689918209
914,3900.160422764894,3.5099965944563555e-06,102.6363033891855
915,3800.6151650754064,-3.8110528183179816e-05,102.63634149971367
916,3721.8575353328492,-4.010252505822356e-05,102.63638160223871
917,3669.0938333017994,-4.171741916116211e-05,102.6364233196579
918,3645.7299157880266,-4.25270004109257e-05,102.63646584665831
919,3430.6183740601205,-0.0001760644327677971,102.63664191109106
920,3275.9969675432703,-16.51756902123192,119.154210932323
921,3285.1148443718407,-141.66521137442405,260.819422306747
922,3297.887612758691,-207.7193765562504,468.5387988629974
923,3301.9291755759423,-198.63231318481206,667.1711120478094
924,3304.3210743130567,-122.05839998293197,789.2295120307414
925,3322.245479475959,-0.0006778869210721952,789.2301899176625
926,3514.414129390942,-5.876379115321574e-05,789.2302486814535
927,3746.4250253866176,4.812163404346743e-06,789.2302438692901
928,4003.1454440121715,7.618633964022193e-06,789.2302362506563
929,4267.593033133336,1.332654080148318e-05,789.2302229241155
930,4522.032103281711,3.252017117980861e-05,789.2301904039443
931,4513.595132910594,3.1146684572401576e-05,789.2301592572597
932,4476.622363148187,2.6175829894659892e-05,789.2301330814297
933,4413.999547418462,2.050484006595872e-05,789.2301125765896
934,4330.400637652726,1.5770810827594932e-05,789.2300968057789
935,4231.957468004638,1.2238309968162537e-05,789.230084567469
936,4123.212381656658,9.639210106805611e-06,789.2300749282588
937,4017.080530014414,7.828888717136004e-06,789.2300670993701
938,3918.61402875062,6.536747175069095e-06,789.2300605626231
939,3834.928642848384,5.635421622610987e-06,789.2300549272013
940,3772.087588781642,5.046868248496239e-06,789.2300498803331
941,3734.6741128513395,4.726305767130907e-06,789.2300451540274
942,3725.4663052486726,4.652048414279851e-06,789.2300405019789
943,3514.4390257567275,-5.7507968860561e-05,789.2300980099478
944,3351.183140910289,-0.00022508503394369486,789.2303230949818
945,3294.4668356877037,-47.49175894989029,836.7220820448722
946,3295.6134483694823,-87.16116867252268,923.8832507173947
947,3297.4311963672126,-60.28301163231039,984.1662623497051
948,3329.4527975068477,-0.0004890502181930042,984.1667513999232
949,3476.9879783204283,-7.463638059989732e-05,984.1668260363039
950,3667.3672783226575,4.192530381930073e-06,984.1668218437736
951,3885.2497636877515,6.175011043087144e-06,984.1668156687624
952,4113.602618834893,9.496708875147882e-06,984.1668061720534
953,4335.051063761633,1.6121754475998743e-05,984.1667900502993
954,4533.200941514486,3.532441323273018e-05,984.166754725886
955,4498.954689005327,2.9392161299579893e-05,984.1667253337247
956,4435.037015750183,2.2296497863253155e-05,984.1667030372267
957,4345.070507179329,1.64805468239253e-05,984.1666865566798
958,4234.4881478429115,1.2273574615490483e-05,984.1666742831053
959,4110.177192591174,9.31066866694846e-06,984.1666649724366
960,4355.438813751117,1.695560918857509e-05,984.1666480168273
961,4227.793448748445,1.2047321056543374e-05,984.1666359695064
962,4110.919512270327,9.294187933829551e-06,984.1666266753184
963,4012.4275611211865,7.63139700539865e-06,984.1666190439215
964,3938.7598391341744,6.6341506659335565e-06,984.1666124097708
965,3894.7497094334885,6.110181307654412e-06,984.1666062995893
966,3883.2878078450417,5.977935393568773e-06,984.1666003216537
967,3727.407933631349,4.494174892241383e-06,984.166595827479
968,3614.4999744126885,3.624243072940302e-06,984.166592203236
969,3551.636649337655,3.189971643537095e-06,984.1665890132643
970,3542.8509289283015,3.1267798497463312e-06,984.1665858864847
971,3588.9204281625707,3.432344851010189e-06,984.16658245414
972,3687.30880643775,4.1556053655948614e-06,984.1665782985343
973,3832.26845065357,5.439963003352027e-06,984.1665728585715
974,4015.1073720842905,7.663351323475392e-06,984.16656519522
975,4224.620139859055,1.1972403609139769e-05,984.1665532228164
976,4447.676494171087,2.3543939687078785e-05,984.1665296788766
977,4669.952373894964,0.00016644126940755855,984.1663632376074
978,4725.923172627226,150.85404537773914,833.3123178598682
979,4725.763479019976,131.3283668945313,701.9839509653369
980,4700.1674000695275,104.53896142288082,597.4449895424561
981,4658.84448976381,64.04511126605793,533.3998782763981
982,4606.57754551164,10.267045522278474,523.1328327541196
983,4493.358321364519,2.8354710162032e-05,523.1328043994095
984,4357.499106694313,1.6898203001747424e-05,523.1327875012065
985,4223.472313004114,1.1734669551658779e-05,523.132775766537
986,4096.969964034749,8.84594807111509e-06,523.1327669205889
987,3985.9868331043867,-4.233764400796794e-05,523.1328092582329
988,3897.4404135543164,-5.10543645184051e-05,523.1328603125975
989,3836.711838027199,-6.075309285019605e-05,523.1329210656903
990,3807.290859216016,-6.958634708597093e-05,523.1329906520374
991,3597.864133147666,-7.49565379699305e-05,523.1330656085753
992,3434.7847383101544,-0.0005912592348729293,523.1336568678103
993,3418.351879669924,-89.30299613867003,612.4366530064802
994,3432.467646247978,-144.86218657874406,757.2988395852244
995,3451.2468131174714,-138.402635185868,895.7014747710924
996,3472.8636822447484,-70.41856431791936,966.1200390890118
997,3549.5854920935963,-3.922170596996491e-05,966.1200783107179
998,3743.4835223626237,4.518839513441855e-06,966.1200737918782
999,3970.2276124678765,6.918952614280732e-06,966.1200668729256
1000,4213.815059297488,1.1492620866662374e-05,966.1200553803046
1001,4457.313577264569,2.396359308361718e-05,966.1200314167116
1002,4568.717040026626,115.334427104041,850.7856043126707
1003,4564.601249231988,106.85102159317877,743.9345827194919
1004,4547.051232775587,81.42100102384931,662.5135816956425
1005,4517.147120672719,40.87227852911276,621.6413031665298
1006,4464.893788165774,2.438486351312547e-05,621.6412787816663
1007,4355.454961213557,1.6660896837728078e-05,621.6412621207694
1008,4234.223056618241,-4.149793089988475e-05,621.6413036187002
1009,4115.208150449177,-5.0184929833891774e-05,621.6413538036301
1010,4003.5919804936275,-6.34339170811483e-05,621.6414172375472
1011,3907.0142466509856,-8.453163883467447e-05,621.641501769186
1012,3832.090718303642,-0.00012008930728909759,621.6416218584933
1013,3783.9629025013596,-0.00018394868443021893,621.6418058071778
1014,3765.949132530991,-0.00030298035108043887,621.642108787529
1015,3559.963186235571,-0.0004972362190452148,621.6426060237478
1016,3395.011035903714,-0.0006234064289502818,621.6432294301768
1017,3339.577148359001,-57.12265482644296,678.7658842566198
1018,3348.123803848387,-117.55129334819385,796.3171776048135
1019,3360.722030152128,-116.75840585524293,913.0755834600565
1020,3376.334133184884,-53.19042219027206,966.2660056503287
1021,3464.3680797139587,-0.00010337010970567442,966.2661090204384
1022,3659.7121223863187,-8.304097960777823e-05,966.2661920614179
1023,3897.430225303861,-7.059909667278896e-05,966.2662626605146
1024,4162.591857869722,-6.313916765977902e-05,966.2663257996822
1025,4437.97679426273,-5.939592458433309e-05,966.266385195607
1026,4543.56584233937,161.61949612478426,804.6468890708226
1027,4542.343420789122,154.28307899711538,650.3638100737073
1028,4529.32885708262,128.84220964789708,521.5216004258102
1029,4505.58445448039,87.14306174421775,434.3785386815924
1030,4472.927267872328,32.11692633413641,402.261612347456
1031,4401.379996913387,-6.388833018522479e-05,402.2616762357862
1032,4285.997997437749,-9.30000500592656e-05,402.2617692358362
1033,4172.956071303924,-0.0001122410804806602,402.2618814769168
1034,4067.119691435677,-0.0001391905127731023,402.2620206674294
1035,3975.9128797364715,-0.0001753997434952361,402.26219606717297
1036,3905.7360153075415,-0.00021823997218016104,402.26241430714515
1037,3861.528658295715,-0.0002544080416829186,402.2626687151869
1038,3846.4335379929053,-0.0002620008164697124,402.2629307160033
1039,3610.203403862095,-0.00026764265429084065,402.26319835865763
1040,3424.2729992944855,-0.0009384640880974105,402.2641368227457
1041,3417.6253739227213,-115.94724548401516,518.2113823067608
1042,3431.3657255971298,-180.7473514771856,698.9587337839465
1043,3446.930649512539,-173.0438014379708,872.0025352219172
1044,3463.021223105213,-94.26533751936674,966.267872741284
1045,3527.3004751010512,-0.0004539021824827951,966.2683266434665
1046,3737.1226688094293,-0.00011568591748671115,966.268442329384
1047,3982.4103824408726,-7.854412035154787e-05,966.2685208735045
1048,4245.216721775824,-6.431096646425274e-05,966.268585184471
1049,4506.858132978954,-5.462552145808573e-05,966.2686398099924
1050,4574.950656722718,174.35575908659646,791.912880723396
1051,4568.689986846791,169.72002853399718,622.1928521893988
1052,4551.435833875508,147.83795126735012,474.3549009220486
1053,4524.637690778786,110.45500773687426,363.89989318517434
1054,4490.456961904814,60.38269124944902,303.51720193572527
1055,4451.619603066843,1.3033716985940114,302.2138302371313
1056,4345.557657588391,-8.991069134142512e-05,302.21392014782265
1057,4242.996922758091,-0.00011259811273901976,302.21403274593536
1058,4149.868289130977,-0.00013074029651025543,302.2141634862318
1059,4073.373212902751,-0.0001454215399678113,302.21430890777185
1060,4019.5964786507084,-0.0001510838580811878,302.21445999162995
1061,3993.0768413765463,-0.00014532122626933718,302.2146053128561
1062,3996.482389755365,-0.00013065622364199502,302.2147359690798
1063,3829.261124602575,-0.000204034928823554,302.21494000400867
1064,3756.829742375341,-52.2594497418882,354.4743897458968
1065,3782.796258191472,-151.67438398252,506.1487737284168
1066,3811.2300080324294,-196.9322576772112,703.0810314056279
1067,3819.946998191847,-164.13606265219727,867.2170940578253
1068,3819.8568531341384,-66.28894592992062,933.506039987746
1069,3901.7478020887593,-0.00014106350507049059,933.5061810512507
1070,4091.1041932482935,-3.433931810003716e-05,933.5062153905691
1071,4309.488870573608,-7.926216285315966e-06,933.5062233167853
1072,4542.577147738616,2.5318587728920935e-05,933.5061979981976
1073,4763.04897296031,11.71869965039625,921.7874983478014
1074,4769.791115259772,220.41582738167597,701.3716709661255
1075,4752.511942478581,212.52059457996668,488.85107638615875
1076,4726.05649772044,182.19895033236128,306.6521260537974
1077,4687.479501185685,136.0296664129701,170.6224596408273
1078,4639.316075280178,76.98983302437077,93.63262661645652
1079,4584.745514553101,8.931575133746724,84.7010514827098
1080,4082.264275141477,-5.7848892274621626e-05,84.70110933160207
1081,3953.567830314305,-6.750838692100296e-05,84.70117683998899
1082,3834.6984118049772,-8.437325737410067e-05,84.70126121324635
1083,3733.5909716562605,-0.00010880907604907049,84.7013700223224
1084,3657.028775642728,-0.00013812334912798334,84.70150814567154
1085,3610.1895253355806,-0.00015972126932215357,84.70166786694085
1086,3596.298166950605,-0.00015627261818467532,84.70182413955904
1087,3412.34466501696,-0.00013017041752233198,84.70195430997656
1088,3278.104037692108,-0.001027221970334148,84.70298153194689
1089,3274.21428664789,-71.31871070861902,156.0216922405659
1090,3302.532483685591,-110.78792300893946,266.8096152495054
1091,3335.2136129180303,-90.14784824691199,356.95746349641735
1092,3365.365142463475,-6.643954017189702,363.60141751360703
1093,3524.414711806183,-7.738112088688733e-05,363.601494894728
1094,3730.3845972806375,5.140481359833399e-06,363.6014897542466
1095,3962.325482373932,8.001095730058055e-06,363.6014817531509
1096,4204.453224537503,1.3842627024813174e-05,363.60146791052387
1097,4440.625494676097,3.3335604197751345e-05,363.6014345749196
1098,4618.39673580582,37.03310157743067,326.568332997489
1099,4617.837574723892,30.0635278185602,296.5048051789288
1100,4602.322084660468,5.295876612122372,291.20892856680643
1101,4537.517684072538,8.659406164333951e-05,291.2088419727448
1102,4442.482173008686,3.8275129005952224e-05,291.2088036976158
1103,4328.999152135222,2.2547014634538874e-05,291.2087811506011
1104,4201.309998118967,1.5039765326900208e-05,291.20876611083577
1105,4074.5192576611157,1.1020701372526422e-05,291.20875509013445
1106,3953.5856978675347,8.559022378000652e-06,291.208746531112
1107,3846.388312396905,-4.242154343669037e-05,291.2087889526555
1108,3759.78868804855,-5.006379807586076e-05,291.2088390164535
1109,3699.1729133122503,-5.8633783410589824e-05,291.20889765023696
1110,3668.0951225309673,-6.68530385883295e-05,291.2089645032755
1111,3464.4954764138656,-7.285185073375422e-05,291.2090373551262
1112,3299.275203105743,-0.0005485600529739211,291.2095859151792
1113,3277.7705751880944,-94.6036672819145,385.81325319709373
1114,3288.258502775157,-164.11531075773976,549.9285639548335
1115,3302.958343918927,-176.135753563278,726.0643175181116
1116,3321.099881164945,-129.060384720449,855.1247022385605
1117,3341.7697560732536,-25.157068658251475,880.2817708968121
1118,3493.356092594279,-0.00012647113590591054,880.2818973679479
1119,3711.358187066099,6.094717776778047e-06,880.2818912732303
1120,3956.542506781096,1.0205410350514153e-05,880.2818810678198
1121,4212.491792978082,2.1494842243379625e-05,880.2818595729777
1122,4461.501511365,0.0002525786422022864,880.2816069943354
1123,4443.595481300785,0.00018521641100347535,880.2814217779244
1124,4396.202497097029,8.968369367938236e-05,880.2813320942308
1125,4322.199687212613,4.764712382816528e-05,880.2812844471069
1126,4226.307293182128,2.8938591367407662e-05,880.2812555085155
1127,4114.760718292061,1.9432074789237736e-05,880.2812360764408
1128,4369.510413453234,0.0002007350338682638,880.2810353414069
1129,4249.190927920537,5.558998348285095e-05,880.2809797514233
1130,4136.364138000408,3.8106960980453894e-05,880.2809416444624
1131,4038.4480465016227,-4.0384510890082516e-05,880.2809820289733
1132,3961.836716222165,-4.534273469164174e-05,880.2810273717079
1133,3911.4608397357033,-5.038646002079463e-05,880.2810777581681
1134,3890.4483217138054,-5.483656836635473e-05,880.2811325947363
1135,3647.1133477383096,-5.8186141606546355e-05,880.2811907808781
1136,3452.6122095263327,-0.0001338022578608639,880.2813245831359
1137,3320.1833909780403,-0.0005814314807866786,880.2819060146167
1138,3302.447327794213,-44.00745165318036,924.289357667797
1139,3312.7268839544645,-41.94344038656593,966.2327980543629
1140,3355.2261231136736,-0.0007311544920442082,966.233529208855
1141,3504.6333157416448,-4.625823697861985e-05,966.2335754670918
1142,3707.3581907679018,-4.373086148772647e-05,966.2336191979534
1143,3948.181410289167,-4.192873434278532e-05,966.2336611266878
1144,4209.492513311892,-4.095727123624869e-05,966.2337020839589
1145,4472.597075138057,-4.091368404497837e-05,966.2337429976432
1146,4530.540982069566,188.50928527234996,777.7244577252931
1147,4518.47517920097,179.83790695366156,597.8865507716316
1148,4494.983267319133,153.189521294383,444.6970294772485
1149,4461.469299065068,110.26813587255887,334.4288936046896
1150,4419.73884702305,54.18510650702865,280.243787097661
1151,4361.121345698994,-8.052156879508037e-05,280.24386761922983
1152,4237.126977607557,-0.00010899021465514567,280.2439766094445
1153,4117.139135071904,-0.00016046244229928685,280.2441370718868
1154,4005.4592621727456,-0.00027662814675939333,280.24441370003353
1155,3909.449245078006,-0.0006721724693161936,280.24508587250284
1156,3835.44942988622,-0.05089009910807472,280.2959759716109
1157,3792.476870859711,-4.380538711390385,284.67651468300124
1158,3774.8717604239973,-4.37519850539295,289.0517131883942
1159,3552.62411773044,-0.055540820648259666,289.1072540090425
1160,3378.4305607322826,-0.0007010745978095842,289.1079550836404
1161,3386.561801028592,-126.96154198699453,416.0694970706349
1162,3401.8516473428826,-197.79865675689808,613.8681538275329
1163,3418.4803987007645,-202.84216908835197,816.710322915885
1164,3435.0964405167865,-141.3459622773751,958.05628519326
1165,3450.318209222924,-17.042600528282065,975.0988857215422
1166,3624.8389119379694,-6.491710470458719e-05,975.0989506386468
1167,3855.3563212509985,-5.971806375151987e-05,975.0990103567106
1168,4108.869843453678,-5.768936743572653e-05,975.099068046078
1169,4367.62205486884,-5.876215345717137e-05,975.0991268082313
1170,4506.4169046492025,106.88629754112831,868.2128292671031
1171,4491.169476221927,100.20440093300628,768.0084283340968
1172,4463.979009217444,76.55091322737279,691.4575151067241
1173,4426.5039846329655,37.70297380578785,653.7545413009362
1174,4367.653714084989,-0.00039590035095131773,653.7549372012871
1175,4257.57805617177,-0.0005879925441344893,653.7555251938313
1176,4137.962878626157,-0.0014046770949010623,653.7569298709261
1177,4028.447138550939,-3.9806750144677334,657.7376048853938
1178,3934.3226383739006,-12.844955911879069,670.5825607972729
1179,3854.893892591371,-18.415971952968363,688.9985327502413
1180,3798.426071458182,-22.626852870517858,711.6253856207593
1181,3768.3271813308133,-24.143774642208154,735.7691602629673
1182,3762.947848142203,-18.498863080515513,754.2680233434827
1183,3567.177999871642,-5.77298359444657,760.0410069379294
1184,3430.055223689645,-0.013416247279811123,760.0544231852092
1185,3449.9884015517073,-90.38695148857956,850.4413746737886
1186,3479.369127067706,-124.71630255312778,975.1576772269165
1187,3511.5814779129873,-96.70985325043902,1071.8675304773556
1188,3544.73988004362,-9.529291004927593,1081.396821482283
1189,3706.4273730894456,-0.00016875063665540917,1081.39699023292
1190,3915.9065468970566,-9.092468715867607e-05,1081.3970811576069
1191,4148.6946177107475,-6.520377897237905e-05,1081.3971463613857
1192,4388.647989927869,7.935447859882471e-06,1081.3971384259382
1193,4619.600788746167,2.539097036711795e-05,1081.3971130349678
1194,4635.460542124533,191.00031923958238,890.3967937953853
1195,4630.264563060544,181.43086324605318,708.9659305493323
1196,4610.405856090567,153.962585646307,555.0033449030252
1197,4577.4050354251385,110.48223964064981,444.52110526237544
1198,4533.637857844806,53.95607247275797,390.5650327896175
1199,4470.41213389398,-4.689456581372557e-05,390.56507968418333
1200,4340.549761086602,-8.044814799238534e-05,390.56516013233124
1201,4214.319521878602,-0.00010659673300733471,390.5652667290643
1202,4096.53402755337,-0.0001543261898008852,390.5654210552541
1203,3995.286409417173,-0.0002604707027203873,390.56568152595685
1204,3917.575807662413,-0.0006187621749551521,390.5663002881318
1205,3868.8651720765765,-0.02155499123744185,390.58785527936925
1206,3855.0804981551764,-2.4601949602665414,393.0480502396358
1207,3676.950523419406,-0.015028261931788568,393.06307850156753
1208,3584.524010022377,-41.893465893041714,434.9565443946093
1209,3602.925358148442,-143.53964888713605,578.4961932817453
1210,3627.456294913993,-193.42694789280463,771.92314117455
1211,3656.700357073226,-186.68219426338652,958.6053354379363
1212,3689.4819522400926,-122.4032141420367,1081.0085495799733
1213,3723.94035946546,-2.887942289694395,1083.8964918696674
1214,3923.978466081249,-9.968498134375175e-05,1083.8965915546487
1215,4164.436645894423,-4.8558182324204655e-05,1083.8966401128312
1216,4428.153944825022,-4.395327831238668e-05,1083.8966840661094
1217,4698.853280069751,2.512162957191101e-06,1083.8966815539466
1218,4752.284283367319,207.01846169681247,876.8782198571339
1219,4763.47402583305,203.63789280163186,673.2403270555022
1220,4760.429565143045,183.2696060821376,489.9707209733647
1221,4744.186501686826,147.54929886633897,342.42142210702565
1222,4717.118951384457,98.67960055880702,243.74182154821864
1223,4680.66551487151,41.37744326675753,202.3643782814611
1224,4613.82723594888,1.6067853982227199e-06,202.36437667467567
1225,4506.978133194679,-7.048626205312127e-05,202.36444716093774
1226,4405.579679000537,-5.41018484920782e-05,202.36450126278626
1227,4317.195053761057,-5.3432202704180074e-05,202.36455469498895
1228,4248.404203044845,-5.4504387220179286e-05,202.36460919937616
1229,4204.355313723949,-5.291174810286653e-05,202.3646621111243
1230,4188.416429869605,-4.725227647412061e-05,202.36470936340072
1231,3967.4610820491966,-0.00018923097924135237,202.36489859438
1232,3877.0373821237044,-84.70822331743004,287.07312191181006
1233,3877.082234281155,-201.89743750172167,488.97055941353165
1234,3844.328240327071,-220.38269188617048,709.3532512997022
1235,3862.1710195015066,-220.3822139477185,929.7354652474206
1236,3877.202975535578,-150.18386354603095,1079.9193287934515
1237,3877.2693889319785,-3.9771267548523244,1083.896455548304
1238,4070.162226013188,-9.365790158995272e-05,1083.8965492062057
1239,4303.89346374863,-4.946406975322678e-05,1083.8965986702754
1240,4558.467610801046,-4.727951948640611e-05,1083.8966459497947
1241,4790.234481076748,26.46695625491138,1057.4296896948833
1242,4804.436376062825,256.96103837338137,800.4686513215021
1243,4795.570580570455,251.56399635650308,548.904654964999
1244,4793.646050193146,210.36278538491368,338.5418695800853
1245,4790.404116345437,144.65187905644757,193.8899905236377
1246,4757.0461883750895,88.06131381805795,105.82867670557974
1247,4717.217285436107,23.241142315781293,82.58753438979845
1248,4246.237964205143,-1.3257969073839614e-05,82.58754764776752
1249,4134.688313892474,-6.255469607344826e-06,82.58755390323712
1250,4031.446565197929,-4.324930468788024e-06,82.5875582281676
1251,3943.7869680759595,-3.3045229832546515e-06,82.58756153269057
1252,3877.9208021045774,-2.604034917349943e-06,82.58756413672549
1253,3838.5646230369844,-2.0385561558812566e-06,82.58756617528167
1254,3828.6105803387513,-1.531046206300731e-06,82.58756770632786
1255,3600.9215805096824,-1.6419554612428994e-06,82.58756934828332
1256,3414.986263383731,-0.000447328702764984,82.58801667698607
1257,3362.187450800015,-78.072296381765,160.6603130587511
1258,3363.5604567794744,-145.37719576630576,306.0375088250569
1259,3365.188536269079,-142.35740655693735,448.39491538199417
1260,3367.6482159522484,-68.72204375616846,517.1169591381627
1261,3442.334677292504,-0.0001642645662354662,517.1171234027289
1262,3644.0471995357548,-1.1003273660328262e-06,517.1171245030563
1263,3890.675740299278,-5.451995147177662e-07,517.1171250482558
1264,4165.302233390769,6.150377520299234e-08,517.117124986752
1265,4449.047992526453,6.899515297212647e-07,517.1171242968004
1266,4648.892666943437,71.51306679301791,445.60405750378254
1267,4633.917860933147,62.95668443856612,382.64737306521636
1268,4606.772552705184,36.31489257276426,346.33248049245213
1269,4562.361864775285,1.0873801106116268e-06,346.33247940507204
1270,4459.834213669977,7.226918069269247e-07,346.33247868238027
1271,4342.112776213738,4.520397329116211e-07,346.3324782303405
1272,4212.6795127037,1.6236745392793096e-07,346.332478067973
1273,4087.9708456208227,-1.1508938836177916e-07,346.33247818306245
1274,3971.923741965565,-3.7294807634397126e-07,346.3324785560105
1275,3872.02369592781,-0.00011343118247000427,346.33259198719304
1276,3794.6426368886678,-0.0001257439986148806,346.3327177311917
1277,3744.60299521994,-0.00013250112333527123,346.33285023231497
1278,3724.8458094628672,-0.00013125305437594403,346.3329814853693
1279,3496.1089070374323,-0.00019856955811113118,346.3331800549274
1280,3350.1709856281195,-29.840884817010032,376.1740648719375
1281,3359.6131531474157,-151.2238935863248,527.3979584582622
1282,3360.663256112254,-194.46769691680024,721.8656553750626
1283,3362.0924143493653,-167.68416363882412,889.5498190138866
1284,3363.1408092667443,-74.56731827004275,964.1171372839294
1285,3439.644599211131,-0.0001718205476812569,964.1173091044772
1286,3634.8196424928556,-1.1306191742769926e-06,964.1173102350964
1287,3858.6133804295687,-6.300148138891638e-07,964.1173108651111
1288,4094.058899002035,-1.1264646249071935e-07,964.1173109777576
1289,4323.945002132055,3.9071521836678513e-07,964.1173105870422
1290,4531.993432828406,8.696045527426164e-07,964.1173097174376
1291,4500.358098298331,7.916216111730691e-07,964.1173089258161
1292,4438.179413588854,6.416798612620908e-07,964.1173082841364
1293,4348.929514455754,4.3107037811604214e-07,964.117307853066
1294,4237.949108859198,1.771123549279304e-07,964.1173076759535
1295,4112.092890374033,-0.00011356259982179635,964.1174212385533
1296,4353.167977977697,4.284814153277262e-07,964.117420810072
1297,4221.814458597217,-0.00011435830181400241,964.1175351683736
1298,4100.320056651093,-0.00016110039546437664,964.1176962687694
1299,3996.4651330029988,-0.00024834376775055545,964.1179446125371
1300,3916.8928082890075,-0.00043300502186786557,964.1183776175588
1301,3866.6578680450543,-0.000879536118622845,964.1192571536776
1302,3848.8815743951477,-0.001786186544564965,964.121043340222
1303,3660.742737804464,-0.0016552944575506327,964.1226986346795
1304,3516.064683173169,-0.0008017996070464593,964.1235004342866
1305,3424.626882112072,-0.0005741855868910949,964.1240746198735
1306,3392.9578900291704,-0.0009233018934000842,964.1249979217667
1307,3423.82239059337,-0.0008251673242806879,964.125823089091
1308,3515.921724515699,-0.00027977380471224804,964.1261028628959
1309,3663.8426164056023,-1.1924610024404089e-06,964.1261040553568
1310,3858.2803806928855,-7.546101286501549e-07,964.126104809967
1311,4086.546173814267,-2.4855522896687275e-07,964.1261050585222
1312,4333.3407798170765,2.953010934492053e-07,964.1261047632212
1313,4581.7537266265945,8.565450760930644e-07,964.126103906676
1314,4628.741732653661,185.6836947186187,778.4424091880572
1315,4623.012649174389,173.69729686235786,604.7451123256993
1316,4602.681480807301,143.7031472804672,461.0419650452322
1317,4568.971442325096,97.56377414966775,363.47819089556435
1318,4523.969995850818,38.22569672146119,325.25249417410316
1319,4440.00791585881,5.295482551734763e-07,325.25249364455493
1320,4303.42316706607,-0.00010272581779081444,325.2525963703727
1321,4169.583595559452,-0.00013631846947098985,325.2527326888422
1322,4042.649771538611,-0.00020064911212378732,325.2529333379543
1323,3930.6383405974334,-0.0003576979150999836,325.2532910358694
1324,3840.5390301822413,-0.0011239702537454504,325.2544150061231
1325,3785.9825192959725,-8.13218011753658,333.38659512365973
1326,3767.522006586322,-21.292651627147876,354.6792467508076
1327,3563.2935308953624,-28.138421370935134,382.81766812174277
1328,3401.158447912346,-28.473602365710068,411.2912704874528
1329,3381.0060244012734,-111.97229435463392,523.2635648420867
1330,3382.1130593921207,-151.8199070850414,675.0834719271279
1331,3388.243935063792,-130.1112749852267,805.1947469123547
1332,3409.1860532639716,-59.36437911270132,864.5591260250561
1333,3498.5483314129924,-0.0003101803366811376,864.5594362053927
1334,3693.9897349132043,-0.00020828122859564395,864.5596444866212
1335,3923.0807490826396,-0.00015831376405761821,864.5598028003853
1336,4170.908745209475,-0.00013034894315914005,864.5599331493286
1337,4421.674737216137,4.492733361109015e-07,864.5599327000552
1338,4531.734217106889,127.92415194686583,736.6357807531892
1339,4538.0396656535895,122.07049827878636,614.5652824744029
1340,4532.5768820161065,99.0353095727626,515.5299729016403
1341,4516.25936406956,60.5577260370864,454.972246864554
1342,4490.770673520519,9.44451473810942,445.52773212644456
1343,4407.811752691582,4.024499899795359e-07,445.5277317239946
1344,4302.250609603026,1.5290668328535348e-07,445.5277315710879
1345,4200.114840742303,-8.122170215754359e-08,445.5277316523096
1346,4104.686632459606,-0.0002059653424297757,445.527937617652
1347,4023.206036575153,-0.0002605958480588768,445.52819821350005
1348,3961.915991621742,-0.00033557941750963143,445.5285337929176
1349,3925.626026223539,-0.00042931850882683666,445.5289631114265
1350,3917.376964555678,-0.0005279257792492008,445.52949103720573
1351,3694.3201375520243,-0.0006194976358398511,445.5301105348416
1352,3509.373609498996,-0.0013981070569406354,445.5315086418985
1353,3498.9463029916037,-122.56643327838349,568.097941920282
1354,3499.7876583740413,-193.71662575562186,761.8145676759037
1355,3500.8170390328773,-195.65574597797985,957.4703136538836
1356,3502.1231090382344,-126.42896158694863,1083.8992752408321
1357,3514.6943442512384,-0.0020483947568830123,1083.9013236355893
1358,3714.173054025684,-2.579711415722234e-06,1083.9013262153007
1359,3961.5536703792764,-2.965766960952278e-06,1083.9013291810677
1360,4240.737699545748,-3.5170580512965735e-06,1083.9013326981258
1361,4533.350375772898,-4.612540070101879e-06,1083.901337310666
1362,4697.731683068698,117.36192993275556,966.5394073779103
1363,4692.041723696293,106.1891240394169,860.3502833384932
1364,4675.288509742099,77.4578795674029,782.8924037710905
1365,4648.892046538717,33.06906623552934,749.823337535561
1366,4590.977700124744,3.013196841217782e-06,749.8233345223642
1367,4486.337629855796,-1.3065615728024097e-05,749.8233475879802
1368,4371.0300833634265,-1.556218243295403e-05,749.8233631501623
1369,4262.16924114026,-1.848386746713305e-05,749.8233816340298
1370,4163.159701007271,-2.20337202114805e-05,749.8234036677501
1371,4081.3410590916874,-2.6017169649529723e-05,749.8234296849198
1372,4022.9340760356686,-2.9756993866235134e-05,749.8234594419138
1373,3992.609126020515,-3.220502711087009e-05,749.8234916469406
1374,3993.159086293165,-3.240353675482119e-05,749.8235240504775
1375,3767.717860923955,-7.237471667498682e-05,749.8235964251941
1376,3595.055424817224,-0.002041825018231193,749.8256382502124
1377,3587.6111768786095,-100.34297291406249,850.1686111642748
1378,3587.6395427510597,-136.06229344486943,986.2309046091443
1379,3587.587440572763,-97.6680682514305,1083.898972860575
1380,3598.9757775161374,-0.002049870547789654,1083.9010227311223
1381,3770.55705073838,-9.331756538638254e-05,1083.901116048688
1382,3992.3484313649215,-4.528696807401656e-05,1083.901161335656
1383,4248.869302885039,-3.0401205396966256e-05,1083.9011917368614
1384,4522.630095944799,-2.4316001718190113e-05,1083.9012160528632
1385,4786.999997111798,8.355925279498045,1075.5452907733652
1386,4786.999997121039,262.20462521972206,813.3406655536432
1387,4786.99999712079,249.20833117452673,564.1323343791164
1388,4786.999997120087,204.98316795489458,359.1491664242219
1389,4786.999997115338,132.90648928466123,226.2426771395606
1390,4782.337424560936,42.880232119361246,183.3624450201994
1391,4714.665072995797,-1.0867725881035905e-05,183.36245588792528
1392,4591.406504203747,-3.0308148031695824e-05,183.36248619607335
1393,4473.056567734282,-3.678053649509814e-05,183.36252297660977
1394,4363.25994939956,-4.51423073074269e-05,183.36256811891712
1395,4269.704522345933,-5.5617291016660436e-05,183.36262373620812
1396,4198.955659315099,-6.714384609095528e-05,183.36269088005423
1397,4156.0098970335,-7.665363683969782e-05,183.36276753369106
1398,4143.954566575492,-7.979421259373655e-05,183.3628473279037
1399,3930.0784892353604,-0.00027151190702246435,183.36311883981068
1400,3837.4224247971615,-75.89708585131159,259.2602046911222
1401,3837.299853186908,-187.1207620582104,446.3809667493327
1402,3835.8864432080795,-231.74203000512404,678.1229967544567
1403,3837.2634384484295,-210.1638249020644,888.2868216565212
1404,3836.974951755288,-119.04030704414275,1007.3271287006637
1405,3870.721302350287,-0.0007151190697901734,1007.3278438197336
1406,4075.0322834104613,-0.00010228465379033192,1007.3279461043874
1407,4316.617474989887,-4.956321551525721e-05,1007.3279956676027
1408,4578.378232937249,-3.11041947601796e-05,1007.3280267717977
1409,4786.999997118107,54.59643952738064,952.731587244417
1410,4816.339627159404,270.9753563437278,681.7562309006892
1411,4795.088834128876,270.97535631209104,410.7808745885981
1412,4786.999997118625,226.08689967115805,184.69397491744004
1413,4786.999997114892,144.67292061066846,40.021054306771575
1414,4786.999997107247,40.02102842039742,2.5886374148415902e-05
1415,4705.890824524832,-1.0374318863644514e-05,3.6260693012184776e-05
1416,4193.261811536531,-9.171818730663256e-06,4.543251174291644e-05
1417,4063.3537674579497,-6.859427029490922e-06,5.229193877244542e-05
1418,3941.735532512796,-5.371655957060636e-06,5.766359472952266e-05
1419,3836.3053442957967,-4.238209733077389e-06,6.190180446259931e-05
1420,3753.872632771524,-3.2707609803823015e-06,6.51725654429655e-05
1421,3699.7004414592857,-2.372422813588798e-06,6.754498825652367e-05
1422,3677.1528735817146,-0.0006616154251141508,0.0007291604133706292
1423,3482.422048532361,-0.0005591363232317307,0.0012882967366022703
1424,3338.131955762483,-0.0005022638357273814,0.0017905605723295328
1425,3252.947383651846,-0.0013581607985589793,0.0031487213708883684
1426,3235.940113978113,-4.689634508054638,4.692783229425526
1427,3273.0281949317846,-0.00033537138739633257,4.693118600812923
1428,3374.047355251717,-9.259595536705014e-05,4.6932111967682895
1429,3526.3228844255273,-4.566315078143808e-05,4.693256859919071
1430,3718.7857512537553,-6.462360916401648e-07,4.693257506155161
1431,3938.1029140765645,-1.3779931628552256e-07,4.693257643954476
1432,4169.575099514156,3.9818211262478386e-07,4.693257245772365
1433,4398.052704472227,9.378957673715806e-07,4.693256307876596
1434,4604.129091866939,4.688363107004205,0.004893200872391579
1435,4594.04994165543,1.5607944926916313e-06,0.004891640077898328
1436,4547.260411950552,1.3887314350766714e-06,0.004890251346462481
1437,4471.274455548819,1.2332311212443038e-06,0.0048890181153402636
1438,4370.832325487095,1.0253143181096325e-06,0.004887992801020968
1439,4252.259745308279,7.797403496196687e-07,0.00488721306066996
1440,4118.201021063285,5.004836938179146e-07,0.0048867125769745424
1441,3986.4358020253426,2.2840954169505586e-07,0.00488648416743104
1442,3860.33566196753,-3.028057738105493e-08,0.004886514448006412
1443,3747.6367005770585,-7.538706678526532e-05,0.0049619015147894545
1444,3655.0866456713684,-9.460487375851822e-05,0.005056506388545549
1445,3587.994459590895,-0.00012186688172635006,0.00517837327026927
1446,3549.879576230972,-0.00015814399398128104,0.0053365172642477155
1447,3313.937907003926,-0.0002505044482102118,0.005587021712454886
1448,3116.66464032357,-0.0005474628794233227,0.006134484591874969
1449,3072.5329845487395,-101.25592859329255,101.26206307788445
1450,3075.819626905396,-187.8597705595831,289.12183363746755
1451,3081.0048917747185,-207.99586040826034,497.11769404572783
1452,3092.609049067365,-164.39680584891576,661.5144998946436
1453,3103.8643845772685,-53.337541649896686,714.8520415445402
1454,3232.1099659865968,-0.00019155918992512386,714.8522331037302
1455,3460.7216300432747,-0.00011787272756947408,714.8523509764578
1456,3720.4936087777887,-7.836185499225747e-05,714.8524293383127
1457,3993.0142012031356,-7.45562109460422e-05,714.8525038945237
1458,4258.65509428355,-7.362071576993138e-05,714.8525775152394
1459,4239.794828957778,-7.589989058147902e-05,714.8526534151301
1460,4193.17255801516,-8.16721752522543e-05,714.8527350873053
1461,4121.681046088018,-9.228972949116178e-05,714.8528273770348
1462,4029.9928470679515,-0.00011070592198594399,714.8529380829568
1463,3924.23141459766,-0.00014383266086023984,714.8530819156176
1464,4184.7659411502445,-6.787754431446705e-05,714.853149793162
1465,4072.8114078470576,-7.878701720349856e-05,714.8532285801792
1466,3969.2392663366068,-9.210933369581033e-05,714.853320689513
1467,3881.1414572666827,-0.00010664256649703301,714.8534273320794
1468,3814.555815564769,-0.00011926670138405962,714.8535465987808
1469,3774.039168212176,-0.00012540120960735838,714.8536719999903
1470,3762.3423392913573,-0.00012202898689993211,714.8537940289772
1471,3526.3854023523536,-0.00011091354772425475,714.8539049425248
1472,3338.2007207330826,-0.00013920447691647675,714.8540441470018
1473,3210.066692213726,-0.00017556271205426607,714.8542197097139
1474,3149.8966455477293,-0.0003099606086498655,714.8545296703227
1475,3160.8002921434927,-0.0003301672526447797,714.8548598375752
1476,3240.9924745772173,-0.00016113187907612479,714.8550209694544
1477,3384.033346845418,-9.583829516404087e-05,714.8551168077495
1478,3579.362833318342,-4.420280666943643e-05,714.8551610105561
1479,3813.0792664929736,-4.17676144640614e-05,714.8552027781706
1480,4068.898130889345,-4.0509171563015504e-05,714.8552432873422
1481,4329.225826507501,-4.040434648928886e-05,714.8552836916886
1482,4475.678827922141,100.60333432107655,614.2519493706121
1483,4457.6329584971045,86.69313387614682,527.5588154944651
1484,4427.737246058698,55.011243757135645,472.54757173732963
1485,4387.6696815795685,7.455559652762912,465.0920120845667
1486,4286.847270298047,-6.988612739753934e-05,465.09208197069404
1487,4164.765960383573,-9.124547465999262e-05,465.0921732161687
1488,4031.7238628300306,-0.0001332509959710854,465.0923064671648
1489,3906.085988176262,-0.0002247811115377819,465.0925312482762
1490,3791.093598702966,-0.0005330717698692977,465.0930643200461
1491,3694.4248433925663,-0.06211472625577928,465.15517904630195
1492,3625.742138868648,-3.3848866798054846,468.54006572610734
1493,3583.465932777314,-3.5214336357444984,472.0614993618519
1494,3570.1249054337936,-0.06097614323304909,472.12247550508505
1495,3327.778748404343,-0.0004874320017946859,472.12296293708675
1496,3133.5866151633695,-0.00028505204017915037,472.123247989127
1497,3033.071537491887,-31.301740361758842,503.42498835088577
1498,3064.246778381579,-121.75078764790511,625.175775998791
1499,3100.530790529113,-139.57061001061678,764.7463860094077
1500,3167.6359643851442,-110.76316208034982,875.5095480897577
1501,3237.411144172469,-13.059657126984455,888.5692052167419
1502,3452.2461989243584,-5.4877457540205135e-05,888.5692600941996
1503,3724.8884255209905,6.790318453159517e-07,888.5692594151675
1504,4023.218235207139,1.5228464266568386e-06,888.5692578923212
1505,4326.203646355813,2.4909894316275424e-06,888.5692554013319
1506,4552.461607661266,59.979356451976685,828.589898949355
1507,4547.303727397038,54.77306900336734,773.8168299459877
1508,4528.020106806003,32.06408952264185,741.7527404233458
1509,4489.717090707165,3.394131459395358e-06,741.7527370292144
1510,4396.137940325616,2.8721031620935127e-06,741.7527341571113
1511,4286.067285869697,-3.4453143776271945e-05,741.7527686102551
1512,4162.224925532105,-3.968668748691951e-05,741.7528082969425
1513,4043.2136968482323,-4.645580206508685e-05,741.7528547527446
1514,3932.3316846877865,-5.517775913378773e-05,741.7529099305037
1515,3837.417594062223,-6.562301908573013e-05,741.7529755535227
1516,3765.2180690728296,-7.635602550910196e-05,741.7530519095484
1517,3720.9325852668726,-8.416820754790951e-05,741.7531360777559
1518,3707.8633876475124,-8.536244870844284e-05,741.7532214402046
1519,3506.683382977022,-7.935295017181849e-05,741.7533007931548
1520,3358.367112814137,-0.00021237940766378628,741.7535131725625
1521,3294.593722103648,-22.471168868214978,764.2246820407773
1522,3321.0277943253036,-68.45880630791149,832.6834883486889
1523,3351.534969229214,-51.90130843755491,884.5847967862437
1524,3408.78272941882,-0.0004058643836168955,884.5852026506275
1525,3571.5326269381476,4.988032416157273e-07,884.5852021518242
1526,3776.1887563902396,1.1721751576025066e-06,884.585200979649
1527,4008.7261142114658,1.999886647242207e-06,884.5851989797623
1528,4253.755186958121,2.993877429777877e-06,884.5851959858849
1529,4495.499909376046,4.189591289748116e-06,884.5851917962937
1530,4643.689100535786,75.04707312561756,809.5381186706761
1531,4645.534761435067,64.53646726060587,745.00165141007
1532,4633.272249341356,36.81656198177198,708.1850894282982
1533,4601.834513114358,5.1478309145010405e-06,708.1850842804672
1534,4510.262648405602,4.6105117765391505e-06,708.1850796699556
1535,4401.89860290774,4.06182650704446e-06,708.1850756081291
1536,4279.204552993429,3.4948030847030214e-06,708.185072113326
1537,4160.823273435962,2.9958920897862507e-06,708.1850691174338
1538,4049.8739509707434,2.5617390991887905e-06,708.1850665556949
1539,3954.153221355519,2.213044282572396e-06,708.1850643426504
1540,3880.4181411781888,1.9628420130569887e-06,708.1850623798085
1541,3833.93130440898,1.8215461821155822e-06,708.1850605582623
1542,3818.1080569419228,-3.437104174195646e-05,708.185094929304
1543,3613.053120679776,-3.5176577469251484e-05,708.1851301058815
1544,3449.9246734412113,-0.00018523716082133177,708.1853153430424
1545,3375.835495633165,-34.98163532043866,743.1669506634811
1546,3377.199237350319,-82.57544601239225,825.7423966758732
1547,3378.7530339396358,-62.826105442225426,888.5685021180986
1548,3404.887276534762,-0.000661405065025417,888.5691635231638
1549,3556.8961902385404,1.0671755009280656e-06,888.5691624559882
1550,3762.8099876622,1.880972585419697e-06,888.5691605750155
1551,4009.489897806244,3.0116446604655445e-06,888.5691575633707
1552,4280.678889416698,4.608587626773977e-06,888.569152954783
1553,4558.141716190563,7.047026863435094e-06,888.5691459077563
1554,4669.728092314322,153.25776458198254,735.3113813257738
1555,4671.840903711105,148.24968965803203,587.0616916677417
1556,4661.463552364486,125.14650704558865,461.9151846221531
1557,4639.57171732942,85.72950914100906,376.185675481144
1558,4607.910669750747,32.8659141493976,343.31976133174646
1559,4539.178374461106,8.103225508898757e-06,343.31975322852094
1560,4422.472696727119,6.911072854031373e-06,343.31974631744805
1561,4309.053117765273,5.963706211451474e-06,343.31974035374185
1562,4201.538352201281,5.200169440255557e-06,343.3197351535725
1563,4107.334879547842,4.621337667481713e-06,343.31973053223476
1564,4032.8516950581648,4.22772246941392e-06,343.3197263045123
1565,3983.0620867492967,4.018767646685202e-06,343.31972228574466
1566,3961.165825022257,3.998572394509777e-06,343.31971828717224
1567,3736.6153450193283,2.778309033715231e-06,343.31971550886317
1568,3556.5968747369757,1.9589643046092927e-06,343.3197135498989
1569,3445.555048441382,-13.186008389000833,356.50572193889974
1570,3446.380203876037,-75.0279340451793,431.533655984079
1571,3447.825218956634,-71.06350407216244,502.5971600562415
1572,3449.469081841856,-1.9568775270214924,504.5540375832629
1573,3578.38070604173,2.515539861485341e-06,504.5540350677232
1574,3760.3994808343023,3.7375305092400003e-06,504.5540313301926
1575,3981.4450922957835,5.7268562461048754e-06,504.55402560333636
1576,4226.984529417553,9.419969855090887e-06,504.55401618336657
1577,4480.938413995361,1.911866020770951e-05,504.55399706470627
1578,4578.867878698914,147.7533845853925,356.8006124793138
1579,4563.50704621963,139.68896627582066,217.1116462034931
1580,4537.239851987897,114.55671633958818,102.55492986390496
1581,4501.504019601594,74.15890187582514,28.396027988079815
1582,4458.440983725554,21.357980935296023,7.038047052783791
1583,4370.630949520913,-3.584823066681574e-05,7.038082901014457
1584,3872.056171652234,-7.355673619193527e-05,7.038156457750649
1585,3758.97080233303,-9.54700144084495e-05,7.038251927765055
1586,3655.6657691220043,-0.00012868913174692758,7.038380616896802
1587,3569.32261428578,-0.00017667738810355377,7.038557294284904
1588,3506.001103329287,-0.00023354779218465933,7.038790842077087
1589,3470.2114803477866,-0.00026838442079999244,7.039059226497887
1590,3464.5913720049607,-0.0002484010220687879,7.039307627519953
1591,3209.401838188575,-0.00022919999258149857,7.039536827512534
1592,2998.4292845568134,-0.0003196199142749432,7.039856447426808
1593,2893.676326812123,-41.78663523034603,48.82649167777283
1594,2935.3387864167316,-156.84737016765843,205.67386184543128
1595,2985.0587798075803,-202.15625725608885,407.8301191015201
1596,3042.788897716325,-178.06046767366448,585.8905867751846
1597,3098.2137757978808,-80.00266644459043,665.8932532197751
1598,3232.616785628387,-8.37020799567943e-05,665.8933369218552
1599,3492.9651555508967,-3.937656954693023e-05,665.8933762984245
1600,3781.052089967065,-3.797763500634521e-05,665.8934142760594
1601,4076.6936848467208,-3.8145243380687716e-05,665.893452421303
1602,4359.108933242542,-4.012977112843655e-05,665.8934925510739
1603,4325.764617523844,-4.498096910402182e-05,665.8935375320432
1604,4260.746118969008,-5.399485961267425e-05,665.8935915269028
1605,4167.66895252022,-6.935199664111024e-05,665.8936608788994
1606,4052.028092089903,-0.00032692880800248305,665.8939878077073
1607,3920.8381955095583,-0.00031329991722281746,665.8943011076248
1608,3776.7293239897444,-0.0004060125968528072,665.8947071202215
1609,3639.1865875090966,-0.0006396851012615307,665.8953468053227
1610,3511.317173821919,-0.0015654796182720378,665.896912284941
1611,3406.544753363539,-5.49221894195957,671.3891312269006
1612,3339.451261570611,-24.264258224460885,695.6533894513615
1613,3294.981264960872,-36.06886810719992,731.7222575585613
1614,3275.8145261124437,-40.33530025527189,772.0575578138331
1615,3035.918182708709,-36.96970044074503,809.0272582545782
1616,2844.218823246047,-26.303670105816057,835.3309283603944
1617,2726.8279801555,-23.570863589572895,858.9017919499672
1618,2729.744845688162,-68.66145872291192,927.5632506728791
1619,2784.222147399609,-91.71397290677032,1019.2772235796494
1620,2841.637520927955,-47.869098079014805,1067.1463216586644
1621,2956.6494982842064,-0.00041448665998144367,1067.1467361453242
1622,3169.164154121516,-0.000265076477983847,1067.1470012218024
1623,3416.429876301633,-0.00019519769151073472,1067.1471964194939
1624,3681.6692726976858,-0.00017441118952901213,1067.1473708306833
1625,3940.236413397113,7.041691375611347,1060.105679455072
1626,4184.238003573614,11.661731562037938,1048.4439478930337
1627,4172.087029478519,12.29388182123216,1036.1500660718016
1628,4132.293370420017,8.93974320020893,1027.2103228715928
1629,4067.6260617514204,1.8394482927377018,1025.3708745788551
1630,3974.0138789286684,-0.00021760537148005565,1025.3710921842267
1631,3861.3991260605276,-0.00027517485234320165,1025.371367359079
1632,4111.904998917816,-0.00018618405753002745,1025.3715535431363
1633,3988.5604748927526,-0.00023476397641376896,1025.3717883071129
1634,3872.3181228999506,-0.00031576086229766806,1025.3721040679752
1635,3770.994843683748,-0.00047113871731954205,1025.3725752066923
1636,3691.366759591816,-0.0009282601936678487,1025.3735034668862
1637,3640.0684286734668,-1.3581091471483597,1026.7316126140345
1638,3624.9268196750477,-8.472472145459708,1035.2040847594942
1639,3401.5929195936333,-12.01771582532485,1047.221800584819
1640,3220.572709077472,-11.792012932916402,1059.0138135177356
1641,3094.606102066162,-7.810623424162842,1066.824436941898
1642,3032.678536159561,-0.32555728218378166,1067.149994224082
1643,3049.4871393098524,-0.001131427685257635,1067.1511256517674
1644,3137.1537414485006,-0.0005862941407677553,1067.1517119459081
1645,3289.2454045404456,-0.0003999334318000498,1067.15211187934
1646,3494.9832736843096,-0.0003020334986975116,1067.1524139128387
1647,3739.6890856942196,-0.00034961644811300603,1067.1527635292866
1648,4005.868307967637,-4.377792227240652e-05,1067.152807307209
1649,4274.524500544519,-4.170158959358495e-05,1067.1528490087985
1650,4432.359919266488,94.23044865466106,972.9224003541374
1651,4435.34496061719,80.08880262866899,892.8335977254685
1652,4425.582519894116,48.49962952767663,844.3339681977918
1653,4404.0957787994,1.367151861214238,842.9668163365777
1654,4314.374680223023,-3.9488574979166254e-05,842.9668558251526
1655,4207.156638227633,-4.277578922062077e-05,842.9668986009418
1656,4085.6495485900414,-4.783513098394423e-05,842.9669464360728
1657,3969.1040169452426,-5.416317060661559e-05,842.9670005992435
1658,3860.004034382368,-6.217397763946194e-05,842.9670627732211
1659,3765.9333984818536,-7.161928578981795e-05,842.9671343925069
1660,3693.45501855498,-8.149723058630023e-05,842.9672158897374
1661,3647.665272570306,-8.970691106161098e-05,842.9673055966487
1662,3631.849376819954,-9.349649592105063e-05,842.9673990931445
1663,3437.11697770607,-9.140823417577329e-05,842.9674905013785
1664,3288.038606400785,-0.00016571893312812992,842.9676562203117
1665,3194.00025247945,-0.0003848827704605079,842.9680411030821
1666,3172.1785150630617,-11.407657822046191,854.3756989251285
1667,3192.4145380472924,-2.1256554788270945,856.5013544039556
1668,3280.666097601809,-0.00021541281747684525,856.501569816773
1669,3426.3945401399487,-0.00010010980440483758,856.5016699265774
1670,3618.725379383376,-3.655447508519046e-05,856.5017064810525
1671,3846.187517238432,-3.312701641104551e-05,856.501739608069
1672,4095.223151268347,-3.05967466350635e-05,856.5017702048156
1673,4350.914163045099,6.70509646949493e-05,856.5017031538508
1674,4510.421667483932,87.35570524820655,769.1459979056443
1675,4512.080388799186,81.71991810440808,687.4260798012363
1676,4502.378843348303,58.25586951456192,629.1702102866742
1677,4482.481564794282,18.71513513487124,610.455075151803
1678,4420.2095034264,5.563449994726757e-05,610.455019517303
1679,4323.872207923465,2.882641475456646e-05,610.4549906908882
1680,4213.7440535629485,-3.107601611751804e-05,610.4550217669043
1681,4108.9696517249895,-3.2477833032333477e-05,610.4550542447374
1682,4011.6436554611864,-3.373270730298358e-05,610.4550879774447
1683,3928.999400299497,-3.4607883691386846e-05,610.4551225853285
1684,3867.223639021264,-3.488968863342351e-05,610.4551574750169
1685,3831.026092193293,-3.445020398659204e-05,610.455191925221
1686,3823.3111172780987,-3.329904211760915e-05,610.4552252242631
1687,3573.4007896411385,-3.1906264986062236e-05,610.455257130528
1688,3364.799012965289,-0.00014162956107861686,610.4553987600891
1689,3277.4956514471774,-64.16680483880788,674.622203598897
1690,3279.7505244654885,-148.70584615576192,823.328049754659
1691,3281.9135064306183,-156.7228340950412,980.0508838497001
1692,3284.610760165029,-87.10209001668085,1067.1529738663808
1693,3343.9683159737306,-0.00024774922646963825,1067.1532216156074
1694,3554.9576668921286,3.999137451688903e-06,1067.15321761647
1695,3815.936678246192,6.4066765598799124e-06,1067.1532112097934
1696,4108.499104886338,1.14595501386423e-05,1067.1531997502434
1697,4411.766560868263,3.0205970984625646e-05,1067.1531695442723
1698,4623.105704653598,80.8871847474827,986.2659847967894
1699,4609.197412609787,72.2088861538759,914.0570986429137
1700,4583.283561632799,46.546460389849344,867.5106382530643
1701,4547.041061001956,5.7404117752253665,861.770226477839
1702,4455.575379880693,3.409905678715597e-05,861.7701923787821
1703,4344.970379745742,2.0509692594986845e-05,861.7701718690896
1704,4222.955864874015,1.3972793951084824e-05,861.7701578962955
1705,4109.262049479144,-3.082539997762019e-05,861.7701887216956
1706,4006.2493535820104,-3.376133066526245e-05,861.7702224830263
1707,3921.3874251472866,-3.6335857849405535e-05,861.770258818884
1708,3860.9822848582617,-3.803535085877476e-05,861.7702968542349
1709,3829.738773698046,-3.841376567051706e-05,861.7703352680004
1710,3830.429550834708,-3.7330963427109395e-05,861.770372598964
1711,3600.0372501332304,-3.536087260587571e-05,861.7704079598366
1712,3421.3749580638673,-0.0001918060973480991,861.7705997659336
1713,3354.504661161446,-47.95934032181478,909.7299400877487
1714,3356.047534780808,-92.84179047323083,1002.5717305609794
1715,3358.750579838047,-64.57967080769491,1067.1514013686742
1716,3397.3326766785653,-0.0003775884681529175,1067.1517789571426
1717,3565.877231013046,3.578362424017396e-06,1067.1517753787798
1718,3788.7806912405285,5.384837812279588e-06,1067.1517699939423
1719,4051.5317082978318,8.763442553188618e-06,1067.1517612304997
1720,4337.049117168203,1.737771442299882e-05,1067.1517438527856
1721,4626.7368493383665,0.0001031807103550462,1067.1516406720748
1722,4707.902479283348,193.72363573854688,873.4280049335281
1723,4707.749206891183,175.4594471496909,697.9685577838371
1724,4681.797871497256,149.86558774274,548.1029700410971
1725,4641.736205429393,108.64721113217122,439.45575890892593
1726,4590.656410849252,54.042559304313265,385.41319960461266
1727,4521.524740814143,3.4745131694834786e-05,385.41316485948096
1728,4383.067515888498,1.9382284880216e-05,385.413145477196
1729,4249.624098344203,1.3092506892182214e-05,385.4131323846891
1730,4124.010252820636,-3.404928614142798e-05,385.41316643397533
1731,4014.3190727599977,-4.026564246241095e-05,385.4132066996178
1732,3927.5527321878244,-4.7494605184079454e-05,385.41325419422293
1733,3869.160834562433,-5.491864245694056e-05,385.41330911286536
1734,3842.68393052989,-6.0877912018397334e-05,385.4133699907774
1735,3580.610124633738,-6.371050051830433e-05,385.41343370127794
1736,3370.4459311638975,-0.00021938944650725878,385.41365309072444
1737,3305.017274750418,-78.10768437273809,463.5213374634625
1738,3322.126424087498,-162.12292782536832,625.6442652888309
1739,3344.442685121498,-170.2321213802773,795.8763866691082
1740,3371.1005346270435,-102.98505527284554,898.8614419419537
1741,3434.488333527198,-0.0003324417112822624,898.8617743836649
1742,3660.830569622293,4.096726363668953e-06,898.8617702869384
1743,3930.348344538501,6.721220326737301e-06,898.8617635657182
1744,4223.261138780852,1.230213381026184e-05,898.8617512635843
1745,4518.344978106445,3.468750643738193e-05,898.8617165760779
1746,4608.170484755207,186.39998575207338,712.4617308240046
1747,4608.041833765183,181.0070453586965,531.454685465308
1748,4594.290429445644,158.4179497512543,373.03673571405363
1749,4567.942669170239,120.3873994475421,252.64933626651157
1750,4530.8605024651415,69.7344982305028,182.91483803600875
1751,4485.607020500726,10.147441270645729,172.76739676536306
1752,3997.1400425901647,-4.414082484627608e-05,172.7674409061879
1753,3880.8699734012043,-5.321651333105386e-05,172.76749412270124
1754,3770.970496795823,-6.714158715361651e-05,172.76756126428836
1755,3675.0385211969456,-8.945920963899967e-05,172.76765072349798
1756,3599.667063335872,-0.0001275511632638099,172.76777827466128
1757,3549.995534025587,-0.00019904288588542073,172.76797731754715
1758,3529.3609851491356,-0.00040121773659534564,172.76837853528372
1759,3330.4936756177412,-0.010263753443726908,172.77864228872744
1760,3178.154129748429,-0.0107179246435177,172.78936021337097
1761,3083.51854860639,-2.304847391886231,175.09420760525717
1762,3061.2866567307933,-16.46763922871407,191.56184683397123
1763,3075.709913422702,-5.509009492193383,197.07085632616463
1764,3156.777668626505,-1.9748866673749954,199.0457429935396
1765,3292.545284875025,-0.00016048124880631414,199.04590347478845
1766,3474.258515648091,-8.013923720778481e-05,199.04598361402563
1767,3688.243142547909,-6.745415485549894e-05,199.04605106818047
1768,3920.928490138437,-5.935036747644591e-05,199.04611041854798
1769,4157.608067683092,-5.431699892970231e-05,199.04616473554688
1770,4370.117599525854,13.111400691381144,185.93476404416575
1771,4366.447714251261,0.28130344754735154,185.65346059661837
1772,4320.792247584445,-5.18986078120954e-05,185.6535124952262
1773,4248.422894124453,-5.473476667518246e-05,185.65356722999286
1774,4154.449066748797,-5.962034953689965e-05,185.6536268503424
1775,4045.1914680979244,-6.705765544170412e-05,185.65369390799785
1776,3922.053134094023,-7.886543842588462e-05,185.65377277343623
1777,3804.920442936087,-9.447991823399146e-05,185.65386725335452
1778,3695.7583933365104,-0.00011587188270879007,185.65398312523718
1779,3601.9732103263154,-0.00014323668007149308,185.65412636191724
1780,3529.9278104948303,-0.00017286199871475799,185.65429922391596
1781,3484.5057135849593,-0.0001933624329097448,185.65449258634885
1782,3468.7764993104693,-0.0001905697215888235,185.65468315607043
1783,3230.927278748188,-0.0002265379703754694,185.65490969404084
1784,3047.9980679705645,-12.166574223674555,197.82148391771537
1785,3052.620324111602,-154.72700455884328,352.54848847655865
1786,3048.122616034509,-220.38266742791242,572.931155904471
1787,3051.7061302997718,-220.38283914240102,793.3139950468722
1788,3110.0665979089636,-200.70262097387325,994.0166160207452
1789,3130.357281088993,-73.15916886161538,1067.1757848823609
1790,3265.0501552915184,-0.00014581852301489775,1067.1759307008838
1791,3518.715829699592,-4.261796644766374e-05,1067.17597331885
1792,3800.604737820345,-4.006099016142505e-05,1067.1760133798405
1793,4091.0521800042434,-3.86336037354216e-05,1067.1760520134442
1794,4369.793895455195,-3.820868208933227e-05,1067.1760902221263
1795,4355.889193795873,-3.9063879195007374e-05,1067.1761292860056
1796,4312.94431384181,-4.093663001654972e-05,1067.1761702226356
1797,4244.136651727191,-4.3910311301812254e-05,1067.1762141329468
1798,4154.441799044625,-4.809508532634266e-05,1067.1762622280323
1799,4050.2911471474845,-5.358988021354257e-05,1067.1763158179124
1800,4311.231433526009,-3.757477142594737e-05,1067.176353392684
1801,4201.000676550695,-4.0414923727767694e-05,1067.1763938076074
1802,4099.595202138823,-4.289259726333915e-05,1067.1764367002045
1803,4014.31267255024,-4.448154795820995e-05,1067.1764811817527
1804,3951.3481714886952,-4.4714744197698284e-05,1067.176525896497
1805,3915.3623395237023,-4.3417023479496736e-05,1067.1765693135203
1806,3909.1540809240273,-4.081888495878684e-05,1067.1766101324054
1807,3675.9513342772643,-3.77272836722173e-05,1067.176647859689
1808,3488.363015662504,-7.969387128871793e-05,1067.17672755356
1809,3358.8385068594525,-0.00011575793223918514,1067.1768433114923
1810,3296.0452903950795,-0.0003030238595089618,1067.177146335352
1811,3304.3711094655805,-0.00027118191586192146,1067.1774175172677
1812,3383.6741036324756,-0.00010174357281860744,1067.1775192608404
1813,3529.283928784795,-4.7708795412756715e-05,1067.177566969636
1814,3732.2529177046695,1.991802508755053e-07,1067.1775667704558
1815,3979.8491282135833,7.76943371101162e-07,1067.1775659935124
1816,4256.272403859329,1.441445293822662e-06,1067.1775645520672
1817,4543.568599624888,2.169549576670745e-06,1067.1775623825174
1818,4697.575906411277,125.12888850062409,942.0486738818935
1819,4685.350488808775,111.23716611071598,830.8115077711775
1820,4659.705072346985,80.19280442384564,750.6187033473318
1821,4622.351650923558,33.875268905249506,716.7434344420823
1822,4551.025971632576,1.921294955222495e-06,716.7434325207873
1823,4431.247977832593,1.5489697932996431e-06,716.7434309718175
1824,4298.773013757522,1.1705307825155095e-06,716.7434298012868
1825,4174.328818234896,8.269182402214378e-07,716.7434289743684
1826,4060.2404852376735,5.18349299905378e-07,716.7434284560192
1827,3964.3168472679245,2.6040233297702293e-07,716.7434281956167
1828,3893.210078652806,6.422563549276743e-08,716.7434281313912
1829,3851.9649240680774,-6.060476755160578e-08,716.743428191996
1830,3843.6746567902755,-1.0785397139299413e-07,716.7434282998498
1831,3572.1789921247614,-7.585783630455459e-07,716.7434290584283
1832,3353.5056866097198,-0.00014745753084219893,716.7435765159591
1833,3270.302508954276,-67.2426057574893,783.9861822734483
1834,3272.9852068366226,-138.88882778940564,922.875010062854
1835,3276.160598288735,-122.93017805213908,1045.8051881149931
1836,3279.651721661815,-21.377569811296055,1067.182757926289
1837,3441.7950403955692,-9.166746242960923e-05,1067.1828495937516
1838,3690.527260711029,-7.437500235538161e-07,1067.1828503375013
1839,3986.417507271428,-1.4237247618522134e-07,1067.182850479874
1840,4308.050729890808,5.155687758253445e-07,1067.1828499643054
1841,4632.333275202933,1.1946463446353475e-06,1067.182848769659
1842,4734.000002669176,202.28406833616987,864.8987804334892
1843,4734.000002668679,193.70699206404274,671.1917883694463
1844,4734.000002664851,151.95167532406714,519.2401130453792
1845,4734.000001650269,80.05483700499735,439.185276040382
1846,4717.00905721088,1.3182719482155881e-06,439.1852747221099
1847,4601.421931291481,1.0833462349241554e-06,439.18527363876365
1848,4468.889155300862,7.8064592674252e-07,439.1852728581177
1849,4340.18640706424,4.943776235511876e-07,439.18527236374007
1850,4217.629424845622,2.2447329207717786e-07,439.1852721392668
1851,4109.222069214296,-1.1899487526781423e-08,439.1852721511662
1852,4021.944529857181,-1.9998710306651454e-07,439.1852723511533
1853,3961.2920532468142,-3.280110414610552e-07,439.18527267916437
1854,3930.9159723985886,-3.871796123627922e-07,439.18527306634394
1855,3701.202284604144,-9.070799132066303e-07,439.1852739734239
1856,3522.182095588629,-0.0002287050803601807,439.18550267850424
1857,3468.0074827953526,-63.75969004966299,502.9451927281673
1858,3468.8259158032774,-115.15796755204583,618.103160280213
1859,3469.7229294576423,-97.35845683213249,715.4616171123454
1860,3470.7195809586906,-12.775732387103531,728.2373494994491
1861,3603.9554787864226,-1.0725152734554548e-06,728.2373505719643
1862,3800.351305087189,-6.002570339602231e-07,728.2373511722213
1863,4034.116695352879,-4.8291620753239524e-08,728.237351220513
1864,4290.041900225404,5.561616636490682e-07,728.2373506643512
1865,4551.602488129552,1.190033011604627e-06,728.2373494743183
1866,4716.8839119656495,85.03080948016539,643.2065399941528
1867,4717.311681263134,77.73094295174572,565.4755970424072
1868,4705.434312871096,53.479064108857315,511.9965329335499
1869,4682.200175484552,14.063667857890094,497.9328650756598
1870,4611.67225837699,1.4212645700373602e-06,497.93286365439513
1871,4511.233570858561,1.1783006944889398e-06,497.9328624760944
1872,4395.8881322956195,9.108013380666936e-07,497.9328615652931
1873,4285.890720914199,6.597960929720428e-07,497.9328609054971
1874,4182.811477744133,4.272171611634404e-07,497.93286047827985
1875,4093.9635257003683,2.2981170779942865e-07,497.93286024846805
1876,4025.6516731241422,8.129773764181022e-08,497.93286016717036
1877,3982.734352793367,-7.616166969215041e-09,497.9328601747866
1878,3968.2860322790507,-2.9490646712466565e-08,497.9328602042772
1879,3737.5060607129412,-5.638808884653564e-07,497.93286076815804
1880,3551.5167146465396,-9.998915667003834e-07,497.93286176804963
1881,3464.170708498535,-40.527879671497175,538.4607414395467
1882,3464.9024455962876,-101.84936984557046,640.3101112851172
1883,3465.9692653632014,-91.93349308712459,732.2436043722417
1884,3467.6018618008993,-11.949571554211586,744.1931759264534
1885,3601.801423388597,-8.184251702768389e-07,744.1931767448784
1886,3801.6909146191238,-3.2357752326866885e-07,744.1931770684561
1887,4040.6755779719356,2.6386694989569456e-07,744.193176804589
1888,4301.388330625239,9.132480345644868e-07,744.1931758913411
1889,4565.065584164987,1.600557348708215e-06,744.1931742907836
1890,4646.325495045209,166.62773052157544,577.5654437692082
1891,4633.577736137646,157.1717006895402,420.3937430796679
1892,4609.508168996073,129.74060593699784,290.6531371426701
1893,4575.463786078786,86.21312314829326,204.44001399437687
1894,4533.510303824251,29.549187197404496,174.89082679697236
1895,4449.882573492275,1.4137446589706e-06,174.89082538322765
1896,4323.347326911506,1.0928869800983328e-06,174.89082429034067
1897,4204.0779526503875,8.047782703484727e-07,174.89082348556244
1898,4093.745717856899,-3.4178811400133433e-05,174.8908576643738
1899,3999.7424578732457,-3.618598000252327e-05,174.8908938503538
1900,3928.369394312211,-3.7714735362527624e-05,174.89093156508915
1901,3884.4041098237935,-3.849191485897985e-05,174.89097005700398
1902,3870.771265090713,-3.835804346535734e-05,174.89100841504745
1903,3653.1206531972166,-3.7630622029962305e-05,174.8910460456695
1904,3478.2610155705697,-0.0003409443756128074,174.89138699004508
1905,3451.988545183549,-94.51655683318714,269.4079438232322
1906,3461.531415841851,-162.71199895881892,432.1199427820511
1907,3462.677303807862,-155.99000580035153,588.1099485824026
1908,3464.368628636838,-82.87771968566867,670.9876682680713
1909,3519.578318285983,-0.00022197019156396818,670.9878902382628
1910,3713.333992759057,-2.3176094178425418e-07,670.9878904700239
1911,3951.4991161047997,3.8688309768127267e-07,670.9878900831408
1912,4219.705519504336,1.0995327944806505e-06,670.987888983608
1913,4501.226101750268,1.8944345151593781e-06,670.9878870891733
1914,4602.708555271748,175.20969304626297,495.77819404291046
1915,4588.2611299048585,170.8292867294166,324.9489073134938
1916,4561.476669845069,148.9725494378203,175.97635787567356
1917,4523.980252600392,111.36872497551435,64.60763290015917
1918,4478.155472639798,60.81875781112463,3.788875089034549
1919,4426.9881088463535,1.0005233480252371,2.7883517410093224
1920,3925.5685502783454,-6.529903885065818e-05,2.788417040048158
1921,3808.9329428170313,-8.440757668707419e-05,2.788501447624838
1922,3701.70276881877,-0.00011396015110001192,2.788615407775932
1923,3611.397902857595,-0.00015804377971595417,2.7887734515556284
1924,3544.4070542282975,-0.00021362827378232634,2.788987079829412
1925,3505.546961855042,-0.00025194937244393643,2.7892390292018483
1926,3497.7276197977426,-0.00021574699916895087,2.7894547762010107
1927,3218.7855293959124,-0.00018906349940815353,2.789643839700433
1928,2990.950551882342,-0.00022575777177949536,2.7898695974722045
1929,2829.9961635216473,-0.0018540987542929963,2.791723696226468
1930,2847.1102894223604,-100.00127795578541,102.79300165201184
1931,2910.9959846081065,-162.86107688247043,265.65407853448227
1932,2978.1574474178965,-145.00187393860264,410.65595247308494
1933,3044.2128169951347,-47.72749309256372,458.3834455656485
1934,3231.6378026008865,-0.00011121639351928793,458.38355678204204
1935,3518.3888114287465,-2.2138541912993206e-05,458.38357892058394
1936,3834.3965407142978,1.1785333957601015e-06,458.3835777420506
1937,4156.673704608754,2.0673545698109876e-06,458.3835756746961
1938,4462.0285161000065,3.0337443682182345e-06,458.3835726409516
1939,4439.374754254001,2.984752412248423e-06,458.3835696561992
1940,4384.84624937002,2.8299475278476224e-06,458.38356682625164
1941,4301.872040759513,2.5899639103305143e-06,458.38356423628784
1942,4195.795517742092,-2.993808047361482e-05,458.3835941743682
1943,4073.521538125278,-3.369540720911688e-05,458.3836278697754
1944,3936.635252716787,-3.9239476817699156e-05,458.38366710925226
1945,3806.561392362853,-4.67043220768157e-05,458.3837138135743
1946,3685.4541889834554,-5.699873947603833e-05,458.38377081231374
1947,3581.317693275951,-7.073624772741663e-05,458.38384154856146
1948,3501.048916361547,-8.750702051000617e-05,458.3839290555819
1949,3449.978214275037,-0.00010393636366994102,458.3840329919456
1950,3431.51465545431,-0.0001127489000217897,458.3841457408456
1951,3184.347534927129,-0.00013222067864815856,458.3842779615243
1952,2989.959765118379,-0.00014653330691636316,458.3844244948312
1953,2860.8335219682776,-0.0002872574092061973,458.3847117522403
1954,2808.1893712399674,-3.0177623081217346,461.402474060362
1955,2871.815806541193,-45.355167686070295,506.75764174643234
1956,2941.3693649024435,-18.066813108987603,524.8244548554198
1957,3089.5239922504225,-0.00014598318188300795,524.8246008386019
1958,3314.5500533235054,-3.0364397341808452e-05,524.8246312029993
1959,3584.031031808542,9.27118138940278e-07,524.824630275881
1960,3880.691934899442,1.77358824999404e-06,524.8246285022927
1961,4185.372648394986,2.7469825334752268e-06,524.8246257553102
1962,4478.208950138599,3.869759402968337e-06,524.8246218855508
1963,4476.065848945742,3.89903951706555e-06,524.8246179865114
1964,4441.894219657353,3.7942145180893014e-06,524.8246141922966
1965,4378.428488178652,3.5769255709961398e-06,524.8246106153712
1966,4290.326490631327,3.2749454467008788e-06,524.8246073404257
1967,4183.841085035321,2.9214833571529432e-06,524.8246044189423
1968,4438.054833600084,3.939512836891269e-06,524.8246004794296
1969,4317.691819427641,3.488242954992668e-06,524.8245969911866
1970,4202.581288558612,3.0877740576822064e-06,524.8245939034126
1971,4100.424574721621,2.7553702251341664e-06,524.8245911480423
1972,4017.942932963293,2.5042710086119967e-06,524.8245886437713
1973,3960.425717989331,2.341932382081943e-06,524.8245863018388
1974,3931.378881741691,2.2748949643316367e-06,524.8245840269439
1975,3669.813559688582,1.4927330104102335e-06,524.8245825342108
1976,3458.976824389374,-2.0939779584395408e-05,524.8246034739904
1977,3312.985795062641,-2.7700701530137332e-05,524.8246311746921
1978,3241.059658144224,-3.301052562388193e-05,524.8246641852177
1979,3246.8665610134485,-3.236307802079414e-05,524.8246965482955
1980,3328.3191619805243,-2.6538346645484692e-05,524.8247230866419
1981,3477.8313869018166,-2.0062169002407367e-05,524.8247431488111
1982,3683.0069685859567,1.7140504163845963e-06,524.8247414347608
1983,3927.691638899107,2.548717204585443e-06,524.8247388860435
1984,4193.289381483893,3.6060143072084537e-06,524.8247352800292
1985,4460.223465623972,4.943797195045926e-06,524.8247303362319
1986,4645.150317614893,64.26431624623716,460.5604140899948
1987,4641.826286286807,51.50251609036821,409.05789799962656
1988,4627.36753073213,21.753849401869036,387.30404859775746
1989,4579.723438743211,6.017406532347738e-06,387.30404258035094
1990,4489.850978742846,5.501499283938001e-06,387.30403707885165
1991,4385.675703839578,4.953248606567019e-06,387.30403212560304
1992,4267.860800530518,4.387322589378804e-06,387.3040277382804
1993,4157.193767351939,3.907906063931657e-06,387.3040238303744
1994,4054.845141609532,3.5024079808667348e-06,387.30402032796644
1995,3967.964732043151,3.186213121052875e-06,387.3040171417532
1996,3902.646772781928,2.9700660014133063e-06,387.3040141716872
1997,3863.500946043175,2.862418267883295e-06,387.304011309269
1998,3853.3252754058744,2.869924257240532e-06,387.3040084393447
1999,3654.647498406385,2.170750687596312e-06,387.304006268594
2000,3496.6028279937464,-1.8347090553970236e-05,387.3040246156845
2001,3389.142912273066,-2.172481091408973e-05,387.30404634049546
2002,3339.216195145656,-2.3741266901165098e-05,387.30407008176235
2003,3350.3886073882186,-2.3199721574694848e-05,387.3040932814839
2004,3422.61022827756,-2.0404712564909363e-05,387.3041136861965
2005,3552.1402178880167,2.052574815560658e-06,387.30411163362163
2006,3731.644936747143,2.7846544088609086e-06,387.30410884896725
2007,3950.4834721455063,3.824007362814385e-06,387.3041050249598
2008,4195.191365159418,5.313850927955751e-06,387.30409971110896
2009,4450.16329897231,7.5891649337928845e-06,387.30409212194394
2010,4641.040673847659,57.48100420463317,329.8230879173107
2011,4622.463774506059,46.22865738252842,283.5944305347823
2012,4591.751400871403,16.944502142049714,266.6499283927326
2013,4521.980878871527,9.472659819810534e-06,266.64991892007276
2014,4413.814870145019,8.257478390032538e-06,266.6499106625944
2015,4290.93383012603,7.1084911852474025e-06,266.64990355410316
2016,4154.504741502012,6.04915465521335e-06,266.64989750494857
2017,4025.9483310714754,5.221891436838357e-06,266.64989228305706
2018,3906.8652091908543,-2.957843572541353e-05,266.6499218614928
2019,3804.8260690570673,-3.215419912903637e-05,266.649954015692
2020,3726.2719122124327,-3.423985467325556e-05,266.6499882555466
2021,3676.075650334374,-3.5439318609771064e-05,266.65002369486524
2022,3657.2093884309575,-3.549442854068327e-05,266.65005918929376
2023,3381.2898463406113,-5.0215824635587727e-05,266.65010940511837
2024,3154.3076731756405,-5.836211033856224e-05,266.65016776722877
2025,2992.4305954066817,-0.00011531119331568252,266.65028307842204
2026,2935.516475739719,-28.285697157872786,294.9359802362948
2027,2972.662783085859,-67.90022399929097,362.83620423558585
2028,3009.853201399756,-24.778614194753096,387.6148184303389
2029,3142.20031952776,-8.82435411182684e-05,387.61490667388006
2030,3364.6219077438154,-2.0737499673859856e-05,387.61492741137965
2031,3636.164970663115,4.519079763247276e-06,387.6149228923
2032,3937.2400090819365,7.40872871822311e-06,387.6149154835712
2033,4246.3232364787,1.4027611538941964e-05,387.6149014559596
2034,4540.391530034715,1.158709873401354,386.4561915825583
2035,4518.8714915369565,5.247157691856858e-05,386.4561391109814
2036,4465.429713633428,5.5770938442133454e-05,386.45608334004294
2037,4384.5700150883085,5.970521327424715e-05,386.45602363482965
2038,4281.516562637575,-2.6948519597578637e-05,386.4560505833492
2039,4163.020076303676,-3.1412057589956624e-05,386.4560819954068
2040,4030.2655962267595,-3.835070793415451e-05,386.4561203461147
2041,3904.8894075844096,-4.857020828819769e-05,386.456168916323
2042,3788.5927793312017,-6.452905969601414e-05,386.4562334453826
2043,3689.1229022560765,-9.016694869942923e-05,386.45632361233135
2044,3613.1101000883186,-0.0001310039884138546,386.4564546163198
2045,3567.4421547263123,-1.8256670032351592,388.28212161955497
2046,3558.755712384071,-8.964522243582064,397.246643863137
2047,3298.1310388559264,-11.739212840045019,408.98585670318204
2048,3081.92401993187,-10.270956583336492,419.2568132865185
2049,2924.767061629314,-4.918043296088718,424.1748565826073
2050,2841.3159894677065,-0.00018775785650631334,424.17504434046367
2051,2841.779510117881,-0.007682997728232342,424.18272733819185
2052,2921.89240204567,-0.0004829474344599339,424.18321028562644
2053,3077.1679335029726,-2.5342709612236907e-05,424.1832356283359
2054,3298.078190661167,9.152243075535082e-05,424.18314410590517
2055,3570.5757675957207,0.00027728637963389806,424.1828668195256
2056,3876.884069514141,0.0025470981062661615,424.1803197214193
2057,4187.646850312784,8.940178090114543,415.24014163130477
2058,4439.803001260788,68.11167244254429,347.12846918876045
2059,4435.144078333334,55.273481806093855,291.8549873826666
2060,4422.93639360552,17.997026543784052,273.85796083888255
2061,4362.613135817052,0.0007111445621302902,273.8572496943204
2062,4260.540568869707,0.0002491703478585047,273.8570005239725
2063,4141.384918635714,0.00013316075546475147,273.8568673632171
2064,4006.2727776634265,8.190747587124299e-05,273.85678545574115
2065,3877.0025756115306,8.809386024567054e-05,273.85669736188095
2066,3755.3700125417217,-0.00043805434619692736,273.85713541622715
2067,3649.339439778245,-0.0004369544481929392,273.8575723706753
2068,3565.8310770843705,-0.0005989286608766339,273.85817129933616
2069,3510.2595946516435,-0.0012907420647458737,273.85946204140095
2070,3489.4200507988558,-3.245277575573841,277.1047396169747
2071,3212.748487589384,-11.785555087935258,288.89029470491
2072,2990.423270501569,-16.98789351271042,305.87818821762033
2073,2838.1118240689857,-18.773187398244975,324.6513756158654
2074,2766.1329595541415,-17.28691959529193,341.9382952111573
2075,2778.6542245736014,-12.802125593922415,354.74042080507974
2076,2873.517097305219,-5.733777535721691,360.47419834080137
2077,3045.934084350515,-0.0030235852437112153,360.4772219260451
2078,3286.264958356551,-0.0007327406229798241,360.47795466666804
2079,3570.6380548615916,-0.00045402493829391303,360.4784086916063
2080,3878.279413151845,-0.00037966343202710997,360.4787883550383
2081,4187.419761063654,-0.00046264227371062527,360.479250997312
2082,4387.078278820666,89.84501468670997,270.6342363106021
2083,4384.68517634046,94.51618370128527,176.11805260931678
2084,4373.544136169206,77.93242444443602,98.18562816488077
2085,4357.158081971587,39.23662133111486,58.949006833765885
2086,4309.382213668504,9.07782246768068,49.871184366085195
2087,4222.431110338242,1.2810210040411354,48.59016336204409
2088,3737.2315315409955,-2.813008956311561,51.40317231835562
2089,3631.253645861967,-3.158895897576393,54.562068215932
2090,3531.8204774007954,-4.139117148216399,58.701185364148394
2091,3445.886916511426,-5.364963971586311,64.06614933573469
2092,3379.441420692714,-6.4668474623180385,70.53299679805276
2093,3337.0997016103056,-7.12631028979912,77.65930708785187
2094,3322.4612381963448,-7.770893086260095,85.43020017411195
2095,3109.237983543325,-6.339545927070281,91.76974610118224
2096,2938.0528476214663,-4.412121804570667,96.18186790575291
2097,2819.29420991686,-1.7525364746139527,97.93440438036683
2098,2761.9294691040627,-0.00022877977756420565,97.9346331601444
2099,2770.4429368766746,-0.00020829247902623323,97.93484145262337
2100,2842.8151876232682,-0.00016400958335768796,97.93500546220675
2101,2974.842855698735,-0.0001188987736307536,97.93512436098037
2102,3158.557243670961,-7.87509915719227e-05,97.93520311197194
2103,3382.605088776208,-6.72620303667466e-05,97.9352703740023
2104,3632.8403851533267,-5.110738138239429e-05,97.93532148138365
2105,3893.1167198788708,-4.849268929731565e-05,97.93536997407296
2106,4146.253085443858,-4.75666487289106e-05,97.93541754072167
2107,4127.714991409439,-4.844552238189863e-05,97.93546598624403
2108,4081.203036370959,-5.0881757360310794e-05,97.93551686800139
2109,4009.9788791503884,-5.500132526675733e-05,97.93557186932667
2110,3919.0690041553294,-6.101776969895431e-05,97.93563288709639
2111,3814.923605271244,-6.914254104598244e-05,97.93570202963743
2112,3698.1992589045235,-8.062935234704412e-05,97.93578265898978
2113,3590.352840877276,-9.258369406353121e-05,97.93587524268379
2114,3492.4385755764188,-0.00010380437238326841,97.93597904705621
2115,3411.66976040809,-0.00011053866559199526,97.93608958572176
2116,3354.139438928194,-0.00010926851032746807,97.93619885423207
2117,3324.392052775887,-0.00011103218075418896,97.93630988641284
2118,3325.099323202326,-9.680986977488733e-05,97.93640669628262
2119,3091.606636401336,-8.703400290084117e-05,97.93649373028552
2120,2905.9603827887126,-8.277625555141245e-05,97.93657650654106
2121,2781.9585390206366,-0.003858655260882968,97.94043516180193
2122,2734.769786056426,-5.86825836730906,103.80869352911097
2123,2798.2076013941205,-47.267107672019414,151.0758012011304
2124,2863.675868549099,-16.916972393832133,167.99277359496253
2125,3009.736709674137,-0.000112862571734727,167.99288645753427
2126,3228.4935356758137,-2.039034978216753e-05,167.99290684788403
2127,3487.783124689643,-1.4087527588158697e-05,167.99292093541163
2128,3769.6480846521913,1.5412689844318995e-05,167.99290552272174
2129,4054.737450006026,3.0286229115511358e-05,167.9928752364926
2130,4323.675898552355,0.001068564607879444,167.99180667188472
2131,4300.745924643684,0.00018047609136299673,167.99162619579337
2132,4246.092177638591,6.610859336068101e-05,167.9915600872
2133,4163.215546430677,-2.5602927855704856e-05,167.99158569012786
2134,4057.4872272967195,-2.8429502529799855e-05,167.99161411963036
2135,3935.793764712777,-3.2279347450368085e-05,167.99164639897782
2136,4177.40785804312,-2.645586540480563e-05,167.99167285484322
2137,4048.1378457497913,-2.9732335317014046e-05,167.9917025871785
2138,3927.7401387177597,-3.334165111251842e-05,167.99173592882963
2139,3824.034411209207,-3.6910726274159124e-05,167.9917728395559
2140,3743.708679071493,-3.983068843180384e-05,167.99181267024431
2141,3691.8702971543125,-4.139352881821282e-05,167.9918540637731
2142,3671.7031172893876,-4.112644390176714e-05,167.99189519021704
2143,3410.7625645094436,-5.053268915388107e-05,167.99194572290617
2144,3194.1935572383286,-5.176004952219694e-05,167.99199748295567
2145,3036.549672079426,-7.175182138877934e-05,167.99206923477703
2146,2949.0066905870653,-0.00011887235305008772,167.99218810713006
2147,2938.5579573862983,-0.0007909725588256695,167.9929790796889
2148,3007.4102096923775,-0.00016473884553832587,167.99314381853446
2149,3152.6487117591482,-5.485850859170054e-05,167.99319867704304
2150,3366.1980623217873,-1.6483596722121383e-05,167.99321516063975
2151,3635.1332763362598,7.039332968133578e-06,167.9932081213068
2152,3942.341869855649,1.2590243311190894e-05,167.99319553106344
2153,4267.52569656541,3.920110610049567e-05,167.99315632995734
2154,4566.842440629275,21.654980744099237,146.3381755858581
2155,4547.972248284904,21.654976453216406,124.68319913264168
2156,4497.620611639546,21.654934309106213,103.02826482353545
2157,4434.030219036801,6.573527336109064,96.45473748742637
2158,4338.683432794481,6.561968106444674e-05,96.4546718677453
2159,4220.151726372052,2.9053529055568443e-05,96.45464281421626
2160,4085.900806442499,1.7596945760371764e-05,96.45462521727049
2161,3957.989533130988,-2.6625735911318842e-05,96.45465184300642
2162,3837.922502063638,-3.0714029379055366e-05,96.45468255703578
2163,3733.5208781650476,-3.5658672155362256e-05,96.4547182157079
2164,3651.5339237101516,-4.1276501050627796e-05,96.45475949220896
2165,3597.1829649124857,-4.698972386944525e-05,96.45480648193283
2166,3573.809214969467,-5.173035302235834e-05,96.45485821228586
2167,3265.0743717330524,-6.686538995767473e-05,96.4549250776758
2168,3012.9641153178154,-7.267644774386752e-05,96.45499775412354
2169,2835.9769225211003,-0.0001142208835307068,96.45511197500706
2170,2761.749207613481,-16.52656182605331,112.98167380106035
2171,2814.041365154511,-68.32778742701616,181.30946122807651
2172,2871.67195577806,-35.99960233398261,217.30906356205912
2173,3006.805041830801,-0.00012119222498557568,217.30918475428408
2174,3245.0771988542874,-4.421447073105026e-05,217.30922896875487
2175,3531.9128604076664,-2.6847372556763738e-05,217.30925581612743
2176,3845.697130374727,9.933049234316519e-06,217.30924588307815
2177,4163.449848670698,2.2550887604895134e-05,217.30922333219047
2178,4450.781477923289,11.745350758650877,205.56387257353964
2179,4441.138309976383,3.3344276482934223,202.22944492524618
2180,4395.022591120771,0.00022464396975349415,202.22922028127647
2181,4317.116661881966,0.00011066245909741184,202.2291096188173
2182,4215.596926608332,-2.573559974358767e-05,202.22913535441702
2183,4096.876518723882,-2.814991538419627e-05,202.22916350433243
2184,3961.6050718003953,-3.180790579346634e-05,202.22919531223818
2185,3831.746521779874,-3.6657807773255245e-05,202.22923197004593
2186,3708.639820371719,-4.332416044928876e-05,202.22927529420642
2187,3600.033759939209,-5.2401872926423665e-05,202.2293276960793
2188,3512.6682400732598,-6.453712741632526e-05,202.2293922332067
2189,3451.8235716083695,-8.00481561951308e-05,202.2294722813629
2190,3420.9706046860874,-9.797303186837082e-05,202.22957025439476
2191,3164.7271845360574,-0.0001275604352255316,202.22969781482993
2192,2956.5733552502943,-0.00014188646400795438,202.22983970129394
2193,2809.45164860365,-0.00015872537567058887,202.2299984266696
2194,2732.472413940405,-0.00179444975487097,202.23179287642444
2195,2730.3428315707442,-0.0018221784676798643,202.23361505489208
2196,2803.049632339928,-0.002006755883461019,202.2356218107756
2197,2945.7901873608753,-0.00196774179493919,202.2375895525705
2198,3149.1976057748097,-0.001710169655078537,202.2392997222256
2199,3399.8532965795202,-0.0014324097997724394,202.24073213202536
2200,3681.0785576345934,-0.0012431263903188825,202.2419752584157
2201,3973.9740378400397,-0.0011493738599073385,202.2431246322756
2202,4258.653366416073,-0.0011555972878697334,202.24428022956346
2203,4250.191409645949,-0.001295517377338991,202.24557574694077
2204,4213.379212366482,-0.0017125028302267934,202.247288249771
2205,4151.039838484568,-0.0032502096997642743,202.25053845947076
2206,4068.056004166952,-0.26809943857747087,202.51863789804827
2207,3972.6239269596913,-2.901457603543192,205.4200955015914
2208,3863.019851154579,-5.981429955763066,211.4015254573545
2209,3759.369268128841,-8.092674457219323,219.49419991457376
2210,3662.686422522859,-9.508754602403762,229.00295451697752
2211,3579.873953983978,-9.993103412010745,238.99605792898825
2212,3516.8639869597887,-9.374845123289743,248.37090305227804
2213,3478.2104776605765,-7.56976377921616,255.9406668314941
2214,3466.776570370721,-4.5946929371776175,260.53535976867175
2215,3226.355764874691,-0.582488120238187,261.1178478889099
2216,3039.072572638803,-0.001563460232025308,261.11941134914196
2217,2914.796375929842,-0.0007619805414680087,261.1201733296834
2218,2860.886601093702,-0.0005376969489004819,261.12071102663225
2219,2877.276284915843,2.745796738968054,258.37491428766424
2220,2962.406164270979,7.163494408093429,251.21141987957074
2221,3111.5570647687973,10.378936914748458,240.83248296482236
2222,3313.2672202919516,12.017357867278852,228.81512509754347
2223,3552.738049354649,11.794458759476802,217.02066633806663
2224,3812.989231338015,9.5446500635893,207.47601627447736
2225,4076.102607624902,5.242266648766396,202.23374962571094
2226,4323.470097290661,-0.000298289722242657,202.23404791543325
2227,4299.219531978381,-0.00032051515645161534,202.23436843058963
2228,4246.181059781071,-0.0003891352841225214,202.2347575658738
2229,4167.917629980181,-0.0005627182923462103,202.23532028416614
2230,4069.7872127729015,-0.0012560274121744886,202.23657631157826
2231,3960.668904408366,-2.0830196948848845,204.31959600646317
2232,3845.3930460861084,-10.259474107947412,214.57907011441054
2233,3737.431401942387,-15.817650045980747,230.39672016039128
2234,3637.8844810981154,-18.67500735932386,249.07172751971513
2235,3553.7634591795304,-18.342375061199878,267.41410258091497
2236,3491.068873129107,-14.484888518571115,281.8989910994861
2237,3454.382894544881,-6.951465990075189,288.85045708956125
2238,3450.766373206205,-0.0026316707981224965,288.8530887603594
2239,3234.459936756006,-0.0007001182609293039,288.8537888786203
2240,3059.734593516731,-0.0005589478341369489,288.85434782645444
2241,2939.6697209637473,-9.351056670343361e-05,288.85444133702117
2242,2884.4088536442796,-9.726298401829484e-05,288.8545386000051
2243,2900.3809755596317,-9.880237970910451e-05,288.85463740238487
2244,2989.6900385791973,-8.563218981522388e-05,288.8547230345747
2245,3149.727175095713,-6.332020523750738e-05,288.85478635477995
2246,3373.065373276977,-3.762341603105427e-05,288.854823978196
2247,3647.679834245728,1.509819726951382e-05,288.8548088799987
2248,3957.516168947644,1.8346058818999398e-05,288.8547905339399
2249,4283.399361864475,4.043207215480223e-05,288.8547501018677
2250,4531.189725602034,73.05574036621019,215.79900973565753
2251,4528.348328322591,68.6705686773794,147.1284410582781
2252,4510.980326651784,46.22468916071546,100.90375189756264
2253,4480.640901101369,7.485774456608806,93.41797744095382
2254,4395.031744032193,4.963078182416527e-05,93.41792781017197
2255,4284.7408360255,-2.527070194200948e-05,93.41795308087396
2256,3780.039389269727,-4.145895974761451e-05,93.4179945398337
2257,3659.7440098704697,-4.9250710045528326e-05,93.4180437905437
2258,3547.2343690063512,-5.944109965444992e-05,93.41810323164336
2259,3450.4803368943467,-7.176229117002548e-05,93.41817499393453
2260,3376.3600100925782,-8.431156909411623e-05,93.41825930550361
2261,3330.201470384877,-0.00010264079980373826,93.41836194630343
2262,3315.429637767792,-0.00010270727336336985,93.41846465357679
2263,3017.167507934325,-9.881384056679171e-05,93.41856346741733
2264,2774.553494605163,-0.00013239579903706652,93.41869586321634
2265,2604.935314767069,-0.031720892385369105,93.45041675560174
2266,2624.727440188104,-104.58568093538365,198.03609769098537
2267,2689.848102704767,-163.86902597362246,361.90512366460774
2268,2760.326555149552,-138.73703868689657,500.6421623515043
2269,2831.8509115796655,-32.0606657236895,532.7028280751938
2270,3047.6940719757545,-5.36149836620656e-05,532.7028816901775
2271,3347.7622469711046,-1.5375620981802408e-05,532.7028970657984
2272,3679.158996522107,6.532344354936451e-06,532.7028905334541
2273,4019.2889807520573,1.1956848025922732e-05,532.702878576606
2274,4345.396286202779,3.354807079338445e-05,532.7028450285353
2275,4341.778012799455,3.281385755756591e-05,532.7028122146778
2276,4307.081059377516,2.770962707553958e-05,532.7027845050505
2277,4244.233825738331,2.160847411868241e-05,532.7027628965765
2278,4158.06603061471,1.6523719006945644e-05,532.7027463728574
2279,4054.974050313106,1.2783787778297991e-05,532.7027335890698
2280,3935.449442834333,9.988356562917457e-06,532.702723600713
2281,3821.6870753330395,8.132725649017835e-06,532.7027154679874
2282,3714.8422255091564,6.812670330891214e-06,532.7027086553171
2283,3622.5958149633834,5.88302099053036e-06,532.7027027722961
2284,3551.599911115371,-2.5168444593274505e-05,532.7027279407407
2285,3507.025292942695,-3.610948121617508e-05,532.702764050222
2286,3492.211022727565,-3.698192806320068e-05,532.70280103215
2287,3215.4570005823916,-4.136700083998364e-05,532.7028423991509
2288,2986.841766452983,-7.129539148344328e-05,532.7029136945424
2289,2822.171154435407,-0.00015049377162955457,532.7030641883139
2290,2751.068089920771,-17.887378960490725,550.5904431488046
2291,2797.538985426941,-70.85113146988698,621.4415746186917
2292,2836.6235304444867,-32.59562206427635,654.037196682968
2293,2960.8334819976853,-8.468143249197718e-05,654.0372813644003
2294,3187.1920122795973,-3.450149682830366e-05,654.0373158658972
2295,3468.1981868250978,-1.3205981674032939e-05,654.0373290718791
2296,3784.883930264456,7.514277144182635e-06,654.0373215576018
2297,4115.481510319855,1.4154531250460061e-05,654.0373074030706
2298,4436.940297536398,5.2532453750350476e-05,654.0372548706167
2299,4424.956893949184,4.754403148793879e-05,654.0372073265853
2300,4382.305019302484,3.589596991828338e-05,654.0371714306153
2301,4311.882203263556,2.5563890930432886e-05,654.0371458667245
2302,4218.438443233492,1.842414655585473e-05,654.0371274425779
2303,4108.247396696722,1.3740953456889862e-05,654.0371137016243
2304,4359.763648763459,3.141717472733478e-05,654.0370822844498
2305,4238.759185380595,1.949687839039068e-05,654.0370627875712
2306,4124.3153004529895,1.4208473076306915e-05,654.0370485790984
2307,4023.9187064808857,1.1361166134594124e-05,654.037037217932
2308,3944.040644888769,9.718037915107342e-06,654.0370274998942
2309,3889.6973852848955,8.80239154255288e-06,654.0370186975026
2310,3864.1115642183263,8.409260831159351e-06,654.0370102882417
2311,3594.067017144065,5.4906841278857884e-06,654.0370047975578
2312,3379.443388613869,-1.4582611738761994e-05,654.0370193801695
2313,3233.67243894033,-1.7666545155551598e-05,654.0370370467147
2314,3164.787373238565,-1.960514135037337e-05,654.037056651856
2315,3175.01811646909,-1.9342999345413773e-05,654.0370759948554
2316,3260.855670836711,-1.7103707339525506e-05,654.0370930985625
2317,3413.5534762670945,-1.405449589789708e-05,654.0371071530584
2318,3619.996946186723,5.667707359746925e-06,654.0371014853511
2319,3863.845548047582,8.3031443835741e-06,654.0370931822067
2320,4126.836080217977,1.3840085844449004e-05,654.0370793421209
2321,4390.133584019019,3.346074256561879e-05,654.0370458813783
2322,4598.120800379439,37.50348527019614,616.5335606111822
2323,4584.35718299511,29.59654132175472,586.9370192894276
2324,4559.513261727127,4.4397670385235255,582.497252250904
2325,4488.7590518298375,6.626902943777994e-05,582.4971859818745
2326,4393.285659706965,3.301232729836828e-05,582.4971529695472
2327,4283.883872463799,2.0901942086089222e-05,582.4971320676051
2328,4160.817459355844,1.466570137820232e-05,582.4971174019037
2329,4046.0941953780143,1.1338715455359642e-05,582.4971060631882
2330,3940.4094976668844,-2.4079700050239194e-05,582.4971301428883
2331,3850.945063663987,-2.5408219626349572e-05,582.4971555511079
2332,3783.781169850089,-2.6352420040736664e-05,582.497181903528
2333,3743.468472230252,-2.6758604604141905e-05,582.4972086621326
2334,3732.70408709816,-2.6557828626355923e-05,582.4972352199611
2335,3510.373987542113,-2.6043558540279868e-05,582.4972612635197
2336,3327.5288599294977,-3.7009722032337705e-05,582.4972982732418
2337,3196.4771693353196,-3.8555817135595285e-05,582.4973368290589
2338,3126.577670424017,-3.4395928472816844e-05,582.4973712249874
2339,3123.531371368617,-3.73110318480345e-05,582.4974085360192
2340,3188.8443423180943,-3.416002331866122e-05,582.4974426960425
2341,3319.5194292521765,-1.577346648034539e-05,582.4974584695091
2342,3508.027642527308,-1.2565374607328724e-05,582.4974710348836
2343,3742.59441088459,6.720564458214402e-06,582.4974643143191
2344,4007.8136742630963,1.0527513100010614e-05,582.4974537868061
2345,4285.573727396654,2.07583329651106e-05,582.4974330284731
2346,4540.007437281892,16.24102944101801,566.2564035874551
2347,4517.651396411465,2.3353541475308193,563.9210494399243
2348,4453.005760263871,4.4352473367513005e-05,563.921005087451
2349,4358.976768598938,2.6562011031920915e-05,563.92097852544
2350,4243.430592591162,-2.3965613935080425e-05,563.921002491054
2351,4113.398019889479,-2.7560908490824037e-05,563.9210300519624
2352,3969.8383541230533,-3.259307395427665e-05,563.9210626450364
2353,3835.541798444998,-3.9036062768485136e-05,563.9211016810991
2354,3711.9038848738905,-4.733306398514207e-05,563.9211490141631
2355,3606.79457699605,-5.736037481033651e-05,563.921206374538
2356,3526.921990526367,-6.791222682425335e-05,563.9212742867647
2357,3477.381789865819,-7.610840542821372e-05,563.9213503951701
2358,3461.3134394033964,-7.840278294741224e-05,563.921428797953
2359,3188.9718241151745,-8.522842900410378e-05,563.921514026382
2360,2970.951298715103,-8.048915180949042e-05,563.921594515534
2361,2822.3029698149953,-9.105902131135227e-05,563.9216855745552
2362,2753.164472120409,-0.00011859167041053753,563.9218041662257
2363,2768.103707668819,-0.00018366093497733667,563.9219878271607
2364,2865.886326111919,-0.00012492735702476464,563.9221127545177
2365,3039.6664260679645,-6.982916659871419e-05,563.9221825836843
2366,3277.5636148078047,-3.76476226829766e-05,563.9222202313069
2367,3563.5651115693627,5.045538446017091e-06,563.9222151857684
2368,3878.6708381020944,8.192931460348728e-06,563.922206992837
2369,4202.189345978413,1.5725614029026243e-05,563.922191267223
2370,4505.805461437708,7.286872136647092,556.6353191305759
2371,4504.002097570538,2.1627427483525032,554.4725763822235
2372,4466.869133873416,4.622149817765897e-05,554.4725301607253
2373,4398.224500414512,3.0720957588553784e-05,554.4724994397676
2374,4305.1963563035415,2.1060964876269257e-05,554.4724783788027
2375,4194.355023548696,-2.3334773557577034e-05,554.4725017135763
2376,4066.2962020006457,-2.6136806624631548e-05,554.4725278503829
2377,3943.641060706722,-2.9590808211603067e-05,554.4725574411912
2378,3827.6844640102004,-3.3882107068170815e-05,554.4725913232983
2379,3726.3518172598315,-3.895357702078031e-05,554.4726302768753
2380,3646.5365009042853,-4.4464637040552863e-05,554.4726747415124
2381,3593.640173086462,-4.9621169904147193e-05,554.4727243626821
2382,3571.2158336229654,-5.32023440805612e-05,554.4727775650264
2383,3270.222812735208,-6.496081983299731e-05,554.472842525846
2384,3016.0080258282214,-6.749878199935359e-05,554.472910024628
2385,2826.570316739306,-8.887618545592683e-05,554.4729989008135
2386,2716.0012349706476,-0.0002415795250911883,554.4732404803386
2387,2739.5153205612273,-46.13489181369028,600.608132294029
2388,2801.9012655457745,-39.93490063536092,640.5430329293898
2389,2918.7601289253444,-0.0001544710042249165,640.5431874003943
2390,3154.51042015127,-5.91087053338341e-05,640.5432465090996
2391,3454.18854348933,-3.348467779528963e-05,640.5432799937771
2392,3799.8603180402997,7.1340174234971355e-06,640.5432728597599
2393,4164.284390788941,1.4049665877620567e-05,640.543258810094
2394,4512.876632163415,9.404074045003311,631.1391847650908
2395,4519.359662917802,0.27964243039526326,630.8595423346953
2396,4487.502345342716,5.184305575713266e-05,630.8594904916397
2397,4428.70833636481,3.512413202724267e-05,630.8594553675075
2398,4347.951421306767,2.4280488515028368e-05,630.8594310870193
2399,4251.453616583165,1.7649416078928334e-05,630.8594134376033
2400,4139.381570531191,1.3278823472878815e-05,630.8594001587796
2401,4033.943155440738,1.0656307096222766e-05,630.8593895024726
2402,3935.9360846339773,8.907922083641739e-06,630.8593805945505
2403,3852.802691539246,7.746649264940697e-06,630.8593728479013
2404,3790.9660880643555,-2.227730174124752e-05,630.859395125203
2405,3755.3875298756243,-2.272285665402881e-05,630.8594178480597
2406,3749.224941100645,-2.2821861469165504e-05,630.8594406699211
2407,3469.2375871494714,-3.29873840274842e-05,630.8594736573051
2408,3247.897148225428,-1.7038327843113475e-05,630.859490695633
2409,3100.3149529790526,-3.4289984656308465e-05,630.8595249856176
2410,3035.8219325507835,-4.5156843119636647e-05,630.8595701424606
2411,3057.4847591448224,-4.789358874408805e-05,630.8596180360496
2412,3162.1232026992,-3.7770641667771136e-05,630.8596558066913
2413,3340.7968972491235,-1.520943187270389e-05,630.8596710161232
2414,3579.691525347576,5.131775330127282e-06,630.8596658843479
2415,3861.3069001901827,7.874663776159691e-06,630.859658009684
2416,4165.8335902727995,1.4078343236086581e-05,630.8596439313409
2417,4472.601393636877,4.5295932162389466e-05,630.8595986354086
2418,4635.68358681056,125.80686248481013,505.05273615059855
2419,4636.216491918104,119.3150274039044,385.7377087466941
2420,4629.2270772498,90.56962345681909,295.1680852898751
2421,4625.301754240137,32.019567924528786,263.1485173653463
2422,4572.954175984118,0.00015832942589401287,263.1483590359204
2423,4473.023644305228,4.552513353087269e-05,263.1483135107869
2424,3979.583181001835,9.601002150214804e-06,263.1483039097847
2425,3871.17339974711,7.977780922861285e-06,263.1482959320038
2426,3770.374632834519,6.803064574299271e-06,263.14828912893927
2427,3684.5318383426857,5.9763166377002675e-06,263.14828315262264
2428,3619.931876348198,5.43341081395291e-06,263.1482777192119
2429,3581.370635545891,5.13713951101503e-06,263.14827258207237
2430,3571.822620620139,5.069631502532651e-06,263.14826751244084
2431,3334.8223273509884,-1.511691161305919e-05,263.1482826293525
2432,3141.2415476280457,-1.9718273561659843e-05,263.14830234762604
2433,3004.5136290735372,-4.858439254698253e-05,263.14835093201856
2434,2934.5439822361222,-4.588352634676749e-05,263.14839681554497
2435,2936.967903084476,-5.158493827673817e-05,263.14844840048323
2436,3012.648598777631,-4.384875726389993e-05,263.1484922492405
2437,3157.4716857714097,-1.9434226261668917e-05,263.1485116834668
2438,3362.4757626123205,-1.4684621480737226e-05,263.14852636808826
2439,3614.3360049672083,5.4270753337185985e-06,263.148520941013
2440,3896.189870863956,8.38838110250605e-06,263.1485125526318
2441,4188.762243247303,1.5008031379543369e-05,263.14849754460045
2442,4471.717897059406,4.614401480845383e-05,263.14845140058566
2443,4452.153880267639,4.037081103382561e-05,263.14841102977465
2444,4403.2901429147105,3.07975676603372e-05,263.148380232207
2445,4328.513613885574,2.2568042990545553e-05,263.148357664164
2446,4233.013548598579,1.6748591698831814e-05,263.1483409155723
2447,4123.430924772019,1.2814911035109705e-05,263.1483281006613
2448,4000.2229924903104,1.0007423178338142e-05,263.1483180932381
2449,3885.8771888247807,8.190412629611335e-06,263.14830990282553
2450,3781.250685669129,6.923073435115312e-06,263.1483029797521
2451,3693.75263851374,6.057117632392144e-06,263.1482969226345
2452,3629.647556964849,5.503050104317859e-06,263.1482914195844
2453,3593.6188081927085,5.217530571060929e-06,263.1482862020538
2454,3588.438181549908,5.181213658709195e-06,263.14828102084016
2455,3351.7815273044935,-1.4773656580454543e-05,263.14829579449673
2456,3165.972882778484,-1.8957908329652875e-05,263.1483147524051
2457,3043.3671021761784,-2.3188176283294276e-05,263.1483379405814
2458,2991.698628237552,-4.119873254379062e-05,263.148379139314
2459,3013.679844327356,-4.248849106823023e-05,263.148421627805
2460,3106.9691147045123,-3.5675753262216375e-05,263.1484573035583
2461,3264.48369043223,-1.663038898467104e-05,263.1484739339473
2462,3475.0088887688066,-1.2836840870084557e-05,263.14848677078817
2463,3724.037915738936,6.404282475613611e-06,263.1484803665057
2464,3994.769256696272,9.993181881800613e-06,263.1484703733238
2465,4269.187664043953,1.8764928599252693e-05,263.14845160839525
2466,4529.161660473672,8.025747980933757e-05,263.1483713509154
2467,4498.348563736488,5.7701361347867435e-05,263.1483136495541
2468,4434.781160281177,3.658206881002309e-05,263.14827706748525
2469,4341.9629315457505,2.380927737494816e-05,263.1482532582079
2470,4225.3208631568,1.6443444033611138e-05,263.1482368147639
2471,4091.8499989287825,1.1992631873425778e-05,263.148224822132
2472,4320.603920193621,2.1934941146616515e-05,263.14820288719085
2473,4178.3540811629755,1.451840935231503e-05,263.1481883687816
2474,4044.723890972529,1.0840477866813184e-05,263.1481775283037
2475,3927.80952563194,-2.1390406210273287e-05,263.1481989187099
2476,3834.595743230339,-2.3613609830067123e-05,263.14822253231966
2477,3770.4951917525464,-2.5629843334437153e-05,263.14824816216304
2478,3738.992799082074,-2.7137458710502855e-05,263.1482752996218
2479,3439.8528700587835,-3.786303021668245e-05,263.148313162652
2480,3185.8251983889168,-4.1509283990834184e-05,263.14835467193603
2481,2994.6649525564876,-6.015563458946172e-05,263.14841482757066
2482,2880.5623819557554,-0.00010443564277038877,263.1485192632134
2483,2852.9637918652643,-0.0010924045303293882,263.1496116677438
2484,2915.657207617127,-0.0007273663170844263,263.15033903406083
2485,3066.2368423331654,-6.654152803044909e-05,263.15040557558893
2486,3296.0009399195387,-1.6077874045907966e-05,263.150421653463
2487,3590.3368411490205,5.215685282524925e-06,263.1504164377777
2488,3929.5946407112733,8.828914768895025e-06,263.15040760886296
2489,4290.457292872716,1.9755887307671887e-05,263.1503878529756
2490,4578.411380072257,68.89613790626112,194.25424994671454
2491,4574.87354928462,61.26241092963818,132.99183901707633
2492,4557.394771357871,36.019633161741766,96.97220585533464
2493,4521.886610061695,6.180745999123473e-05,96.97214404787466
2494,4426.216174155455,3.3930976605841696e-05,96.97211011689808
2495,4312.65688546465,2.1033549199576702e-05,96.97208908334886
2496,4181.409174845351,1.447459779814299e-05,96.97207460875109
2497,4054.9424939446376,-2.2797250319230312e-05,96.97209740600141
2498,3934.1909599352407,-2.5557620761464868e-05,96.97212296362217
2499,3826.8314177368925,-2.8837712303564563e-05,96.97215180133449
2500,3739.5529197181586,-3.256692797688432e-05,96.97218436826249
2501,3677.6049201150145,-3.653016094259444e-05,96.97222089842343
2502,3644.4460473415184,-4.031835943335399e-05,96.97226121678288
2503,3318.9972544658235,-5.3724920022623294e-05,96.97231494170295
2504,3051.0156370617656,-5.973026199910073e-05,96.97237467196494
2505,2857.367311697817,-8.2045912712206e-05,96.97245671787765
2506,2749.2799537048486,-0.0001332197891057514,96.97258993766678
2507,2731.7255933158863,-0.0003907446723025384,96.9729806823391
2508,2803.283248410112,-0.0001880589310716899,96.97316874127019
2509,2956.465838906191,-8.432980123056819e-05,96.97325307107141
2510,3178.4501362538253,-4.68899995043096e-05,96.97329996107095
2511,3452.1358820830947,-3.201668147202709e-05,96.97333197775242
2512,3757.4350275313604,-3.0238528314938456e-05,96.97336221628072
2513,4072.6893817465334,-2.897310668201989e-05,96.97339118938748
2514,4373.1043265510325,3.013307990224704,93.96008319916277
2515,4354.936688457558,-2.8056090270573013e-05,93.96011125525305
2516,4305.397010594065,-2.8990916488115642e-05,93.96014024616956
2517,4230.480518049966,-3.024447858406178e-05,93.96017049064818
2518,4134.972833111037,-3.2104920855345654e-05,93.96020259556902
2519,4025.1332388758015,-3.4609135419559464e-05,93.96023720470444
2520,3901.0449923645633,-3.8071813957418524e-05,93.96027527651844
2521,3784.9817189450932,-4.1889814838257494e-05,93.96031716633328
2522,3677.559726779975,-4.6135960566535084e-05,93.96036330229389
2523,3586.066665261706,-5.041226755194004e-05,93.96041371456145
2524,3516.73892007806,-5.4075339222218545e-05,93.96046778990069
2525,3474.328518205297,-5.6349621612736415e-05,93.9605241395223
2526,3461.7716771487303,-5.6629504617423675e-05,93.96058076902693
2527,3184.717365559889,-6.63281673038051e-05,93.96064709719425
2528,2955.839554276761,-6.761299938026103e-05,93.96071471019366
2529,2791.190915591081,-8.63606979565376e-05,93.96080107089163
2530,2702.614395350796,-0.00014225464934084606,93.96094332554098
2531,2696.815194290868,-0.0006935220028643753,93.96163684754387
2532,2774.764399851045,-0.00023916418078705686,93.96187601172466
2533,2931.509511790969,-8.587030198856063e-05,93.96196188202666
2534,3156.413240395798,-5.667609611995203e-05,93.96201855812276
2535,3433.8382000248325,-3.8502251319505176e-05,93.9620570603741
2536,3744.2347699321153,-2.7660044601192283e-05,93.96208472041869
2537,4065.5600367682227,-2.694259622284544e-05,93.96211166301498
2538,4374.921202290822,-2.6478392192645205e-05,93.9621381414072
2539,4358.307389015981,-2.7158008335760772e-05,93.96216529941555
2540,4312.161166261331,-2.8698820739415617e-05,93.96219399823629
2541,4239.745084972959,-3.0605309406125e-05,93.9622246035457
2542,4146.133850873522,-3.317145185672012e-05,93.96225777499758
2543,4037.8694913380527,-3.640282584832759e-05,93.96229417782345
2544,3915.2909804722794,-4.0562439777195463e-05,93.96233474026326
2545,3800.9162769097493,-4.47706072039022e-05,93.9623795108705
2546,3695.5427662379207,-4.8769626031295854e-05,93.96242828049651
2547,3606.596218830228,-5.173121867578262e-05,93.96248001171524
2548,3540.3964576613303,-5.277351457163321e-05,93.96253278522983
2549,3501.722494864531,-5.142325333295122e-05,93.96258420848318
2550,3493.4822986879617,-4.7946196256783826e-05,93.96263215467944
2551,3260.108041600697,-5.403331496765286e-05,93.96268618799442
2552,3080.267905710892,-5.2268714962543204e-05,93.96273845670937
2553,2965.2741316381703,-5.1165395833428523e-05,93.96278962210528
2554,2921.627418905642,-6.474860879787344e-05,93.96285437071407
2555,2950.7984612170285,-6.569783949187924e-05,93.96292006855357
2556,3049.3726466789644,-5.7809571188590426e-05,93.96297787812479
2557,3209.5120057891745,-3.558062047786515e-05,93.9630134587453
2558,3419.669297355463,-1.3558502111368744e-05,93.9630270172474
2559,3665.4788105631237,5.857549169042854e-06,93.96302115969826
2560,3930.747647702982,8.895111581879311e-06,93.9630122645867
2561,4198.477939851609,1.5364500704544653e-05,93.96299690008601
2562,4451.862433396854,4.024646523087778e-05,93.9629566536208
2563,4434.610250940413,3.6234286028874806e-05,93.96292041933478
2564,4387.166072531302,2.8463861883776773e-05,93.96289195547288
2565,4312.985908633306,2.1284132034835053e-05,93.96287067134087
2566,4217.380800482361,1.5979339416390638e-05,93.96285469200146
2567,4107.161955883896,-2.1785085669949554e-05,93.96287647708715
2568,3982.9531892400196,-2.406352744509018e-05,93.96290054061461
2569,3867.5786873415013,-2.6546701158023304e-05,93.96292708731579
2570,3762.119650016074,-2.9171724051566064e-05,93.96295625903986
2571,3674.2674777107754,-3.1626357406366945e-05,93.96298788539727
2572,3610.5699653553256,-3.34689339677102e-05,93.96302135433125
2573,3575.982806550723,-3.4248509656535746e-05,93.96305560284092
2574,3573.5274613158954,-3.371319139350045e-05,93.96308931603232
2575,3323.3006125962597,-4.263746694270755e-05,93.96313195349927
2576,3115.6254739835886,-4.382939949593987e-05,93.9631757828988
2577,2966.5004331684777,-5.877483159283042e-05,93.9632345577304
2578,2888.5579966719697,-8.420382060583504e-05,93.96331876155102
2579,2889.980269774065,-0.00015412291181559173,93.96347288446283
2580,2973.6726892182382,-8.906938081218913e-05,93.9635619538437
2581,3136.7896686524577,-4.194693704162142e-05,93.96360390078073
2582,3370.679096373726,-1.4373559341237987e-05,93.96361827434008
2583,3661.2826204292114,5.874853958371785e-06,93.96361239948612
2584,3989.9858822577635,9.991481832905336e-06,93.9636024080043
2585,4334.870619203539,2.3739985892315415e-05,93.96357866801843
2586,4621.679752637141,50.60034782310073,43.36323084491771
2587,4621.463159610096,39.44031191490969,3.9229189300080454
2588,4616.062066928511,0.2940198333401403,3.628899096667915
2589,4541.798792431227,0.00012773031360036643,3.6287713663543206
2590,4442.342761510871,4.676874366740072e-05,3.6287245976106544
2591,4324.704706491711,2.67029846836664e-05,3.6286978946259576
2592,3811.376475929355,8.188615022467872e-06,3.6286897060109378
2593,3681.621012597853,-2.1440529384691348e-05,3.6287111465403212
2594,3558.62007871155,-2.3803552143877385e-05,3.6287349500924533
2595,3450.4275674377445,-3.294177523935558e-05,3.6287678918677018
2596,3364.0546348840667,-3.58277339222014e-05,3.6288037196016174
2597,3305.0076361008237,-3.851526263532568e-05,3.6288422348642455
2598,3276.928798976184,-4.0571580077051756e-05,3.6288828064443233
2599,2968.349631488437,-4.330175081450659e-05,3.6289261081951247
2600,2715.4341905311185,-4.8211197596279647e-05,3.6289743193927175
2601,2534.6635045869953,-0.0004924652297610555,3.629466784622473
2602,2438.2145277668765,-0.7897749009884836,4.41924168561093
2603,2444.386531931505,-15.009626974286094,19.428868659897013
2604,2510.21326856386,-0.0005960992659289577,19.429464759162926
2605,2673.823373862198,-0.00010681446833778805,19.429571573631243
2606,2908.8203915793515,-3.2310827023760524e-05,19.42960388445826
2607,3199.364315151685,-2.7769669263827132e-05,19.429631654127512
2608,3526.231531954177,-2.0016473214158288e-05,19.42965167060072
2609,3868.048990254358,1.5141763106234967e-05,19.4296365288376
2610,4202.62221030082,8.26905975854809e-05,19.429553838240032
2611,4199.099392266354,0.00010504457332569099,19.429448793666698
2612,4165.560690983468,9.809809880631897e-05,19.429350695567898
2613,4104.646879783422,8.687900249240856e-05,19.429263816565385
2614,4020.855816961076,-1.8908195760430546e-05,19.42928272476115
2615,3920.219264815725,-1.9944325528088708e-05,19.429302669086667
2616,3802.6439227857295,-2.1434882919609415e-05,19.429324103969563
2617,3690.3402077253395,-2.3163687119965904e-05,19.42934726765668
2618,3583.885190381348,-2.5202521865104834e-05,19.429372470178524
2619,3490.60947907709,-2.7480544143560195e-05,19.429399950722665
2620,3416.8557750629034,-3.5046761736192585e-05,19.429434997484385
2621,3367.53995648548,-3.741828619328648e-05,19.429472415770558
2622,3345.812228677006,-3.9366013891201776e-05,19.429511781784434
2623,3020.723231818712,-4.2077751538671455e-05,19.42955385953598
2624,2743.3645779699636,-4.7011892408257305e-05,19.42960087142838
2625,2533.1382122925856,-0.00027725850962791984,19.429878129937972
2626,2431.0169723673093,-26.123663447761945,45.5535415776999
2627,2465.594154003456,-97.86695244227286,143.42049401997278
2628,2502.3746702828053,-78.19160606560722,221.61210008557998
2629,2569.9389880324547,-0.00046862667029004594,221.6125687122502
2630,2794.0268085846756,-3.89842733549588e-05,221.61260769652358
2631,3079.5932928285074,-3.648188110101515e-05,221.61264417840468
2632,3405.140290155109,-3.302010376759331e-05,221.61267719850838
2633,3746.165533751981,-2.733883912189075e-05,221.61270453734753
2634,4077.061789092656,-2.7223347709610213e-05,221.6127317606952
2635,4047.0212923722024,-2.7566913786076768e-05,221.61275932760898
2636,3988.3900536677065,-2.4588375516497867e-05,221.61278391598455
2637,3904.442500363806,-0.006656154091830616,221.61944007007634
2638,3808.213848715944,-8.007306756586498,229.6267468266628
2639,3698.798165261264,-16.6080896491721,246.23483647583495
2640,3924.764728376753,4.02701739129501,242.20781908453992
2641,3807.976263688495,-1.8232651820031018,244.03108426654302
2642,3700.3008245465667,-7.189749501456659,251.22083376799966
2643,3607.8569047740175,-10.872520861086613,262.09335462908626
2644,3536.6922538001745,-12.706807326827679,274.80016195591395
2645,3491.438974998224,-12.648682427243752,287.4488443831576
2646,3474.997143689997,-10.785511019978737,298.2343554031364
2647,3211.400350922005,-7.3389941504300324,305.5733495535664
2648,3003.5953219957323,-2.6601637447591893,308.2335132983256
2649,2866.954493225419,0.0003215191916170586,308.23319177913396
2650,2809.0453037895013,0.00031646288997135897,308.23287531624396
2651,2828.719728617316,0.0007337658786521845,308.23214155036527
2652,2917.651150552423,4.600226119754711,303.6319154306106
2653,3062.3230326094654,18.85510598371824,284.77680944689234
2654,3272.1356129592223,20.948508081005553,263.8283013658868
2655,3523.2231699826743,19.336999770825038,244.49130159506177
2656,3797.268049435496,15.008651113932576,229.48265048112916
2657,4076.2222800356544,7.868884837767435,221.6137656433617
2658,4335.082481357485,5.047040508413243,216.56672513494843
2659,4314.459151684134,-0.0001790413830827622,216.56690417633155
2660,4258.191376826771,-0.00017352719925817857,216.5670777035308
2661,4174.724453335646,-0.00018990386388207384,216.56726760739463
2662,4069.3058366827418,-0.0002296644974411324,216.5674972718921
2663,3948.680050653407,-0.00031558631460070185,216.56781285820665
2664,3813.40682204661,-0.0005788601777201136,216.56839171838442
2665,3686.2468026991764,-0.003968457222592563,216.57236017560697
2666,3576.408866186534,-8.189382768338096,224.76174294394508
2667,3482.7889460891183,-15.801111481331885,240.56285442527698
2668,3408.8036638467393,-19.7292342080755,260.2920886333525
2669,3359.1238193087634,-19.686965214534766,279.9790538478872
2670,3336.7236353550443,-15.597838547569337,295.5768923954565
2671,3069.3471712612104,-7.606293265036913,303.1831856604934
2672,2847.0396782803186,-0.002606724145295902,303.18579238463866
2673,2692.1900341731966,-0.000543032750479419,303.1863354173891
2674,2608.6588924721837,-0.00032218705619284154,303.1866576044454
2675,2603.23303570082,-0.00024210339315975806,303.1868997078385
2676,2677.372153408276,-0.0002066385477925395,303.1871063463863
2677,2826.925628373613,-0.00019870124627803054,303.18730504763255
2678,3042.272291804722,-0.00026017061756928027,303.18756521825014
2679,3308.890164148912,0.0016212256514426574,303.1859439925986
2680,3598.371235234685,9.970079800881999,293.2158641917166
2681,3898.7839835985114,20.78119638234374,272.43466780937285
2682,4198.788897780444,21.65321888334727,250.78144892602555
2683,4177.225163652163,21.64205512762157,229.139393798404
2684,4133.7349825199435,12.567444648009547,216.57194915039443
2685,4066.080467835191,0.0037658187109511944,216.56818333168349
2686,3963.4496765034496,0.0004955182463751751,216.56768781343717
2687,3845.188964131429,-0.00039803089492817357,216.56808584433202
2688,3711.9620228575723,-0.0003579477752833116,216.56844379210733
2689,3586.661845297321,-0.00047891506737822307,216.56892270717472
2690,3470.513250584045,-0.0010461841120638909,216.56996889128672
2691,3374.1808792827615,-2.792747175789765,219.3627160670765
2692,3308.213054618502,-12.152625542306582,231.5153416093831
2693,3267.9444053058573,-18.203337463455956,249.71867907283897
2694,3256.148843082843,-20.41793558321975,270.1366146560587
2695,2991.0311277067576,-18.499318411311055,288.63593306736976
2696,2774.0158582282847,-12.366294801923488,301.0022278692933
2697,2619.2371802470984,-2.1846799432786153,303.18690781257186
2698,2548.29188741104,-0.0008690526254188149,303.18777686519724
2699,2560.0016503891256,-0.0005043184641710203,303.1882811836614
2700,2651.720295893356,-0.000400720583895304,303.18868190424536
2701,2817.9994940533825,-3.3424860867724515e-05,303.18871532910623
2702,3048.793695214691,-3.254005539770132e-05,303.1887478691616
2703,3330.0814269564135,-2.737128675433552e-05,303.1887752404483
2704,3644.6877018507935,-1.9632220317479827e-05,303.1887948726686
2705,3973.261139178835,-1.789518641093945e-05,303.18881276785504
2706,4295.366172422112,-1.6663021428186085e-05,303.1888294308765
2707,4291.592766862268,-1.6254651443547944e-05,303.1888456855279
2708,4255.769577519405,-1.6268029418064085e-05,303.1888619535573
2709,4190.757905651345,-1.6664001600815893e-05,303.1888786175589
2710,4101.345302091827,-1.7416580796110777e-05,303.18889603413965
2711,3993.9140466584904,-1.8508426791210693e-05,303.1889145425664
2712,3868.790038431709,-2.0032034849538393e-05,303.1889345746013
2713,3748.582299307839,-2.17473232849765e-05,303.18895632192454
2714,3634.347597254818,-2.3694367274421512e-05,303.1889800162918
2715,3533.8854295269252,-2.5759024823633744e-05,303.1890057753166
2716,3454.000738858552,-2.775781043580674e-05,303.18903353312703
2717,3400.050041577728,-3.455807782253371e-05,303.1890680912048
2718,3375.5882030289636,-3.570015084288903e-05,303.18910379135565
2719,3037.366267029653,-3.742838585654337e-05,303.1891412197415
2720,2747.635364537772,-4.128737552806259e-05,303.189182507117
2721,2530.842223784032,-0.00018953040570727597,303.18937203752273
2722,2404.620386460357,-0.0005114886608333182,303.1898835261835
2723,2412.1567660751266,-37.05864571045532,340.2485292366389
2724,2449.972868890522,-5.709052875681421,345.95758211232027
2725,2607.4436239287515,-0.00014946646827239111,345.9577315787886
2726,2853.631918734301,-3.0096779404566943e-05,345.95776167556795
2727,3166.250135869611,-2.7224320409508122e-05,345.9577888998883
2728,3524.280610477226,-2.3355675988668578e-05,345.95781225556436
2729,3903.7019161353332,2.3854736366393235e-05,345.957788400828
2730,4272.1566893948075,6.968710558639933,338.989077842188
2731,4271.431820102749,5.2695414162371454,333.7195364259509
2732,4246.05007670224,0.0002578285325242834,333.71927859741834
2733,4189.967344789941,7.938656685131052e-05,333.71919921085146
2734,4113.040178844253,4.095552318482257e-05,333.7191582553283
2735,4021.3223802594534,2.6033291079504144e-05,333.71913222203716
2736,3914.702610315606,1.8254196976488653e-05,333.71911396784026
2737,3815.217553583903,-1.8079027563061765e-05,333.7191320468678
2738,3723.295528513187,-1.8635676146013738e-05,333.71915068254395
2739,3646.0323655688794,-1.90842971646219e-05,333.7191697668411
2740,3589.488004984307,-1.935415580549953e-05,333.7191891209969
2741,3558.25818377566,-1.9391450138014815e-05,333.71920851244704
2742,3555.1474400603965,-1.9172401971560095e-05,333.71922768484893
2743,3273.2060962835885,-2.481728155743483e-05,333.7192525021305
2744,3046.9395454704577,-2.542772165222825e-05,333.7192779298521
2745,2890.857241380607,-1.3633084796048163e-05,333.7192915629369
2746,2814.1931920516577,-1.4890736666366742e-05,333.71930645367354
2747,2820.5091682713273,-1.5214420975042037e-05,333.7193216680945
2748,2907.6942850572036,-1.4432768529538936e-05,333.7193361008631
2749,3068.3267818038134,-1.287639213211239e-05,333.7193489772552
2750,3290.3445615752803,-8.022680562132876e-06,333.7193569999357
2751,3557.9591931336495,8.886868131384313e-06,333.7193481130676
2752,3852.743338637957,1.5740808591227752e-05,333.71933237225903
2753,4154.822235381397,5.794393176460432e-05,333.71927442832725
2754,4422.449689651334,21.654993848626237,312.06428057970095
2755,4396.100526213263,21.65498507074991,290.409295508951
2756,4340.079646801481,21.65494464654947,268.75435086240157
2757,4270.156778950666,9.415449972300719,259.33890089010083
2758,4176.601245561582,7.295918264903857e-05,259.33882793091817
2759,4059.6054068049743,-1.7665112410662594e-05,259.3388455960306
2760,3551.026512301152,-2.543431141975896e-05,259.33887103034203
2761,3429.8007897970533,-2.8105237507498145e-05,259.3388991355795
2762,3318.763714033329,-3.6095825309966824e-05,259.33893523140483
2763,3225.4542091553517,-3.880439936029201e-05,259.3389740358042
2764,3156.2618938887167,-4.0867563265334054e-05,259.33901490336746
2765,3115.9898766880087,-4.171382000102769e-05,259.33905661718745
2766,3107.523490656391,-4.1124311094023156e-05,259.3390977414985
2767,2837.962223446994,-4.294930472824434e-05,259.3391406908033
2768,2618.69605932698,-4.311225857994336e-05,259.3391838030618
2769,2465.6163545621894,-0.0002517048758158656,259.3394355079377
2770,2390.1049187060576,-0.0005900561367612431,259.34002556407444
2771,2398.102016374961,-0.0004884051239585028,259.3405139691984
2772,2489.5690203870513,-0.00020325708133508502,259.34071722627965
2773,2658.402123320451,-6.622362371126435e-05,259.3407834499034
2774,2892.821509589392,-2.727567591795318e-05,259.3408107255793
2775,3176.2160436431473,-8.76311427738551e-06,259.34081948869357
2776,3488.379933294241,-6.617519435234978e-06,259.340826106213
2777,3807.0416069090356,1.9945610475020354e-05,259.3408061606025
2778,4109.556855774143,0.00047301575499262324,259.3403331448475
2779,4092.4016910693863,0.0003936347145782608,259.3399395101329
2780,4043.413580260093,-1.7663583343266812e-05,259.33995717371624
2781,3965.9100541299617,-1.9033874739433115e-05,259.339976207591
2782,3865.1093834627313,-2.1054807104593993e-05,259.339997262398
2783,3747.7770252979963,-2.3892048217170187e-05,259.34002115444633
2784,3614.5930814865405,-2.7968734772849167e-05,259.340049123181
2785,3488.3280869364503,-3.327146697168199e-05,259.340082394648
2786,3370.216355422739,-4.025970111286371e-05,259.3401226543491
2787,3268.0945709759267,-5.41693943307901e-05,259.3401768237434
2788,3188.697035822152,-6.383167032042665e-05,259.3402406554137
2789,3143.3807965446267,-6.17871679144405,265.51895744685777
2790,3129.1506960937377,-12.266533883112833,277.78549132997057
2791,2886.449141712201,-13.729235867595706,291.51472719756623
2792,2689.9174631984274,-11.083085444427134,302.59781264199336
2793,2551.5656407218544,-4.6133858313643525,307.2111984733578
2794,2484.6956803853727,-0.0001269465953981633,307.21132541995314
2795,2495.28301930409,-0.00012348847445038034,307.2114489084276
2796,2577.481694249081,1.172076411091355e-05,307.2114371876635
2797,2725.788390391043,3.8060061426492675e-05,307.21139912760196
2798,2930.806850251268,8.244899679379922e-05,307.2113166786052
2799,3179.795072640524,0.0001805737582624656,307.2111361048469
2800,3457.3531878986705,0.0005448590072316016,307.21059124583974
2801,3744.510024019226,1.7212064064819137,305.4893848393578
2802,4020.59892043041,7.6289957992222,297.8603890401356
2803,4003.3332325455885,6.852219956187462,291.00816908394813
2804,3960.8118106662664,0.008938666303804682,290.9992304176443
2805,3883.245284734591,0.0003917589037286277,290.99883865874057
2806,3782.483841821338,0.00015217697964836077,290.9986864817609
2807,3665.131150866621,7.58462504932169e-05,290.99861063551043
2808,3909.8970119903865,0.00030995668072634304,290.99830067882965
2809,3783.129668220104,0.00010429000615917603,290.9981963888235
2810,3664.18416060765,5.0666964555093334e-05,290.9981457218589
2811,3560.9051590372105,2.4597694944981886e-05,290.99812112416396
2812,3480.086838238517,8.109257208191086e-06,290.9981130149068
2813,3427.016743472071,-3.5175421414083453e-06,290.9981165324489
2814,3407.446114820327,-2.3240076247066,293.32212415715543
2815,3095.864223556661,-9.45272287577363,302.7748470329291
2816,2828.349611646671,-13.281753629371662,316.05660066230075
2817,2624.93930132991,-13.74205984637436,329.7986605086751
2818,2501.568152909489,-10.953687250495685,340.75234775917085
2819,2468.706373165437,-5.2098969972077045,345.9622447563785
2820,2533.4376210444902,-0.00020263224136106913,345.9624473886198
2821,2697.0043034708365,-9.444386353197323e-05,345.9625418324834
2822,2943.8486931234997,-3.2082219882115786e-05,345.9625739147032
2823,3257.3819654087542,-2.7279415210921e-05,345.9626011941184
2824,3615.964926910039,-1.9921696703203804e-05,345.9626211158151
2825,3994.519373958067,-1.8460724089775067e-05,345.96263957653923
2826,4366.425219748165,-1.733820682836802e-05,345.96265691474605
2827,4360.873052340894,-1.7031179274103107e-05,345.96267394592536
2828,4324.7085643401115,-1.7079406765627376e-05,345.96269102533205
2829,4260.688967101922,-1.745128177019269e-05,345.96270847661384
2830,4173.441678301382,-1.8111830426048713e-05,345.9627265884443
2831,4069.1384913192232,-1.9036109430244457e-05,345.9627456245537
2832,3947.9244172478247,-2.0298443164167118e-05,345.9627659229968
2833,3831.9781896890263,-2.162173291577679e-05,345.96278754472974
2834,3722.1208313016023,-2.302707842288284e-05,345.9628105718082
2835,3625.834092124187,-2.4393435359145044e-05,345.96283496524353
2836,3549.6079073531146,-2.5569107385293324e-05,345.96286053435085
2837,3498.4991342211033,-2.6393342680057117e-05,345.9628869276936
2838,3475.7905078407457,-2.6734953593973532e-05,345.96291366264717
2839,3159.7017732793606,-3.2558715138684086e-05,345.9629462213623
2840,2897.4754323210595,-3.518659126628468e-05,345.9629814079535
2841,2705.7089403563837,-3.4191163941408604e-05,345.9630155991174
2842,2596.0871196663265,-8.179192600377556e-05,345.96309739104345
2843,2574.767952177747,-9.936038509928697e-05,345.96319675142854
2844,2642.1251684349763,-8.809717562860521e-05,345.96328484860413
2845,2792.840387634709,-5.14179407119678e-05,345.96333626654484
2846,3016.322665273242,-2.736408694335162e-05,345.96336363063176
2847,3297.420746814496,-2.3979199895387293e-05,345.96338760983167
2848,3617.384652691516,-1.7519589639723464e-05,345.9634051294213
2849,3955.026284159892,-1.6854310826461983e-05,345.96342198373213
2850,4288.021672190078,0.0005897326758875163,345.9628322510563
2851,4272.90635271182,0.0001771786471666189,345.96265507240906
2852,4230.180819272104,-1.665801093292923e-05,345.96267173041997
2853,4162.979280057892,-1.7094516566327114e-05,345.96268882493655
2854,4076.199124533764,-1.7681975057352153e-05,345.9627065069116
2855,3976.162552553697,-1.8370406445804905e-05,345.962724877318
2856,3863.0583474666114,-1.917935045288808e-05,345.96274405666844
2857,3758.915639658822,-1.984699176191129e-05,345.9627639036602
2858,3664.3384418478513,-2.0357072669938272e-05,345.9627842607329
2859,3586.4468061515454,-2.0610823563742367e-05,345.9628048715565
2860,3531.2555671969903,-2.0534796165408063e-05,345.96282540635264
2861,3503.247816539844,-2.010239533756445e-05,345.962845508748
2862,3505.052376601125,-1.9342868018304392e-05,345.96286485161596
2863,3204.667327079277,-2.4540772035613223e-05,345.962889392388
2864,2957.070957312739,-2.6966203314847338e-05,345.96291635859126
2865,2780.633447761281,-1.67182469386869e-05,345.96293307683817
2866,2688.5109668334844,-5.00429197990435e-05,345.962983119758
2867,2687.5801872565185,-5.7939962376651943e-05,345.96304105972035
2868,2777.864207901694,-4.727672287825235e-05,345.9630883364433
2869,2952.5080508440587,-1.3717744999116713e-05,345.96310205418825
2870,3198.3139800601934,-1.149606127053532e-05,345.96311355024955
2871,3496.794322043427,-6.62345147377375e-06,345.963120173701
2872,3825.652399913709,1.0354899968117971e-05,345.96310981880106
2873,4160.561263314999,2.1410661611656594e-05,345.9630884081394
2874,4477.073544753958,0.010206461732048205,345.9528819464074
2875,4451.283074479205,0.00023304471619953312,345.95264890169113
2876,4394.2245450262935,7.536111701060264e-05,345.9525735405741
2877,4309.529670026115,3.814138207389773e-05,345.952535399192
2878,4202.682322408275,2.3686601377688434e-05,345.95251171259065
2879,4080.669383374552,1.6551722934596977e-05,345.9524951608678
2880,3944.422045832697,1.231973900062438e-05,345.9524828411287
2881,3816.67290513999,9.84268523415141e-06,345.9524729984435
2882,3698.8020096431123,8.21993401202947e-06,345.95246477850947
2883,3598.6605747080275,-1.718380254762577e-05,345.95248196231205
2884,3522.947729745255,-1.7828243239116185e-05,345.95249979055524
2885,3476.7612557605516,-2.3183939655750123e-05,345.9525229744949
2886,3463.254812927482,-2.3086510679775857e-05,345.95254606100565
2887,3227.3545343077644,-2.35150519086406e-05,345.9525695760575
2888,3045.1361276559755,-9.765835996559854e-06,345.9525793418935
2889,2927.576235128006,-1.4197957960998065e-05,345.9525935398515
2890,2881.3486814142684,-1.4881225672166469e-05,345.9526084210771
2891,2908.6191539767938,-1.3230727326693268e-05,345.95262165180446
2892,3007.092551475861,-1.2514334597747366e-05,345.952634166139
2893,3170.2810942708616,-8.767198615434049e-06,345.9526429333376
2894,3387.9584396107766,-7.24422835072297e-06,345.95265017756594
2895,3646.7668468451175,7.655869088591563e-06,345.9526425216968
2896,3930.9492661764775,1.1958005785647582e-05,345.9526305636911
2897,4223.182076673659,2.495531798620073e-05,345.95260560837306
2898,4489.315602831707,16.171374475304653,329.78123113306845
2899,4489.0797920097475,8.006654359032327,321.77457677403606
2900,4456.628809416774,0.00019759719502954998,321.774379176841
2901,4387.187178366178,6.32296249787642e-05,321.77431594721605
2902,4293.761078241708,3.343281883395462e-05,321.77428251439716
2903,4182.934419820891,2.157156304651309e-05,321.7742609428342
2904,4055.352782842491,1.5310169279017836e-05,321.7742456326649
2905,3933.4882843958626,1.1923184816957054e-05,321.7742337094801
2906,3818.6394960156467,9.79214993460996e-06,321.77422391733006
2907,3718.6547541113905,8.406173750302005e-06,321.7742155111564
2908,3640.3297522228418,7.516518127520294e-06,321.77420799463823
2909,3588.9501901226595,6.998653130541209e-06,321.7742009959851
2910,3567.9379499870656,-1.732955040253619e-05,321.7742183255355
2911,3273.8703015054216,-2.352243572440631e-05,321.77424184797115
2912,3026.5995218671383,-2.467323907708627e-05,321.7742665212103
2913,2844.1811257685376,-2.6142540610746888e-05,321.7742926637509
2914,2740.3805868192394,-4.2210786395789434e-05,321.77433487453726
2915,2723.5302457010757,-5.034992889072666e-05,321.7743852244661
2916,2795.784755658083,-4.4627043724272986e-05,321.7744298515098
2917,2952.850675767107,-1.370814794381153e-05,321.77444355965775
2918,3184.224449173637,-1.1602699753020805e-05,321.7744551623575
2919,3473.9263396976116,-6.714926037696461e-06,321.77446187728356
2920,3801.6730266896534,9.546558731465269e-06,321.7744523307248
2921,4144.390737526966,1.9124865028499336e-05,321.77443320585974
2922,4477.940607141587,0.00043812394102567086,321.7739950819187
2923,4464.329343037711,0.00022698210153273602,321.7737680998172
2924,4420.061196453684,8.871297899197131e-05,321.7736793868381
2925,4348.0835830814485,4.502130829586967e-05,321.77363436552986
2926,4253.226248510147,2.751660557357077e-05,321.7736068489243
2927,4141.8697042151525,1.894758501263826e-05,321.7735879013393
2928,3636.3147177148244,-1.678689935587062e-05,321.7736046882386
2929,3515.046953949017,-1.8175922175856573e-05,321.77362286416076
2930,3401.0210940551397,-2.4908544420401006e-05,321.7736477727052
2931,3301.8828671220467,-2.685883518848149e-05,321.7736746315404
2932,3224.256275595116,-2.8868574948660772e-05,321.7737035001153
2933,3173.2954648484924,-3.0716255513562994e-05,321.77373421637077
2934,3152.3376701053808,-3.218779620487588e-05,321.773766404167
2935,2852.7553558002164,-3.660116085597972e-05,321.7738030053279
2936,2603.193627754998,-3.9611017283893186e-05,321.7738426163452
2937,2419.8824391028684,-0.00018335738641308356,321.77402597373157
2938,2314.8635223130304,-0.0003944000629070767,321.7744203737944
2939,2295.293843841394,-0.0004896898813195934,321.7749100636757
2940,2363.0212267536963,-0.00017460923480243403,321.77508467291057
2941,2514.44850159102,-9.841461132243963e-05,321.7751830875219
2942,2740.689271068033,-3.1799254441404623e-05,321.7752148867763
2943,3028.0202566380813,-2.9560838174267722e-05,321.77524444761445
2944,3358.6155917707524,-2.6357030875622678e-05,321.7752708046454
2945,3711.54379226291,-2.0440824135860088e-05,321.7752912454695
2946,4063.9908920207104,-1.996049669001156e-05,321.7753112059662
2947,4055.3870026999216,-2.0160422825733394e-05,321.775331366389
2948,4017.363645132438,-2.0683237554132583e-05,321.7753520496265
2949,3952.795661721649,-2.1534904559304858e-05,321.7753735845311
2950,3866.374498331456,-2.2714705947982556e-05,321.77539629923706
2951,3764.27870156841,-2.421088820416026e-05,321.7754205101253
2952,3646.726366100777,-2.6140241516785223e-05,321.7754466503668
2953,3535.536566495931,-2.8144832002792345e-05,321.77547479519876
2954,3431.4914368121013,-3.022438704036166e-05,321.7755050195858
2955,3341.860180967291,-3.715178184424985e-05,321.77554217136753
2956,3272.8792292720505,-3.8853489002458354e-05,321.7755810248566
2957,3229.3204918869733,-3.986919009197815e-05,321.7756208940467
2958,3214.1612000095797,-4.0013229036158364e-05,321.7756609072757
2959,2867.9519705494477,-4.08485637203117e-05,321.7757017558395
2960,2574.590522077822,-4.42791374467809e-05,321.77574603497686
2961,2353.8831839307654,-0.00024604551801922134,321.7759920804949
2962,2225.4556290401742,-4.8312116276664225,326.6072037081613
2963,2225.655409919002,-41.112904501668496,367.72010820982973
2964,2260.3760279303633,-6.087297733556849,373.80740594338664
2965,2418.901957902108,-0.00016382749377512237,373.8075697708804
2966,2665.158023795818,-6.947696842393516e-05,373.8076392478489
2967,2973.8540095766334,-3.0378866537484684e-05,373.8076696267154
2968,3321.383709178335,-2.739598491494713e-05,373.80769702270027
2969,3681.6485944502992,-2.1890959343550884e-05,373.80771891365964
2970,4028.1317035572083,-2.2013683014295855e-05,373.8077409273427
2971,4003.4826179289676,-2.3000547292734895e-05,373.80776392789005
2972,3950.3876952101105,-2.453175011267834e-05,373.80778845964005
2973,3872.305286842558,-2.6682403702318763e-05,373.80781514204375
2974,3774.4782104900232,-2.9536042825518668e-05,373.80784467808655
2975,3663.5828462463337,-3.316538797059308e-05,373.80787784347456
2976,3918.441554585096,-2.6118174208567866e-05,373.8079039616488
2977,3804.8466283994353,-2.8618325013629473e-05,373.80793257997374
2978,3701.9872133760173,-3.0983632653549345e-05,373.80796356360645
2979,3617.242371158445,-3.2825663881625744e-05,373.80799638927033
2980,3556.8340968112066,-3.3729626315829225e-05,373.80803011889657
2981,3525.392872547191,-3.342587938967783e-05,373.808063544776
2982,3525.62949348885,-3.193672797829277e-05,373.808095481504
2983,3274.282149697085,-3.50069947339005e-05,373.8081304884987
2984,3077.5255164661817,-3.309609055613486e-05,373.80816358458924
2985,2947.815529474442,-3.208723137197645e-05,373.8081956718206
2986,2893.0193864891767,-2.9955327576685186e-05,373.8082256271482
2987,2916.094095110624,-2.7870898925118284e-05,373.8082534980472
2988,3015.049732473335,-2.5786703754866902e-05,373.80827928475094
2989,3183.1767403754075,-1.1586447126667757e-05,373.808290871198
2990,3409.51058850445,-7.01839636161897e-06,373.8082978895943
2991,3679.5042589795435,7.959317164233825e-06,373.80828993027717
2992,3975.8777016561744,1.2868001695873391e-05,373.80827706227547
2993,4279.6110970822765,3.047603783141941e-05,373.80824658623766
2994,4527.46916171426,43.57603927179336,330.2322073144443
2995,4517.942508936872,32.44442822634787,297.7877790880964
2996,4496.2530334636485,0.7106223940649065,297.0771566940315
2997,4414.240018166327,7.709325562944506e-05,297.0770796007759
2998,4307.606047706219,3.425660990994343e-05,297.0770453441659
2999,4184.020811358608,2.1007033944891342e-05,297.077024337132
3000,4044.6005242264523,-1.7076072199541475e-05,297.07704141320426
3001,3911.8893501764937,-1.8793325650355194e-05,297.0770602065299
3002,3787.5765958881275,-2.0646961529157248e-05,297.07708085349134
3003,3679.729606311453,-2.2484637471095926e-05,297.07710333812884
3004,3595.307596562105,-2.4077390922636174e-05,297.0771274155198
3005,3539.7017267060423,-2.5153949681872707e-05,297.0771525694695
3006,3516.3806707878766,-2.548496847427959e-05,297.0771780544379
3007,3229.4625773149623,-3.0618015585668095e-05,297.0772086724535
3008,2995.3081883182635,-3.0487303922321335e-05,297.0772391597575
3009,2830.510083517709,-3.0619490265101295e-05,297.07726977924773
3010,2746.8123338129217,-2.9411672828282902e-05,297.0772991909206
3011,2750.193170438648,-4.416846221181128e-05,297.0773433593827
3012,2840.392090891457,-2.59260419438901e-05,297.07736928542465
3013,3010.9255034296334,-1.284870059475999e-05,297.0773821341253
3014,3249.5897868689012,-8.018647490055555e-06,297.07739015277275
3015,3539.4075157050065,6.632900040944141e-06,297.07738351987274
3016,3859.9323422000302,1.052247483556469e-05,297.0773729973978
3017,4188.797577537384,2.1913398894168132e-05,297.07735108399896
3018,4492.005588777541,11.369758521876417,285.70759256212244
3019,4491.494246356067,7.03712957087476,278.67046299124775
3020,4462.425273670866,0.00023224992440457865,278.67023074132334
3021,4397.8722825519435,7.134407962775265e-05,278.6701593972437
3022,4309.59805520891,3.6958262429484374e-05,278.67012243898137
3023,4203.908359057566,2.3565961170874715e-05,278.6700988730202
3024,4081.3339863586525,1.6596763677160858e-05,278.67008227625644
3025,3963.7813409219475,1.2882826222304647e-05,278.67006939343014
3026,3852.4803424700644,1.0556629846463386e-05,278.6700588368004
3027,3755.0911633366577,9.057532308706702e-06,278.670049779268
3028,3678.2651967850866,8.103857170376442e-06,278.6700416754109
3029,3627.192861564302,-1.632772063230797e-05,278.6700580031315
3030,3605.2525814443943,-1.680666272632723e-05,278.6700748097942
3031,3334.0283124377484,-2.2616952859077226e-05,278.67009742674713
3032,3107.810456489352,-2.3536804567565396e-05,278.6701209635516
3033,2941.022192263857,-2.496794807385418e-05,278.67014593149975
3034,2844.5695597606727,-2.5073173894204702e-05,278.6701710046736
3035,2825.2158956125327,-1.4255388701698014e-05,278.67018526006234
3036,2885.1463457344294,-1.3867602716049415e-05,278.67019912766506
3037,3021.7442520180985,-1.2639762857166233e-05,278.67021176742793
3038,3227.6017012948414,-8.121551627276683e-06,278.67021988897955
3039,3490.784076214144,-6.458963958055762e-06,278.67022634794347
3040,3795.3625773857434,9.984172270937605e-06,278.67021636377115
3041,4122.217026413294,1.9940222637712803e-05,278.6701964235485
3042,4450.0919894947965,0.001743326133365315,278.6684530974151
3043,4432.279594871327,0.00035228575827791515,278.66810081165687
3044,4384.7126611264985,0.00010412825025119074,278.66799668340667
3045,4310.362051480311,4.9322187132792396e-05,278.6679473612195
3046,4214.032020389258,2.9410843831092886e-05,278.6679179503756
3047,4102.030759629878,2.0035333816548883e-05,278.6678979150418
3048,3974.858814129453,1.464922131811608e-05,278.6678832658205
3049,3854.217843404394,1.1605705170870627e-05,278.66787166011534
3050,3741.193715471086,9.644723887861867e-06,278.66786201539145
3051,3643.225831345493,8.353955518585461e-06,278.6678536614359
3052,3566.719160304743,-1.6057972047415584e-05,278.667869719408
3053,3516.6061712407113,-2.1440039414638655e-05,278.6678911594473
3054,3496.0101891972804,-2.178125941757679e-05,278.6679129407067
3055,3141.4253277401685,-2.3224395342674874e-05,278.6679361651021
3056,2841.3128052698603,-2.7025584828694827e-05,278.6679631906869
3057,2615.8077758517456,-7.065525348981904e-05,278.6680338459404
3058,2479.9578225272317,-8.056472015253985e-05,278.6681144106605
3059,2442.701785135177,-0.00010406077586093746,278.66821847143643
3060,2506.2650448478794,-9.475900762100914e-05,278.668313230444
3061,2666.81004948562,-6.597136529954532e-05,278.6683792018094
3062,2917.693188761979,-1.377293100638558e-05,278.66839297474036
3063,3235.2511506776814,-7.98093317616773e-06,278.66840095567346
3064,3595.9907036519426,8.433287334377168e-06,278.6683925223861
3065,3973.5719709552836,1.740976803685595e-05,278.6683751126181
3066,4340.84161097305,0.0008055930474025323,278.6675695195707
3067,4322.844980498269,0.00045441546449859264,278.6671151041062
3068,4275.787321242447,-1.48984261891293e-05,278.6671300025324
3069,4202.793561485658,-1.571412485121354e-05,278.6671457166572
3070,4108.78674906415,-1.676769418167473e-05,278.6671624843514
3071,4000.146885269245,-1.8045872112406828e-05,278.6671805302235
3072,3877.431735745104,-1.9606622877507465e-05,278.6672001368464
3073,3762.222836564782,-2.120354425473444e-05,278.6672213403906
3074,3655.5436168993247,-2.2802048157664918e-05,278.6672441424388
3075,3564.671930320518,-2.423419745498688e-05,278.6672683766363
3076,3495.7957868455696,-2.5302548805959732e-05,278.6672936791851
3077,3453.5826057357913,-2.5828132018280565e-05,278.6673195073171
3078,3440.8523529094455,-2.5711838549747192e-05,278.6673452191556
3079,3140.0079590571127,-3.076539801530166e-05,278.66737598455364
3080,2891.880292215549,-3.0777934505947025e-05,278.66740676248816
3081,2712.1276571934345,-3.106176775405418e-05,278.6674378242559
3082,2611.8128031306615,-5.7032158617213065e-05,278.66749485641446
3083,2596.7889830321947,-6.535671883290607e-05,278.66756021313324
3084,2667.387854023276,-5.996882431688474e-05,278.66762018195755
3085,2818.4191581005603,-2.5790736154452347e-05,278.6676459726938
3086,3039.4828622136006,-2.389335584579081e-05,278.66766986604955
3087,3315.583399903406,-2.0869781527024987e-05,278.6676907358311
3088,3628.0248648129846,-1.4882343308087134e-05,278.6677056181744
3089,3955.5512091399755,-1.4423645322299511e-05,278.6677200418198
3090,4275.68032066861,-1.4205038524656893e-05,278.66773424685823
3091,4245.26101913958,-1.467758646195137e-05,278.6677489244447
3092,4184.880537523152,-1.540676687761053e-05,278.6677643312116
3093,4098.1386156100125,-1.6058801994850854e-05,278.66778039001355
3094,3990.4775450486145,-1.3118164935867866e-05,278.6677935081785
3095,3868.8246412795743,-0.00018893129390838985,278.66798243947244
3096,3356.185045333904,-0.0002840894821924368,278.66826652895463
3097,3230.896275973033,-0.0003388075323977071,278.66860533648696
3098,3116.3823300824088,-0.0005536565113545769,278.66915899299835
3099,3020.3750921301544,-0.0019893543382316775,278.6711483473366
3100,2954.854965951016,-5.417477228323754,284.08862557566033
3101,2920.162031867578,-11.630282526543551,295.7189081022039
3102,2913.793285209033,-13.131951539085165,308.85085964128905
3103,2618.7012296058797,-9.94273941957724,318.7935990608663
3104,2377.7896799545306,-2.34470684732256,321.13830590818884
3105,2217.4803759310325,-0.0008941668054773033,321.13920007499433
3106,2145.977755965647,-0.0005973159295804256,321.1397973909239
3107,2165.5886792659358,-0.00046584405925718654,321.14026323498314
3108,2274.202990704288,-0.00024014555541418544,321.1405033805385
3109,2463.201549075465,-0.0001629845811579428,321.1406663651197
3110,2718.221197015049,-0.00010751346983951836,321.1407738785895
3111,3020.3590925718386,-9.398561748347832e-05,321.14086786420705
3112,3347.699607828797,-8.56915705340924e-05,321.1409535557776
3113,3673.390539585911,3.634200855792922,317.50675269998465
3114,3977.831354793737,7.7269602392935886,309.77979246069106
3115,3967.670542316707,7.708200624799042,302.0715918358921
3116,3928.561198772597,3.587421235633258,298.4841706002587
3117,3858.9989813281104,-8.071397954284644e-05,298.48425131423824
3118,3761.016281999263,-8.805233305165137e-05,298.4843393665714
3119,3644.898448928079,-9.932356562015608e-05,298.484438690137
3120,3511.7491257344236,-0.00011741708574740159,298.4845561072228
3121,3383.5668869114584,-0.00014582160409746953,298.4847019288268
3122,3262.151877958151,-0.00019708499064400337,298.4848990138174
3123,3155.5520497953316,-0.0003174422855097559,298.48521645610293
3124,3070.7747093321277,-0.0007707527340265994,298.48598720883695
3125,3016.4835115828955,-3.1613813203199217,301.64736852915695
3126,2998.3568024353917,-11.519254077206124,313.16662260636303
3127,2749.289979203711,-15.942734315739964,329.109356922103
3128,2543.0206631378296,-16.42804982583782,345.5374067479408
3129,2392.737545891969,-13.270088299313091,358.80749504725395
3130,2307.923499409543,-6.478416622220697,365.2859116694746
3131,2298.0714033174386,-0.0027751729348513537,365.28868684240945
3132,2370.6046921223947,-0.0006100137618469082,365.2892968561713
3133,2515.8747726862443,-0.000331367573451863,365.2896282237448
3134,2726.297242455927,-0.00024053428207173675,365.28986875802684
3135,2990.1461730912342,-0.00019636953586340915,365.2900651275627
3136,3292.0581393766693,-0.000177509500367869,365.290242637063
3137,3613.7867443781147,-0.00017609914400264893,365.29041873620696
3138,3935.195390723354,-0.0002513293253218748,365.29067006553225
3139,3934.69875626692,-9.929016351015027e-06,365.29067999454867
3140,3904.592686831497,-1.7509877714153654e-05,365.2906975044264
3141,3847.5848974454643,-1.9653974519410687e-05,365.29071715840087
3142,3768.241031102308,-2.1328734835223435e-05,365.29073848713574
3143,3672.659416854278,-2.3117439472473596e-05,365.2907616045752
3144,3939.4817944957613,-1.7577497332159875e-05,365.2907791820725
3145,3833.629268696811,-1.9129949687488073e-05,365.2907983120222
3146,3734.398614198809,-2.0704369548064008e-05,365.29081901639177
3147,3649.155892478124,-2.220666313692421e-05,365.29084122305494
3148,3584.265334660999,-2.3499183012332563e-05,365.2908647222379
3149,3544.6483192914307,-2.4425453225553063e-05,365.29088914769113
3150,3533.442757636774,-2.4850833983075935e-05,365.29091399852507
3151,3210.716003834007,-3.023311624922316e-05,365.29094423164133
3152,2937.775824822154,-3.075648027490417e-05,365.29097498812166
3153,2734.7142981136462,-3.1626783091441144e-05,365.29100661490475
3154,2616.601454720607,-5.9196400665703435e-05,365.2910658113053
3155,2592.3109419240423,-6.87926902468742e-05,365.29113460399566
3156,2663.839012394881,-6.302785962412064e-05,365.29119763185525
3157,2826.1712117495244,-4.28610888388308e-05,365.291240492944
3158,3067.7016406081148,-2.4683000762146047e-05,365.2912651759448
3159,3371.160168905022,-2.1386647859595437e-05,365.29128656259275
3160,3714.9595684694364,-1.5355665912507053e-05,365.29130191825857
3161,4074.841562085328,-1.4567386672436303e-05,365.2913164856453
3162,4425.680256506631,-1.3581590733171853e-05,365.29133006723595
3163,4407.974367157918,-1.3594500637291211e-05,365.2913436617366
3164,4360.838588769492,-1.4176082462758648e-05,365.2913578378191
3165,4287.430914849141,-1.4604873177670002e-05,365.29137244269225
3166,4192.711239858431,-1.5188237418580915e-05,365.29138763092965
3167,4083.1043304098093,-1.589479711310638e-05,365.2914035257269
3168,3959.4005417618073,-1.6747413783844175e-05,365.29142027314055
3169,3842.891052784315,-1.7532553663067075e-05,365.2914378056942
3170,3734.855524837156,-1.8240409618202152e-05,365.2914560461038
3171,3642.6621672639058,-1.8782291997953144e-05,365.2914748283959
3172,3572.600641277235,-1.9077362273848246e-05,365.29149390575816
3173,3529.449283257885,-1.9071595625258514e-05,365.2915129773537
3174,3516.1452834077645,-1.8753062700377593e-05,365.2915317304164
3175,3200.344200385951,-2.3923419598128745e-05,365.29155565383604
3176,2934.021621873572,-2.617900237293551e-05,365.2915818328384
3177,2734.9106287586815,-2.537594871876494e-05,365.2916072087871
3178,2616.5729688541933,-5.190890118453145e-05,365.29165911768825
3179,2587.5045279082005,-6.100247239138422e-05,365.2917201201607
3180,2650.51367378199,-5.7563894261669473e-05,365.2917776840549
3181,2802.418955113321,-4.00415949021502e-05,365.2918177256499
3182,3034.1030610188595,-1.2050861733310555e-05,365.2918297765116
3183,3330.9443066459357,-7.012186299599106e-06,365.29183678869794
3184,3673.6262216675877,1.3384428007981424e-05,365.2918234042699
3185,4039.300996042187,3.3012403720473164e-05,365.2917903918662
3186,4381.398174516518,21.654961801834077,343.6368285900321
3187,4359.983855426579,21.654936501470104,321.981892088562
3188,4308.677104954633,21.654499860991283,300.3273922275707
3189,4252.460991895349,0.00014506656098457727,300.32724716100967
3190,4153.177786276422,-1.4302354777046765e-05,300.3272614633645
3191,4039.103241628388,-1.541600118317177e-05,300.3272768793657
3192,3911.2679671533388,-1.673974363780637e-05,300.32729361910924
3193,3791.035933788935,-1.8079341229058282e-05,300.3273116984505
3194,3679.877725555259,-1.938969940401799e-05,300.32733108814995
3195,3585.262650176869,-2.052764143999786e-05,300.3273516157914
3196,3513.533170252677,-2.133300477743389e-05,300.3273729487961
3197,3469.4666684458325,-2.1669720228492692e-05,300.32739461851634
3198,3455.9429333536573,-2.147353125224594e-05,300.32741609204766
3199,3120.5400461321524,-2.6678542393140334e-05,300.32744277059
3200,2845.441982210971,-2.888997800366195e-05,300.327471660568
3201,2649.5741214381633,-2.9744797764417862e-05,300.32750140536575
3202,2545.6466419673607,-5.948496818371677e-05,300.327560890334
3203,2539.2537808721963,-6.499733647497706e-05,300.3276258876705
3204,2628.5683546743867,-5.7405633175453586e-05,300.32768329330355
3205,2804.6443284523075,-3.7503847662537306e-05,300.32772079715124
3206,3052.284786520225,-1.1818926565132153e-05,300.3277326160778
3207,3351.3821847795734,-6.9689468255419844e-06,300.32773958502463
3208,3678.598574517284,1.0627253700208269e-05,300.32772895777094
3209,4009.2298413502112,2.3225469831189913e-05,300.3277057323012
3210,4297.436492758812,21.653196890084498,278.6745088422166
3211,4287.072717963123,0.0020073301510897213,278.6725015120655
3212,4223.416421517189,0.0001447982580441847,278.67235671380746
3213,4131.6143244006225,7.622863103237551e-05,278.6722804851765
3214,4017.0703146450032,-1.4711697399251448e-05,278.67229519687385
3215,3886.734345070185,-1.6265913100982013e-05,278.672311462787
3216,3742.0846410685836,-1.8325518370451945e-05,278.6723297883054
3217,3604.8342540623185,-2.079349991603678e-05,278.67235058180523
3218,3476.99810010997,-2.3742896093357178e-05,278.67237432470137
3219,3366.561993769282,-2.709337028545128e-05,278.6724014180716
3220,3280.3896975916687,-3.547416651551449e-05,278.6724368922381
3221,3223.764801266286,-3.875261547356973e-05,278.67247564485365
3222,3200.038286596321,-4.1031628912235164e-05,278.6725166764826
3223,2941.001534919083,-4.272429155919945e-05,278.6725594007741
3224,2732.713316724098,-4.461184453390949e-05,278.67260401261865
3225,2588.0342848527785,-4.367306238797021e-05,278.672647685681
3226,2516.0137169373897,-4.156110540767776e-05,278.67268924678643
3227,2521.383399150496,-5.942355830488405e-05,278.67274867034473
3228,2604.25203982202,-5.390557248946559e-05,278.6728025759172
3229,2760.0203497228654,-2.9950328970584927e-05,278.67283252624617
3230,2979.53535207656,-2.702414425532473e-05,278.6728595503905
3231,3249.4981797324913,-2.323103830606207e-05,278.6728827814288
3232,3553.130570619599,-1.643921724209886e-05,278.672899220646
3233,3871.08961009049,-1.5202918622799684e-05,278.67291442356463
3234,4182.601256617052,-1.4276786295677998e-05,278.67292870035095
3235,4173.916433736126,-1.4037194656017782e-05,278.6729427375456
3236,4133.095479491295,-1.4137743626217087e-05,278.67295687528923
3237,4062.9494888610902,-1.4578439072369254e-05,278.67297145372834
3238,3968.2252410171723,-1.5368261393541902e-05,278.67298682198964
3239,3855.273997212207,-1.6517773582831342e-05,278.6730033397632
3240,3725.1068992184064,-1.8130982338768866e-05,278.67302147074565
3241,3598.90766931286,-1.9940215443495288e-05,278.6730414109611
3242,3478.4361213539923,-2.161048235471969e-05,278.6730630214434
3243,3371.495892075165,-1.9243198977558136e-05,278.67308226464235
3244,3284.9031346947254,-0.0004591214361316199,278.6735413860785
3245,3224.0298189912523,-0.0004589489290704825,278.6740003350076
3246,3192.4523297733563,-0.000713909977762891,278.6747142449853
3247,2880.925364101619,-0.002526429693506139,278.67724067467884
3248,2625.8588422428793,-4.414740283023801,283.0919809577026
3249,2441.8013964682887,-10.155782976275415,293.2477639339781
3250,2337.4484521893964,-13.323570952049192,306.57133488602733
3251,2319.650100759685,-14.087926546104686,320.65926143213187
3252,2389.049423908094,-12.745118205769861,333.4043796379018
3253,2540.1267151851357,-9.687570258398088,343.09194989629987
3254,2761.7097283827547,-5.370387829994823,348.4623377262948
3255,3037.908351747166,-0.29409224526588523,348.7564299715605
3256,3354.378786940261,-0.0012161333612436865,348.75764610492183
3257,3684.7180069976534,-0.0006133599038785212,348.7582594648257
3258,4006.2481408252174,-0.0004265727597460687,348.75868603758545
3259,3997.07882406498,-0.0003412074759351432,348.7590272450614
3260,3960.007988754412,-0.00029617431047888675,348.7593234193718
3261,3897.8895864290025,-0.00027158084179965846,348.75959500021366
3262,3815.3736564354354,-0.00025887714243402434,348.75985387735614
3263,3718.579271654485,-0.00025350805518451993,348.76010738541123
3264,3233.1043927788946,-3.039174765712572,351.79928215112386
3265,3129.613491568852,-2.883051388544337,354.6823335396682
3266,3034.970456832199,-3.2973348462825416,357.9796683859507
3267,2955.52725786066,-3.4740433712179803,361.4537117571687
3268,2896.782724255691,-2.792749379332992,364.2464611365016
3269,2863.168562029725,-1.0371512122453832,365.28361234874706
3270,2859.330065757631,-0.004961898873690999,365.2885742476208
3271,2567.3878506678548,-0.0014734301818627293,365.2900476778027
3272,2318.749603821296,-0.0008707393788621798,365.2909184171815
3273,2131.0142229626754,-0.000815809262006649,365.2917342264435
3274,2025.1639550523225,-6.8309747587314344,372.12270898517494
3275,2030.5313996542548,-40.135227068697766,412.25793605387275
3276,2051.624612876494,-0.002050177488783591,412.25998623136155
3277,2200.6395155197188,-0.0004067056352569286,412.2603929369968
3278,2430.10359989506,-0.00030748417939261764,412.2607004211762
3279,2726.9221154924453,-0.0002744988631373174,412.26097492003936
3280,3072.222707023822,0.666948123124572,411.5940267969147
3281,3445.376978058406,0.36463231714962013,411.2293944797651
3282,3820.5734641050462,-0.0003219456414037735,411.22971642540654
3283,3803.786213469146,-0.00037059999924039946,411.23008702540574
3284,3757.3085161809117,-0.0004627824534817359,411.23054980785923
3285,3684.531322162725,-0.0006458829940139787,411.23119569085327
3286,3590.6549245601304,-0.001071908940570766,411.23226759979383
3287,3482.341596229529,-0.00248854090285111,411.2347561406966
3288,3361.1822465305954,-0.31579791804223795,411.5505540587389
3289,3247.8921822041016,-0.7000732619759319,412.2506273207148
3290,3143.0372726617775,-0.008254624554126018,412.25888194526897
3291,3055.8742343661934,-0.002210721122141562,412.2610926663911
3292,2992.0933769828557,-0.0010799996966425747,412.26217266608774
3293,2956.502010093497,-0.0008354569681957321,412.2630081230559
3294,2952.019134696824,-3.764787660940988e-05,412.26304577093254
3295,2605.737235154493,-4.1799318718689974e-05,412.26308757025134
3296,2317.2216569519037,-0.00013060966700134666,412.26321817991834
3297,2112.127147882596,-0.0005050635826152335,412.263723243501
3298,2039.0840687930076,-35.9122360971185,448.1759593406194
3299,2039.6303030252398,-42.18525591067133,490.36121525129073
3300,2094.3265932442227,-0.0006085737001245231,490.3618238249909
3301,2285.6962152865112,-0.00010409624973259601,490.3619279212405
3302,2556.7327808166424,-5.385486426665529e-05,490.3619817761048
3303,2887.1984460537424,-2.2697445555266655e-05,490.3620044735504
3304,3253.098301855382,-1.9825920197809536e-05,490.36202429947053
3305,3628.552987115276,2.6818703353494363e-05,490.36199748076723
3306,3987.727519251536,0.00026011346626340914,490.361737367301
3307,3976.4184688980904,0.00011162920828039214,490.36162573809276
3308,3934.2612737745008,-1.39767302202403e-05,490.3616397148229
3309,3864.6036746969235,-1.4636045934318371e-05,490.3616543508689
3310,3772.6619668331614,-1.554521253801086e-05,490.36166989608137
3311,3665.1680263862177,-1.6686867555993288e-05,490.36168658294895
3312,3921.7269227496568,-1.4457119610051983e-05,490.3617010400685
3313,3807.03386900971,-1.5498348736909772e-05,490.36171653841734
3314,3701.1902295037503,-1.6516504913037334e-05,490.3617330549222
3315,3611.8851499835528,-1.7397144076483518e-05,490.3617504520663
3316,3545.6848909096125,-1.8012947031828205e-05,490.3617684650133
3317,3507.5839838993693,-1.8253545328341348e-05,490.3617867185586
3318,3500.6622394601122,-1.806141493544963e-05,490.36180477997357
3319,3220.202336628747,-2.303737616795001e-05,490.3618278173497
3320,2991.3100781823996,-2.3193197182316698e-05,490.3618510105469
3321,2829.332959084574,-2.3677580007987745e-05,490.36187468812693
3322,2745.355000094294,-3.28183655669354e-05,490.36190750649246
3323,2745.48232350116,-3.57138036641211e-05,490.3619432202961
3324,2830.397414867409,-3.1758237954768936e-05,490.36197497853414
3325,2995.2202081114633,-1.1987833236598446e-05,490.36198696636734
3326,3229.703593765952,-7.624700711821524e-06,490.361994591068
3327,3518.775230830293,-5.936801010532447e-06,490.36200052786904
3328,3843.417129247285,1.3156433330607476e-05,490.3619873714357
3329,4181.849288031417,3.612938332575019e-05,490.36195124205244
3330,4489.301652157447,21.6549787976533,468.7069724443992
3331,4471.486471673898,21.65496824823024,447.05200419616887
3332,4421.156725137094,21.654891792485344,425.39711240368354
3333,4363.188927298537,0.0004773922750035155,425.3966350114085
3334,4259.427724612379,5.503952574607797e-05,425.3965799718828
3335,4138.265850147063,2.752975575672747e-05,425.3965524421271
3336,4001.3039793650137,1.7661477192951206e-05,425.3965347806498
3337,3869.573178279483,1.308141914620968e-05,425.3965216992307
3338,3745.3238461815085,1.0430418952465236e-05,425.39651126881176
3339,3636.5531421855458,8.777765548208224e-06,425.3965024910462
3340,3550.1984064183584,7.735008357934851e-06,425.3964947560378
3341,3491.676952104779,-1.914902848189023e-05,425.39651390506634
3342,3464.5289365435656,-1.9627656606489405e-05,425.39653353272286
3343,3168.1935721146365,-2.0855474251431223e-05,425.39655438819716
3344,2929.7804268772757,-2.370321297395578e-05,425.39657809141016
3345,2765.0020248083156,-2.49202781402541e-05,425.3966030116882
3346,2684.042208342148,-4.609267283874016e-05,425.39664910436113
3347,2690.942740959362,-3.669824703367309e-05,425.3966858026081
3348,2783.4808900131306,-3.2079417260056804e-05,425.39671788202537
3349,2953.5247451102096,-1.2103317943572658e-05,425.3967299853433
3350,3187.8125084719663,-7.911270864715434e-06,425.3967378966142
3351,3469.0679554553785,-6.200277094645432e-06,425.39674409689127
3352,3777.342805813431,1.102926556729761e-05,425.3967330676257
3353,4091.4670347138367,2.3046664957027157e-05,425.39671002096077
3354,4377.956558344444,12.534817217650316,412.86189280331047
3355,4377.4424889322345,5.705015930984784,407.1568768723256
3356,4344.977088926072,0.0001921517431016969,407.1566847205826
3357,4278.643859752775,6.484647850501172e-05,407.156619874104
3358,4188.687605250189,3.4544195382000746e-05,407.1565853299087
3359,4081.201968300813,2.2293701019703568e-05,407.1565630362076
3360,3957.194487220187,1.5817651743786938e-05,407.1565472185558
3361,3836.92832063115,1.2281727103178618e-05,407.1565349368287
3362,3722.111703790238,1.0046359552648519e-05,407.1565248904692
3363,3620.196599765025,8.577278850407974e-06,407.15651631319037
3364,3537.6559906274492,7.613522989832966e-06,407.15650869966737
3365,3479.5420891858244,-1.8982842351339775e-05,407.15652768250965
3366,3449.1443172433796,-1.94557842469682e-05,407.156547138294
3367,3156.2439639263403,-2.0756523335625397e-05,407.1565678948173
3368,2903.157067685455,-2.3902642171160885e-05,407.15659179745944
3369,2706.347792486534,-2.5712126888054616e-05,407.1566175095864
3370,2579.2570715857114,-6.300640410022225e-05,407.15668051599044
3371,2531.329547422185,-5.248457497836222e-05,407.1567330005654
3372,2567.207897209812,-5.228705937570753e-05,407.1567852876247
3373,2686.1711319631727,-4.2252444403177006e-05,407.1568275400691
3374,2881.8902375421385,-1.2847353174920713e-05,407.15684038742233
3375,3142.558855132084,-1.0654140236599343e-05,407.1568510415625
3376,3451.4320120554544,-6.282053811225658e-06,407.1568573236164
3377,3787.7736795125675,1.1120348227169336e-05,407.1568462032681
3378,4128.174745157188,-1.3303659665680978e-05,407.1568595069278
3379,4099.989214772849,-1.366211653704123e-05,407.1568731690444
3380,4044.1345985241683,-1.4199342597108684e-05,407.15688736838695
3381,3963.8000481220347,-1.4915949980180568e-05,407.15690228433687
3382,3863.93922625119,-1.580227012845549e-05,407.15691808660705
3383,3750.932587350664,-1.683784191638776e-05,407.15693492444893
3384,3626.003097572094,-1.805208597844433e-05,407.1569529765349
3385,3509.294286088904,-1.9249610781043575e-05,407.1569722261457
3386,3402.4481712302845,-2.0400682386249145e-05,407.1569926268281
3387,3312.6502370378867,-2.625787989095891e-05,407.157018884708
3388,3245.9813407659126,-2.7084069898462876e-05,407.1570459687778
3389,3206.990253027312,-2.7513149432022616e-05,407.1570734819273
3390,3198.3698099034264,-2.742733517834544e-05,407.1571009092625
3391,2854.843338252133,-3.0010728279642077e-05,407.1571309199908
3392,2568.1420567618875,-6.474185316831441e-05,407.15719566184396
3393,2358.3863800455233,-0.00010570711278544923,407.1573013689567
3394,2239.9353555756215,-0.00015911031619945972,407.1574604792729
3395,2220.3836941756967,-0.00017202410722947072,407.15763250338017
3396,2300.104950999502,-9.957070455992345e-05,407.1577320740848
3397,2472.358656502514,-6.642269963988316e-05,407.1577984967843
3398,2723.929523335377,-4.006861114927758e-05,407.1578385653955
3399,3036.2256722368334,-2.258814111876357e-05,407.15786115353654
3400,3386.7282200282843,-2.0065388559336367e-05,407.1578812189251
3401,3750.6651086481006,-1.4803688509054791e-05,407.1578960226136
3402,4102.774528132244,-1.4721967556783122e-05,407.1579107445812
3403,4075.9726015061437,-1.533750507167412e-05,407.1579260820863
3404,4018.358002549633,-1.6284538769407826e-05,407.15794236662504
3405,3933.4488816368475,-1.759861247968511e-05,407.15795996523747
3406,3826.6187509677193,-1.931738804167692e-05,407.15797928262555
3407,3704.7410611759024,-2.1475092396191975e-05,407.1580007577179
3408,3569.6514491797816,-2.419612608439952e-05,407.1580249538441
3409,3441.938305282154,-2.7222456749285713e-05,407.1580521763008
3410,3324.9624930785417,-1.0646195910187959,408.2226717673196
3411,3232.2280322681945,-8.93650605275556,417.1591778200751
3412,3159.8112957099725,-13.06786046732625,430.22703828740134
3413,3112.8169320458346,-13.522465213095392,443.7495035004968
3414,3093.7512874697486,-9.689191890864413,453.4386953913612
3415,2760.359127351665,-1.5540116927313568,454.99270708409256
3416,2486.239220121467,-4.2528367591428125e-05,454.9927496124601
3417,2285.0680491342996,-0.00013043232215298632,454.9928800447824
3418,2169.561334723725,-0.0002184897455115928,454.9930985345278
3419,2148.5105415943945,-0.0002466603416934202,454.9933451948695
3420,2224.5000032546827,-0.00012420068826735707,454.9934693955578
3421,2393.564713640555,-7.671774157953845e-05,454.9935461132993
3422,2645.284705179192,-4.750089319664412e-05,454.9935936141925
3423,2963.3414610487844,-2.3195176400587477e-05,454.9936168093689
3424,3326.5244647236677,-2.0051264618700712e-05,454.99363686063356
3425,3710.1395057762406,-1.408041599278951e-05,454.9936509410495
3426,4087.7321848132915,-1.3443961190087421e-05,454.9936643850108
3427,4078.2566241609034,-1.3493545502786757e-05,454.99367787855624
3428,4037.7479847506224,-1.3822945139543783e-05,454.99369170150135
3429,3969.4027527384196,-1.4430302634648433e-05,454.993706131804
3430,3878.323074105741,-1.5315361295729274e-05,454.9937214471653
3431,3771.169509534786,-1.6477308990124026e-05,454.9937379244743
3432,3271.5481042455767,-2.8104567319212923e-05,454.9937660290417
3433,3156.1242191927918,-3.0975147145807346e-05,454.99379700418876
3434,3049.094495214084,-3.4317400319730304e-05,454.99383132158914
3435,2958.261058672283,-3.7836699646865645e-05,454.9938691582887
3436,2890.342094474752,-4.107016180410342e-05,454.99391022845055
3437,2850.516247630798,-4.3362828083305e-05,454.9939535912786
3438,2842.071425695326,-4.408396111843386e-05,454.9939976752397
3439,2544.1423201797506,-4.6780214176694625e-05,454.99404445545395
3440,2308.731678433107,-0.00011892229177240108,454.9941633777457
3441,2151.856968589651,-0.00023982504002136108,454.9944032027857
3442,2083.3933594878504,-0.0004264333358574406,454.9948296361215
3443,2106.549438944163,-0.00033158681274196523,454.9951612229343
3444,2217.8843315356744,-0.0001645910855393441,454.9953258140198
3445,2407.8307770886872,-8.834250388531851e-05,454.99541415652374
3446,2661.6505872184284,-2.5917015582397524e-05,454.99544007353927
3447,2960.7153730799373,-2.3331045864889473e-05,454.9954634045851
3448,3283.9856721958477,-2.015142567882126e-05,454.99548355601075
3449,3609.5594521376047,-1.3847687633658127e-05,454.99549740369844
3450,3916.168292282497,1.4428928462604757e-05,454.99548297477
3451,3912.318595058039,1.4343727490971601e-05,454.99546863104246
3452,3876.7670265781094,1.3338229073845694e-05,454.9954552928134
3453,3812.4720196881844,1.1799291230707681e-05,454.9954434935221
3454,3724.3042258720116,1.0138365676180454e-05,454.9954333551565
3455,3618.712960955853,-1.3583494894213228e-05,454.99544693865136
3456,3497.345162449322,-1.9006462658853456e-05,454.99546594511395
3457,3380.296279722518,-1.9965560126678986e-05,454.99548591067423
3458,3269.9051882424724,-2.1034642149291788e-05,454.99550694531627
3459,3173.961399168047,-2.2108035373717318e-05,454.9955290533517
3460,3099.239729076441,-2.3068157146600766e-05,454.99555212150887
3461,3051.0470458032014,-2.379751590652979e-05,454.99557591902476
3462,3032.870143939719,-2.418951645040542e-05,454.9956001085412
3463,2767.3566880574144,-2.7506601995324003e-05,454.9956276151432
3464,2545.4210170108936,-6.634749609034859e-05,454.9956939626393
3465,2382.41376882615,-9.452521905583541e-05,454.99578848785825
3466,2290.4235462922775,-0.0001235831821127043,454.99591207104044
3467,2277.396215103253,-0.00012827315211918697,454.9960403441926
3468,2346.4431255917098,-0.00010264536500437394,454.9961429895576
3469,2495.408655005098,-7.189299013045729e-05,454.9962148825477
3470,2716.759530198476,-3.2317834004410335e-05,454.99624720038173
3471,2997.8412309734413,-1.1174005851172376e-05,454.99625837438754
3472,3321.520142639704,-6.924390896855177e-06,454.99626529877844
3473,3667.197662868174,9.314529938128642e-06,454.99625598424853
3474,4012.146177519009,1.8446750304024998e-05,454.99623753749825
3475,4012.326062798543,1.8484039019305136e-05,454.9962190534592
3476,3983.244329176386,1.7141804156634058e-05,454.99620191165496
3477,3927.650779183637,1.5024171287607691e-05,454.9961868874838
3478,3850.1077681678903,1.2783235520543529e-05,454.9961741042482
3479,3756.664370239647,1.0787978647818066e-05,454.9961633162696
3480,4026.7076255036804,1.9374529780394e-05,454.99614394173983
3481,3923.346280532958,1.494473190894505e-05,454.9961289970079
3482,3826.5470666456363,1.22642268026742e-05,454.99611673278116
3483,3743.480184123305,1.0585573375584545e-05,454.9961061472078
3484,3680.296563840501,9.558414558963162e-06,454.9960965887932
3485,3641.6974117506043,9.010851666785913e-06,454.9960875779415
3486,3630.604807516763,8.864463009253235e-06,454.9960787134785
3487,3316.7704184059025,-6.918470177390271e-06,454.9960856319487
3488,3054.379276456751,-8.693201693026218e-06,454.9960943251503
3489,2861.353005387107,-1.3320454521236832e-05,454.99610764560487
3490,2750.4590547102225,-3.0136349217124484e-05,454.9961377819541
3491,2728.5027659379743,-3.419320477434489e-05,454.9961719751589
3492,2795.9804812780594,-3.172640888272251e-05,454.9962037015677
3493,2947.1960383359037,-1.2117047951295466e-05,454.9962158186156
3494,3170.8060318737867,-1.0418349401451191e-05,454.9962262369651
3495,3450.7286785657734,-6.197078603581796e-06,454.99623243404363
3496,3767.3304440383567,1.1068994198818693e-05,454.9962213650495
3497,4098.7930267733645,2.455630343436952e-05,454.99619680874605
3498,4400.906899628769,21.654834365047478,433.34136244369853
3499,4370.842106075143,20.3303251913336,413.011037252365
3500,4330.817072389375,0.00016456612747719766,413.01087268623746
3501,4245.007086480373,5.180485289564206e-05,413.0108208813846
3502,4139.036130984059,2.836374318918188e-05,413.0107925176414
3503,4019.630436988551,1.8856100696300755e-05,413.0107736615407
3504,3888.7012011560864,1.375826109573558e-05,413.01075990327956
3505,3766.007966608538,-1.3303134172150274e-05,413.0107732064138
3506,3653.827306972694,-1.4092749523554042e-05,413.01078729916327
3507,3559.5854508357625,-1.4762325353044977e-05,413.0108020614886
3508,3489.5517763820244,-1.5237018152043094e-05,413.01081729850677
3509,3448.40461242452,-2.019376285705809e-05,413.0108374922696
3510,3438.9030576955984,-2.0152346642729067e-05,413.01085764461635
3511,3105.495153251513,-2.102541806916196e-05,413.01087867003434
3512,2820.1871840519057,-2.3918057366296057e-05,413.0109025880917
3513,2603.2923276797687,-5.437044975371447e-05,413.01095695854144
3514,2471.0353834610582,-5.4228841900656784e-05,413.01101118738336
3515,2434.250923784481,-6.348784770431375e-05,413.01107467523104
3516,2497.3921177343123,-6.004056704005821e-05,413.01113471579805
3517,2657.9529134778036,-4.7269923756930606e-05,413.0111819857218
3518,2906.3814573761674,-1.2718923803450945e-05,413.0111947046456
3519,3227.5725804576673,-7.5086323494161065e-06,413.011202213278
3520,3600.714962138643,8.505251297003416e-06,413.0111937080266
3521,3994.1693883203643,1.7792048912135804e-05,413.0111759159778
3522,4371.431066467286,9.261927181157168,403.74924873482064
3523,4353.27320785097,0.0006366052890520911,403.7486121295316
3524,4293.346241727465,0.0001371146447223442,403.74847501488676
3525,4204.325991246346,7.712969127117535e-05,403.74839788519563
3526,4091.5421458502246,-1.2534296039829363e-05,403.74841041949156
3527,3961.8831093749454,-1.3791760147511155e-05,403.74842421125174
3528,3817.6169727392175,-1.539573861725809e-05,403.74843960699036
3529,3678.740930756656,-1.725603793668797e-05,403.7484568630283
3530,3548.0863176693897,-1.938443246638644e-05,403.74847624746076
3531,3433.6309814890037,-2.1683301244737772e-05,403.74849793076197
3532,3342.2471539164467,-2.3958094394399357e-05,403.74852188885626
3533,3279.2448631256802,-3.065520882130251e-05,403.7485525440652
3534,3248.020842518127,-3.198242602303193e-05,403.74858452649124
3535,2896.7878488965744,-3.3578347126155954e-05,403.7486181048383
3536,2611.0354574946614,-3.639498462312116e-05,403.7486544998229
3537,2408.756549796959,-8.182080893913065e-05,403.7487363206319
3538,2301.4640884443393,-0.00010795961988958456,403.7488442802518
3539,2293.5746412497137,-8.385326469118798e-05,403.7489281335164
3540,2382.3592238841743,-7.127847379768231e-05,403.7489994119902
3541,2558.430190075919,-5.119974629040372e-05,403.74905061173655
3542,2806.69037458734,-2.4365628624066583e-05,403.7490749773652
3543,3107.637655739779,-2.1030441966163774e-05,403.7490960078071
3544,3438.899446964123,-1.9047031056898297e-05,403.7491150548382
3545,3776.8668365154776,-1.33493025851013e-05,403.7491284041407
3546,4098.30484494653,-1.2613320120918114e-05,403.7491410174609
3547,4080.755909359792,-1.2520353703569558e-05,403.74915353781455
3548,4032.3953029510753,-1.2712822226586575e-05,403.74916625063685
3549,3956.2117979429304,-1.3192883635280518e-05,403.74917944352046
3550,3857.1011489974826,-1.3960024828053262e-05,403.74919340354535
3551,3741.5290499166276,-1.4997552064078932e-05,403.74920840109735
3552,3611.444491837046,-1.6300187697276544e-05,403.74922470128496
3553,3486.335701670004,-1.7292079351423984e-05,403.7492419933644
3554,3368.8091380064975,-1.4262372125535318e-05,403.7492562557365
3555,3266.603222719958,-0.0004349084520228425,403.7496911641885
3556,3186.4175243596087,-0.00046731072259315,403.7501584749111
3557,3133.4615827346233,-0.0009054221118769865,403.75106389702296
3558,3112.391005643073,-1.2919882449551456,405.04305214197814
3559,2833.395433670303,-10.305974315086747,415.3490264570649
3560,2599.4578175154143,-16.089306244086295,431.4383327011511
3561,2426.689124845168,-18.563485407692863,450.001818108844
3562,2327.451578788263,-17.845861412626487,467.84767952147047
3563,2309.420818424172,-14.222868712415783,482.07054823388637
3564,2374.9252897240112,-8.127291226208712,490.19783946009505
3565,2520.6805505497446,-0.1693996199987533,490.3672390800938
3566,2746.746860581625,-0.0009296742637446656,490.3681687543576
3567,3030.7213283224023,-0.000487125314528235,490.3686558796721
3568,3353.374582186464,-0.0003488973629762607,490.369004777035
3569,3692.6311435149814,-0.0002992585640207259,490.36930403559904
3570,4024.9435131584246,-0.0003015203789832923,490.36960555597807
3571,4014.1743091026533,-0.00044613183533023847,490.3700516878133
3572,3970.9758998637008,2.1643958896832514,488.20565579813007
3573,3898.871793981299,5.855882623215371,482.34977317491473
3574,3805.8509141052377,7.833999020506751,474.515774154408
3575,3705.6254294093483,0.6704927228255475,473.8452814315825
3576,3584.3816105533433,0.0004262380934349568,473.844855193489
3577,3467.054860624888,0.0001949045292715226,473.84466028895974
3578,3356.781177247158,0.00011986170633246436,473.8445404272534
3579,3261.0932101329945,7.965829169276586e-05,473.8444607689617
3580,3188.2596565482086,-1.7474457937527172,475.5919065627144
3581,3141.5213458031085,-3.415554497466294,479.00746106018073
3582,3123.5340436487836,-4.38710087816065,483.3945619383413
3583,2837.0479811520727,-4.037621533875163,487.4321834722165
3584,2603.393725995044,-2.6237999622694703,490.05598343448594
3585,2437.856762204096,-0.31448791481016214,490.37047134929617
3586,2353.441922689802,-8.077407989091151e-05,490.370552123376
3587,2353.0676129141652,-8.385285834919411e-05,490.37063597623444
3588,2435.3960906344223,-5.243278849235279e-05,490.37068840902293
3589,2594.0569616420144,-4.116072252976414e-05,490.3707295697454
3590,2817.9374950800734,-2.3449342195981287e-05,490.37075301908766
3591,3092.047519048942,-2.095231387436737e-05,490.37077397140143
3592,3398.565442383973,-1.495261541165159e-05,490.3707889240169
3593,3717.987240098968,-1.444226567157732e-05,490.37080336628253
3594,4030.306542649509,-1.4099182414899448e-05,490.37081746546494
3595,4024.3268227902313,-1.4309652442902942e-05,490.3708317751174
3596,3990.2729564501046,-1.4727585392050889e-05,490.37084650270276
3597,3931.1752932572936,-1.5332298730259915e-05,490.3708618350015
3598,3851.8423707457787,-1.6089898323051665e-05,490.3708779248999
3599,3758.5248291511607,-1.694915313993839e-05,490.37089487405296
3600,3274.8456477183263,-2.9379154301516034e-05,490.3709242532072
3601,3175.8263835396247,-3.0816269468024626e-05,490.37095506947674
3602,3085.5451942404866,-3.210138267618916e-05,490.3709871708594
3603,3011.129548600991,-3.293834356615842e-05,490.3710201092029
3604,2958.6217583323432,-3.309670553333252e-05,490.37105320590854
3605,2932.5516473128105,-3.249053683041279e-05,490.3710856964453
3606,2935.6127215516094,-3.118111059879291e-05,490.3711168775559
3607,2629.0603502186614,-3.2940610906558637e-05,490.3711498181668
3608,2364.1888756167286,-8.727932256191104e-05,490.37123709748937
3609,2161.021562300081,-0.0001734993718070346,490.3714105968612
3610,2036.0380769916226,-0.00042166763977837695,490.37183226450094
3611,2000.8047182341006,-0.0006961535921622711,490.37252841809317
3612,2060.8823549850727,-0.00031804394737396444,490.3728464620405
3613,2215.1300621923597,-0.00013423999409644007,490.37298070203457
3614,2455.4887658757784,-5.3816457672473875e-05,490.37303451849226
3615,2767.3071552162482,-2.102964810100806e-05,490.37305554814037
3616,3130.213461592902,-1.8386739101713723e-05,490.3730739348795
3617,3519.4906416395706,-1.2341576325181058e-05,490.3730862764558
3618,3907.8615274551985,-1.204576104765386e-05,490.37309832221683
3619,3884.238731136286,-1.2409338847461604e-05,490.37311073155564
3620,3830.0850727268194,-1.3022347691537432e-05,490.3731237539033
3621,3749.050912968515,-1.3888574373124103e-05,490.37313764247773
3622,3646.6283768857297,-1.5007581994361999e-05,490.37315265005975
3623,3529.7923823988804,-1.6367545444031265e-05,490.3731690176052
3624,3401.136860863189,-1.7997929803172228e-05,490.373187015535
3625,3279.9529296186893,-2.452101471956073e-05,490.37321153654966
3626,3169.245261863796,-2.6449244820772515e-05,490.37323798579445
3627,3076.7778157882435,-2.8217727476131233e-05,490.37326620352195
3628,3009.1474229437686,-2.9504483831463173e-05,490.37329570800574
3629,2971.3366830193904,-3.0053881387002037e-05,490.37332576188714
3630,2966.3738329237963,-2.973635016924017e-05,490.3733554982373
3631,2628.352096300974,-3.235655758134059e-05,490.37338785479494
3632,2353.945038322269,-8.903673597098323e-05,490.3734768915308
3633,2161.991359097321,-0.00016818826923276124,490.3736450798001
3634,2065.158669142148,-0.0002983975227637806,490.3739434773229
3635,2069.211691974452,-0.00028490902791886434,490.37422838635075
3636,2172.8104269813666,-0.00015651390179569636,490.3743849002526
3637,2367.819548140553,-6.288908728515008e-05,490.37444778933985
3638,2640.0738117774044,-3.9202835000758785e-05,490.37448699217487
3639,2970.5150943144904,-1.1008805639103329e-05,490.3744980009805
3640,3336.598025501462,-6.407901581594022e-06,490.37450440888205
3641,3713.853091165941,3.709070105262052e-05,490.37446731818096
3642,4055.844542721736,21.654980311473786,468.7194870067072
3643,4047.433279288844,21.654976008174177,447.064510998533
3644,4005.8972131901814,21.65493865961765,425.4095723389154
3645,3940.6191484644473,15.378511130176582,410.0310612087388
3646,3859.478207762396,-1.2083388723152104e-05,410.0310732921275
3647,3744.6493408677366,-1.3040557090350092e-05,410.0310863326846
3648,3985.8704983186694,6.276559162384101,403.75452717030043
3649,3864.7421327696848,-1.267971693207697e-05,403.75453985001735
3650,3743.750128168182,-1.379515627359374e-05,403.7545536451737
3651,3637.1437134760486,-1.4965534759932889e-05,403.7545686107085
3652,3551.8493636517765,-1.6103615024478077e-05,403.75458471432347
3653,3493.2870116863605,-1.7094247772353378e-05,403.75460180857124
3654,3465.013027784544,-1.7810847061247164e-05,403.75461961941824
3655,3129.847431474097,-2.3689349266490132e-05,403.7546433087676
3656,2847.0142394117097,-2.636080131673166e-05,403.7546696695689
3657,2635.7845036886997,-2.59910186914578e-05,403.7546956605875
3658,2510.7407173388087,-4.8696400367252205e-05,403.75474435698794
3659,2480.6519684086147,-5.507416902433048e-05,403.754799431157
3660,2547.7260855672616,-5.158219526166651e-05,403.7548510133522
3661,2707.3179968711456,-4.1341003234379076e-05,403.75489235435543
3662,2948.1420381466064,-2.085803646098083e-05,403.7549132123919
3663,3252.995845260807,-1.7886837872922923e-05,403.7549310992297
3664,3599.959000807532,-1.173552696190416e-05,403.75494283475666
3665,3963.9857587169904,-1.089058901548264e-05,403.75495372534573
3666,4318.771287922135,-1.0166462777861537e-05,403.75496389180853
3667,4304.390097731003,-1.0052503219733024e-05,403.7549739443117
3668,4259.837793542442,-1.0132462491429291e-05,403.75498407677424
3669,4187.970648218328,-1.0403641180741554e-05,403.7549944804153
3670,4093.5143704283514,-1.0861287124899767e-05,403.75500534170254
3671,3982.7352292915475,-1.1498691267265925e-05,403.75501684039375
3672,3857.7724583249474,-1.2346335152614134e-05,403.75502918672896
3673,3737.065370533905,-1.330025551458262e-05,403.7550424869844
3674,3623.4012798734498,-1.4360081625752112e-05,403.755056847066
3675,3524.300215187302,-1.5455585862544537e-05,403.7550723026519
3676,3446.2653226214866,-1.6473467829523452e-05,403.75508877611975
3677,3394.3377170550166,-1.7235517316743252e-05,403.75510601163705
3678,3371.7522551454626,-1.745053903014973e-05,403.75512346217596
3679,3088.6305871220416,-2.1892630307415954e-05,403.75514535480625
3680,2862.3158021719773,-1.6198147680771044e-05,403.75516155295406
3681,2706.4599641138625,-0.0005280786191824107,403.75568963157315
3682,2629.4312534798823,-0.0003551560284615526,403.7560447876017
3683,2634.0123215919198,-0.00030573413184282414,403.75635052173345
3684,2717.4971042558805,-0.00027416503611419707,403.7566246867696
3685,2872.148468136401,-0.0002487058110398428,403.7568733925806
3686,3085.9411841574874,-0.00022647025920321303,403.7570998628399
3687,3343.5095222690493,-0.00020959692888490057,403.7573094597687
3688,3627.2161808339815,-0.00019288800286494114,403.75750234777155
3689,3918.266594820034,-0.00018508783270827333,403.7576874356043
3690,4197.805603957043,-0.00018136254580173385,403.75786879815007
3691,4177.504831240346,-0.0001820632961391492,403.7580508614462
3692,4127.527059413474,-0.00018689828983025177,403.758237759736
3693,4050.8857838888944,-0.0001960207570903001,403.7584337804931
3694,3952.414248756625,-0.00020960572020969117,403.75864338621335
3695,3838.432767131726,-0.00022762362423597217,403.7588710098376
3696,3711.1670541143885,-0.0002530036151427633,403.7591240134527
3697,3588.830618572064,-0.00027727635774499885,403.75940128981046
3698,3474.1978562785794,-0.00029925641389170836,403.7597005462244
3699,3374.6494111992124,-0.0003129085682553577,403.7600134547926
3700,3296.5188724810246,-0.00031277117361053116,403.76032622596625
3701,3244.6589622656784,-0.0002976277253713254,403.7606238536916
3702,3222.109629597041,-0.00027630569931958636,403.76090015939087
3703,2917.162904830736,-0.000247035948497748,403.7611471953394
3704,2653.7430159698984,-0.00022073822146556285,403.7613679335609
3705,2450.4054606823593,-0.0001973303341126084,403.761565263895
3706,2322.2785641184655,-0.00020246734870922153,403.7617677312436
3707,2279.808319994979,-0.00020015749015071064,403.76196788873375
3708,2327.773800397863,-0.00018793715071368936,403.7621558258846
3709,2464.6794664617496,-0.0001669028514381998,403.76232272873597
3710,2682.6054699892775,-0.0001359764173432456,403.7624587051533
3711,2967.560557665656,-0.00013463128678614108,403.7625933364401
3712,3300.3371692441165,-0.00013624327043042472,403.7627295797104
3713,3657.821179371169,-0.00014019636465155156,403.76286977607515
3714,4014.6622823331827,-0.00015651187957022044,403.7630262879547
3715,3991.5970255823213,-0.00018592260554153636,403.76321221056025
3716,3940.0722484322964,-0.00024028032132787565,403.76345249088155
3717,3863.4242459842267,-0.0003574100813432042,403.7638099009629
3718,3766.7813631199247,-0.0007326348709504501,403.7645425358338
3719,3656.972846348351,-0.2586909031703693,404.0232334390041
3720,3544.5429590461413,-8.810514861605562,412.8337483006097
3721,3436.956281670551,-14.95967441411613,427.79342271472586
3722,3336.8918525040526,-18.478486502656114,446.271909217382
3723,3251.214230281692,-18.89371457455262,465.16562379193465
3724,3185.803315482095,-15.885076210058667,481.05070000199333
3725,3145.1459091361544,-9.31059880365634,490.36129880564954
3726,3132.814609552241,-0.013635334944104568,490.3749341405937
3727,2812.969226268123,-0.0006528757309320715,490.37558701632463
3728,2549.480719493671,-0.00034848935011148424,490.37593550567465
3729,2360.2015554072846,-0.00029152311612084766,490.3762270287909
3730,2257.684844665439,-0.0002826081341700294,490.3765096369251
3731,2248.4467129004947,-0.0003136394806749828,490.3768232764056
3732,2332.6702668302382,6.427997752417902e-06,490.37681684840794
3733,2504.333658944395,1.715343920216739e-05,490.3767996949687
3734,2751.72139617309,0.0003700459264743959,490.3764296490422
3735,3058.2712604923186,0.0017450293069465295,490.3746846197353
3736,3393.1144305706403,10.574380914417084,479.80030370531824
3737,3744.827404252246,20.405402544870878,459.3949011604473
3738,4097.492447039055,21.65150911112508,437.7433920493222
3739,4076.3006111637387,19.14398136227493,418.59941068704734
3740,4031.3989123997476,8.428064567888056,410.1713461191593
3741,3955.842723479891,0.0007041767910725875,410.17064194236815
3742,3848.9545441449677,0.00018260024905793096,410.17045934211916
3743,3726.172675188071,9.090155871984584e-05,410.1703684405604
3744,3590.6290545671804,5.3029463116750607e-05,410.1703154110973
3745,3460.915970793074,3.3555189506221804e-05,410.1702818559077
3746,3341.644205509666,-0.9472329769237272,411.1175148328315
3747,3248.4921379981542,-10.481520863426155,421.5990356962576
3748,3176.6501488358435,-16.882769704666785,438.48180540092443
3749,3130.9731369934966,-19.6824657240644,458.1642711249888
3750,3114.2623122529385,-18.29836835654427,476.46263948153313
3751,2753.075821909327,-12.204492592202417,488.6671320737355
3752,2442.8361706433498,-1.7102689781461549,490.37740105188163
3753,2218.720041406032,-0.00011327213584852501,490.3775143240175
3754,2090.62060605148,-0.00019459728198023896,490.3777089212995
3755,2067.3774336206516,-0.00022134757463790876,490.377930268874
3756,2152.1736135412725,-0.00011988549518862854,490.37805015436925
3757,2340.419351170292,-7.072965762290075e-05,490.37812088402694
3758,2619.946302928787,-4.2732041370524584e-05,490.37816361606826
3759,2971.8105968088703,-1.9758803516719967e-05,490.3781833748718
3760,3371.655122779346,-1.6789449919239365e-05,490.37820016432175
3761,3791.5296036697678,3.486565317400718e-05,490.37816529866853
3762,4180.367133271516,21.654943237711908,468.7232220609567
3763,4183.60967290876,21.65494843798311,447.06827362297344
3764,4154.877168447037,21.654894237041727,425.4133793859318
3765,4109.050582648626,9.555506516718278,415.8578728692135
3766,4036.20003605897,8.84259129558364e-05,415.8577844433005
3767,3935.6273652534715,3.7281150343749404e-05,415.8577471621502
3768,3441.335727231827,-1.8556410380718164e-05,415.85776571856053
3769,3327.4992786403523,-1.9562258263382756e-05,415.8577852808188
3770,3219.3020307236798,-2.0698327235668244e-05,415.8578059791461
3771,3124.484930687431,-2.1855731473606166e-05,415.8578278348776
3772,3049.794275176272,-2.2920522445016974e-05,415.85785075539997
3773,3000.5270367080366,-2.3768576936514808e-05,415.8578745239769
3774,2980.1773078430083,-2.4280940426631044e-05,415.8578988049173
3775,2676.7030465044,-2.7798621234781235e-05,415.8579266035386
3776,2433.567200963832,-6.886844936203287e-05,415.8579954719879
3777,2265.6752978924674,-0.00010116267163156798,415.8580966346595
3778,2182.2233751919844,-0.00013130726866568976,415.8582279419282
3779,2186.3753164791065,-0.00012854289992968098,415.85835648482816
3780,2275.3728604664684,-9.733665241791709e-05,415.85845382148045
3781,2441.026876338706,-6.698963041944788e-05,415.8585208111109
3782,2670.516465913909,-2.2126499845924682e-05,415.85854293761076
3783,2947.411471598452,-2.044719914716192e-05,415.85856338480994
3784,3252.831663095116,-1.800261202024811e-05,415.85858138742185
3785,3566.663606757545,-1.2135840994433478e-05,415.8585935232629
3786,3868.7667365599636,-1.1553708604183557e-05,415.85860507697146
3787,3859.04289797968,2.585208921784934e-05,415.8585792248823
3788,3820.3375506459824,2.2469766745633623e-05,415.8585567551155
3789,3755.5671700982657,-1.1643693076481738e-05,415.85856839880864
3790,3669.4637577839194,-1.1941641151897902e-05,415.8585803404498
3791,3568.246433133677,-1.2343228655633561e-05,415.85859268367847
3792,3454.4047904364907,-1.7553415177431537e-05,415.85861023709367
3793,3345.3367177846226,-1.8265740035495623e-05,415.85862850283377
3794,3244.0939216029888,-1.9023742024940367e-05,415.8586475265756
3795,3157.9808423620116,-1.972918216117231e-05,415.85866725575784
3796,3093.2629541653964,-2.0307059751118452e-05,415.8586875628175
3797,3054.7319234045794,-2.068759136425622e-05,415.85870825040894
3798,3045.3719636528276,-2.081837927520346e-05,415.8587290687882
3799,2761.8002220111734,-2.3993083253337803e-05,415.8587530618714
3800,2522.9207973879643,-5.814826666943238e-05,415.85881121013813
3801,2346.139712257554,-8.145117330502912e-05,415.8588926613114
3802,2244.955534347783,-0.00010500960131208831,415.85899767091274
3803,2227.8527832632203,-0.0001097383259161631,415.8591074092387
3804,2297.5203657803127,-9.014868904033625e-05,415.8591975579277
3805,2450.4801868982054,-6.489689373462377e-05,415.8592624548214
3806,2677.18008890068,-3.229267105619139e-05,415.8592947474925
3807,2962.5661027032097,-1.9546317644441378e-05,415.8593142938101
3808,3287.104981973379,-1.7366733542419175e-05,415.85933166054366
3809,3628.1854042807136,-1.1907986710029896e-05,415.8593435685303
3810,3961.788320292405,-1.166660330752453e-05,415.8593552351336
3811,3943.354958581561,-1.1944074734989967e-05,415.85936717920833
3812,3895.0358649527902,-1.2387452568193723e-05,415.8593795666609
3813,3820.0566507206117,-1.2994188525465771e-05,415.8593925608494
3814,3723.4520958570106,-1.3754014257540888e-05,415.8594063148636
3815,3611.723767423682,-1.464581638660625e-05,415.85942096068004
3816,3865.8540410740784,-1.274546277901959e-05,415.85943370614285
3817,3746.962840745685,-1.3519005441445685e-05,415.8594472251482
3818,3636.5019494612507,-1.4251156610544292e-05,415.8594614763049
3819,3541.8781846715524,-1.4874717126404892e-05,415.85947635102195
3820,3469.402672644981,-1.532265119036984e-05,415.8594916736731
3821,3423.8571552598355,-1.554170564872028e-05,415.8595072153787
3822,3408.164465265291,-2.0141268550740537e-05,415.85952735664733
3823,3113.377899483904,-2.083083401224603e-05,415.8595481874813
3824,2869.930508911202,-2.304609107502489e-05,415.8595712335724
3825,2693.2677681059467,-2.396708640390945e-05,415.8595952006588
3826,2594.2965278822962,-3.683232469720778e-05,415.8596320329835
3827,2578.825486940582,-4.076935189492383e-05,415.85967280233535
3828,2647.3294683109516,-3.8585845906684255e-05,415.8597113881813
3829,2795.024413502677,-2.9340801024635057e-05,415.8597407289823
3830,3012.226489217637,-1.0992265110631957e-05,415.8597517212474
3831,3284.960644895381,-6.762702414736238e-06,415.8597584839498
3832,3595.7799535597924,1.2613108177256816e-05,415.8597458708416
3833,3924.756448995857,3.469692592063808e-05,415.85971117391574
3834,4243.367082833424,7.236150772095597,408.62356040182016
3835,4223.498787393258,-1.1055703618237593e-05,408.6235714575237
3836,4166.423079013376,-1.1667759591516866e-05,408.6235831252833
3837,4082.847738380934,-1.25085746871054e-05,408.623595633858
3838,3978.0856332859285,-1.3587745773459745e-05,408.6236092216038
3839,3858.936299754964,-1.4906656611775952e-05,408.62362412826036
3840,3728.6329567772186,-1.6497575522275346e-05,408.62364062583583
3841,3604.6973542555597,-1.823122187262323e-05,408.6236588570577
3842,3490.799701458725,-2.0051481075712115e-05,408.62367890853886
3843,3394.5800515365904,-2.1794990274757308e-05,408.62370070352904
3844,3330.786350396608,-8.255673452495918,416.879374156025
3845,3292.6905196955317,-13.139929460217688,430.01930361624267
3846,3282.290094236249,-13.683826217578284,443.703129833821
3847,2920.3261264706357,-9.917706549150093,453.6208363829711
3848,2605.2739647450608,-2.111428128229629,455.73226451120064
3849,2369.6862472431467,-7.380316717968379e-05,455.73233831436784
3850,2236.247786957633,-7.694277953404811e-05,455.73241525714735
3851,2206.659966945865,-9.503871813205017e-05,455.7325102958655
3852,2282.9541550641047,-8.33903335015453e-05,455.732593686199
3853,2460.027804166719,-5.7889239597911485e-05,455.7326515754386
3854,2725.8701987602785,-3.8648694201739814e-05,455.73269022413274
3855,3062.369908778717,-2.014622648070976e-05,455.7327103703592
3856,3446.539568522307,-1.723903706387951e-05,455.7327276093963
3857,3852.074768382104,-1.1750082329536781e-05,455.7327393594786
3858,4251.141337701428,-1.1131901449753902e-05,455.7327504913801
3859,4229.854077903488,-1.121535741603795e-05,455.73276170673745
3860,4175.727856794753,-1.1535193047852003e-05,455.73277324193054
3861,4092.026011457509,-1.2092619879110246e-05,455.73278533455033
3862,3983.958480110495,-1.2891357407278422e-05,455.7327982259078
3863,3858.3347094484666,-1.393415924479142e-05,455.73281216006706
3864,3718.610831952244,-1.5260695557507078e-05,455.73282742076253
3865,3582.3563570922693,-1.678493348166772e-05,455.73284420569604
3866,3453.689652611422,-1.850131013758086e-05,455.7328627070062
3867,3340.7024644220796,-2.032241379178995e-05,455.73288302942
3868,3250.4255544284933,-2.679391892144677e-05,455.73290982333884
3869,3188.365955060407,-2.8391133142370555e-05,455.73293821447203
3870,3164.680828620219,-6.53312576980177,462.2660639842738
3871,2828.507237349624,-10.552609966310092,472.8186739505839
3872,2551.932512120009,-10.640975882509167,483.459649833093
3873,2352.012091848315,-6.808374968108409,490.2680248012015
3874,2240.9102150606277,-9.845888310600496e-05,490.2681232600846
3875,2233.2958838955146,-0.00010003713890240587,490.26822329722347
3876,2320.8408489468848,-6.337741914920684e-05,490.2682866746426
3877,2495.9536171013888,-4.778617704890554e-05,490.2683344608197
3878,2745.655089011542,-2.357664214845284e-05,490.26835803746184
3879,3052.546054487504,-2.1443957026152165e-05,490.2683794814187
3880,3395.984162586204,-1.845619133649874e-05,490.26839793761013
3881,3753.3965394291286,-1.2692811148156911e-05,490.2684106304213
3882,4101.656993193303,-1.1817150440305179e-05,490.2684224475717
3883,4100.734105113466,-1.1520159029034493e-05,490.26843396773074
3884,4069.68599454919,-1.1413966541527516e-05,490.2684453816973
3885,4011.1458779314453,-1.1479673109244632e-05,490.26845686137045
3886,3929.6216360472745,-1.1695179742274952e-05,490.26846855655015
3887,3831.1723248948956,-1.2037205920391795e-05,490.268480593756
3888,3718.578970173752,-1.2506205162111192e-05,490.26849309996123
3889,3608.444983422059,-1.3013388361435225e-05,490.26850611334964
3890,3504.246770331326,-1.3544892783321883e-05,490.2685196582424
3891,3413.3908850190105,-1.870874465587728e-05,490.268538366987
3892,3342.3010447089637,-1.9251170442539266e-05,490.26855761815744
3893,3295.9758735035125,-1.963213686955866e-05,490.2685772502943
3894,3277.64655733248,-1.9804818895827456e-05,490.2685970551132
3895,2961.68771326204,-2.0915943105635585e-05,490.2686179710563
3896,2695.7537674599885,-2.4038705301762953e-05,490.26864200976166
3897,2498.5771967454075,-5.742020716800436e-05,490.26869942996876
3898,2384.096501295004,-7.01739702530639e-05,490.268769603939
3899,2360.3567464199946,-7.329550709344209e-05,490.2688428994461
3900,2428.84035436737,-4.8903247886876515e-05,490.26889180269404
3901,2584.29868321092,-4.018524707438804e-05,490.2689319879411
3902,2815.1119495492326,-1.9749982835039313e-05,490.2689517379239
3903,3104.158700677243,-1.000320365023783e-05,490.26896174112755
3904,3430.1280871024433,-5.892611847587861e-06,490.26896763373935
3905,3769.1671015918755,1.907417808206696e-05,490.26894855956135
3906,4096.722603813056,0.000424252562965061,490.2685243069983
3907,4077.5182696921916,0.00018666053609811035,490.2683376464622
3908,4029.9616352022663,7.840825508218075e-05,490.2682592382071
3909,3957.2259356340537,4.182334601581691e-05,490.2682174148611
3910,3864.2654972623686,2.630313041634936e-05,490.2681911117307
3911,3757.4788397071543,1.8429511643664457e-05,490.2681726822191
3912,3639.9696608091676,-1.1393048920772866e-05,490.268184075268
3913,3528.2444863349174,-1.1745564556432155e-05,490.26819582083255
3914,3425.8598293833275,-1.6788890724782173e-05,490.26821260972326
3915,3340.0854819361507,-1.7172064456787554e-05,490.2682297817877
3916,3277.099367433672,-1.7420021975667572e-05,490.2682472018097
3917,3241.557300371737,-1.7475872987674508e-05,490.2682646776827
3918,3236.2660312719663,-1.731940156821281e-05,490.26828199708416
3919,2982.3814074232127,-1.962573115726339e-05,490.2683016228154
3920,2779.3114028478776,-1.3554632018793738e-05,490.26831517744745
3921,2639.835821868305,-4.2086112850543285e-05,490.26835726356035
3922,2572.4888960089756,-5.025825870882558e-05,490.268407521819
3923,2581.2191392207405,-4.8902363604706755e-05,490.26845642418255
3924,2665.3130618894816,-3.9365717243648913e-05,490.2684957898998
3925,2819.5564081112893,-1.1732296230900975e-05,490.26850752219605
3926,3034.601629177587,-1.0196987084646984e-05,490.268517719183
3927,3297.510825334488,-6.585009334894784e-06,490.26852430419245
3928,3592.4479025491983,1.266966600299206e-05,490.2685116345265
3929,3901.497649802901,3.171366433416736e-05,490.268479920862
3930,4183.9370745816395,21.654952033594114,468.61352788726794
3931,4165.650445707503,21.654925251908757,446.95860263535917
3932,4116.787065229607,21.65244306779812,425.3061595675611
3933,4062.372007274827,0.00013988688084132225,425.3060196806802
3934,3964.3196043096113,4.474380641625011e-05,425.3059749368737
3935,3850.985774379518,2.5238347024334823e-05,425.30594969852666
3936,3347.759387312158,-1.7228685247908084e-05,425.30596692721195
3937,3227.587704335837,-1.8236779220367816e-05,425.3059851639911
3938,3116.3202348349405,-1.9225183320071196e-05,425.3060043891744
3939,3021.5490152758666,-2.0099448069593305e-05,425.30602448862254
3940,2949.742235008117,-2.0753625194974075e-05,425.3060452422477
3941,2905.8028933749265,-2.261205642483245e-05,425.30606785430416
3942,2892.7331513379904,-2.2615943067698735e-05,425.3060904702473
3943,2554.965535206952,-5.1882300400792704e-05,425.3061423525477
3944,2264.476550826323,-8.988687031970817e-05,425.30623223941797
3945,2042.8610324794568,-0.00019698864041690624,425.3064292280584
3946,1907.303451779481,-0.0007549900960346091,425.3071842181543
3947,1872.0797843488428,-2.972066918118108,428.2792511362725
3948,1932.655690462245,-0.00047730085481914467,428.2797284371273
3949,2094.8793506085153,-0.0001513165767438972,428.2798797537041
3950,2345.342468453529,-7.375321617202146e-05,428.27995350692026
3951,2666.913292491035,-3.8884662965842417e-05,428.27999239158316
3952,3036.9999267884364,-8.250527699113628e-06,428.28000064211096
3953,3429.242339364677,-5.847407594947085e-06,428.2800064895185
3954,3815.5202810288633,2.23909435533235e-05,428.2799840985749
3955,3793.4394688347743,2.0810136671858e-05,428.2799632884382
3956,3740.218832554869,1.7785834870822882e-05,428.27994550260337
3957,3659.239931839098,1.452055409501074e-05,428.2799309820493
3958,3555.776795109308,1.167530872102033e-05,428.27991930674057
3959,3436.6439136468653,-1.650584193977233e-05,428.2799358125825
3960,3305.640564152909,-1.7772593226740272e-05,428.27995358517563
3961,3179.4154195132505,-1.9204950446240497e-05,428.2799727901262
3962,3062.3047940993574,-2.0758349357182947e-05,428.2799935484755
3963,2962.1593410115747,-2.2335395095693553e-05,428.28001588387053
3964,2885.7154231782797,-2.3789511374502675e-05,428.28003967338196
3965,2838.139868686333,-2.4943754311466636e-05,428.2800646171362
3966,2822.6800783792914,-2.5624953456559216e-05,428.2800902420897
3967,2487.8317622181135,-5.598225450001944e-05,428.28014622434426
3968,2211.868485092372,-0.00010056586240019787,428.28024679020655
3969,2012.771730576535,-0.00022122939673260844,428.2804680196033
3970,1903.259533649369,-0.0006602791538155296,428.2811282987571
3971,1890.0892703018603,-0.0008837184441279588,428.28201201720117
3972,1973.7414146284605,-0.0002817029884101091,428.2822937201896
3973,2148.480750440158,-0.00011928920264999724,428.28241300939226
3974,2402.768381670942,-6.4590950180805e-05,428.2824776003425
3975,2720.00227162952,-2.07590152718063e-05,428.28249835935776
3976,3079.536103732543,-1.816565390746963e-05,428.28251652501166
3977,3457.927171829577,-1.657543990345445e-05,428.2825331004516
3978,3830.354657032689,-1.1349456932538635e-05,428.28254444990847
3979,3818.6589885883714,-1.1366021403494888e-05,428.2825558159298
3980,3774.484273990435,-1.1590026132334641e-05,428.282567405956
3981,3700.7711632169426,-1.202394367140463e-05,428.2825794298997
3982,3602.396277638964,-1.2671304816751066e-05,428.2825921012045
3983,3485.837859418069,-1.3536189150740893e-05,428.2826056373936
3984,3732.8879742093823,-1.2043014678685689e-05,428.2826176804083
3985,3603.5229642937884,-1.3028151970399113e-05,428.28263070856025
3986,3480.263277914934,-1.4131658815036251e-05,428.28264484021906
3987,3370.999440241836,-1.9933892260307757e-05,428.28266477411137
3988,3282.618052108157,-2.123854947690622e-05,428.2826860126608
3989,3220.5451593982143,-2.2433000441105635e-05,428.2827084456613
3990,3188.3906782698846,-2.3409067975902023e-05,428.2827318547292
3991,2821.4275662955574,-2.6822707244485278e-05,428.28275867743645
3992,2511.5889777949515,-2.9448313301815457e-05,428.2827881257497
3993,2280.3997680015177,-8.193646064050844e-05,428.28287006221035
3994,2143.7344913669795,-0.00011778319792513743,428.2829878454083
3995,2110.572314291378,-0.00013096945777148672,428.28311881486616
3996,2182.2872518212926,-8.255973079018215e-05,428.28320137459684
3997,2352.5438942741857,-5.8466261357489754e-05,428.28325984085825
3998,2607.8136315359443,-3.961507433925266e-05,428.28329945593254
3999,2928.4709269426103,-2.2694523330103983e-05,428.2833221504559
4000,3290.374233840438,-2.0008800659152834e-05,428.2833421592565
4001,3666.7921093247523,-1.4463297049094493e-05,428.28335662255364
4002,4030.504581292863,-1.3821699335598466e-05,428.2833704442529
4003,4023.82578922787,-1.3763467420568542e-05,428.28338420772036
4004,3988.698338921281,-1.388738764829583e-05,428.28339809510794
4005,3927.8595737150026,-1.418414102591601e-05,428.283412279249
4006,3845.8536762995054,-1.463697891228056e-05,428.2834269162278
4007,3748.7071570219073,-1.5221860747270562e-05,428.2834421380886
4008,3639.610947289687,-1.594252913710335e-05,428.2834580806177
4009,3533.986186255752,-1.6682234960237915e-05,428.28347476285273
4010,3435.5996119954875,-1.7416524378476565e-05,428.28349217937705
4011,3351.5906077417762,-1.8075070782417917e-05,428.28351025444783
4012,3288.0784533688734,-2.322225885269366e-05,428.2835334767067
4013,3249.731883315655,-2.357374783848228e-05,428.2835570504546
4014,3239.439567809227,-2.3623620431198537e-05,428.2835806740749
4015,2977.926672763792,-2.427219098383616e-05,428.2836049462659
4016,2767.828085848875,-2.6289249792899522e-05,428.28363123551577
4017,2621.676190997965,-2.6831836045760892e-05,428.2836580673518
4018,2547.574810429375,-4.9752784153237136e-05,428.283707820136
4019,2548.9311086926327,-3.797815832199906e-05,428.28374579829426
4020,2624.4559637915822,-3.576210273800606e-05,428.283781560397
4021,2768.3997278529764,-2.255863144758336e-05,428.28380411902845
4022,2970.9885368573578,-2.1435033957491262e-05,428.28382555406245
4023,3219.0272727570314,-1.9298683498153834e-05,428.28384485274586
4024,3496.6406808073816,-1.3849695648381305e-05,428.2838587024416
4025,3786.1283368754903,-1.3490683500390895e-05,428.28387219312503
4026,4068.911382524049,-1.3268179860689988e-05,428.2838854613049
4027,4041.498039309629,-1.3575859977390807e-05,428.2838990371649
4028,3985.0125460925274,-1.4078257433002898e-05,428.28391311542225
4029,3902.9266450729806,-1.4766037518800543e-05,428.28392788145976
4030,3800.5034117201153,-1.561746106213094e-05,428.28394349892085
4031,3684.4480901624142,-1.6595791745651475e-05,428.28396009471254
4032,3558.6728668602195,-1.7684024252488075e-05,428.2839777787368
4033,3438.9202601921497,-1.871396782432854e-05,428.2839964927047
4034,3329.4946445666046,-1.9609739894044017e-05,428.2840161024446
4035,3237.8541163642453,-2.491287956783224e-05,428.2840410153241
4036,3170.3144091742793,-2.5290428760516047e-05,428.2840663057529
4037,3131.6142381154978,-2.5221323742559766e-05,428.2840915270766
4038,3124.5861366760278,-2.465247856819112e-05,428.2841161795552
4039,2823.1577050488186,-2.4864539459256767e-05,428.28414104409467
4040,2570.039867530702,-2.7094691972327025e-05,428.2841681387866
4041,2384.1805480392886,-6.446980852352285e-05,428.2842326085952
4042,2280.0954007084233,-7.901564640935543e-05,428.2843116242416
4043,2266.6489126862343,-8.106393529107855e-05,428.28439268817687
4044,2346.2522222438956,-5.160992296916026e-05,428.28444429809974
4045,2514.559615535757,-4.1353890615374745e-05,428.28448565199034
4046,2760.7005256823677,-2.8036062735622867e-05,428.28451368805315
4047,3068.035848226683,-1.7923108911424446e-05,428.284531611162
4048,3415.378086525995,-5.866314768483545e-06,428.28453747747676
4049,3778.573018953599,1.9641874584843566e-05,428.28451783560223
4050,4113.768704964117,18.539483840612554,409.7450339949897
4051,4112.737148768867,2.9771248387982197,406.7679091561914
4052,4067.523670370342,0.0001387988450183996,406.7677703573464
4053,3991.08671257489,-1.0666128807718822e-05,406.76778102347515
4054,3891.6415209481115,-1.1309558306539027e-05,406.7677923330335
4055,3775.9624196970726,-1.2096347130992636e-05,406.7678044293807
4056,3648.2232294115147,-1.3022376336436804e-05,406.76781745175697
4057,3524.183693592317,-1.3993525614237813e-05,406.76783144528264
4058,3408.5478154007183,-1.496289392807188e-05,406.7678464081765
4059,3309.114038445266,-2.0505314641678337e-05,406.76786691349116
4060,3232.569483534576,-2.1292589735848624e-05,406.76788820608084
4061,3184.038401850666,-2.176314594584233e-05,406.7679099692269
4062,3166.7362852965794,-2.180594604597474e-05,406.7679317751729
4063,2850.8130278828075,-2.4080412015231323e-05,406.7679558555849
4064,2586.687896472302,-2.544474112556131e-05,406.7679813003261
4065,2391.5500586640974,-6.278641235062018e-05,406.76804408673837
4066,2278.244930767645,-7.807323017694118e-05,406.7681221599686
4067,2254.5254974648897,-8.193685671967264e-05,406.7682040968253
4068,2322.5823313054457,-5.161458773639798e-05,406.768255711413
4069,2478.8705284701527,-4.190873450326402e-05,406.7682976201475
4070,2714.243348659024,-2.9277017070513014e-05,406.7683268971645
4071,3014.3955986861124,-1.0293697683326628e-05,406.76833719086227
4072,3360.609777450688,-6.12236349328794e-06,406.7683433132258
4073,3730.786249956424,1.7678645936128308e-05,406.76832563457987
4074,4100.700865171614,0.022596197958098682,406.7457294366217
4075,4082.9048207630394,0.00038694606101992207,406.7453424905607
4076,4033.6008571824095,9.957760114006616e-05,406.74524291295955
4077,3955.970261054709,4.5972595703139194e-05,406.7451969403638
4078,3855.0860928895577,2.7085094315961815e-05,406.74516985526947
4079,3737.591768788471,1.8300597838514697e-05,406.7451515546716
4080,3607.6813108008114,-1.0775526456322959e-05,406.74516233019807
4081,3480.8604274267427,-1.6136472139605697e-05,406.7451784666702
4082,3361.9544928085857,-1.7137408519034216e-05,406.74519560407873
4083,3258.827910144795,-1.8159170483838604e-05,406.7452137632492
4084,3178.283403001845,-1.9107347199137887e-05,406.7452328705964
4085,3125.604914373488,-1.9875424311531327e-05,406.74525274602064
4086,3104.203675801629,-2.0369892673900386e-05,406.7452731159134
4087,2727.463069784004,-2.386766272820018e-05,406.7452969835761
4088,2408.874766792182,-6.033524262871056e-05,406.7453573188188
4089,2170.078753997797,-0.00010027606117527776,406.7454575948799
4090,2027.3185839783177,-0.00016323891077175907,406.74562083379067
4091,1990.3343772879903,-0.00019315382485275663,406.74581398761546
4092,2062.0449361236347,-0.0001390828435756117,406.74595307045905
4093,2246.6890015371628,-6.296533688606487e-05,406.746016035796
4094,2522.589624993864,-4.040343267376411e-05,406.7460564392286
4095,2868.998999008216,-1.8856298557719766e-05,406.74607529552713
4096,3260.190789870156,-1.621651928121411e-05,406.74609151204646
4097,3667.5096377671325,1.6350693119792705e-05,406.74607516135336
4098,4061.6130839897337,0.0021645968948797727,406.7439105644585
4099,4053.236952370792,0.0009956160540901286,406.7429149484043
4100,4013.712968288555,0.00022097026903460595,406.74269397813526
4101,3945.8137277056,0.00011729749698943815,406.7425766806383
4102,3854.1986459008663,-1.0346588278093279e-05,406.74258702722665
4103,3745.0856396180834,-1.0746080971941591e-05,406.7425977733076
4104,3244.209758998536,-1.8563930683040917e-05,406.74261633723825
4105,3122.7614143959277,-1.9620863711745915e-05,406.74263595810197
4106,3007.1727383483285,-2.0795552138945618e-05,406.74265675365405
4107,2905.0132470056083,-2.2018922741905774e-05,406.7426787725769
4108,2822.864230045446,-2.4644126997994718e-05,406.7427034167039
4109,2765.8742256153537,-2.5726189044073887e-05,406.7427291428929
4110,2737.4147035997903,-2.6489638747430067e-05,406.7427556325316
4111,2429.9540389896238,-5.5754456021886575e-05,406.7428113869877
4112,2177.696581142144,-9.53778706723393e-05,406.74290676485833
4113,1995.515809397118,-0.00018389681228158652,406.74309066167064
4114,1893.469713169367,-0.0003745384188726845,406.7434652000895
4115,1876.3746026639055,-0.0004492482964726814,406.7439144483859
4116,1943.684795943635,-0.000244186455646742,406.74415863484154
4117,2089.6601206958153,-0.00012149291548988245,406.74428012775707
4118,2303.7954044822495,-6.865467881440781e-05,406.74434878243585
4119,2571.486319698571,-2.4019004793676874e-05,406.7443728014407
4120,2874.8994676871525,-1.978348408104184e-05,406.7443925849248
4121,3194.012703492004,-1.7208077954056633e-05,406.7444097930027
4122,3507.7869882400864,-6.5063853967804765e-06,406.74441629938815
4123,3491.146234362824,-0.00033738758547686293,406.74475368697364
4124,3446.913724460599,-0.0002180024610695422,406.7449716894347
4125,3378.1373048802993,-0.00019649695545433248,406.74516818639006
4126,3289.630290298273,-0.00019334435601389298,406.7453615307461
4127,3187.637560341231,-0.00020222469271825925,406.7455637554388
4128,3076.0479556501296,-0.00021282762450264297,406.7457765830633
4129,2969.300121443587,-0.00022664935712161786,406.74600323242043
4130,2871.7255653808797,-0.00023676475529946036,406.74623999717573
4131,2790.420853426724,-0.00023847076240069738,406.7464784679381
4132,2731.3952282328214,-0.0002293171800500013,406.74670778511825
4133,2699.1445905800742,-0.00021098604802332436,406.74691877116624
4134,2696.328796448008,-0.00018804142292071663,406.74710681258915
4135,2405.0053042528084,-0.00016852733273347133,406.7472753399218
4136,2164.2493555940327,-0.00020124993915723193,406.74747658986104
4137,1991.5904729129204,-0.00024797619262165995,406.7477245660536
4138,1899.6135461005374,-0.00033315766774484254,406.74805772372144
4139,1894.9721288949484,-0.00034081076756731796,406.74839853448896
4140,1977.8694226022733,-0.0002384540672005756,406.7486369885562
4141,2142.0532336102206,-0.00016314586685996061,406.74880013442305
4142,2375.324716158685,-0.0001247558815003646,406.74892489030447
4143,2660.514405048529,-9.140924652969171e-05,406.749016299551
4144,2976.8361304150776,-9.155599931806157e-05,406.7491078555504
4145,3301.4970273043114,-9.091612672953692e-05,406.749198771677
4146,3611.4233407946654,-9.952452715978023e-05,406.7492982962042
4147,3583.412050742836,-0.00011502500511948165,406.74941332120926
4148,3524.818662644545,-0.00014305791794029215,406.7495563791272
4149,3439.2714000423175,-0.0002003760572642212,406.74975675518453
4150,3332.242368157252,-0.0003631118040093233,406.7501198669885
4151,3210.6917538699004,-0.0028285552075812408,406.75294842219614
4152,3457.5032004995496,-0.00038323990974478125,406.75333166210584
4153,3331.3511802261482,-0.0017897419015589027,406.75512140400735
4154,3222.8445237338847,-7.30115587679999,414.0562772808075
4155,3133.2707657087053,-15.41283816193509,429.4691154427425
4156,3064.64088975708,-19.731934419862164,449.20104986260463
4157,3021.675035848931,-19.96614491657295,469.16719477917763
4158,3007.4299720428507,-16.102642943781916,485.26983772295955
4159,2728.341606279426,-8.09175672887573,493.36159445183523
4160,2497.8306931506213,-0.0027910009916825387,493.3643854528269
4161,2338.734395482332,-0.0004991685648992683,493.36488462139175
4162,2253.9963570435166,-0.0002928597672741742,493.3651774811591
4163,2250.3623842652432,-0.000199804405197431,493.3653772855643
4164,2329.854420582334,-0.00015998858512711496,493.36553727414946
4165,2489.536434675752,-0.00013206759695818176,493.3656693417464
4166,2721.5188606559973,-0.00010391700250143737,493.36577325874896
4167,3013.221883661553,-9.4815712070576e-05,493.365868074461
4168,3346.172948081653,1.7412278820440406,491.624640192417
4169,3695.9228563779684,9.61025852764207,482.0143816647749
4170,4050.3036014254435,13.46854890414808,468.54583276062675
4171,4044.008792314977,13.215160921410178,455.3306718392166
4172,4009.7121050104415,8.99384137286771,446.3368304663489
4173,3950.1678748928216,1.1844369053946275,445.1523935609543
4174,3860.2219510657274,-9.708275573690934e-05,445.15249064371005
4175,3751.9519339031517,-0.00011516293991380042,445.15260580664994
4176,3631.1758573274356,-0.00014693754423525794,445.1527527441942
4177,3512.5168764204027,-0.0002071491251556622,445.15295989331935
4178,3401.240258998503,-0.0003531928722849191,445.1533130861916
4179,3305.206583851907,-0.0010509259960701093,445.1543640121876
4180,3235.1630146326565,-3.9550551000015965,449.1094191121893
4181,3195.1566800910146,-10.638062321113267,459.74748143330254
4182,3182.1486344382615,-13.61599166435078,473.3634730976533
4183,2809.667579763191,-12.572780961310496,485.93625405896375
4184,2489.8583802153707,-7.422739837026723,493.3589938959905
4185,2247.3154209460627,-0.006466173629025761,493.36546006961953
4186,2107.566491517837,-0.0007041645822357563,493.36616423420173
4187,2072.943719315927,-0.0004180260034361029,493.3665822602052
4188,2146.1809251404675,-0.0003258414995597306,493.36690810170484
4189,2327.2090728104354,-0.0003340988818729466,493.3672422005867
4190,2599.7454635451977,6.877909729402528e-05,493.3671734214894
4191,2944.066613608739,0.00014640785256273296,493.3670270136368
4192,3335.358452719886,0.00017219165398336045,493.3668548219828
4193,3745.6583832184083,0.00024977310364033076,493.36660504887914
4194,4146.001785751679,0.00037662040449592307,493.36622842847476
4195,4137.056422938501,0.0005234571633210472,493.36570497131135
4196,4097.186424370172,0.0005172008207600892,493.36518777049065
4197,4029.3520048197165,0.00035301733382163354,493.36483475315674
4198,3938.4052114099304,0.00021544793076949635,493.364619305226
4199,3830.7572384262644,0.0001361654407578882,493.3644831397853
4200,3710.922508048616,9.071011562617032e-05,493.3643924296696
4201,3593.0746000815216,6.488580229907376e-05,493.36432754386726
4202,3482.387510105742,4.8730495042555535e-05,493.36427881337227
4203,3386.5488527896796,3.824210894809489e-05,493.3642405712633
4204,3312.2211564680792,2.676730846000608e-05,493.36421380395484
4205,3264.59138505318,2.2372358022549594e-05,493.3641914315968
4206,3247.021816835191,2.0001391210777186e-05,493.3641714302056
4207,2920.3093731748027,1.824943668579747e-05,493.3641531807689
4208,2649.2472597252213,1.6188676675470778e-05,493.36413699209226
4209,2451.375423219868,-2.025702646758655e-05,493.36415724911876
4210,2339.4024832162995,-3.770295718435131e-05,493.3641949520759
4211,2320.4865914447946,-2.5258693537396347e-05,493.3642202107695
4212,2395.834509126233,-2.0737076071789477e-05,493.3642409478455
4213,2560.6350129129273,-5.05574605273873e-06,493.3642460035916
4214,2804.3322258877465,8.353792177183837e-05,493.3641624656698
4215,3111.2328555774143,0.00012879215743233743,493.3640336735123
4216,3461.427032534817,0.00021649347341467612,493.3638171800389
4217,3831.988464210602,0.0004174396755907172,493.3633997403634
4218,4198.399421046442,0.0009999716864987206,493.3623997686768
4219,4191.554626284434,0.0032956319008366716,493.359104136776
4220,4154.766939855594,0.004076633934702311,493.35502750284127
4221,4090.8682418771814,0.0012429390279374754,493.35378456381335
4222,4004.511281271527,0.0005160326080362102,493.3532685312053
4223,3901.856980632912,0.00028195937570765317,493.3529865718296
4224,3787.231735892161,0.00017856916857999675,493.352808002661
4225,3674.2409409692787,0.00012903220911753802,493.35267897045196
4226,3567.8053367675097,0.00010107363737897042,493.3525778968145
4227,3475.234963862769,8.471757105192125e-05,493.3524931792434
4228,3402.8204122959305,7.093725935610426e-05,493.3524222419841
4229,3355.3992270882986,6.681624472323842e-05,493.3523554257394
4230,3336.0234896354164,6.713844035250842e-05,493.35228828729896
4231,3005.8045628183017,7.096321375731921e-05,493.3522173240853
4232,2731.7640732980963,7.870258536394032e-05,493.35213862149993
4233,2532.5881149154834,-9.425420370335552e-06,493.35214804692026
4234,2421.1688129641157,-2.6427770618701907e-05,493.35217447469097
4235,2403.682224484562,-2.88182020588723e-05,493.3522032928929
4236,2479.2193728748143,-8.252529493439354e-06,493.3522115454225
4237,2639.9954387839757,1.1952612908914251e-05,493.3521995928096
4238,2863.5640294174063,8.5426125223189,484.80958707049064
4239,3141.9219325278077,14.83341520294917,469.9761718675415
4240,3454.7598283888033,17.06391405474471,452.91225781279684
4241,3778.910426437478,14.738233545312019,438.17402426748475
4242,4091.167610208982,7.6722496983145305,430.50177456917027
4243,4071.1454430425333,0.0014635516454649436,430.5003110175248
4244,4015.1447430785165,0.0002906755498618889,430.50002034197485
4245,3934.2275424181885,0.0001425158406275925,430.49987782613425
4246,3833.5632957121516,8.758161337532646e-05,430.49979024452085
4247,3719.7478066873214,6.008612205088432e-05,430.4997301583988
4248,3597.566618156749,4.385759862784319e-05,430.49968630080025
4249,3480.6350211561416,3.392338390255113e-05,430.49965237741634
4250,3374.1096572517363,2.2961531824081382e-05,430.4996294158845
4251,3285.2974983755516,1.877449982964889e-05,430.49961064138466
4252,3220.3588769818825,1.643286066523407e-05,430.499594208524
4253,3183.8758263187656,1.567501521814377e-05,430.4995785335088
4254,3178.5261641658235,1.6623470276464546e-05,430.49956191003855
4255,2932.3900917156916,1.848074508295593e-05,430.49954342929345
4256,2732.4189135120655,2.0773314227379162e-05,430.49952265597915
4257,2591.319223847529,6.861350730781814e-06,430.4995157946285
4258,2518.3488676308993,-1.216265985482588e-05,430.4995279572883
4259,2518.810748549609,-1.1758792305398954e-05,430.4995397160806
4260,2593.710517539222,8.247698257407614e-06,430.4995314683824
4261,2739.5958436483606,0.00010853908290811898,430.4994229292995
4262,2948.599176602426,0.0005228157241532588,430.4989001135753
4263,3206.648161196264,2.0604850060938036,428.4384151074815
4264,3495.0741903710305,9.20363085462904,419.2347842528525
4265,3807.18857220275,9.608120604855227,409.62666364799725
4266,4123.021000370736,2.876368708166731,406.75029493983044
4267,4096.944126011155,0.0008124458399200113,406.74948249399057
4268,4035.673595258913,0.00028489545209627623,406.7491975985385
4269,3945.6286647653637,0.00016221241292484442,406.74903538612557
4270,3832.2646906317195,0.00011568807299165239,406.7489196980526
4271,3702.589632215061,0.00010614199890351054,406.7488135560537
4272,3183.8795298897167,5.522459547871489e-05,406.74875833145825
4273,3046.434139988815,-0.0003318265359216468,406.74909015799403
4274,2918.06564254624,-0.00035886760334569726,406.74944902559747
4275,2806.8196907834968,-0.0006980908930893545,406.75014711649055
4276,2721.133949987023,-1.5178291666428287,408.2679762831334
4277,2674.5773330279794,-12.781180210603901,421.0491564937373
4278,2656.2192390039477,-19.454250686258856,440.5034071799962
4279,2312.946445251149,-21.365570653062573,461.86897783305875
4280,2020.073849735414,-18.676894796188236,480.54587262924696
4281,1798.7002706831734,-11.713471697422783,492.25934432666975
4282,1679.1185125043555,-15.263329770409117,507.5226740970788
4283,1691.4763629497495,-50.450611850686506,557.9732859477654
4284,1720.3415382735186,-0.0025440824029231072,557.9758300301684
4285,1896.3177615844622,-0.0004801406803522439,557.9763101708487
4286,2156.602506026629,-0.0004165101462389224,557.9767266809948
4287,2482.9170429177243,0.0006110741754454747,557.9761156068195
4288,2850.949091251368,1.5213653001838265,556.4547503066357
4289,3224.291308039779,15.368377197768215,541.0863731088674
4290,3596.301818118276,21.651171988457044,519.4352011204104
4291,3590.992769496103,21.652889789263764,497.7823113311466
4292,3557.119324469553,18.996545532268975,478.7857657988777
4293,3503.807451581894,7.427562355148162,471.3582034437295
4294,3422.793451397448,0.001013171328949924,471.3571902724006
4295,3317.170376272892,0.0004121384009873773,471.35677813399957
4296,3199.3269448190076,-0.00028768367375441056,471.35706581767334
4297,3082.526012457686,-0.00022435718542950786,471.35729017485886
4298,2972.427006132282,-0.0002523956710574887,471.35754257052986
4299,2876.754738116675,-0.00034167147295254604,471.35788424200274
4300,2802.217050708274,-0.0006143721259483991,471.3584986141288
4301,2754.053666375105,-0.0045641840263433014,471.3630627981551
4302,2743.61351268754,-7.9489409019526525,479.31200370010765
4303,2415.1483878248287,-15.02284443499693,494.3348481351047
4304,2133.977132753195,-18.62606460323254,512.9609127383371
4305,1919.1996659289152,-18.712573871666482,531.6734866100037
4306,1785.8340601048176,-15.43897894161935,547.112465551623
4307,1743.9188369300691,-9.245605443470101,556.3580709950932
4308,1798.573702175182,-1.6171874385225538,557.9752584336157
4309,1954.549642826925,-0.0011781513575862775,557.9764365849734
4310,2198.427778366974,-0.0005080857489070264,557.9769446707222
4311,2513.6531405035557,-0.0003211718431747428,557.9772658425654
4312,2880.1797011722256,-0.00025002616062959506,557.977515868726
4313,3274.052242574111,-0.00021654840958148933,557.9777324171355
4314,3668.932072792535,-0.0002021248589579559,557.9779345419944
4315,3660.8808578431162,-0.0002195285569482884,557.9781540705515
4316,3623.187892358206,-0.00034613399450182506,557.9785002045461
4317,3558.786328250879,-5.386310968539519e-07,557.978500743177
4318,3472.4553494001357,-8.899749440754115e-06,557.9785096429266
4319,3370.488079607678,-1.1462563572843147e-05,557.9785211054902
4320,3635.9675546825088,-9.529843777395198e-06,557.9785306353339
4321,3525.429875196712,-1.0801672381963518e-05,557.9785414370064
4322,3422.563379606053,-1.1858305123513441e-05,557.9785532953115
4323,3334.8317346968543,-1.7221718552671557e-05,557.97857051703
4324,3268.6702721339007,-1.7986450339509326e-05,557.9785885034803
4325,3229.045837197674,-1.848707346002975e-05,557.9786069905538
4326,3219.1176460377983,-1.8690160608293394e-05,557.9786256807145
4327,2867.123130061716,-1.9832412943389206e-05,557.9786455131273
4328,2576.80206397038,-2.2807929408905726e-05,557.9786683210568
4329,2368.861901214087,-5.443338472661704e-05,557.9787227544415
4330,2257.6004417687764,-6.630386397947076e-05,557.9787890583054
4331,2249.8992903151066,-5.021035538006949e-05,557.9788392686609
4332,2344.837682011597,-4.533111618077498e-05,557.9788845997768
4333,2533.945103550913,-3.580342498449696e-05,557.978920403202
4334,2802.0523978256315,-1.8072403232145532e-05,557.9789384756052
4335,3128.6474509598656,-1.671321691601173e-05,557.978955188822
4336,3489.599958189915,-9.951748575973911e-06,557.9789651405707
4337,3859.093792753688,-9.388931337382693e-06,557.978974529502
4338,4211.595838699658,-8.89455999913822e-06,557.978983424062
4339,4206.906798339979,-8.930552027434514e-06,557.9789923546141
4340,4173.04033835317,-9.084461005889143e-06,557.9790014390751
4341,4113.041922095815,-9.34044151750915e-06,557.9790107795166
4342,4031.755623460834,-9.67585034010155e-06,557.9790204553668
4343,3935.487169110978,-1.0062106326884271e-05,557.9790305174733
4344,3829.2425177750893,-1.0476284894464725e-05,557.9790409937582
4345,3725.5139179299003,-1.0854315208240273e-05,557.9790518480734
4346,3629.7935738121882,-1.1167512672121296e-05,557.979063015586
4347,3549.325438529036,-1.137700114453844e-05,557.9790743925871
4348,3490.277668834361,-1.1452513232138114e-05,557.9790858451005
4349,3457.3123912850806,-1.1378074050775711e-05,557.9790972231744
4350,3453.2588261474966,-1.5640566934470018e-05,557.9791128637414
4351,3195.5521392427067,-1.6091232475179917e-05,557.9791289549738
4352,2985.236176700529,-1.7857777720391988e-05,557.9791468127517
4353,2835.866743308764,-1.8475129832301074e-05,557.9791652878815
4354,2757.194761929006,-1.117705499062735e-05,557.9791764649366
4355,2754.624412243523,-2.3510620816684722e-05,557.9791999755573
4356,2828.8774361394376,-1.1113535382503377e-05,557.9792110890928
4357,2975.88527931391,-1.0183493051201076e-05,557.9792212725857
4358,3186.9283609801937,-6.8583810933099406e-06,557.9792281309668
4359,3449.0380255574487,-5.484945698236933e-06,557.9792336159126
4360,3745.665817797042,1.4644438010274063e-05,557.9792189714746
4361,4057.609740492058,2.957914920019481e-05,557.9791893923255
4362,4342.517071318336,21.649427528740954,536.3297618635844
4363,4339.314433493025,0.004186941020561739,536.3255749225638
4364,4284.5118960330055,0.00011290197886019312,536.325462020585
4365,4203.321645511461,4.713093133453886e-05,536.3254148896538
4366,4101.149317004342,2.751606463860486e-05,536.325387373589
4367,3984.8665665394287,1.873727518714311e-05,536.3253686363138
4368,3860.1509384402007,1.3946989869981594e-05,536.325354689324
4369,3739.7779858138524,1.1124679518132666e-05,536.3253435646445
4370,3629.8240153099255,-1.0219527391260774e-05,536.3253537841719
4371,3537.925884117951,-1.0615673554808068e-05,536.3253643998455
4372,3470.555095953061,-1.5382655253424856e-05,536.3253797825007
4373,3432.573673809192,-1.5527966505149906e-05,536.3253953104672
4374,3426.8970650761544,-1.5447979014602873e-05,536.3254107584462
4375,3134.098388025194,-1.613799005216e-05,536.3254268964363
4376,2895.7090888649122,-1.8338015054185034e-05,536.3254452344513
4377,2728.936710681599,-1.3358669057570986e-05,536.3254585931204
4378,2645.786553236429,-3.52512355139446e-05,536.3254938443558
4379,2652.1915371517334,-2.8062070872679128e-05,536.3255219064267
4380,2747.6243025798412,-2.516621005910767e-05,536.3255470726368
4381,2925.2114530836166,-1.0735171104118807e-05,536.325557807808
4382,3172.3259028493444,-9.188138437617319e-06,536.3255669959464
4383,3471.592084661379,-5.494973335210161e-06,536.3255724909197
4384,3802.2073762234445,1.2640751309884024e-05,536.3255598501684
4385,4141.4624695027305,3.370348109305701e-05,536.3255261466873
4386,4444.680615606869,21.65497626332551,514.6705498833619
4387,4425.407375276808,21.654963176926294,493.01558670643556
4388,4372.631290664629,21.654852111710582,471.36073459472493
4389,4311.244928735394,0.00028749666209697315,471.3604470980629
4390,4203.130811322721,5.20131400108999e-05,471.36039508492274
4391,4076.7395880522045,2.6971586869740684e-05,471.36036811333594
4392,3937.9322331906355,1.7710618880976043e-05,471.3603504027171
4393,3799.4494333794423,1.3151554486665052e-05,471.36033725116255
4394,3667.82211164732,1.0488608872840332e-05,471.36032676255377
4395,3551.145166916151,8.80983001294604e-06,471.36031795272373
4396,3456.4554725101198,-1.4815512455378131e-05,471.36033276823605
4397,3389.2689594621206,-1.53692620803935e-05,471.36034813749825
4398,3353.2216527760256,-1.5743777630666245e-05,471.3603638812759
4399,3023.442212027672,-1.6986334041183284e-05,471.3603808676099
4400,2740.3423936657564,-2.0025910740194654e-05,471.3604008935207
4401,2522.4223536181707,-4.4440431448815065e-05,471.3604453339521
4402,2384.5886189436264,-5.3642770505225546e-05,471.3604989767226
4403,2337.099852658961,-5.758715542124122e-05,471.360556563878
4404,2384.7242405952097,-4.0356848548315216e-05,471.36059692072655
4405,2526.1838675204144,-3.489405090905029e-05,471.3606318147774
4406,2753.954102938627,-2.5526202569996766e-05,471.36065734098
4407,3054.470968276687,-9.752446948890186e-06,471.360667093427
4408,3408.7741912494034,-5.715653280825225e-06,471.36067280908037
4409,3793.580999212072,1.6017324939042385e-05,471.3606567917553
4410,4182.747450045714,0.00031802226538306497,471.36033876949
4411,4170.273979165836,0.0002816402209628654,471.360057129269
4412,4127.724939319202,0.00013321746045824037,471.35992391180855
4413,4057.8282821744588,7.059239257657016e-05,471.359853319416
4414,3965.1860966071076,4.434292706976622e-05,471.359808976489
4415,3855.948402619532,3.1716565598393695e-05,471.3597772599233
4416,3735.4153232624276,2.5101078013760307e-05,471.35975215884537
4417,3615.3991103540234,-9.556650490402225e-06,471.35976171549584
4418,3501.875709970358,-1.4567841886126725e-05,471.3597762833378
4419,3402.303889783606,-1.5226594667967222e-05,471.35979150993245
4420,3323.143932073975,-1.5836627858318022e-05,471.35980734656033
4421,3269.4135925648047,-1.635239877494806e-05,471.3598236989592
4422,3244.3444259994512,-1.671105854707619e-05,471.3598404100177
4423,2863.349381233194,-1.9678210073220985e-05,471.3598600882278
4424,2537.6719861482884,-4.2830900903665675e-05,471.3599029191287
4425,2296.3520731101294,-6.085719453488182e-05,471.3599637763232
4426,2153.0924472374104,-8.031096536135122e-05,471.3600440872886
4427,2116.023188628546,-8.708739393459251e-05,471.3601311746826
4428,2185.473948433032,-5.531844238939963e-05,471.36018649312496
4429,2353.984402511014,-4.3247080203312464e-05,471.3602297402051
4430,2607.064601829739,-3.175733281793912e-05,471.3602614975379
4431,2924.4743511625634,-1.7473725317960637e-05,471.3602789712632
4432,3281.8934619847146,-1.5284540459429344e-05,471.36029425580375
4433,3652.8290435330696,-9.993333568275375e-06,471.3603042491373
4434,4010.596640873567,-9.559003453851864e-06,471.3603138081408
4435,3986.102391661557,-9.660960887621768e-06,471.3603234691017
4436,3932.6230745026805,-9.88997789477339e-06,471.36033335907956
4437,3853.2731400099565,-1.023976470271824e-05,471.3603435988442
4438,3752.972291636578,-1.0699230645478946e-05,471.36035429807487
4439,3638.1107817214343,-1.124888974928193e-05,471.3603655469646
4440,3136.117642568549,-1.9656719510313508e-05,471.36038520368425
4441,3014.935229100604,-2.0798523001245095e-05,471.3604060022071
4442,2902.5013737677486,-2.1944474084735338e-05,471.36042794668134
4443,2806.18778377211,-2.2986975728149353e-05,471.360450933657
4444,2732.298553391062,-2.5198954645982696e-05,471.36047613261167
4445,2685.636879679893,-2.57338717516812e-05,471.3605018664834
4446,2669.174285300896,-2.580412823977908e-05,471.3605276706116
4447,2364.973258918612,-5.218469517075365e-05,471.3605798553069
4448,2112.3001364150323,-8.706420890073137e-05,471.3606669195158
4449,1927.5308959109311,-0.0001591172711308762,471.3608260367869
4450,1822.7487651936171,-0.0002927201042824136,471.3611187568912
4451,1804.9655851205634,-0.00033889437051864486,471.3614576512618
4452,1875.6195558586444,-0.000203419035953007,471.3616610702978
4453,2030.3911790316201,-0.00010710311077530715,471.3617681734085
4454,2259.3675750586654,-6.1751618846756e-05,471.3618299250273
4455,2547.5708927788987,-3.897847007438813e-05,471.36186890349745
4456,2875.8420808325295,-1.6587666030160754e-05,471.3618854911635
4457,3222.0460024796535,-1.4995554044340874e-05,471.3619004867175
4458,3562.534966718597,-9.590958720298594e-06,471.36191007767627
4459,3546.3353734534107,-9.264745089661119e-06,471.36191934242134
4460,3500.950541109743,-8.777324000154201e-06,471.3619281197453
4461,3429.66445189998,-7.493820090066629e-06,471.36193561356544
4462,3337.572614134895,-3.529618473402049e-07,471.36193596652726
4463,3231.2368393609845,-0.002244464353975919,471.36418043088133
4464,3120.1167730063316,-3.6176537446114287,474.9818341754927
4465,3016.5679708710536,-11.678083848135836,486.6599180236285
4466,2919.800966920322,-17.10735047167586,503.7672684953044
4467,2836.6596101778387,-19.34629554197426,523.1135640372786
4468,2773.0342250828307,-18.003589398602205,541.1171534358807
4469,2733.4476281662655,-12.87764965948204,553.9948030953628
4470,2720.753972822252,-3.9859899752548693,557.9807930706177
4471,2433.2397100274547,-0.001494956186460494,557.9822880268042
4472,2206.7919915460666,-5.7720285762710556e-05,557.98234574709
4473,2053.070035459653,-9.584786674535178e-05,557.9824415949566
4474,1982.1181694381428,-0.00012244545815462274,557.9825640404149
4475,1997.779289113301,-0.00011650142176779047,557.9826805418367
4476,2097.5885690188825,-8.685494042543511e-05,557.982767396777
4477,2273.1569353278223,-5.948166284579333e-05,557.9828268784399
4478,2510.98533298436,-4.111886233631488e-05,557.9828679973024
4479,2793.6183436177944,-1.725569168710996e-05,557.982885252994
4480,3101.0231499785123,-1.436924017793069e-05,557.9828996222343
4481,3412.0704989905835,-1.3408041473384827e-05,557.9829130302757
4482,3705.9986710776884,-8.651244857556949e-06,557.9829216815207
4483,3686.3317458354186,-8.92370841408859e-06,557.982930605229
4484,3635.509180050269,-9.36848382374683e-06,557.9829399737127
4485,3557.0510349849674,-9.983396148647949e-06,557.982949957109
4486,3456.3662422282896,-1.076242087020127e-05,557.9829607195298
4487,3340.3962762858714,-1.6230618215323408e-05,557.982976950148
4488,3593.6980757136166,-1.0346241364781152e-05,557.9829872963894
4489,3471.7356461414797,-1.124474774884462e-05,557.9829985411371
4490,3359.5698837961804,-1.6628524078356976e-05,557.9830151696613
4491,3265.1136400520068,-1.7548977217258284e-05,557.9830327186385
4492,3195.1441524915363,-1.8286016542135548e-05,557.9830510046551
4493,3154.847140430174,-1.8738104053000763e-05,557.9830697427592
4494,3147.4669870986513,-1.8824643136088054e-05,557.9830885674023
4495,2879.5345831798727,-1.9537236459330062e-05,557.9831081046387
4496,2656.2292699541013,-2.1791063104837682e-05,557.9831298957018
4497,2493.5908009770346,-4.412753948441787e-05,557.9831740232413
4498,2404.478732799156,-4.978169048637567e-05,557.9832238049319
4499,2397.6200402363656,-5.019155567234758e-05,557.9832739964875
4500,2476.8261470275593,-3.443168533765288e-05,557.9833084281728
4501,2640.4562501473556,-2.9674617828826786e-05,557.9833381027908
4502,2881.19889779707,-1.067055212305692e-05,557.9833487733429
4503,3186.2299746522904,-6.714587457950906e-06,557.9833554879303
4504,3537.7800183311365,1.3202790038075785e-05,557.9833422851402
4505,3914.111759453605,2.9645905763948076e-05,557.9833126392346
4506,4269.214438260109,21.654934767136236,536.3283778720984
4507,4269.122712554519,21.654935212645572,514.6734426594527
4508,4236.145654166187,21.6548275898069,493.0186150696458
4509,4194.806395132281,0.0006271771522873114,493.01798789249364
4510,4106.612587129375,6.545654496130388e-05,493.01792243594866
4511,3999.644599205669,3.188000188174309e-05,493.0178905559467
4512,3880.017379316041,2.037478814874125e-05,493.0178701811585
4513,3758.9484790226375,1.4900725972767044e-05,493.0178552804326
4514,3643.2983906904165,1.1781578107785914e-05,493.0178434988545
4515,3540.9416335258943,9.863645698398011e-06,493.01783363520883
4516,3458.7552298382866,-1.4382599757438663e-05,493.01784801780855
4517,3402.1609340383347,-1.479014439165426e-05,493.017862807953
4518,3374.768870930741,-1.5048524563652768e-05,493.01787785647764
4519,3007.9212078330547,-1.6360308069149837e-05,493.01789421678575
4520,2698.564211799452,-1.9649621826916274e-05,493.0179138664075
4521,2467.9813297171,-4.5863501650014176e-05,493.01795972990914
4522,2331.6052499209236,-5.557511015572711e-05,493.01801530501933
4523,2297.965478335907,-5.8452914844977824e-05,493.0180737579342
4524,2368.1872210390225,-4.019296188456231e-05,493.01811395089607
4525,2536.061899143793,-3.367248134814267e-05,493.0181476233775
4526,2788.659795282732,-2.386369857562905e-05,493.01817148707613
4527,3107.412615265404,-9.340389750175114e-06,493.01818082746587
4528,3469.5598697479354,-5.361498652742566e-06,493.0181861889645
4529,3849.832257555134,1.8663822594463158e-05,493.0181675251418
4530,4206.786211138713,15.451229083936951,477.5669384412049
4531,4206.175024826516,6.198799265661503,471.36813917554343
4532,4173.679888420691,0.00020641326355759197,471.3679327622799
4533,4108.950072403118,6.847103632799518e-05,471.36786429124356
4534,4022.7889630857035,3.654377431363556e-05,471.36782774746916
4535,3921.2873476237655,2.3703354266895648e-05,471.367804044115
4536,3810.232266309308,1.712478373642258e-05,471.36778691933125
4537,3700.0518363296233,1.3375838057925035e-05,471.3677735434932
4538,3597.107935017088,1.1045146410440473e-05,471.36776249834685
4539,3508.6018105494177,-5.166097821575955e-06,471.3677676644446
4540,3440.7089335781175,-5.47512904174363e-06,471.36777313957367
4541,3398.146487101294,-1.4372046350629129e-05,471.3677875116202
4542,3383.841524336622,-1.4487419595138108e-05,471.3678019990398
4543,3047.4444875065665,-1.562516799264311e-05,471.3678176242078
4544,2759.9273140492687,-1.867930586459511e-05,471.36783630351357
4545,2540.7996008581713,-4.156099978595033e-05,471.36787786451333
4546,2405.226022638646,-4.939790077505603e-05,471.3679272624141
4547,2362.916440662612,-3.851941863162351e-05,471.3679657818328
4548,2417.3312457717143,-3.759028677587932e-05,471.3680033721195
4549,2565.278046528404,-3.2628288279618906e-05,471.36803600040787
4550,2796.956000856225,-2.3798113571015143e-05,471.36805979852136
4551,3096.475117057566,-9.42859743954103e-06,471.36806922711884
4552,3442.8429454876195,-5.4617408128361e-06,471.36807468885956
4553,3811.3711683846736,1.8129226174681386e-05,471.36805655963354
4554,4175.411491570615,0.003784016660889458,471.3642725429726
4555,4143.584004456364,0.0003480066119438784,471.3639245363607
4556,4081.9926957015755,-8.761863947796873e-06,471.36393329822465
4557,3994.004388592824,-9.154874773845467e-06,471.36394245309947
4558,3884.786552853331,-9.648072189143106e-06,471.3639521011716
4559,3760.9640015511127,-1.0224380097669043e-05,471.36396232555165
4560,3628.934331747474,-1.0863367929805544e-05,471.36397318891954
4561,3499.3071546479287,-1.151453082549982e-05,471.36398470345046
4562,3378.918941182572,-1.6599364867298333e-05,471.36400130281527
4563,3275.239387104572,-1.727138277738299e-05,471.36401857419804
4564,3194.6231714020814,-1.7797763880912808e-05,471.36403637196196
4565,3141.8754199121827,-1.8105976348088627e-05,471.3640544779383
4566,3119.9218042292755,-1.8139394205052665e-05,471.3640726173326
4567,2799.104425938593,-2.0480826949573323e-05,471.3640930981596
4568,2540.4684982719277,-4.0270219341752815e-05,471.3641333683789
4569,2360.34446068824,-5.131973985871977e-05,471.3641846881187
4570,2268.875452003731,-5.925994563211308e-05,471.36424394806437
4571,2269.4749432633284,-5.888801320454398e-05,471.3643028360777
4572,2358.8341334648762,-5.065582671678967e-05,471.3643534919044
4573,2527.4465379752387,-3.0164607355811058e-05,471.36438365651173
4574,2760.5737672432674,-1.64683557587064e-05,471.3644001248676
4575,3039.543130636136,-1.524972552041084e-05,471.3644153745931
4576,3343.2490053607276,-1.3169568833463819e-05,471.3644285441619
4577,3649.724926400822,-7.971438933564265e-06,471.3644365156008
4578,3937.6622286301867,-7.471968381637074e-06,471.3644439875692
4579,3909.5057782453373,-7.353248438420954e-06,471.3644513408177
4580,3850.994060202784,-7.1598868080503115e-06,471.3644585007045
4581,3765.508083794641,-6.435897159777751e-06,471.36446493660173
4582,3658.285180939434,-1.4225050357777373e-06,471.3644663591068
4583,3536.0666137793796,-0.0002641966966212302,471.36473055580336
4584,3405.5247835051555,-0.00023621998571144516,471.36496677578907
4585,3277.201594702222,-0.0003101912887671098,471.3652769670779
4586,3158.2467289944193,-0.0005715791624669877,471.36584854624033
4587,3056.3252559508855,-0.006280199206357998,471.3721287454468
4588,2988.0471069797936,-10.095438922392564,481.4675676678393
4589,2945.7270654242398,-17.62522447969896,499.0927921475384
4590,2930.3843112394566,-20.571929187303486,519.6647213348417
4591,2661.578845999688,-18.959796375081048,538.6245177099228
4592,2433.0604138494778,-13.05085880486101,551.6753765147837
4593,2260.1683112883643,-3.3635612341724346,555.0389377489562
4594,2164.4891812358505,-0.000771494105351232,555.0397092430616
4595,2150.3584645891947,-0.00033989717762969603,555.0400491402391
4596,2216.8700859027613,-0.00022478673276770243,555.040273926972
4597,2361.2446874950506,-0.00015439607900194935,555.040428323051
4598,2575.3967329671214,-0.00011430134283027224,555.0405426243939
4599,2844.214793165025,2.012389924159023,553.0281527002348
4600,3144.8479472183058,11.450015281926612,541.5781374183082
4601,3467.3500922495436,17.520227073804556,524.0579103445036
4602,3789.481511885537,19.7758136955349,504.2820966489687
4603,3767.149268046148,18.00024791964301,486.28184872932576
4604,3717.0474057205147,12.219163968688244,474.0626847606375
4605,3642.209371627609,2.6972585467719647,471.3654262138655
4606,3537.2941399359847,-8.702031838593531e-05,471.3655132341839
4607,3413.2320132628915,-8.818916544971092e-05,471.36560142334935
4608,2901.5070684552397,-0.0001536114568913713,471.3657550348062
4609,2768.9266326614043,-0.00018677715402174634,471.3659418119602
4610,2644.9006567521988,-0.0002553958222250919,471.36619720778253
4611,2537.4374633460725,-0.00043620332069661,471.3666334111032
4612,2453.469623070309,-0.001600956858563403,471.36823436796186
4613,2404.8078770431407,-6.4198323640249475,477.7880667319867
4614,2390.8227713804863,-15.124730348164658,492.91279708015145
4615,2077.0488784220584,-19.77467727559467,512.6874743557461
4616,1816.0364065445176,-20.18378522306395,532.8712595788099
4617,1625.7209086959372,-16.40349297465575,549.2747525534659
4618,1518.9470306984074,-8.70797982052734,557.9827323739931
4619,1513.6313069348578,-8.550254083370103,566.5329864573633
4620,1593.8719363086216,-0.0009489747436435282,566.533935432107
4621,1770.3369160579953,-0.00037885932208510853,566.534314291429
4622,2022.4708556527228,-0.00022372056762411078,566.5345380119967
4623,2333.459884076942,-0.00015626942134180005,566.5346942814181
4624,2682.888627075889,-0.00011081268980140955,566.5348050941078
4625,3048.124057314439,-9.462186241983647e-05,566.5348997159704
4626,3405.780106294851,-8.07192148214377e-05,566.5349804351852
4627,3408.7660115544486,-7.518673104988825e-05,566.5350556219162
4628,3380.920030730201,-7.198400932954481e-05,566.5351276059255
4629,3324.9042372780495,-7.058782362244303e-05,566.5351981937491
4630,3245.274476146068,-7.517897146418724e-05,566.5352733727206
4631,3148.1555920756678,-7.675177951970373e-05,566.5353501245
4632,3039.942073570953,-8.0205592340047e-05,566.5354303300925
4633,2930.2703126331267,-8.50433389016871e-05,566.5355153734314
4634,2826.2559012701545,-9.12655122047865e-05,566.5356066389436
4635,2735.422014205926,-9.886296858001837e-05,566.5357055019122
4636,2664.3150901922495,-0.00010913143376650426,566.5358146333459
4637,2618.059473691359,-0.00011914749538040373,566.5359337808413
4638,2600.0119993718263,-0.00012975496171157728,566.5360635358031
4639,2255.302777643199,-0.00016947964450185862,566.5362330154476
4640,1956.3545820081429,-0.00023219369589573067,566.5364652091434
4641,1724.4501113774497,-0.0004912816350555629,566.5369564907786
4642,1629.6959665051934,-52.81581857612779,619.3527750669065
4643,1634.925289269637,-109.32911473023388,728.6818897971403
4644,1641.4219934302967,-65.26087377246854,793.9427635696088
4645,1727.1176922933296,-0.0006141307092166187,793.9433777003183
4646,1969.8435776640558,-0.00043052993134936506,793.9438082302495
4647,2290.735945888387,-4.4592719293171326e-05,793.9438528229688
4648,2668.317748227803,-1.6925713151595836e-05,793.9438697486818
4649,3071.261573188558,-1.5266303362660573e-05,793.9438850149854
4650,3472.370365811556,-1.0591747381074557e-05,793.9438956067327
4651,3462.76301920122,-1.106157358712661e-05,793.9439066683061
4652,3425.422488815723,-1.1536173460444685e-05,793.9439182044798
4653,3363.417675790688,-1.2061848798767143e-05,793.9439302663286
4654,3281.585657619731,-1.713898149187332e-05,793.94394740531
4655,3186.197325322623,-1.7902871037644995e-05,793.943965308181
4656,3461.9256586480114,-1.10435873527922e-05,793.9439763517685
4657,3361.728615743158,-1.598903432632015e-05,793.9439923408028
4658,3270.7259681586293,-1.654405419121316e-05,793.944008884857
4659,3196.0480551459873,-1.698353447720031e-05,793.9440258683915
4660,3143.738136842012,-1.725678439454191e-05,793.9440431251759
4661,3118.3251927100146,-1.7312102434887832e-05,793.9440604372784
4662,3122.4997362013,-1.713852748469539e-05,793.9440775758059
4663,2799.8755081026825,-1.947735457679879e-05,793.9440970531604
4664,2539.4751739988546,-3.983315411340064e-05,793.9441368863145
4665,2359.2571708525015,-5.0653084715676854e-05,793.9441875393993
4666,2270.8230886273186,-5.8150820067362105e-05,793.9442456902193
4667,2278.7756469128512,-5.727839481810132e-05,793.9443029686141
4668,2380.6418755729233,-3.642873888497439e-05,793.944339397353
4669,2567.333129137164,-3.0426268409630862e-05,793.9443698236216
4670,2824.0696261378826,-1.6417331135002294e-05,793.9443862409527
4671,3131.66518588032,-8.701327369876862e-06,793.9443949422802
4672,3468.047409822095,-4.995182311775796e-06,793.9443999374623
4673,3803.293348717727,6.590044848901015,787.3543550885613
4674,4120.784807328758,13.402442725878501,773.951912362683
4675,4110.466037046434,3.568894610461649,770.3830177522211
4676,4062.8587880042846,-8.687649816825738e-06,770.383026439871
4677,3984.163349263882,-9.128660679824595e-06,770.3830355685319
4678,3883.2951916290403,-9.680662974599892e-06,770.3830452491948
4679,3767.08859605937,-1.0323622269842738e-05,770.3830555728172
4680,3642.787657987024,-1.1029755074789405e-05,770.3830666025721
4681,3520.006086892821,-1.1749148763036739e-05,770.383078351721
4682,3406.433971195276,-1.2428986372153494e-05,770.3830907807072
4683,3309.76479227544,-1.752840744068349e-05,770.3831083091148
4684,3236.5542641830607,-1.8035301527361503e-05,770.3831263444163
4685,3191.776909243099,-1.8299323215695882e-05,770.3831446437396
4686,3178.488725646323,-1.826561923088611e-05,770.3831629093587
4687,2897.3401353109743,-1.893805551032335e-05,770.3831818474142
4688,2665.1025180245797,-2.120476166814971e-05,770.383203052176
4689,2497.691044604795,-4.265591418008394e-05,770.38324570809
4690,2407.009978296499,-4.79312290246538e-05,770.3832936393193
4691,2400.0587068074947,-4.8285245879299915e-05,770.383341924565
4692,2478.3171787147644,-3.2770424976947736e-05,770.3833746949899
4693,2637.477362530916,-2.805992782574155e-05,770.3834027549178
4694,2867.567774041835,-1.6461285044772485e-05,770.3834192162029
4695,3153.4916760762894,-6.781815709201986e-06,770.3834259980185
4696,3475.9657541284328,-5.053842949678362e-06,770.3834310518616
4697,3801.8284450408332,10.98192507359528,759.4015059782663
4698,4118.852089398865,21.655014684254684,737.7464912940118
4699,4101.12021595812,21.65501340541542,716.0914778885962
4700,4064.752793024042,8.766752654436766,707.3247252341596
4701,3995.9974948262734,-8.629279538329748e-06,707.3247338634391
4702,3895.366866617433,-9.047348128790572e-06,707.3247429107872
4703,3778.3366536336157,-9.605901674656853e-06,707.3247525166889
4704,3652.2151636333924,-1.0285780366835706e-05,707.3247628024692
4705,3526.3720514016954,-1.1043963695383567e-05,707.3247738464329
4706,3408.6855961354704,-1.1816653573459794e-05,707.3247856630867
4707,3306.966174637249,-1.6958015982420505e-05,707.3248026211024
4708,3227.929843846392,-1.7371247664988134e-05,707.3248199923501
4709,3176.7437320823155,-1.668290684747419e-05,707.3248366752571
4710,3157.8907683570505,-1.2145897448866159,708.5394264201437
4711,2881.1667213049614,-6.871742142340267,715.4111685624839
4712,2655.7495180381734,-8.445181391394197,723.8563499538782
4713,2496.3565877133697,-6.1467486016924715,730.0030985555707
4714,2412.8240209518344,-0.40944946417544675,730.4125480197462
4715,2417.7487500014563,7.019295357712851e-06,730.4125410004508
4716,2504.409486957435,1.7864976858138193e-05,730.4125231354739
4717,2665.282296653412,6.870334136830328e-05,730.4124544321324
4718,2888.589449884154,0.00011627372185741358,730.4123381584109
4719,3158.791899678958,0.00023576894910329405,730.4121023894616
4720,3457.6641668600196,0.0008333438612474716,730.4112690456004
4721,3761.2545782258494,4.210253374618444,726.2010156709819
4722,4052.591557412102,9.526814420021578,716.6742012509604
4723,4033.2602697361526,8.449810184665958,708.2243910662944
4724,3988.488718506436,0.8977796848100645,707.3266113814844
4725,3908.1844817122897,0.0006682604883271254,707.3259431209959
4726,3803.063011834423,0.0002781401832482981,707.3256649808128
4727,3680.5617022618003,0.00017030526986986172,707.3254946755429
4728,3547.989892395762,0.0001319032342290583,707.3253627723088
4729,3414.4001402603985,0.00015605372705632234,707.3252067185817
4730,3287.7899674126415,-0.0002784821899005041,707.3254852007717
4731,3176.031558362119,-0.0002225154591566057,707.3257077162308
4732,3085.9749519022826,-0.0002489254223785062,707.3259566416533
4733,3022.990336344824,-0.0003271133144024219,707.3262837549677
4734,2990.614621831686,-0.0005091389304182378,707.3267928938981
4735,2657.577565195471,-0.0011154409246310075,707.3279083348226
4736,2368.953312897212,-0.18555923341677805,707.5134675682394
4737,2150.2325323467203,-5.802875853996485,713.316343422236
4738,2010.5120671401444,-9.289787213274222,722.6061306355103
4739,1961.219806992225,-10.357182263750339,732.9633128992605
4740,2008.3278829469498,-9.291559952174959,742.2548728514355
4741,2151.194720524953,-6.497354551131766,748.7522274025673
4742,2382.2900089226673,-2.4433563805250036,751.1955837830924
4743,2689.846716350107,-0.0026290895134053263,751.1982128726056
4744,3054.264293914992,-0.0008399998573981762,751.1990528724632
4745,3448.249319425472,-0.0005062813957350726,751.1995591538589
4746,3844.281624586815,-0.00037579142744150796,751.1999349452863
4747,3836.396265528167,-0.00031122626379871996,751.2002461715501
4748,3799.3623252684483,-0.0002768223320014603,751.2005229938821
4749,3735.8981650044466,-0.0002593874459057316,751.2007823813279
4750,3650.549150548757,-0.0002530052361057707,751.2010353865642
4751,3549.363261616705,-0.0002547781441905147,751.2012901647084
4752,3439.215084157359,-0.00026256180154364154,751.2015527265099
4753,3328.3016443985825,-0.00027384801452391336,751.2018265745244
4754,3224.1101850698055,-0.0002905646722875442,751.2021171391967
4755,3133.8743767194537,-0.00030031994220199384,751.2024174591388
4756,3063.821762637005,-0.0003062470094301025,751.2027237061484
4757,3018.740900889065,-0.00030613751568362064,751.203029843664
4758,3001.64910233468,-0.00029193436880794684,751.2033217780329
4759,2650.6553125901996,-0.00026989173613239774,751.203591669769
4760,2358.1625126998006,-0.00026361590595806457,751.2038552856748
4761,2143.373543972242,-0.00025815350234098587,751.2041134391773
4762,2019.5677123803991,-0.0002593205437316383,751.2043727597211
4763,1993.3411605514282,-0.00024954796549231926,751.2046223076863
4764,2064.363045128662,-0.00022171032034871513,751.204844018007
4765,2225.6330089859057,-0.00017694214181741857,751.2050209601488
4766,2464.188172766839,-0.00015950218213957846,751.2051804623309
4767,2762.17891856768,-0.00014387544034433,751.205324337771
4768,3098.215044417911,-0.00014256751299584385,751.2054669052842
4769,3448.8751187575594,-0.0001414903874057914,751.2056083956714
4770,3790.274008605469,-0.0001492641874849661,751.205757659859
4771,3765.578789489749,-0.00016230295326712186,751.2059199628123
4772,3712.8874774716837,-0.0001813019036929027,751.206101264716
4773,3635.62685592024,-0.00020737216220222354,751.2063086368782
4774,3538.9960302892027,-0.00024069693625686385,751.2065493338146
4775,3429.618790209481,-0.00027808674750325215,751.206827420562
4776,2947.225366605828,-10.402886239006332,761.6097136595683
4777,2837.332513969316,-12.117802697922171,773.7275163574905
4778,2735.8789694510174,-11.388020830017378,785.1155371875079
4779,2649.765730215969,-7.785591700178258,792.9011288876864
4780,2584.907495966171,-1.0435909663532033,793.9447198540394
4781,2554.746003263895,-0.0010168316590012372,793.9457366856984
4782,2557.321653636901,-0.0004619065036559889,793.946198592202
4783,2254.0424064087615,-0.0003350047714147124,793.9465335969735
4784,2002.6887923169907,-0.00032302277786178677,793.9468566197513
4785,1821.7491257664974,-0.0004834297391039323,793.9473400494904
4786,1725.1031329695868,-0.0006231757696790477,793.9479632252602
4787,1720.9167443997596,-0.0006770583060992102,793.9486402835662
4788,1810.9101414160268,-0.0002507505026315994,793.9488910340688
4789,1990.0810772167458,-0.00010934112109022678,793.94900037519
4790,2246.924983539008,-5.904650055630087e-05,793.9490594216904
4791,2564.1657717168223,-3.645955113039796e-05,793.9490958812418
4792,2919.9557304016253,-1.5455440668209107e-05,793.9491113366824
4793,3289.464341593462,-1.3641679695779102e-05,793.9491249783621
4794,3646.735408111289,-8.760279545092895e-06,793.9491337386418
4795,3633.0387134158323,-9.087404842669643e-06,793.9491428260465
4796,3587.297759556108,-9.583502179347157e-06,793.9491524095488
4797,3512.959267421286,-1.0247720230863988e-05,793.9491626572689
4798,3415.370177191311,-1.1073401176821103e-05,793.9491737306699
4799,3301.4219479133435,-1.6581537415216528e-05,793.9491903122075
4800,3179.0907255985226,-1.7845669612791467e-05,793.9492081578771
4801,3056.904322044792,-1.9236196812727604e-05,793.949227394074
4802,2943.371836344395,-2.0630523204146305e-05,793.9492480245971
4803,2846.4144539312397,-2.189596651257586e-05,793.9492699205636
4804,2772.8357083961055,-2.287084973839267e-05,793.9492927914133
4805,2727.8670114737865,-2.4782557758705193e-05,793.949317573971
4806,2714.819101779022,-2.480377322064732e-05,793.9493423777443
4807,2446.7104282712867,-4.468213606438547e-05,793.9493870598803
4808,2237.891169246202,-6.362299910093452e-05,793.9494506828795
4809,2101.5586634787014,-8.448406186899659e-05,793.9495351669414
4810,2045.5301329339409,-9.743607997638678e-05,793.9496326030215
4811,2071.96986983081,-9.092829505248163e-05,793.9497235313165
4812,2177.5261291342545,-7.161163071864877e-05,793.9497951429472
4813,2353.8275107391632,-5.2588901330172884e-05,793.9498477318484
4814,2588.2661552646323,-3.7516123154828754e-05,793.9498852479717
4815,2864.9832610599706,-1.7637637944861248e-05,793.9499028856095
4816,3165.971076944208,-6.553156033450976e-06,793.9499094387658
4817,3472.2128036840286,-5.012388801256834e-06,793.9499144511544
4818,3764.7950416333674,0.0001721852923198015,793.9497422658621
4819,3760.8179991614206,9.268535452517995e-05,793.9496495805075
4820,3725.519823694325,5.160950857948572e-05,793.949597970999
4821,3661.9191866073556,3.13662726118113e-05,793.9495666047264
4822,3574.9464741968027,2.0883251175072948e-05,793.9495457214754
4823,3471.104261640212,-1.4028462827864408e-05,793.9495597499382
4824,3736.2947990355706,3.6417309284702586e-05,793.9495233326288
4825,3622.2065774098933,2.1146680792304384e-05,793.9495021859481
4826,3515.3915757468985,-1.39834323000001e-05,793.9495161693803
4827,3423.6094157825632,-1.4603026581015228e-05,793.9495307724069
4828,3353.5735490695834,-1.5142106845373301e-05,793.9495459145138
4829,3310.495917258827,-1.5549498709516324e-05,793.9495614640126
4830,3297.7345687825928,-1.576898503888573e-05,793.9495772329974
4831,3013.1438255184953,-1.6763930143410873e-05,793.9495939969275
4832,2771.348678775466,-1.9352827990328034e-05,793.9496133497557
4833,2590.2954296695334,-3.7810741250606684e-05,793.949651160497
4834,2484.440547424729,-4.425306362208245e-05,793.9496954135606
4835,2463.548752060115,-3.3732033052481286e-05,793.9497291455937
4836,2531.7608286270224,-3.2567540233581274e-05,793.9497617131339
4837,2687.032627042535,-2.7609477085790225e-05,793.949789322611
4838,2921.022021408942,-1.05388162452028e-05,793.9497998614271
4839,3219.465037898093,-6.6069291591002385e-06,793.9498064683564
4840,3563.0388298300186,1.1623058298601007e-05,793.949794845298
4841,3928.663798918412,3.0638407734524e-05,793.9497642068902
4842,4269.4971720235435,21.65497959170479,772.2947846151856
4843,4260.93021048333,21.65497526713892,750.6398093480466
4844,4221.268841118342,21.65493950521271,728.984869842834
4845,4155.147223289616,19.9127815837517,709.0720882590822
4846,4083.7628487789925,9.058755042228245e-05,709.0719976715319
4847,3975.3494653228986,3.635692997465825e-05,709.0719613146017
4848,3857.499695906383,2.216294439542405e-05,709.0719391516574
4849,3737.752536933717,1.5846864426286807e-05,709.0719233047929
4850,3624.4515148457353,1.2415617997838005e-05,709.071910889175
4851,3525.1983781669956,-1.4010795838678329e-05,709.0719248999708
4852,3446.5867638806158,-1.4490260439868282e-05,709.0719393902314
4853,3393.7574649265202,-1.4870161180043702e-05,709.0719542603924
4854,3370.0541317751236,-1.5115816033223043e-05,709.0719693762086
4855,3039.5307054749937,-1.6295436774421155e-05,709.0719856716453
4856,2763.7840377998023,-1.9198090963205834e-05,709.0720048697362
4857,2560.7855624092263,-4.056329053808909e-05,709.0720454330268
4858,2443.3467178215114,-4.688922685335177e-05,709.0720923222536
4859,2418.395757996974,-3.605708252812021e-05,709.0721283793363
4860,2486.669655445807,-3.468334782706032e-05,709.0721630626841
4861,2642.8138781517046,-3.0213826996567134e-05,709.072193276511
4862,2875.8573023537756,-1.6996480480717267e-05,709.0722102729915
4863,3170.0099965613867,-1.596800482885616e-05,709.0722262409963
4864,3505.719699826299,-5.170847953990998e-06,709.0722314118443
4865,3860.9167123381567,2.1953393934602286e-05,709.0722094584503
4866,4210.63767868411,1.7378098848041148,707.3343995736464
4867,4199.387280578286,-8.787116467154394e-06,707.3344083607626
4868,4157.907781740215,-9.020824475239315e-06,707.3344173815873
4869,4090.9054916742853,-9.352064514586837e-06,707.3344267336518
4870,4003.1324864468015,-9.767633949488053e-06,707.3344365012857
4871,3900.791317585487,-1.0246291679084136e-05,707.3344467475774
4872,3791.474634540328,-1.0759310262543479e-05,707.3344575068877
4873,3682.1672722043,-1.1277350345564707e-05,707.3344687842381
4874,3580.9459336542454,-1.1759102942972723e-05,707.334480543341
4875,3494.946682898828,-1.2162566849549938e-05,707.3344927059077
4876,3430.237796332676,-1.2448412162389347e-05,707.33450515432
4877,3391.3925005511487,-1.704662415715397e-05,707.3345222009442
4878,3381.1644820729234,-1.7040010475198318e-05,707.3345392409545
4879,3034.0564925026224,-1.7936318496641233e-05,707.3345571772732
4880,2736.0988502058917,-2.0521278910104853e-05,707.3345776985519
4881,2508.686931207201,-4.317549912738852e-05,707.334620874051
4882,2368.4833233696977,-3.864737891860337e-05,707.33465952143
4883,2326.0478085308987,-4.328390086017417e-05,707.334702805331
4884,2384.8925452596986,-4.175597772295334e-05,707.3347445613088
4885,2541.062985987268,-3.524486442363974e-05,707.3347798061731
4886,2783.302998198893,-2.59400543063619e-05,707.3348057462274
4887,3093.812599904189,-1.6592105500508228e-05,707.334822338333
4888,3449.552682005296,-1.452616871967435e-05,707.3348368645017
4889,3823.998662092335,-9.635793463534683e-06,707.3348465002953
4890,4189.200696321252,-9.374085966631048e-06,707.3348558743811
4891,4154.46323197779,-9.726662734500093e-06,707.3348656010439
4892,4089.8807372954134,-1.0246955922885834e-05,707.3348758479997
4893,3999.1045357596763,-1.0935212979175919e-05,707.3348867832127
4894,3887.6093951628127,-1.1785517672155158e-05,707.3348985687305
4895,3762.335825323449,-1.2779296893022058e-05,707.3349113480274
4896,3631.7283994756463,-1.3880987201291016e-05,707.3349252290146
4897,3503.215340817035,-1.5040538203137022e-05,707.3349402695526
4898,3391.0521140552632,-5.422767698782361,712.7577079683351
4899,3299.8225001399232,-13.166970894533472,725.9246788628686
4900,3229.8952871948436,-17.08660335235345,743.011282215222
4901,3185.8793416750664,-16.88960407512467,759.9008862903468
4902,3170.6521307733537,-12.502980965919795,772.4038672562665
4903,2876.4448418867923,-4.082611646616289,776.4864789028827
4904,2649.0326972911175,-2.47208563109673e-05,776.486503623739
4905,2502.0098917709815,-4.3175816774743196e-05,776.486546799556
4906,2439.4470614261477,-4.7333636616777776e-05,776.4865941331926
4907,2463.5113583558473,-3.4335975766864765e-05,776.4866284691684
4908,2570.524029061537,-3.161489849321241e-05,776.4866600840669
4909,2751.479719743197,-1.8926210160159906e-05,776.4866790102769
4910,2992.871974249482,-1.75545798074992e-05,776.4866965648566
4911,3277.7395011940907,-1.531505696670141e-05,776.4867118799136
4912,3586.8464031516787,-9.780516805335793e-06,776.4867216604306
4913,3899.915164098294,-9.201359345100102e-06,776.4867308617899
4914,4196.842753036323,-8.742006984027123e-06,776.4867396037969
4915,4182.931230778983,-8.796923770936344e-06,776.4867484007206
4916,4136.303019108938,-9.020061390021732e-06,776.486757420782
4917,4060.154587361174,-9.406447340387183e-06,776.4867668272294
4918,3959.6248606960157,-9.947791105856967e-06,776.4867767750205
4919,3841.4473552541886,-1.0630020052760755e-05,776.4867874050407
4920,3714.117786262697,-1.1431276330449136e-05,776.4867988363168
4921,3584.877397319931,-1.2327081181542417e-05,776.486811163398
4922,3462.8741312128986,-1.3266150878443638e-05,776.486824429549
4923,3356.10490745316,-1.4180022773426934e-05,776.4868386095716
4924,3271.503873923555,-1.9527156306067164e-05,776.4868581367281
4925,3214.4819814057046,-2.018854337615665e-05,776.4868783252714
4926,3188.5705535141196,-2.0515148328081692e-05,776.4868988404197
4927,2900.0553514161666,-2.1403115665391725e-05,776.4869202435353
4928,2658.953435184015,-2.3674966508095224e-05,776.486943918502
4929,2482.2052407814413,-4.5032381794613745e-05,776.4869889508838
4930,2382.7305070053526,-5.153670496353774e-05,776.4870404875887
4931,2368.381118340408,-5.2525862869184154e-05,776.4870930134516
4932,2441.221825292877,-3.5975746538820684e-05,776.4871289891981
4933,2597.218452457624,-3.1049289095220426e-05,776.4871600384871
4934,2826.381861085704,-1.796991415136791e-05,776.4871780084013
4935,3113.3780250990803,-1.656896248636846e-05,776.4871945773637
4936,3438.5717492059102,-1.4257386236090773e-05,776.48720883475
4937,3779.4308016004334,1.999064795029415e-05,776.4871888441021
4938,4107.996255150832,4.185048286482947,772.3021405576192
4939,4105.003404432019,0.003693850296683139,772.2984467073226
4940,4067.663233695597,0.00016524115864778198,772.2982814661638
4941,4003.0027864920007,6.250258097014868e-05,772.2982189635828
4942,3915.7592993073727,3.422422255422494e-05,772.2981847393602
4943,3812.217751201227,2.2336713058480752e-05,772.2981624026473
4944,3322.3757841106362,-1.55494119027355e-05,772.2981779520592
4945,3209.044785295154,-1.6244103113308333e-05,772.2981941961623
4946,3102.8813711092544,-1.6970688229152584e-05,772.2982111668506
4947,3011.4456204039875,-1.7668845852389017e-05,772.2982288356964
4948,2941.279863329161,-1.826581200248922e-05,772.2982471015084
4949,2897.461058397977,-2.0039663032721072e-05,772.2982671411714
4950,2883.2541897333485,-2.024690871266144e-05,772.2982873880801
4951,2604.6285760278033,-2.2114099511081896e-05,772.2983095021797
4952,2376.954632017784,-5.273141461261063e-05,772.2983622335943
4953,2215.0927802917763,-6.931655487267324e-05,772.298431550149
4954,2129.4543300286537,-8.289342500222094e-05,772.2985144435743
4955,2125.4788904054803,-8.357144950285679e-05,772.2985980150237
4956,2203.4254666335287,-7.055792526075844e-05,772.2986685729488
4957,2358.4624975138217,-5.385655061352001e-05,772.2987224294994
4958,2581.029283471277,-3.9221891726736095e-05,772.2987616513913
4959,2857.433986755919,-1.6940873936315406e-05,772.2987785922652
4960,3170.65036053964,-6.885182493667624e-06,772.2987854774477
4961,3501.2749552803953,-5.169967642526508e-06,772.2987906474152
4962,3828.6067884244426,2.363003518195759e-05,772.29876701738
4963,3818.5470200542322,2.2854512020581656e-05,772.2987441628683
4964,3778.570627393467,2.01213066592081e-05,772.2987240415615
4965,3711.635710369311,1.6734544661831962e-05,772.2987073070168
4966,3622.528832371414,1.3627183487025268e-05,772.2986936798333
4967,3517.534046272122,-5.096578830320952e-06,772.2986987764122
4968,3404.8689721878272,-1.43581575512309e-05,772.2987131345698
4969,3290.701387358599,-1.4905100100087418e-05,772.2987280396699
4970,3183.8223352775267,-1.5450384425097755e-05,772.2987434900543
4971,3091.62446243977,-1.5947410004703963e-05,772.2987594374644
4972,3020.4645108356553,-1.6342605354228578e-05,772.2987757800696
4973,2975.22800817495,-1.79498162768733e-05,772.2987937298859
4974,2958.995553715184,-1.803529883049122e-05,772.2988117651848
4975,2608.986630875953,-3.7152547838490785e-05,772.2988489177326
4976,2306.2485393121437,-5.9276337700397105e-05,772.2989081940703
4977,2073.010126298062,-9.611775053578584e-05,772.2990043118208
4978,1929.7679859417074,-0.00015374683473933973,772.2991580586556
4979,1891.154979952601,-0.00018285052484331657,772.2993409091805
4980,1954.7463317000304,-0.00013837957195716977,772.2994792887524
4981,2116.0375148172084,-8.553932169808296e-05,772.2995648280743
4982,2363.8708850866924,-5.360532430283049e-05,772.2996184333985
4983,2681.2053950585637,-3.1900291516472484e-05,772.2996503336899
4984,3046.2871887746683,-7.684226962410986e-06,772.299658017917
4985,3434.1408664656524,-5.4798978943515695e-06,772.2996634978148
4986,3818.2792290461357,2.2985906916613823e-05,772.2996405119078
4987,3800.444955116852,2.1597241121169557e-05,772.2996189146668
4988,3753.966492015394,1.8716394830579294e-05,772.299600198272
4989,3682.109123896946,1.5508467747068283e-05,772.2995846898041
4990,3589.9237262137535,-9.71396142560306e-06,772.2995944037657
4991,3483.901349898015,-1.4731361971160383e-05,772.2996091351275
4992,3750.669169745214,1.8472919159820903e-05,772.2995906622085
4993,3639.908544272503,-9.592072643658798e-06,772.2996002542812
4994,3538.6536446555187,-1.0028652802292596e-05,772.2996102829339
4995,3454.1779464734177,-1.4902182534544873e-05,772.2996251851165
4996,3392.6286534174146,-1.5225870965500489e-05,772.2996404109874
4997,3358.595231304655,-1.5374121672863444e-05,772.2996557851092
4998,3354.783130222738,-1.532688739801557e-05,772.2996711119966
4999,3049.308422451966,-1.6176267797701355e-05,772.2996872882643
5000,2802.6958943956174,-1.870195961486209e-05,772.299705990224
5001,2630.7338779147613,-3.541878885838816e-05,772.2997414090129
5002,2543.665968850917,-4.2090917745189114e-05,772.2997834999305
5003,2545.714688350827,-3.1500995949772584e-05,772.2998150009265
5004,2635.024637874466,-2.907852443771986e-05,772.299844079451
5005,2803.99492485258,-2.2803774620593894e-05,772.2998668832255
5006,3039.949596894646,-9.725945399944945e-06,772.299876609171
5007,3326.0809012626983,-6.042710490906371e-06,772.2998826518814
5008,3642.5939794401556,1.4323111248228274e-05,772.2998683287703
5009,3967.9807677943136,4.7953911955643136e-05,772.2998203748583
5010,4258.698406376391,21.654994104861906,750.6448262699964
5011,4228.005116042956,21.654983488687925,728.9898427813084
5012,4165.504502158405,21.654927178740927,707.3349156025675
5013,4096.462357316328,0.0011312239570756368,707.3337843786105
5014,3983.076909815988,8.73492674514238e-05,707.3336970293429
5015,3854.0385545415415,-9.6346065240768e-06,707.3337066639497
5016,3718.5737776859855,-1.0467704396408886e-05,707.333717131654
5017,3583.0950031366874,-1.139986481975388e-05,707.3337285315188
5018,3457.3244973059213,-1.2381119857224515e-05,707.3337409126387
5019,3349.2582647066956,-1.78363697215883e-05,707.3337587490084
5020,3265.750095818628,-1.8784491044104834e-05,707.3337775334994
5021,3212.0551792081974,-1.9488136437846634e-05,707.3337970216359
5022,3191.4801187147286,-1.9843719342851e-05,707.3338168653553
5023,2888.8034393992207,-2.0822547325734944e-05,707.3338376879026
5024,2640.4395504168456,-2.321477578099095e-05,707.3338609026782
5025,2463.958747513292,-4.591882076805271e-05,707.3339068214991
5026,2372.0488258531523,-5.222165162976116e-05,707.3339590431507
5027,2371.4900632008275,-3.8419566511499217e-05,707.3339974627172
5028,2462.5586919527354,-3.5608029920920066e-05,707.3340330707471
5029,2638.923739443864,-2.9866424431806712e-05,707.3340629371716
5030,2888.0607584884146,-1.7046365083592974e-05,707.3340799835366
5031,3192.1595110023327,-1.4622860407747664e-05,707.334094606397
5032,3529.457252487148,-8.756203841234635e-06,707.334103362601
5033,3875.8892352124044,-7.995944022621202e-06,707.3341113585449
5034,4206.917498356746,-7.330911431586877e-06,707.3341186894563
5035,4199.4306929061495,-7.195521124869924e-06,707.3341258849775
5036,4159.619212538546,-7.211501548889987e-06,707.3341330964791
5037,4090.3509897134236,-7.370787272736345e-06,707.3341404672663
5038,3996.4347051391633,-7.660834458369636e-06,707.3341481281009
5039,3884.2846618649014,-8.058785359256394e-06,707.3341561868862
5040,3762.7177788441686,-8.517651711490119e-06,707.3341647045379
5041,3637.479458265612,-8.97458526291939e-06,707.3341736791232
5042,3518.1174089064616,-9.245411275075257e-06,707.3341829245344
5043,3412.4631447075767,-8.78143249738736e-06,707.334191705967
5044,3327.3431219405866,-3.5178034069258717e-06,707.3341952237704
5045,3268.122566813505,-0.0008741138379236142,707.3350693376082
5046,3238.3495142954375,-0.0039206562992234704,707.3389899939074
5047,2981.132349761925,-7.159385197800388,714.4983751917079
5048,2774.4398592268326,-14.010261458746529,728.5086366504545
5049,2627.855035705362,-17.599281783645562,746.1079184340999
5050,2549.7692626928006,-18.023149303352415,764.1310677374523
5051,2544.1917644456576,-15.549875264926888,779.6809430023791
5052,2610.6783468282415,-10.592188099038736,790.273131101418
5053,2744.491957744943,-3.678085924313488,793.9512170257316
5054,2941.5451560081774,-0.002278443213856538,793.9534954689452
5055,3189.534187885918,-0.0010717310360710225,793.9545671999815
5056,3469.2846791666952,0.0003503798952799401,793.9542168200862
5057,3763.3527082128307,0.00028400508024157764,793.953932815006
5058,4053.252551311914,0.00028172495642502107,793.9536510900496
5059,4039.2817880644084,0.00025853302780668716,793.9533925570217
5060,3996.347792709726,0.00020982656891340747,793.9531827304529
5061,3927.3279160225347,0.00015702403638533593,793.9530257064165
5062,3836.927123881677,0.00011456154223481429,793.9529111448743
5063,3731.3503304876986,8.428131386529705e-05,793.9528268635604
5064,3619.233058217048,6.366293155622822e-05,793.9527632006287
5065,3505.69174895296,4.9184968668811655e-05,793.9527140156603
5066,3399.949325580611,3.912369167978707e-05,793.9526748919684
5067,3309.3455396243044,2.7647135715478194e-05,793.9526472448327
5068,3240.1903254277363,2.282461318012354e-05,793.9526244202196
5069,3197.326788308453,1.9815959614887365e-05,793.95260460426
5070,3183.795119286133,1.8359507397208252e-05,793.9525862447525
5071,2865.5691350223274,1.721541497588512e-05,793.9525690293376
5072,2592.2885418124765,1.5443340352224297e-05,793.9525535859973
5073,2384.3334322288993,-1.996067905322127e-05,793.9525735466763
5074,2257.9039861243295,-4.014279507623008e-05,793.9526136894714
5075,2223.642038692257,-2.817413031099259e-05,793.9526418636017
5076,2285.648470750454,-2.526084691954152e-05,793.9526671244488
5077,2440.9987156403263,-1.0937316141438146e-05,793.9526780617648
5078,2679.816357851803,2.2511224598635265e-05,793.9526555505402
5079,2985.9137244518906,6.652454035457536e-05,793.9525890259998
5080,3337.9559303436718,7.85397199448337e-05,793.9525104862798
5081,3711.055174654521,8.944515309856035e-05,793.9524210411269
5082,4078.6618412278976,8.93106949587404e-05,793.952331730432
5083,4061.1483567806054,8.242780873571586e-05,793.9522493026233
5084,4014.037524507643,7.178069041455865e-05,793.9521775219329
5085,3940.4980442383617,6.0299328435446604e-05,793.9521172226043
5086,3845.506205467321,4.9851169834621804e-05,793.9520673714345
5087,3735.506007854201,4.116911149052716e-05,793.952026202323
5088,3619.451810581847,3.444815696636425e-05,793.9519917541661
5089,3502.3627600644386,2.9287209352422868e-05,793.9519624669567
5090,3393.676040092512,2.563825605082167e-05,793.9519368287006
5091,3300.7671252734995,1.8828415746802355e-05,793.9519180002851
5092,3229.9264227162407,1.7762473343338457e-05,793.9519002378116
5093,3185.9263632137768,1.793053188499938e-05,793.9518823072797
5094,3171.692068123953,1.95825916433853e-05,793.951862724688
5095,2854.2746032152863,2.0522819254694365e-05,793.9518422018689
5096,2591.1759269164277,2.4346600662796412e-05,793.951817855268
5097,2399.3020847151,-2.4596989282375436e-05,793.9518424522573
5098,2290.647571255085,-3.9521116307986086e-05,793.9518819733738
5099,2271.64166936601,-4.223551996684312e-05,793.9519242088936
5100,2342.8489196300584,-1.694239710223069e-05,793.9519411512907
5101,2499.021935301395,-3.564071254017147e-06,793.951944715362
5102,2729.4875858533856,8.794839578803362e-05,793.9518567669662
5103,3012.4178110000594,6.419469368828182,787.5323873981381
5104,3332.540742907714,15.338806211135454,772.1935811870026
5105,3676.382172549973,18.428199985062975,753.7653812019397
5106,4021.103299606377,15.439860247028252,738.3255209549116
5107,4006.3355703641355,6.517056248755911,731.8084647061555
5108,3959.500874775028,0.0007462509736583237,731.8077184551819
5109,3879.9343380434716,0.00021309594061592126,731.8075053592412
5110,3779.4236671733584,0.00011140945478796879,731.8073939497866
5111,3664.7158874452703,7.053433614004025e-05,731.8073234154504
5112,3167.0328739554334,1.6871462892703858e-05,731.8073065439875
5113,3047.7190165426587,1.0976603358216638e-05,731.8072955673841
5114,2938.417804058939,6.541459683291229e-06,731.8072890259244
5115,2846.686442251477,3.348676614903031e-06,731.8072856772476
5116,2778.9336068054217,-1.2478262027819538e-08,731.8072856897261
5117,2739.9769086092074,-8.389292108538283e-07,731.8072865286551
5118,2732.706836876846,-3.5944052477824407e-07,731.8072868880957
5119,2407.7077960541624,-2.553059547635158e-05,731.8073124186913
5120,2138.606231325462,-6.778022082496478e-05,731.807380198912
5121,1945.0195949112954,-0.00014002497348817,731.8075202238855
5122,1841.098607004834,-0.0002571741566203246,731.8077773980423
5123,1834.3747242014879,-0.0002703891446634609,731.8080477871869
5124,1925.123717597879,-0.00015300495887845517,731.808200792146
5125,2106.3097155796504,-7.450020745971361e-05,731.8082752923532
5126,2364.1226544636406,-3.01075264651042e-05,731.8083053998798
5127,2679.068551687106,0.00013855247088362385,731.8081668474088
5128,3027.516736115455,0.00342374808278519,731.804743099326
5129,3375.444247311807,8.145291552481945,723.659451546844
5130,3710.457247066263,10.705851100439569,712.9536004464045
5131,3692.3296012242963,5.612624841574651,707.3409756048299
5132,3641.8308382113087,0.0011149930856824246,707.3398606117443
5133,3556.1813721699104,0.0002540175163032506,707.339606594228
5134,3446.281530804606,0.00011587985413066048,707.3394907143737
5135,3319.0131218075635,6.572113443504661e-05,707.3394249932392
5136,3184.1178540751343,4.005086285341445e-05,707.3393849423765
5137,3046.76073041271,2.488152767663277e-05,707.3393600608488
5138,2917.3157842140126,1.4994727873875002e-05,707.339345066121
5139,2803.887924449656,6.68214694892845e-06,707.3393383839741
5140,2713.503299238119,1.503779540995383e-06,707.3393368801945
5141,2651.6466354619097,-2.1588658104129125e-06,707.3393390390603
5142,2621.9027211423254,-4.406016106218323e-06,707.3393434450765
5143,2359.1400982607756,-3.1116305835119394e-05,707.3393745613822
5144,2151.965475215291,-6.381967163261367e-05,707.3394383810538
5145,2012.3381232389816,-0.00010499032581468516,707.3395433713797
5146,1947.6853648299611,-0.0001383671658989439,707.3396817385456
5147,1960.6690689354898,-0.00012999094805618853,707.3398117294937
5148,2049.2248648302852,-9.036529062058725e-05,707.3399020947842
5149,2206.840562012937,-5.1327596433975456e-05,707.3399534223809
5150,2423.0362255701025,-1.5324265259393624e-05,707.3399687466459
5151,2684.009605728959,3.6004738131134044e-05,707.3399327419079
5152,2973.4143951118926,5.437418524757679e-05,707.3398783677227
5153,3273.2427711504065,7.473215136566732e-05,707.3398036355711
5154,3564.7868480769093,0.00010047240473111856,707.3397031631665
5155,3561.0163125562426,0.00011572379782653508,707.3395874393688
5156,3526.512148147351,0.00011753068320505042,707.3394699086856
5157,3463.930625305052,0.00010530954315797593,707.3393645991423
5158,3377.8205275369573,8.183496683475718e-05,707.3392827641756
5159,3274.2983167410043,6.291422776218483e-05,707.3392198499478
5160,3540.6132460873628,0.00026254548394452604,707.3389573044639
5161,3424.66016535932,0.0001458723224216862,707.3388114321415
5162,3314.4046226404857,9.620369039153738e-05,707.3387152284511
5163,3217.352012399664,7.39369535173494e-05,707.3386412914975
5164,3140.0272842041177,6.251871542390665e-05,707.3385787727823
5165,3087.5291424371103,6.0257856850443655e-05,707.3385185149253
5166,3063.1843346091878,7.083317530934913e-05,707.33844768175
5167,2763.712244531032,0.0001365749052485181,707.3383111068447
5168,2509.4415017524666,-0.0004193067978477504,707.3387304136426
5169,2318.4829943522573,-0.0003187272477525988,707.3390491408904
5170,2204.6938212332743,-0.0003028437210993857,707.3393519846117
5171,2176.544457715516,-0.0002905200304289768,707.3396425046419
5172,2236.3876570817833,-0.0002516044960001302,707.339894109138
5173,2380.1980390097106,-0.00023186527084809085,707.3401259744087
5174,2597.8148548584786,-0.00020384724670337098,707.3403298216554
5175,2873.6744304345975,-0.0001934747460737023,707.3405232964016
5176,3187.9727694105077,-0.00018469578430276785,707.3407079921859
5177,3518.1606326092365,-0.00017568369661189568,707.3408836758824
5178,3840.6432743309574,-0.00017456979266403138,707.3410582456751
5179,3820.3650359703447,-0.00017730766410652894,707.3412355533393
5180,3771.8671801105156,-0.0001837934119624279,707.3414193467514
5181,3698.2527536850785,-0.0001943139129833109,707.3416136606643
5182,3604.4099130164213,-0.00020909129356162665,707.3418227519578
5183,3496.677778074012,-0.00022802674983684232,707.3420507787076
5184,3384.378341676037,-0.0002487953222102096,707.3422995740299
5185,3271.4422588567722,-0.0002713999354534293,707.3425709739653
5186,3167.668260986498,-0.00029464127713737707,707.3428656152424
5187,3080.313581477178,-0.0003036326775625612,707.3431692479201
5188,3015.5576208643615,-0.0003056496970239663,707.3434748976169
5189,2978.07145927251,-0.00029030619832016064,707.3437652038152
5190,2970.6900804439138,-0.0002614364806640764,707.3440266402959
5191,2687.6127774832626,-0.00023022844124105017,707.3442568687373
5192,2452.977525035223,-0.00020026024149987412,707.3444571289787
5193,2282.376146936542,-0.00020540883900815854,707.3446625378177
5194,2187.379647567227,-0.00019804724166348157,707.3448605850595
5195,2174.8655709347904,-0.0001865153262436319,707.3450471003856
5196,2246.600987747318,-0.00015349765267178334,707.3452005980382
5197,2399.0963945055582,-0.00014006284741001856,707.3453406608858
5198,2623.738793977008,-0.00012054314746751766,707.3454612040333
5199,2907.2063514154806,-0.00011921003970823616,707.3455804140731
5200,3232.1583121401372,-0.00012038870862697082,707.3457008027817
5201,3578.1839882042705,-0.00012287242370838017,707.3458236752055
5202,3922.9799401413784,-0.00013604434813530158,707.3459597195534
5203,3905.4515170460318,-0.00015946084552705765,707.3461191803989
5204,3857.77695307191,-0.00020122776212088274,707.3463204081611
5205,3783.312830713837,-0.0002850119708043353,707.3466054201319
5206,3687.2439285458167,-0.0005075487266797132,707.3471129688586
5207,3576.2347895351586,-0.0022049315415709793,707.3493179004
5208,3465.622084680187,-5.56481277202547,712.9141306724257
5209,3355.4870456600793,-12.746286228610279,725.660416901036
5210,3251.8887960837988,-17.374688555516816,743.0351054565527
5211,3161.8739149684457,-18.958604697843743,761.9937101543964
5212,3091.522298401964,-17.16100307940061,779.1547132337971
5213,3045.529924285604,-11.821045117150799,790.9757583509479
5214,3026.902931914438,-2.9817088200418422,793.9574671709897
5215,2683.3112608148986,-0.000983468917307673,793.9584506399069
5216,2397.8390903169197,-0.00039873709445968343,793.9588493770016
5217,2187.1563151104006,-0.0002944272932545835,793.9591438042947
5218,2065.8084440834327,-0.0002579279480754413,793.9594017322429
5219,2042.2428268259532,-0.00024143715003356036,793.9596431693931
5220,2118.2295740613285,-0.0002057608769551837,793.9598489302699
5221,2290.1026694026864,-0.0002509576055393078,793.9600998878755
5222,2552.450729326218,0.0001509620086457152,793.9599489258669
5223,2878.3902243307684,0.002449435333773686,793.9574994905331
5224,3232.1433550610136,11.603723976277742,782.3537755142553
5225,3600.2704241195265,21.44660783575926,760.9071676784961
5226,3963.3462338899703,21.653081226550626,739.2540864519455
5227,3945.9378384262673,20.96011539161477,718.2939710603306
5228,3907.0150508214624,10.950978586282806,707.3429924740478
5229,3841.607461555184,0.002177805937453585,707.3408146681103
5230,3743.1158775568247,0.0003854748803626245,707.3404291932301
5231,3629.3011494883413,0.0002938695098892829,707.3401353237201
5232,3510.257303195746,-0.0006951613409669813,707.340830485061
5233,3389.997643956699,-0.001171328543632059,707.3420018136047
5234,3281.855125235118,-2.732178340791644,710.0741801543963
5235,3197.319503403368,-11.883623285117817,721.9578034395141
5236,3133.5517540412584,-17.94166319063126,739.8994666301454
5237,3095.2342982230693,-20.492272047821164,760.3917386779666
5238,3084.835147525705,-18.83293377921925,779.224672457186
5239,2811.1225876275084,-12.573168725745647,791.7978411829315
5240,2589.7372737215405,-2.1612818131988565,793.9591229961304
5241,2446.435572292758,-0.0008832829724615429,793.9600062791029
5242,2383.7148745721265,-0.0005481242544776406,793.9605544033573
5243,2402.86828717682,4.0683193835127883e-05,793.9605137201636
5244,2502.144626033632,2.6610146079956905e-05,793.9604871100174
5245,2674.799089402361,7.87518752300277e-05,793.9604083581423
5246,2909.5665985600026,0.00010060324648165401,793.9603077548958
5247,3191.3594457639947,0.00015400182848006503,793.9601537530672
5248,3502.1601066936973,0.00029777656869538384,793.9598559764986
5249,3822.070603276442,0.0011240006668106386,793.9587319758318
5250,4123.955020221316,6.526478072893968,787.4322539029378
5251,4106.310661906221,14.275795335368349,773.1564585675695
5252,4062.808146049928,15.049980064344272,758.1064785032252
5253,3996.108978462331,9.1977286860481,748.9087498171772
5254,3907.8832323738116,0.002235953706789779,748.9065138634704
5255,3792.1529802019763,0.0003002993885618718,748.9062135640818
5256,3668.15402794448,0.00014281242328684394,748.9060707516585
5257,3539.601937615687,8.661277543726185e-05,748.905984138883
5258,3417.2606762384444,5.504414256666476e-05,748.9059290947406
5259,3309.084651712488,3.966090658514385e-05,748.905889433834
5260,3222.0126406848485,3.0073163035094534e-05,748.905859360671
5261,3161.5088183583134,2.413346019821679e-05,748.9058352272108
5262,3131.2054046934413,2.081473780347565e-05,748.905814412473
5263,2835.723991067771,1.7086451855181214e-05,748.9057973260211
5264,2592.3224691969617,1.5927038350732443e-05,748.9057813989829
5265,2417.8175464406218,-2.4234091637255305e-05,748.9058056330744
5266,2324.1185620946553,-3.7044341532736e-05,748.905842677416
5267,2317.321736625635,-3.781179720648757e-05,748.9058804892131
5268,2397.2564652383176,-2.6485505558810904e-05,748.9059069747186
5269,2557.5245795136834,5.209302486146479e-06,748.9059017654163
5270,2786.028303738949,8.742598089713538e-05,748.9058143394353
5271,3065.9383686104647,0.00014573927644879456,748.9056686001591
5272,3377.014059891208,0.00029652404694701284,748.905372076112
5273,3697.157782810193,0.001201597519423224,748.9041704785926
5274,3998.794089109754,5.279580115589961,743.6245903630027
5275,3987.1989147778363,11.158993948461266,732.4655964145411
5276,3951.021349450644,12.544795827219206,719.9208005873221
5277,3892.749549333432,9.637047154240845,710.2837534330812
5278,3816.393509541235,2.9379081093556607,707.3458453237256
5279,3720.412360416932,0.0010858984243524818,707.3447594253013
5280,3237.0126583677707,5.478400966491184e-05,707.3447046412916
5281,3128.2069414179346,4.468180730720988e-05,707.3446599594843
5282,3025.9890232137436,3.68046986357438e-05,707.3446231547856
5283,2937.557197819389,3.097024785548198e-05,707.3445921845379
5284,2869.104228156987,2.5556029300347132e-05,707.3445666285087
5285,2825.3843526322667,2.3106451216242215e-05,707.3445435220572
5286,2809.380736286173,2.2233060220311704e-05,707.344521288997
5287,2552.882889189546,1.21986086445576e-06,707.3445200691363
5288,2339.0275091893423,-3.361197986628971e-05,707.344553681116
5289,2181.2722757004585,-6.058009264772206e-05,707.3446142612088
5290,2089.7140865939714,-8.31474646202313e-05,707.3446974086733
5291,2070.528310022785,-8.89644636361897e-05,707.3447863731369
5292,2125.585153411777,-7.276522734375282e-05,707.3448591383643
5293,2252.260369601863,-4.614667285326276e-05,707.3449052850374
5294,2443.458980685768,-1.524707274656194e-05,707.34492053211
5295,2687.8702237430084,8.864236218763749e-05,707.3448318897479
5296,2970.4679146660183,9.827928907288729e-05,707.3447336104588
5297,3273.259190653091,9.719306728259101e-05,707.3446364173916
5298,3576.2717413522023,9.183019785478068e-05,707.3445445871935
5299,3545.6801922160053,7.697985685183098e-05,707.3444676073368
5300,3486.311125273098,6.179381351174569e-05,707.3444058135233
5301,3401.5804742137148,4.8485575695876544e-05,707.3443573279475
5302,3296.6876188207043,3.305698167328895e-05,707.3443242709658
5303,3178.269271552959,2.4115442924759172e-05,707.3443001555229
5304,3056.51114923431,1.6932615590880137e-05,707.3442832229073
5305,2934.3995189421034,1.119746431507669e-05,707.3442720254432
5306,2822.518356273638,6.811428970954054e-06,707.3442652140141
5307,2728.2689723735166,2.236237743405058e-06,707.3442629777762
5308,2657.920220883116,2.2200806219782325e-07,707.3442627557681
5309,2616.175877708746,-4.402362972825112e-07,707.3442631960046
5310,2605.84700050953,3.5563479179702765e-07,707.3442628403697
5311,2272.3811879790856,-3.930111205472878e-05,707.3443021414819
5312,1991.595454066611,-0.00012123246016672347,707.3444233739419
5313,1784.2055154785457,-0.0006062756595446769,707.3450296496015
5314,1725.6376227439266,-59.906158170727494,767.2511878203289
5315,1726.001221720086,-80.77018229344357,848.0213701137725
5316,1727.3109897057902,-2.7739211015858296,850.7952912153585
5317,1898.087203731362,-0.00019554875968569841,850.7954867641181
5318,2153.3481217906697,-6.094164098378959e-05,850.7955477057591
5319,2471.802360566476,1.623168786407372e-05,850.7955314740713
5320,2830.401448100062,0.00030234858592283995,850.7952291254854
5321,3203.361060646455,0.00037162529724161765,850.7948575001882
5322,3564.1354289761107,0.00033319233408761755,850.7945243078541
5323,3544.415681290956,0.00024365583961786998,850.7942806520144
5324,3493.5495905402026,0.00017449439195317936,850.7941061576224
5325,3414.9257997508435,0.00013956634193851704,850.7939665912805
5326,3313.809282084318,0.00016138401255909603,850.793805207268
5327,3198.2515022010066,-1.263387309472327,852.0571925167403
5328,3451.8754733476694,1.2630660256925117,850.7941264910478
5329,3329.005984748614,-0.0004823425746232661,850.7946088336224
5330,3213.7737190357543,-0.0011322479730774126,850.7957410815956
5331,3119.3144797904924,-4.10798878919124,854.9037298707867
5332,3053.995667206783,-14.040600889361828,868.9443307601485
5333,3012.910443764591,-19.812446152799104,888.7567769129477
5334,2998.8137086712977,-21.010343674443863,909.7671205873916
5335,2696.846044904394,-17.65392352697372,927.4210441143655
5336,2444.9461088136804,-9.983479215457546,937.404523329823
5337,2260.894942480014,-0.008523309694023682,937.413046639517
5338,2168.1263250668617,-0.0007586749347900679,937.4138053144518
5339,2162.594203368591,-0.0005812787330510574,937.4143865931848
5340,2244.6186563185506,1.5750073927708725e-05,937.4143708431109
5341,2408.9224042756246,3.581947279124604e-05,937.4143350236382
5342,2644.918527753686,0.0002951856983414501,937.4140398379398
5343,2937.3232610976734,0.0007657434315269596,937.4132740945082
5344,3260.746054870385,6.311571400562399,931.1017026939459
5345,3593.652226256443,18.746588137944144,912.3551145560017
5346,3928.692134817035,21.653097575980144,890.7020169800215
5347,3915.288412419991,21.652224558966303,869.0497924210553
5348,3876.3419867005105,16.04336685433511,853.0064255667202
5349,3817.678295361595,2.2108417137005243,850.7955838530195
5350,3724.5723150601057,0.0004878080720399145,850.7950960449475
5351,3613.1228042576613,0.0002186946505589147,850.794877350297
5352,3496.130542019986,0.00015552768484338136,850.7947218226121
5353,3376.406928799908,0.00017629633317461915,850.7945455262791
5354,3265.1549623797546,-0.0005979105433925195,850.7951434368224
5355,3170.241519315098,-0.0008866988622646129,850.7960301356848
5356,3099.5677501838854,-1.1084878431942198,851.904517978879
5357,3066.2089660545025,-11.137530493798417,863.0420484726774
5358,3061.0370499812425,-17.584556876899264,880.6266053495766
5359,2769.0385297389626,-20.02884088725321,900.6554462368298
5360,2531.3679937950883,-18.49357079278313,919.1490170296129
5361,2365.5889793414867,-13.458769200701527,932.6077862303144
5362,2282.9932383005835,-4.805029595642301,937.4128158259567
5363,2295.9583180088407,-0.001545228297560932,937.4143610542544
5364,2403.5418563322505,-0.000705459977468168,937.4150665142317
5365,2592.492864678081,-2.2422859341931717e-05,937.4150889370912
5366,2848.577573577081,-1.5399206577346218e-05,937.4151043362976
5367,3152.983937815733,-1.4181108314156687e-05,937.4151185174061
5368,3483.8572024537148,-8.887748815679924e-06,937.4151274051547
5369,3818.017044149704,-8.465176182124355e-06,937.4151358703309
5370,4132.708368871938,-8.056473696315099e-06,937.4151439268047
5371,4134.506881821492,-8.094602043927489e-06,937.4151520214068
5372,4104.856312488303,-8.253517603832696e-06,937.4151602749243
5373,4046.540887712894,-8.532126529079549e-06,937.415168807051
5374,3964.2450493063384,-8.920358726788428e-06,937.4151777274097
5375,3864.2256649952137,-9.400401699940828e-06,937.4151871278114
5376,3756.782805409968,-9.935184805461887e-06,937.4151970629962
5377,3644.135756995332,-1.0528960781382021e-05,937.4152075919569
5378,3537.2969430523053,-1.113094524195874e-05,937.4152187229022
5379,3443.9043016192727,-1.1700067851708655e-05,937.4152304229699
5380,3370.607523920708,-1.6767487770699737e-05,937.4152471904579
5381,3322.6202853284603,-1.7206069117793365e-05,937.4152643965268
5382,3303.3727343540245,-1.744706295414658e-05,937.4152818435898
5383,3065.3425391101823,-1.8250527399903307e-05,937.4153000941171
5384,2871.866743003289,-2.035818909226658e-05,937.4153204523062
5385,2735.100324598103,-2.1085775794295763e-05,937.4153415380821
5386,2663.838822401295,-2.1404151636089878e-05,937.4153629422339
5387,2663.067931743325,-1.9537395002169173e-05,937.4153824796285
5388,2733.6762227860822,-1.899112790335503e-05,937.4154014707566
5389,2872.3437381577455,-1.8197757660453178e-05,937.4154196685142
5390,3071.622357914773,-1.7286999552780023e-05,937.4154369555138
5391,3320.224445829885,-1.5311679929074885e-05,937.4154522671937
5392,3603.5323193321838,1.5312415677352648e-05,937.4154369547781
5393,3904.3319209509186,2.765287329085746e-05,937.4154093019049
5394,4203.757683190033,0.0004676887967994176,937.414941613108
5395,4198.102263135826,0.0002098418183032414,937.4147317712897
5396,4164.447117511628,8.902991388693166e-05,937.4146427413758
5397,4105.73347769136,4.7025216056091174e-05,937.4145957161597
5398,4026.675636421101,2.9339097667018873e-05,937.4145663770621
5399,3933.4295421154716,2.048838544786404e-05,937.4145458886766
5400,3836.178369265051,1.5595546353966594e-05,937.4145302931303
5401,3736.560066005159,1.2493109790481306e-05,937.4145178000203
5402,3645.2333546296472,-1.0216969392946991e-05,937.41452801699
5403,3569.2703494595708,-1.0358463798500786e-05,937.4145383754536
5404,3514.675047720947,-1.494428450733394e-05,937.4145533197382
5405,3485.957022810181,-5.496213094361529e-06,937.4145588159514
5406,3485.8079611942803,-5.499196940069047e-06,937.4145643151483
5407,3195.4210310532635,-7.0165410372112705e-06,937.4145713316893
5408,2952.674257509829,-1.1028621291680261e-05,937.4145823603105
5409,2775.729141671879,-1.3031003547332237e-05,937.414595391314
5410,2677.986894960485,-2.6294588482003107e-05,937.4146216859026
5411,2667.0325020113833,-2.873923322565612e-05,937.4146504251357
5412,2744.0416816493216,-2.656832099846818e-05,937.4146769934569
5413,2903.69868409131,-1.1154704943452657e-05,937.4146881481618
5414,3134.626444794167,-9.619879057264928e-06,937.4146977680407
5415,3420.28464818185,-5.8610645445532055e-06,937.4147036291054
5416,3740.2515490228075,1.084631981025716e-05,937.4146927827856
5417,4071.7749657546397,2.2537690266875618e-05,937.4146702450952
5418,4376.199637744776,15.260213208062108,922.1544570370332
5419,4361.472657850983,0.0004482175128272054,922.1540088195202
5420,4300.920076474763,8.557425840332359e-05,922.1539232452618
5421,4213.416383438474,4.017345769925017e-05,922.1538830718042
5422,4104.405117943014,2.4453694293426016e-05,922.1538586181099
5423,3980.800983915289,1.699889931253172e-05,922.1538416192107
5424,3853.6623652507155,1.289742570515701e-05,922.1538287217849
5425,3725.1422578660486,1.0293723809387407e-05,922.1538184280612
5426,3606.7056141768435,8.600732924266441e-06,922.1538098273281
5427,3506.0483837456286,-1.517774713292998e-05,922.1538250050753
5428,3429.708292561394,-1.5587155027913092e-05,922.1538405922304
5429,3382.6221266764883,-1.5802800596509056e-05,922.153856395031
5430,3367.7893727587107,-1.579856690347537e-05,922.1538721935979
5431,3070.2146421343814,-1.6657704080287094e-05,922.153888851302
5432,2822.480277534285,-1.2570781779123458e-05,922.1539014220837
5433,2641.1240097173554,-3.8030310270833894e-05,922.1539394523938
5434,2538.661420217924,-4.7310252332482626e-05,922.1539867626464
5435,2522.74369170593,-4.8247540708673915e-05,922.154035010187
5436,2595.5712308924,-3.3707484447408236e-05,922.1540687176713
5437,2753.60941895843,-2.6164291434405616e-05,922.1540948819628
5438,2987.6428976876055,-1.050354123773055e-05,922.1541053855041
5439,3283.1909523183795,-6.618044555018325e-06,922.1541120035487
5440,3621.2863492687566,8.868870965180523e-06,922.1541031346776
5441,3979.5960406083905,1.7108483388082606e-05,922.1540860261941
5442,4333.8333611511625,0.00015859132870377375,922.1539274348654
5443,4314.848541383272,0.00010775492086629946,922.1538196799446
5444,4263.664598668926,5.8380278025025e-05,922.1537612996666
5445,4183.499036290935,3.434034422060456e-05,922.1537269593223
5446,4079.4893311951787,2.2540534201259e-05,922.1537044187882
5447,3958.34426773099,1.612646181381108e-05,922.1536882923264
5448,3452.983097740212,-1.558550464079268e-05,922.1537038778309
5449,3321.633614308173,-1.670088874384972e-05,922.1537205787197
5450,3197.823991438601,-1.7919794866824097e-05,922.1537384985147
5451,3089.441353071651,-1.9150820414770934e-05,922.1537576493351
5452,3003.29457144743,-2.029291372213582e-05,922.1537779422488
5453,2944.6575327259834,-2.1225052760020024e-05,922.1537991673016
5454,2916.916909451554,-2.1830455595687488e-05,922.1538209977572
5455,2579.510151555397,-2.5666344044674858e-05,922.1538466641013
5456,2302.2422705653744,-7.077626256224548e-05,922.1539174403638
5457,2103.8642917799593,-0.0001154165575572332,922.1540328569213
5458,1997.0388955328806,-0.00017370468097972655,922.1542065616023
5459,1987.4414122932408,-0.00018157262103174357,922.1543881342234
5460,2073.440668679594,-0.000126908960898119,922.1545150431841
5461,2246.3749018050084,-7.901979157339746e-05,922.1545940629757
5462,2491.3834910282294,-5.120803216383584e-05,922.1546452710079
5463,2788.706414581449,-1.9272542384747153e-05,922.1546645435503
5464,3115.3243248677672,-1.7064027066288814e-05,922.1546816075772
5465,3446.787340763154,-1.5762121638262152e-05,922.1546973696991
5466,3759.072880468805,-1.0679195638475539e-05,922.1547080488947
5467,3738.838796725445,-1.0739212201861317e-05,922.1547187881068
5468,3687.741599991899,-1.0977138530535926e-05,922.1547297652454
5469,3608.7925869268984,-1.1395183836100506e-05,922.1547411604292
5470,3506.902781072023,-1.1994742670383705e-05,922.1547531551718
5471,3388.5479251322863,-1.7410989534588022e-05,922.1547705661613
5472,3264.680542098574,-1.8534050581445556e-05,922.154789100212
5473,3136.802795709951,-1.9909455337711196e-05,922.1548090096674
5474,3016.526225700947,-2.1447347500580655e-05,922.1548304570148
5475,2911.601695676455,-2.3079460730234194e-05,922.1548535364755
5476,2828.7484936743335,-2.4695498299947562e-05,922.1548782319737
5477,2773.2017201179037,-2.7613887383331575e-05,922.1549058458613
5478,2748.3613011285534,-2.8758958097924492e-05,922.1549346048192
5479,2496.2622976157395,-3.123784427061093e-05,922.1549658426636
5480,2293.076075418378,-7.34120931102669e-05,922.1550392547566
5481,2151.3262700444757,-0.00010290281179702931,922.1551421575685
5482,2079.7586534106126,-0.0001287999295625694,922.1552709574979
5483,2082.862062728822,-0.0001273693048446056,922.1553983268028
5484,2160.597331317718,-9.986657321960477e-05,922.155498193376
5485,2308.350614552825,-7.07677676683589e-05,922.1555689611437
5486,2517.1249680696064,-2.7437790908156166e-05,922.1555963989346
5487,2773.9789122030575,-2.397447168921145e-05,922.1556203734062
5488,3062.7104419562093,-2.1652393004415112e-05,922.1556420257992
5489,3364.7716219828585,-2.0341132332186764e-05,922.1556623669317
5490,3660.3799161030524,-1.5238607575068704e-05,922.1556776055393
5491,3653.032608224718,-1.5191620433349772e-05,922.1556927971596
5492,3615.9386282694745,-1.5353630535582145e-05,922.1557081507901
5493,3551.899117533156,-1.5717152539662873e-05,922.1557238679427
5494,3465.5562765244777,-1.6269009742421892e-05,922.1557401369523
5495,3363.0665493196343,-1.6988347977605512e-05,922.1557571253004
5496,3633.282134794788,-1.4344450781426242e-05,922.155771469751
5497,3520.803168354346,-1.503222910627658e-05,922.1557865019802
5498,3415.103580246559,-1.5723088887868916e-05,922.1558022250691
5499,3323.5434251484266,-2.0957151983221584e-05,922.1558231822211
5500,3252.473398003783,-2.158071354629692e-05,922.1558447629346
5501,3206.798952225775,-2.1993406616969022e-05,922.1558667563413
5502,3189.6451279155617,-2.2149070708297566e-05,922.155888905412
5503,2915.0879616237435,-2.299888998441261e-05,922.1559119043018
5504,2690.049140676886,-2.5446500854607266e-05,922.1559373508027
5505,2530.1663010777606,-4.975111540871108e-05,922.1559871019182
5506,2446.289314327751,-5.6348141869643335e-05,922.15604345006
5507,2443.7258552190706,-5.645107117920687e-05,922.1560999011313
5508,2521.928883888001,-3.834782026486861e-05,922.1561382489515
5509,2674.640524934539,-2.2056402160976186e-05,922.1561603053536
5510,2890.465600442663,-2.0877353202537805e-05,922.1561811827069
5511,3153.812008255596,-1.8769629781698253e-05,922.1561999523366
5512,3446.10688164102,-1.3143512075267473e-05,922.1562130958487
5513,3747.179829934636,-1.2743493328831377e-05,922.156225839342
5514,4036.6987651735512,-1.2458170773880246e-05,922.1562382975128
5515,4021.153474591555,-1.2659819132666368e-05,922.156250957332
5516,3977.862711557521,-1.3018688621646337e-05,922.1562639760206
5517,3910.1184102784955,-1.3521049434494573e-05,922.15627749707
5518,3822.980247693237,-1.4141415957370687e-05,922.156291638486
5519,3722.931091203802,-1.4842371681718709e-05,922.1563064808576
5520,3621.003884076804,-1.553802848881677e-05,922.1563220188862
5521,3517.9821437635155,-1.621882718860017e-05,922.1563382377133
5522,3425.279437902223,-1.6771150721301063e-05,922.1563550088639
5523,3350.1086160259283,-1.7110388144436013e-05,922.1563721192521
5524,3298.5483798021924,-2.1799154195614277e-05,922.1563939184063
5525,3275.1139759519065,-2.1598153626896915e-05,922.1564155165598
5526,3282.4330849361977,-2.1058007047151573e-05,922.156436574567
5527,3030.9297991934545,-2.116468317569776e-05,922.15645773925
5528,2821.968769790618,-2.2779375268535403e-05,922.1564805186255
5529,2670.8539017209373,-2.3152009914691977e-05,922.1565036706353
5530,2589.641716896299,-3.324359581831622e-05,922.1565369142311
5531,2586.2635158590665,-3.610777483285893e-05,922.1565730220059
5532,2663.836340578687,-3.3566342278005394e-05,922.1566065883483
5533,2820.2259201776733,-2.6175440299551565e-05,922.1566327637885
5534,3047.919298624429,-1.0529881287236613e-05,922.1566432936698
5535,3334.25163819797,-6.447443672797576e-06,922.1566497411135
5536,3662.009933609414,9.328025908560466e-06,922.1566404130876
5537,4010.408267516706,1.8285865433850792e-05,922.156622127222
5538,4356.395073996605,0.00029158997136741557,922.1563305372508
5539,4337.465493402719,0.00015501075021965774,922.1561755265005
5540,4286.4143934209915,6.941766118574335e-05,922.1561061088394
5541,4206.815748757267,3.777270004258205e-05,922.1560683361395
5542,4104.137876313099,2.399089236343572e-05,922.156044345247
5543,3985.384792761086,-1.0378540851198054e-05,922.1560547237877
5544,3862.312656256733,-1.1097048240844122e-05,922.1560658208361
5545,3736.1782185401103,-1.1873825174258111e-05,922.1560776946613
5546,3619.2407140036776,-1.2633311748258938e-05,922.1560903279728
5547,3519.4746332122827,-1.3303747111753888e-05,922.15610363172
5548,3443.7178271357484,-1.3806353483801488e-05,922.1561174380737
5549,3397.2162166471917,-1.8671883669774186e-05,922.1561361099572
5550,3383.2748198245954,-1.867919888262547e-05,922.1561547891562
5551,3056.7156452052945,-1.9475795847124278e-05,922.156174264952
5552,2786.3739894110804,-2.1951647490185146e-05,922.1561962165995
5553,2595.833953403422,-4.466513833558545e-05,922.1562408817379
5554,2498.972689381725,-3.92831659126468e-05,922.1562801649038
5555,2501.163525478846,-4.120677594233598e-05,922.1563213716798
5556,2601.491178307041,-3.770151434464015e-05,922.156359073194
5557,2791.9365695046736,-2.780184378766855e-05,922.1563868750378
5558,3058.122255369483,-1.0468415987657688e-05,922.1563973434538
5559,3380.5262658704723,-6.2119437556435555e-06,922.1564035553976
5560,3736.04644044809,1.0520809105978652e-05,922.1563930345885
5561,4099.77445374328,2.4280305757148846e-05,922.1563687542827
5562,4425.174314976544,21.65491042603766,900.5014583282449
5563,4420.988671411345,21.654899696511112,878.8465586317338
5564,4384.71916074671,21.654407972501527,857.1921506592323
5565,4340.9448713235115,0.000193723490462049,857.1919569357418
5566,4251.211105819523,5.283566543168949e-05,857.1919041000764
5567,4143.614555063559,2.8647539672135605e-05,857.1918754525368
5568,4029.529359256509,1.938934045974358e-05,857.1918560631963
5569,3909.597894417853,1.445857011352423e-05,857.1918416046262
5570,3795.884446262898,1.1584225003460907e-05,857.1918300204013
5571,3696.1691089742685,9.802616648231582e-06,857.1918202177845
5572,3617.2060634761892,-1.0848178115775545e-05,857.1918310659627
5573,3564.2674686916394,-1.129293882126101e-05,857.1918423589015
5574,3540.7898539273065,-1.1601458032699259e-05,857.1918539603596
5575,3258.932137988421,-1.708760645115076e-05,857.191871047966
5576,3026.6324174392557,-1.7981994490489816e-05,857.1918890299604
5577,2858.825529590077,-1.917328354219309e-05,857.191908203244
5578,2766.298852971142,-1.939296802668881e-05,857.191927596212
5579,2754.999445546563,-2.7353907773354743e-05,857.1919549501197
5580,2825.6084825485486,-1.2219128090066963e-05,857.191967169248
5581,2973.4195895819353,-1.1115076554964785e-05,857.1919782843246
5582,3188.5457151991914,-9.687382977700714e-06,857.1919879717075
5583,3456.4635376049023,-5.848061103653066e-06,857.1919938197686
5584,3758.8832973251356,1.0881214677794424e-05,857.1919829385538
5585,4074.9079930345615,2.2156258083192278e-05,857.1919607822957
5586,4376.028262771613,6.391579821750634,850.8003809605451
5587,4363.1197432238805,0.0008287685277982175,850.7995521920172
5588,4313.487186425411,0.00015684250693321977,850.7993953495105
5589,4236.455539737962,7.184245601404253e-05,850.7993235070543
5590,4136.817796464018,4.370892072647853e-05,850.7992797981336
5591,4020.893881975389,3.121047060471991e-05,850.7992485876632
5592,3899.9887742606543,2.5574842526076415e-05,850.7992230128204
5593,3774.3198450632785,2.35489232794292e-05,850.7991994638973
5594,3655.8172322625715,-1.0730088664267332e-05,850.7992101939859
5595,3552.0097208353523,-1.124605041173959e-05,850.7992214400364
5596,3469.402887806926,-1.6337701891509408e-05,850.7992377777381
5597,3413.036316488052,-1.680962837340907e-05,850.7992545873666
5598,3386.1419979226316,-1.7123709389848735e-05,850.7992717110759
5599,3110.669172014703,-1.8157260045753976e-05,850.7992898683359
5600,2889.637903950327,-2.064414485255673e-05,850.7993105124809
5601,2737.21199107655,-2.165755651286027e-05,850.7993321700374
5602,2662.301571600929,-2.2126255666461656e-05,850.7993542962928
5603,2668.039919995212,-2.931527749966439e-05,850.7993836115704
5604,2751.72673642137,-1.958607820016632e-05,850.7994031976486
5605,2905.221399716664,-1.8721943965852597e-05,850.7994219195926
5606,3115.7299734275894,-1.6760674904797605e-05,850.7994386802676
5607,3366.8992311848588,-1.5635058212706352e-05,850.7994543153256
5608,3640.110215596148,-1.0328773654886907e-05,850.7994646440993
5609,3915.8562709991033,-9.890930622172394e-06,850.79947453503
5610,4175.094412575616,-9.524122014436805e-06,850.799484059152
5611,4153.801874906334,-9.577944001910865e-06,850.799493637096
5612,4103.288759416426,-9.73796003130983e-06,850.7995033750559
5613,4026.565941592472,-9.973463396476067e-06,850.7995133485193
5614,3928.4470114291175,-1.0216187475224318e-05,850.7995235647068
5615,3815.2138518162014,-1.0296378425601234e-05,850.7995338610851
5616,3320.0281488805613,-1.400632346837522e-05,850.7995478674087
5617,3199.0370146698097,-1.4517033188209124e-05,850.799562384442
5618,3085.9147182795446,-0.0029375478823046876,850.8024999323242
5619,2989.4024125044493,-1.483945051191599,852.2864449835158
5620,2916.5680495697547,-5.306797621137659,857.5932426046535
5621,2867.8131434741067,-7.160977031173894,864.7542196358273
5622,2846.0732859568902,-7.089795793160018,871.8440154289874
5623,2593.2475907883686,-5.292026787888735,877.136042216876
5624,2378.154397972993,-2.1125841719648775,879.2486263888409
5625,2216.9991681557945,-0.003161162098185271,879.2517875509392
5626,2121.2640955189927,0.4314183700801267,878.8203691808588
5627,2092.709806607582,4.640997720323821,874.1793714605352
5628,2139.760569310333,7.108526315723345,867.0708451448118
5629,2260.7265068494175,7.70874278451583,859.3621023602959
5630,2449.1294983952407,6.239479033651518,853.1226233266444
5631,2693.9834267820497,2.3219878328992816,850.8006354937451
5632,2975.725053989382,-0.0001559717502268787,850.8007914654952
5633,3274.8300497466284,-0.00012474564218401132,850.8009162111374
5634,3572.7342526799634,-0.00011231310849036272,850.8010285242459
5635,3538.3995399360942,-0.0001140682078819373,850.8011425924539
5636,3475.107724801089,-0.0001230794172161668,850.801265671871
5637,3386.414900770205,-0.0001409678499685157,850.8014066397209
5638,3277.687314783281,-0.00017345972299079234,850.8015800994438
5639,3155.7461888645994,-0.000240078717621922,850.8018201781615
5640,3032.510062199554,-0.00037687924726884716,850.8021970574088
5641,2908.0730906624904,-0.0010731486382857917,850.803270206047
5642,2799.4702246968554,-4.737454188670058,855.5407243947171
5643,2714.2635830444497,-14.219346681600278,869.7600710763174
5644,2650.0633836429643,-19.670581241011554,889.430652317329
5645,2611.3237777146132,-20.765418194406962,910.1960705117359
5646,2600.804759610356,-17.424257583830283,927.620328095566
5647,2293.6011269304618,-9.78949686763746,937.4098249632036
5648,2039.8497270348748,-0.005137274773913755,937.4149622379773
5649,1868.9362074752435,-0.0006792384069891943,937.4156414763844
5650,1783.2031273499483,-0.0020820794570024603,937.4177235558415
5651,1794.5729866047814,-6.0116832202202835,943.4294067760618
5652,1884.3763373092675,-0.00047808086120807293,943.4298848569231
5653,2063.585984497928,-0.00021313059117007048,943.4300979875142
5654,2313.3320255615668,-0.0001351893641564697,943.4302331768783
5655,2615.9813716025437,-8.194535934353544e-05,943.4303151222376
5656,2950.4649286358185,-7.525998458147778e-05,943.4303903822221
5657,3293.811035470314,-7.169299703688718e-05,943.4304620752191
5658,3622.7542097590294,-6.613983528667938e-05,943.4305282150544
5659,3605.8885466321567,-6.747392348700758e-05,943.4305956889779
5660,3556.2285249173333,-7.089000231723098e-05,943.4306665789802
5661,3477.095607294462,-7.68914319452687e-05,943.4307434704123
5662,3373.75664195661,-8.650459429065878e-05,943.4308299750064
5663,3253.0728418927483,-0.0001018035232317371,943.4309317785297
5664,3505.3919552981456,-8.764173159249483e-05,943.4310194202612
5665,3374.617932268378,-0.0001059914509639193,943.4311254117121
5666,3251.7351150888107,-0.0001344119627403479,943.4312598236748
5667,3144.8372144034097,-0.00018575188746036597,943.4314455755623
5668,3060.9407985862613,-0.00026704284897439143,943.4317126184114
5669,3005.522819902767,-0.0004209513539585178,943.4321335697654
5670,2982.1624474648534,-0.0006742753876796569,943.432807845153
5671,2679.658827714157,-0.0008458941337116896,943.4336537392867
5672,2428.0973088283,-0.0006894595892031924,943.4343431988759
5673,2244.792368581552,-0.00052474955239087,943.4348679484283
5674,2142.86919137167,-0.00040611183258340696,943.4352740602608
5675,2130.2999067608043,-0.00033237548330898185,943.4356064357441
5676,2209.2353323064003,-0.0002469431029324537,943.4358533788471
5677,2375.698421058381,-0.00021705221789187788,943.436070431065
5678,2619.686028873132,-0.00023908386321927174,943.4363095149281
5679,2925.7006439041224,-7.1155276429054376e-06,943.4363166304557
5680,3273.7025837800547,-1.2177476164309676e-05,943.4363288079319
5681,3640.432577361221,-8.200789110464251e-06,943.436337008721
5682,4001.028118440786,-8.277067726029899e-06,943.4363452857887
5683,4004.498783076226,-8.618028917378367e-06,943.4363539038177
5684,3977.618479644128,-9.01469820495018e-06,943.4363629185157
5685,3923.1043568105524,-9.52085913175991e-06,943.4363724393748
5686,3845.5624570212544,-1.015059498750084e-05,943.4363825899699
5687,3751.160374501371,-1.0901515755503433e-05,943.4363934914855
5688,3651.4958935887985,-1.1721770639782877e-05,943.4364052132561
5689,3545.8826210095594,-1.2651087521597037e-05,943.4364178643439
5690,3446.609924403738,-1.3611247159232793e-05,943.4364314755909
5691,3361.184966989239,-1.9179977301150055e-05,943.4364506555681
5692,3296.1169898014455,-2.009840516196999e-05,943.4364707539733
5693,3256.4703152555717,-2.079208596787133e-05,943.4364915460592
5694,3245.5178468450604,-2.1177348581514948e-05,943.4365127234078
5695,2969.0305545862893,-2.2217808468488896e-05,943.4365349412163
5696,2750.1222952880344,-2.470045823120969e-05,943.4365596416745
5697,2603.5502337983808,-2.550881291476503e-05,943.4365851504875
5698,2538.3377250384465,-5.352018805035628e-05,943.4366386706755
5699,2557.2976136160014,-3.883940781777257e-05,943.4366775100832
5700,2657.0615694440758,-3.396777716569209e-05,943.4367114778604
5701,2828.5842530155396,-2.0565185329314944e-05,943.4367320430458
5702,3058.052363371899,-1.9202195615465852e-05,943.4367512452411
5703,3328.097201694641,-1.6738001263716184e-05,943.4367679832426
5704,3619.1925331558414,-1.1117029852213919e-05,943.4367791002725
5705,3911.114309834836,-1.0508088079684959e-05,943.4367896083605
5706,4184.34700851591,-1.0013186644774498e-05,943.4367996215472
5707,4173.260518600932,-9.974035869574109e-06,943.436809595583
5708,4132.715423567214,-1.007747645988408e-05,943.4368196730595
5709,4065.7539868913595,-1.0309643571955975e-05,943.4368299827031
5710,3977.230894073704,-1.0651601133316075e-05,943.4368406343041
5711,3873.480533873378,-1.1077173128668002e-05,943.4368517114774
5712,3766.2833909745686,-1.152935986888249e-05,943.436863240837
5713,3654.7556850143096,-1.202631066379428e-05,943.4368752671478
5714,3551.211210861428,-1.2498980544136243e-05,943.4368877661284
5715,3463.0137787300614,-1.2902551473306778e-05,943.4369006686798
5716,3396.4718144257004,-1.791465794456201e-05,943.4369185833377
5717,3356.4040876754093,-1.813369558872319e-05,943.4369367170332
5718,3345.8075397558073,-1.8141551212646915e-05,943.4369548585845
5719,3117.800691937744,-1.876955146667042e-05,943.436973628136
5720,2931.294698480474,-2.0878016316209132e-05,943.4369945061522
5721,2799.1065264938657,-2.156417924217751e-05,943.4370160703315
5722,2730.9194532669835,-2.1865365951802452e-05,943.4370379356975
5723,2732.5769069258563,-1.9901333837674665e-05,943.4370578370313
5724,2805.5601316901343,-1.9347301328744298e-05,943.4370771843327
5725,2946.704937817109,-1.0912302134720236e-05,943.4370880966346
5726,3148.204941191216,-9.596947608199307e-06,943.4370976935822
5727,3397.93273197213,-5.832418312440091e-06,943.4371035260006
5728,3669.013387599532,11.074829700795696,932.3622738252049
5729,3954.499932074657,21.655011952831988,910.7072618723729
5730,4244.460136493773,21.65502366089446,889.0522382114784
5731,4234.055649755209,15.165914784102036,873.8863234273764
5732,4201.8053388258995,0.8447937889065272,873.0415296384699
5733,4129.642475147518,-1.0799873342755515e-05,873.0415404383432
5734,4035.2463649368788,-1.1453197307998509e-05,873.0415518915406
5735,3925.970593936549,-1.2213180140490547e-05,873.0415641047207
5736,3813.837968236087,-1.301204725403204e-05,873.0415771167678
5737,3697.872337837288,-1.3861304804778046e-05,873.0415909780726
5738,3590.5413988677115,-1.4664479356423178e-05,873.0416056425521
5739,3499.2110513523144,-1.534247508129373e-05,873.0416209850271
5740,3430.135457020333,-1.5815596503295905e-05,873.0416368006236
5741,3388.0230600566997,-2.0667811616728584e-05,873.041657468435
5742,3375.707633430176,-2.0604097331738926e-05,873.0416780725324
5743,3108.1872506816194,-2.1131315519570708e-05,873.0416992038481
5744,2890.822878085715,-2.3073354635061535e-05,873.0417222772026
5745,2738.233351897321,-2.3637702420623888e-05,873.0417459149049
5746,2660.28545471086,-2.1976312507445815e-05,873.0417678912175
5747,2661.477246455142,-3.380107442370149e-05,873.0418016922919
5748,2740.732334045894,-3.0472045464967337e-05,873.0418321643374
5749,2891.6001462082554,-1.953961670251582e-05,873.041851703954
5750,3102.824614024283,-1.840011863510204e-05,873.0418701040726
5751,3359.2182895657393,-6.123261185103221e-06,873.0418762273339
5752,3642.761691969537,0.00023693553827439854,873.0416392917955
5753,3921.7380762081793,12.102853004302675,860.9387862874927
5754,4208.409464024179,4.121383570957614,856.8174027165352
5755,4178.379002651242,-1.0412248899815744e-05,856.8174131287843
5756,4113.183891340306,-1.077980886611211e-05,856.8174239085929
5757,4020.519588253581,-1.1368760025328563e-05,856.8174352773531
5758,3905.834198964433,-1.2165195692394282e-05,856.8174474425487
5759,3776.0926464114286,-1.3109982945612306e-05,856.8174605525317
5760,3643.911513484952,-1.3906016490069335e-05,856.817474458548
5761,3508.641686470885,-1.2481816447879249e-05,856.8174869403645
5762,3383.3735491254406,-0.0004954635735594264,856.817982403938
5763,3275.982690331357,-0.000794191858380517,856.8187765957965
5764,3194.796991704672,-1.5993499624925096,858.418126558289
5765,3152.4514662042375,-12.30185742568422,870.7199839839733
5766,3138.737245577073,-18.717100056789967,889.437084040763
5767,2844.282549142804,-20.714181771247254,910.1512658120104
5768,2592.5833364835917,-18.428803576096566,928.5800693881068
5769,2401.5729143232134,-12.210799699226307,940.7908690873331
5770,2285.6418916028706,-2.645407908712628,943.4362769960458
5771,2263.967950167986,-0.0011295091140010021,943.4374065051597
5772,2335.4461034004707,-0.0006957437855479296,943.4381022489451
5773,2494.3928836628443,7.159887595055555e-05,943.4380306500692
5774,2731.517498418289,0.0003231753569731035,943.4377074747123
5775,3032.779805157429,0.0008319140103190746,943.4368755607019
5776,3372.7583710956715,6.668743355285707,936.7681322054162
5777,3722.48573214582,18.930990518965704,917.8371416864505
5778,4072.3123309742605,21.653190156434977,896.1839515300155
5779,4056.7316435547505,21.652391984932624,874.5315595450829
5780,4013.9731256768478,16.007204443323328,858.5243551017595
5781,3950.02759677325,1.7053587280884928,856.8189963736712
5782,3848.572381133178,0.0004945811532396872,856.818501792518
5783,3727.0453141996845,0.00030546556040173033,856.8181963269575
5784,3221.4094047420826,-0.00025207953715537795,856.8184484064947
5785,3086.9417823231806,-0.00019322195588787432,856.8186416284503
5786,2958.634696873954,-0.0002101034927026051,856.8188517319433
5787,2844.4564024495467,-0.0002645379068762575,856.8191162698499
5788,2751.3638295467144,-0.0003982743691743903,856.819514544219
5789,2684.842761264751,-0.0009158129671325532,856.8204303571864
5790,2650.985174422588,-2.437893123581408,859.2583234807678
5791,2340.962523479221,-11.546410241524978,870.8047337222927
5792,2087.8032378572975,-17.1268554499358,887.9315891722283
5793,1907.7261444865674,-19.108601313196154,907.0401904854245
5794,1845.3849572255303,-51.75072181080583,958.7909122962304
5795,1846.6634102867106,-56.999237657761185,1015.7901499539917
5796,1879.8855373571787,-5.745929955639298,1021.536079909631
5797,2038.4297810462474,-0.0034767201625296737,1021.5395566297935
5798,2268.6854295951075,-0.0006793228032779728,1021.5402359525966
5799,2547.059052887689,-0.00034800850966158395,1021.5405839611063
5800,2853.078334629414,-0.00024203234604681085,1021.5408259934524
5801,3165.157805337474,-0.00019020273006082955,1021.5410161961825
5802,3462.0779311410897,-0.00015647381058164555,1021.541172669993
5803,3453.547747292048,-0.00013966728782373523,1021.5413123372807
5804,3416.4870955765728,-0.00012985443590713677,1021.5414421917167
5805,3353.6432255462378,-0.00012476137918905172,1021.5415669530959
5806,3269.5891390325514,-0.00012317760214967626,1021.541690130698
5807,3170.3990535536086,-0.00012922734246856969,1021.5418193580404
5808,3068.006164657101,-0.00013299708345674852,1021.5419523551238
5809,2960.5598774607815,-0.0001410381999651569,1021.5420933933239
5810,2860.5983253647214,-0.00015114336048186873,1021.5422445366844
5811,2775.365163507998,-0.00016278522708735018,1021.5424073219115
5812,2711.0892344027916,-0.00017505485797920264,1021.5425823767694
5813,2672.549423876233,-0.00018823709696272011,1021.5427706138663
5814,2662.740100816825,-0.00019749211868134195,1021.5429681059851
5815,2418.0034021041088,-0.00020516056301579395,1021.543173266548
5816,2217.837038167992,-0.0002843367372310883,1021.5434576032852
5817,2076.1537050351503,-0.0003932724879800271,1021.5438508757733
5818,2003.1585604335505,-0.0006518138165629938,1021.5445026895898
5819,2004.5869420825538,-0.0006959140542171372,1021.545198603644
5820,2081.2050180256388,-0.00041112343605523,1021.5456097270802
5821,2228.6264231713512,-0.0002988450161926312,1021.5459085720961
5822,2437.4805432352096,-0.0002803415895910138,1021.5461889136858
5823,2693.9483601844336,-0.0003927748872573,1021.546581688573
5824,2980.645453241019,-1.4718956720166587e-05,1021.5465964075296
5825,3277.8079947286647,-1.9331504487688134e-05,1021.5466157390342
5826,3564.695198174584,-1.558877337966853e-05,1021.5466313278075
5827,3547.2052383261707,-1.6477719498309447e-05,1021.5466478055271
5828,3500.583407426642,-1.7371969516566944e-05,1021.5466651774966
5829,3428.1175925419893,-1.8389939352415198e-05,1021.546683567436
5830,3334.8939120962473,-1.955460258216648e-05,1021.5467031220385
5831,3227.4541744351386,-2.566855698954827e-05,1021.5467287905955
5832,3496.379346810587,-1.6577885099597578e-05,1021.5467453684806
5833,3383.6688852333245,-1.746732364858082e-05,1021.5467628358042
5834,3280.351840080308,-2.3006999482774525e-05,1021.5467858428037
5835,3193.8327899662004,-2.3663860884160884e-05,1021.5468095066644
5836,3130.410936220729,-2.4010033080197285e-05,1021.5468335166976
5837,3094.8468194304855,-2.3926166933760978e-05,1021.5468574428645
5838,3090.0331238399194,-2.341323099962162e-05,1021.5468808560954
5839,2862.124249058781,-2.5204613479400134e-05,1021.546906060709
5840,2685.759257316169,-2.573468257380392e-05,1021.5469317953915
5841,2572.7878230851347,-5.6936990965806075e-05,1021.5469887323826
5842,2530.4346097660045,-6.260411891470228e-05,1021.5470513365015
5843,2560.9599549232234,-5.9298877303673766e-05,1021.5471106353787
5844,2661.687559010641,-4.393337025198637e-05,1021.547154568749
5845,2825.3687683167377,-1.980098212093652e-05,1021.547174369731
5846,3040.828847262279,-1.0296827710871744e-05,1021.5471846665587
5847,3293.8253211511274,-6.667523407008865e-06,1021.5471913340822
5848,3568.042361689574,1.744215669900635e-05,1021.5471738919255
5849,3846.1466661281875,3.174001404403813e-05,1021.5471421519113
5850,4110.837951699681,0.0005048055528251053,1021.5466373463586
5851,4099.8927674112365,0.00018342705449668958,1021.5464539193041
5852,4058.663938581659,7.548346480625382e-05,1021.5463784358392
5853,3990.5062075765204,4.0045531692463176e-05,1021.5463383903074
5854,3900.6193467445437,2.5097399317689318e-05,1021.5463132929082
5855,3795.6960836169123,-1.1952030063729858e-05,1021.5463252449382
5856,3688.4367678415715,-1.2659237995734847e-05,1021.5463379041761
5857,3577.1463552038413,-1.3414643072343213e-05,1021.5463513188193
5858,3474.9877267250586,-1.4120380284442385e-05,1021.5463654391996
5859,3389.544847972993,-1.9506764644694756e-05,1021.5463849459642
5860,3327.2724496149767,-1.9984365256554203e-05,1021.5464049303293
5861,3293.052273631037,-2.0153267120869462e-05,1021.5464250835964
5862,3289.8552617831147,-1.9974332443372393e-05,1021.546445057929
5863,3033.7448664199146,-2.052640674003712e-05,1021.5464655843357
5864,2818.979528303517,-2.2975261217325473e-05,1021.5464885595968
5865,2661.819905090795,-4.525388197496048e-05,1021.5465338134787
5866,2575.2385159905607,-5.858529173487016e-05,1021.5465923987705
5867,2567.826620024361,-5.998749877591749e-05,1021.5466523862694
5868,2642.944656245273,-3.8614134299053134e-05,1021.5466910004036
5869,2798.2096353109305,-1.2973859313603499e-05,1021.546703974263
5870,3025.3923021611095,-1.1061572228002973e-05,1021.5467150358351
5871,3310.76605614911,-6.883746332366064e-06,1021.5467219195815
5872,3635.911277184136,1.0198652031862169e-05,1021.5467117209295
5873,3978.935501374412,2.1625807897357578e-05,1021.5466900951214
5874,4294.375226908586,21.652899430703297,999.8937906644182
5875,4290.935642542317,7.357560960818992,992.536229703599
5876,4248.361693966419,0.00014947492650817872,992.5360802286726
5877,4169.59227814937,5.305724359237546e-05,992.5360271714292
5878,4067.2637176083963,2.9163025364729182e-05,992.5359980084036
5879,3948.2257952644513,1.919646027287033e-05,992.5359788119433
5880,3825.501925787716,1.4152417981695057e-05,992.5359646595253
5881,3697.5222333253087,1.1014791649890481e-05,992.5359536447337
5882,3577.9071039226897,9.022503379912556e-06,992.5359446222302
5883,3474.6600654409194,-1.7326857847683703e-05,992.5359619490879
5884,3394.6930469656063,-1.818825685271444e-05,992.5359801373448
5885,3343.366421524084,-1.8864128815734322e-05,992.5359990014736
5886,3324.1332139352294,-1.9272900156034876e-05,992.5360182743739
5887,3024.91880898448,-2.0551075906697683e-05,992.5360388254496
5888,2784.158746216358,-2.373090537340362e-05,992.5360625563551
5889,2618.029617592854,-5.2079765475492604e-05,992.5361146361206
5890,2537.2237488151536,-6.52813083053059e-05,992.5361799174286
5891,2546.3322810628642,-4.701192093585296e-05,992.5362269293497
5892,2643.689565741042,-4.110144762491085e-05,992.5362680307974
5893,2821.663425563346,-1.2993517375977143e-05,992.5362810243146
5894,3067.343746568861,-1.0938802473685793e-05,992.536291963117
5895,3363.5552866679436,-6.625315039971884e-06,992.5362985884321
5896,3690.1057063737017,1.0889384674271839e-05,992.5362876990474
5897,4025.1720907581343,2.4520301826076104e-05,992.5362631787456
5898,4325.07594140092,21.654831140615663,970.8814320381299
5899,4321.572329361472,21.654806761522874,949.2266252766069
5900,4293.622698536065,14.298395083945595,934.9282301926613
5901,4243.5237867799415,0.00018396136641001584,934.928046231295
5902,4154.657863975268,6.631885091574295e-05,934.9279799124439
5903,4047.5293718544535,3.869374981990096e-05,934.9279412186941
5904,3934.643978425796,2.7772903979747968e-05,934.9279134457902
5905,3813.709303074869,2.181883297445905e-05,934.9278916269573
5906,3697.968879772751,1.8856809161676814e-05,934.9278727701479
5907,3595.0605583071133,-1.2312389632094565e-05,934.9278850825376
5908,3511.645085093481,-1.298781551253281e-05,934.927898070353
5909,3452.957368047118,-1.837398040817393e-05,934.9279164443335
5910,3422.4574864642395,-1.8896048499536967e-05,934.927935340382
5911,3126.5858370222345,-2.022442322850699e-05,934.9279555648051
5912,2878.1294263693326,-2.3261687874055408e-05,934.9279788264929
5913,2693.773622238397,-2.4849668853961436e-05,934.9280036761618
5914,2585.955046255425,-5.800731877631911e-05,934.9280616834806
5915,2561.9008412448025,-4.7784023032842806e-05,934.9281094675036
5916,2623.010526601826,-4.564589621238862e-05,934.9281551133996
5917,2764.646629473198,-2.2028450748356114e-05,934.9281771418504
5918,2976.3728502640465,-2.0761350885547136e-05,934.9281979032014
5919,3242.641428645691,-1.8317691940208938e-05,934.9282162208931
5920,3543.8934187780687,-1.247015166329194e-05,934.928228691045
5921,3857.9960802131554,-1.2005296425443822e-05,934.9282406963413
5922,4161.908207134488,-1.1631055778777324e-05,934.928252327397
5923,4142.3037127645475,-1.1749609687356667e-05,934.9282640770067
5924,4094.8766544179634,-1.2019367428143439e-05,934.9282760963741
5925,4022.6273249899614,-1.2435848287479183e-05,934.9282885322225
5926,3930.330853473003,-1.2986450194515433e-05,934.9283015186728
5927,3824.2058440507326,-1.3647859484154178e-05,934.9283151665321
5928,3716.716189348765,-1.4340709897944128e-05,934.928329507242
5929,3605.1322602698724,-1.5106741696576209e-05,934.9283446139838
5930,3502.394986421283,-1.583936905681809e-05,934.9283604533528
5931,3415.6416790537087,-1.646393180770737e-05,934.9283769172845
5932,3350.9395810669307,-2.1704967278832377e-05,934.9283986222517
5933,3312.8582074478068,-2.1964236650926203e-05,934.9284205864884
5934,3304.144106591331,-2.1888429161327702e-05,934.9284424749175
5935,3075.6889049716174,-2.23447342067976e-05,934.9284648196518
5936,2899.8612045644545,-2.259091035584103e-05,934.9284874105621
5937,2787.4732777106387,-2.436808117291618e-05,934.9285117786432
5938,2744.5191395912084,-2.4032963596816254e-05,934.9285358116067
5939,2771.986718351788,-2.1818048101913237e-05,934.9285576296548
5940,2866.0381742932022,-2.0761797351479242e-05,934.9285783914521
5941,3018.5104578655646,-1.955889750099658e-05,934.9285979503497
5942,3217.667839562957,-1.712613930513957e-05,934.928615076489
5943,3449.1272053382963,-1.5868757044880717e-05,934.9286309452458
5944,3696.8758493122714,-1.0415622508296175e-05,934.9286413608685
5945,3944.308193076251,-9.892551804139089e-06,934.9286512534202
5946,4175.220121591378,-9.473390388038162e-06,934.9286607268107
5947,4146.984580284683,-9.443919649941196e-06,934.9286701707304
5948,4088.5002475847195,-9.46727826495504e-06,934.9286796380086
5949,4003.2652133472616,-9.365460656394309e-06,934.928689003469
5950,3896.6056208441864,-8.522453156799244e-06,934.9286975259223
5951,3775.3229251078815,-2.0237305847077796e-06,934.928699549653
5952,3275.5722711452954,-1.1620750911836109,936.0907746408363
5953,3157.119723809395,-9.274015150394257,945.3647897912306
5954,3046.8755196168268,-15.820262231624602,961.1850520228551
5955,2950.9484892693945,-19.275146152886478,980.4601981757417
5956,2875.267611190216,-19.070638648723666,999.5308368244654
5957,2824.533893156274,-14.989000742040963,1014.519837566506
5958,2801.751973403319,-7.029229615957349,1021.5490671824634
5959,2554.737217777254,-2.756611392830255e-05,1021.5490947485774
5960,2356.648197120147,-0.00010144916484589194,1021.5491961977423
5961,2214.798722083676,-0.00020126672349797658,1021.5493974644658
5962,2140.289266307677,-0.00040753690593003217,1021.5498050013716
5963,2140.0352270136746,-0.0004169830729699084,1021.5502219844446
5964,2216.0684281919066,-0.0002037477403086269,1021.5504257321847
5965,2365.1608746674033,-0.0001055197229664793,1021.5505312519077
5966,2578.82879071438,-6.044327182239328e-05,1021.5505916951796
5967,2843.7471325091346,-2.0332952547575516e-05,1021.550612028132
5968,3142.5649156036775,-1.783521427109873e-05,1021.5506298633464
5969,3455.0750654801814,-1.657154796023984e-05,1021.5506464348944
5970,3759.6564581593307,-1.14631977160387e-05,1021.550657898092
5971,3744.5607309539914,-1.1743075732978495e-05,1021.5506696411677
5972,3698.491405540196,-1.227565653038946e-05,1021.5506819168241
5973,3624.7382569100178,-1.306383629082827e-05,1021.5506949806605
5974,3528.4826525858916,-1.4110700799985729e-05,1021.5507090913612
5975,3416.446746518507,-1.541420448498403e-05,1021.5507245055657
5976,3301.8408453843927,-2.1848073008128085e-05,1021.5507463536385
5977,3182.2237084975927,-2.3827170734732244e-05,1021.5507701808094
5978,3071.351416801715,-2.5961693125848706e-05,1021.5507961425025
5979,2977.000201391749,-2.802508485766705e-05,1021.5508241675873
5980,2905.8413056426966,-2.974337598796064e-05,1021.5508539109633
5981,2862.9877721035195,-3.080994810572228e-05,1021.5508847209112
5982,2851.64652671639,-3.0994070296913366e-05,1021.5509157149816
5983,2587.320171407447,-3.409706343921939e-05,1021.5509498120449
5984,2375.538280872974,-0.0001090541057740927,1021.5510588661507
5985,2230.653594357391,-0.00020649044793899,1021.5512653565986
5986,2162.3235700282444,-0.0003860672284737304,1021.5516514238271
5987,2174.966387307214,-0.00033566496466601737,1021.5519870887917
5988,2267.5845366145113,-0.00016867773547003126,1021.5521557665272
5989,2433.9421705411264,-9.235420773279187e-05,1021.5522481207349
5990,2663.063677976024,-4.8881113266161934e-05,1021.5522970018482
5991,2940.0044553401312,-2.0177102367968716e-05,1021.5523171789504
5992,3246.8330925441655,-7.125803570686438e-06,1021.5523243047538
5993,3563.7610502069574,2.382629148631976e-05,1021.5523004784625
5994,3870.3553213319105,0.00015543861790817166,1021.5521450398445
5995,3859.0280323052416,8.090208191873691e-05,1021.5520641377625
5996,3815.750252515802,4.5043030874917696e-05,1021.5520190947316
5997,3743.6013898366477,2.7692881321982128e-05,1021.5519914018502
5998,3647.585612164396,1.862451290871025e-05,1021.5519727773374
5999,3534.293175204413,-5.668596425637107e-06,1021.5519784459337
6000,3795.088630107581,2.826563571961592e-05,1021.5519501802981
6001,3671.056948892246,1.7554230900830365e-05,1021.5519326260672
6002,3554.241245997277,1.2806289083195057e-05,1021.5519198197779
6003,3452.5455855080827,-6.130490391742121e-06,1021.5519259502684
6004,3372.83941469042,-1.7991657048495907e-05,1021.5519439419254
6005,3320.500194383903,-1.858165606014676e-05,1021.5519625235813
6006,3299.0579091795075,-1.893272197032285e-05,1021.5519814563033
6007,2996.25950543075,-2.0332900013374203e-05,1021.5520017892034
6008,2742.8536025932203,-2.4179973889972322e-05,1021.5520259691771
6009,2557.273525243924,-7.20037217572984e-05,1021.552097972899
6010,2453.549067889338,-9.132570440666509e-05,1021.5521892986031
6011,2440.152063013546,-9.43375339181993e-05,1021.5522836361373
6012,2519.2229120356606,-5.8218607511093e-05,1021.5523418547446
6013,2686.262314653653,-4.134408421278362e-05,1021.5523831988288
6014,2930.3349955511394,-1.2251966899677283e-05,1021.5523954507958
6015,3234.789710116741,-7.557869430984585e-06,1021.5524030086651
6016,3578.45170773913,9.65534000919322e-06,1021.5523933533252
6017,3937.200069162788,2.0372547241069338e-05,1021.5523729807779
6018,4272.976136463664,12.826977392522794,1008.7253955882551
6019,4272.7427556714465,13.832553305865607,994.8928422823896
6020,4257.443070153491,0.00043389107528532333,994.892408391314
6021,4201.082593598823,9.023147725798186e-05,994.8923181598367
6022,4122.012131091203,4.317707921725226e-05,994.8922749827576
6023,4026.272014583373,2.661755137236312e-05,994.8922483652061
6024,3926.5611777728295,1.903428365533127e-05,994.8922293309224
6025,3819.4769543714315,1.452964365201155e-05,994.8922148012787
6026,3718.3652538866722,1.1813600745502088e-05,994.8922029876778
6027,3630.5192407628183,1.010720152436527e-05,994.8921928804764
6028,3562.238341423178,9.048360036361595e-06,994.8921838321163
6029,3518.39256990809,-5.933018696947624e-06,994.8921897651348
6030,3502.087011056413,-6.017203006842819e-06,994.892195782338
6031,3247.9512412066747,-7.463786567193112e-06,994.8922032461244
6032,3047.4791216828417,-8.917483563675077e-06,994.8922121636081
6033,2912.8412851602247,-1.3049719355555107e-05,994.8922252133274
6034,2851.15513720956,-1.3881416051837692e-05,994.8922390947434
6035,2864.2452560633265,-1.2422251382104546e-05,994.8922515169946
6036,2948.788031805388,-1.1887104436455943e-05,994.8922634040991
6037,3096.794774495911,-1.0865616080229306e-05,994.8922742697152
6038,3296.3673413934494,-7.2097792073703e-06,994.8922814794943
6039,3532.6490323513317,-5.8814674595254604e-06,994.8922873609617
6040,3788.8912284083767,1.356020750389002e-05,994.8922738007541
6041,4047.5611555337036,2.8847238450327863e-05,994.8922449535157
6042,4275.8074479329525,15.618412213771768,979.2738327397441
6043,4266.871262498619,0.0007429643429808937,979.2730897754008
6044,4214.187264920847,0.00010247242150259145,979.2729873029795
6045,4136.71719695363,4.585587156555702e-05,979.2729414471078
6046,4039.5733661922636,2.7303032035188066e-05,979.2729141440757
6047,3929.2898102872164,-1.2377253786565473e-05,979.2729265213294
6048,3819.022267139952,-1.3124016573039561e-05,979.272939645346
6049,3705.459979395224,-1.3916290865777993e-05,979.2729535616369
6050,3602.139301552554,-1.4657863207189932e-05,979.2729682195
6051,3516.3238766503805,-1.5278602859940325e-05,979.2729834981029
6052,3454.1435492904125,-1.5709361141519547e-05,979.272999207464
6053,3420.164901403317,-2.0770268276198825e-05,979.2730199777322
6054,3417.0667104313375,-2.0702588125533354e-05,979.2730406803203
6055,3193.999170032605,-2.1196488011751257e-05,979.2730618768084
6056,3014.577522262142,-2.155912707390944e-05,979.2730834359353
6057,2892.047361449524,-2.3583528473327122e-05,979.2731070194639
6058,2836.0002748434335,-2.219312968483491e-05,979.2731292125934
6059,2851.5633272483615,-2.1694178113477136e-05,979.2731509067715
6060,2938.8828349072487,-1.2342428096203189e-05,979.2731632491996
6061,3092.9634357798845,-1.1214031473610849e-05,979.2731744632312
6062,3303.896045426657,-7.218088383513655e-06,979.2731816813193
6063,3557.475755050714,8.915271727699847e-06,979.2731727660475
6064,3836.174714309327,1.4904913996201025e-05,979.2731578611335
6065,4120.400909835032,4.1068068789397424e-05,979.2731167930648
6066,4368.290204946289,21.654962517823883,957.618154275241
6067,4343.27015745331,21.65493096469667,935.9632233105442
6068,4306.981024260861,1.030163550744205,934.9330597598001
6069,4222.706796360818,-1.2431522911692328e-05,934.9330721913228
6070,4114.400971448561,-1.3330073308404646e-05,934.9330855213962
6071,3990.0121090741677,-1.4510687251407826e-05,934.9331000320834
6072,3863.248708246711,-1.5881913417249257e-05,934.9331159139967
6073,3731.194065989859,-1.745736341117514e-05,934.9331333713601
6074,3608.0611601262494,-1.88613293396332e-05,934.9331522326895
6075,3501.7423056084785,-1.7912042863192176e-05,934.9331701447322
6076,3428.3149375026946,-9.31275230534941,944.2459224500816
6077,3382.0359264052154,-17.010049844902998,961.2559722949845
6078,3363.465210365833,-20.392308290146538,981.648280585131
6079,3126.6397897262973,-19.474778954863865,1001.123059539995
6080,2935.5236439513583,-14.49759607497476,1015.6206556149697
6081,2802.1885128769313,-5.93281182640555,1021.5534674413751
6082,2740.3544488251055,0.00012803077896552943,1021.5533394105962
6083,2756.3732317387894,8.854838753021397e-05,1021.5532508622086
6084,2842.8412745700703,0.0001031781394401585,1021.5531476840691
6085,2993.955529966297,0.00015169214477026347,1021.5529959919243
6086,3199.9981077797725,0.0002937352741896547,1021.5527022566502
6087,3447.945315484834,0.00143504242293904,1021.5512672142272
6088,3712.2667025722835,9.969658103005887,1011.5816091112212
6089,3984.9055430518792,20.73479711764785,990.8468119935734
6090,4258.574748012201,21.65320753525856,969.1936044583148
6091,4244.572446227886,21.644641669001896,947.5489627893128
6092,4208.3404201227995,12.611218399818274,934.9377443894946
6093,4147.510663313231,0.003283304943660117,934.9344610845508
6094,4050.898843695761,0.00035043386858317726,934.9341106506822
6095,3937.6731029721805,0.00017824781960147155,934.9339324028626
6096,3821.320672887555,0.0001323979000229301,934.9338000049624
6097,3698.537381400915,0.00015299657050445764,934.933647008392
6098,3583.4435967020945,-0.0004466065958475788,934.9340936149877
6099,3483.832714227567,-0.0005121742483147252,934.9346057892359
6100,3406.4431045316373,-0.0013134264050187958,934.935919215641
6101,3360.910119639445,-4.414431693139962,939.3503509087809
6102,3350.564569459727,-13.2128772048643,952.5632281136451
6103,3063.0900023090435,-18.389742041046134,970.9529701546912
6104,2817.918596305223,-19.750965799991477,990.7039359546827
6105,2633.3181666453133,-17.322269220126167,1008.0262051748089
6106,2523.636152033926,-11.329739192914616,1019.3559443677234
6107,2502.0115098442293,-2.1962792990199875,1021.5522236667433
6108,2579.6677720873554,-0.001056608600024922,1021.5532802753432
6109,2743.260693242626,-0.0005007992124194753,1021.5537810745556
6110,2979.498638491614,-0.00047182527294224215,1021.5542528998286
6111,3272.339217261508,-3.5248212224963188e-06,1021.5542564246497
6112,3601.8867806910516,-6.850441357414848e-06,1021.5542632750912
6113,3945.740029196532,-8.195854452697816e-06,1021.5542714709457
6114,4280.514979540129,-8.549677907893021e-06,1021.5542800206233
6115,4268.758634710662,-9.124053782285087e-06,1021.5542891446771
6116,4225.9617905494015,-9.74090860452269e-06,1021.5542988855857
6117,4155.03235259743,-1.0470797407136315e-05,1021.5543093563831
6118,4060.7666098149107,-1.1343701758141658e-05,1021.5543207000848
6119,3949.519019661631,-1.2364477051828818e-05,1021.5543330645617
6120,3456.488000805465,-1.836414129959806e-05,1021.554351428703
6121,3334.321767356977,-2.4995354118334977e-05,1021.5543764240571
6122,3218.8936521899554,-2.713447404056206e-05,1021.5544035585311
6123,3117.8651799973254,-2.93985211779288e-05,1021.5544329570522
6124,3037.889047723679,-3.156084432385492e-05,1021.5544645178966
6125,2984.161482352015,-3.3314022369332704e-05,1021.5544978319189
6126,2960.0752904109495,-3.4387515904308715e-05,1021.5545322194347
6127,2684.2581022929394,-3.8048554914039495e-05,1021.5545702679896
6128,2463.4880219765055,-9.22723527772486e-05,1021.5546625403424
6129,2311.508357525944,-0.00022148667230301766,1021.5548840270146
6130,2237.7733457867143,-0.695458270630139,1022.2503422976447
6131,2243.6521806605756,-0.07701146785360598,1022.3273537654984
6132,2328.9719007909193,-0.00019619756562315604,1022.327549963064
6133,2486.1529133261815,-9.892151916235315e-05,1022.327648884583
6134,2703.5362030938377,-2.775829408868291e-05,1022.3276766428772
6135,2965.930959300733,-2.4553084453990324e-05,1022.3277011959615
6136,3255.5726088484416,-2.258303846775586e-05,1022.3277237789999
6137,3553.267825055852,-1.6522088661588717e-05,1022.3277403010886
6138,3839.5855800179424,-1.5904597652029258e-05,1022.3277562056862
6139,3831.821146774566,-1.5825073313174425e-05,1022.3277720307594
6140,3795.5194117854903,-1.597942701828995e-05,1022.3277880101864
6141,3733.5625086243876,-1.6344385576276726e-05,1022.327804354572
6142,3650.6240554353617,-1.6888884053660482e-05,1022.327821243456
6143,3552.838863984069,-1.757055787860869e-05,1022.3278388140141
6144,3453.313122958082,-1.8255205986461826e-05,1022.3278570692198
6145,3347.8557914811554,-2.3965155077074644e-05,1022.3278810343749
6146,3250.0885952576914,-2.4850007850758483e-05,1022.3279058843826
6147,3167.14167626614,-2.560352726855363e-05,1022.32793148791
6148,3105.0946639299264,-2.605941579443421e-05,1022.3279575473257
6149,3068.5488321405,-2.611826088419169e-05,1022.3279836655865
6150,3060.301417193278,-2.5750445494891474e-05,1022.328009416032
6151,2811.678394224242,-2.832918381471438e-05,1022.3280377452159
6152,2609.067108799755,-2.966440684516131e-05,1022.3280674096227
6153,2466.952773521823,-0.00011274493992171039,1022.3281801545625
6154,2395.5284210478103,-0.0001500357489285766,1022.3283301903111
6155,2399.870313358178,-0.000146799939201078,1022.3284769902505
6156,2479.490597657121,-0.00010757803986874182,1022.3285845682905
6157,2628.318386700287,-6.333352135601653e-05,1022.3286479018116
6158,2835.1231522827934,-2.1961189206570776e-05,1022.3286698630009
6159,3084.3553957946283,-1.952960849241532e-05,1022.3286893926094
6160,3357.3401791911983,-1.823203186160357e-05,1022.3287076246412
6161,3633.7260411650186,-1.2713736603645133e-05,1022.3287203383777
6162,3893.0665965842554,-1.267113337793815e-05,1022.328733009511
6163,3862.3292579310923,-1.3137412272922815e-05,1022.3287461469233
6164,3802.132327387608,-1.384521915601719e-05,1022.3287599921424
6165,3716.0838893809196,-1.4803485172348224e-05,1022.3287747956275
6166,3609.5992320092832,-1.60154755295651e-05,1022.328790811103
6167,3489.5450318698345,-1.7471247400431948e-05,1022.3288082823505
6168,3747.942833394821,-1.503900752163054e-05,1022.3288233213577
6169,3624.8008848965032,-1.6268050607683616e-05,1022.3288395894085
6170,3512.514253528092,-1.7452063174485413e-05,1022.3288570414716
6171,3418.665546257384,-1.8463405908215073e-05,1022.3288755048775
6172,3349.6684799123914,-2.4156034063689166e-05,1022.3288996609115
6173,3310.327831919851,-2.4515156720454304e-05,1022.3289241760681
6174,3303.5062005803825,-2.4343639753074427e-05,1022.3289485197079
6175,3107.5698706593635,-2.4508392921317576e-05,1022.3289730281008
6176,2960.9327463740588,-2.4358924992144267e-05,1022.3289973870257
6177,2872.6929540937385,-2.5830626023899598e-05,1022.3290232176519
6178,2848.042132181081,-2.513306623372961e-05,1022.329048350718
6179,2888.1075225251097,-2.273574258388197e-05,1022.3290710864604
6180,2990.032983616794,-2.151778504850291e-05,1022.3290926042455
6181,3147.266944489982,-8.290416272095919e-06,1022.3291008946617
6182,3350.0206021374424,-6.92053246144036e-06,1022.3291078151942
6183,3585.8596777733096,1.4015172858047231e-05,1022.3290938000214
6184,3840.3974699053433,2.5689914727474146e-05,1022.3290681101065
6185,4098.061220261271,0.00017695467362453598,1022.3288911554328
6186,4321.254829965873,21.65499656326817,1000.6738945921646
6187,4304.2953274318725,21.654991995469988,979.0189025966946
6188,4254.480205244437,21.65496955102267,957.363933045672
6189,4175.092512933524,21.65464246315609,935.7092905825158
6190,4093.00497812391,0.0001726437084818767,935.7091179388071
6191,3971.7134755072557,-1.3577876985081644e-05,935.7091315166841
6192,3846.8852546300895,-1.4905317277397182e-05,935.7091464220015
6193,3714.8911465848855,-1.6554962957259417e-05,935.7091629769644
6194,3590.3683323100763,-1.8456135571935233e-05,935.7091814330998
6195,3481.329328757948,-2.0531983252946318e-05,935.7092019650831
6196,3394.7083590804,-2.262775582701657e-05,935.709224592839
6197,3335.9014836032998,-2.4498897685645333e-05,935.7092490917366
6198,3308.4113425319547,-3.0779074606781586e-05,935.7092798708112
6199,3036.247359811307,-3.231961722566064e-05,935.7093121904282
6200,2808.846580746515,-3.494053194896321e-05,935.7093471309603
6201,2642.6643692560447,-3.544308441531611e-05,935.7093825740445
6202,2550.2801340486794,-3.290509523199796e-05,935.7094154791399
6203,2539.3194233579848,-7.676751573887899e-05,935.7094922466555
6204,2611.7234848903736,-6.875070702760803e-05,935.7095609973624
6205,2763.446203204923,-2.702419736410937e-05,935.70958802156
6206,2984.620704996809,-2.460326085947159e-05,935.7096126248206
6207,3260.196840680227,-2.1006365976887384e-05,935.7096336311865
6208,3571.007145290601,-1.4385679880820888e-05,935.7096480168664
6209,3895.1775821401066,-1.3382745632965036e-05,935.7096613996121
6210,4209.767073683966,-1.2604254967451208e-05,935.709674003867
6211,4199.048513090974,-1.243916504465726e-05,935.709686443032
6212,4157.835098877489,-1.2542540562645428e-05,935.7096989855726
6213,4089.010944903764,-1.2913303451717653e-05,935.7097118988761
6214,3997.3523522439737,-1.3550737694843499e-05,935.7097254496136
6215,3889.1958462784805,-1.4448144275656727e-05,935.7097398977578
6216,3778.147087097397,-1.549109347507538e-05,935.7097553888511
6217,3659.981811894577,-1.6706901880164072e-05,935.7097720957532
6218,3548.9712633754666,-1.7542398131269078e-05,935.7097896381513
6219,3452.740095210814,-1.4051088255052554e-05,935.7098036892395
6220,3377.892482564404,-0.0004416800322701548,935.7102453692717
6221,3329.560346798935,-0.0004391429027708791,935.7106845121746
6222,3311.0574820008437,-0.0006827434203513554,935.7113672555947
6223,3045.406171555823,-0.00232463729664437,935.7136918928915
6224,2834.8392838260156,-4.429240496165412,940.1429323890566
6225,2690.36744120549,-10.346921580660785,950.4898539697175
6226,2617.53927131072,-13.762184834019004,964.2520388037366
6227,2621.1699136736697,-14.866006583840893,979.1180453875772
6228,2701.101375311917,-13.996935212472803,993.1149806000501
6229,2852.244943346826,-11.580391764685169,1004.6953723647352
6230,3064.88637902052,-8.043413146074258,1012.7387855108094
6231,3325.3939140909124,-3.8742532625070414,1016.6130387733166
6232,3617.4752286900134,-0.01026940897408858,1016.6233081822905
6233,3925.386610788941,-0.0013215376707435833,1016.6246297199611
6234,4225.096438063324,-0.0007720775912636134,1016.6254017975525
6235,4213.387807104133,-0.0005925039429998396,1016.6259943014954
6236,4171.734718756656,-0.0005215074634742514,1016.6265158089587
6237,4103.069837026439,-0.0005041716322089285,1016.627019980591
6238,4012.1640770262475,-0.0005266139264578282,1016.6275465945175
6239,3905.296741338858,-0.0005925380217099986,1016.6281391325391
6240,3796.0340325615525,-0.0006842655942178548,1016.6288233981334
6241,3679.8787851885363,-0.0008957987305008241,1016.6297191968637
6242,3570.993605684108,-0.0012917361519631002,1016.6310109330158
6243,3476.8114110356682,-0.002072533032550239,1016.6330834660482
6244,3403.7381125437637,-0.0035085330016231594,1016.6365919990499
6245,3356.714168406999,-0.0046445037535615945,1016.6412365028034
6246,3338.878709229861,-0.003427327036024812,1016.6446638298393
6247,3056.190354077066,-0.0019367556976806041,1016.646600585537
6248,2823.6731158311527,-0.0011469044782356907,1016.647747490015
6249,2657.9309447173873,-0.0007564406203480151,1016.6485039306353
6250,2570.7556293245448,-0.0005479415942058576,1016.6490518722295
6251,2568.179330461986,-0.0004669292727870019,1016.6495188015024
6252,2649.9744388855006,-0.00035560808292843445,1016.6498744095852
6253,2809.6536632845264,-0.0003108534880532057,1016.6501852630734
6254,3034.97646498723,-0.0002846180419387183,1016.6504698811152
6255,3308.924242307678,-0.00027098977784434933,1016.6507408708931
6256,3611.0608420856715,-0.00026713269647306634,1016.6510080035896
6257,3919.160357908399,-0.0002822880569413717,1016.6512902916463
6258,4210.959377158445,-0.00031652846183292894,1016.6516068201083
6259,4197.192608387758,-0.00038270467149773197,1016.6519895247798
6260,4155.071291492899,-0.0005130477034401618,1016.6525025724832
6261,4087.782859795822,-0.0008164621986049456,1016.6533190346815
6262,4000.2963155051,-0.0019610804756174088,1016.6552801151572
6263,3899.10829877045,-0.09353864731959434,1016.7488187624768
6264,3799.5733720755748,-1.952864798368824,1018.7016835608456
6265,3694.047583460661,-2.5974420938976093,1021.2991256547431
6266,3595.6260577625017,-1.0256600829453466,1022.3247857376884
6267,3514.28914816612,-0.004041739575301565,1022.3288274772639
6268,3456.60565574672,-0.0010609665444662236,1022.3298884438082
6269,3426.1166147449712,-0.0005785513724652679,1022.3304669951806
6270,3425.5088752367137,-0.00041509824423834594,1022.3308820934247
6271,3231.1387321067696,-0.0004318154196654706,1022.3313139088445
6272,3085.175388169702,-2.4772118605856855e-05,1022.3313386809631
6273,2996.592992618004,-2.6502300713748425e-05,1022.3313651832636
6274,2970.3506392853474,-2.542627206272802e-05,1022.3313906095357
6275,3007.271482675663,-2.511939991598737e-05,1022.3314157289357
6276,3104.1651585419927,-2.228627620691411e-05,1022.3314380152117
6277,3254.162098047965,-2.0708505586152045e-05,1022.3314587237174
6278,3447.220757052645,-1.9303485989640517e-05,1022.3314780272033
6279,3670.769473084139,-1.3491805658408361e-05,1022.331491519009
6280,3910.447863048892,-1.2989175305006735e-05,1022.3315045081841
6281,4145.686623177341,5.230151190681921,1017.1013533175022
6282,4371.238605324914,5.470352878620037,1011.6310004388821
6283,4349.152888533499,-1.2680233675229698e-05,1011.6310131191159
6284,4290.243329333185,-1.319933195413448e-05,1011.6310263184478
6285,4203.616973947473,-1.397777021795382e-05,1011.6310402962179
6286,4094.7855180418487,-1.502054549083778e-05,1011.6310553167633
6287,3970.7762375927514,-1.631971276151835e-05,1011.631071636476
6288,3467.8555050852274,-2.313951495187798e-05,1011.631094775991
6289,3338.247806690806,-2.5804482573435953e-05,1011.6311205804734
6290,3218.682360216255,-3.386736205970997e-05,1011.6311544478356
6291,3117.077562977839,-3.6935043583498726e-05,1011.631191382879
6292,3040.197938046679,-3.944441643603846e-05,1011.6312308272954
6293,2993.2006801401926,-4.071875430421491e-05,1011.6312715460498
6294,2979.289022072882,-4.036282665281448e-05,1011.6313119088763
6295,2748.263056181869,-4.1758455353921394e-05,1011.6313536673317
6296,2563.9898516290405,-4.102333740901365e-05,1011.631394690669
6297,2440.2553298134876,-0.00017418851711491738,1011.6315688791861
6298,2386.864984515637,-0.0002558073059427156,1011.6318246864921
6299,2408.8078451674037,-0.00021423918521026124,1011.6320389256772
6300,2505.771442912395,-0.00012761861112842203,1011.6321665442883
6301,2672.060687539024,-2.6151867049459574e-05,1011.6321926961552
6302,2896.938765523992,-2.36191699440896e-05,1011.6322163153252
6303,3165.3686493058212,-2.0245626081067347e-05,1011.6322365609512
6304,3459.098623477629,-6.374351651238165e-06,1011.6322429353028
6305,3758.0018934064146,4.110021529328103e-05,1011.6322018350876
6306,4019.9042755309974,21.654974526254456,989.977227308833
6307,4012.515715734933,21.654970354382474,968.3222569544505
6308,3972.3414270777016,21.654926822494755,946.6673301319559
6309,3913.032384863262,10.950395036891695,935.7169350950641
6310,3829.023547952724,7.690566696418193e-05,935.716858189397
6311,3715.6212050755985,3.25300606009112e-05,935.7168256593365
6312,3597.835539420955,-1.426440816094441e-05,935.7168399237446
6313,3471.1853241348026,-2.0446058525892066e-05,935.716860369803
6314,3350.4507530561946,-2.19786434372233e-05,935.7168823484463
6315,3243.5308699773645,-2.3627161389375042e-05,935.7169059756078
6316,3157.307584212777,-2.5242166433248456e-05,935.7169312177741
6317,3097.186781427519,-2.663738378714752e-05,935.7169578551578
6318,3066.741503965089,-2.762373846989408e-05,935.7169854788965
6319,2816.3894551530616,-3.1495835883956706e-05,935.7170169747321
6320,2611.85735634259,-3.3695080757940376e-05,935.717050669813
6321,2465.8900127314587,-0.0001641714945520603,935.7172148413073
6322,2387.5483770646138,-0.0002972284054692405,935.7175120697128
6323,2381.7068340035758,-0.0003335359242318295,935.7178456056372
6324,2448.7782142446467,-0.00018013314249952552,935.7180257387795
6325,2584.6743683044983,-9.483937537861786e-05,935.7181205781549
6326,2781.0022715331993,-2.5134432005399722e-05,935.7181457125868
6327,3025.4938537715843,-2.320290956447776e-05,935.7181689154964
6328,3302.6575359206468,-2.0221175793136343e-05,935.7181891366722
6329,3594.6340960291827,-1.3905303308529725e-05,935.7182030419755
6330,3882.224131562148,0.0028893826139385907,935.7153136593616
6331,3867.3260839780983,0.0005330742242756739,935.7147805851371
6332,3823.0545846493305,0.0001314078073852745,935.7146491773299
6333,3752.264547662584,-1.3642561128993318e-05,935.7146628198908
6334,3659.6506995920554,-1.4140312759225265e-05,935.7146769602035
6335,3551.4219047875067,-1.4816170312226836e-05,935.7146917763738
6336,3819.4695825969443,0.000521359155701398,935.7141704172182
6337,3702.465000340718,7.203103159596478e-05,935.7140983861865
6338,3592.9109939080026,-1.4185162590441201e-05,935.714112571349
6339,3498.200065733084,-1.993121416613536e-05,935.7141325025632
6340,3424.7024805133888,-2.075264454033073e-05,935.7141532552079
6341,3377.3268910432594,-2.1409701073417284e-05,935.7141746649087
6342,3359.1817449951945,-2.1829719395879477e-05,935.714196494628
6343,3071.337496689636,-2.3229157276318502e-05,935.7142197237852
6344,2833.2660532081622,-2.690788076695457e-05,935.714246631666
6345,2660.999843213417,-2.8825240680059645e-05,935.7142754569069
6346,2566.0635848020024,-0.00011004592386917296,935.7143855028307
6347,2554.690836633119,-8.708139564533994e-05,935.7144725842262
6348,2627.402956874323,-7.647790388172892e-05,935.7145490621301
6349,2778.97702140217,-4.429517844809462e-05,935.7145933573084
6350,3001.7933655817815,-2.280469189933331e-05,935.7146161620004
6351,3280.5791202960627,-1.9867294530146323e-05,935.7146360292949
6352,3590.0888054036423,-1.369904081876326e-05,935.7146497283356
6353,3907.347045653826,-1.33040711439956e-05,935.7146630324069
6354,4209.135811224566,-1.3049679799642681e-05,935.7146760820865
6355,4189.237741642009,-1.3322564478777738e-05,935.714689404651
6356,4139.8606925891845,-1.3799303310830793e-05,935.7147032039543
6357,4064.132795043983,-1.4481629502384096e-05,935.7147176855838
6358,3966.9909067581066,-1.5364275199088978e-05,935.7147330498589
6359,3854.843169852159,-1.6428364019317493e-05,935.7147494782228
6360,3741.6372276663183,-1.7558522555080824e-05,935.7147670367453
6361,3622.323392724488,-1.8843746197112417e-05,935.7147858804916
6362,3511.349411416735,-2.011706465516197e-05,935.7148059975561
6363,3416.0886554012727,-2.1251406149642866e-05,935.7148272489624
6364,3342.840813775966,-2.7179692011515797e-05,935.7148544286543
6365,3296.399107139508,-2.7718545878511187e-05,935.7148821472001
6366,3279.720652518768,-2.7709936297739693e-05,935.7149098571365
6367,3049.378581295482,-2.8137834156037363e-05,935.7149379949706
6368,2868.9708280646496,-3.020053098916643e-05,935.7149681955015
6369,2749.312281350171,-3.0311683916009588e-05,935.7149985071852
6370,2697.0337249357685,-2.9815664923374564e-05,935.7150283228502
6371,2714.312541895286,-2.6698438462646474e-05,935.7150550212885
6372,2798.870578750666,-2.5273179397758415e-05,935.7150802944681
6373,2944.2203744980666,-2.3680586479468204e-05,935.7151039750544
6374,3140.133592182269,-2.0767207636938963e-05,935.7151247422621
6375,3373.300757215527,-1.922414742543218e-05,935.7151439664094
6376,3628.148167120802,-1.3300624898302425e-05,935.7151572670342
6377,3887.7751989951316,-1.2859391434341019e-05,935.7151701264257
6378,4134.971345960299,-1.2636065431299785e-05,935.715182762491
6379,4113.650789324782,-1.294764618304059e-05,935.7151957101373
6380,4063.248299305848,-1.3522394844363162e-05,935.7152092325321
6381,3987.179913280208,-1.4328218774826653e-05,935.7152235607508
6382,3890.6765595144634,-1.5224223832108405e-05,935.7152387849745
6383,3780.4318875977524,-1.5620509357951907e-05,935.715254405484
6384,3670.7088004069483,-1.0307949363966579e-05,935.7152647134333
6385,3556.923122846114,-0.34874750010994465,936.064012213543
6386,3463.0543403467586,-10.352920465775439,946.4169326793185
6387,3383.697526509786,-17.12638219562099,963.5433148749395
6388,3324.685754617579,-20.16807500859565,983.711389883535
6389,3290.4952729298216,-19.206688501705248,1002.9180783852404
6390,3283.887681587785,-14.176057480730316,1017.0941358659707
6391,3059.8225509022545,-5.239779729407515,1022.3339155953781
6392,2887.971066820474,-0.0017474121163388707,1022.3356630074944
6393,2782.3936753892417,-3.1924046898428644e-05,1022.3356949315412
6394,2745.9807288634156,-3.1397204412890685e-05,1022.3357263287456
6395,2781.8060579634507,-2.94579764579651e-05,1022.3357557867221
6396,2887.6383664372493,-2.7237880232654744e-05,1022.3357830246023
6397,3056.102313129385,-2.5075297247255648e-05,1022.3358080998995
6398,3275.2493784612175,-2.1638715724259866e-05,1022.3358297386152
6399,3529.4873563381952,-1.4969919105558936e-05,1022.3358447085342
6400,3800.7868874636893,-1.4189340090330424e-05,1022.3358588978742
6401,4070.0596053872155,-1.3698207932261925e-05,1022.3358725960823
6402,4318.588017225445,0.0016062232750323163,1022.3342663728071
6403,4300.845576909737,-1.3625928785856888e-05,1022.334279998736
6404,4250.606171222576,-1.4057678711975186e-05,1022.3342940564146
6405,4171.292679883987,-1.4798712100547978e-05,1022.3343088551267
6406,4068.2578119842738,-1.586150842893644e-05,1022.3343247166351
6407,3948.4326316019715,-1.7261156858660673e-05,1022.334341977792
6408,3826.479217435324,-1.8922216182257794e-05,1022.334360900008
6409,3697.810189816394,-2.098085325259124e-05,1022.3343818808613
6410,3577.685369910646,-2.3299737685545883e-05,1022.334405180599
6411,3474.191542824292,-2.5721655201385293e-05,1022.3344309022542
6412,3394.3182842961123,-2.7967425581377063e-05,1022.3344588696798
6413,3343.4960457623624,-2.9651524286273942e-05,1022.3344885212039
6414,3325.2391084515893,-3.0388902636673855e-05,1022.3345189101066
6415,3122.168331807157,-3.5779705153665694e-05,1022.3345546898117
6416,2964.492691408473,-3.5104221488738525e-05,1022.334589794033
6417,2862.522493977511,-3.361657567583092e-05,1022.3346234106089
6418,2823.3144175872512,-3.251082813941594e-05,1022.3346559214369
6419,2850.296832059633,-3.0176611093805916e-05,1022.3346860980479
6420,2943.062637263319,-2.7753793634748702e-05,1022.3347138518416
6421,3097.3362712943176,-2.536989012650094e-05,1022.3347392217318
6422,3305.121931686482,-2.1626181884758773e-05,1022.3347608479137
6423,3555.039551339443,7.434037611765019e-06,1022.3347534138759
6424,3832.852021872621,1.1476523181323466e-05,1022.3347419373526
6425,4122.1797540199495,2.3045957677931884e-05,1022.334718891395
6426,4405.386757899413,0.0013407241682725198,1022.3333781672267
6427,4410.328998056427,0.007756847496541311,1022.3256213197302
6428,4383.927334758869,0.0002341328610283305,1022.3253871868691
6429,4328.835586755448,7.773710613295083e-05,1022.325309449763
6430,4249.645053961983,4.004747948157811e-05,1022.3252694022834
6431,4152.522018444043,2.5244822853655745e-05,1022.3252441574606
6432,4051.443225716873,1.8235964037828154e-05,1022.3252259214963
6433,3941.0426871967084,1.3945400497685657e-05,1022.3252119760958
6434,3836.0285785886645,1.1328909915109589e-05,1022.3252006471859
6435,3743.985460515155,9.668307307155485e-06,1022.3251909788787
6436,3671.5165028415963,8.616571413425208e-06,1022.3251823623073
6437,3623.7943759130203,-1.4917965514906036e-05,1022.3251972802727
6438,3604.212262034937,-1.515741925431758e-05,1022.3252124376918
6439,3324.8349861307147,-2.1063851345514493e-05,1022.3252335015432
6440,3091.923498655293,-2.2046746985867125e-05,1022.3252555482902
6441,2922.494489126538,-2.371076396720093e-05,1022.3252792590541
6442,2829.0304215112083,-1.4362813447142416e-05,1022.3252936218676
6443,2818.473339031108,-1.486270650433376e-05,1022.3253084845741
6444,2891.654894397236,-1.4268992925858853e-05,1022.325322753567
6445,3043.2155788298833,-1.282534398686603e-05,1022.3253355789109
6446,3262.0209547236673,-8.131547538835437e-06,1022.3253437104582
6447,3532.0378955887113,-6.429724975239635e-06,1022.3253501401833
6448,3833.592389227329,1.119305425731612e-05,1022.325338947129
6449,4144.897908898456,2.380683913746052e-05,1022.3253151402898
6450,4422.4911132738025,21.23054487421206,1001.0947702660777
6451,4421.636761811346,6.283717838680887,994.8110524273968
6452,4383.454209358355,0.00016827554864654788,994.8108841518482
6453,4313.3475428569645,5.976836590769876e-05,994.8108243834822
6454,4222.417109033001,3.2853898294804845e-05,994.810791529584
6455,4116.941021044492,2.1664149715257825e-05,994.8107698654343
6456,3632.7853336515236,8.09711044410707e-06,994.8107617683236
6457,3520.659472448214,-6.491929044600896e-06,994.8107682602528
6458,3416.9344972353006,-7.084787613641103e-06,994.8107753450404
6459,3328.8620567492158,-7.632726375565415e-06,994.8107829777666
6460,3262.6307318342806,-8.075931926676264e-06,994.8107910536986
6461,3222.9347936588274,-8.356448975486434e-06,994.8107994101474
6462,3212.6450984748253,-8.43118903114408e-06,994.8108078413364
6463,2972.0819039813005,-1.3774718711469867e-05,994.8108216160551
6464,2779.1209464940116,-1.7004221832393067e-05,994.810838620277
6465,2646.273914879025,-8.515515335238233e-05,994.8109237754302
6466,2582.049593042783,-0.0001277118377745167,994.8110514872681
6467,2590.4659146526183,-0.00011923770884629902,994.8111707249767
6468,2670.8237079151586,-7.51543832430922e-05,994.8112458793602
6469,2817.7508122023896,-1.420726019655034e-05,994.8112600866201
6470,3021.5156308778187,-1.2319742687501512e-05,994.8112724063628
6471,3268.5988382121936,-8.078456839993633e-06,994.8112804848196
6472,3542.5021257777835,7.149927856911333e-06,994.8112733348919
6473,3824.7590523607196,1.1010956964742473e-05,994.8112623239348
6474,4096.1004725086295,2.0289018730998576e-05,994.8112420349161
6475,4071.4739643798416,1.8859011430014396e-05,994.8112231759045
6476,4016.577905417726,1.630383657143616e-05,994.8112068720679
6477,3934.7493009951727,1.3537326717549183e-05,994.8111933347412
6478,3831.145385070883,1.107588042403323e-05,994.8111822588608
6479,3712.3960280836704,9.084736335897156e-06,994.8111731741244
6480,3592.9091103808287,-1.4925087655489587e-05,994.8111880992119
6481,3467.3342407307573,-2.1159028694426367e-05,994.8112092582406
6482,3350.5331272248864,-2.243569132020582e-05,994.8112316939321
6483,3250.0103917490037,-2.363620254005092e-05,994.8112553301345
6484,3172.155566471087,-2.4575144632219424e-05,994.8112799052792
6485,3121.806072059036,-2.512376653717992e-05,994.8113050290456
6486,3101.9153640476666,-2.520220202467657e-05,994.8113302312474
6487,2851.809530538281,-2.880373722470414e-05,994.8113590349847
6488,2653.501122669873,-8.343837184333699e-05,994.8114424733566
6489,2520.330643818247,-0.00020975547494829188,994.8116522288317
6490,2460.69578350102,-0.01359119684642978,994.8252434256779
6491,2477.3692692225154,-0.0009473307633716689,994.8261907564413
6492,2567.466957565976,-0.00015295280911983158,994.8263437092503
6493,2722.6254498805015,-1.8256551999543896e-05,994.8263619658022
6494,2929.79885216012,-1.3000021509153105e-05,994.8263749658237
6495,3172.347274022582,-8.832471354717867e-06,994.8263837982951
6496,3431.394241268502,-7.049483453293183e-06,994.8263908477786
6497,3687.3200329344018,8.77345532573155e-06,994.8263820743231
6498,3921.260431261364,1.3155461548319629e-05,994.8263689188616
6499,3891.4346927005236,1.2373838789950381e-05,994.8263565450227
6500,3831.0907784418655,1.1037979876034779e-05,994.8263455070429
6501,3743.675996743512,9.50198336260618e-06,994.8263360050594
6502,3634.506795953386,-1.6174476101138627e-05,994.8263521795355
6503,3510.41450047989,-1.7988844254871428e-05,994.8263701683799
6504,3764.233964666659,-1.603131521206515e-05,994.826386199695
6505,3634.487241563468,-1.7869855979178205e-05,994.8264040695509
6506,3514.494248834115,-1.9920619109544493e-05,994.8264239901699
6507,3412.02094933477,-2.2067224185160596e-05,994.8264460573943
6508,3333.69926216414,-2.9344846602121217e-05,994.8264754022407
6509,3284.575993400285,-3.107659921804409e-05,994.8265064788399
6510,3267.7679011762207,-3.205309716429998e-05,994.826538531937
6511,3081.0410640598025,-3.291675395325357e-05,994.8265714486909
6512,2938.9941328108625,-3.2928040966840875e-05,994.8266043767319
6513,2850.3096535750065,-3.428737188316946e-05,994.8266386641036
6514,2820.4684522489256,-3.301224699239745e-05,994.8266716763507
6515,2851.481185208847,-2.9852496751563862e-05,994.8267015288474
6516,2941.777839332504,-2.7898720261629408e-05,994.8267294275677
6517,3086.257547240386,-2.459120466235297e-05,994.8267540187722
6518,3276.502162296936,-2.2555532458970835e-05,994.8267765743046
6519,3501.1572076346183,-2.0805275260489117e-05,994.82679737958
6520,3746.4807763864746,9.510243883438835e-06,994.8267878693359
6521,3997.0543171756917,1.5295799884794456e-05,994.826772573536
6522,4236.637664741548,3.3911559675496114e-05,994.8267386619762
6523,4219.010182357849,3.110860097215225e-05,994.8267075533754
6524,4168.838054345747,2.5177562047974622e-05,994.8266823758132
6525,4089.224863579985,-1.4877295009131842e-05,994.8266972531083
6526,3985.2201230308888,-1.5944255160612273e-05,994.8267131973633
6527,3863.4787504037595,-1.7388911674571956e-05,994.8267305862751
6528,3738.652630896076,-1.9177029607195333e-05,994.8267497633045
6529,3605.50977995989,-2.1516784739232494e-05,994.8267712800892
6530,3479.4048341443327,-2.437843453788806e-05,994.8267956585237
6531,3368.354488936542,-2.7759561897127683e-05,994.8268234180856
6532,3279.3445725632337,-3.680456905816166e-05,994.8268602226547
6533,3217.8692724968787,-4.08181036536886e-05,994.8269010407582
6534,3187.5725802538814,-4.4338314265420844e-05,994.8269453790726
6535,2932.6750765355764,-4.778043604969e-05,994.8269931595086
6536,2731.010880495507,-5.119927225041707,999.9469203845503
6537,2590.2800139797505,-8.452973664786933,1008.3998940493369
6538,2519.239836102875,-8.477841977506548,1016.8777360268435
6539,2523.3203619357005,-5.470788343051478,1022.3485243698949
6540,2602.719360924222,-4.175489077735137e-05,1022.3485661247856
6541,2759.507592931624,-3.792548963943758e-05,1022.3486040502753
6542,2977.3128283837477,-3.4355483274131405e-05,1022.3486384057587
6543,3241.032233765238,-2.9714403955012642e-05,1022.3486681201625
6544,3532.503659974332,-2.2252489994440106e-05,1022.3486903726524
6545,3831.8539481896755,-2.0759401195175814e-05,1022.3487111320537
6546,4118.940631283515,-1.9644874436758168e-05,1022.348730776928
6547,4120.414678885458,-1.9197525700696488e-05,1022.3487499744538
6548,4092.7820374846897,-1.909731038240139e-05,1022.3487690717641
6549,4038.685933237576,-1.9315191347742065e-05,1022.3487883869554
6550,3962.610640910323,-1.98240768244256e-05,1022.3488082110322
6551,3870.558892655279,-2.059246053012866e-05,1022.3488288034928
6552,3776.504443509992,-2.147334325104558e-05,1022.348850276836
6553,3674.3771301402785,-2.2611472343625443e-05,1022.3488728883083
6554,3578.795849986453,-2.3822978397864127e-05,1022.3488967112868
6555,3497.012276867794,-2.4991270228713143e-05,1022.3489217025569
6556,3435.2834518777336,-2.5973788100403747e-05,1022.3489476763449
6557,3398.4358205441335,-2.662317186970082e-05,1022.3489742995167
6558,3389.5294312364927,-2.6822961086433418e-05,1022.349001122478
6559,3153.905179193921,-3.254493654084303e-05,1022.3490336674146
6560,2960.6427611272584,-3.282393599901514e-05,1022.3490664913504
6561,2823.0291585783993,-3.364532313157787e-05,1022.3491001366735
6562,2750.8924879005995,-3.298816268227847e-05,1022.3491331248363
6563,2749.95262892968,-3.19489369392538e-05,1022.3491650737732
6564,2821.3914451635856,-3.049076765481714e-05,1022.3491955645408
6565,2961.6765822994457,-2.8742227396251653e-05,1022.3492243067682
6566,3162.6645155362003,-2.5408076117886982e-05,1022.3492497148442
6567,3411.9969816760577,-2.366634729722014e-05,1022.3492733811914
6568,3693.7886841289815,-1.756141850807849e-05,1022.34929094261
6569,3989.5847007162333,-1.695892295686575e-05,1022.3493079015329
6570,4279.543682491932,-1.654345855111243e-05,1022.3493244449915
6571,4262.614633693077,-1.668722796867446e-05,1022.3493411322195
6572,4217.1987036650435,-1.7056942132027914e-05,1022.3493581891615
6573,4146.614723930388,-1.76342878263762e-05,1022.3493758234493
6574,4055.95985340621,-1.8387866025273394e-05,1022.3493942113154
6575,3951.7667082184785,-1.9269604568626974e-05,1022.3494134809199
6576,3848.4764191007116,-2.011141046445058e-05,1022.3494335923303
6577,3740.260724445368,-2.099994817223011e-05,1022.3494545922784
6578,3641.9708659520797,-2.1727279353187403e-05,1022.3494763195579
6579,3560.927233969651,-2.2168329517528767e-05,1022.3494984878872
6580,3503.3298072613266,-2.222174394369586e-05,1022.3495207096313
6581,3473.8271119221067,-2.1841427134167215e-05,1022.3495425510583
6582,3475.18963903823,-2.1053503324072155e-05,1022.3495636045617
6583,3227.840399000958,-2.6027144679527778e-05,1022.3495896317063
6584,3034.041776366405,-2.5863086632922e-05,1022.349615494793
6585,2908.2247359509424,-2.6465925989477067e-05,1022.3496419607189
6586,2859.6004144114168,-2.57766182484227e-05,1022.3496677373371
6587,2891.484431727539,-1.4399428524947408e-05,1022.3496821367656
6588,3001.109136328384,-1.3461876862265142e-05,1022.3496955986424
6589,3179.9322412353717,-1.1965619245641066e-05,1022.3497075642617
6590,3414.4049822134716,-7.328685035501843e-06,1022.3497148929467
6591,3687.1220354395655,7.976304960306619e-06,1022.3497069166417
6592,3978.2436400913393,1.2848917370719304e-05,1022.3496940677244
6593,4267.060291332821,2.8651315184445147e-05,1022.3496654164089
6594,4511.909967702632,21.654557540244472,1000.6951078761647
6595,4498.960348138003,20.899253806122108,979.7958540700424
6596,4474.798011031139,0.00026750580319659107,979.7955865642392
6597,4401.77242366507,6.600539706084892e-05,979.7955205588421
6598,4306.038809775753,3.360651914582544e-05,979.795486952323
6599,4194.365165314172,2.150056679563571e-05,979.7954654517561
6600,4081.5259427022365,1.5755906377909915e-05,979.7954496958498
6601,3961.967632383952,-1.5531232918305293e-05,979.7954652270827
6602,3850.9536348147813,-1.6580111714769997e-05,979.7954818071943
6603,3756.1955048505424,-1.749802032906699e-05,979.7954993052147
6604,3684.282017219585,-1.8161580790001353e-05,979.7955174667954
6605,3640.2322918173872,-1.846262227164839e-05,979.7955359294176
6606,3627.1549141479636,-1.834294285810931e-05,979.7955542723605
6607,3433.1578088104447,-2.3343587017345997e-05,979.7955776159474
6608,3284.640593497387,-2.3191958260472053e-05,979.7956008079058
6609,3190.9382925733785,-2.2746679409555788e-05,979.7956235545851
6610,3157.9064357929287,-9.200853107371194e-06,979.7956327554383
6611,3187.6108768420295,-8.968389285386666e-06,979.7956417238275
6612,3278.211605083796,-8.27713961175436e-06,979.7956500009672
6613,3424.0474201270536,-7.293122648425666e-06,979.7956572940898
6614,3615.924171883371,7.196205083081134e-06,979.7956500978846
6615,3841.6045973922046,1.004575977414276e-05,979.7956400521249
6616,4086.4889656930955,1.624671937536789e-05,979.7956238054054
6617,4334.465452265122,4.0517510100923895e-05,979.7955832878954
6618,4547.240101245778,21.654912188227343,958.140671099668
6619,4526.734246985101,21.654829855252494,936.4858412444155
6620,4495.48540097124,0.7509577773992919,935.7348834670162
6621,4415.70575243835,9.356351971746045e-05,935.7347899034964
6622,4311.974370028459,4.099485231895971e-05,935.7347489086441
6623,4191.779203882642,2.490478477372327e-05,935.7347240038592
6624,3691.800888874065,-1.5769483709037503e-05,935.7347397733429
6625,3562.7902796540975,-1.7393710558139943e-05,935.7347571670535
6626,3442.018923810603,-2.450271736504028e-05,935.7347816697709
6627,3337.365821868886,-2.674283948419532e-05,935.7348084126104
6628,3255.6232009824776,-2.8999268597761245e-05,935.7348374118787
6629,3202.039362820505,-3.1019360956272205e-05,935.7348684312398
6630,3179.9658262247794,-3.246026203089711e-05,935.7349008915019
6631,2959.380346800213,-3.4188571326211227e-05,935.7349350800731
6632,2787.6241451059304,-3.7598218886900075e-05,935.734972678292
6633,2676.480339817458,-3.816423902307064e-05,935.735010842531
6634,2633.354072250568,-3.7565786756056595e-05,935.7350484083178
6635,2660.7499139478637,-3.571606787990479e-05,935.7350841243857
6636,2756.1330848974003,-3.099185346977233e-05,935.7351151162391
6637,2912.1779954784015,-2.871175339047047e-05,935.7351438279924
6638,3117.373520946711,-2.513112719016222e-05,935.7351689591196
6639,3356.924551502094,-2.2998947061652102e-05,935.7351919580667
6640,3613.866790108394,-1.6334661694484548e-05,935.7352082927283
6641,3870.298442716724,-1.5533169150302047e-05,935.7352238258974
6642,4108.6290408137165,0.0001533633782084048,935.7350704625193
6643,4093.25132145073,0.0002126022389766486,935.7348578602803
6644,4045.891363788182,-1.5167829695413645e-05,935.7348730281099
6645,3969.3977432795873,-1.565603155970656e-05,935.7348886841413
6646,3868.533618852305,-1.6475450948916437e-05,935.7349051595924
6647,3749.6460918411917,-1.765550999184597e-05,935.7349228151022
6648,3627.2471531723722,-1.9140736767768078e-05,935.7349419558391
6649,3495.4375082215315,-2.1143725614856436e-05,935.7349630995647
6650,3369.4515440040445,-2.8902626038797153e-05,935.7349920021907
6651,3257.0369654587184,-3.211111923055622e-05,935.7350241133098
6652,3164.9501186222265,-3.5832649688662486e-05,935.7350599459595
6653,3098.504956384296,-3.9816485693797924e-05,935.7350997624452
6654,3061.222461285376,-4.365101871291168e-05,935.7351434134638
6655,2822.9964937118184,-4.800098575405422e-05,935.7351914144496
6656,2624.9337646745225,-5.412421281672224e-05,935.7352455386624
6657,2479.4956782140257,-0.00028632922254251967,935.7355318678849
6658,2416.1625058507166,-19.986328949328417,955.7218608172134
6659,2421.106643319521,-40.26417791505813,995.9860387322716
6660,2436.401904787249,-1.1624809697228315,997.1485197019942
6661,2556.7130987464757,-0.00035232918253561604,997.1488720311769
6662,2738.1861393209197,-0.00029106652499900573,997.1491630977017
6663,2968.4228594967735,-0.0002571359100355333,997.1494202336117
6664,3232.588808835963,-0.00023712738651081373,997.1496573609984
6665,3513.101665202752,-0.00022054598807027997,997.1498779069863
6666,3790.7355381245557,-0.0002159154233835368,997.1500938224095
6667,3773.947751484292,-0.0002173361117261017,997.1503111585213
6668,3729.353878717849,-0.0002244807271980007,997.1505356392486
6669,3659.8293129359968,-0.00023769654185301788,997.1507733357904
6670,3570.0316383423883,-0.0002575871441697993,997.1510309229346
6671,3466.0721217179353,-0.0002847522453933101,997.15131567518
6672,3740.280047979105,-0.00014804657515907213,997.151463721755
6673,3629.9262200332205,-0.0001560096157643847,997.1516197313707
6674,3527.848897896225,-0.00016298424203567535,997.1517827156126
6675,3441.1411472541677,-0.00016779992161626377,997.1519505155343
6676,3375.845411506979,-0.00016945289270790416,997.1521199684271
6677,3336.526473856121,-0.00016746379130910133,997.1522874322181
6678,3325.946341676044,-0.0001620684476140723,997.1524495006661
6679,3065.1269957113045,-0.00016082823187827533,997.1526103288977
6680,2851.5620153047134,-0.0001529647161614694,997.152763293614
6681,2703.097204095134,-0.000146130483866302,997.152909424098
6682,2630.4537831736898,-0.00013829968451631428,997.1530477237823
6683,2637.044778339864,-0.0001311387583294329,997.1531788625406
6684,2721.203340484195,-0.00012470964737798073,997.153303572188
6685,2875.5451868648993,-0.00011944975874106141,997.1534230219465
6686,3087.640085094503,-0.00011380775792750384,997.1535368297045
6687,3341.0594722361743,-0.00011274464429464174,997.1536495743488
6688,3616.7004357196292,-0.00010950481989009793,997.1537590791686
6689,3894.267740477532,-0.0001157161270285081,997.1538747952956
6690,4153.788859665738,-0.00012689581748355375,997.1540016911131
6691,4123.659709871654,-0.00014617779896047207,997.154147868912
6692,4064.089186711794,-0.00017923757775607544,997.1543271064897
6693,3978.660406481794,-0.00024147765291503248,997.1545685841429
6694,3872.76800866547,-0.00038634123304901114,997.1549549253757
6695,3753.2640683361788,-0.001001404670336399,997.1559563300461
6696,3637.758990780978,-2.686611805075708,999.8425681351218
6697,3523.445392065785,-11.06542047830916,1010.907988613431
6698,3417.2575566541977,-16.754117782577598,1027.6621063960083
6699,3326.299070732289,-19.252691429175467,1046.9147978251838
6700,3256.676752461977,-18.221807838388205,1065.136605663572
6701,3213.0786078738915,-13.500474750298983,1078.6370804138708
6702,3198.4643785320927,-5.129920262451623,1083.7670006763226
6703,2984.256981887141,-0.0014543824253191073,1083.768455058748
6704,2823.030071702598,-0.00048110438234991594,1083.7689361631303
6705,2720.724150400637,-0.00031088103592052767,1083.7692470441661
6706,2684.6786964776775,-0.00024291603588176086,1083.769489960202
6707,2718.0190401294813,-0.00022099452523895006,1083.769710954727
6708,2819.40566582966,-0.0002705193219964865,1083.769981474049
6709,2983.0450875819806,0.00021174740831473996,1083.769769726641
6710,3198.9786835079813,0.0002835752629556052,1083.769486151378
6711,3453.6403787286235,0.0010884763447473482,1083.7683976750332
6712,3721.6166738230972,9.064053016182681,1074.7043446588502
6713,3991.561028488314,20.434534246602542,1054.2698104122476
6714,4257.283110475043,21.65328377195421,1032.6165266402936
6715,4249.924691847897,21.64942546953101,1010.9671011707625
6716,4218.643067285258,13.803298062498172,997.1638031082645
6717,4164.796773571892,0.012797721825580964,997.1510053864387
6718,4073.831648609281,0.0004086807223558,997.1505967057163
6719,3966.2431616996982,0.00021439051482407425,997.1503823152015
6720,3856.9759628991574,0.0002176197001850808,997.1501646955012
6721,3740.2474444069085,-0.0012056280235273051,997.1513703235246
6722,3632.8049240172695,-1.235681469275389,998.3870517928001
6723,3549.605855096131,-10.803400064280275,1009.1904518570803
6724,3486.0727643176606,-17.360380728451226,1026.5508325855315
6725,3446.78911978869,-20.26997180910053,1046.820804394632
6726,3434.6655800698936,-19.11970447850837,1065.9405088731403
6727,3224.2318606972835,-13.715832385018249,1079.6563412581588
6728,3061.2891586029746,-4.112964613719611,1083.769305871878
6729,2966.2396664860753,-0.0013643181228940753,1083.770670190001
6730,2943.6925451174266,-4.1125776765757256e-05,1083.7707113157778
6731,2990.4651459740967,-3.905639099427467e-05,1083.7707503721685
6732,3102.4809490019043,-3.487859137115714e-05,1083.7707852507601
6733,3271.1091367299828,-3.0769872955750244e-05,1083.770816020633
6734,3483.938746365374,-1.9393701022155448e-05,1083.770835414334
6735,3725.803765850707,-1.7729075868071105e-05,1083.7708531434098
6736,3979.961296097845,2.7603614285989066e-05,1083.7708255397954
6737,4229.320879402465,4.208059190844319e-05,1083.7707834592036
6738,4457.624461739113,0.0021678052862298095,1083.768615653917
6739,4452.256678321884,0.0006134397314772187,1083.7680022141858
6740,4415.650539730925,0.00012985279908655497,1083.7678723613865
6741,4350.83472356648,5.492703100687552e-05,1083.7678174343555
6742,4262.7438716388915,3.087737366274899e-05,1083.767786556982
6743,4157.88139922126,2.022155836157691e-05,1083.7677663354234
6744,4050.9971160680407,1.48163305396109e-05,1083.7677515190926
6745,3936.0868747874483,-1.8000221509855892e-05,1083.7677695193142
6746,3828.555901823267,-1.925039601946815e-05,1083.7677887697105
6747,3736.175806892157,-2.0538219720338446e-05,1083.7678093079303
6748,3665.6791900900553,-2.1741990103763622e-05,1083.7678310499205
6749,3622.3052792639396,-2.2711912645159112e-05,1083.7678537618328
6750,3609.447661192423,-2.329814530900162e-05,1083.7678770599782
6751,3422.1547015536917,-3.286171763905381e-05,1083.7679099216957
6752,3274.3918513134204,-3.443472473998109e-05,1083.7679443564205
6753,3176.6804374336366,-3.556425469003081e-05,1083.767979920675
6754,3136.768041251849,-3.5827744684657954e-05,1083.7680157484197
6755,3159.0660957499376,-3.476754201255259e-05,1083.7680505159617
6756,3244.234711627366,-3.2389314727977476e-05,1083.7680829052765
6757,3388.9581435516325,-2.927113499441789e-05,1083.7681121764113
6758,3585.9503637686885,5.936900543167408e-06,1083.7681062395109
6759,3824.2201850074093,8.717900813688245e-06,1083.7680975216101
6760,4089.6083437980365,1.5053289018336414e-05,1083.768082468321
6761,4365.588187753846,4.5310412695409976e-05,1083.7680371579083
6762,4549.80037466589,84.49524033167035,999.2727968262379
6763,4553.594906981079,78.1983478403587,921.0744489858791
6764,4544.844972553655,53.72427056808268,867.3501784177965
6765,4515.778746873788,21.623039116834523,845.727139300962
6766,4452.9253682941,0.00011998516201855516,845.7270193158001
6767,4351.305048962768,4.1072252273977725e-05,845.7269782435477
6768,4246.946884894729,2.4434667352814964e-05,845.7269538088804
6769,4133.4302934197785,1.6815510306870678e-05,845.7269369933699
6770,4025.812295069318,1.2841505638636772e-05,845.7269241518643
6771,3931.5180572657423,1.0531602558427893e-05,845.7269136202617
6772,3856.9731229047434,9.149347300151132e-06,845.7269044709145
6773,3807.1647865378204,8.374201661494756e-06,845.7268960967127
6774,3785.303988784748,-1.759025640131526e-05,845.726913686969
6775,3533.431106066918,-2.8096207537945722e-05,845.7269417831765
6776,3328.608012623479,-1.629207226233235e-05,845.7269580752488
6777,3184.773733630365,-2.0174038688592694e-05,845.7269782492874
6778,3111.3476771342566,-4.474037010267462e-05,845.7270229896576
6779,3112.588430441196,-5.063381975027272e-05,845.7270736234773
6780,3187.360540279053,-4.2811368546663396e-05,845.7271164348458
6781,3329.3150522520427,-1.6410187033613004e-05,845.7271328450329
6782,3527.454761228602,-1.2796440728661896e-05,845.7271456414735
6783,3767.0239890509515,7.863181283220647e-06,845.7271377782921
6784,4030.640639574146,1.3048300171683573e-05,845.7271247299919
6785,4299.573485172557,3.090867328928112e-05,845.7270938213187
6786,4521.939904110094,33.12468328336317,812.6024105379555
6787,4507.922832763825,24.04173321443964,788.560677323516
6788,4480.796457027091,0.0002914904040375847,788.5603858331118
6789,4404.780212949337,0.000135043887917093,788.5602507892239
6790,4308.8996659484455,-1.740005401743727e-05,788.5602681892778
6791,4199.562910602706,-1.8523007571836857e-05,788.5602867122855
6792,3713.1725744149735,-2.575516318553229e-05,788.5603124674486
6793,3599.569634352733,-2.7987202333494074e-05,788.5603404546508
6794,3495.55555809345,-3.0234912252960186e-05,788.5603706895631
6795,3408.304687844106,-3.222027121855325e-05,788.5604029098345
6796,3343.873016222281,-4.400900703107115e-05,788.5604469188412
6797,3306.770553952092,-4.490783759178723e-05,788.560491826679
6798,3299.638344019244,-4.449208408582561e-05,788.560536318763
6799,3071.1213493890655,-4.74051276253562e-05,788.5605837238908
6800,2885.975496453616,-5.2278775304512874e-05,788.5606360026659
6801,2756.9882212821376,-0.00015836541280654447,788.5607943680786
6802,2693.372437567955,-0.0013825141141721663,788.562176882193
6803,2741.92125634156,-41.865459561805736,830.4276364439986
6804,2799.018730081058,-21.779855852657413,852.2074922966559
6805,2920.2269961932243,-0.00011785711910035362,852.2076101537751
6806,3119.6127872004367,-5.500428859892722e-05,852.2076651580636
6807,3361.7947854040817,-3.0441463654583093e-05,852.2076955995271
6808,3629.8239369770104,-1.7790442393397117e-05,852.2077133899696
6809,3904.53643225874,-1.748614996379724e-05,852.2077308761194
6810,4165.900973309486,-1.758309051116077e-05,852.20774845921
6811,4130.037138711495,-1.8426994104711604e-05,852.2077668862041
6812,4062.586315148488,-1.983083115774035e-05,852.2077867170353
6813,3967.1838276985723,-2.1890796165279824e-05,852.2078086078313
6814,3849.3415979744764,-2.4547576211940145e-05,852.2078331554077
6815,3716.0890102424155,-2.492708516875804e-05,852.2078580824927
6816,3582.687406183417,-0.00037749367700228953,852.2082355761697
6817,3443.388172742054,-0.0004073688467277368,852.2086429450165
6818,3313.9229763318917,-0.0007777139368366996,852.2094206589533
6819,3203.7457844824066,-1.5202977908426083,853.7297184497959
6820,3127.263092084968,-12.178162035449471,865.9078804852453
6821,3076.4533663453904,-18.765770664805203,884.6736511500505
6822,3054.3838520257327,-21.10931136831901,905.7829625183695
6823,2821.8299274623487,-18.778471154407416,924.561433672777
6824,2640.95272371112,-12.149600840055546,936.7110345128325
6825,2523.679516406242,-2.116274011312685,938.8273085241452
6826,2517.4238957940106,-30.15665636563917,968.9839648897843
6827,2543.553653012907,-17.108156564319668,986.0921214541039
6828,2634.3502966383685,-0.0004649357582845929,986.0925863898622
6829,2801.4829793972303,-0.00041179051100937765,986.0929981803731
6830,3014.463367296932,0.0003375542673599887,986.0926606261058
6831,3257.145759770186,0.0008002761988490704,986.0918603499068
6832,3505.2265809370174,6.650665735489834,979.4411946144171
6833,3741.7589738076704,19.03119716832089,960.4099974460961
6834,3965.385242002908,21.65319432242032,938.7568031236757
6835,3953.192282538767,21.65228405504543,917.1045190686302
6836,3915.0454414526002,15.894766426294087,901.2097526423363
6837,3856.6134074210067,1.7170589748460765,899.4926936674901
6838,3761.9499287563635,0.00029661413861892916,899.4923970533515
6839,3648.3234050763435,0.0001034358846528925,899.4922936174669
6840,3910.437440280678,0.018637655520040382,899.4736559619467
6841,3785.9538823573757,0.0003860862867067152,899.4732698756601
6842,3668.4997166538938,-0.0005323022244183592,899.4738021778844
6843,3565.9237374938925,-0.0006719648341838992,899.4744741427186
6844,3485.0229934033914,-0.0032904802482525896,899.4777646229669
6845,3438.6460404941345,-7.558791988108926,907.0365566110758
6846,3422.801359260829,-15.227467459066055,922.2640240701419
6847,3236.27975213683,-19.294022670786838,941.5580467409287
6848,3087.0627079345572,-19.558097530694596,961.1161442716232
6849,2985.027723989236,-16.032897535630436,977.1490418072538
6850,2937.2526001397464,-8.935134069696208,986.0841758769498
6851,2948.844317222899,-0.008488034868777382,986.0926639118186
6852,3030.097448204486,-0.0007704723200325509,986.0934343841387
6853,3167.72484294938,-0.0005756201319434275,986.0940100042706
6854,3353.5561687328304,-2.956609610867727e-05,986.0940395703666
6855,3576.0365343095705,-2.137261741409161e-05,986.094060942984
6856,3820.8646562615345,-2.0294594338757635e-05,986.0940812375783
6857,4071.8739942501666,-1.9172110441500738e-05,986.0941004096888
6858,4312.094885905119,-1.833101100999187e-05,986.0941187406996
6859,4301.748037642977,-1.8083419741004903e-05,986.0941368241195
6860,4261.429421710599,-1.818613312886231e-05,986.0941550102525
6861,4194.059195543475,-1.861736993594615e-05,986.0941736276224
6862,4104.4251555368,-1.936264400769678e-05,986.0941929902665
6863,3998.8526386548474,-2.0401002418440614e-05,986.0942133912688
6864,3891.9731526313794,-2.15823086678222e-05,986.0942349735775
6865,3777.402326232898,-2.3080590461256006e-05,986.094258054168
6866,3670.410174792503,-2.470022843511748e-05,986.0942827543963
6867,3578.557105405768,-2.630678279063488e-05,986.0943090611792
6868,3508.3814114473294,-2.7717413667766775e-05,986.0943367785928
6869,3464.954201990368,-2.8723855745674577e-05,986.0943655024485
6870,3451.5352812074943,-2.9144387562940946e-05,986.0943946468361
6871,3243.5434438995703,-4.14205095700198e-05,986.0944360673456
6872,3082.604440594137,-4.419169600202189e-05,986.0944802590416
6873,2980.0029126793124,-4.666542167410054e-05,986.0945269244634
6874,2942.8542687566382,-6.628747518622283e-05,986.0945932119384
6875,2973.6766541852744,-6.851197772038764e-05,986.0946617239161
6876,3070.3102284093056,-5.9967184638786265e-05,986.0947216911007
6877,3226.172829590456,-3.53632499603845e-05,986.0947570543508
6878,3430.815073028405,-3.073807169742463e-05,986.0947877924224
6879,3670.717003818446,-1.8274513976141363e-05,986.0948060669364
6880,3930.255648136821,1.8107028434066487e-05,986.094787959908
6881,4192.766705930392,3.3076210489522045e-05,986.0947548836974
6882,4441.624873214154,0.0004957523748051671,986.0942591313226
6883,4438.965065032226,0.0002454414495288437,986.094013689873
6884,4407.01630695891,9.73092707521537e-05,986.0939163806023
6885,4348.70744426834,4.873795832077991e-05,986.0938676426439
6886,4268.776771819351,2.925861977374124e-05,986.0938383840241
6887,4173.43993555604,1.9789410490307035e-05,986.0938185946137
6888,4077.169935555459,1.480208426730958e-05,986.0938037925293
6889,3973.338668806585,1.1524272718408366e-05,986.0937922682566
6890,3876.955444031758,9.444410353533e-06,986.0937828238464
6891,3795.2722348018046,8.100425340690988e-06,986.093774723421
6892,3734.4936041228243,7.262839032435422e-06,986.0937674605818
6893,3699.345756139289,6.813681147715018e-06,986.0937606469007
6894,3692.747694917025,6.6972822720735134e-06,986.0937539496185
6895,3469.3378505860564,-1.3678806072660451e-05,986.0937676284245
6896,3285.2785077024673,-1.731681752755388e-05,986.0937849452421
6897,3154.081211229932,-2.1211151018397214e-05,986.0938061563932
6898,3086.058198639297,-4.259558065552958e-05,986.0938487519738
6899,3087.487989065659,-4.728014145396505e-05,986.0938960321151
6900,3160.01294475468,-4.108212995027776e-05,986.0939371142451
6901,3300.334506595753,-1.7110106732640792e-05,986.0939542243518
6902,3500.255287683139,-1.3256841942801142e-05,986.0939674811938
6903,3747.092067053875,6.85791360928784e-06,986.0939606232803
6904,4027.4617829161243,1.1064627942064663e-05,986.0939495586523
6905,4316.311128067647,2.3297917647505764e-05,986.0939262607346
6906,4593.526498166864,0.0041047250356591345,986.0898215356988
6907,4572.93247658751,0.00026728116301709935,986.0895542545359
6908,4523.305167657112,8.475778364690789e-05,986.0894694967521
6909,4448.139407076203,4.198206976355382e-05,986.0894275146825
6910,4352.7235226680095,2.5602687372640814e-05,986.0894019119951
6911,4243.789647546626,1.7620206920610804e-05,986.0893842917881
6912,4136.281407060719,1.3354954319351546e-05,986.0893709368337
6913,4023.944398060239,1.053282246856656e-05,986.0893604040112
6914,3922.0961471926475,8.729481036824722e-06,986.0893516745302
6915,3838.1854822444566,7.574129403326923e-06,986.0893441004009
6916,3778.5002012995374,6.8785135735113134e-06,986.0893372218871
6917,3747.7298783548445,6.550741948239658e-06,986.0893306711451
6918,3748.635150396386,6.555426555372656e-06,986.0893241157188
6919,3528.628302184017,-1.2827410138476557e-05,986.0893369431288
6920,3362.5337148048734,-1.5664510987618254e-05,986.0893526076397
6921,3262.007988110834,-1.799513121512872e-05,986.089370602771
6922,3233.658464448895,-1.8809219203047236e-05,986.08938941199
6923,3278.675633460151,-1.7641241651040977e-05,986.0894070532316
6924,3392.8950258407303,-1.5134642985435274e-05,986.0894221878749
6925,3567.262448833927,4.986318573170642e-06,986.0894172015563
6926,3788.643952007415,6.956843095213176e-06,986.0894102447131
6927,4040.8972546255327,1.0705187207005188e-05,986.089399539526
6928,4306.107212353438,2.0468709073137304e-05,986.0893790708168
6929,4565.88277093889,0.00012185321504530878,986.0892572176017
6930,4725.872433695367,76.74664446394036,909.3426127536615
6931,4713.559102663941,67.93849328552089,841.4041194681404
6932,4686.1805477518155,40.96571851967988,800.4384009484608
6933,4621.347320354651,21.632564351220335,778.8058365972402
6934,4534.349596007151,7.344561143858391e-05,778.8057631516288
6935,4408.189405109746,2.9914984006791046e-05,778.8057332366446
6936,4279.783297606299,1.855455904341738e-05,778.8057146820857
6937,4143.322128998651,1.3058107621940857e-05,778.805701623978
6938,4014.693806915477,1.0045638133850877e-05,778.8056915783399
6939,3902.0003488825932,8.224527984902135e-06,778.8056833538118
6940,3812.2494854066567,7.101359459698813e-06,778.8056762524525
6941,3750.8931203810052,-1.9780904701446777e-05,778.8056960333571
6942,3721.4706956450145,-2.0576663174537876e-05,778.8057166100202
6943,3511.6480688923107,-2.1121441307576592e-05,778.8057377314616
6944,3347.361361827419,-3.3479952101581124e-05,778.8057712114136
6945,3239.332718391134,-3.5278024617843845e-05,778.8058064894383
6946,3194.755653749675,-3.5965083926524915e-05,778.8058424545222
6947,3216.7539279502603,-1.9375038539021377e-05,778.8058618295606
6948,3304.0809951100737,-1.7068388010405503e-05,778.8058788979487
6949,3451.0968685770595,-1.4105578214351215e-05,778.805893003527
6950,3648.0439867707328,5.5907125932121275e-06,778.8058874128143
6951,3881.622267464277,8.042739454032841e-06,778.8058793700749
6952,4135.839703784298,1.2998243595504999e-05,778.805866371831
6953,4393.090261832771,2.8565834395745387e-05,778.8058378059968
6954,4610.7753109395435,24.611823964673203,754.1940138413236
6955,4608.493884094502,17.471311173990443,736.7227026673331
6956,4585.530802010796,0.00016061933401965002,736.7225420479991
6957,4516.854131571481,6.488335224210355e-05,736.7224771646469
6958,4424.6075289450555,3.3504631396573144e-05,736.7224436600156
6959,4315.037175211041,2.1200458610961046e-05,736.7224224595568
6960,3824.6097736307315,-1.930204206600563e-05,736.7224417615989
6961,3703.171757754223,-2.1141646803259687e-05,736.7224629032456
6962,3587.89171467363,-2.334433506425792e-05,736.7224862475806
6963,3486.3756596976486,-2.5881849115516193e-05,736.7225121294297
6964,3405.2292292989528,-3.909119320703976e-05,736.7225512206229
6965,3349.6077269427847,-4.23461539566307e-05,736.7225935667769
6966,3322.867085381195,-4.505278992893606e-05,736.722638619567
6967,3124.0694483250386,-5.028367999514073e-05,736.7226889032469
6968,2971.922515724169,-5.536023799392043e-05,736.7227442634849
6969,2875.615973090138,-5.937187242435996e-05,736.7228036353572
6970,2840.2306081873276,-9.813585685906006e-05,736.722901771214
6971,2866.5312535035664,-7.76674710133066e-05,736.7229794386851
6972,2951.078036968105,-6.944069999830522e-05,736.723048879385
6973,3086.623310283168,-4.6503324220363026e-05,736.7230953827093
6974,3262.7434872290423,-4.11414741340852e-05,736.7231365241834
6975,3466.640637123764,-2.7019740935064083e-05,736.7231635439243
6976,3684.044837887129,-2.5753689023588086e-05,736.7231892976133
6977,3900.149533514011,-2.4875464235587256e-05,736.7232141730777
6978,4100.520810162574,-2.440249534064814e-05,736.723238575573
6979,4078.2035410055337,-2.4554972509750965e-05,736.7232631305455
6980,4026.6254201732477,-2.514971914558449e-05,736.7232882802646
6981,3948.800433586881,-2.6207439044046248e-05,736.7233144877035
6982,3849.5627775432117,-2.775400970701753e-05,736.7233422417133
6983,3735.235700544603,-2.9817173448812848e-05,736.7233720588866
6984,3620.430705964483,-3.2187990369855226e-05,736.7234042468771
6985,3498.6109192125123,-3.524131037830565e-05,736.7234394881872
6986,3384.9432431649684,-3.867321019571932e-05,736.7234781613976
6987,3286.823473895212,-5.328560975389733e-05,736.7235314470073
6988,3210.601543031552,-5.7462083302170134e-05,736.7235889090907
6989,3161.1458948485,-6.0695784272593524e-05,736.723649604875
6990,3141.5093508773457,-6.202755575236325e-05,736.7237116324306
6991,2928.7670998474314,-6.678466266735021e-05,736.7237784170933
6992,2754.1954298926635,-0.00013410322194648964,736.7239125203153
6993,2630.5672040669688,-0.3819443655284809,737.1058568858439
6994,2635.5695543912643,-69.34171128295931,806.447568168803
6995,2649.8998472573467,-81.78796602904465,888.2355341978476
6996,2677.0010941575697,-39.67096577513296,927.9064999729808
6997,2770.761281952501,-0.000184903344121738,927.9066848763247
6998,2960.6781082072603,-7.200101982294879e-05,927.9067568773445
6999,3195.112141437228,-4.2211133959730725e-05,927.9067990884785
7000,3458.566269126929,-2.7254579670357217e-05,927.9068263430582
7001,3733.043624082303,-2.6702331326922474e-05,927.9068530453895
7002,3999.321809402206,-2.665615749257549e-05,927.9068797015469
7003,3981.776981943858,-2.7411005763202136e-05,927.9069071125527
7004,3935.1780599446674,-2.874493554184527e-05,927.9069358574884
7005,3862.712627157951,-3.0707461116434806e-05,927.9069665649494
7006,3769.3694941773583,-3.3351438601946374e-05,927.9069999163879
7007,3661.5960487767657,-3.670721883236851e-05,927.9070366236069
7008,3932.2356118624853,-2.7739710238113832e-05,927.907064363317
7009,3818.490403862466,-2.977682122304491e-05,927.9070941401383
7010,3713.6569782768784,-3.162749785300438e-05,927.9071257676361
7011,3625.0562156283036,-3.2973134175053586e-05,927.9071587407703
7012,3558.9069943683667,-3.350391585994642e-05,927.9071922446861
7013,3519.8938319024955,-3.304434687239427e-05,927.907225289033
7014,3510.8390248020805,-3.164365744760563e-05,927.9072569326905
7015,3283.63160480708,-4.196806828644838e-05,927.9072989007589
7016,3106.083865560452,-4.389842220441939e-05,927.9073427991809
7017,2990.1154546482985,-4.668765147389001e-05,927.9073894868325
7018,2943.062831110998,-8.022268253885914e-05,927.907469709515
7019,2967.2619413774555,-9.651730332146267e-05,927.9075662268183
7020,3060.0105396411204,-5.860195411940006e-05,927.9076248287724
7021,3213.8924823475627,-1.9699686602141254e-05,927.907644528459
7022,3417.419704571211,-1.4819068876122008e-05,927.9076593475278
7023,3655.927640346604,5.851760511373048e-06,927.9076534957672
7024,3912.647156217275,8.843070011133014e-06,927.9076446526974
7025,4169.870389540162,1.50096264311513e-05,927.9076296430709
7026,4410.130736634004,3.58122036217327e-05,927.9075938308672
7027,4384.621621214836,3.134109752112376e-05,927.9075624897696
7028,4328.776989414644,2.452973430852721e-05,927.9075379600354
7029,4246.167981815374,1.846806347198329e-05,927.9075194919719
7030,4142.223272118103,1.3977266171222243e-05,927.9075055147058
7031,4023.871502794204,1.0811599546101363e-05,927.9074947031062
7032,3906.3101570872263,-2.014083417149516e-05,927.9075148439404
7033,3783.5548975948186,-2.1961483123173844e-05,927.9075368054233
7034,3671.247339002845,-2.383973750386794e-05,927.9075606451611
7035,3577.170270225599,-2.556205321567707e-05,927.9075862072142
7036,3507.9507545999863,-2.6847236172608507e-05,927.9076130544503
7037,3468.6098289582155,-2.7418665215265397e-05,927.9076404731154
7038,3462.218948731319,-2.7118154958295056e-05,927.9076675912705
7039,3252.367921533184,-3.961892203651179e-05,927.9077072101925
7040,3089.7362136794036,-4.266061522949243e-05,927.9077498708076
7041,2986.446882907174,-8.020794817872186e-05,927.9078300787559
7042,2950.759206873614,-8.605052214825926e-05,927.907916129278
7043,2986.384221142002,-7.35670614539284e-05,927.9079896963394
7044,3092.0985405825213,-5.017746617223162e-05,927.9080398738056
7045,3261.704283822957,-1.8452452362481684e-05,927.908058326258
7046,3484.357955784717,-1.374055238541115e-05,927.9080720668104
7047,3745.2615620118822,6.8217683957177735e-06,927.9080652450418
7048,4026.6782251924224,1.1186249855888643e-05,927.908054058792
7049,4309.20287485763,2.3926449707436743e-05,927.9080301323422
7050,4573.1826874809785,0.010738856967449615,927.8972912753748
7051,4565.797433353572,0.0009689908110547871,927.8963222845638
7052,4525.222670068697,0.0001388387968077673,927.896183445767
7053,4454.520762317143,5.528134535149466e-05,927.8961281644216
7054,4358.702671397317,3.0344232306105074e-05,927.8960978201893
7055,4244.393460511407,1.9593038916742354e-05,927.8960782271503
7056,4126.609116809559,1.4205921179931124e-05,927.8960640212291
7057,3999.333212324619,1.0792308674737286e-05,927.8960532289206
7058,3878.2986600629856,8.642187335275706e-06,927.8960445867332
7059,3771.520561172937,7.238364370274975e-06,927.8960373483688
7060,3685.987737530547,6.323899363106678e-06,927.8960310244694
7061,3627.2011328977487,5.777462587326621e-06,927.896025247007
7062,3598.814596020946,5.533122307518075e-06,927.8960197138844
7063,3401.9145204519673,-3.267777134305507e-05,927.8960523916559
7064,3255.762417348238,-3.566360863565808e-05,927.8960880552644
7065,3169.006041923831,-2.1323978310897342e-05,927.8961093792427
7066,3145.9107839040043,-2.224360353162971e-05,927.8961316228463
7067,3186.2631590861242,-2.0828643994043715e-05,927.8961524514903
7068,3285.59904609235,-1.789742190262077e-05,927.8961703489122
7069,3435.7118215307846,-1.4647666527289745e-05,927.8961849965787
7070,3625.378071417406,5.8953447709262675e-06,927.8961791012339
7071,3841.228808270855,8.382747132877228e-06,927.8961707184866
7072,4068.6922982574115,1.313757376814149e-05,927.8961575809128
7073,4292.94094374864,2.5873162571963027e-05,927.8961317077503
7074,4499.784669837677,0.00017569597543212932,927.8959560117748
7075,4495.319040513577,0.0001645127935820848,927.8957914989812
7076,4461.464011816044,9.006349667054182e-05,927.8957014354847
7077,4400.931224907068,4.919950725140275e-05,927.8956522359773
7078,4318.275547093673,3.0220765775165733e-05,927.8956220152118
7079,4219.570727057633,2.0555611654640513e-05,927.8956014595999
7080,4119.1990952914175,1.538678678057559e-05,927.8955860728132
7081,4010.4787931124893,1.1959214168213625e-05,927.895574113599
7082,3908.428192399496,9.77650757525382e-06,927.8955643370913
7083,3820.351641296099,8.3584243292696e-06,927.895555978667
7084,3752.548834160164,7.462259882597588e-06,927.8955485164073
7085,3709.876809336486,6.9692059410521395e-06,927.8955415472011
7086,3695.4123533114093,6.819852883105275e-06,927.8955347273483
7087,3506.9876909534364,-1.3471991212027562e-05,927.8955481993395
7088,3355.313874357439,-1.6279836317621758e-05,927.8955644791757
7089,3251.3317911431736,-1.890203347635225e-05,927.8955833812091
7090,3203.086572876893,-2.0446723899879246e-05,927.8956038279331
7091,3215.045700721461,-2.011705394759236e-05,927.8956239449872
7092,3287.629574846383,-1.8037512162812696e-05,927.8956419824992
7093,3417.011146503701,-1.5119362158132297e-05,927.8956571018614
7094,3595.223144238425,5.938717813911478e-06,927.8956511631435
7095,3810.587305672389,8.487134806162344e-06,927.8956426760087
7096,4048.45125316086,1.3762891192505031e-05,927.8956289131175
7097,4292.189736305848,3.1093839052909334e-05,927.8955978192785
7098,4507.967364697122,16.431624477116817,911.4639733421617
7099,4493.850463260682,6.351032890976092,905.1129404511856
7100,4446.696837689913,0.00024425371500510373,905.1126961974703
7101,4367.126492796669,0.00010385972328118261,905.1125923377473
7102,4266.5281383929105,-2.0695505227948237e-05,905.1126130332522
7103,4151.397133153393,-2.2319303823708916e-05,905.1126353525561
7104,4036.454355763552,-2.411343663256385e-05,905.1126594659928
7105,3915.3002005639964,-2.6260677188501644e-05,905.1126857266701
7106,3803.1188672504954,-2.8519610598295537e-05,905.1127142462805
7107,3707.2986011250046,-3.0679613802514914e-05,905.1127449258943
7108,3634.1337896637683,-3.245282581544979e-05,905.1127773787201
7109,3588.3923362570054,-3.353574405725046e-05,905.1128109144643
7110,3572.9865745827315,-3.37159371037672e-05,905.1128446304012
7111,3364.4766094005467,-4.436289654820884e-05,905.1128889932978
7112,3202.3224018526635,-4.590160823079704e-05,905.112934894906
7113,3097.036940638956,-4.706085196838309e-05,905.1129819557578
7114,3055.1500617825573,-4.698572539057448e-05,905.1130289414832
7115,3078.8569817212933,-4.476741761472339e-05,905.113073708901
7116,3165.9695324256836,-4.070060061219008e-05,905.1131144095016
7117,3310.1547035917265,-3.609853879062594e-05,905.1131505080402
7118,3501.427111601972,-3.204022385156651e-05,905.113182548264
7119,3726.849323193541,-2.043645634413847e-05,905.1132029847204
7120,3971.3868184176526,-1.9799123065030732e-05,905.1132227838434
7121,4218.861323585371,-1.953775059729728e-05,905.113242321594
7122,4428.896963023672,24.050821373892855,881.0624209477012
7123,4411.98966036176,18.898097586942253,862.164323360759
7124,4378.825142130575,-2.16016236389551e-05,862.1643449623825
7125,4300.116848883217,-2.3469115960835164e-05,862.1643684314984
7126,4199.953682703578,-2.214659753690299e-05,862.1643905780959
7127,4085.0093833288965,-0.00025190083020350555,862.1646424789261
7128,3592.035649488224,-0.0005828491480886998,862.1652253280741
7129,3471.1440160923817,-0.0012454478933846284,862.1664707759676
7130,3363.448673335647,-3.913680800115489,866.0801515760828
7131,3277.856732010485,-13.102794478690035,879.182946054773
7132,3211.841178187387,-18.62822758072694,897.8111736354999
7133,3169.9535986858627,-20.198320894522,918.0094945300219
7134,3155.06627622997,-17.747502656152626,935.7569971861748
7135,2918.493412501542,-11.422434706647872,947.1794318928224
7136,2722.764462777346,-1.604303396987118,948.7837352898096
7137,2593.1174809983518,-0.001175284822654389,948.7849105746321
7138,2560.13277651991,-27.478681895434217,976.2635924700664
7139,2611.3008969180028,-65.20987932171715,1041.4734717917836
7140,2675.6344526938333,-42.28987839188324,1083.7633501836667
7141,2786.323004685594,7.486923459972835e-05,1083.7632753144321
7142,2994.4075926710243,0.00038133041105210363,1083.762893984021
7143,3242.8474574655884,0.3334894427777895,1083.4294045412432
7144,3500.295297494122,15.110260175726289,1068.3191443655169
7145,3771.1763155820568,21.6520957755266,1046.6670485899904
7146,4032.687095898712,21.65341736174133,1025.0136312282489
7147,4009.0412899570724,19.977017772081336,1005.0366134561676
7148,3964.1654088612813,7.891467995093201,997.1451454610744
7149,3886.879996291529,0.0009223417569624325,997.1442231193175
7150,3778.825915063757,0.0003492028621287707,997.1438739164554
7151,3654.7876982084854,-0.0003508304311110117,997.1442247468863
7152,3529.9435637530946,-0.0003033551337330682,997.1445281020201
7153,3398.4898472646364,-0.00037460532838266895,997.1449027073485
7154,3276.1708978038437,-0.0005957709886402371,997.1454984783372
7155,3170.973934741413,-0.00228602930826672,997.1477845076452
7156,3096.794022896971,-7.022335751752537,1004.170120259398
7157,3053.4380860493457,-15.556325827739625,1019.7264460871374
7158,3038.83948286978,-20.147167871776677,1039.8736139589141
7159,2839.227619661009,-20.209019064435527,1060.0826330233497
7160,2689.0137597539906,-15.944713804807524,1076.0273468281573
7161,2597.6179642545144,-7.7407040311605835,1083.7680508593178
7162,2573.901941064622,-0.0057095428348071554,1083.7737604021527
7163,2624.8744898323844,-0.0009528888398944307,1083.7747132909924
7164,2738.063105674032,-0.0004547095422572444,1083.775168000535
7165,2904.728716328115,-0.00039870136747179367,1083.775566701902
7166,3112.886064537303,-5.76056873069197e-05,1083.7756243075896
7167,3348.205444726871,-4.8447309620005604e-05,1083.7756727548992
7168,3595.005278435361,-3.169598204692811e-05,1083.7757044508812
7169,3837.270969954948,-2.829800902230689e-05,1083.7757327488903
7170,4059.6343005740077,-2.620803271639985e-05,1083.7757589569228
7171,4057.2098934569913,-2.5312225083394774e-05,1083.775784269148
7172,4022.8330549153015,-2.5236733192014114e-05,1083.7758095058812
7173,3959.2578477668217,-2.5901703120594918e-05,1083.775835407584
7174,3871.1633112903833,-2.7295872298158376e-05,1083.7758627034564
7175,3764.8246195465467,-2.9464870262898472e-05,1083.7758921683267
7176,4032.9950082077744,-2.28183983710739e-05,1083.7759149867252
7177,3913.1258856670315,-2.496703676398714e-05,1083.7759399537617
7178,3798.716719057192,-2.7481722541111547e-05,1083.7759674354843
7179,3697.490233369471,-3.026016365173982e-05,1083.775997695648
7180,3616.1875183168368,-3.3095460977082706e-05,1083.776030791109
7181,3560.115734858586,-3.565662925126588e-05,1083.7760664477382
7182,3532.7961676046466,-3.752691783888479e-05,1083.776103974656
7183,3335.2848519122163,-5.121795138770101e-05,1083.7761551926076
7184,3178.6749111644995,-5.446284285519561e-05,1083.7762096554504
7185,3073.7035047399363,-5.697441398919786e-05,1083.7762666298643
7186,3027.7555950046853,-5.769421282878239e-05,1083.7763243240772
7187,3044.2665416811024,-5.5307552492850594e-05,1083.7763796316297
7188,3122.3861883461213,-5.0054774745304815e-05,1083.7764296864045
7189,3256.9463436880574,-4.380267692239421e-05,1083.7764734890814
7190,3438.7508191237907,-3.815506106170898e-05,1083.7765116441424
7191,3655.1799075982435,-2.3609042955552463e-05,1083.7765352531853
7192,3891.0728817806034,-2.2223116678966338e-05,1083.776557476302
7193,4129.825161366643,-2.118454770690301e-05,1083.7765786608497
7194,4354.613801404539,0.0014298491984108392,1083.7751488116512
7195,4343.796841056525,0.00033128161154138405,1083.7748175300396
7196,4305.009490320036,0.00010324585713843392,1083.7747142841827
7197,4241.1562346447145,4.909434720268417e-05,1083.774665189835
7198,4156.925805483844,-2.1110877801643272e-05,1083.774686300713
7199,4058.4627616034563,-2.1861786079326085e-05,1083.7747081624989
7200,3960.088775065055,-2.2642236529205792e-05,1083.7747308047356
7201,3855.1975426001645,-2.3593196201118658e-05,1083.7747543979315
7202,3758.6213498749385,-2.4509771235682606e-05,1083.774778907703
7203,3677.4895312252406,-2.527221354578907e-05,1083.7748041799164
7204,3617.8785417967356,-2.575886460868316e-05,1083.774829938781
7205,3584.3832766681444,-2.587352990342713e-05,1083.7748558123108
7206,3579.7902153646005,-2.5573570629267448e-05,1083.7748813858814
7207,3411.120455220451,-3.962317410219473e-05,1083.7749210090556
7208,3284.881786261006,-4.277581624509646e-05,1083.774963784872
7209,3209.3574861042803,-4.5798358499192806e-05,1083.7750095832303
7210,3189.3316635064666,-2.873126964945811e-05,1083.7750383144999
7211,3225.892085979454,-2.671206796616532e-05,1083.7750650265682
7212,3316.469184613981,-2.246082957130823e-05,1083.7750874873975
7213,3455.088860548611,-1.7919344528666737e-05,1083.775105406742
7214,3632.8064880656666,6.871033400772993e-06,1083.7750985357084
7215,3838.2854796865386,9.986540846290116e-06,1083.7750885491678
7216,4058.4823294174266,1.6722748777274874e-05,1083.7750718264188
7217,4279.402767588307,4.2008156444248515e-05,1083.7750298182625
7218,4465.240916688832,21.65482731306708,1062.1202025051953
7219,4440.459611106283,21.653746356980417,1040.466456148215
7220,4407.218058533183,0.00022811842370813745,1040.4662280297914
7221,4325.674053121192,5.699250500190033e-05,1040.4661710372861
7222,4222.761345286586,-2.1483661486197822e-05,1040.4661925209477
7223,4105.22673579649,-2.351239657605674e-05,1040.4662160333442
7224,3987.962733208528,-2.5772774042983277e-05,1040.4662418061182
7225,3864.960919679584,-2.844396719615648e-05,1040.4662702500855
7226,3751.541278742957,-3.1224587771418455e-05,1040.4663014746732
7227,3655.2734020381818,-3.379565737191165e-05,1040.4663352703303
7228,3582.593683099983,-3.5724647113679006e-05,1040.4663709949778
7229,3538.367017625955,-3.659006341753731e-05,1040.4664075850408
7230,3525.5541184196563,-3.6175711311379554e-05,1040.466443760752
7231,3304.371700979158,-5.284735019275353e-05,1040.4664966081025
7232,3125.660817986889,-6.169878636746492e-05,1040.4665583068888
7233,3002.7960297798977,-8.40397418299087e-05,1040.4666423466308
7234,2945.5833750385927,-0.00020286876152332794,1040.4668452153924
7235,2959.398820232069,-0.009333265341057606,1040.476178480733
7236,3047.6744262672223,-0.0004989947440775535,1040.4766774754773
7237,3203.3864963305155,-8.281910608387996e-05,1040.4767602945833
7238,3413.7052104043505,-2.276606780055088e-05,1040.4767830606513
7239,3664.3695036902805,6.9911517745777805e-06,1040.4767760694995
7240,3938.3617240880003,1.1975058441161303e-05,1040.476764094441
7241,4217.06520661643,2.8800133115315925e-05,1040.476735294308
7242,4459.877563895268,21.65476961339385,1018.8219656809142
7243,4442.329950855079,21.653846806124843,997.1681188747893
7244,4415.434417396126,0.0005900623944096777,997.1675288123947
7245,4339.215644470733,-2.1493882703176444e-05,997.1675503062776
7246,4240.537554963639,-2.37597367282018e-05,997.1675740660145
7247,4126.1429697859285,-2.7027985912199757e-05,997.1676010940001
7248,4010.957713646122,-3.141580183678904e-05,997.167632509802
7249,3889.12509303526,-3.777396785483639e-05,997.1676702837698
7250,3776.0946804730215,-4.650074914822376e-05,997.1677167845189
7251,3679.619736907328,-5.6689906224538145e-05,997.1677734744253
7252,3608.007724311961,-1.6676956390052007,998.8354691134305
7253,3573.464138617297,-12.133485108561054,1010.9689542219915
7254,3566.199718626486,-18.44378883817658,1029.4127430601682
7255,3361.1930928756165,-20.467170745519766,1049.879913805688
7256,3202.8635616096094,-18.33144152282315,1068.211355328511
7257,3101.546467061308,-12.382699212502494,1080.5940545410135
7258,3063.42367243442,-3.194485639341915,1083.7885401803553
7259,3098.7137650910845,7.030125043409416e-05,1083.7884698791047
7260,3201.0568910078614,6.02507430356224e-05,1083.7884096283617
7261,3359.5197618688303,0.00011475321273596699,1083.788294875149
7262,3562.802463976695,0.000264892535340097,1083.7880299826136
7263,3796.8545109072315,0.0010303591701896712,1083.7869996234433
7264,4037.4446207868446,8.379956832973745,1075.4070427904696
7265,4273.265177963524,19.80863570912389,1055.5984070813458
7266,4431.793198953565,90.43051433043007,965.1678927509157
7267,4425.701465796208,80.10259544547228,885.0652973054434
7268,4411.977020163141,45.439519099154786,839.6257782062886
7269,4380.026526338209,0.18913687932738024,839.4366413269613
7270,4279.282582697957,0.0003889743015498463,839.4362523526597
7271,4161.285294485182,0.0001749759258942217,839.4360773767337
7272,4041.112898848832,0.00011798029000390162,839.4359593964438
7273,3913.013282561457,0.00012744457778313852,839.4358319518659
7274,3792.540126962752,-0.00038274230135699046,839.4362146941671
7275,3687.643064370876,-0.00036372563076867174,839.4365784197981
7276,3605.2257141566915,-0.0004995157495919318,839.4370779355476
7277,3550.684669204577,-0.0010935208806415234,839.4381714564282
7278,3530.21887505905,-2.6677231216977924,842.1058945781261
7279,3332.083100642072,-11.357803434706735,853.4636980128328
7280,3177.482391958921,-16.747237087718183,870.2109351005511
7281,3077.7288895732654,-18.75266207694742,888.9635971774982
7282,3040.3586967524047,-17.483216012770345,906.4468131902686
7283,3068.503035905871,-13.218065233190309,919.664878423459
7284,3160.5930023155624,-6.385825098185038,926.0507035216442
7285,3312.8906054831828,-0.0040734867797967336,926.0547770084237
7286,3520.27191836548,-0.0007092379625907383,926.0554862463862
7287,3761.8167801092977,-0.0004086662805744074,926.055894912667
7288,4020.5691229177046,-0.0003028767937754579,926.0561977894606
7289,4278.446271770603,-0.00025623247267292766,926.0564540219334
7290,4396.3770678408555,121.22661702554855,804.8298369963848
7291,4402.006585701958,116.55699620779322,688.2728407885915
7292,4389.873849646411,99.46801255225576,588.8048282363358
7293,4366.864071351894,65.73619822170616,523.0686300146295
7294,4335.929672405761,16.932326929683494,506.13630308494606
7295,4240.646393401999,15.541819005649138,490.594484079297
7296,3780.6212934055097,-1.960096502033642,492.5545805813306
7297,3672.728972564472,-2.488575792258753,495.04315637358934
7298,3571.312495040127,-3.6282567613995726,498.67141313498894
7299,3483.35511981524,-4.991008658362922,503.6624217933518
7300,3414.8730684698608,-6.206964756449263,509.8693865498011
7301,3370.5065651764126,-6.95444148736525,516.8238280371663
7302,3353.205163934805,-6.984142948778576,523.807970985945
7303,3187.713447411756,-6.136386551589202,529.9443575375341
7304,3063.6623412483086,-4.350210733672991,534.294568271207
7305,2988.2827774583056,-1.6667499807512176,535.9613182519582
7306,2967.258347508811,-0.005914894888474745,535.9672331468466
7307,3001.4892691043665,-0.0021452976643922777,535.9693784445111
7308,3086.229336062437,-0.0017641029262553311,535.9711425474374
7309,3215.3420371111006,-9.537258549580776e-05,535.9712379200228
7310,3380.120644280411,-4.538795128307754e-05,535.9712833079741
7311,3569.8430652583083,-4.2048392853527454e-05,535.971325356367
7312,3772.416200996273,-3.9593474457961755e-05,535.9713649498414
7313,3975.0551702285106,-3.8163926730760816e-05,535.971403113768
7314,4164.98197782673,-3.77069930404876e-05,535.9714408207611
7315,4146.563878186252,-3.8390996464521536e-05,535.9714792117576
7316,4100.32794791761,-4.0022671884150276e-05,535.9715192344295
7317,4029.519528136216,-4.2633603533694406e-05,535.971561868033
7318,3939.147087506728,-4.62588152670045e-05,535.9716081268482
7319,3835.6415812691644,-5.087699923873758e-05,535.9716590038475
7320,3733.446922252616,-5.5604184128804365e-05,535.9717146080316
7321,3626.3853927610808,-6.111495126380122e-05,535.9717757229828
7322,3529.2987776400246,-6.577874432372125e-05,535.9718415017271
7323,3449.3815702954794,-6.813241027118728e-05,535.9719096341374
7324,3392.7094295362335,-6.702202414657735e-05,535.9719766561616
7325,3363.8112435628,-6.249536455472479e-05,535.9720391515261
7326,3365.345524630214,-8.51775579370257e-05,535.972124329084
7327,3180.285616885551,-0.00011287097078195306,535.9722372000548
7328,3034.803929910293,-0.0009314059702485931,535.9731686060251
7329,3043.7012140851316,-103.14767189375213,639.1208404997773
7330,3073.4931471806676,-167.62445462504374,806.7452951248209
7331,3104.5859772302333,-169.5870859307493,976.3323810555701
7332,3135.1008399936673,-107.45592805062891,1083.788309106199
7333,3178.8338285533505,-0.0005331673408961626,1083.78884227354
7334,3379.1620362331832,-5.546212350435482e-05,1083.7888977356636
7335,3615.409296616701,1.087953726466153e-05,1083.7888868561263
7336,3871.465461247705,1.5956985365529122e-05,1083.7888708991409
7337,4129.514549559062,3.066075983112775e-05,1083.7888402383812
7338,4371.370578415439,0.00028553766079751305,1083.7885547007202
7339,4349.135342835774,0.00010259532796356318,1083.7884521053923
7340,4295.27300462625,4.839509440096643e-05,1083.7884037102976
7341,4213.306166198581,2.7505256209214392e-05,1083.7883762050417
7342,4108.628028558235,1.763512029030748e-05,1083.7883585699215
7343,3988.1460015208186,-2.4861889372006005e-05,1083.7883834318106
7344,4244.9716467266,2.736872460921197e-05,1083.7883560630862
7345,4117.291762862447,1.6441050940597214e-05,1083.7883396220352
7346,3998.69729588031,-2.4720913281742902e-05,1083.7883643429484
7347,3897.0200361123416,-2.640120944715388e-05,1083.788390744158
7348,3818.957092078514,-2.762214423712766e-05,1083.7884183663023
7349,3769.6214761930546,-2.812851339499491e-05,1083.7884464948156
7350,3752.1991216253045,-2.7788896550758834e-05,1083.788474283712
7351,3547.658838302207,-2.6921242071769404e-05,1083.7885012049542
7352,3390.7938120204053,-8.166573513810227e-05,1083.7885828706892
7353,3291.6872184977733,-0.00013695170445172556,1083.7887198223937
7354,3256.541207002791,-0.00024210344733133457,1083.7889619258408
7355,3287.3531479589237,-0.00015804788700957603,1083.7891199737278
7356,3381.8579288541364,-7.303259119900476e-05,1083.789193006319
7357,3533.7236496298183,-3.908760784055298e-05,1083.7892320939272
7358,3732.9807968655496,5.676565687106856e-06,1083.7892264173613
7359,3966.6541069094283,8.587775350489934e-06,1083.789217829586
7360,4219.55983727887,1.4893751469040146e-05,1083.7892029358343
7361,4475.227890389495,3.978526947644111e-05,1083.789163150565
7362,4667.045982484214,49.857268959315604,1033.9318941912493
7363,4661.609546734639,41.041818588945844,992.8900756023033
7364,4650.750019726561,6.146242292242472,986.743833310061
7365,4582.775149519304,0.00010632965187316449,986.7437269804092
7366,4485.337881354536,3.979865917215275e-05,986.7436871817498
7367,4371.201488965295,2.2691674635420214e-05,986.7436644900754
7368,4255.069087976457,1.5531738188729054e-05,986.7436489583371
7369,4131.330068012531,1.1388176324332178e-05,986.7436375701608
7370,4015.3061965926395,8.907657438403957e-06,986.7436286625034
7371,3914.81137778031,7.339260328724299e-06,986.7436213232429
7372,3836.591133573421,6.3583690894273535e-06,986.7436149648738
7373,3785.8665637904855,-2.431410631583182e-05,986.7436392789803
7374,3765.981962353891,-2.5278039231850384e-05,986.7436645570193
7375,3541.3432218428693,-2.591210668117369e-05,986.743690469126
7376,3364.374648102148,-0.00010560555968812361,986.7437960746859
7377,3247.765829232666,-0.0006321992823702114,986.744428273968
7378,3234.250566639192,-34.35036158341836,1021.0947898573866
7379,3237.4129597081405,-13.249215155858613,1034.3440050132451
7380,3318.6257407872267,-0.00018805020675680448,1034.3441930634517
7381,3476.146841742739,-6.161392621595579e-05,1034.344254677378
7382,3684.904709337182,4.819689428550251e-06,1034.3442498576885
7383,3929.2978348719685,7.476606989359179e-06,1034.3442423810814
7384,4191.157311147697,1.3018638255170898e-05,1034.3442293624432
7385,4451.162357508188,3.2349144148662656e-05,1034.3441970132992
7386,4636.055538039597,54.2828599858285,980.0613370274705
7387,4632.885734912647,42.342294347587334,937.7190426798833
7388,4616.143469224787,12.641183244758267,925.0778594351248
7389,4553.954724590261,7.080045290091846e-05,925.0777886346721
7390,4455.584373440421,3.3138133155796766e-05,925.0777554965389
7391,4340.08711434056,2.007334351882527e-05,925.0777354231953
7392,4221.941241626084,1.4020883773840024e-05,925.0777214023115
7393,4095.4404965190306,1.0328893474075958e-05,925.0777110734181
7394,3975.7458107536377,8.0439370193912e-06,925.077703029481
7395,3870.592900111776,6.56603927890914e-06,925.0776964634417
7396,3786.7056167194983,-2.512092970612071e-05,925.0777215843714
7397,3729.345445089323,-2.6936198470865645e-05,925.0777485205699
7398,3701.9621647590775,-2.848715079360644e-05,925.0777770077208
7399,3525.578991776863,-2.9807643728967373e-05,925.0778068153644
7400,3395.6405914398592,-0.00028785899386865897,925.0780946743582
7401,3349.1920188119275,-29.762051194995962,954.8401458693542
7402,3354.8460222801996,-54.28331067064128,1009.1234565399955
7403,3364.1465503936292,-25.219032695317743,1034.3424892353132
7404,3430.854974502497,-0.00028010378362667237,1034.3427693390968
7405,3569.4743035807214,-2.6346748774922523e-05,1034.3427956858457
7406,3745.228017266992,-2.507085497244773e-05,1034.3428207567003
7407,3946.4960617830925,7.4930499849316525e-06,1034.3428132636504
7408,4160.302368407225,1.1763863034257688e-05,1034.3428014997874
7409,4373.064707320617,2.198012667843244e-05,1034.3427795196608
7410,4504.989082961747,66.37133969849609,967.9714398211647
7411,4501.293589369301,62.784793003102806,905.1866468180618
7412,4486.508590275897,41.65398272620041,863.5326640918613
7413,4461.728428571268,4.706608513280476,858.8260555785808
7414,4383.519832314303,-2.4846214147768517e-05,858.826080424795
7415,4285.5150279490745,-2.634075331837045e-05,858.8261067655483
7416,4186.4610884348085,-2.795047195728767e-05,858.8261347160203
7417,4080.2487601901476,-2.9887886524284362e-05,858.8261646039068
7418,3981.4669887702103,-3.187546390714531e-05,858.8261964793707
7419,3897.273774159996,-3.370485339659896e-05,858.826230184224
7420,3833.7929224089557,-3.51218730922217e-05,858.8262653060972
7421,3795.684862250793,-3.588359435270735e-05,858.8263011896915
7422,3785.819143144762,-3.5840954973915236e-05,858.8263370306464
7423,3606.3860653138436,-3.524865472498649e-05,858.8263722793014
7424,3466.070614760381,-3.4016890327996225e-05,858.8264062961916
7425,3403.626597623409,-28.396881036980034,887.2232873331716
7426,3418.1655496668463,-77.34830347480985,964.5715908079815
7427,3434.1018942132328,-68.30974512178875,1032.8813359297703
7428,3450.2823916343395,-1.4596716354672368,1034.3410075652373
7429,3584.321450624392,-2.555590689648723e-05,1034.3410331211442
7430,3762.816367451676,5.2770048963265376e-06,1034.3410278441395
7431,3971.634901676248,7.84558373259871e-06,1034.3410199985558
7432,4195.845959268568,1.2834091291892253e-05,1034.3410071644646
7433,4419.38379103151,2.6677746804224532e-05,1034.3409804867176
7434,4513.77438645839,112.48494404762313,921.8560364390945
7435,4498.1474116433255,102.18552357194743,819.670512867147
7436,4471.030567554928,74.606270600375,745.064242266772
7437,4434.093577731417,31.630317691314072,713.4339245754578
7438,4365.938987856539,-3.08386021602407e-05,713.4339554140599
7439,4253.065527502105,-3.4566244871979716e-05,713.4339899803049
7440,4141.731023775715,-3.8835394061612974e-05,713.4340288156989
7441,4026.4462404742453,-4.4015918494773163e-05,713.4340728316174
7442,3922.202542306318,-4.9380048027462966e-05,713.4341222116656
7443,3836.4803720386235,-5.393140141996407e-05,713.4341761430668
7444,3775.595330818203,-5.633241999604748e-05,713.434232475487
7445,3744.2614732701118,-5.560195138359344e-05,713.4342880774383
7446,3745.2610687605284,-5.1878662543108606e-05,713.4343399561008
7447,3581.889037143966,-4.657453975860404e-05,713.4343865306405
7448,3461.8721774636138,-4.078961623035678e-05,713.4344273202566
7449,3411.107326888394,-17.380641988654798,730.8150693089116
7450,3442.100366755318,-59.38317790022604,790.1982472091374
7451,3475.5905349696013,-45.02607944349151,835.2243266526291
7452,3535.3490030594257,3.3881752127682287e-06,835.2243232644538
7453,3691.6080164947307,4.634295614491835e-06,835.2243186301582
7454,3890.619042934697,6.7731186649471424e-06,835.2243118570397
7455,4120.859333421618,1.0927630823128211e-05,835.2243009294085
7456,4368.625574160772,2.246484815617446e-05,835.2242784645605
7457,4618.792949620064,0.00030276297793272746,835.2239757015826
7458,4656.738380740332,198.94918560139314,636.2747901001895
7459,4656.551612641772,187.15407212380717,449.12071797638225
7460,4646.393493088497,152.63288290182788,296.4878350745544
7461,4613.281470397879,111.71549308494195,184.77234198961247
7462,4569.590994868944,57.30012670083102,127.47221528878144
7463,4511.555791852061,4.436690883069017e-05,127.4721709218726
7464,4015.623115489425,-2.8047444133843456e-05,127.47219896931674
7465,3890.2968315365474,-3.1551025644917156e-05,127.47223052034238
7466,3772.8018838812586,-3.5656714823179515e-05,127.47226617705721
7467,3671.1324232357765,-4.006905146118754e-05,127.47230624610867
7468,3592.1889809725153,-4.414438431338084e-05,127.47235039049298
7469,3541.3197726012477,-4.691619689036667e-05,127.47239730668987
7470,3521.967174136774,-4.7470014894780814e-05,127.47244477670473
7471,3296.3563357981084,-0.00011948050798213638,127.4725642572127
7472,3130.3834665728764,-11.415856334720614,138.88842059193328
7473,3150.6791059868033,-148.73746918502601,287.62588977695935
7474,3173.656063468627,-220.31321497165774,507.93910474861707
7475,3196.9949185795426,-220.38126433455227,728.3203690831692
7476,3240.523253930889,-170.18236643917805,898.5027355223474
7477,3243.6916150775724,-15.340197842794046,913.8429333651414
7478,3440.1303768504104,-6.048827837941257e-05,913.8429938534199
7479,3695.4924040155147,5.035144812298521e-06,913.8429888182749
7480,3972.4297048250382,8.31963387571732e-06,913.842980498641
7481,4250.1084473133415,1.5644344514681097e-05,913.8429648542965
7482,4508.918964264765,4.965063544690548e-05,913.8429152036612
7483,4502.4966489784865,4.7387063362159045e-05,913.8428678165977
7484,4465.0391958452055,3.686480423304597e-05,913.8428309517936
7485,4399.454160164411,2.6385184120695357e-05,913.8428045666094
7486,4310.550833859554,1.8864191617301525e-05,913.8427857024178
7487,4204.706132658869,1.3883362179025607e-05,913.8427718190558
7488,4096.200872956503,1.0737447399452547e-05,913.8427610816083
7489,3979.599312143369,8.450104497568161e-06,913.8427526315039
7490,3869.850250071469,6.877129756120897e-06,913.8427457543739
7491,3774.623550892721,5.796348092942353e-06,913.8427399580258
7492,3700.5631969148258,5.081760804768744e-06,913.842734876265
7493,3652.835155843851,4.664253608826989e-06,913.8427302120116
7494,3634.776983610789,4.512860265761126e-06,913.8427256991513
7495,3450.2168236650145,-5.682032215986052e-05,913.8427825194734
7496,3312.1784811339885,-0.00015066077631750466,913.8429331802497
7497,3233.432029074996,-4.319352361088696,918.1622855413383
7498,3233.753922131378,-28.078395997568606,946.240681538907
7499,3242.5548517964216,-0.001409351677942869,946.2420908905851
7500,3336.5308650736024,-0.00011998443052076645,946.2422108750155
7501,3480.777835316736,-5.0425184080156845e-05,946.2422613001995
7502,3665.333513301806,4.7926670415486225e-06,946.2422565075326
7503,3877.7503599556335,7.000381218254841e-06,946.2422495071512
7504,4103.866137684014,1.0958835341362692e-05,946.2422385483161
7505,4328.665410984979,2.015715832008737e-05,946.2422183911577
7506,4537.190053805361,6.59687082988628e-05,946.2421524224494
7507,4521.951919401875,5.6963090802759595e-05,946.2420954593586
7508,4476.186553154942,4.014355025678134e-05,946.2420553158084
7509,4402.809828258878,2.707386055525214e-05,946.2420282419478
7510,4306.5877435242965,1.877072698310629e-05,946.2420094712206
7511,4193.807218497986,1.3587176601179044e-05,946.2419958840441
7512,4456.723925122054,3.590326684978339e-05,946.2419599807773
7513,4333.534986906868,2.0646565390241286e-05,946.241939334212
7514,4217.115958861295,1.4472251595849509e-05,946.2419248619603
7515,4114.9533437140735,1.1278275132427969e-05,946.2419135836851
7516,4033.514567026245,9.472130096806266e-06,946.241904111555
7517,3977.8085168635253,8.475643602584326e-06,946.2418956359116
7518,3951.047063122753,8.049046965342445e-06,946.2418875868646
7519,3756.943148775463,5.65489012128194e-06,946.2418819319745
7520,3606.515124041185,4.32857457067706e-06,946.2418776033998
7521,3509.747319941893,-4.5075405563978307e-05,946.2419226788054
7522,3472.7448141169066,-5.205420632302108e-05,946.2419747330117
7523,3497.2615106555622,-4.7368177844114785e-05,946.2420221011895
7524,3580.566221222936,4.134031355353252e-06,946.2420179671584
7525,3715.6622184060298,5.264398728199194e-06,946.2420127027594
7526,3891.842342231052,7.217303854291993e-06,946.2420054854557
7527,4095.533212602375,1.0814797258239661e-05,946.2419946706583
7528,4311.354446977876,1.9134170707155273e-05,946.2419755364876
7529,4523.301415368532,5.829409034671379e-05,946.2419172423972
7530,4650.428317704457,65.52238584377245,880.7195313986249
7531,4647.90946130099,45.755937357755975,834.9635940408689
7532,4622.624368916762,20.323007528167995,814.640586512701
7533,4566.921950250006,0.0001008966026558767,814.6404856160983
7534,4470.494873851008,3.958807958101447e-05,814.6404460280187
7535,4360.012346780431,2.3051352368743667e-05,814.6404229766662
7536,4249.50733107762,1.6009798941725354e-05,814.6404069668673
7537,4133.449060246042,1.1888408467397723e-05,814.6403950784588
7538,4026.3090136440055,9.429980231676398e-06,814.6403856484786
7539,3935.277854401071,7.897232165401157e-06,814.6403777512464
7540,3866.4476997250335,6.959999039532942e-06,814.6403707912475
7541,3824.383727456404,6.462115248913611e-06,814.6403643291322
7542,3811.79982994689,6.3336787311792034e-06,814.6403579954534
7543,3656.567809596894,4.8176294667414e-06,814.640353177824
7544,3539.923413480674,3.909899774540656e-06,814.6403492679242
7545,3468.887567133905,-5.2898604205562583e-05,814.6404021665285
7546,3447.6550279914018,-5.824565257021993e-05,814.640460412181
7547,3477.392165512761,-5.1326244896873007e-05,814.640511738426
7548,3556.181795882595,4.084351184489111e-06,814.6405076540748
7549,3679.113529364911,5.115094140114496e-06,814.6405025389806
7550,3838.515785201461,6.830075155748902e-06,814.6404957089055
7551,4024.3276665123217,9.823213711490408e-06,814.6404858856918
7552,4224.604852651364,1.6012993119492183e-05,814.6404698726985
7553,4426.150741168184,3.594854227989022e-05,814.6404339241561
7554,4581.396276813317,33.860008775817214,780.7804251483391
7555,4557.592657575888,20.36101627703653,760.4194088713026
7556,4510.06465951207,6.682512927933393e-05,760.4193420461735
7557,4415.256346077063,3.402396762919402e-05,760.4193080222057
7558,4299.051814597485,2.0403000355999024e-05,760.4192876192053
7559,4168.471085957137,-2.9233911365186127e-05,760.4193168531167
7560,4038.2052194679586,-3.456227252982242e-05,760.4193514153892
7561,3903.53604652934,-4.2148888136040775e-05,760.4193935642774
7562,3779.5858582712126,-5.257810345013475e-05,760.4194461423809
7563,3674.20353702653,-6.649551802618336e-05,760.4195126378988
7564,3594.07464546401,-8.346337999348146e-05,760.4195961012788
7565,3544.271256351577,-9.986610380015689e-05,760.4196959673826
7566,3527.908792679738,-0.00010801152292874705,760.4198039789055
7567,3316.5957082892273,-0.00014631379361374503,760.419950292699
7568,3152.1717536615347,-0.00022080664684594423,760.4201710993459
7569,3078.3712155506964,-31.504154054921813,791.9243251542679
7570,3102.9210250828955,-94.05299917041069,885.9773243246784
7571,3132.2658578559453,-90.65448744350797,976.6318117681865
7572,3163.961248447656,-20.513688149132637,997.1454999173191
7573,3307.7048711931675,-0.00013616032708533475,997.1456360776463
7574,3523.153591078878,-2.974210737854237e-05,997.1456658197536
7575,3774.8352670846075,6.396739284080619e-06,997.1456594230142
7576,4045.1829348591596,1.1012848609750549e-05,997.1456484101656
7577,4315.340604347789,2.46613635788768e-05,997.1456237488018
7578,4513.683108740051,52.88588388718753,944.2597398616144
7579,4509.453073422275,47.977383909190124,896.2823559524244
7580,4490.541465919659,25.21762515630421,871.0647307961201
7581,4444.588030160343,5.3462748267002536e-05,871.0646773333717
7582,4348.899643987412,-2.7807186591614047e-05,871.0647051405584
7583,4235.283033881806,-3.145814120172425e-05,871.0647365986996
7584,4118.0721656740325,-3.649006053532508e-05,871.0647730887601
7585,3992.4759891727213,-4.4070748115412165e-05,871.0648171595083
7586,3873.529727573371,-5.5267558601700816e-05,871.0648724270669
7587,3769.182274681669,-7.21646509850806e-05,871.0649445917179
7588,3686.3502769629217,-9.805163691565383e-05,871.0650426433548
7589,3630.457911492007,-0.00013698103868307668,871.0651796243934
7590,3609.0189022964373,-3.9396629417986793,875.0048425661921
7591,3411.999712332736,-9.949448128309404,884.9542906945014
7592,3257.1826875554466,-12.117724999808916,897.0720156943104
7593,3154.53674664601,-10.448557109497179,907.5205728038075
7594,3110.5832697267588,-5.155200530498548,912.675773334306
7595,3131.388645113584,-0.00033051422554377237,912.6761038485316
7596,3220.154830870136,-0.00016860989876045656,912.6762724584304
7597,3365.917952434827,-0.00010119252368713518,912.6763736509541
7598,3559.2267951115564,-4.340687337407471e-05,912.6764170578276
7599,3787.5563979502795,-3.728233082695661e-05,912.6764543401582
7600,4036.0663152187058,-3.299705891774065e-05,912.6764873372172
7601,4288.51510372096,-3.002265321732999e-05,912.6765173598703
7602,4467.249683940733,61.03595902752771,851.6405583323427
7603,4471.883415506606,52.075877173071135,799.5646811592715
7604,4464.107598580452,26.07450898560455,773.4901721736669
7605,4429.772298529733,-2.6806078463805085e-05,773.4901989797455
7606,4347.4027965019295,-2.7937573092979336e-05,773.4902269173185
7607,4249.273868420615,-2.9341365843460092e-05,773.4902562586843
7608,4149.214991530893,-3.107251588158311e-05,773.4902873312002
7609,4042.043755070484,-3.3422693081296625e-05,773.4903207538933
7610,3942.2223358802985,-3.612034562381195e-05,773.490356874239
7611,3857.174558276289,-3.895157191322291e-05,773.490395825811
7612,3793.3070501476304,-4.1573432338570506e-05,773.4904373992432
7613,3755.5671358608092,-4.353616075651414e-05,773.490480935404
7614,3747.101539068551,-4.4401225200982906e-05,773.4905253366292
7615,3556.7479975030114,-4.417125413673645e-05,773.4905695078833
7616,3413.5042374674867,-8.775796975083667e-05,773.4906572658531
7617,3327.9309103321634,-0.00011405975202128875,773.490771325605
7618,3306.227605084574,-0.00013421113601276991,773.4909055367409
7619,3349.775374224426,-0.00011365675593035051,773.491019193497
7620,3455.069434594228,-8.044163881890001e-05,773.4910996351357
7621,3614.0456145308335,-2.8569520603712697e-05,773.4911282046564
7622,3814.7689352214043,7.215512130380314e-06,773.4911209891443
7623,4042.4196666145817,1.1594368215879182e-05,773.4911093947761
7624,4280.486791063577,2.3675134288307477e-05,773.4910857196419
7625,4512.06232530504,0.00023512892328262486,773.4908505907184
7626,4556.857956884771,164.26780173652494,609.2230488541935
7627,4556.505701802026,154.97786071847904,454.24518813571444
7628,4555.394468937317,116.69279036131847,337.55239777439607
7629,4538.070898807015,67.92542839622595,269.62696937817003
7630,4506.559065692541,11.52398230188098,258.1029870762891
7631,4414.697316149175,5.143841971189989e-05,258.1029356378694
7632,3931.561100687848,-3.33045254955603e-05,258.10296894239485
7633,3819.937042317837,-3.522954183589253e-05,258.1030041719367
7634,3716.0685892217643,-3.7037971637447507e-05,258.1030412099083
7635,3627.3129579010324,-3.842885797725776e-05,258.1030796387663
7636,3559.966031695078,-3.9097270687870524e-05,258.10311873603695
7637,3518.8292827872456,-3.8836136222646734e-05,258.10315757217313
7638,3506.8792860656536,-3.762603746235539e-05,258.10319519821064
7639,3361.697022363445,-0.00010418728059489097,258.10329938549125
7640,3255.9383337985637,-0.00026244001543388937,258.1035618255067
7641,3222.2835170160274,-26.193014665497856,284.29657649100454
7642,3242.884297256699,-57.110408032419386,341.40698452342394
7643,3244.519324591213,-18.92734200918673,360.33432653261065
7644,3313.1309640230975,-0.00017487867544153064,360.3345014112861
7645,3443.097756142409,-6.208104819158816e-05,360.3345634923343
7646,3607.5966526859834,5.080191927197495e-06,360.33455841214237
7647,3796.534042179206,7.237706605470106e-06,360.3345511744358
7648,3998.1477384286545,1.0991402276410381e-05,360.3345401830334
7649,4199.64726563811,1.906723288220601e-05,360.3345211158006
7650,4387.945459725252,4.857370726321822e-05,360.33447254209335
7651,4367.106989732461,4.170686460249411e-05,360.3344308352287
7652,4316.918971340071,3.095684135592738e-05,360.3343998783874
7653,4240.751355097119,2.2075416834615088e-05,360.33437780297055
7654,4143.778839338156,1.5957742414580553e-05,360.33436184522816
7655,4032.630637755334,1.188022494359842e-05,360.3343499650032
7656,3921.3623723506953,-3.085803802081718e-05,360.33438082304116
7657,3805.2419789258565,-3.446055490794687e-05,360.3344152835961
7658,3698.731754044559,-3.828896943824913e-05,360.3344535725655
7659,3609.2424282207753,-4.185081319719022e-05,360.3344954233787
7660,3543.0435818790465,-4.4436169269906854e-05,360.33453985954793
7661,3504.8270201268087,-4.535059303681207e-05,360.33458521014103
7662,3497.3761942389474,-4.4292165178037564e-05,360.33462950230626
7663,3316.8810648044455,-0.00012053610669967785,360.3347500384129
7664,3184.665503894898,-5.570791465977529,365.9055415043904
7665,3206.4254214505854,-112.2323205979139,478.1378621023043
7666,3232.02161026877,-163.43692847967324,641.5747905819776
7667,3246.7377455007554,-142.3581712912008,783.9329618731782
7668,3249.603674918269,-50.41141902223393,834.3443808954124
7669,3346.296864716891,-0.00012127610570836663,834.3445021715179
7670,3535.120843685246,4.566737991839774e-06,834.3444976047799
7671,3752.036293856541,6.869983211704291e-06,834.3444907347968
7672,3981.37630496642,1.1037968206433565e-05,834.3444796968286
7673,4206.594324149681,2.093493100984885e-05,834.3444587618976
7674,4411.468318309413,7.400377885591813e-05,834.3443847581185
7675,4379.134606991113,5.356633551889452e-05,834.344331191783
7676,4314.235279448728,3.4138330075722096e-05,834.3442970534529
7677,4220.282002929997,2.2046614025861046e-05,834.344275006839
7678,4102.706526376087,1.4982527368187856e-05,834.3442600243117
7679,3968.5051720307115,-2.933491425048928e-05,834.3442893592259
7680,4210.291305836258,2.1197850523523427e-05,834.3442681613753
7681,4067.706356371898,-2.973080101597637e-05,834.3442978921763
7682,3933.926694449138,-3.547114119008868e-05,834.3443333633177
7683,3817.0362706231776,-4.289560724830533e-05,834.3443762589249
7684,3724.0048459954187,-5.205914764276148e-05,834.3444283180725
7685,3660.227517676521,-6.226913694216671e-05,834.3444905872094
7686,3629.169653988221,-7.146044545377257e-05,834.3445620476549
7687,3427.517541823659,-7.669150214707757e-05,834.3446387391571
7688,3270.163617287971,-0.0001444575599815868,834.3447831967172
7689,3167.0409622827733,-0.000277251273123724,834.3450604479901
7690,3129.2184903823077,-4.399941153505809,838.7450016014958
7691,3151.190268699209,-4.734248148993,843.4792497504891
7692,3230.9528637164653,-0.00023726876863047918,843.4794870192576
7693,3373.3189888915667,-0.00010229797483272553,843.4795893172324
7694,3564.7803220164087,-3.3590310078494194e-05,843.4796229075426
7695,3793.2190640792405,-3.022442130294296e-05,843.4796531319638
7696,4043.844977379723,1.3149201824476665e-05,843.4796399827619
7697,4300.0719010628645,3.334261786306091e-05,843.4796066401441
7698,4499.806198392804,44.751679399507445,798.7279272406365
7699,4496.406337941747,37.201493633037025,761.5264336075996
7700,4478.999270500886,12.015976318689832,749.5104572889096
7701,4419.528254971865,0.00022173987663288926,749.510235549033
7702,4323.818897642649,-2.996726717841711e-05,749.5102655163003
7703,4210.151470043777,-3.3579848636616984e-05,749.5102990961489
7704,4092.2540807769556,-3.8814967895173404e-05,749.5103379111167
7705,3965.5861185873114,-4.716249079386973e-05,749.5103850736076
7706,3844.614065176223,-6.041876427520109e-05,749.510445492372
7707,3737.035448579902,-8.292996130941677e-05,749.5105284223332
7708,3649.561361714205,-0.00012577860687629482,749.5106542009399
7709,3587.4641114669657,-0.00022666689669181592,749.5108808678367
7710,3554.2259236897817,-0.0009107264623714421,749.5117915942991
7711,3323.416669433503,-0.000881019930303023,749.5126726142295
7712,3141.1264721004704,-0.0011053925219556109,749.5137780067515
7713,3019.2863893694603,-0.0029902638541600395,749.5167682706057
7714,3017.503872542794,-52.275081183216834,801.7918494538224
7715,3027.9328464364585,-46.7436028611027,848.535452314925
7716,3065.2895823332997,-1.111872121474652,849.6473244363997
7717,3206.836219884641,-0.5269496631379137,850.1742740995376
7718,3395.5218097578622,-0.0181029390934575,850.192377038631
7719,3616.5074143985516,-0.0021664781551880476,850.1945435167862
7720,3852.1257117722275,-0.00112716314384396,850.19567067993
7721,4084.592830628705,-0.000791985462239918,850.1964626653923
7722,4296.906525347879,-0.000644728271303738,850.1971073936637
7723,4277.894574509175,-0.0005800384803003537,850.197687432144
7724,4230.699143055386,-0.0005653001354000115,850.1982527322795
7725,4158.286387390255,-0.000592303625113775,850.1988450359045
7726,4065.4237130994998,-0.0006696195481372195,850.1995146554526
7727,3958.350148560878,-0.0008270615402192412,850.2003417169929
7728,3850.5875992923534,-0.001074717696832175,850.2014164346896
7729,3737.4660248605505,-0.00177071637745669,850.2031871510671
7730,3633.040630919736,-0.004838712864884191,850.208025863932
7731,3544.9601981602505,-0.3950145112375198,850.6030403751696
7732,3480.0481287178322,-1.7823924244322453,852.3854327996016
7733,3441.1742136645853,-2.3067897410556912,854.6922225406574
7734,3431.138540534682,-1.8525944426697543,856.5448169833271
7735,3276.615353910848,-0.3859107747559314,856.9307277580831
7736,3164.891545089043,-0.004052221461526763,856.9347799795448
7737,3102.4068777282655,-0.0017123923119730347,856.9364923718566
7738,3092.799905710923,-0.0010973182488567402,856.9375896901055
7739,3136.754556707604,-0.0007752390536503508,856.9383649291592
7740,3231.6011633757857,-0.000579647090132171,856.9389445762494
7741,3371.4700762890907,-0.0004333257256647937,856.9393779019748
7742,3547.621041318602,-0.0003867638910211612,856.939764665866
7743,3748.9378374963494,-0.00036628151526283217,856.9401309473811
7744,3962.5726982336428,-0.00036869103186072905,856.9404996384131
7745,4174.715319964998,-0.0003980864623089486,856.9408977248754
7746,4328.207352187938,43.243960266627234,813.6969374582483
7747,4319.911476900652,36.830191873521414,776.8667455847269
7748,4300.0992502982945,12.38052192660643,764.4862236581203
7749,4242.442982334623,-0.4940426808522045,764.9802663389727
7750,4156.097232412341,-5.851845550361998,770.8321118893346
7751,4054.4977653086335,-10.564844047418626,781.3969559367531
7752,3950.3278842154523,-13.55223467636562,794.9491906131187
7753,3839.7789449144684,-15.274185583924758,810.2233761970436
7754,3736.141211421842,-14.80061693455005,825.0239931315936
7755,3646.453874214092,-11.727534605640095,836.7515277372337
7756,3576.8225504542315,-5.825592594705168,842.5771203319389
7757,3534.947578209763,-0.0036458420687435623,842.5807661740075
7758,3529.486146101442,-0.0014511353606052138,842.582217309368
7759,3369.0514540519684,-0.0010712852161048518,842.5832885945845
7760,3252.7684335562567,-0.0008911112521048312,842.5841797058365
7761,3189.238015932983,-0.00025529034367334204,842.5844349961801
7762,3183.226824825715,-0.00021789889712494958,842.5846528950772
7763,3235.328906123009,-0.000165705592831418,842.58481860067
7764,3341.9608071077723,-0.00011025273647199798,842.5849288534065
7765,3495.6767061545597,-4.1520946301558105e-05,842.5849703743527
7766,3685.774103759779,-3.576347918180345e-05,842.5850061378318
7767,3899.131511087489,-3.210301816333702e-05,842.5850382408499
7768,4121.20367017798,-2.987168106316106e-05,842.5850681125311
7769,4337.088506149848,8.428337678141521e-05,842.5849838291543
7770,4485.369985421336,47.210895259224756,795.3740885699295
7771,4478.494429095543,41.068537049650764,754.3055515202789
7772,4458.399888149613,17.92835505440817,736.3771964658706
7773,4406.308451493751,-3.294625087977423e-05,736.3772294121216
7774,4314.791327477125,-3.6762071333041834e-05,736.3772661741928
7775,4208.566388347404,-4.220810301496724e-05,736.3773083822958
7776,4101.580758084184,-4.935083453932591e-05,736.3773577331303
7777,3989.9556259613414,-5.939776537762727e-05,736.3774171308958
7778,3888.100703062297,-7.22186965890017e-05,736.3774893495922
7779,3803.6961321346457,-8.667257578464837e-05,736.3775760221682
7780,3743.2817731125265,-9.887771246526966e-05,736.3776748998806
7781,3711.80888132761,-0.00010278374285155556,736.3777776836234
7782,3712.298012072343,-9.547852556829218e-05,736.3778731621491
7783,3560.3198180693917,-8.111792258347353e-05,736.3779542800717
7784,3447.841528960563,-6.565842536983408e-05,736.3780199384969
7785,3383.4819440269866,-0.00010106162757216856,736.3781210001246
7786,3373.0840581173507,-0.00010177524277128958,736.3782227753674
7787,3419.2820391457335,-9.103232375406137e-05,736.378313807691
7788,3521.2216372472685,-4.3513838766784464e-05,736.3783573215298
7789,3674.4642325227423,5.211876519206877e-06,736.3783521096532
7790,3871.099251954635,7.425369799074806e-06,736.3783446842834
7791,4100.081372080189,1.1841374611408892e-05,736.378332842909
7792,4347.7958699473475,2.4754768125667968e-05,736.3783080881407
7793,4598.835679782007,0.0021216813915205424,736.3761864067492
7794,4665.678658329005,171.29240495456642,565.0837814521828
7795,4665.7665431078285,161.7446757286226,403.3391057235603
7796,4650.763746530426,134.17106428607588,269.1680414374844
7797,4621.97396309726,90.444235970607,178.72380546687742
7798,4603.193739842821,11.891320320324889,166.83248514655253
7799,4499.662215724887,6.176595841447685e-05,166.83242338059412
7800,4001.926523141518,9.325414937064507e-06,166.83241405517916
7801,3874.5878882042953,7.274693309997321e-06,166.83240678048588
7802,3754.106284676642,-3.5183535832742236e-05,166.83244196402168
7803,3648.5320062925034,-4.048218730508182e-05,166.83248244620899
7804,3564.8693424397825,-4.648094345313562e-05,166.83252892715242
7805,3508.6144921289597,-5.2504006591490866e-05,166.832581431159
7806,3483.3964895768913,-5.7332001908589226e-05,166.83263876316093
7807,3263.431388101864,-0.00014737550300029974,166.83278613866392
7808,3130.1411433352764,-39.277493301925794,206.11027944058972
7809,3139.0866888952523,-158.67859816043693,364.7888776010267
7810,3153.3059421096737,-214.20152089841417,578.9903984994407
7811,3174.561156703388,-205.30433844625608,784.294736945697
7812,3199.1272813340534,-130.9383563213141,915.233093267011
7813,3228.319374839054,-0.004737154599623547,915.2378304216107
7814,3437.7805445096665,-6.0148784115480805e-05,915.2378905703947
7815,3681.4201105038665,5.306509503107773e-06,915.2378852638855
7816,3941.933730125633,8.664631864372687e-06,915.2378765992534
7817,4201.190200381896,1.6043195957113687e-05,915.2378605560575
7818,4441.544567370029,4.760501017205891e-05,915.2378129510473
7819,4439.941364650876,4.781811918443926e-05,915.2377651329282
7820,4408.128484567559,3.8779478845138944e-05,915.2377263534493
7821,4348.741196243839,2.8305853292473915e-05,915.237698047596
7822,4266.275281913644,2.0352015536106592e-05,915.2376776955806
7823,4166.764350410428,1.4978968719352532e-05,915.2376627166118
7824,4063.329670054507,1.1558564805536786e-05,915.2376511580469
7825,3951.7715045606656,9.084616326910145e-06,915.2376420734307
7826,3845.888402538313,7.386772841058745e-06,915.2376346866578
7827,3753.026106378926,-3.323750950603423e-05,915.2376679241675
7828,3679.545034978525,-3.6094688092382644e-05,915.2377040188554
7829,3630.3812480088372,-3.881048763942393e-05,915.237742829343
7830,3608.7069804471216,-4.104878704857559e-05,915.23778387813
7831,3421.015735483517,-8.968981669841686e-05,915.2378735679467
7832,3274.1055694245397,-0.00016089676117638876,915.238034464708
7833,3178.057764929182,-0.8790018997777529,916.1170363644858
7834,3180.517891679101,-44.39045800802008,960.5074943725057
7835,3189.8932970099977,-36.73637349181705,997.2438678643229
7836,3226.625314936784,-0.0005779424018963894,997.2444458067249
7837,3351.1087839590773,-0.00012583829712320895,997.2445716450217
7838,3517.7114390183096,-7.525428826439336e-05,997.2446468993102
7839,3714.5954958401835,-3.3972995719154074e-05,997.2446808723059
7840,3927.728435493806,-3.341084606185347e-05,997.244714283152
7841,4141.800855197724,-3.3459749918100646e-05,997.2447477429018
7842,4341.2658750681285,-3.421877927219167e-05,997.244781961681
7843,4311.936350028239,-3.607048011995123e-05,997.2448180321613
7844,4254.147877437878,-3.900568041286969e-05,997.2448570378417
7845,4171.164394962423,-4.335682370367599e-05,997.2449003946653
7846,4068.0266270791653,-4.965043705557584e-05,997.2449500451024
7847,3951.212317435469,-5.871892205302466e-05,997.2450087640245
7848,4212.250612034705,-4.038493667609871e-05,997.245049148961
7849,4090.9939490607353,-4.590119179301317e-05,997.2450950501528
7850,3979.3989763198056,-5.2129681009037155e-05,997.2451471798339
7851,3884.7651612746304,-5.8458900335948964e-05,997.2452056387343
7852,3813.285038793733,-6.378450392884471e-05,997.2452694232384
7853,3769.6141042403888,-6.675402065105937e-05,997.2453361772589
7854,3756.544571889426,-6.64553561016367e-05,997.2454026326151
7855,3588.5077152715917,-6.327505083233947e-05,997.2454659076658
7856,3467.263236634336,-5.808591258467998e-05,997.2455239935783
7857,3400.736298053276,-0.00019262524047856095,997.2457166188188
7858,3392.7034393920603,-0.0002766612801247473,997.2459932800989
7859,3442.583041774151,-0.000202745898128626,997.246196025997
7860,3545.574579558714,-3.7717112799129024e-05,997.2462337431099
7861,3693.1237845698665,-3.464123752014357e-05,997.2462683843474
7862,3873.66178742391,8.367750324613245e-06,997.2462600165969
7863,4073.547220284318,1.3401930654378837e-05,997.2462466146665
7864,4278.122190212038,2.7296314648953056e-05,997.2462193183517
7865,4472.792945449942,0.00023004797136234545,997.2459892703805
7866,4514.210419665572,129.83952250789767,867.4064667624826
7867,4496.854836702193,121.80594021694014,745.6005265455425
7868,4466.7823938897145,95.8211724259679,649.7793541195746
7869,4425.6493840758985,53.64574749139496,596.1336066281796
7870,4374.0039611037755,-5.191551377193871e-05,596.1336585436934
7871,4253.49717789655,-6.817929249059209e-05,596.1337267229859
7872,4131.4187361107615,-9.557860165485087e-05,596.1338223015875
7873,4004.433016728485,-0.0027845721172214343,596.1366068737049
7874,3893.348547005989,-6.701456144600166,602.8380630183049
7875,3800.654065035525,-14.908641891456078,617.746704909761
7876,3727.7129248735732,-19.437491649178874,637.1841965589399
7877,3679.2104732085136,-19.993513141038214,657.1777096999781
7878,3658.144002645342,-16.5029342542204,673.6806439541986
7879,3498.502489422586,-9.085283243517074,682.7659271977157
7880,3375.4705750452586,-0.007772333734508928,682.77369953145
7881,3311.7774455817444,-4.480973887704863,687.2546734191549
7882,3337.6847810852264,-47.850345501854996,735.10501892101
7883,3366.6582482331773,-41.63077322637421,776.7357921473841
7884,3411.6364941874176,-0.0008549561870386902,776.7366471035713
7885,3545.168231714418,-4.955774388530836e-05,776.736696661315
7886,3718.0126669042793,-4.141845968426382e-05,776.7367380797746
7887,3919.768289411624,-3.6395109087238815e-05,776.7367744748839
7888,4137.786502066598,1.6833825340417774e-05,776.7367576410585
7889,4357.9041974584325,1.6694587385355924e-05,776.7367409464712
7890,4499.91557166167,65.42061071146179,711.3161302350093
7891,4492.359562427749,54.63017570979676,656.6859545252125
7892,4470.868577591853,26.900143875147542,629.785810650065
7893,4420.986991070977,-3.60631382443897e-05,629.7858467132032
7894,4321.858681533982,-4.1321669038189066e-05,629.7858880348723
7895,4207.148681061083,-4.9117628813583564e-05,629.785937152501
7896,4090.4761610248383,-6.0955597944007135e-05,629.785998108099
7897,3968.7509668236357,-8.14549743189721e-05,629.7860795630734
7898,3856.156937426025,-0.00011913956090233773,629.7861987026342
7899,3760.549271287298,-0.0001995117699300391,629.7863982144042
7900,3688.6829023410837,-0.00042140628850721083,629.7868196206928
7901,3645.756710395273,-0.0014659287231757418,629.7882855494158
7902,3635.068132200011,-0.01070795689274873,629.7989935063085
7903,3447.5143975080914,-0.0021762990714718554,629.80116980538
7904,3315.573683150134,-8.195005138019237,637.9961749433994
7905,3332.4653416716997,-107.37761899611002,745.3737939395093
7906,3357.5623576157254,-150.61086477101676,895.9846587105262
7907,3387.5495998157853,-132.83138772749084,1028.8160464380169
7908,3420.5606976137033,-55.08076404417308,1083.89681048219
7909,3531.9320102384304,-0.00010134816394797853,1083.896911830354
7910,3742.9527777639864,-9.094162830956648e-08,1083.8969119212957
7911,3984.449599236911,4.07102262638548e-07,1083.896911514193
7912,4240.393235064298,9.374116898062387e-07,1083.8969105767815
7913,4493.958885123803,1.468076890130843e-06,1083.8969091087047
7914,4606.359422895824,122.32490127311392,961.5720078355907
7915,4613.975713483272,113.64152593327245,847.9304819023182
7916,4607.64157640761,86.92361416073355,761.0068677415848
7917,4588.389373361513,44.01903686845372,716.9878308731311
7918,4545.951961471368,1.1184328684248437e-06,716.9878297546983
7919,4441.5937556017225,6.092762531603271e-07,716.987829145422
7920,4332.568727932917,2.544643185026319e-07,716.9878288909576
7921,4215.704955050025,-1.0423066279108086e-07,716.9878289951882
7922,4104.962488504496,-4.4094474611663494e-07,716.9878294361331
7923,4008.1450585208113,-7.411940971963582e-07,716.9878301773272
7924,3932.058366263471,-9.919966044632454e-07,716.9878311693237
7925,3882.0561029992823,-1.1828244350559967e-06,716.9878323521482
7926,3861.686745158887,-1.3057582785428108e-06,716.9878336579064
7927,3664.8710917660865,-1.835306312596351e-06,716.9878354932127
7928,3510.182808260682,-0.001470534645545561,716.9893060278583
7929,3501.2021695897365,-92.7301428189947,809.719448846853
7930,3502.0300516273865,-134.73774968586523,944.4571985327183
7931,3502.9971747115137,-112.67034457573564,1057.127543108454
7932,3503.8364010224504,-26.773761589124124,1083.901304697578
7933,3622.718491953794,-3.097093584952598e-06,1083.9013077946713
7934,3818.459487969854,-3.4376102287811285e-06,1083.9013112322816
7935,4051.901399213596,-3.831384246337611e-06,1083.901315063666
7936,4307.88750824021,-4.440617176335106e-06,1083.9013195042833
7937,4569.49744749229,-5.719575661770919e-06,1083.9013252238587
7938,4742.819818438126,76.40508589734253,1007.4962393265163
7939,4748.629444870389,72.35306100039274,935.1431783261235
7940,4743.213710316987,51.13537304067059,884.007805285453
7941,4727.603899730096,14.496535331862477,869.5112699535905
7942,4668.807696053214,2.2663454463056304e-06,869.511267687245
7943,4580.511259415153,-1.4817548701773408e-05,869.5112825047938
7944,4489.897533011113,-1.7180550135437566e-05,869.5112996853439
7945,4393.381316028719,-2.0180505090656308e-05,869.5113198658489
7946,4304.1958926977195,-2.3851515223306557e-05,869.5113437173641
7947,4229.437801730456,-2.7986293593995154e-05,869.5113717036578
7948,4175.171222812289,-3.19608373150754e-05,869.511403664495
7949,4145.999416937754,-3.462931212989245e-05,869.5114382938073
7950,4144.737510639747,-3.49893861064719e-05,869.5114732831933
7951,3972.1115104326163,-6.390201484465826e-05,869.5115371852082
7952,3846.163081922768,-0.0001636401405942216,869.5117008253488
7953,3775.675538307068,-0.0016513999757075994,869.5133522253244
7954,3769.0096729576353,-3.984344377846767,873.4976966031711
7955,3813.980964202604,-0.000272593269157785,873.4979691964404
7956,3917.843392144642,-8.847277313956377e-05,873.4980576692135
7957,4067.95855731751,-4.7235979857544005e-05,873.4981049051934
7958,4252.502565987236,-3.157287046740633e-05,873.4981364780639
7959,4457.478267249467,-2.4229595563801497e-05,873.4981607076595
7960,4667.8255369462895,-2.0657379194443348e-05,873.4981813650386
7961,4786.999996985083,81.55116182214428,791.9470195428943
7962,4786.999996984815,258.7897005645363,533.1573189783581
7963,4786.999996982566,233.14630845940187,300.01101051895625
7964,4786.999996976316,177.84365784096187,122.16735267799434
7965,4786.999996975604,96.41486482146098,25.75248785653335
7966,4755.4398328491025,25.752437376485187,5.0480048153989786e-05
7967,4664.955502727351,-2.096925356537252e-07,5.0689740689381386e-05
7968,4169.855268355745,-1.1568774284540092e-05,6.225851497298298e-05
7969,4049.3855131467585,-9.270714651767969e-06,7.152922962333423e-05
7970,3939.0842877267023,-7.802197847503684e-06,7.933142746901828e-05
7971,3846.4745454174436,-6.689812034880464e-06,8.602123950171458e-05
7972,3777.9276435821444,-5.7495345710367205e-06,9.177077407022457e-05
7973,3738.2265773166705,-4.897597691271626e-06,9.666837175863977e-05
7974,3730.235159724996,-4.093856678222792e-06,0.00010076222843368346
7975,3589.8451879853765,-3.7728420609038936e-06,0.00010453507049108771
7976,3521.995445861236,-32.874050353068974,32.87415488813946
7977,3522.193840234602,-87.12405577901396,119.99821066715343
7978,3522.423471057916,-90.54119483855273,210.53940550570613
7979,3522.798802823533,-42.18346796647695,252.72287347218307
7980,3579.0326534272253,-2.6781591001899733e-06,252.72287615034216
7981,3721.63537965776,-2.25005105503861e-06,252.72287840039323
7982,3899.8958709596604,-1.7594816003499311e-06,252.72288015987485
7983,4102.699499929686,-1.2345874790665529e-06,252.7228813944623
7984,4316.984330454951,-7.002873009051848e-07,252.7228820947496
7985,4528.551127351894,-1.7665232369964354e-07,252.72288227140191
7986,4688.677165009533,34.321581087540316,218.40130118386162
7987,4674.0874516182175,29.31515411582443,189.08614706803715
7988,4645.2342229525175,6.468856820997461,182.61729024703968
7989,4571.22870637899,2.510981267388356e-07,182.61728999594158
7990,4467.21098647014,1.0133352144299165e-07,182.617289894608
7991,4346.432138594457,-8.059359324385779e-08,182.61728997520166
7992,4222.21211736435,-2.7092572100461765e-07,182.61729024612737
7993,4092.102830951181,-4.774442540779601e-07,182.6172907235716
7994,3969.983213194297,-0.00043922012822978436,182.61772994369983
7995,3863.7145905543225,-0.0005989469306682569,182.6183288906305
7996,3780.0586144418585,-0.0015036578360198803,182.61983254846652
7997,3727.8312167881477,-3.6139970491979687,186.2338295976645
7998,3712.3432012173107,-12.847995854556354,199.08182545222084
7999,3537.0464578322662,-14.79762843652125,213.87945388874212
8000,3456.3327875833284,-66.26245554863155,280.1419094373736
8001,3458.5299081434628,-147.12538833498581,427.2672977723594
8002,3475.732083953319,-184.86016789706784,612.1274656694272
8003,3497.2309962298805,-168.2283477665273,780.3558134359545
8004,3521.4040523967883,-99.12816804312797,879.4839814790826
8005,3563.4486765417137,-1.5659211106733413e-06,879.4839830450037
8006,3742.135603691193,-1.1445774292349125e-06,879.483984189581
8007,3945.5835468124847,-6.78757912996312e-07,879.483984868339
8008,4159.575283519545,-1.9819545321929803e-07,879.4839850665345
8009,4369.39213566674,2.7140041953555997e-07,879.4839847951339
8010,4554.488840811627,6.279569142167479,873.2044156529666
8011,4539.0893378779765,8.23285915851089e-07,873.2044148296806
8012,4486.161648037007,5.479981206520988e-07,873.2044142816827
8013,4405.084327063756,3.570711463012773e-07,873.2044139246113
8014,4300.866250717593,1.193011103734911e-07,873.2044138053103
8015,4180.08652568112,-1.5309789925361904e-07,873.204413958408
8016,4433.958555306229,4.267229272628515e-07,873.2044135316853
8017,4303.7699059122015,1.258956892721416e-07,873.2044134057895
8018,4181.379332713871,-0.00019957598610322844,873.2046129817757
8019,4074.6136445912102,-0.0003664840379311248,873.2049794658135
8020,3990.2514293091417,-0.0013594322370744337,873.2063388980506
8021,3944.7693389451642,-11.20721343806374,884.4135523361145
8022,3933.3374798215027,-25.37369350410299,909.7872458402173
8023,3745.209872429622,-33.333922372239996,943.1211682124573
8024,3591.1338921895494,-34.89753057657421,978.0186987890315
8025,3482.180857910048,-30.31650264408118,1008.3352014331126
8026,3452.47343127154,-45.93362321012835,1054.2688246432413
8027,3453.9519817641826,-29.59075985929985,1083.859584502541
8028,3505.3151061913077,-0.0010664405798382426,1083.8606509431208
8029,3645.099946424834,-0.0004005920895452423,1083.8610515352104
8030,3835.260061728057,-0.00024520086496779704,1083.8612967360755
8031,4063.6136117799897,-2.9100864824430433e-06,1083.8612996461618
8032,4316.474701941541,-3.300684223270968e-06,1083.861302946846
8033,4574.312031983973,-3.7234463719335794e-06,1083.8613066702924
8034,4648.952423623663,168.46119040813184,915.4001162621607
8035,4649.210932264919,158.01354579473352,757.3865704674271
8036,4637.028899343992,129.43963256054178,627.9469379068853
8037,4613.377105007826,84.55225438508648,543.3946835217988
8038,4580.010172166733,26.25072359521282,517.1439599265859
8039,4497.661028215767,4.630652402084721e-06,517.1439552959336
8040,4384.717837944348,-1.326918976549453e-05,517.1439685651234
8041,4264.798089332913,-0.00023401687058845195,517.144202581994
8042,4151.1620703814315,-0.00031967407959263743,517.1445222560736
8043,4051.3110328197854,-0.0004821542957285786,517.1450044103692
8044,3971.751517772711,-0.0008468265981648734,517.1458512369675
8045,3917.554244158701,-0.001946917834413984,517.1477981548019
8046,3892.015806937736,-0.007699459422218313,517.155497614224
8047,3684.0997489868755,-0.015099386678265436,517.1705970009023
8048,3543.289443545177,-18.775238862370028,535.9458358632725
8049,3550.8450801940267,-127.44427821439389,663.3901140776662
8050,3561.6544419066327,-175.25800176347337,838.6481158411397
8051,3574.6103513605144,-160.20271841258116,998.8508342537209
8052,3588.7171168659015,-85.0414868100193,1083.8923210637402
8053,3646.206539452242,-0.0003023224186499186,1083.892623386159
8054,3830.4969771405736,-5.691400860438112e-05,1083.8926803001673
8055,4042.487970079252,-2.8325974721371444e-05,1083.8927086261422
8056,4266.6515570879465,-1.7783992207295894e-05,1083.8927264101342
8057,4487.129370954622,-1.2430895203044077e-05,1083.8927388410295
8058,4611.3353955142375,77.49729013816179,1006.3954487028677
8059,4605.48532325723,68.06360743255992,938.3318412703076
8060,4589.075611014258,41.65259956139861,896.6792417089091
8061,4563.438586518889,0.04393523647784796,896.6353064724314
8062,4476.688250823103,-9.378639563311556e-06,896.6353158510708
8063,4376.64860579219,-1.5069826521583164e-05,896.6353309208973
8064,4275.84682204658,-1.8278199186283224e-05,896.6353491990965
8065,4171.676125297526,-0.0005807365346477055,896.6359299356312
8066,4077.0397512589407,-0.0009418137137137883,896.6368717493448
8067,3999.050131932739,-0.001539744446889943,896.6384114937916
8068,3943.7168656496524,-0.0019124308820902328,896.640323924674
8069,3915.521124255645,-0.001561617589811523,896.6418855422636
8070,3917.0944219281423,-0.0012726866240929822,896.6431582288878
8071,3768.197540447195,-0.00012467750146176104,896.6432829063893
8072,3668.7952213939493,-9.517228270230067,906.1605111766194
8073,3667.8976605956564,-69.5020153979514,975.6625265745708
8074,3667.8839030089466,-77.4185352139775,1053.0810617885484
8075,3667.671209122468,-30.807236367149812,1083.8882981556978
8076,3735.254442981876,-0.0001873480292422012,1083.8884855037272
8077,3879.6519611226317,-5.8541916656662e-05,1083.888544045644
8078,4060.746897053818,-3.081597173018048e-05,1083.8885748616156
8079,4266.473005878422,-1.9555154638323615e-05,1083.8885944167703
8080,4482.799406597533,-1.377507895662717e-05,1083.888608191849
8081,4694.696686897331,-1.0325477204105015e-05,1083.8886185173262
8082,4781.788463757621,105.42391471784025,978.4647037994861
8083,4768.0219565017405,93.80873864640415,884.6559651530821
8084,4740.995665500138,64.35858046544648,820.2973846876356
8085,4702.452064110488,18.962397958625537,801.33498672901
8086,4615.501449623722,3.2550149925874008e-06,801.334983473995
8087,4494.605139200713,-1.3922198257927131e-05,801.3349973961933
8088,4371.857047627449,-1.697477085591073e-05,801.3350143709642
8089,4245.584139423551,-2.123699607958387e-05,801.3350356079602
8090,4129.359659207835,-2.714425639328424e-05,801.3350627522165
8091,4031.023653894646,-3.508020464689368e-05,801.3350978324212
8092,3957.2607843725677,-4.4518457084515456e-05,801.3351423508782
8093,3913.151166230245,-5.2943243556931606e-05,801.3351952941218
8094,3901.827965104278,-5.569267690841222e-05,801.3352509867987
8095,3755.1419628386366,-0.00015783445249484886,801.3354088212512
8096,3674.775684020994,-19.153672297075193,820.4890811183266
8097,3674.744693347831,-64.87882326161646,885.367904379943
8098,3674.632345302132,-54.003686470326116,939.371590850269
8099,3686.741914033179,-0.0010206959847414768,939.3726115462537
8100,3803.3120458106628,-9.832332891265621e-05,939.3727098695826
8101,3962.186215439021,-4.444125405090259e-05,939.3727543108365
8102,4152.600036105652,-2.6887269100960406e-05,939.3727811981057
8103,4361.977545926531,-1.867668292549875e-05,939.3727998747886
8104,4576.797999480037,-1.4124444191464161e-05,939.3728139992327
8105,4753.430511216187,30.041120956830046,909.331693042403
8106,4786.99999681118,182.16810185137106,727.1635911910317
8107,4786.999996810534,175.01075057082446,552.1528406202073
8108,4786.999996807208,135.58005854730362,416.5727820729036
8109,4786.999995805221,66.94138254888858,349.631399524015
8110,4761.0910918327645,1.962754405326515e-06,349.63139756126066
8111,4650.613064371019,-1.1981696861977663e-05,349.63140954295744
8112,4535.243191400254,-1.430756295408922e-05,349.63142385052043
8113,4413.2868798258905,-1.6794869472445026e-05,349.6314406453899
8114,4298.139498979142,-1.9950779562864708e-05,349.63146059616946
8115,4197.662161240209,-2.3807363572265018e-05,349.63148440353297
8116,4118.665709053617,-2.8045064177871157e-05,349.63151244859716
8117,4066.452963804424,-3.1742882294920306e-05,349.6315441914794
8118,4044.46436687614,-3.351350633860935e-05,349.63157770498583
8119,3868.2512723099967,-6.411256314559076e-05,349.63164181754894
8120,3729.6938190644137,-0.00022000224074124843,349.63186181978966
8121,3672.029704581926,-33.33792704387732,382.969788863667
8122,3671.9374477421034,-69.58536937881172,452.5551582424788
8123,3671.8444598351284,-47.46557037630207,500.0207286187809
8124,3704.6588559870584,-0.0003746731988589736,500.0211032919797
8125,3839.0859822388215,-7.368268995728997e-05,500.0211769746697
8126,4019.671831445259,-3.4551961782488675e-05,500.0212115266315
8127,4234.945062498622,-2.0440082995359355e-05,500.0212319667144
8128,4470.642511784006,-1.3468402500844868e-05,500.021245435117
8129,4710.64959728308,-9.403925563364403e-06,500.02125483904246
8130,4783.677393722884,154.45244514135985,345.56880969768275
8131,4779.5894733259465,143.54185154327925,202.02695815440342
8132,4762.214465459352,115.26592792418465,86.76103023021876
8133,4732.599404655874,71.51510636783757,15.245923862381186
8134,4692.604708069163,15.245800087856548,0.00012377452463670831
8135,4595.053393112157,7.025813204517113e-06,0.00011674871143336082
8136,4099.975488354229,-4.576420496978963e-06,0.00012132513193078639
8137,3977.14450473872,-2.9549432213396427e-06,0.00012428007515221043
8138,3861.463644173927,-0.0001605377156715548,0.00028481779082359875
8139,3760.556605702084,-0.00014552163792478233,0.00043033942874796244
8140,3681.0255815738797,-0.00016094646961483432,0.0005912858983621628
8141,3628.002893583104,-0.00019013962409076561,0.0007814255224520995
8142,3604.8047173679547,-0.00022494235112876252,0.00100636787357985
8143,3403.63552145746,-0.0004274177316303657,0.001433785605209025
8144,3275.8860623362602,-26.34280756770995,26.344241353315155
8145,3276.3525718321803,-123.81925550149634,150.1634968548115
8146,3281.108138470595,-162.6529319072646,312.8164287620761
8147,3289.5873287582467,-140.9064338604552,453.72286262253124
8148,3300.499585943122,-60.384366458967015,514.1072290814983
8149,3385.5236933781807,-0.0002443987769088238,514.1074734802752
8150,3574.1348495459592,-7.323638282628386e-05,514.1075467166579
8151,3792.463497065092,-6.453729695258441e-05,514.1076112539549
8152,4025.278434692167,-5.88872483421803e-05,514.1076701412034
8153,4256.648307274639,-5.5624313585475974e-05,514.1077257655169
8154,4428.837426867031,42.15292975850497,471.9547960070119
8155,4421.32332502614,35.694697818325686,436.26009818868613
8156,4402.309329915189,11.129199356305785,425.13089883238035
8157,4343.149966670228,-6.445463757578014e-05,425.13096328701795
8158,4250.868827785063,-7.42021830286851e-05,425.13103748920105
8159,4142.800317033525,-8.997942531512822e-05,425.1311274686263
8160,4031.038219920749,-0.00011449836185588845,425.13124196698806
8161,3913.7333594555544,-0.00016040096213156205,425.13140236795033
8162,3803.5438362181503,-0.0002546214777507991,425.131656989428
8163,3707.7660983617266,-0.0005100659227414181,425.13216705535075
8164,3632.6641649855233,-0.00257299614379453,425.13474005149453
8165,3584.1750238223876,-1.1472963784611772,426.28203642995567
8166,3565.951719143079,-4.088411740262106,430.37044817021786
8167,3370.1333011599504,-2.810847466612054,433.18129563683
8168,3213.6610903060264,-0.057446261723675875,433.23874189855354
8169,3199.981765670116,-88.97582359639804,522.2145654949516
8170,3211.5115082056423,-145.11109438942682,667.3256598843784
8171,3224.9604537843124,-142.28718870227632,809.6128485866546
8172,3238.464309728288,-80.02978087178339,889.6426294584379
8173,3288.0303870738935,-0.0006200811681947886,889.6432495396061
8174,3461.870679414107,-9.587252523793349e-05,889.6433454121316
8175,3667.074412475533,-8.713877073789158e-05,889.6434325509023
8176,3888.376063534763,-8.361580517522499e-05,889.6435161667073
8177,4109.249658873543,-8.135382172888323e-05,889.6435975205293
8178,4313.15468454588,-0.0005302268633136153,889.6441277473923
8179,4284.027798463959,-0.00045465127406284916,889.6445823986666
8180,4226.517523251209,-0.0005796967966429093,889.6451620954633
8181,4144.065490406662,-0.0013144039841281288,889.6464764994473
8182,4047.1151810540055,-5.220477064598793,894.8669535640461
8183,3944.099627459774,-17.431400150197106,912.2983537142434
8184,4188.918110618669,-0.0031638148682257977,912.3015175291115
8185,4077.694077786105,-6.7280774519529585,919.0295949810644
8186,3976.480524994198,-12.758692732168365,931.7882877132329
8187,3890.1810378483874,-15.629377206110256,947.4176649193431
8188,3824.7061588600623,-15.035790847411645,962.4534557667547
8189,3784.5150378224384,-10.810698852546905,973.2641546193016
8190,3772.3644020619017,-3.00093830777912,976.2650929270807
8191,3625.305148229595,-0.001785737597076713,976.2668786646775
8192,3528.6372431090795,-0.0008977014041946596,976.267776366082
8193,3485.441414702057,-0.0006998155243202917,976.2684761816063
8194,3497.8101458438164,-4.006644429940809e-06,976.2684801882509
8195,3563.849945327801,2.5200485201507406e-05,976.2684549877656
8196,3677.9659554911236,6.90356340879175e-05,976.2683859521317
8197,3831.402021041469,0.00013959361423128053,976.2682463585171
8198,4012.9664819378945,0.0003197964793634549,976.2679265620379
8199,4209.876900579817,0.002757418770902944,976.265169143267
8200,4397.449856902173,11.219014190713192,965.0461549525538
8201,4534.646343168459,61.40750552564265,903.6386494269111
8202,4537.044685110273,222.71486974208764,680.9237796848234
8203,4531.337207581054,203.78743880534705,477.13634087947645
8204,4517.784045005115,160.15026199206625,316.98607888741026
8205,4480.930661837627,110.7460932564299,206.2399856309803
8206,4431.463740697365,50.29954660608569,155.9404390248946
8207,4355.172101299225,3.3352478860613104e-05,155.94040567241575
8208,4224.631004202973,-1.005792336073473e-05,155.94041573033908
8209,4089.5063574167216,-5.818089799246608e-05,155.9404739112371
8210,3963.092396404487,-0.00014688407486108756,155.9406207953119
8211,3857.3924822330423,-3.9304022261594085,159.87102302147133
8212,3779.863118006263,-12.285937194276155,172.1569602157475
8213,3727.7024218298425,-16.875298577743184,189.03225879349066
8214,3703.990058157416,-17.314764666977577,206.34702346046828
8215,3537.850804876625,-13.312996628585847,219.66002008905411
8216,3407.5801305175064,-4.856189134477059,224.51620922353115
8217,3363.3881614804354,-33.498447042453655,258.0146562659848
8218,3388.3878716812783,-76.59497358322211,334.6096298492069
8219,3417.9385293906566,-67.15032734194699,401.7599571911539
8220,3450.422083996454,-4.89818574859262,406.65814293974654
8221,3590.881416932741,-4.752000836879571e-05,406.6581904597549
8222,3778.182991586653,-3.886741435268673e-05,406.65822932716924
8223,3995.672520756261,2.250160629846337e-05,406.65820682556296
8224,4229.249538232428,3.000281192191248e-05,406.65817682275105
8225,4463.412270070695,0.00011474635867034398,406.65806207639235
8226,4568.255439185837,114.08982678696698,292.5682352894254
8227,4567.894830539434,111.22909109744303,181.33914419198234
8228,4566.791692582818,77.8882834076791,103.45086078430327
8229,4549.192574027202,32.6203994338522,70.83046135045107
8230,4495.236793652951,0.00011354168346744365,70.83034780876761
8231,4391.248342772004,3.774742146735454e-05,70.83031006134614
8232,4281.836221321438,2.148235400185835e-05,70.83028857899214
8233,4165.976742312467,1.4297908130200408e-05,70.830274281084
8234,4056.3646072505253,-3.5304439030065794e-05,70.83030958552303
8235,3960.66401532478,-3.9159532086804036e-05,70.83034874505512
8236,3885.533564070859,-4.3229145540644216e-05,70.83039197420065
8237,3836.173603766978,-4.6964516078936584e-05,70.83043893871672
8238,3815.975039234505,-4.9606085155275795e-05,70.83048854480188
8239,3636.8704379904125,-5.0700364115821545e-05,70.83053924516601
8240,3501.3216307693297,-4.969832529267185e-05,70.83058894349129
8241,3477.3703828181383,-59.210546663386694,130.04113560687802
8242,3490.6831719829433,-98.14339365851792,228.1845292653959
8243,3508.2036196310823,-82.52385089407531,310.70838015947123
8244,3528.453995400023,-13.579269746191471,324.2876499056627
8245,3653.7639479344925,4.85759372290029e-06,324.28764504806895
8246,3832.820901334412,6.9513998233384624e-06,324.2876380966691
8247,4040.0208195908085,1.090045463357102e-05,324.28762719621454
8248,4261.636102628341,2.081606047032137e-05,324.28760638015405
8249,4483.107564364827,9.488528018234526e-05,324.2875114948739
8250,4568.284576112078,121.65707438040674,202.6304371144671
8251,4567.100633946415,108.57164043708963,94.0587966773775
8252,4565.332352081545,66.52028139883558,27.538515278541922
8253,4551.286494855876,10.161271312142334,17.37724396639959
8254,4469.253235327721,7.974771526044284e-05,17.377164218684328
8255,4361.565485094138,3.293368212671609e-05,17.3771312850022
8256,4250.1985069047305,2.0071492493585442e-05,17.377111213509707
8257,4134.177765881993,1.3929066991526926e-05,17.377097284442712
8258,4025.8968274424506,1.0578183813726065e-05,17.3770867062589
8259,3932.7714248170496,8.585422201900353e-06,17.3770781208367
8260,3861.180822551199,7.387435209943363e-06,17.37707073340149
8261,3816.0303562126264,-3.347629815268071e-05,17.377104209699638
8262,3800.414995827603,-3.405704493464313e-05,17.377138266744574
8263,3601.0488334239226,-3.422568005612141e-05,17.377172492424627
8264,3523.2237495619324,-80.33148438093257,97.7086568733572
8265,3523.7804382528952,-186.2664221681917,283.97507904154895
8266,3513.5454768231625,-220.38185580751565,504.3569348490646
8267,3523.6714883186555,-206.67526255096976,711.0321974000343
8268,3526.119737110222,-121.80363551925029,832.8358329192847
8269,3549.1560782238425,3.96784908483427e-06,832.8358289514358
8270,3741.6366049937737,5.844697697476416e-06,832.8358231067377
8271,3968.643024243917,9.321434678439653e-06,832.8358137853033
8272,4214.723065366319,1.7765126245338016e-05,832.835796020177
8273,4463.142981747843,7.277027365416459e-05,832.8357232499034
8274,4567.577831355743,129.45269652054373,703.3830267293597
8275,4566.008285755565,116.13170816226354,587.2513185670962
8276,4543.901391696897,94.0716304661488,493.17968810094726
8277,4511.682202245731,55.97962431092007,437.2000637900272
8278,4471.4713238182585,4.667510822601294,432.53255296742594
8279,4369.796716496661,-3.295838710974915e-05,432.532585925813
8280,4260.398841343701,-3.6586886783960653e-05,432.5326225126998
8281,4147.162582758489,-4.096195511873946e-05,432.53266347465495
8282,4042.3205209755624,-4.568921007756704e-05,432.53270916386504
8283,3953.17001767758,-5.0211303673342146e-05,432.5327593751687
8284,3885.919073257622,-5.368409989081572e-05,432.5328130592686
8285,3845.254999216595,-5.523200670524577e-05,432.5328682912754
8286,3834.017068332244,-5.440157504495605e-05,432.5329226928503
8287,3665.9438810624524,-5.169201940807149e-05,432.5329743848698
8288,3544.7745183706606,-4.7664702556348035e-05,432.53302204957237
8289,3477.833174596301,-0.0017663594768846326,432.53478840904927
8290,3489.2382696573504,-20.891793111541514,453.4265815205908
8291,3515.3955140271587,-0.0016951703580298724,453.4282766909488
8292,3614.1245493634356,4.626502728310418e-06,453.42827206444605
8293,3756.2635590886766,6.160290468790094e-06,453.4282659041556
8294,3930.8124954213877,8.845722198773993e-06,453.4282570584335
8295,4124.893764605957,1.4202407577340171e-05,453.4282428560259
8296,4324.6678775854825,2.953532174907798e-05,453.4282133207041
8297,4516.259469584642,0.0004215012040020103,453.42779181950016
8298,4546.956819211011,139.68136185702596,313.7464299624741
8299,4527.320877873507,130.40947339766714,183.33695656480702
8300,4494.765746847411,104.05331759763364,79.28363896717337
8301,4451.02339785713,62.46131949578853,16.822319471384855
8302,4398.602792783147,8.546127289897491,8.276192181487364
8303,4286.717306338922,-5.166140636797157e-05,8.276243842893736
8304,3786.222861153329,-0.0006140522801047436,8.276857895173844
8305,3661.882592529057,-0.0008673000377009789,8.277725195211548
8306,3548.1504779778365,-0.002917874036888638,8.280643069248441
8307,3462.884289371028,-10.15334816356566,18.433991232814105
8308,3408.710633249868,-26.529062706713752,44.96305393952785
8309,3377.371868999315,-35.93125075838947,80.89430469791732
8310,3371.340830564735,-37.84028077422401,118.73458547214136
8311,3217.150926692302,-32.202135827501124,150.93672129964244
8312,3155.178705575051,-76.51679330515826,227.45351460480072
8313,3155.881893176711,-133.1805860544511,360.6341006592518
8314,3180.6008345479604,-158.72398647564356,519.3580871348954
8315,3209.4957196600344,-132.1842877618266,651.542374896722
8316,3240.319691320048,-54.06891768282792,705.6112925795499
8317,3342.1485672587687,-3.025682104055113e-05,705.611322836371
8318,3535.035936135062,0.00022236012542790494,705.6111004762455
8319,3752.1619242003485,0.0008295263489726493,705.6102709498965
8320,3970.977886804111,7.88806605258039,697.7222048973161
8321,4179.424224530846,20.187713081086446,677.5344918162298
8322,4372.800647891519,26.324490699469465,651.2100011167602
8323,4364.521027019393,21.65244880871029,629.55755230805
8324,4324.915958799266,15.179985895531845,614.3775664125181
8325,4263.995440878904,0.05578101709841634,614.3217853954196
8326,4163.153130324098,0.000346021208725658,614.321439374211
8327,4044.127270107272,0.00013238185757302056,614.3213069923535
8328,3919.0062915042763,6.87827133457418e-05,614.32123820964
8329,3788.0051094051623,-0.0005553702494362228,614.3217935798895
8330,3663.8486227408175,-0.0006908482505687826,614.3224844281399
8331,3554.604964581185,-0.0014559278446519396,614.3239403559847
8332,3469.34113668612,-2.046610398582031,616.3705507545668
8333,3420.033479470977,-12.595645842024961,628.9661965965917
8334,3402.056818438459,-23.37251013792118,652.3387067345129
8335,3243.676179992851,-27.298695444658,679.6374021791709
8336,3137.2267198426825,-38.923310360042294,718.5607125392132
8337,3140.2958637426937,-108.71993647691572,827.2806490161288
8338,3150.3638775163186,-130.4746322267495,957.7552812428785
8339,3162.111270370225,-98.71476008707674,1056.4700413299552
8340,3186.228757336085,-27.417146004161406,1083.8871873341166
8341,3299.7096933377757,-0.0006660835478890781,1083.8878534176645
8342,3476.988303181799,-0.00040075443991894954,1083.8882541721046
8343,3679.4626485605936,-0.0004256374821745047,1083.8886798095868
8344,3894.538585912128,-7.80448763435199e-05,1083.8887578544632
8345,4108.944815537458,-6.503042866982034e-05,1083.8888228848916
8346,4309.4777021216505,-5.677900374355781e-05,1083.8888796638953
8347,4307.961715601489,-5.270894564654677e-05,1083.8889323728413
8348,4276.82774773618,-5.142338946034699e-05,1083.8889837962304
8349,4218.768703552025,-5.241382077510988e-05,1083.8890362100515
8350,4138.337086974189,-5.5611243649759785e-05,1083.8890918212949
8351,4041.6204470503335,-6.130475448969291e-05,1083.8891531260497
8352,4318.008424929052,-3.886482411855458e-05,1083.8891919908738
8353,4210.905077808372,-4.290642500902409e-05,1083.8892348972988
8354,4110.361272471823,-4.775297920959167e-05,1083.889282650278
8355,4023.7445352728146,-5.313750209997238e-05,1083.88933578778
8356,3957.423938731395,-5.8465285253387626e-05,1083.8893942530653
8357,3916.3290893612234,-6.277760730442974e-05,1083.8894570306725
8358,3903.6093778100503,-6.498335537020429e-05,1083.889522014028
8359,3712.632754757007,-6.463464367712071e-05,1083.8895866486716
8360,3560.0009986682135,-6.16288419774003e-05,1083.8896482775135
8361,3457.291672728475,-0.00023583904308430926,1083.8898841165567
8362,3412.8286055125395,-0.0020434365059045015,1083.8919275530627
8363,3430.9440044419307,-0.0036165971268247612,1083.8955441501894
8364,3511.5222672584296,-0.0003991405654607477,1083.895943290755
8365,3651.3284674170854,-3.7848260257380026e-05,1083.8959811390152
8366,3840.906643244736,3.3698061323094505e-06,1083.8959777692091
8367,4064.642951306735,3.2154480532937365e-06,1083.895974553761
8368,4307.198853817315,3.261103245941136e-06,1083.8959712926578
8369,4551.95202790084,3.1683829356191646e-06,1083.8959681242748
8370,4648.443696374705,133.69342189825406,950.2025462260208
8371,4644.84918920552,119.5170025156171,830.6855437104037
8372,4629.941916300574,87.48476509365895,743.2007786167447
8373,4604.993090661022,39.495487860345,703.7052907563998
8374,4550.520338163801,8.33545335531409e-06,703.7052824209463
8375,4441.951710965195,-8.39004094485999e-06,703.7052908109873
8376,4330.178949162319,-1.1209349219030826e-05,703.7053020203365
8377,4215.281352117882,-1.4610079327629317e-05,703.7053166304157
8378,4109.137108733845,-1.876059068219069e-05,703.7053353910065
8379,4019.104733851234,-2.3626671786363297e-05,703.7053590176785
8380,3951.460882445714,-2.860796278835284e-05,703.7053876256412
8381,3910.9678624044695,-3.2488081523238394e-05,703.7054201137227
8382,3900.5442005608306,-3.368220238622706e-05,703.705453795925
8383,3722.374450048982,-7.475019324862244e-05,703.7055285461182
8384,3590.828707120141,-0.0004098464035148388,703.7059383925217
8385,3559.665040845209,-45.29970995044019,749.0056483429618
8386,3559.718897449572,-62.235507928071634,811.2411562710334
8387,3559.6987510541917,-19.165842385702838,830.4069986567363
8388,3639.8178067376625,-0.00015361554547895518,830.4071522722819
8389,3787.956750467799,-5.219681729994659e-05,830.4072044690992
8390,3974.46724153087,-2.7273914704943243e-05,830.4072317430139
8391,4186.518002628576,-1.6758264853138242e-05,830.4072485012787
8392,4409.798780926555,-1.1166504967275813e-05,830.4072596677836
8393,4629.44986269921,-7.745854443014551e-06,830.4072674136379
8394,4759.489322388396,71.50904588036185,758.8982215332762
8395,4748.860124691673,64.46338789566967,694.4348336376065
8396,4725.830378616642,39.87830781123479,654.5565258263717
8397,4691.480813936517,5.906666940486701e-06,654.5565199197049
8398,4595.791039466551,-7.2304859036199915e-06,654.5565271501907
8399,4485.265055436708,-1.0057611925043916e-05,654.5565372078025
8400,4371.390676687795,-1.2263683712130985e-05,654.5565494714863
8401,4254.641309047302,-1.5094099620486077e-05,654.5565645655859
8402,4146.950252710918,-1.8604415392044648e-05,654.5565831700012
8403,4055.801423725533,-2.269876604779477e-05,654.5566058687673
8404,3987.5535781117405,-2.6810996717502992e-05,654.5566326797641
8405,3947.001626826437,-2.991582674022533e-05,654.5566625955908
8406,3937.043598788623,-3.078313710203021e-05,654.5566933787279
8407,3765.918353272037,-5.796892622072133e-05,654.5567513476541
8408,3637.976081204642,-0.00015149431774778144,654.5569028419718
8409,3562.457258168093,-0.0018338879031239738,654.5587367298749
8410,3555.028107310476,-10.116436198160173,664.6751729280352
8411,3586.73696137368,-0.00039177761682245374,664.6755647056518
8412,3684.985576329661,-9.452121761566802e-05,664.6756592268696
8413,3832.5354174597232,-4.320960214011385e-05,664.6757024364716
8414,4018.573178292794,-2.4888631499755787e-05,664.675727325103
8415,4229.383401102203,-1.6197430555141203e-05,664.6757435225337
8416,4449.376672027014,-1.1354697189225258e-05,664.6757548772309
8417,4662.2767342802545,-8.357223677023058e-06,664.6757632344546
8418,4786.999994277405,65.36827204308436,599.3074911913702
8419,4786.999994276589,38.677368493731755,560.6301226976385
8420,4765.808062359313,1.6608391195296226,558.9692835781088
8421,4681.224468516996,5.027418169382999e-06,558.9692785506908
8422,4572.325754090234,-9.388745368172305e-06,558.969287939436
8423,4447.699992442371,-1.1373082485869646e-05,558.9692993125186
8424,4319.093246032444,-1.392153007188629e-05,558.9693132340486
8425,4187.60682300957,-1.7509167332292592e-05,558.969330743216
8426,4065.521017443361,-2.241270355180419e-05,558.9693531559195
8427,3960.793844753372,-2.8815166468726334e-05,558.9693819710859
8428,3880.2613183617154,-3.6447026933549485e-05,558.9694184181129
8429,3829.180037632951,-0.00016419569050871348,558.9695826138035
8430,3810.8747787575567,-0.00017881678285054078,558.9697614305862
8431,3670.9573649311665,-0.00022513634715932144,558.9699865669335
8432,3576.723829022391,-0.000409527921331258,558.9703960948548
8433,3543.0075229134754,-9.26328383068961,568.2336799255444
8434,3550.2057646776516,-6.037520193074691,574.271200118619
8435,3606.7246284991975,-0.0002199319102855186,574.2714200505293
8436,3716.9310319997035,-7.347362978086998e-05,574.271493524159
8437,3867.4769679644846,-3.765354071289682e-05,574.2715311776999
8438,4048.737373357074,-2.306398621451463e-05,574.271554241686
8439,4249.3823005221875,-1.5586818119680118e-05,574.2715698285042
8440,4457.0430100665835,-1.1201955002085101e-05,574.2715810304591
8441,4659.003036180034,-8.254918606969382e-06,574.2715892853778
8442,4745.864196159137,97.0231015251192,477.24848776025857
8443,4745.234400617041,91.65094328736198,385.5975444728966
8444,4730.296211191961,68.26667655996496,317.3308679129317
8445,4702.096735860719,28.652311297010794,288.67855661592085
8446,4638.210103062756,5.003060987733946e-06,288.67855161285985
8447,4527.317812505185,-9.921292365804247e-06,288.6785615341522
8448,4409.236302335432,-1.1970110497712192e-05,288.6785735042627
8449,4284.90588719215,-1.4625238726391589e-05,288.67858812950146
8450,4166.238670652974,-1.808455053032587e-05,288.678606214052
8451,4061.057310205816,-2.2430691928164874e-05,288.6786286447439
8452,3976.1950321623885,-0.00014831949258169337,288.67877696423653
8453,3917.0397844937356,-0.00018185256585845661,288.6789588168024
8454,3887.1802098772782,-0.00021975500845648868,288.6791785718108
8455,3697.7582681710546,-0.00028421320303103796,288.67946278501387
8456,3547.4619804531476,-0.00045279092166390633,288.6799155759355
8457,3487.071181443786,-40.10390211393565,328.78381768987117
8458,3492.538069058614,-88.78087792753402,417.56469561740516
8459,3501.754594558097,-80.28228963551044,497.8469852529157
8460,3514.065914666801,-14.531579855684345,512.3785651086
8461,3633.0807937503164,-0.0002525870181664614,512.3788176956182
8462,3813.2314049571746,-0.00016176570407447306,512.3789794613222
8463,4027.679888836101,-2.3988181011366433e-05,512.3790034495032
8464,4261.565560937776,-1.5174004838161748e-05,512.3790186235082
8465,4498.561460774738,-1.041630863985421e-05,512.3790290398168
8466,4611.029633665557,111.0612272728186,401.3178017669982
8467,4609.833719919077,104.59126315114968,296.7265386158485
8468,4597.611171707276,81.12240307067327,215.6041355451752
8469,4575.394039516861,42.454987750509545,173.14914779466565
8470,4536.400519471275,6.101385957753876e-06,173.14914169327974
8471,4440.487481849756,-3.2915486137420337e-06,173.14914498482835
8472,3962.619856397793,-0.00033823533181668225,173.14948322016014
8473,3859.7427748780246,-0.0005105909962534862,173.14999381115638
8474,3764.910498172514,-0.0009808118956863144,173.15097462305206
8475,3685.2756659654888,-0.004653025401610221,173.15562764845367
8476,3631.6614035810658,-4.722394660877709,177.8780223093314
8477,3602.413291549926,-7.855294605171594,185.733316914503
8478,3598.161963025191,-7.186351491647404,192.91966840615038
8479,3425.0502097790704,-2.640316806629633,195.55998521278
8480,3307.146325333771,-11.062908232728578,206.62289344550862
8481,3319.7417496948774,-99.10084595756639,305.723739403075
8482,3335.0442148377156,-133.80848186183096,439.53222126490596
8483,3351.997316237556,-112.73165825286182,552.2638795177678
8484,3370.0197965444213,-37.672456131169895,589.9363356489376
8485,3474.5189431026615,-0.00028897879248455694,589.9366246277301
8486,3656.647564473738,-0.00013335475007279746,589.9367579824802
8487,3867.0178383548064,-0.0001196387592883143,589.9368776212395
8488,4092.0591433118143,-1.7729854155094478e-07,589.936877798538
8489,4317.1812297627475,3.228457028317735e-07,589.9368774756923
8490,4477.182608481984,50.488538223660605,539.4483392520317
8491,4466.891924499172,41.3261028831591,498.1222363688727
8492,4445.024763092446,14.071734257001113,484.05050211187154
8493,4383.720406932011,-0.0001544034566589454,484.05065651532817
8494,4287.310210354797,-0.00019294389297442466,484.0508494592211
8495,4176.545540089131,-0.00026200543551025573,484.0511114646566
8496,4062.5234364389644,-0.0003941746429720851,484.05150563929965
8497,3946.6081394907073,-0.0007385564695919691,484.0522441957693
8498,3840.324044393629,-0.002376073915662323,484.0546202696849
8499,3753.445872831359,-2.280276351563275,486.3348966212481
8500,3689.6244615971286,-4.112739402976211,490.4476360242244
8501,3648.5731885871487,-0.4039223631333127,490.8515583873577
8502,3642.0552581347224,-0.002048709253344218,490.8536070966111
8503,3454.5806992183666,-0.0008015153590628001,490.85440861197014
8504,3343.4735000666687,-30.940966507884752,521.7953751198548
8505,3369.016760450363,-142.29005890480474,664.0854340246597
8506,3397.9715482084325,-193.98109803584077,858.0665320605005
8507,3411.62523322059,-165.0485803127974,1023.1151123732977
8508,3412.712162117882,-60.78597131421897,1083.9010836875168
8509,3512.812398311246,-0.00022836378255219417,1083.9013120512993
8510,3717.8617880338247,-1.9838143148536656e-06,1083.9013140351135
8511,3952.4181142112197,-1.9203649066233902e-06,1083.9013159554786
8512,4199.672262760516,-1.8405393064768421e-06,1083.9013177960178
8513,4441.97082047853,-1.7860820227392704e-06,1083.9013195820999
8514,4662.186823475387,5.1921079851227416e-05,1083.90126766102
8515,4649.392068814498,3.230208767922206e-05,1083.9012353589324
8516,4605.652529927715,2.386599069750827e-05,1083.9012114929417
8517,4534.309710122174,-3.0715257378805304e-06,1083.9012145644674
8518,4440.576607227217,-3.682957879244881e-06,1083.9012182474253
8519,4331.185352135435,-4.398407342633619e-06,1083.9012226458326
8520,4595.377194304517,1.2894314771499124e-05,1083.9012097515179
8521,4478.589392803355,-4.59802208674657e-06,1083.90121434954
8522,4370.5661536433145,-5.414797467250927e-06,1083.9012197643374
8523,4279.010102503794,-6.2601478334570325e-06,1083.9012260244851
8524,4210.503823435929,-7.12066773300648e-06,1083.9012331451531
8525,4170.0606671608875,-7.957304843697538e-06,1083.901241102458
8526,4160.7814137071855,-8.726335775451428e-06,1083.9012498287937
8527,4019.7714271164214,-1.0676622239053628e-05,1083.901260505416
8528,3924.1122705585494,-1.2833119219893676e-05,1083.9012733385352
8529,3879.6031883772675,-1.508700000149708e-05,1083.9012884255353
8530,3888.4845252243063,-1.7269108244010557e-05,1083.9013056946435
8531,3949.4396530202275,-1.9242398853025677e-05,1083.9013249370423
8532,4057.8143025397208,-2.1061259269628133e-05,1083.9013459983018
8533,4206.01983160778,-2.3168274651377568e-05,1083.9013691665764
8534,4384.081464639417,-2.7051067893470948e-05,1083.9013962176443
8535,4580.290957536842,-4.099962207907918e-05,1083.9014372172662
8536,4781.924699676314,2.5517264644193535e-07,1083.9014369620934
8537,4858.390952697952,117.60113872018691,966.3002982419066
8538,4879.006856678231,270.97436039895774,695.3259378429489
8539,4860.61938804243,270.96714577689215,424.3587920660568
8540,4854.81041169054,226.09456386594712,198.2642282001096
8541,4854.696712617706,146.45952044102185,51.804707759087776
8542,4845.6824199149805,51.80469385672449,1.390236328869119e-05
8543,4776.62713461676,-1.955502384239367e-07,1.4097913527253993e-05
8544,4649.624083881093,-0.00012820341379166051,0.00014230132731890555
8545,4518.572503756656,-0.00010570885390693074,0.00024801018122581843
8546,4395.16482423992,-0.00011782361017160694,0.0003658337913974015
8547,4287.377652974535,-0.00014627601605114076,0.0005121098074485134
8548,4202.126103494616,-0.00018770076635026058,0.0006998105737987407
8549,4144.804043259375,-0.00022532473376468017,0.0009251353075633831
8550,4118.927578654665,-0.00022288148888605699,0.0011480167964493982
8551,3984.8809825924636,-37.20708344984311,37.20823146663956
8552,3984.522593131859,-165.77190666300748,202.98013812964703
8553,3984.484170106669,-243.1617438145584,446.1418819442055
8554,3984.0173630656154,-262.88903832070474,709.0309202649103
8555,3984.027636789088,-224.03860303511453,933.0695233000247
8556,3983.7682882620816,-128.17071978662744,1061.2402430866523
8557,4001.622692401312,-0.0014262012556074026,1061.2416692879078
8558,4188.115272539398,-0.00012064806507367873,1061.2417899359727
8559,4402.219238778098,-5.751954538885772e-05,1061.2418474555182
8560,4629.086100096159,-3.631708826023928e-05,1061.2418837726063
8561,4786.99999738205,65.9649422891184,995.276941483488
8562,4787.376982501383,270.9753560772966,724.3015854061914
8563,4786.999997381859,264.6221975501937,459.67938785599785
8564,4786.999997381091,226.98600712926762,232.69338072673025
8565,4786.999997380547,161.11855377107463,71.5748269556556
8566,4786.999997373679,71.57419376358945,0.0006331920661522598
8567,4751.462846202667,-5.8156690458774765e-06,0.0006390077351980712
8568,4637.095246949694,-2.2893851136979136e-05,0.000661901586335002
8569,4517.183685759851,-2.5297117504855837e-05,0.0006871987038398223
8570,4402.741650566151,-2.880904863150076e-05,0.0007160077524712972
8571,4301.241476652824,-3.3480159358643e-05,0.0007494879118299235
8572,4219.176213081049,-3.875035070445172e-05,0.0007882382625343657
8573,4161.617279235354,-4.318692287575741e-05,0.0008314251854101206
8574,4131.872030672838,-4.4693061352370674e-05,0.0008761182467624956
8575,3954.945718326547,-9.710020680938438e-05,0.0009732184535718899
8576,3817.000868288093,-0.001560600492574068,0.0025338189461459725
8577,3803.388378825316,-77.25491479944316,77.2574486183893
8578,3803.3737060317007,-115.94737295006237,193.20482156845165
8579,3803.3695744503684,-100.68904850026938,293.89387006872107
8580,3803.3940479061052,-33.04295911530518,326.93682918402624
8581,3885.6513781589824,-0.00015114122743901582,326.93698032525367
8582,4040.8272003349616,-5.243640609584319e-05,326.9370327616598
8583,4225.590122093878,-2.9028146084484225e-05,326.9370617898059
8584,4427.689865558744,-1.906107527255168e-05,326.93708085088116
8585,4633.609713907195,-1.3511663202995817e-05,326.93709436254437
8586,4714.339107217438,115.01779826958305,211.91929609296133
8587,4699.653956960038,103.8308986539697,108.08839743899162
8588,4674.31236827301,75.67955316764458,32.40884427134703
8589,4639.635784118306,32.407425339810494,0.0014189315365405301
8590,4574.567316108964,3.7535646861404736e-06,0.0014151779718544492
8591,4463.919170889316,-1.590927466779249e-05,0.0014310872465223
8592,4350.403443638385,-1.9464592376223763e-05,0.0014505518388985815
8593,4235.924280304443,-2.4359406185979472e-05,0.0014749112450846197
8594,4131.207156399385,-3.119663221440727e-05,0.0015061078772990852
8595,4043.4157479310857,-0.00038746587960934904,0.001893573756908491
8596,3978.6100619399103,-0.0002972560688416974,0.0021908298257502404
8597,3941.321819056854,-0.00025835205426442574,0.002449181880014716
8598,3934.2291355839698,-0.00021695762653084087,0.002666139506545605
8599,3740.457373042412,-0.0004113110192450848,0.003077450525790737
8600,3697.429725413997,-106.5782519864019,106.58132943692769
8601,3707.5790453343106,-211.8535680813849,318.43489751831265
8602,3682.0298999049874,-220.38258950106027,538.8174870193728
8603,3707.795131459751,-216.81231151815211,755.6297985375251
8604,3707.6210469419448,-125.89491734855751,881.5247158860825
8605,3727.631293548165,-0.0006549756424817876,881.5253708617249
8606,3918.6315429696488,-5.683079483197961e-05,881.5254276925197
8607,4142.921992318675,-2.5346910402273684e-05,881.5254530394301
8608,4385.174852667899,-1.4285104044430514e-05,881.5254673245341
8609,4624.249132231577,6.966584663145256e-06,881.5254603579494
8610,4670.895603355089,171.68476514332747,709.840695214622
8611,4651.587123921779,163.62009577370858,546.2205994409136
8612,4619.475914707108,137.49317468064365,408.7274247602698
8613,4576.267262485989,95.13881717809119,313.58860758217867
8614,4524.435362730622,39.47758379221468,274.111023789964
8615,4441.383200081143,-5.9030800281159045e-05,274.1110828207643
8616,4314.597400509519,-9.858776837429e-05,274.11118140853256
8617,4186.306719121226,-0.0001379252950416205,274.1113193338276
8618,4067.7477475440187,-0.00021596850830207264,274.1115353023359
8619,3966.6926038275406,-0.0004108914941098818,274.1119461938301
8620,3889.7735530161685,-0.0011958187930046144,274.11314201262303
8621,3843.8230066922524,-1.7898665076464997,275.90300852026957
8622,3826.5997079814874,-0.006827366193640683,275.9098358864631
8623,3661.684350394033,-0.0008511843791727535,275.9106870708423
8624,3561.926714968554,-18.011773381404392,293.9224604522467
8625,3581.703892429224,-101.18252929831914,395.10498975056584
8626,3605.989374388838,-130.92394317207487,526.0289329226406
8627,3633.482109603513,-106.16660491637715,632.1955378390178
8628,3662.380087555194,-29.02591444622104,661.2214522852388
8629,3785.898210840314,-0.00017040949043259625,661.2216226947294
8630,3974.800915880236,-7.833281780332702e-05,661.2217010275472
8631,4187.706945630788,-9.60858714887944e-06,661.2217106361342
8632,4410.818956908239,1.924081831333472e-05,661.221691395316
8633,4629.740301785332,0.0008099897741643707,661.2208814055418
8634,4655.280214100273,175.0770075472209,486.14387385832094
8635,4651.95376316662,168.6005366067785,317.54333725154254
8636,4632.790377613406,146.78096632643494,170.76237092510755
8637,4600.989358602267,109.59880444523164,61.163566479875904
8638,4558.823440030567,59.869289939216316,1.2942765406595915
8639,4509.2556133111175,1.2786794499628822,0.015597090696709214
8640,4018.454343129642,-0.00011770176315016717,0.01571479245985919
8641,3901.6263644621836,-0.0001813956588575769,0.01589618811871626
8642,3792.9894519202444,-0.00041639373722849893,0.01631258185594393
8643,3704.186264272662,-3.839013291355996,3.8553258732119384
8644,3648.373198338217,-17.948303743349875,21.803629616561814
8645,3618.092814153035,-29.682856264785947,51.48648588134776
8646,3612.206450965225,-34.60348956378671,86.08997544513447
8647,3448.8341246849923,-32.307715590612816,118.39769103574727
8648,3391.0275071348233,-90.62974431280067,209.02743534854795
8649,3392.2600554465016,-154.27372162001708,363.301156968565
8650,3406.520914069363,-172.31005560923614,535.6112125778012
8651,3433.0969713394225,-143.3532508481739,678.9644634259752
8652,3462.7267846044624,-61.78382612728305,740.7482895532581
8653,3560.122065372665,-0.00024847403592410586,740.748538027294
8654,3756.1358405707124,-0.00010066819444912956,740.7486386954886
8655,3975.238061414607,-6.770982620683542e-05,740.7487064053148
8656,4202.1312505240685,-5.287667638403263e-05,740.748759281991
8657,4421.125230626292,1.1588372163979897e-05,740.748747693619
8658,4577.974024016947,39.33005076531968,701.4186969282991
8659,4582.272798528814,28.497852308049797,672.9208446202492
8660,4572.6511463245,1.432579223820669e-05,672.9208302944571
8661,4505.913669154067,1.2516595489988286e-05,672.9208177778615
8662,4415.43511258307,-6.005321532866804e-06,672.9208237831831
8663,4307.6674633455095,-9.789350559545599e-06,672.9208335725338
8664,4192.8145760472,-1.41018777278672e-05,672.9208476744116
8665,4073.8522743434883,-6.105943614056115e-05,672.9209087338477
8666,3961.6693923578437,-7.12780967355875e-05,672.9209800119443
8667,3864.0447246260132,-8.392227436255838e-05,672.9210639342188
8668,3787.7395088126846,-9.813356942241817e-05,672.9211620677881
8669,3738.0445588314324,-0.00011099777448868096,672.9212730655627
8670,3718.428555586048,-0.00011782283575345544,672.9213908883984
8671,3572.5487346267014,-0.0002199752088865534,672.9216108636074
8672,3496.1138443324794,-29.473680057721346,702.3952909213286
8673,3504.725288214675,-97.29889456370051,799.6941854850292
8674,3517.6447052209373,-118.85067328753564,918.5448587725648
8675,3534.199456864805,-92.57540282884055,1011.1202616014054
8676,3553.1810746988067,-19.412161794131727,1030.532423395537
8677,3670.1718766054014,-0.0002069780098965309,1030.5326303735471
8678,3843.1211753737502,-5.7590686533764885e-05,1030.5326879642337
8679,4042.636790565692,-3.107531096948646e-05,1030.5327190395446
8680,4256.976050794267,-1.9908816502432594e-05,1030.5327389483612
8681,4473.25259874716,-1.3877943725837873e-05,1030.5327528263049
8682,4627.746555537045,50.40166564851709,980.1310871777875
8683,4631.186585827723,44.84830090790036,935.2827862698872
8684,4622.989475562855,21.538175115992622,913.7446111538947
8685,4586.381953899961,5.476423068701633e-06,913.7446056774716
8686,4506.1691801617335,-1.450363839511003e-05,913.7446201811099
8687,4409.950563740668,-1.8126014404962224e-05,913.7446383071243
8688,4665.418568008738,20.079050888130954,893.6655874189934
8689,4579.198103228488,5.160181776362727e-06,893.6655822588117
8690,4479.408047052025,-1.578509449817007e-05,893.6655980439061
8691,4393.3192895006105,-1.9179845843947066e-05,893.665617223752
8692,4327.105742900835,-2.240273645941206e-05,893.6656396264885
8693,4285.492327097831,-2.4914519457944313e-05,893.6656645410079
8694,4271.425076249893,-2.589814486037408e-05,893.6656904391527
8695,4075.3493000641115,-5.004379597828447e-05,893.6657404829486
8696,3919.1979738123014,-0.00014866086562395918,893.6658891438143
8697,3834.856278757368,-20.547485577404522,914.2133747212189
8698,3834.7808016653385,-66.44497335246,980.6583480736789
8699,3834.480027401684,-49.871822955318116,1030.5301710289968
8700,3861.8289910792837,-0.0005394943930052317,1030.5307105233899
8701,3994.1388898106384,-8.089322918220872e-05,1030.530791416619
8702,4171.554301304577,-3.639058221346619e-05,1030.5308278072011
8703,4380.726684316636,-2.1152107639955038e-05,1030.530848959309
8704,4605.97481748623,-1.38798549863262e-05,1030.5308628391638
8705,4786.999994662759,43.49196688736937,987.0388959517943
8706,4797.1821011715565,240.4461978178573,746.5926981339372
8707,4786.999994638957,218.1978774726852,528.3948206612521
8708,4758.576920016051,185.38045456772684,343.01436609352527
8709,4718.594732442081,138.80797823942152,204.2063878541037
8710,4670.99291736375,79.8174090294068,124.38897882469692
8711,4618.670920832332,12.215827646437242,112.17315117825967
8712,4507.700486988279,-1.20645285738523e-05,112.17316324278825
8713,4384.631626092968,-2.142272166690896e-05,112.17318466550992
8714,4272.1124274386875,-2.8524151270844985e-05,112.1732131896612
8715,4177.546171766309,-3.827434953838257e-05,112.17325146401073
8716,4107.179874425081,-0.00011478441307268693,112.1733662484238
8717,4065.670356981704,-0.0001257572583742204,112.17349200568218
8718,4055.75694783484,-0.000128851854002845,112.17362085753616
8719,3882.0623869945834,-0.0010086679105444356,112.17462952544673
8720,3868.941862276934,-116.40257441916687,228.57720394461361
8721,3869.076733564092,-193.54548655056325,422.12269049517687
8722,3868.6774031964246,-212.754636712125,634.8773272073017
8723,3868.7485708301756,-173.88987694564142,808.7672041529432
8724,3868.6715090404678,-78.99372439685752,887.7609285498007
8725,3934.0683833024573,-0.0001854380390039566,887.7611139878397
8726,4118.436176583195,-4.749887565724827e-05,887.7611614867154
8727,4330.471830199232,-2.4476965526490693e-05,887.761185963681
8728,4555.888175530029,-1.535085742349238e-05,887.7612013145383
8729,4777.79993541497,1.4984320698530251,886.2627692446853
8730,4774.12585273873,211.06289963339097,675.1998696112944
8731,4755.309517472728,200.88034699428215,474.3195226170121
8732,4722.057219053291,172.60420028711434,301.71532232989784
8733,4676.0065523389285,128.0340704314088,173.68125189848908
8734,4619.623331593855,70.05589331752306,103.62535858096604
8735,4556.043398541307,2.4451502088648884,101.18020837210113
8736,4420.744478527279,-8.052610430908191e-05,101.18028889820545
8737,4280.495173197934,-0.00010844241605330634,101.18039734062151
8738,4148.5776949317515,-0.00014081932370384848,101.1805381599452
8739,4032.9884495973342,-0.0001922170893118088,101.18073037703454
8740,3940.615990288701,-0.0002785195128202896,101.18100889654735
8741,3876.7840291653843,-0.00043644426160058226,101.18144534080895
8742,3844.900068417029,-0.0007584887780018615,101.18220382958694
8743,3645.067250505967,-0.0012169151218099684,101.18342074470877
8744,3562.701810654239,-68.46868971151817,169.65211045622692
8745,3573.5466705304816,-171.37498050632036,341.0270909625473
8746,3589.4065417075635,-215.0886341694507,556.115725131998
8747,3610.374373331062,-199.00602876667327,755.1217538986713
8748,3633.5977484355103,-124.3432656906669,879.4650195893381
8749,3659.503024595255,-0.004998102202643954,879.4700176915408
8750,3849.9143586452574,-0.0001567335798368097,879.4701744251206
8751,4065.599264063952,-0.00010658218472561598,879.4702810073052
8752,4290.11302579562,-8.735888518514486e-05,879.4703683661904
8753,4506.754064575115,-1.0101442690052835e-05,879.4703784676332
8754,4583.952288835804,115.86444827826777,763.6059301893654
8755,4577.432306227704,105.87135029921076,657.7345798901546
8756,4557.046920086104,78.93545734584282,578.7991225443118
8757,4523.9701770021475,36.84859271593984,541.9505298283719
8758,4462.686812130976,-7.883821702128594e-05,541.9506086665889
8759,4348.031805329297,-0.0001160530111427231,541.9507247196002
