timestamp,load_mw,available_nd_mw,net_load_mw,solar_mw,wind_mw
2025-01-01 00:00:00+00:00,4908.932563710001,479.0687284593452,4429.863835250656,0.0,479.0687284593452
2025-01-01 01:00:00+00:00,4792.202039141999,476.44565406910414,4315.756385072895,0.0,476.44565406910414
2025-01-01 02:00:00+00:00,4682.583965682,471.864384044989,4210.719581637011,0.0,471.864384044989
2025-01-01 03:00:00+00:00,4587.704636382,465.43973792021677,4122.264898461784,0.0,465.43973792021677
2025-01-01 04:00:00+00:00,4514.139223355998,457.3551675924021,4056.784055763596,0.0,457.3551675924021
2025-01-01 05:00:00+00:00,4466.965888434001,447.855446868869,4019.1104415651316,0.0,447.855446868869
2025-01-01 06:00:00+00:00,4449.422868366,437.23685987237843,4012.186008493622,0.0,437.23685987237843
2025-01-01 07:00:00+00:00,4462.691827397998,642.2093587552255,3820.482468642773,216.37406086139518,425.83529789383033
2025-01-01 08:00:00+00:00,4505.822052732003,829.9727550974883,3675.849297634514,415.96001575830775,414.0127393391806
2025-01-01 09:00:00+00:00,4575.800659626001,987.0274587174513,3588.77320090855,584.8847825805275,402.14267613692385
2025-01-01 10:00:00+00:00,4667.763775122003,1102.3004054609573,3565.4633696610454,711.7053288727333,390.595076588224
2025-01-01 11:00:00+00:00,4775.334281844001,1167.9128151722784,3607.421466671723,788.19131169679,379.72150347548853
2025-01-01 12:00:00+00:00,4891.062829043999,1179.6770669424368,3711.3857621015622,809.8360725264716,369.84099441596516
2025-01-01 13:00:00+00:00,5006.942013905997,1137.2971764267877,3869.644837479209,776.0698960315356,361.22728039525214
2025-01-01 14:00:00+00:00,5114.958448151998,1044.2740244097618,4070.684423742236,690.1761547896594,354.0978696201023
2025-01-01 15:00:00+00:00,5207.644990085999,907.540654258348,4300.104335827651,558.9352139722752,348.60544028607285
2025-01-01 16:00:00+00:00,5278.595324646001,736.8724097489951,4541.722914897006,392.0405170484892,344.83189270050593
2025-01-01 17:00:00+00:00,5322.905708316002,544.1299640784202,4778.775744237582,201.3446571220485,342.7853069563717
2025-01-01 18:00:00+00:00,5337.513629195999,342.39993036372744,4995.113698832271,0.0,342.39993036372744
2025-01-01 19:00:00+00:00,5321.410212425997,343.5391872455342,4977.871025180463,0.0,343.5391872455342
2025-01-01 20:00:00+00:00,5275.711808178001,346.0016001989435,4929.7102079790575,0.0,346.0016001989435
2025-01-01 21:00:00+00:00,5203.585760898,349.5293655366326,4854.056395361368,0.0,349.5293655366326
2025-01-01 22:00:00+00:00,5110.035462923998,353.8192450362455,4756.2162178877525,0.0,353.8192450362455
2025-01-01 23:00:00+00:00,5001.559246781996,358.53531487654163,4643.023931905454,0.0,358.53531487654163
2025-01-02 00:00:00+00:00,4887.733181436002,363.3230586680668,4524.410122767936,0.0,363.3230586680668
2025-01-02 01:00:00+00:00,4772.587175370003,367.82422198951946,4404.762953380484,0.0,367.82422198951946
2025-01-02 02:00:00+00:00,4666.211945472,371.6918199645833,4294.520125507416,0.0,371.6918199645833
2025-01-02 03:00:00+00:00,4576.0982104740015,374.6046871960155,4201.493523277986,0.0,374.6046871960155
2025-01-02 04:00:00+00:00,4508.648268264001,376.28096750636666,4132.367300757634,0.0,376.28096750636666
2025-01-02 05:00:00+00:00,4468.734284910001,376.48999490550136,4092.2442900045,0.0,376.48999490550136
2025-01-02 06:00:00+00:00,4459.360262405999,375.06207487250794,4084.298187533491,0.0,375.06207487250794
2025-01-02 07:00:00+00:00,4481.450948268,566.0428123587739,3915.4081359092256,194.1470375101869,371.89577484858694
2025-01-02 08:00:00+00:00,4533.782160684,743.0460404331851,3790.7361202508146,376.08363440241214,366.96240603077297
2025-01-02 09:00:00+00:00,4613.057466906001,893.7843520193182,3719.2731148866824,533.4768174652052,360.30753455411315
2025-01-02 10:00:00+00:00,4714.126111758001,1007.5221336194788,3706.6039781385216,655.4726906650494,352.0494429544295
2025-01-02 11:00:00+00:00,4830.327548634003,1075.836767708784,3754.4907809252186,733.4621555611568,342.3746121476272
2025-01-02 12:00:00+00:00,4953.939225018001,1093.2569788714245,3860.6822461465763,761.7265752896773,331.5304035817473
2025-01-02 13:00:00+00:00,5076.697198902002,1057.7238573549841,4018.973341547018,737.9086067549865,319.81525059999757
2025-01-02 14:00:00+00:00,5190.3543520500025,970.8280450469496,4219.526307003053,663.2613023220354,307.5667427249142
2025-01-02 15:00:00+00:00,5287.238174820001,837.7902550632207,4449.447919756781,542.6421472399643,295.14810782325645
2025-01-02 16:00:00+00:00,5360.7702499680045,667.1709755138575,4693.599274454147,384.23734069699776,282.9336348168597
2025-01-02 17:00:00+00:00,5405.912133509999,470.3174244993053,4935.594709010694,199.02378796653912,271.29363653276613
2025-01-02 18:00:00+00:00,5419.507247196,260.57956559382137,5158.927681602179,0.0,260.57956559382137
2025-01-02 19:00:00+00:00,5400.4956127919995,251.10989329361902,5149.38571949838,0.0,251.10989329361902
2025-01-02 20:00:00+00:00,5349.986682978,243.15733552327035,5106.82934745473,0.0,243.15733552327035
2025-01-02 21:00:00+00:00,5271.185428739999,236.93793070960103,5034.247498030398,0.0,236.93793070960103
2025-01-02 22:00:00+00:00,5169.176548829998,232.60244071538588,4936.5741081146125,0.0,232.60244071538588
2025-01-02 23:00:00+00:00,5050.581580421999,230.23040444098154,4820.351175981018,0.0,230.23040444098154
2025-01-03 00:00:00+00:00,4925.019097320001,229.8270999341245,4695.191997385876,0.0,229.8270999341245
2025-01-03 01:00:00+00:00,4796.956311545999,231.32353551802044,4565.632776027978,0.0,231.32353551802044
2025-01-03 02:00:00+00:00,4676.592679415999,234.57946845907168,4442.013210956927,0.0,234.57946845907168
2025-01-03 03:00:00+00:00,4571.673045156,239.38932992479315,4332.283715231207,0.0,239.38932992479315
2025-01-03 04:00:00+00:00,4488.873557448,245.49080929705937,4243.382748150941,0.0,245.49080929705937
2025-01-03 05:00:00+00:00,4433.353620906,252.57575405412976,4180.77786685187,0.0,252.57575405412976
2025-01-03 06:00:00+00:00,4408.411229334001,260.3029253607314,4148.10830397327,0.0,260.3029253607314
2025-01-03 07:00:00+00:00,4415.265079638002,449.0279717138413,3966.2371079241607,180.71586804657136,268.3121036672699
2025-01-03 08:00:00+00:00,4452.978092808,620.5373891044453,3832.4407037035544,344.2984377256641,276.2389513787812
2025-01-03 09:00:00+00:00,4518.527428128003,763.7266764746353,3754.800751653367,479.9966442136564,283.7300322609789
2025-01-03 10:00:00+00:00,4607.016133523999,869.846725084508,3737.1694084394912,579.3893526202772,290.45737246423073
2025-01-03 11:00:00+00:00,4712.011771698001,933.0019885083359,3779.0097831896655,636.8700264148417,296.1319620934941
2025-01-03 12:00:00+00:00,4825.988941326002,950.4091133570698,3875.5798279689316,649.8934638733673,300.5156494837025
2025-01-03 13:00:00+00:00,4940.845392713999,922.416951767242,4018.428440946757,618.9860144990482,303.4309372681938
2025-01-03 14:00:00+00:00,5048.456503860002,852.3094034519119,4196.14710040809,547.5411217084018,304.7682817435101
2025-01-03 15:00:00+00:00,5141.230257071998,745.9283282754536,4395.3019287965435,441.4377314325571,304.4905968428965
2025-01-03 16:00:00+00:00,5212.6249581,611.1635955261071,4601.461362573893,308.528822075042,302.6347734510651
2025-01-03 17:00:00+00:00,5257.594277082,457.36069472557875,4800.233582356422,158.05053537547326,299.3101593501055
2025-01-03 18:00:00+00:00,5272.929450684,294.69405746396296,4978.235393220037,0.0,294.69405746396296
2025-01-03 19:00:00+00:00,5257.4752592879995,289.0244242756614,4968.450835012338,0.0,289.0244242756614
2025-01-03 20:00:00+00:00,5212.205212200001,282.5900759768526,4929.6151362231485,0.0,282.5900759768526
2025-01-03 21:00:00+00:00,5140.150829267998,275.71879197445196,4864.432037293546,0.0,275.71879197445196
2025-01-03 22:00:00+00:00,5046.190024469998,268.7638140600294,4777.426210409969,0.0,268.7638140600294
2025-01-03 23:00:00+00:00,4936.7090948700015,262.08928834313565,4674.619806526865,0.0,262.08928834313565
2025-01-04 00:00:00+00:00,4442.799460469997,256.0552414093005,4186.744219060696,0.0,256.0552414093005
2025-01-04 01:00:00+00:00,4325.191554558,251.00272060838356,4074.188833949616,0.0,251.00272060838356
2025-01-04 02:00:00+00:00,4215.530628413998,247.23968919469024,3968.290939219308,0.0,247.23968919469024
2025-01-04 03:00:00+00:00,4121.272832712,245.02826630093298,3876.2445664110674,0.0,245.02826630093298
2025-01-04 04:00:00+00:00,4048.808901648001,244.5738344494652,3804.235067198536,0.0,244.5738344494652
2025-01-04 05:00:00+00:00,4003.0228195020018,246.0164471064493,3757.0063723955523,0.0,246.0164471064493
2025-01-04 06:00:00+00:00,3986.953665365999,249.42491185652577,3737.528753509473,0.0,249.42491185652577
2025-01-04 07:00:00+00:00,4001.5838228099997,418.84561862048577,3582.738204189514,164.05185501798533,254.79376360250046
2025-01-04 08:00:00+00:00,4045.7680748519997,583.293410253201,3462.474664598799,321.2501286833603,262.04328156984076
2025-01-04 09:00:00+00:00,4116.308547372002,731.8073291882799,3384.501218183722,460.7848079060101,271.0225212822698
2025-01-04 10:00:00+00:00,4208.170448748001,854.1011992287062,3354.0692495192948,572.5859360505945,281.5152631781117
2025-01-04 11:00:00+00:00,4314.823987782,941.3098551208279,3373.514132661172,648.0612411927933,293.24861392803456
2025-01-04 12:00:00+00:00,4428.689185578001,986.6927090666095,3441.996476511392,680.7887857450371,305.90392332157245
2025-01-04 13:00:00+00:00,4541.653276524,986.2317280556622,3555.4215484683377,667.1021638006995,319.12956425496276
2025-01-04 14:00:00+00:00,4645.625451599998,939.0625666715838,3706.5628849284144,606.5075172513374,332.5550494202464
2025-01-04 15:00:00+00:00,4733.0910756779995,847.6865519325352,3885.4045237454643,501.8806335605604,345.8059183719748
2025-01-04 16:00:00+00:00,4797.627548658,717.927109444649,4079.700439213351,359.4083362462218,358.51877319842725
2025-01-04 17:00:00+00:00,4834.346618808003,558.6158256754122,4275.73079313259,188.25997060398012,370.35585507143213
2025-01-04 18:00:00+00:00,4840.232826492002,381.0185657781017,4459.214260713899,0.0,381.0185657781017
2025-01-04 19:00:00+00:00,4814.354997564001,390.25937900071483,4424.095618563286,0.0,390.25937900071483
2025-01-04 20:00:00+00:00,4757.936109108,397.89165265031625,4360.044456457684,0.0,397.89165265031625
2025-01-04 21:00:00+00:00,4674.276776483998,403.7969437573592,4270.479832726639,0.0,403.7969437573592
2025-01-04 22:00:00+00:00,4568.5372824,407.92952871037585,4160.607753689624,0.0,407.92952871037585
2025-01-04 23:00:00+00:00,4447.392931379999,410.31794031456275,4037.0749910654363,0.0,410.31794031456275
2025-01-05 00:00:00+00:00,4320.25177101,411.0634595669059,3909.1883114430943,0.0,411.0634595669059
2025-01-05 01:00:00+00:00,4192.070616467999,410.33562942650354,3781.734987041495,0.0,410.33562942650354
2025-01-05 02:00:00+00:00,4072.7908238220007,408.3649665396554,3664.425857282345,0.0,408.3649665396554
2025-01-05 03:00:00+00:00,3970.1169892019993,405.4331821759308,3564.6838070260683,0.0,405.4331821759308
2025-01-05 04:00:00+00:00,3890.6625221099985,401.86129830334426,3488.801223806654,0.0,401.86129830334426
2025-01-05 05:00:00+00:00,3839.503077354001,397.9961571083096,3441.5069202456916,0.0,397.9961571083096
2025-01-05 06:00:00+00:00,3819.8338735619986,394.1958754975073,3425.6379980644915,0.0,394.1958754975073
2025-01-05 07:00:00+00:00,3832.7541826139995,590.314912952511,3242.4392696614887,199.50008060674003,390.814832345771
2025-01-05 08:00:00+00:00,3877.193633376,772.6148128709872,3104.578820505013,384.4259937359858,388.1888191350014
2025-01-05 09:00:00+00:00,3949.9853819579994,928.6932312635786,3021.292150694421,542.0722895153634,386.6209417482151
2025-01-05 10:00:00+00:00,4046.081041128002,1048.1658254496256,2997.9152156783766,661.7969502196007,386.36887523002486
2025-01-05 11:00:00+00:00,4158.892890936,1123.354569588606,3035.5383213473942,735.7205990300589,387.6339705585471
2025-01-05 12:00:00+00:00,4280.739958949997,1149.7566852389389,3130.9832737110582,759.2040067741985,390.55267846474027
2025-01-05 13:00:00+00:00,4403.367767064,1126.2736302569404,3277.09413680706,731.0829976498661,395.1906326070742
2025-01-05 14:00:00+00:00,4518.506298726,1055.1996346144158,3463.306664111584,653.6600014926358,401.53963312177996
2025-01-05 15:00:00+00:00,4618.428373398001,941.9867135118252,3676.441659886176,532.4690506238052,409.51766288802
2025-01-05 16:00:00+00:00,4696.470419927999,794.8166594990394,3901.6537604289592,375.8447296449936,418.9719298540457
2025-01-05 17:00:00+00:00,4747.480355394,624.0194937140043,4123.460861679996,194.3346787997881,429.6848149142162
2025-01-05 18:00:00+00:00,4768.162162763997,441.38247840202325,4326.7796843619735,0.0,441.38247840202325
2025-01-05 19:00:00+00:00,4757.293857582002,453.7457754979609,4303.548082084041,0.0,453.7457754979609
2025-01-05 20:00:00+00:00,4715.804132424003,466.42304065331876,4249.381091770684,0.0,466.42304065331876
2025-01-05 21:00:00+00:00,4646.70262266,479.04420353995624,4167.658419120044,0.0,479.04420353995624
2025-01-05 22:00:00+00:00,4554.86871,491.23567242037956,4063.63303757962,0.0,491.23567242037956
2025-01-05 23:00:00+00:00,4446.713350254,502.6353720369375,3944.0779782170625,0.0,502.6353720369375
2025-01-06 00:00:00+00:00,4709.430209274,512.9073179436642,4196.522891330335,0.0,512.9073179436642
2025-01-06 01:00:00+00:00,4591.708151141999,521.755132123407,4069.9530190185924,0.0,521.755132123407
2025-01-06 02:00:00+00:00,4481.335587078,528.9339527890575,3952.401634288942,0.0,528.9339527890575
2025-01-06 03:00:00+00:00,4385.874187506001,534.2602400632168,3851.6139474427846,0.0,534.2602400632168
2025-01-06 04:00:00+00:00,4311.835032161999,537.6190879115352,3774.215944250464,0.0,537.6190879115352
2025-01-06 05:00:00+00:00,4264.234319982,538.9687369881233,3725.2655829938767,0.0,538.9687369881233
2025-01-06 06:00:00+00:00,4246.2519941519995,538.3421020829004,3707.909892069099,0.0,538.3421020829004
2025-01-06 07:00:00+00:00,4259.0165030279995,743.7617204446286,3515.254782583371,207.91645802656126,535.8452624180674
2025-01-06 08:00:00+00:00,4301.530344552001,936.5564307017542,3364.9739138502473,404.9034700698424,531.6529606319117
2025-01-06 09:00:00+00:00,4370.741391240001,1103.1243328303249,3267.617058409676,577.1230235017102,526.0013093286148
2025-01-06 10:00:00+00:00,4461.755096231999,1231.3213453552466,3230.4337508767526,712.1433459094669,519.1779994457798
2025-01-06 11:00:00+00:00,4568.172949745999,1311.392137055183,3256.780812690816,799.8817281188348,511.5104089363482
2025-01-06 12:00:00+00:00,4682.534071278002,1336.768583544287,3345.7654877337145,833.4164853029264,503.3520982413606
2025-01-06 13:00:00+00:00,4796.829675119998,1304.662394456595,3492.167280663403,809.5941400153328,495.0682544412622
2025-01-06 14:00:00+00:00,4903.055200595997,1216.3903184698265,3686.6648821261706,729.3696532739048,487.0206651959218
2025-01-06 15:00:00+00:00,4993.762374426002,1077.3897118197733,3916.3726626062285,597.8368564834188,479.5528553363544
2025-01-06 16:00:00+00:00,5062.573336884,896.9073905958084,4165.665946288192,423.93141080895043,472.9759797868579
2025-01-06 17:00:00+00:00,5104.621741926,687.3736577363616,4417.248084189639,219.8176001119933,467.55605762436824
2025-01-06 18:00:00+00:00,5116.890551892001,463.50306776047796,4653.387484131523,0.0,463.50306776047796
2025-01-06 19:00:00+00:00,5098.423352736003,460.96235871358215,4637.460994022421,0.0,460.96235871358215
2025-01-06 20:00:00+00:00,5050.394699112,460.0087103430961,4590.385988768904,0.0,460.0087103430961
2025-01-06 21:00:00+00:00,4976.0345261759985,460.6433092671198,4515.391216908879,0.0,460.6433092671198
2025-01-06 22:00:00+00:00,4880.411684568,462.79374146917934,4417.61794309882,0.0,462.79374146917934
2025-01-06 23:00:00+00:00,4770.091271652,466.3170220558431,4303.774249596157,0.0,466.3170220558431
2025-01-07 00:00:00+00:00,4654.1114962440015,471.00552317194126,4183.10597307206,0.0,471.00552317194126
2025-01-07 01:00:00+00:00,4537.775541305999,476.5955642284201,4061.1799770775783,0.0,476.5955642284201
2025-01-07 02:00:00+00:00,4430.630901690001,482.7783103057159,3947.8525913842855,0.0,482.7783103057159
2025-01-07 03:00:00+00:00,4340.22446445,489.21253439777024,3851.011930052229,0.0,489.21253439777024
2025-01-07 04:00:00+00:00,4273.008375216,495.538718575286,3777.4696566407138,0.0,495.538718575286
2025-01-07 05:00:00+00:00,4233.897067344002,501.39391961198277,3732.503147732019,0.0,501.39391961198277
2025-01-07 06:00:00+00:00,4225.928181888,506.42678321536215,3719.5013986726376,0.0,506.42678321536215
2025-01-07 07:00:00+00:00,4250.050594860003,708.5365061199943,3541.5140887400084,198.224404026613,510.3121020933813
2025-01-07 08:00:00+00:00,4305.054093353999,890.0019293153716,3415.052164038627,377.2376132696353,512.7643160457363
2025-01-07 09:00:00+00:00,4387.645629738,1038.8824649317212,3348.763164806279,525.3330697823612,513.5493951493598
2025-01-07 10:00:00+00:00,4492.667080481999,1145.8975560360855,3346.7695244459132,633.4029246451919,512.4946313908936
2025-01-07 11:00:00+00:00,4613.439836543999,1204.9471233759305,3408.492713168069,695.4511912590491,509.4959321168813
2025-01-07 12:00:00+00:00,4742.212898556001,1213.3690458727838,3528.8438526832174,708.8467366520347,504.52230922074904
2025-01-07 13:00:00+00:00,4870.684053186001,1171.9374019499305,3698.74665123607,674.3200094069686,497.61739254296185
2025-01-07 14:00:00+00:00,4990.55886693,1084.6263392170931,3905.9325277129064,595.728442708026,488.8978965090672
2025-01-07 15:00:00+00:00,5094.109438109998,958.1804695398166,4135.9289685701815,479.63136521283514,478.5491043269814
2025-01-07 16:00:00+00:00,5174.695064196004,801.5422410323417,4373.152823163662,334.72468645734415,466.81755457499753
2025-01-07 17:00:00+00:00,5227.209437687999,625.1899670581801,4602.019470629819,171.18873818999347,454.0012288681866
2025-01-07 18:00:00+00:00,5248.424006321999,440.4376457537967,4807.986360568202,0.0,440.4376457537967
2025-01-07 19:00:00+00:00,5237.204217503998,426.4903354828881,4810.713882021109,0.0,426.4903354828881
2025-01-07 20:00:00+00:00,5194.583999345999,412.53426715714147,4782.049732188857,0.0,412.53426715714147
2025-01-07 21:00:00+00:00,5123.693421839997,398.9408086216859,4724.752613218311,0.0,398.9408086216859
2025-01-07 22:00:00+00:00,5029.544535246001,386.0628408770426,4643.481694368958,0.0,386.0628408770426
2025-01-07 23:00:00+00:00,4918.690007868002,374.22063769339604,4544.4693701746055,0.0,374.22063769339604
2025-01-08 00:00:00+00:00,4800.077973894002,363.68908266545225,4436.388891228549,0.0,363.68908266545225
2025-01-08 01:00:00+00:00,4679.332230888003,354.68675010793953,4324.645480780064,0.0,354.68675010793953
2025-01-08 02:00:00+00:00,4565.996095331999,347.36729634460613,4218.628798987393,0.0,347.36729634460613
2025-01-08 03:00:00+00:00,4467.773815512,341.8135125705267,4125.960302941473,0.0,341.8135125705267
2025-01-08 04:00:00+00:00,4391.310463218002,338.03427882931595,4053.276184388686,0.0,338.03427882931595
2025-01-08 05:00:00+00:00,4341.744406985999,335.96455218391327,4005.779854802086,0.0,335.96455218391327
2025-01-08 06:00:00+00:00,4322.362993199999,335.46837281577064,3986.894620384229,0.0,335.46837281577064
2025-01-08 07:00:00+00:00,4334.384715150001,504.85499712470914,3829.529718025292,168.5102088812672,336.34478824344194
2025-01-08 08:00:00+00:00,4376.882560092002,666.2788284956763,3710.6037315963254,327.942401210409,338.3364272852673
2025-01-08 09:00:00+00:00,4446.853628952,808.5163962905109,3638.337232661489,467.3760089176531,341.1403873728578
2025-01-08 10:00:00+00:00,4539.430099469999,921.3763195545303,3618.0537799154686,576.9553294133522,344.42099014117815
2025-01-08 11:00:00+00:00,4648.217029386002,996.4355351389001,3651.7814942471014,648.6116673336163,347.82386780528384
2025-01-08 12:00:00+00:00,4765.733787444001,1027.6920489229874,3738.0417385210135,676.7012267903443,350.9908221326432
2025-01-08 13:00:00+00:00,4883.928955836001,1012.0752164701258,3871.853739365875,658.5003859288078,353.5748305413181
2025-01-08 14:00:00+00:00,4994.733406404001,949.7610822869319,4044.9723241170686,594.5064847742282,355.25459751270375
2025-01-08 15:00:00+00:00,5090.613843462001,844.2533570155797,4246.360486446421,488.5053141619822,355.74804285359755
2025-01-08 16:00:00+00:00,5165.088906726001,702.2091784627828,4462.879728263219,347.38499432041243,354.8241841423704
2025-01-08 17:00:00+00:00,5213.172659688001,533.0113239315328,4680.161335756467,180.6984000060479,352.312923925485
2025-01-08 18:00:00+00:00,5231.715184037998,348.11233059914633,4883.602853438852,0.0,348.11233059914633
2025-01-08 19:00:00+00:00,5219.616995796002,342.19313351089073,4877.423862285111,0.0,342.19313351089073
2025-01-08 20:00:00+00:00,5177.902741577999,334.60022600917875,4843.30251556882,0.0,334.60022600917875
2025-01-08 21:00:00+00:00,5109.649122773998,325.45113429941733,4784.197988474581,0.0,325.45113429941733
2025-01-08 22:00:00+00:00,5019.772036229999,314.93149720528976,4704.840539024709,0.0,314.93149720528976
2025-01-08 23:00:00+00:00,4914.687502704001,303.2877557140677,4611.399746989934,0.0,303.2877557140677
2025-01-09 00:00:00+00:00,4803.047115132002,290.817337685709,4512.229777446292,0.0,290.817337685709
2025-01-09 01:00:00+00:00,4690.51300179,277.8567539662337,4412.6562478237665,0.0,277.8567539662337
2025-01-09 02:00:00+00:00,4586.2706197980015,264.7680761166638,4321.502543681338,0.0,264.7680761166638
2025-01-09 03:00:00+00:00,4497.766405650001,251.92436429915693,4245.842041350844,0.0,251.92436429915693
2025-01-09 04:00:00+00:00,4431.371067059999,239.69463086646363,4191.676436193536,0.0,239.69463086646363
2025-01-09 05:00:00+00:00,4391.938597368,228.42896068847912,4163.509636679521,0.0,228.42896068847912
2025-01-09 06:00:00+00:00,4382.4686674859995,218.44439372381757,4164.024273762182,0.0,218.44439372381757
2025-01-09 07:00:00+00:00,4403.8955906400015,387.9500811953534,4015.945509444648,177.93793098809758,210.01215020725584
2025-01-09 08:00:00+00:00,4455.018426936,545.5245307495347,3909.493896186465,342.177815507671,203.34671524186368
2025-01-09 09:00:00+00:00,4532.5770890819995,680.4213063945932,3852.1557826874064,481.8240659560293,198.59724043856394
2025-01-09 10:00:00+00:00,4631.469401285998,783.6554065033699,3847.8139947826285,587.8138045496488,195.84160195372115
2025-01-09 11:00:00+00:00,4745.094467946,848.5349594056354,3896.5595085403647,653.4515931100663,195.08336629556914
2025-01-09 12:00:00+00:00,4865.799042341998,871.017376500505,3994.781665841493,674.7655928302272,196.2517836702778
2025-01-09 13:00:00+00:00,4985.396509883999,849.8827869323884,4135.51372295161,650.6779758467519,199.2048110856365
2025-01-09 14:00:00+00:00,5095.723256106004,786.7307750846763,4308.992481021327,582.9957355577288,203.73503952694747
2025-01-09 15:00:00+00:00,5189.194474715996,685.8162059811979,4503.378268734798,476.23792179631766,209.57828418488023
2025-01-09 16:00:00+00:00,5259.321589788002,553.7460901496991,4705.575499638303,337.3216058122021,216.42448433749698
2025-01-09 17:00:00+00:00,5301.155994413998,399.06216421545207,4902.093830198546,175.13169492455398,223.93046929089812
2025-01-09 18:00:00+00:00,5311.6288391459975,231.73405880315175,5079.8947803428455,0.0,231.73405880315175
2025-01-09 19:00:00+00:00,5289.763658004002,239.4689375824602,5050.294720421542,0.0,239.4689375824602
2025-01-09 20:00:00+00:00,5236.747260780001,246.7796739538813,4989.967586826119,0.0,246.7796739538813
2025-01-09 21:00:00+00:00,5155.853953950004,253.3362867979125,4902.517667152092,0.0,253.3362867979125
2025-01-09 22:00:00+00:00,5052.228146658,258.8477493384038,4793.380397319596,0.0,258.8477493384038
2025-01-09 23:00:00+00:00,4932.5399893979975,263.07388933255163,4669.466100065446,0.0,263.07388933255163
2025-01-10 00:00:00+00:00,4805.591971529999,265.83518809663116,4539.756783433368,0.0,265.83518809663116
2025-01-10 01:00:00+00:00,4677.579597684001,267.0200843067511,4410.5595133772495,0.0,267.0200843067511
2025-01-10 02:00:00+00:00,4557.859476954,266.5894794510047,4291.269997502995,0.0,266.5894794510047
2025-01-10 03:00:00+00:00,4454.172190355999,264.57826527681885,4189.593925079181,0.0,264.57826527681885
2025-01-10 04:00:00+00:00,4373.175807168,261.09380595484214,4112.082001213157,0.0,261.09380595484214
2025-01-10 05:00:00+00:00,4319.998239396,256.3114363234231,4063.686803072577,0.0,256.3114363234231
2025-01-10 06:00:00+00:00,4297.893291930002,250.46717139572192,4047.4261205342805,0.0,250.46717139572192
2025-01-10 07:00:00+00:00,4308.0238072619995,447.92318983448973,3860.10061742751,204.07528028253327,243.84790955195646
2025-01-10 08:00:00+00:00,4349.386450584,636.3525444048962,3713.0339061791037,399.57300022627396,236.7795441786223
2025-01-10 09:00:00+00:00,4418.883318989999,802.0479646964595,3616.8353542935392,572.4344989012717,229.6134657951878
2025-01-10 10:00:00+00:00,4511.535271656001,932.4629845240395,3579.0722871319613,709.7509797972929,222.71200472674656
2025-01-10 11:00:00+00:00,4620.822515777998,1017.2183764284304,3603.6041393495675,800.7849625124823,216.4334139159481
2025-01-10 12:00:00+00:00,4739.129134235999,1048.9913874189135,3690.137746817086,837.8743745109342,211.11701290797936
2025-01-10 13:00:00+00:00,4858.2613222499995,1024.2028761245692,3834.0584461254302,817.1337938732156,207.06908225135365
2025-01-10 14:00:00+00:00,4970.003997167999,943.4302622941118,4026.573734873887,738.8801484716763,204.55011382243546
2025-01-10 15:00:00+00:00,5066.677883357999,811.4955369923298,4255.182346365669,607.7316230916111,203.76391390071868
2025-01-10 16:00:00+00:00,5141.659246290002,634.6978460545639,4506.961400235437,429.8488271989843,204.84901885557963
2025-01-10 17:00:00+00:00,5189.82688056,430.378905304259,4759.447975255741,222.50612550466082,207.87277979959816
2025-01-10 18:00:00+00:00,5207.906025798,212.82834022420042,4995.0776855737995,0.0,212.82834022420042
2025-01-10 19:00:00+00:00,5194.685904912001,219.63465152550293,4975.0512533864985,0.0,219.63465152550293
2025-01-10 20:00:00+00:00,5151.096169170001,228.13951311249232,4922.956656057509,0.0,228.13951311249232
2025-01-10 21:00:00+00:00,5080.137236075999,238.12551880539246,4842.011717270606,0.0,238.12551880539246
2025-01-10 22:00:00+00:00,4986.669385614001,249.31866480734104,4737.35072080666,0.0,249.31866480734104
2025-01-10 23:00:00+00:00,4877.075130983999,261.39926511225934,4615.67586587174,0.0,261.39926511225934
2025-01-11 00:00:00+00:00,4381.600622783999,274.01473666797136,4107.585886116028,0.0,274.01473666797136
2025-01-11 01:00:00+00:00,4262.711064444001,286.7937160653039,3975.917348378697,0.0,286.7937160653039
2025-01-11 02:00:00+00:00,4151.233289700001,299.3609480834453,3851.8723416165553,0.0,299.3609480834453
2025-01-11 03:00:00+00:00,4054.6727285399993,311.3523265364443,3743.320402003555,0.0,311.3523265364443
2025-01-11 04:00:00+00:00,3979.480521240001,322.42946712640173,3657.051054113599,0.0,322.42946712640173
2025-01-11 05:00:00+00:00,3930.6107341619995,332.29323710779033,3598.317497054209,0.0,332.29323710779033
2025-01-11 06:00:00+00:00,3911.1805925219987,340.69565917407846,3570.48493334792,0.0,340.69565917407846
2025-01-11 07:00:00+00:00,3922.2568235760004,559.3737884674038,3362.8830351085967,211.92405580416408,347.44973266323973
2025-01-11 08:00:00+00:00,3962.7828002700003,757.4196311428004,3205.3631691272,404.9828856517074,352.43674549109306
2025-01-11 09:00:00+00:00,4029.651380621998,922.0272197979768,3107.6241608240216,566.4164231900268,355.6107966079501
2025-01-11 10:00:00+00:00,4117.918551810001,1043.015819152272,3074.9027326577293,686.0154875737231,357.00033157854875
2025-01-11 11:00:00+00:00,4221.143201646002,1113.4267836159702,3107.716418030032,756.7201470408136,356.7066365751566
2025-01-11 12:00:00+00:00,4331.829860358,1129.8651522839568,3201.964708074043,774.9657986574119,354.899353626545
2025-01-11 13:00:00+00:00,4441.944120558,1092.582506822196,3349.361613735804,740.773317436421,351.80918938577486
2025-01-11 14:00:00+00:00,4543.465552248,1005.3172279017977,3538.148324346202,657.599091096207,347.71813680559063
2025-01-11 15:00:00+00:00,4628.940257255999,874.9234911636127,3754.0167660923867,531.9758969927129,342.9475941708997
2025-01-11 16:00:00+00:00,4691.99534748,710.83039831922,3981.1649491607805,372.98552887577495,337.844869443445
2025-01-11 17:00:00+00:00,4727.7800535000015,524.3775617686758,4203.402491731325,191.6089255263516,332.76863624232425
2025-01-11 18:00:00+00:00,4733.3033411159995,328.07392257052777,4405.229418545472,0.0,328.07392257052777
2025-01-11 19:00:00+00:00,4707.64478541,324.0972562785718,4383.547529131428,0.0,324.0972562785718
2025-01-11 20:00:00+00:00,4652.024262564,321.1425698158506,4330.881692748149,0.0,321.1425698158506
2025-01-11 21:00:00+00:00,4569.725441148,319.46845055516104,4250.2569905928385,0.0,319.46845055516104
2025-01-11 22:00:00+00:00,4465.878269328002,319.2772475646104,4146.601021763391,0.0,319.2772475646104
2025-01-11 23:00:00+00:00,4347.115037748,320.7064961662805,4026.4085415817194,0.0,320.7064961662805
2025-01-12 00:00:00+00:00,4221.930962255998,323.82299371763776,3898.1079685383597,0.0,323.82299371763776
2025-01-12 01:00:00+00:00,4096.934081982002,328.6197868584129,3768.3142951235886,0.0,328.6197868584129
2025-01-12 02:00:00+00:00,3981.1337219639995,335.0161840791415,3646.117537884858,0.0,335.0161840791415
2025-01-12 03:00:00+00:00,3882.153477342,342.8607936113656,3539.292683730634,0.0,342.8607936113656
2025-01-12 04:00:00+00:00,3806.520589872001,351.9374727833049,3454.583117088696,0.0,351.9374727833049
2025-01-12 05:00:00+00:00,3759.221394810002,361.97392859827386,3397.2474662117284,0.0,361.97392859827386
2025-01-12 06:00:00+00:00,3743.3607392160006,372.6526338818776,3370.708105334123,0.0,372.6526338818776
2025-01-12 07:00:00+00:00,3759.948605112001,573.6613369809844,3186.287268131017,190.03773118978665,383.62360579119775
2025-01-12 08:00:00+00:00,3807.8285469420002,762.6980087255761,3045.130538216424,368.17948696100973,394.5185217645663
2025-01-12 09:00:00+00:00,3883.7528470859993,927.0305963088756,2956.722250777124,522.0649978531877,404.96559845568794
2025-01-12 10:00:00+00:00,3982.59940932,1055.4661018388747,2927.1333074811255,640.8614751733438,414.6046266655309
2025-01-12 11:00:00+00:00,4097.715657756,1139.177282697297,2958.538375058703,716.0757399804296,423.10154271686747
2025-01-12 12:00:00+00:00,4221.366199343999,1172.382318721649,3048.98388062235,742.2203768682259,430.1619418534232
2025-01-12 13:00:00+00:00,4345.253826312,1152.815362323851,3192.438463988148,717.2723801973507,435.5429821265004
2025-01-12 14:00:00+00:00,4461.078531167999,1081.9402109218918,3379.1383202461075,642.8770208472475,439.06319007464435
2025-01-12 15:00:00+00:00,4561.0965810900025,964.879674540919,3596.2169065490834,524.26990853787,440.609766003049
2025-01-12 16:00:00+00:00,4638.641702772002,810.057718260072,3828.58398451193,369.9146221704299,440.1430960896421
2025-01-12 17:00:00+00:00,4688.573046108,628.577517552678,4059.9955285553224,190.8792443741776,437.6982731785004
2025-01-12 18:00:00+00:00,4707.619503090001,433.3835863369975,4274.235916753003,0.0,433.3835863369975
2025-01-12 19:00:00+00:00,4694.597118791999,427.37601244634817,4267.221106345651,0.0,427.37601244634817
2025-01-12 20:00:00+00:00,4650.484870457999,419.91392423006874,4230.57094622793,0.0,419.91392423006874
2025-01-12 21:00:00+00:00,4578.353749746002,411.2872904889191,4167.066459257083,0.0,411.2872904889191
2025-01-12 22:00:00+00:00,4483.15415793,401.82577960753787,4081.3283783224624,0.0,401.82577960753787
2025-01-12 23:00:00+00:00,4371.376113215998,391.8852579845079,3979.49085523149,0.0,391.8852579845079
2025-01-13 00:00:00+00:00,4629.437911728,381.8332208757934,4247.604690852206,0.0,381.8332208757934
2025-01-13 01:00:00+00:00,4507.839021924001,372.03377224936827,4135.805249674632,0.0,372.03377224936827
2025-01-13 02:00:00+00:00,4393.598827086,362.83274806907013,4030.76607901693,0.0,362.83274806907013
2025-01-13 03:00:00+00:00,4294.370556965999,354.5436129133686,3939.82694405263,0.0,354.5436129133686
2025-01-13 04:00:00+00:00,4216.754721144,347.434683684156,3869.3200374598437,0.0,347.434683684156
2025-01-13 05:00:00+00:00,4165.852744577999,341.71822676741886,3824.1345178105803,0.0,341.71822676741886
2025-01-13 06:00:00+00:00,4144.923607398001,337.5418596727979,3807.3817477252032,0.0,337.5418596727979
2025-01-13 07:00:00+00:00,4155.166777524001,503.1530702094461,3652.013707314555,168.17045744163997,334.9826127678062
2025-01-13 08:00:00+00:00,4195.646113428002,655.432904732328,3540.2132086956735,321.38900964807135,334.04389508425663
2025-01-13 09:00:00+00:00,4263.359751083999,784.6141341802138,3478.745616903785,449.95864429790674,334.655489882307
2025-01-13 10:00:00+00:00,4353.451160436,882.7532424581872,3470.6979179778123,546.0766661826964,336.6765762754908
2025-01-13 11:00:00+00:00,4459.546740725999,944.1248751511831,3515.4218655748164,604.2232209625496,339.90165418863353
2025-01-13 12:00:00+00:00,4574.196823055998,965.4533654174247,3608.743457638573,621.3842352676736,344.0691301497512
2025-01-13 13:00:00+00:00,4689.389906838001,945.9886796537194,3743.401227184281,597.1164654389472,348.8722142147721
2025-01-13 14:00:00+00:00,4797.104870628002,887.4432701173031,3909.6616005106985,533.4715923417056,353.9716777755975
2025-01-13 15:00:00+00:00,4889.86341627,793.8110456765278,4096.052370593472,434.8010961284525,359.0099495480752
2025-01-13 16:00:00+00:00,4961.244945888,671.0904009697946,4290.154544918206,307.464421250191,363.6259797196036
2025-01-13 17:00:00+00:00,5006.328675852002,526.9308961827048,4479.397779669297,159.46064422078558,367.4702519619193
2025-01-13 18:00:00+00:00,5022.032691353999,370.2193341045114,4651.813357249488,0.0,370.2193341045114
2025-01-13 19:00:00+00:00,5007.326831178002,371.58937822590434,4635.737452952098,0.0,371.58937822590434
2025-01-13 20:00:00+00:00,4963.304772006,371.34800088185267,4591.956771124148,0.0,371.34800088185267
2025-01-13 21:00:00+00:00,4893.110332151997,369.3240725198358,4523.786259632161,0.0,369.3240725198358
2025-01-13 22:00:00+00:00,4801.72305543,365.41500353599076,4436.30805189401,0.0,365.41500353599076
2025-01-13 23:00:00+00:00,4695.617637942004,359.5912371587231,4336.026400783281,0.0,359.5912371587231
2025-01-14 00:00:00+00:00,4582.880167361998,351.8977561949298,4230.982411167069,0.0,351.8977561949298
2025-01-14 01:00:00+00:00,4470.453160277999,342.452548928717,4128.000611349282,0.0,342.452548928717
2025-01-14 02:00:00+00:00,4366.940313203999,331.4420888827308,4035.498224321268,0.0,331.4420888827308
2025-01-14 03:00:00+00:00,4279.81458786,319.11402288481696,3960.7005649751827,0.0,319.11402288481696
2025-01-14 04:00:00+00:00,4215.463036386,305.7673557771187,3909.695680608881,0.0,305.7673557771187
2025-01-14 05:00:00+00:00,4178.745366096,291.7405369182162,3887.004829177784,0.0,291.7405369182162
2025-01-14 06:00:00+00:00,4172.656157502,277.397943826673,3895.2582136753267,0.0,277.397943826673
2025-01-14 07:00:00+00:00,4198.113909653999,452.60518211357135,3745.5087275404276,189.48988313628985,263.1152989772815
2025-01-14 08:00:00+00:00,4253.8914374040005,620.9711664290895,3632.920270974911,371.7065352565473,249.26463117254224
2025-01-14 09:00:00+00:00,4336.692524346,769.6601236124579,3567.032400733542,533.4607343971755,236.19938921528245
2025-01-14 10:00:00+00:00,4441.369766484001,886.7917654863287,3554.5780009976725,662.551443963402,224.2403215229267
2025-01-14 11:00:00+00:00,4561.2689250660005,962.4068556382387,3598.862069427762,748.7441668918389,213.66268874639977
2025-01-14 12:00:00+00:00,4688.676440615997,989.3285801269305,3699.347860489067,784.6432325039995,204.68534762293106
2025-01-14 13:00:00+00:00,4815.339752411999,963.8363884643745,3851.5033639476246,766.3742461993223,197.4621422650522
2025-01-14 14:00:00+00:00,4933.025117244002,886.0819543073021,4046.9431629367,694.0060039383317,192.07595036897047
2025-01-14 15:00:00+00:00,5034.074961551997,760.1979845881006,4273.876976963897,571.6623392637334,188.53564532436718
2025-01-14 16:00:00+00:00,5111.926877399998,594.0780810979794,4517.848796302019,407.30200410605573,186.77607699192365
2025-01-14 17:00:00+00:00,5161.559015507998,398.83673534299226,4762.722280165006,212.17565014722467,186.66108519576758
2025-01-14 18:00:00+00:00,5179.831438992002,187.9894172881298,4991.842021703873,0.0,187.9894172881298
2025-01-14 19:00:00+00:00,5165.700314670001,190.50330654798364,4975.197008122017,0.0,190.50330654798364
2025-01-14 20:00:00+00:00,5120.290243403997,193.89936097318176,4926.3908824308155,0.0,193.89936097318176
2025-01-14 21:00:00+00:00,5046.819817242001,197.84131517390915,4848.978502068092,0.0,197.84131517390915
2025-01-14 22:00:00+00:00,4950.3853665,201.97412192470154,4748.411244575298,0.0,201.97412192470154
2025-01-14 23:00:00+00:00,4837.617633491997,205.9388118760937,4631.678821615904,0.0,205.9388118760937
2025-01-15 00:00:00+00:00,4716.670073094,209.38749817414796,4507.282574919852,0.0,209.38749817414796
2025-01-15 01:00:00+00:00,4594.9562038799995,211.997931569824,4382.958272310176,0.0,211.997931569824
2025-01-15 02:00:00+00:00,4481.203864493999,213.4869916383508,4267.716872855649,0.0,213.4869916383508
2025-01-15 03:00:00+00:00,4383.1542468,213.62256700742105,4169.531679792579,0.0,213.62256700742105
2025-01-15 04:00:00+00:00,4307.476224449999,212.23334625033795,4095.242878199661,0.0,212.23334625033795
2025-01-15 05:00:00+00:00,4259.31826194,209.21610320362237,4050.102158736378,0.0,209.21610320362237
2025-01-15 06:00:00+00:00,4241.963853918,204.54019058994905,4037.4236633280507,0.0,204.54019058994905
2025-01-15 07:00:00+00:00,4256.613766356,407.26391610314704,3849.3498502528532,209.01486712079938,198.24904898234763
2025-01-15 08:00:00+00:00,4302.309795084001,592.1921700438938,3710.117625040107,401.73349586232143,190.45867418157238
2025-01-15 09:00:00+00:00,4376.005110876002,746.69759634289,3629.3075145331118,565.3444934508502,181.35310289203983
2025-01-15 10:00:00+00:00,4472.776236431999,860.3830733326206,3612.3931630993784,689.2059710654797,171.17710226714087
2025-01-15 11:00:00+00:00,4586.162147616,925.7102710090178,3660.4518766069823,765.4839097367462,160.2263612722715
2025-01-15 12:00:00+00:00,4708.607240064,938.4200219619538,3770.187218102046,789.5844366423964,148.83558531955737
2025-01-15 13:00:00+00:00,4831.977966605998,897.7329249241261,3934.2450416818715,760.3679457520516,137.36497917207453
2025-01-15 14:00:00+00:00,4948.11784782,806.3328315365463,4141.785016283454,680.1471522706072,126.1856792659392
2025-01-15 15:00:00+00:00,5049.40302132,670.1472049533261,4379.2558163666745,554.4824854355837,115.6647195177423
2025-01-15 16:00:00+00:00,5129.2604784119985,497.94658676285167,4631.313891649147,391.7964336330984,106.1501531297533
2025-01-15 17:00:00+00:00,5182.613669225999,300.7909412598821,4881.822727966117,202.83400018378023,97.9569410761019
2025-01-15 18:00:00+00:00,5206.225209654003,91.3541795081993,5114.871030145804,0.0,91.3541795081993
2025-01-15 19:00:00+00:00,5198.913329400001,86.55418952214987,5112.359139877852,0.0,86.55418952214987
2025-01-15 20:00:00+00:00,5161.627489872,83.70392175561541,5077.923568116385,0.0,83.70392175561541
2025-01-15 21:00:00+00:00,5097.378039096003,82.87901664338094,5014.499022452622,0.0,82.87901664338094
2025-01-15 22:00:00+00:00,5011.024913454,84.08077613839004,4926.94413731561,0.0,84.08077613839004
2025-01-15 23:00:00+00:00,4908.939830255999,87.23615779713745,4821.703672458862,0.0,87.23615779713745
2025-01-16 00:00:00+00:00,4798.876393457999,92.20080749458931,4706.6755859634095,0.0,92.20080749458931
2025-01-16 01:00:00+00:00,4688.211279863997,98.76498438209902,4589.446295481898,0.0,98.76498438209902
2025-01-16 02:00:00+00:00,4585.259203979998,106.66215924784653,4478.5970447321515,0.0,106.66215924784653
2025-01-16 03:00:00+00:00,4497.476117106002,115.5799158775157,4381.8962012284865,0.0,115.5799158775157
2025-01-16 04:00:00+00:00,4431.255917970001,125.17272143089544,4306.083196539105,0.0,125.17272143089544
2025-01-16 05:00:00+00:00,4391.4888732539985,135.07603351974217,4256.4128397342565,0.0,135.07603351974217
2025-01-16 06:00:00+00:00,4381.223156898,144.92117470594673,4236.3019821920525,0.0,144.92117470594673
2025-01-16 07:00:00+00:00,4401.452648291999,369.5286852938908,4031.9239629981084,215.17832747170232,154.35035782218853
2025-01-16 08:00:00+00:00,4451.045620013999,580.1333695678961,3870.912250446103,417.1021144393983,163.0312551284978
2025-01-16 09:00:00+00:00,4526.81920614,762.0905156353184,3764.7286905046813,591.4200076205428,170.6705080147756
2025-01-16 10:00:00+00:00,4623.7546158720015,902.6348192968245,3721.119796575177,725.6091891487329,177.02563014809164
2025-01-16 11:00:00+00:00,4735.3385424240005,991.8650807585295,3743.473461665471,809.9502713028096,181.91480945571988
2025-01-16 12:00:00+00:00,4854.007436165999,1023.5298179469659,3830.477618219033,838.3056015851167,185.2242163618491
2025-01-16 13:00:00+00:00,4971.664388081998,995.5408879088106,3976.1235001731875,808.6283720151432,186.91251589366738
2025-01-16 14:00:00+00:00,5080.233338585999,910.1639498477255,4170.069388738274,723.1515554583407,187.0123943893848
2025-01-16 15:00:00+00:00,5172.212853653999,773.8624875807183,4398.350366073281,588.2334422219669,185.62904535875137
2025-01-16 16:00:00+00:00,5241.1915278239985,596.80341934746,4644.388108476538,413.8677420086878,182.93567733877228
2025-01-16 17:00:00+00:00,5282.289919997999,392.0637118194511,4890.226208178548,212.89749211526117,179.16621970418996
2025-01-16 18:00:00+00:00,5292.498674777998,174.6055347316409,5117.893140046357,0.0,174.6055347316409
2025-01-16 19:00:00+00:00,5270.889765582001,169.57752923887605,5101.312236343125,0.0,169.57752923887605
2025-01-16 20:00:00+00:00,5218.686186461999,164.43165966875938,5054.254526793239,0.0,164.43165966875938
2025-01-16 21:00:00+00:00,5139.185337342,159.5283821551795,4979.656955186821,0.0,159.5283821551795
2025-01-16 22:00:00+00:00,5037.54103188,155.22413385632856,4882.3168980236715,0.0,155.22413385632856
2025-01-16 23:00:00+00:00,4920.418932534,151.85648211496525,4768.5624504190355,0.0,151.85648211496525
2025-01-17 00:00:00+00:00,4795.735413042002,149.73002181650716,4646.005391225494,0.0,149.73002181650716
2025-01-17 01:00:00+00:00,4671.389807027997,149.103626452882,4522.286180575115,0.0,149.103626452882
2025-01-17 02:00:00+00:00,4555.826473002002,150.17955563376077,4405.646917368241,0.0,150.17955563376077
2025-01-17 03:00:00+00:00,4456.729874561999,153.09487594859257,4303.634998613406,0.0,153.09487594859257
2025-01-17 04:00:00+00:00,4380.691553700001,157.9155389659924,4222.776014734009,0.0,157.9155389659924
2025-01-17 05:00:00+00:00,4332.764054807999,164.6333721772503,4168.130682630748,0.0,164.6333721772503
2025-01-17 06:00:00+00:00,4316.1187182959975,173.16608934689432,4142.952628949103,0.0,173.16608934689432
2025-01-17 07:00:00+00:00,4331.830708758,360.69891022510404,3971.1317985328956,177.3385766469306,183.36033357817345
2025-01-17 08:00:00+00:00,4378.805882891999,532.4728092624916,3846.3330736295075,337.475180375785,194.99762888670668
2025-01-17 09:00:00+00:00,4453.8544645560005,678.2945714570075,3775.559893098993,470.4915869814778,207.80298447552968
2025-01-17 10:00:00+00:00,4551.906525642002,790.0640833661939,3761.842442275808,568.6082665692961,221.45581679689786
2025-01-17 11:00:00+00:00,4666.354676046003,862.142856130042,3804.2118199159613,626.540123632614,235.60273249742792
2025-01-17 12:00:00+00:00,4789.50064446,891.5453046833479,3897.955339776652,641.6736566188465,249.87164806450141
2025-01-17 13:00:00+00:00,4913.07540696,877.9656693737796,4035.10973758622,614.078991002156,263.8866783716236
2025-01-17 14:00:00+00:00,5028.797523287999,823.661991805156,4205.135531482843,546.3788150195596,277.28317678559637
2025-01-17 15:00:00+00:00,5128.931816735997,733.2222686304651,4395.709548105532,443.4999524781702,289.7223161522949
2025-01-17 16:00:00+00:00,5206.810346892,613.2375044969006,4593.5728423950995,312.3328993437794,300.9046051531212
2025-01-17 17:00:00+00:00,5257.280441196001,471.9032568934937,4785.377184302508,161.32144769736973,310.5818091961239
2025-01-17 18:00:00+00:00,5277.049340471998,318.56675609566327,4958.482584376335,0.0,318.56675609566327
2025-01-17 19:00:00+00:00,5264.90211471,324.74066057429224,4940.161454135708,0.0,324.74066057429224
2025-01-17 20:00:00+00:00,5221.778231166001,329.05763710816666,4892.720594057834,0.0,329.05763710816666
2025-01-17 21:00:00+00:00,5150.701603782001,331.5462414215866,4819.155362360415,0.0,331.5462414215866
2025-01-17 22:00:00+00:00,5056.5691591800005,332.3079630014473,4724.261196178553,0.0,332.3079630014473
2025-01-17 23:00:00+00:00,4945.812329304001,331.5127329529544,4614.299596351047,0.0,331.5127329529544
2025-01-18 00:00:00+00:00,4447.868328077999,329.3916438572988,4118.4766842207,0.0,329.3916438572988
2025-01-18 01:00:00+00:00,4327.009968455999,326.2271596178352,4000.782808838164,0.0,326.2271596178352
2025-01-18 02:00:00+00:00,4213.272883302,322.3412389285178,3890.9316443734824,0.0,322.3412389285178
2025-01-18 03:00:00+00:00,4114.246481478,318.08183666126877,3796.1646448167307,0.0,318.08183666126877
2025-01-18 04:00:00+00:00,4036.4700901979995,313.8083598464975,3722.6617303515022,0.0,313.8083598464975
2025-01-18 05:00:00+00:00,3984.9881473919972,309.8766527030091,3675.1114946889884,0.0,309.8766527030091
2025-01-18 06:00:00+00:00,3963.0082583280014,306.62413914433375,3656.3841191836677,0.0,306.62413914433375
2025-01-18 07:00:00+00:00,3971.685460218,484.77640301819577,3486.9090571998045,180.42067105216128,304.3557319660345
2025-01-18 08:00:00+00:00,4010.0472448680025,655.6609098391688,3354.386335028834,352.3298377588258,303.33107208034295
2025-01-18 09:00:00+00:00,4075.0644552240005,807.1590717616928,3267.905383462308,503.40542981969236,303.75364194200034
2025-01-18 10:00:00+00:00,4161.863075706,928.243500600184,3233.619575105816,622.4813208438251,305.762179756359
2025-01-18 11:00:00+00:00,4264.062374754,1009.8552493322152,3254.2071254217853,700.4304896354677,309.42475969674757
2025-01-18 12:00:00+00:00,4374.2162043299995,1045.6585802517175,3328.557624078282,730.9228084936257,314.73577175809186
2025-01-18 13:00:00+00:00,4484.327287271999,1032.6013001165895,3451.7259871554097,710.9853680091121,321.61593210747736
2025-01-18 14:00:00+00:00,4586.399237237998,971.2238109887387,3615.1754262492595,641.3084885357357,329.91532245300306
2025-01-18 15:00:00+00:00,4672.988574407999,865.68176857505,3807.306805832949,526.2624387868349,339.4193297882152
2025-01-18 16:00:00+00:00,4737.718927997999,723.4734606631228,4014.2454673348766,373.6162114746201,349.8572491885026
2025-01-18 17:00:00+00:00,4775.722246679999,554.8907687776967,4220.831477902303,193.97757473401188,360.9131940436848
2025-01-18 18:00:00+00:00,4783.976813868001,372.23887382787234,4411.737940040129,0.0,372.23887382787234
2025-01-18 19:00:00+00:00,4761.518855646,383.46770117732945,4378.051154468671,0.0,383.46770117732945
2025-01-18 20:00:00+00:00,4709.513216730001,394.22967599987766,4315.283540730123,0.0,394.22967599987766
2025-01-18 21:00:00+00:00,4631.178192228001,404.1664085775722,4227.011783650429,0.0,404.1664085775722
2025-01-18 22:00:00+00:00,4531.569508031999,412.9456924198941,4118.623815612105,0.0,412.9456924198941
2025-01-18 23:00:00+00:00,4417.238156856,420.2750110089664,3996.963145847034,0.0,420.2750110089664
2025-01-19 00:00:00+00:00,4295.723025341998,425.91344094685155,3869.809584395147,0.0,425.91344094685155
2025-01-19 01:00:00+00:00,4175.282231232,429.6814509812842,3745.600780250716,0.0,429.6814509812842
2025-01-19 02:00:00+00:00,4063.9645877460002,431.4682058064256,3632.496381939575,0.0,431.4682058064256
2025-01-19 03:00:00+00:00,3969.3041286780003,431.23607151501477,3538.0680571629855,0.0,431.23607151501477
2025-01-19 04:00:00+00:00,3897.7417456319977,429.0221371311103,3468.7196085008873,0.0,429.0221371311103
2025-01-19 05:00:00+00:00,3854.182645614004,424.9366945560003,3429.2459510580034,0.0,424.9366945560003
2025-01-19 06:00:00+00:00,3841.657695204001,419.1587308980739,3422.498964305927,0.0,419.1587308980739
2025-01-19 07:00:00+00:00,3861.111791418,602.419273283291,3258.6925181347087,190.49064417526944,411.92862910802154
2025-01-19 08:00:00+00:00,3911.3338220460005,771.1311454728584,3140.202676573142,367.5927787377333,403.5383667351252
2025-01-19 09:00:00+00:00,3989.033131944001,914.0040317355797,3075.0291002084214,519.6844159983154,394.3196157372643
2025-01-19 10:00:00+00:00,4089.057409122001,1021.4642086788593,3067.5932004431415,636.8339751611373,384.630233517722
2025-01-19 11:00:00+00:00,4204.737326033999,1086.2172293300357,3118.5200967039636,711.3775355614135,374.8396937686221
2025-01-19 12:00:00+00:00,4328.334592344002,1103.667492172113,3224.6671001718887,738.353433239815,365.314058932298
2025-01-19 13:00:00+00:00,4451.563054931999,1072.1821245759606,3379.380930356039,715.7810181335093,356.40110644245124
2025-01-19 14:00:00+00:00,4566.14744565,993.1931506205303,3572.95429502947,644.7769408034559,348.4162098170744
2025-01-19 15:00:00+00:00,4664.381904251997,871.1367585188615,3793.245145733136,529.5071880190337,341.62957049982776
2025-01-19 16:00:00+00:00,4739.650289388,713.2321114311947,4026.4181779568053,376.97680676104727,336.2553046701473
2025-01-19 17:00:00+00:00,4786.872975737999,529.1056332468464,4257.767342491153,196.66279058201874,332.4428426648277
2025-01-19 18:00:00+00:00,4802.849760324001,330.2709870156098,4472.578773308392,0.0,330.2709870156098
2025-01-19 19:00:00+00:00,4786.475623356002,329.7448752983058,4456.7307480576965,0.0,329.7448752983058
2025-01-19 20:00:00+00:00,4738.814662049999,330.7959727395391,4408.01868931046,0.0,330.7959727395391
2025-01-19 21:00:00+00:00,4663.027221551999,333.2850871878432,4329.742134364155,0.0,333.2850871878432
2025-01-19 22:00:00+00:00,4564.15519035,337.00829628955506,4227.146894060445,0.0,337.00829628955506
2025-01-19 23:00:00+00:00,4448.780073864,341.7055244088025,4107.0745494551975,0.0,341.7055244088025
2025-01-20 00:00:00+00:00,4702.539059064001,347.07144250953013,4355.467616554471,0.0,347.07144250953013
2025-01-20 01:00:00+00:00,4577.7577869239985,352.76821561299664,4224.989571311002,0.0,352.76821561299664
2025-01-20 02:00:00+00:00,4460.664164124001,358.4396032217043,4102.224560902297,0.0,358.4396032217043
2025-01-20 03:00:00+00:00,4358.982431496,363.72581607374366,3995.256615422256,0.0,363.72581607374366
2025-01-20 04:00:00+00:00,4279.374446424001,368.2785266769291,3911.0959197470715,0.0,368.2785266769291
2025-01-20 05:00:00+00:00,4226.991922775999,371.7754199822136,3855.216502793786,0.0,371.7754199822136
2025-01-20 06:00:00+00:00,4205.131882938001,373.93368608171215,3831.1981968562886,0.0,373.93368608171215
2025-01-20 07:00:00+00:00,4215.018737789999,601.9666602061575,3613.0520775838418,227.44475755128346,374.52190265487405
2025-01-20 08:00:00+00:00,4255.72759983,815.26628228864,3440.46131754136,441.8964616022918,373.36982068634825
2025-01-20 09:00:00+00:00,4324.253970749997,995.311617054299,3328.9423536956983,624.9359687493602,370.3756483049388
2025-01-20 10:00:00+00:00,4415.724819113999,1130.8976664699653,3284.8271526440335,765.3871235420763,365.51054292788893
2025-01-20 11:00:00+00:00,4523.736616854,1212.4985253432255,3311.2380915107747,853.6784095540988,358.82011578912676
2025-01-20 12:00:00+00:00,4640.797058729997,1234.2158173459375,3406.5812413840595,883.7929232045836,350.42289414135377
2025-01-20 13:00:00+00:00,4758.840304134001,1194.184215007429,3564.6560891265717,853.6784095540988,340.50580545333014
2025-01-20 14:00:00+00:00,4869.780485976003,1094.7039808860268,3775.076505089976,765.3871235420763,329.31685734395035
2025-01-20 15:00:00+00:00,4966.065703158001,942.0912954766559,4023.9744076813454,624.9359687493602,317.15532672729574
2025-01-20 16:00:00+00:00,5041.194615575997,746.2563049597625,4294.938310616235,441.8964616022918,304.3598433574707
2025-01-20 17:00:00+00:00,5090.160479711997,520.0373127982359,4570.123166913761,228.74244080473858,291.2948719934974
2025-01-20 18:00:00+00:00,5109.792243611997,278.3361299348866,4831.456113677111,0.0,278.3361299348866
2025-01-20 19:00:00+00:00,5098.969531446002,265.85554839311783,4833.113983052885,0.0,265.85554839311783
2025-01-20 20:00:00+00:00,5058.696848814,254.20638394627903,4804.490464867721,0.0,254.20638394627903
2025-01-20 21:00:00+00:00,4992.032020205998,243.70910037131597,4748.322919834683,0.0,243.70910037131597
2025-01-20 22:00:00+00:00,4903.873766610002,234.6385812629348,4669.235185347067,0.0,234.6385812629348
2025-01-20 23:00:00+00:00,4800.623083619998,227.21321166842847,4573.40987195157,0.0,227.21321166842847
2025-01-21 00:00:00+00:00,4689.430311887998,221.5862730733041,4467.844038814694,0.0,221.5862730733041
2025-01-21 01:00:00+00:00,4578.925244712,217.83998887033064,4361.085255841669,0.0,217.83998887033064
2025-01-21 02:00:00+00:00,4476.797889984002,215.9824872086629,4260.815402775339,0.0,215.9824872086629
2025-01-21 03:00:00+00:00,4390.491095466002,215.94778325001948,4174.543312215982,0.0,215.94778325001948
2025-01-21 04:00:00+00:00,4326.3751998180005,217.59879192180327,4108.776407896197,0.0,217.59879192180327
2025-01-21 05:00:00+00:00,4289.307017309999,220.73325065703963,4068.573766652959,0.0,220.73325065703963
2025-01-21 06:00:00+00:00,4282.292140686,225.09229483571195,4057.1998458502876,0.0,225.09229483571195
2025-01-21 07:00:00+00:00,4306.2737234999995,427.6836262243079,3878.5900972756917,197.31227373280188,230.37135249150603
2025-01-21 08:00:00+00:00,4360.062321678,612.5565767986449,3747.5057448793555,376.32368281135973,236.2328939872851
2025-01-21 09:00:00+00:00,4440.411672606001,768.0907566986721,3672.320915907329,525.7702279562822,242.32052874238988
2025-01-21 10:00:00+00:00,4542.235384974,884.9421777698415,3657.2932072041585,636.6683135648806,248.27386420496083
2025-01-21 11:00:00+00:00,4658.949857813997,956.5089430003092,3702.4409148136883,702.765427353561,253.7435156467482
2025-01-21 12:00:00+00:00,4782.920152878,979.2066785866291,3803.7134742913713,720.8010173141474,258.4056612724816
2025-01-21 13:00:00+00:00,4905.978502782,952.5583672348312,3953.4201355471687,690.582831577611,261.97553565722006
2025-01-21 14:00:00+00:00,5019.980110571998,879.1122517684031,4140.867858803595,614.8929351399237,264.2193166284794
2025-01-21 15:00:00+00:00,5117.358457218,764.2067474965629,4353.151709721436,499.24283503381326,264.9639124627496
2025-01-21 16:00:00+00:00,5191.642163862,615.6035772309978,4576.0385866310025,351.499320416659,264.1042568143388
2025-01-21 17:00:00+00:00,5237.898238397999,443.01066324784574,4794.887575150154,181.4028638668398,261.6077993810059
2025-01-21 18:00:00+00:00,5253.071388810003,257.51602152209506,4995.555367287908,0.0,257.51602152209506
2025-01-21 19:00:00+00:00,5236.196203769998,251.94290659320845,4984.25329717679,0.0,251.94290659320845
2025-01-21 20:00:00+00:00,5188.467663162,245.07042784012256,4943.397235321877,0.0,245.07042784012256
2025-01-21 21:00:00+00:00,5113.165040843998,237.14124164072908,4876.023799203269,0.0,237.14124164072908
2025-01-21 22:00:00+00:00,5015.434260354003,228.44888330402162,4786.985377049981,0.0,228.44888330402162
2025-01-21 23:00:00+00:00,4901.94335967,219.3258609654942,4682.617498704506,0.0,219.3258609654942
2025-01-22 00:00:00+00:00,4779.998958966,210.13015105990274,4569.868807906098,0.0,210.13015105990274
2025-01-22 01:00:00+00:00,4658.767057307999,201.2306247287472,4457.536432579252,0.0,201.2306247287472
2025-01-22 02:00:00+00:00,4546.100996556,192.99202176029146,4353.1089747957085,0.0,192.99202176029146
2025-01-22 03:00:00+00:00,4449.724610310001,185.76007830937453,4263.964532000626,0.0,185.76007830937453
2025-01-22 04:00:00+00:00,4376.275945608,179.84741390494023,4196.42853170306,0.0,179.84741390494023
2025-01-22 05:00:00+00:00,4330.859910089999,175.52076846669553,4155.3391416233035,0.0,175.52076846669553
2025-01-22 06:00:00+00:00,4316.704699692,172.99009133319626,4143.714608358803,0.0,172.99009133319626
2025-01-22 07:00:00+00:00,4334.945363322002,361.4456612006136,3973.4997021213885,189.04571016662072,172.39995103399283
2025-01-22 08:00:00+00:00,4384.54908003,540.0189159509907,3844.5301640790094,366.1953130125355,173.8236029384552
2025-01-22 09:00:00+00:00,4462.387264524002,696.1686784832998,3766.2185860407017,518.9087189851435,177.25995949815632
2025-01-22 10:00:00+00:00,4563.449436083999,818.9231137739678,3744.526322310031,636.28951909114,182.63359468282772
2025-01-22 11:00:00+00:00,4681.184355960001,899.7230967311802,3781.461259228821,709.925325950508,189.79777078067232
2025-01-22 12:00:00+00:00,4807.945123464,933.0876476213353,3874.857475842665,734.547266521233,198.5403811001023
2025-01-22 13:00:00+00:00,4935.5079216660015,917.0408477029065,4018.467073963095,708.4483082446391,208.59253945826742
2025-01-22 14:00:00+00:00,5055.6291531900015,853.2603563284878,4202.368796861514,633.6208629575406,219.63949337094724
2025-01-22 15:00:00+00:00,5160.603004451999,746.9329831860008,4413.670021265999,515.5995880175229,231.33339516847784
2025-01-22 16:00:00+00:00,5243.781616667999,606.3299126611877,4637.451704006811,363.0224984122917,243.30741424889595
2025-01-22 17:00:00+00:00,5300.022417479998,442.1401950711988,4857.882222408799,186.94958127711521,255.19061379408356
2025-01-22 18:00:00+00:00,5326.032376224003,266.6229812657037,5059.409394958299,0.0,266.6229812657037
2025-01-22 19:00:00+00:00,5320.585737306004,277.27000199771766,5043.315735308287,0.0,277.27000199771766
2025-01-22 20:00:00+00:00,5284.600664657999,286.83617111688335,4997.764493541115,0.0,286.83617111688335
2025-01-22 21:00:00+00:00,5221.069617791997,295.07690038668244,4925.992717405315,0.0,295.07690038668244
2025-01-22 22:00:00+00:00,5134.848443802,301.8083231476597,4833.04012065434,0.0,301.8083231476597
2025-01-22 23:00:00+00:00,5032.31868447,306.91460994739265,4725.4040745226075,0.0,306.91460994739265
2025-01-23 00:00:00+00:00,4920.386523654,310.35247768927246,4610.034045964727,0.0,310.35247768927246
2025-01-23 01:00:00+00:00,4808.2069651560005,312.1527244731118,4496.054240682889,0.0,312.1527244731118
2025-01-23 02:00:00+00:00,4703.272602672002,312.4187184129664,4390.853884259035,0.0,312.4187184129664
2025-01-23 03:00:00+00:00,4613.099225154002,311.3219040141985,4301.7773211398035,0.0,311.3219040141985
2025-01-23 04:00:00+00:00,4544.150189838,309.0945175951956,4235.055672242805,0.0,309.0945175951956
2025-01-23 05:00:00+00:00,4501.393235052,306.01979565489813,4195.373439397102,0.0,306.01979565489813
2025-01-23 06:00:00+00:00,4487.960157282001,302.42009538393063,4185.54006189807,0.0,302.42009538393063
2025-01-23 07:00:00+00:00,4504.932649560001,469.432738292259,4035.499911267742,170.78934150096256,298.6433967912964
2025-01-23 08:00:00+00:00,4551.268910622,624.4270211350095,3926.84188948699,329.3782624501124,295.0487586848971
2025-01-23 09:00:00+00:00,4623.875975249997,757.7074216065253,3866.168553643472,465.71611938373644,291.9913022227888
2025-01-23 10:00:00+00:00,4717.82282811,860.9772164685755,3856.8456116414245,571.1698571344563,289.80735933411927
2025-01-23 11:00:00+00:00,4826.6797128479975,927.7788528946999,3898.9008599532976,638.978476163546,288.80037673115385
2025-01-23 12:00:00+00:00,4942.960441188,953.839125770247,3989.121315417753,664.6109610150986,289.22816475514844
2025-01-23 13:00:00+00:00,5058.637439604001,937.3128090726359,4121.324630531365,646.0208004884232,291.2920085842126
2025-01-23 14:00:00+00:00,5165.694324966,878.9185672762501,4286.775757689749,583.7904774415797,295.1280898346704
2025-01-23 15:00:00+00:00,5256.67823415,781.9596048379079,4474.718629312092,481.1580365808306,300.80156825707735
2025-01-23 16:00:00+00:00,5325.214107149999,652.2203381072036,4672.993769042796,343.9167683847773,308.3035697224263
2025-01-23 17:00:00+00:00,5366.445723576002,497.7304409175993,4868.715282658402,180.1792391696078,317.5512017479915
2025-01-23 18:00:00+00:00,5377.373272530001,328.39059582348614,5048.982676706514,0.0,328.39059582348614
2025-01-23 19:00:00+00:00,5357.064345444002,340.6028589847107,5016.461486459291,0.0,340.6028589847107
2025-01-23 20:00:00+00:00,5306.723725463998,353.9126810459037,4952.811044418094,0.0,353.9126810459037
2025-01-23 21:00:00+00:00,5229.617150226002,367.999255182893,4861.6178950431095,0.0,367.999255182893
2025-01-23 22:00:00+00:00,5130.854079036,382.5090601389115,4748.345018897089,0.0,382.5090601389115
2025-01-23 23:00:00+00:00,5017.044124806001,397.06998430695563,4619.974140499045,0.0,397.06998430695563
2025-01-24 00:00:00+00:00,4895.166709524002,411.30620983918936,4483.860499684813,0.0,411.30620983918936
2025-01-24 01:00:00+00:00,4774.786847501998,424.85325571142045,4349.933591790577,0.0,424.85325571142045
2025-01-24 02:00:00+00:00,4663.3959913379995,437.3725527942698,4226.02343854373,0.0,437.3725527942698
2025-01-24 03:00:00+00:00,4568.590973393998,448.5649690815363,4120.026004312462,0.0,448.5649690815363
2025-01-24 04:00:00+00:00,4496.872561104002,458.18271949142706,4038.6898416125746,0.0,458.18271949142706
2025-01-24 05:00:00+00:00,4453.201438349999,466.0391804181346,3987.1622579318646,0.0,466.0391804181346
2025-01-24 06:00:00+00:00,4440.6581794680005,472.01620462248,3968.6419748455205,0.0,472.01620462248
2025-01-24 07:00:00+00:00,4460.230368720001,696.8125056709525,3763.4178630490487,220.74386641834747,476.068639252605
2025-01-24 08:00:00+00:00,4510.741500132,908.8944184682618,3601.8470816637378,430.66855704435613,478.22586142390577
2025-01-24 09:00:00+00:00,4588.926552965998,1092.9402561858305,3495.9862967801673,614.3499854523468,478.59027073348386
2025-01-24 10:00:00+00:00,4689.649249991999,1235.3412780457625,3454.307971946236,758.008477233271,477.3328008124915
2025-01-24 11:00:00+00:00,4806.246257609998,1325.3132947635809,3480.932962846417,850.6276688876419,474.68562587593885
2025-01-24 12:00:00+00:00,4930.975073178,1355.8020932782656,3575.172979899734,884.8697138374805,470.93237944078504
2025-01-24 13:00:00+00:00,5055.535163196,1324.0979111344504,3731.4372520615498,857.7016407333371,466.39627040111344
2025-01-24 14:00:00+00:00,5171.6270334539995,1232.1001532431835,3939.5268802108158,770.6735710456608,461.4265821975227
2025-01-24 15:00:00+00:00,5271.511311906,1086.2056577073456,4185.305654198654,629.8215281703732,456.3841295369724
2025-01-24 16:00:00+00:00,5348.52979353,896.8288473111509,4451.700946218849,445.20261128171927,451.62623602943165
2025-01-24 17:00:00+00:00,5397.5532555419995,677.5962730285298,4719.9569825134695,230.10439337701695,447.4918796515128
2025-01-24 18:00:00+00:00,5415.325500563999,444.28759380119345,4971.0379067628055,0.0,444.28759380119345
2025-01-24 19:00:00+00:00,5400.680436732004,442.2747080111045,4958.405728720899,0.0,442.2747080111045
2025-01-24 20:00:00+00:00,5354.617453793999,441.65845545976373,4912.958998334235,0.0,441.65845545976373
2025-01-24 21:00:00+00:00,5280.230098122001,442.57938496169925,4837.650713160302,0.0,442.57938496169925
2025-01-24 22:00:00+00:00,5182.492941905999,445.1074397061634,4737.385502199835,0.0,445.1074397061634
2025-01-24 23:00:00+00:00,5067.921289913998,449.23892897816796,4618.682360935831,0.0,449.23892897816796
2025-01-25 00:00:00+00:00,4565.170602131999,454.8965422056765,4110.2740599263225,0.0,454.8965422056765
2025-01-25 01:00:00+00:00,4440.343639409998,461.9323779778954,3978.411261432103,0.0,461.9323779778954
2025-01-25 02:00:00+00:00,4322.6964653039995,470.1338852683593,3852.56258003564,0.0,470.1338852683593
2025-01-25 03:00:00+00:00,4219.906671372,479.2324588380674,3740.674212533933,0.0,479.2324588380674
2025-01-25 04:00:00+00:00,4138.597593395998,488.9143502073972,3649.683243188601,0.0,488.9143502073972
2025-01-25 05:00:00+00:00,4083.891526974,498.8334335967506,3585.0580933772494,0.0,498.8334335967506
2025-01-25 06:00:00+00:00,4059.0659600820013,508.62532113700104,3550.4406389450005,0.0,508.62532113700104
2025-01-25 07:00:00+00:00,4065.336166331999,729.1842164451749,3336.151949886824,211.26198499212163,517.9222314530533
2025-01-25 08:00:00+00:00,4101.778853213999,932.0213217329502,3169.757531481049,405.65330526980074,526.3680164631495
2025-01-25 09:00:00+00:00,4165.4018539140025,1104.23404527008,3061.1678086439224,570.6013184312782,533.6327268388019
2025-01-25 10:00:00+00:00,4251.355081973999,1235.0568018851816,3016.2982800888176,695.6306860924768,539.4261157927048
2025-01-25 11:00:00+00:00,4353.268071473999,1316.4676973874462,3036.800374086553,772.9581581187167,543.5095392687296
2025-01-25 12:00:00+00:00,4463.691081402002,1343.6215057392797,3120.0695756627224,797.9157581648824,545.7057475743973
2025-01-25 13:00:00+00:00,4574.6094169439975,1315.0961369018592,3259.5132800421384,769.1899462415741,545.906190660285
2025-01-25 14:00:00+00:00,4677.995882112004,1232.947395646257,3445.0484864657474,688.8718824246424,544.0755132216148
2025-01-25 15:00:00+00:00,4766.363520828001,1102.5730362919267,3663.7904845360745,562.3199578429545,540.2530784489721
2025-01-25 16:00:00+00:00,4833.280803581998,932.3926751384636,3900.8881284435347,397.8412375148096,534.551437623654
2025-01-25 17:00:00+00:00,4873.814186807998,733.3558248982403,4140.458361909758,206.2039994933964,527.1518254048439
2025-01-25 18:00:00+00:00,4884.867608627998,518.2968523322263,4366.570756295772,0.0,518.2968523322263
2025-01-25 19:00:00+00:00,4865.395869935999,508.2806976676704,4357.115172268329,0.0,508.2806976676704
2025-01-25 20:00:00+00:00,4816.477231985999,497.4372121625393,4319.04001982346,0.0,497.4372121625393
2025-01-25 21:00:00+00:00,4741.240246134001,486.1263987439334,4255.113847390067,0.0,486.1263987439334
2025-01-25 22:00:00+00:00,4644.649880681997,474.7198440974534,4169.930036584544,0.0,474.7198440974534
2025-01-25 23:00:00+00:00,4533.167452463999,463.5856844746358,4069.5817679893635,0.0,463.5856844746358
2025-01-26 00:00:00+00:00,4413.376447913999,453.07372897680784,3960.3027189371915,0.0,453.07372897680784
2025-01-26 01:00:00+00:00,4295.191659695999,443.5013399086846,3851.6903197873144,0.0,443.5013399086846
2025-01-26 02:00:00+00:00,4185.718878977999,435.14065722648627,3750.578221751513,0.0,435.14065722648627
2025-01-26 03:00:00+00:00,4092.4269781919984,428.20768534804625,3664.219292843952,0.0,428.20768534804625
2025-01-26 04:00:00+00:00,4021.7020974479997,422.8536873991126,3598.848410048887,0.0,422.8536873991126
2025-01-26 05:00:00+00:00,3978.4064213879997,419.1592388149803,3559.2471825730195,0.0,419.1592388149803
2025-01-26 06:00:00+00:00,3965.5405456799995,417.13119240759397,3548.4093532724055,0.0,417.13119240759397
2025-01-26 07:00:00+00:00,3984.032556294001,629.7553618277934,3354.2771944662077,213.0527004667427,416.70266136105073
2025-01-26 08:00:00+00:00,4032.6683885879997,828.4454145879035,3204.222974000096,410.70937668857493,417.7360378993286
2025-01-26 09:00:00+00:00,4108.168391165999,999.0004177093649,3109.167973456634,578.9715061190956,420.0289115902693
2025-01-26 10:00:00+00:00,4205.404948962,1129.3562294455544,3076.048719516446,706.0335802226856,423.32264922286873
2025-01-26 11:00:00+00:00,4317.746581554001,1210.4979376567715,3107.248643897229,783.1846496214013,427.31328803537014
2025-01-26 12:00:00+00:00,4437.505113594,1237.1254231858254,3200.3796904081746,805.4611392737385,431.6642839120869
2025-01-26 13:00:00+00:00,4556.4555912959995,1208.0148058678983,3348.440785428101,771.9941962785437,436.02060958935465
2025-01-26 14:00:00+00:00,4666.3936473,1126.0466069944368,3540.3470403055635,686.0230014991688,440.02360549526816
2025-01-26 15:00:00+00:00,4759.692356496002,997.9026223318656,3761.789734164136,554.5766290907442,443.32599324112135
2025-01-26 16:00:00+00:00,4829.820718716,833.4642290447787,3996.356489671221,387.85780718591326,445.6064218588655
2025-01-26 17:00:00+00:00,4871.78846637,644.9717692943135,4226.8166970756865,198.38880805585418,446.5829612384593
2025-01-26 18:00:00+00:00,4882.486921872,446.02498013808565,4436.461941733914,0.0,446.02498013808565
2025-01-26 19:00:00+00:00,4860.9025950660025,443.76293338066864,4417.1396616853335,0.0,443.76293338066864
2025-01-26 20:00:00+00:00,4808.189013011998,439.6956434748508,4368.493369537147,0.0,439.6956434748508
2025-01-26 21:00:00+00:00,4727.5917638460005,433.7947920199522,4293.796971826048,0.0,433.7947920199522
2025-01-26 22:00:00+00:00,4624.2318239040005,426.1064220162377,4198.125401887763,0.0,426.1064220162377
2025-01-26 23:00:00+00:00,4504.761777558,416.749404502961,4088.012373055039,0.0,416.749404502961
2025-01-27 00:00:00+00:00,4754.012475449999,405.91091462306554,4348.101560826934,0.0,405.91091462306554
2025-01-27 01:00:00+00:00,4626.095508426,393.83912042916984,4232.25638799683,0.0,393.83912042916984
2025-01-27 02:00:00+00:00,4506.409154015999,380.8333609387328,4125.575793077266,0.0,380.8333609387328
2025-01-27 03:00:00+00:00,4402.702710546002,367.23224224742927,4035.4704682985725,0.0,367.23224224742927
2025-01-27 04:00:00+00:00,4321.649437896,353.4001093434823,3968.2493285525175,0.0,353.4001093434823
2025-01-27 05:00:00+00:00,4268.398525943999,339.7124710364939,3928.686054907505,0.0,339.7124710364939
2025-01-27 06:00:00+00:00,4246.230665375998,326.5409561536423,3919.6897092223558,0.0,326.5409561536423
2025-01-27 07:00:00+00:00,4256.340496716,480.53071496003497,3775.8097817559656,166.2922803544751,314.23843460555986
2025-01-27 08:00:00+00:00,4297.760674284002,622.4233072783466,3675.3373670056553,319.2984191496534,303.1248881286932
2025-01-27 09:00:00+00:00,4367.432529432,743.1102851593205,3624.322244272679,449.6356504259003,293.4746347334202
2025-01-27 10:00:00+00:00,4460.4184971780005,834.9056073667298,3625.5128898112707,549.4002014638085,285.5054059029213
2025-01-27 11:00:00+00:00,4570.241633160002,891.9128984905074,3678.328734669494,612.5431554330486,279.3697430574587
2025-01-27 12:00:00+00:00,4689.329106252002,910.3065163942133,3779.0225898577887,635.1574674561822,275.1490489380311
2025-01-27 13:00:00+00:00,4809.529345026,888.525594912082,3921.0037501139177,615.6750488925397,272.8505460195423
2025-01-27 14:00:00+00:00,4922.66758704,827.3778779566285,4095.289709083372,554.9706117963899,272.4072661602385
2025-01-27 15:00:00+00:00,5021.101945650003,730.0467193340323,4291.05522631597,456.3656574578553,273.68106187617695
2025-01-27 16:00:00+00:00,5098.242176916002,601.9914829904587,4496.250693925544,325.5229516913173,276.4685312991415
2025-01-27 17:00:00+00:00,5148.995798015999,450.7305469629424,4698.265251053056,170.22094669103055,280.5096002719119
2025-01-27 18:00:00+00:00,5170.1112183840005,285.49841187972646,4884.612806504274,0.0,285.49841187972646
2025-01-27 19:00:00+00:00,5160.394641654,291.09608647632024,4869.29855517768,0.0,291.09608647632024
2025-01-27 20:00:00+00:00,5120.786001701999,296.94481619324694,4823.8411855087525,0.0,296.94481619324694
2025-01-27 21:00:00+00:00,5054.28893571,302.682727608831,4751.60620810117,0.0,302.682727608831
2025-01-27 22:00:00+00:00,4965.759676794,307.95889671825904,4657.800780075741,0.0,307.95889671825904
2025-01-27 23:00:00+00:00,4861.569420498001,312.4479025642977,4549.121517933703,0.0,312.4479025642977
2025-01-28 00:00:00+00:00,4747.985755757999,315.8633302858804,4432.122425472118,0.0,315.8633302858804
2025-01-28 01:00:00+00:00,4635.368664653999,317.9696543036054,4317.399010350394,0.0,317.9696543036054
2025-01-28 02:00:00+00:00,4530.553137557999,318.5920336488379,4211.9611039091615,0.0,318.5920336488379
2025-01-28 03:00:00+00:00,4441.007033064001,317.62360837120633,4123.3834246927945,0.0,317.62360837120633
2025-01-28 04:00:00+00:00,4373.138795717998,315.0299946401903,4058.1088010778076,0.0,315.0299946401903
2025-01-28 05:00:00+00:00,4331.8555583940015,310.85080332055827,4021.0047550734434,0.0,310.85080332055827
2025-01-28 06:00:00+00:00,4320.2243040600015,305.1981125250192,4015.0261915349824,0.0,305.1981125250192
2025-01-28 07:00:00+00:00,4339.259205834001,502.7779160914442,3836.4812897425563,204.52595392937332,298.25196216207087
2025-01-28 08:00:00+00:00,4387.849835376001,688.8366186774575,3699.013216698543,398.58356928153813,290.2530493959194
2025-01-28 09:00:00+00:00,4462.835113673999,849.4999412993891,3613.33517237461,568.0070146359459,281.49292666344326
2025-01-28 10:00:00+00:00,4559.217998664003,972.514424196547,3586.703574467456,700.2123204943698,272.30210370217713
2025-01-28 11:00:00+00:00,4670.5063511399985,1048.238302418104,3622.2680487218945,785.2017601343566,263.03654228374734
2025-01-28 12:00:00+00:00,4789.156677647999,1070.4354090833767,3718.721268564622,816.3723198080895,254.06308927528727
2025-01-28 13:00:00+00:00,4907.090479451997,1036.8001806340535,3870.290298817944,791.0557270972924,245.74445353676106
2025-01-28 14:00:00+00:00,5016.248032907997,949.166570727217,4067.0814621807804,710.7422333898129,238.4243373374041
2025-01-28 15:00:00+00:00,5109.141660798,813.3830906586801,4295.75857013932,580.9697621201456,232.41332853853453
2025-01-28 16:00:00+00:00,5179.370791727999,638.8670340894033,4540.503757638596,410.89089352188824,227.97614056751505
2025-01-28 17:00:00+00:00,5222.063560812001,437.8798450401499,4784.183715771851,212.5591406370077,225.32070440314226
2025-01-28 18:00:00+00:00,5234.214680730001,224.58958574105168,5009.62509498895,0.0,224.58958574105168
2025-01-28 19:00:00+00:00,5214.896498195998,225.85405264254265,4989.042445553456,0.0,225.85405264254265
2025-01-28 20:00:00+00:00,5165.328600936,229.1110502129174,4936.217550723082,0.0,229.1110502129174
2025-01-28 21:00:00+00:00,5088.80116899,234.2832124306957,4854.517956559304,0.0,234.2832124306957
2025-01-28 22:00:00+00:00,4990.457075898002,241.22188968725354,4749.235186210748,0.0,241.22188968725354
2025-01-28 23:00:00+00:00,4876.947451025997,249.71309370653907,4627.234357319458,0.0,249.71309370653907
2025-01-29 00:00:00+00:00,4754.683839822,259.48609442685967,4495.19774539514,0.0,259.48609442685967
2025-01-29 01:00:00+00:00,4634.518512707999,270.2243368874041,4364.294175820595,0.0,270.2243368874041
2025-01-29 02:00:00+00:00,4523.385273203999,281.5782101261914,4241.8070630778075,0.0,281.5782101261914
2025-01-29 03:00:00+00:00,4428.942683256,293.1791697837777,4135.763513472222,0.0,293.1791697837777
2025-01-29 04:00:00+00:00,4357.754618532001,304.6546148194011,4053.1000037125996,0.0,304.6546148194011
2025-01-29 05:00:00+00:00,4314.844663289999,315.6429231821987,3999.2017401078,0.0,315.6429231821987
2025-01-29 06:00:00+00:00,4303.354455456001,325.808024664398,3977.546430791603,0.0,325.808024664398
2025-01-29 07:00:00+00:00,4324.329274734,542.4541958142208,3781.8750789197793,207.60127485982062,334.85292095440025
2025-01-29 08:00:00+00:00,4376.645440776001,744.2299919012044,3632.4154488747968,401.6984008991485,342.5315910020559
2025-01-29 09:00:00+00:00,4457.08452273,918.1757542516671,3538.9087684783326,569.5169494207523,348.6588048309148
2025-01-29 10:00:00+00:00,4560.549350364001,1053.024656598438,3507.524693765563,699.9072233448493,353.11743325358873
2025-01-29 11:00:00+00:00,4680.407174898,1139.8877841552446,3540.5193907427556,784.0248153054979,355.8629688497468
2025-01-29 12:00:00+00:00,4808.936652786,1172.8153570270092,3636.121295758991,815.8902999169155,356.9250571100937
2025-01-29 13:00:00+00:00,4937.848377294004,1149.2050411814585,3788.643336112546,792.7990522306375,356.4059889508211
2025-01-29 14:00:00+00:00,5058.843498996001,1070.0314656334049,3988.8120333625957,715.5552526281268,354.476213005278
2025-01-29 15:00:00+00:00,5164.17264321,939.8754163639528,4224.297226846047,588.5083697542182,351.3670466097347
2025-01-29 16:00:00+00:00,5247.157039698,766.7378480463005,4480.419191651699,419.3769557428059,347.3608923034947
2025-01-29 17:00:00+00:00,5302.636630577998,561.6332754252472,4741.003355152751,218.85391856387258,342.77935686137465
2025-01-29 18:00:00+00:00,5327.314690403998,337.9697563777026,4989.344934026295,0.0,337.9697563777026
2025-01-29 19:00:00+00:00,5319.97566135,333.29057224683714,4986.685089103164,0.0,333.29057224683714
2025-01-29 20:00:00+00:00,5281.561547388002,329.0964398897057,4952.465107498296,0.0,329.0964398897057
2025-01-29 21:00:00+00:00,5215.101738882,325.7232927387856,4889.378446143214,0.0,325.7232927387856
2025-01-29 22:00:00+00:00,5125.501205285999,323.47427142541153,4802.026933860588,0.0,323.47427142541153
2025-01-29 23:00:00+00:00,5019.201673877999,322.60697262564884,4696.59470125235,0.0,322.60697262564884
2025-01-30 00:00:00+00:00,4902.316375698001,323.3225617468084,4578.993813951192,0.0,323.3225617468084
2025-01-30 01:00:00+00:00,4785.8036354099995,325.7571930501549,4460.046442359844,0.0,325.7571930501549
2025-01-30 02:00:00+00:00,4676.3772452039975,329.97609282557687,4346.401152378421,0.0,329.97609282557687
2025-01-30 03:00:00+00:00,4581.641108856002,335.97054737779143,4245.67056147821,0.0,335.97054737779143
2025-01-30 04:00:00+00:00,4508.148823667999,343.65792150949284,4164.490902158506,0.0,343.65792150949284
2025-01-30 05:00:00+00:00,4460.958334098,352.8846956722279,4108.073638425772,0.0,352.8846956722279
2025-01-30 06:00:00+00:00,4443.289483583998,363.43242123667466,4079.8570623473233,0.0,363.43242123667466
2025-01-30 07:00:00+00:00,4456.307799804,612.0214539325742,3844.2863458714255,236.99512916488527,375.02632476768895
2025-01-30 08:00:00+00:00,4499.049110093999,844.3814895085449,3654.667620585454,457.03525868311135,387.3462308254335
2025-01-30 09:00:00+00:00,4568.490043488,1044.403600704381,3524.086442783619,644.3642609691428,400.03933973523806
2025-01-30 10:00:00+00:00,4659.759490175999,1198.4573493196976,3461.302140856302,785.7229954317614,412.7343538879363
2025-01-30 11:00:00+00:00,4766.476519223999,1296.4261312672777,3470.0503879567214,871.3697708966607,425.056360370617
2025-01-30 12:00:00+00:00,4881.19149567,1332.4489053126813,3548.742590357319,895.8070349782097,436.64187033447155
2025-01-30 13:00:00+00:00,4995.900278796002,1305.3068108478953,3690.593467948106,858.1534145639549,447.1533962839405
2025-01-30 14:00:00+00:00,5102.596229346001,1218.4267802746303,3884.1694490713703,762.1338066661816,456.29297360844873
2025-01-30 15:00:00+00:00,5193.8222931,1079.5102393876184,4114.312053712381,615.6961712219594,463.81406816565897
2025-01-30 16:00:00+00:00,5263.185368825999,899.8293553389279,4363.356013487071,430.2979659845324,469.5313893543955
2025-01-30 17:00:00+00:00,5305.797743526003,693.2624163639427,4612.53532716206,219.93421209797972,473.328204265963
2025-01-30 18:00:00+00:00,5318.61540042,475.1608527475336,4843.454547672466,0.0,475.1608527475336
2025-01-30 19:00:00+00:00,5300.650012896002,475.0602815034301,4825.5897313925725,0.0,475.0602815034301
2025-01-30 20:00:00+00:00,5253.040044672003,473.13053217362005,4779.909512498383,0.0,473.13053217362005
2025-01-30 21:00:00+00:00,5178.976039691999,469.54424918943266,4709.431790502566,0.0,469.54424918943266
2025-01-30 22:00:00+00:00,5083.485141252001,464.5353907593212,4618.94975049268,0.0,464.5353907593212
2025-01-30 23:00:00+00:00,4973.089428593999,458.3894387150422,4514.699989878957,0.0,458.3894387150422
2025-01-31 00:00:00+00:00,4853.817029754,451.4315079328987,4402.385521821101,0.0,451.4315079328987
2025-01-31 01:00:00+00:00,4736.862349421998,444.01285511436754,4292.849494307631,0.0,444.01285511436754
2025-01-31 02:00:00+00:00,4628.765537760003,436.4963185014487,4192.269219258555,0.0,436.4963185014487
2025-01-31 03:00:00+00:00,4537.035880734,429.241301427922,4107.794579306078,0.0,429.241301427922
2025-01-31 04:00:00+00:00,4468.091808558,422.5889111290467,4045.502897428953,0.0,422.5889111290467
2025-01-31 05:00:00+00:00,4426.818794454,416.8478553603287,4009.970939093672,0.0,416.8478553603287
2025-01-31 06:00:00+00:00,4416.231059394003,412.28168385013385,4003.949375543869,0.0,412.28168385013385
2025-01-31 07:00:00+00:00,4437.260235659999,590.9780552156747,3846.2821804443247,181.88016975531548,409.0978854603591
2025-01-31 08:00:00+00:00,4488.685560492,755.9686961688508,3732.7168643231494,348.52939229566493,407.4393038731858
2025-01-31 09:00:00+00:00,4567.210486607996,897.0426941541751,3670.167792453821,489.66448817494535,407.3782059792298
2025-01-31 10:00:00+00:00,4667.6806319219995,1005.6387663035773,3662.041865618422,596.7255104870219,408.91325581655536
2025-01-31 11:00:00+00:00,4783.428420833999,1075.272977553114,3708.1554432808844,663.3034585464839,411.96951900663026
2025-01-31 12:00:00+00:00,4906.721013978004,1101.8591411842172,3804.8618727937865,685.4576479329489,416.4014932512681
2025-01-31 13:00:00+00:00,5029.281247032,1083.9159176700414,3945.365329361958,661.9168762469117,421.99904142312965
2025-01-31 14:00:00+00:00,5142.846111227998,1022.6541886533112,4120.191922574687,594.1582031631045,428.4959854902066
2025-01-31 15:00:00+00:00,5239.724962373997,921.9373940198316,4317.787568354166,486.3563824467035,435.5810115731281
2025-01-31 16:00:00+00:00,5313.319433099999,788.1075266641244,4525.211906435874,345.1970915176435,442.91043514648084
2025-01-31 17:00:00+00:00,5358.569788824001,629.6719153876722,4728.897873436329,179.54960579234893,450.12230959532326
2025-01-31 18:00:00+00:00,5372.297363201999,456.85128888413783,4915.4460743178615,0.0,456.85128888413783
2025-01-31 19:00:00+00:00,5353.4197929659995,462.7436558347886,4890.67613713121,0.0,462.7436558347886
2025-01-31 20:00:00+00:00,5303.02441725,467.47187871454327,4835.552538535457,0.0,467.47187871454327
2025-01-31 21:00:00+00:00,5224.294874021999,470.74811502398535,4753.5467589980135,0.0,470.74811502398535
2025-01-31 22:00:00+00:00,5122.295856761998,472.3361013364457,4649.959755425552,0.0,472.3361013364457
2025-01-31 23:00:00+00:00,5003.630662044,472.06095084508286,4531.5697111989175,0.0,472.06095084508286
2025-02-01 00:00:00+00:00,4496.18044911,469.81644459509687,4026.364004514903,0.0,469.81644459509687
2025-02-01 01:00:00+00:00,4367.841916368002,465.5695295426218,3902.27238682538,0.0,465.5695295426218
2025-02-01 02:00:00+00:00,4247.082671076,459.36183639083725,3787.720834685163,0.0,459.36183639083725
2025-02-01 03:00:00+00:00,4141.6403460599995,451.30814401003454,3690.332202049965,0.0,451.30814401003454
2025-02-01 04:00:00+00:00,4058.1872637179995,441.5918747247915,3616.595388993208,0.0,441.5918747247915
2025-02-01 05:00:00+00:00,4001.882502030001,430.45777794467705,3571.4247240853238,0.0,430.45777794467705
2025-02-01 06:00:00+00:00,3976.0272363000017,418.2021259632372,3557.8251103367647,0.0,418.2021259632372
2025-02-01 07:00:00+00:00,3981.8467936800002,601.3406342650474,3380.506159414953,196.17982789030503,405.1608063747424
2025-02-01 08:00:00+00:00,4018.414025682,771.3791260261012,3247.0348996558987,379.68332030836746,391.69580571773366
2025-02-01 09:00:00+00:00,4082.719123013999,915.6123824803688,3167.10674053363,537.431748815841,378.1806336645277
2025-02-01 10:00:00+00:00,4169.880926568001,1023.178223614483,3146.702702953518,658.192935525158,364.9852880893251
2025-02-01 11:00:00+00:00,4273.48524813,1085.894544001739,3187.5907041282617,733.43317156428,352.4613724374589
2025-02-01 12:00:00+00:00,4386.026929200001,1098.8797376292982,3287.147191570703,757.9517608109811,340.9279768183172
2025-02-01 13:00:00+00:00,4499.425515480001,1060.9053872699465,3438.5201282100547,730.2464892524416,330.65889801750484
2025-02-01 14:00:00+00:00,4605.579206927998,974.4554963126158,3631.123710615382,652.5837744416194,321.87172187099634
2025-02-01 15:00:00+00:00,4696.919346546001,845.4939199262184,3851.4254266197827,530.7747031541074,314.71921677211094
2025-02-01 16:00:00+00:00,4766.927554116,682.9679158034618,4083.9596383125377,373.68452779099033,309.28338801247145
2025-02-01 17:00:00+00:00,4810.58026659,498.0980337066244,4312.482232883376,192.52560194740724,305.5724317592171
2025-02-01 18:00:00+00:00,4824.690384528,303.520726922419,4521.169657605581,0.0,303.520726922419
2025-02-01 19:00:00+00:00,4808.12276994,302.9918419935923,4505.130927946408,0.0,302.9918419935923
2025-02-01 20:00:00+00:00,4761.868935180001,303.78445926428697,4458.084475915714,0.0,303.78445926428697
2025-02-01 21:00:00+00:00,4688.975942784001,305.64094804944557,4383.334994734555,0.0,305.64094804944557
2025-02-01 22:00:00+00:00,4594.3344030359995,308.25825643684345,4286.076146599156,0.0,308.25825643684345
2025-02-01 23:00:00+00:00,4484.3401871940005,311.30066391986816,4173.039523274132,0.0,311.30066391986816
2025-02-02 00:00:00+00:00,4364.666312748,314.41386925290755,4050.252443495092,0.0,314.41386925290755
2025-02-02 01:00:00+00:00,4246.895161950001,317.2398479450212,3929.65531400498,0.0,317.2398479450212
2025-02-02 02:00:00+00:00,4137.246533364002,319.4318620547498,3817.8146713092524,0.0,319.4318620547498
2025-02-02 03:00:00+00:00,4043.172199920002,320.66900494892195,3722.50319497108,0.0,320.66900494892195
2025-02-02 04:00:00+00:00,3971.0550820500016,320.6696947400045,3650.385387309997,0.0,320.6696947400045
2025-02-02 05:00:00+00:00,3925.7681008980003,319.20355229631855,3606.564548601682,0.0,319.20355229631855
2025-02-02 06:00:00+00:00,3910.3362775680007,316.101189177883,3594.2350883901177,0.0,316.101189177883
2025-02-02 07:00:00+00:00,3925.7252736660025,501.2062444662271,3424.5190291997756,189.94475816613897,311.2614863000881
2025-02-02 08:00:00+00:00,3970.7708765340008,674.1747747299398,3296.5961018040607,369.5186879126337,304.6560868173061
2025-02-02 09:00:00+00:00,4042.254379590002,823.256460950252,3218.99791863975,526.9255588204637,296.3309021297883
2025-02-02 10:00:00+00:00,4135.118814036001,937.915707596204,3197.203106439797,651.5111357284283,286.40457186777576
2025-02-02 11:00:00+00:00,4242.811375823999,1009.4876515209044,3233.3237243030944,734.4237026927934,275.06394882811094
2025-02-02 12:00:00+00:00,4357.728784752002,1031.7677230716042,3325.9610616803975,769.2109441632914,262.5567789083128
2025-02-02 13:00:00+00:00,4471.7352156960005,1001.4986753504761,3470.236540345524,752.3167828808683,249.18189246960776
2025-02-02 14:00:00+00:00,4576.71757641,918.7165452311874,3658.001031178813,683.4392558707705,235.277289360417
2025-02-02 15:00:00+00:00,4665.140242350001,786.9177230870339,3878.2225192629676,565.711104963086,221.2066181239479
2025-02-02 16:00:00+00:00,4730.561422608,613.0144329154606,4117.546989692539,405.6698305097845,207.34460240567608
2025-02-02 17:00:00+00:00,4768.075871999998,407.0562454412427,4361.019626558755,212.9942453343954,194.06200010684728
2025-02-02 18:00:00+00:00,4774.653784446003,181.71071853574716,4592.943065910255,0.0,181.71071853574716
2025-02-02 19:00:00+00:00,4749.352545126004,170.60969697927626,4578.742848146728,0.0,170.60969697927626
2025-02-02 20:00:00+00:00,4693.386931338001,161.03212523645996,4532.354806101541,0.0,161.03212523645996
2025-02-02 21:00:00+00:00,4610.052722561999,153.19453116788242,4456.858191394116,0.0,153.19453116788242
2025-02-02 22:00:00+00:00,4504.508852549999,147.2481690273806,4357.260683522618,0.0,147.2481690273806
2025-02-02 23:00:00+00:00,4383.4328019720015,143.2730819355879,4240.159720036414,0.0,143.2730819355879
2025-02-03 00:00:00+00:00,4630.814143787999,141.27506103242874,4489.53908275557,0.0,141.27506103242874
2025-02-03 01:00:00+00:00,4502.466791928001,141.18563216925213,4361.281159758749,0.0,141.18563216925213
2025-02-03 02:00:00+00:00,4382.92002477,142.86507901251485,4240.054945757485,0.0,142.86507901251485
2025-02-03 03:00:00+00:00,4279.8932387820005,146.1083657837196,4133.784872998281,0.0,146.1083657837196
2025-02-03 04:00:00+00:00,4200.017082954,150.65372009400983,4049.3633628599905,0.0,150.65372009400983
2025-02-03 05:00:00+00:00,4148.386466532001,156.19353060821786,3992.192935923783,0.0,156.19353060821786
2025-02-03 06:00:00+00:00,4128.217410912001,162.3871092888805,3965.8303016231202,0.0,162.3871092888805
2025-02-03 07:00:00+00:00,4140.631042757998,409.9618200609565,3730.6692226970417,241.08703489472117,168.8747851662353
2025-02-03 08:00:00+00:00,4184.57937597,641.0371642698941,3543.542211700106,465.7443869121587,175.29277735773545
2025-02-03 09:00:00+00:00,4256.917930482,839.9502338490125,3416.9676966329876,658.6620275075011,181.28820634151143
2025-02-03 10:00:00+00:00,4352.620139909999,993.2265968639035,3359.3935430460956,806.6929404049034,186.53365645900013
2025-02-03 11:00:00+00:00,4465.119019199999,1090.4897421050796,3374.629277094919,899.7490624022222,190.74067970285734
2025-02-03 12:00:00+00:00,4586.752761276,1125.1604564031668,3461.5923048728328,931.4887723254295,193.6716840777373
2025-02-03 13:00:00+00:00,4709.283996018003,1094.898795028247,3614.3852009897555,899.7490624022222,195.14973262602473
2025-02-03 14:00:00+00:00,4824.45737571,998.040567488543,3826.4168082214564,802.9747254352347,195.06584205330827
2025-02-03 15:00:00+00:00,4924.55754651,844.2267794411252,4080.3307670688746,650.8432956965493,193.38348374457604
2025-02-03 16:00:00+00:00,5002.929671543998,646.5912518307744,4356.338419713224,456.451146533817,190.1401052969574
2025-02-03 17:00:00+00:00,5054.427059471997,419.6072643161792,4634.819795155818,234.16165680785002,185.44560750832923
2025-02-03 18:00:00+00:00,5075.755619129998,179.47784262179482,4896.277776508204,0.0,179.47784262179482
2025-02-03 19:00:00+00:00,5065.691741375999,172.47531126425451,4893.216430111745,0.0,172.47531126425451
2025-02-03 20:00:00+00:00,5025.158994450001,164.72737007460708,4860.431624375394,0.0,164.72737007460708
2025-02-03 21:00:00+00:00,4957.158474575998,156.56233299240736,4800.596141583591,0.0,156.56233299240736
2025-02-03 22:00:00+00:00,4866.557791914003,148.33396968793144,4718.223822226072,0.0,148.33396968793144
2025-02-03 23:00:00+00:00,4759.753182533998,140.4069467561773,4619.346235777821,0.0,140.4069467561773
2025-02-04 00:00:00+00:00,4642.201088615998,133.14180609284008,4509.059282523158,0.0,133.14180609284008
2025-02-04 01:00:00+00:00,4526.010447630001,126.8800970500788,4399.130350579922,0.0,126.8800970500788
2025-02-04 02:00:00+00:00,4417.228400255999,121.93027970921628,4295.298120546783,0.0,121.93027970921628
2025-02-04 03:00:00+00:00,4323.393888281999,118.55496115807168,4204.8389271239275,0.0,118.55496115807168
2025-02-04 04:00:00+00:00,4250.994448344001,116.95999782691257,4134.034450517089,0.0,116.95999782691257
2025-02-04 05:00:00+00:00,4205.022473273999,117.28590969655625,4087.7365635774427,0.0,117.28590969655625
2025-02-04 06:00:00+00:00,4188.634380125997,119.60195681910574,4069.0324233068914,0.0,119.60195681910574
2025-02-04 07:00:00+00:00,4202.935901345996,330.5348848270386,3872.4010165189575,206.63176713412017,123.90311769291841
2025-02-04 08:00:00+00:00,4246.908150953999,527.553970692835,3719.3541802611644,397.44387181899214,130.11009887384284
2025-02-04 09:00:00+00:00,4317.479437362,698.2797402715069,3619.199697090493,560.2073666667603,138.07237360474653
2025-02-04 10:00:00+00:00,4409.737889381999,832.1135986400544,3577.624290741944,684.5394741228009,147.5741245172535
2025-02-04 11:00:00+00:00,4517.270341122001,920.8503850840261,3596.4199560379748,762.5075393952125,158.3428456888136
2025-02-04 12:00:00+00:00,4632.604229610002,959.1633185235919,3673.4409110864103,789.1030567763901,170.06026174720176
2025-02-04 13:00:00+00:00,4747.722314832004,944.9368036358961,3802.7855111961076,762.5617002134958,182.37510342240031
2025-02-04 14:00:00+00:00,4854.6150178259995,879.4254300158685,3975.189587810131,684.508202822866,194.91722719300253
2025-02-04 15:00:00+00:00,4945.832559402,767.2216870202113,4178.610872381789,559.9091868852693,207.31250013494204
2025-02-04 16:00:00+00:00,5014.999120236002,616.0218685280693,4398.977251707933,396.82403367468515,219.1978348533841
2025-02-04 17:00:00+00:00,5057.253898578001,436.18942799033636,4621.064470587665,205.95366121846345,230.2357667718729
2025-02-04 18:00:00+00:00,5069.588714064,240.12797566406633,4829.460738399934,0.0,240.12797566406633
2025-02-04 19:00:00+00:00,5051.059157507998,248.62719545496688,4802.431962053031,0.0,248.62719545496688
2025-02-04 20:00:00+00:00,5002.854605111999,255.54702433654273,4747.307580775457,0.0,255.54702433654273
2025-02-04 21:00:00+00:00,4928.222278182,260.7692463123045,4667.453031869695,0.0,260.7692463123045
2025-02-04 22:00:00+00:00,4832.250383603998,264.248342564064,4568.002041039934,0.0,264.248342564064
2025-02-04 23:00:00+00:00,4721.524944528001,266.01303442512705,4455.511910102873,0.0,266.01303442512705
2025-02-05 00:00:00+00:00,4601.537671121999,266.1647721981151,4335.372898923883,0.0,266.1647721981151
2025-02-05 01:00:00+00:00,4484.751364254,264.87324892528807,4219.878115328712,0.0,264.87324892528807
2025-02-05 02:00:00+00:00,4377.167605523999,262.369115070937,4114.798490453061,0.0,262.369115070937
2025-02-05 03:00:00+00:00,4286.355365838,258.93419206419304,4027.4211737738065,0.0,258.93419206419304
2025-02-05 04:00:00+00:00,4218.787831146,254.8895979854403,3963.89823316056,0.0,254.8895979854403
2025-02-05 05:00:00+00:00,4179.398931035998,250.5822489536846,3928.816682082314,0.0,250.5822489536846
2025-02-05 06:00:00+00:00,4171.243792086001,246.37031806437628,3924.873474021625,0.0,246.37031806437628
2025-02-05 07:00:00+00:00,4195.286345165998,449.21984997318623,3746.0664951928115,206.6116280752156,242.60822189797062
2025-02-05 08:00:00+00:00,4250.328662201999,636.2052874920713,3614.1233747099272,396.5735200298585,239.63176746221282
2025-02-05 09:00:00+00:00,4333.086875249996,794.4150978767316,3538.671777373265,556.6710357579602,237.74406211877132
2025-02-05 10:00:00+00:00,4438.408765644001,913.2696119224468,3525.139153721554,676.0668539292915,237.20275799315527
2025-02-05 11:00:00+00:00,4559.618163492001,985.2819319774061,3574.336231514595,747.072761401569,238.20917057583708
2025-02-05 12:00:00+00:00,4688.963008926003,1006.5522620595533,3682.4107468664492,765.6525706078517,240.8996914517016
2025-02-05 13:00:00+00:00,4818.1365539160015,976.9621614243058,3841.1743924916955,731.6222825563309,245.33987886797496
2025-02-05 14:00:00+00:00,4938.836432417998,900.0640848670658,4038.7723475509324,648.5426465398954,251.5214383271705
2025-02-05 15:00:00+00:00,5043.3236202299995,782.6898032112631,4260.633817018736,523.3275606623743,259.3622425488889
2025-02-05 16:00:00+00:00,5124.943348350001,634.3254700880686,4490.617878261932,365.61610072804905,268.70936936001954
2025-02-05 17:00:00+00:00,5178.572633975999,466.3189982303003,4712.253635745699,186.97394570123646,279.3450525290638
2025-02-05 18:00:00+00:00,5200.964018249999,290.99528751983354,4909.968730730166,0.0,290.99528751983354
2025-02-05 19:00:00+00:00,5190.962281553999,303.3407513352761,4887.621530218723,0.0,303.3407513352761
2025-02-05 20:00:00+00:00,5149.5793657139975,316.029579548009,4833.549786165989,0.0,316.029579548009
2025-02-05 21:00:00+00:00,5079.922586634006,328.6914881647009,4751.231098469305,0.0,328.6914881647009
2025-02-05 22:00:00+00:00,4986.980998691998,340.952658474801,4646.028340217197,0.0,340.952658474801
2025-02-05 23:00:00+00:00,4877.284567008003,352.45077124310467,4524.833795764898,0.0,352.45077124310467
2025-02-06 00:00:00+00:00,4756.194734172,362.8495825202485,4393.345151651752,0.0,362.8495825202485
2025-02-06 01:00:00+00:00,4636.444406160002,371.8524422171415,4264.59196394286,0.0,371.8524422171415
2025-02-06 02:00:00+00:00,4523.993385113998,379.21420094889277,4144.779184165105,0.0,379.21420094889277
2025-02-06 03:00:00+00:00,4426.52950278,384.75102088975797,4041.7784818902423,0.0,384.75102088975797
2025-02-06 04:00:00+00:00,4350.684065658,388.34768179187205,3962.3363838661276,0.0,388.34768179187205
2025-02-06 05:00:00+00:00,4301.584676087999,389.9621012239187,3911.62257486408,0.0,389.9621012239187
2025-02-06 06:00:00+00:00,4282.511159388,389.6268568431979,3892.8843025448023,0.0,389.6268568431979
2025-02-06 07:00:00+00:00,4294.677915318,562.1212289502986,3732.556686367701,174.67354782224368,387.4476811280549
2025-02-06 08:00:00+00:00,4337.1573796739995,723.4429181304056,3613.7144615435936,339.84395998669953,383.5989581437061
2025-02-06 09:00:00+00:00,4406.949643992002,863.1693798692954,3543.7802641227067,484.8529453412921,378.31643452800324
2025-02-06 10:00:00+00:00,4499.193380514002,971.8851794826635,3527.3082010313383,599.997755320333,371.8874241623305
2025-02-06 11:00:00+00:00,4607.503479936,1041.7581130336257,3565.7453669023744,677.1191947014522,364.63891833217343
2025-02-06 12:00:00+00:00,4724.412270312001,1067.0781576203574,3657.334112691644,710.1540712451955,356.9240863751619
2025-02-06 13:00:00+00:00,4841.884126800001,1044.7243516927656,3797.159775107235,695.6166385143247,349.1077131784408
2025-02-06 14:00:00+00:00,4951.868187293999,974.519118871904,3977.3490684220947,632.9679383599545,341.5511805119495
2025-02-06 15:00:00+00:00,5046.851462562,859.4280138845493,4187.423448677451,524.8304147003612,334.59759918418814
2025-02-06 16:00:00+00:00,5120.374493766001,705.566598357466,4414.807895408535,377.0088919571555,328.55770640031045
2025-02-06 17:00:00+00:00,5167.474331795998,521.9861066998444,4645.488225096154,198.2890090963438,323.69709760350065
2025-02-06 18:00:00+00:00,5185.024592958,320.22532511429597,4864.799267843704,0.0,320.22532511429597
2025-02-06 19:00:00+00:00,5171.9493490979985,318.2873071634066,4853.662041934592,0.0,318.2873071634066
2025-02-06 20:00:00+00:00,5129.296276649997,317.9573903652591,4811.338886284738,0.0,317.9573903652591
2025-02-06 21:00:00+00:00,5060.164059047994,319.2363251356613,4740.927733912333,0.0,319.2363251356613
2025-02-06 22:00:00+00:00,4969.489018368002,322.05126347382475,4647.4377548941775,0.0,322.05126347382475
2025-02-06 23:00:00+00:00,4863.705577164002,326.25878280537364,4537.446794358628,0.0,326.25878280537364
2025-02-07 00:00:00+00:00,4747.921234938001,331.65081759419417,4416.270417343807,0.0,331.65081759419417
2025-02-07 01:00:00+00:00,4634.931399293997,337.9632517882662,4296.9681475057305,0.0,337.9632517882662
2025-02-07 02:00:00+00:00,4530.371550263999,344.88681574438544,4185.484734519613,0.0,344.88681574438544
2025-02-07 03:00:00+00:00,4441.694864880004,352.07984921150506,4089.6150156684994,0.0,352.07984921150506
2025-02-07 04:00:00+00:00,4375.275351131997,359.18240545129476,4016.092945680702,0.0,359.18240545129476
2025-02-07 05:00:00+00:00,4335.966777534,365.8311116891151,3970.1356658448854,0.0,365.8311116891151
2025-02-07 06:00:00+00:00,4326.76506507,371.6741929560197,3955.09087211398,0.0,371.6741929560197
2025-02-07 07:00:00+00:00,4348.597400406,608.7816874930732,3739.8157129129268,232.39566399157752,376.38602350149563
2025-02-07 08:00:00+00:00,4400.252484684004,829.8833710858116,3570.3691135981926,450.2027442010653,379.6806268847464
2025-02-07 09:00:00+00:00,4478.4569064900015,1019.0397961529361,3459.4171103370654,637.7162281208352,381.3235680321008
2025-02-07 10:00:00+00:00,4578.09253587,1162.5896091272175,3415.502926742782,781.4478731296425,381.141735997575
2025-02-07 11:00:00+00:00,4692.540283283999,1250.1812640509334,3442.3590192330657,871.1506199839357,379.0306440669977
2025-02-07 12:00:00+00:00,4814.126879771997,1275.5320677610905,3538.594812010906,900.5731525127292,374.9589152483614
2025-02-07 13:00:00+00:00,4934.644390452,1236.8569662365644,3697.7874242154357,867.8871661286296,368.9698001079347
2025-02-07 14:00:00+00:00,5045.9070661020005,1136.9406313979848,3908.9664347040157,775.760990207657,361.1796411903278
2025-02-07 15:00:00+00:00,5140.307694185998,982.8586847576864,4157.449009428312,631.0853260632557,351.7733586944307
2025-02-07 16:00:00+00:00,5211.3355512960015,785.3838826309819,4425.9516686650195,444.3867455695608,340.99713706142114
2025-02-07 17:00:00+00:00,5254.020701747997,558.137684191064,4695.883017556933,228.98906933192006,329.14861485914383
2025-02-07 18:00:00+00:00,5265.274261127998,316.56497498087947,4948.709286147119,0.0,316.56497498087947
2025-02-07 19:00:00+00:00,5244.101552549998,303.6094253315875,4940.49212721841,0.0,303.6094253315875
2025-02-07 20:00:00+00:00,5191.67340195,290.6566207994332,4901.016781150567,0.0,290.6566207994332
2025-02-07 21:00:00+00:00,5111.250766229999,278.0776283238964,4833.173137906102,0.0,278.0776283238964
2025-02-07 22:00:00+00:00,5007.967653150003,266.2250376110862,4741.742615538917,0.0,266.2250376110862
2025-02-07 23:00:00+00:00,4888.487052707999,255.4188437053155,4633.068209002684,0.0,255.4188437053155
2025-02-08 00:00:00+00:00,4379.904747539999,245.93366256530783,4133.971084974692,0.0,245.93366256530783
2025-02-08 01:00:00+00:00,4251.821803782001,237.9878149170011,4013.8339888649994,0.0,237.9878149170011
2025-02-08 02:00:00+00:00,4131.895140072,231.73471384591608,3900.1604262260835,0.0,231.73471384591608
2025-02-08 03:00:00+00:00,4027.8720482700014,227.25692135609268,3800.6151269139086,0.0,227.25692135609268
2025-02-08 04:00:00+00:00,3946.4205960480017,224.56310086865105,3721.8574951793507,0.0,224.56310086865105
2025-02-08 05:00:00+00:00,3892.681794708001,223.58800317459946,3669.093791533401,0.0,223.58800317459946
2025-02-08 06:00:00+00:00,3869.925352397999,224.1954791879544,3645.729873210045,0.0,224.1954791879544
2025-02-08 07:00:00+00:00,3879.332424324,448.71422642958004,3430.61819789442,222.5298289191827,226.18439751039733
2025-02-08 08:00:00+00:00,3919.920037278,660.4406388584724,3259.4793984195276,431.1434182465358,229.2972206119366
2025-02-08 09:00:00+00:00,3988.61216859,845.1625356951563,3143.4496328948435,611.9316391148086,233.23089658034766
2025-02-08 10:00:00+00:00,4080.4526266559997,990.2843905559188,3090.168236100081,752.6347854559,237.6496051000188
2025-02-08 11:00:00+00:00,4188.945081174001,1085.6482188851087,3103.296862288892,843.4493654451837,242.19885343992502
2025-02-08 12:00:00+00:00,4306.497056315997,1124.2343820879612,3182.2626742280354,877.714051097966,246.52033098999507
2025-02-08 13:00:00+00:00,4424.937641375999,1102.6928398876582,3322.244801488341,852.4259252676924,250.26691461996577
2025-02-08 14:00:00+00:00,4536.073532130001,1021.6594616033838,3514.4140705266173,768.5422407719357,253.11722083144804
2025-02-08 15:00:00+00:00,4632.245674559999,885.8206444589423,3746.425030101057,631.0315489602951,254.78909549864713
2025-02-08 16:00:00+00:00,4706.84847717,703.7030256367241,4003.1454515332753,448.65153154016696,255.05149409655706
2025-02-08 17:00:00+00:00,4754.7764172299985,487.1833708674539,4267.593046362545,233.44910344862797,253.73426741882594
2025-02-08 18:00:00+00:00,4772.767583388001,250.73544763468888,4522.032135753312,0.0,250.73544763468888
2025-02-08 19:00:00+00:00,4759.620900006001,246.02573599729712,4513.595164008703,0.0,246.02573599729712
2025-02-08 20:00:00+00:00,4716.272402561997,239.65001328657078,4476.622389275427,0.0,239.65001328657078
2025-02-08 21:00:00+00:00,4645.725367668002,231.72579979330925,4413.999567874693,0.0,231.72579979330925
2025-02-08 22:00:00+00:00,4552.8393965879995,222.43874321310702,4330.4006533748925,0.0,222.43874321310702
2025-02-08 23:00:00+00:00,4443.992781732,212.03530153773178,4231.957480194269,0.0,212.03530153773178
2025-02-09 00:00:00+00:00,4324.025322708002,200.81293146085224,4123.21239124715,0.0,200.81293146085224
2025-02-09 01:00:00+00:00,4206.18871785,189.1081800554586,4017.0805377945417,0.0,189.1081800554586
2025-02-09 02:00:00+00:00,4095.8972014379992,177.28316619943155,3918.614035238568,0.0,177.28316619943155
2025-02-09 03:00:00+00:00,4000.639655417999,165.71100698302448,3834.9286484349745,0.0,165.71100698302448
2025-02-09 04:00:00+00:00,3926.848372860002,154.76077908034299,3772.087593779659,0.0,154.76077908034299
2025-02-09 05:00:00+00:00,3879.456757344,144.78263981522224,3734.6741175287775,0.0,144.78263981522224
2025-02-09 06:00:00+00:00,3861.5600181060013,136.0937082541499,3725.4663098518513,0.0,136.0937082541499
2025-02-09 07:00:00+00:00,3874.202043474002,359.7630753257709,3514.438968148231,230.79778345340966,128.96529187236123
2025-02-09 08:00:00+00:00,3916.3030450740002,565.1201293494094,3351.182915724591,441.5081596820917,123.61196966731762
2025-02-09 09:00:00+00:00,3984.7329995759997,737.7579229366017,3246.975076639398,617.5749298776606,120.18299305894115
2025-02-09 10:00:00+00:00,4074.5257636439997,866.0734840453307,3208.452279598669,747.3171415967798,118.75634244855084
2025-02-09 11:00:00+00:00,4179.219401112001,942.0712164752018,3237.148184636799,822.7355219712593,119.33569450394248
2025-02-09 12:00:00+00:00,4291.299395627999,961.8470872720548,3329.4523083559443,839.9966739845772,121.85041328747758
2025-02-09 13:00:00+00:00,4402.714511790001,925.7266082065132,3476.9879035834874,799.5680348467466,126.15857335976654
2025-02-09 14:00:00+00:00,4505.430104657998,838.0628222405935,3667.367282417404,706.009936763683,132.05288547691057
2025-02-09 15:00:00+00:00,4591.981017791999,706.731248026854,3885.249769765145,567.4619575118686,139.26929051498539
2025-02-09 16:00:00+00:00,4655.986277838,542.3836496038416,4113.602628234159,394.88579764503396,147.49785195880762
2025-02-09 17:00:00+00:00,4692.590427966001,357.5393481798899,4335.051079786111,201.14382411933187,156.39552406055805
2025-02-09 18:00:00+00:00,4698.801233490002,165.6002566996664,4533.2009767903355,0.0,165.6002566996664
2025-02-09 19:00:00+00:00,4673.700577140003,174.74585879108963,4498.954718348913,0.0,174.74585879108963
2025-02-09 20:00:00+00:00,4618.514066040002,183.47702804192124,4435.03703799808,0.0,183.47702804192124
2025-02-09 21:00:00+00:00,4536.534429672001,191.4639060607613,4345.07052361124,0.0,191.4639060607613
2025-02-09 22:00:00+00:00,4432.903752564,198.415592496192,4234.488160067807,0.0,198.415592496192
2025-02-09 23:00:00+00:00,4314.269235990001,204.09203413688275,4110.177201853118,0.0,204.09203413688275
2025-02-10 00:00:00+00:00,4563.752662728004,208.31383206990765,4355.438830658097,0.0,208.31383206990765
2025-02-10 01:00:00+00:00,4438.762998095999,210.96953734891497,4227.793460747084,0.0,210.96953734891497
2025-02-10 02:00:00+00:00,4322.939684616,212.0201631002119,4110.919521515788,0.0,212.0201631002119
2025-02-10 03:00:00+00:00,4223.928274019999,211.5007053161799,4012.427568703819,0.0,211.5007053161799
2025-02-10 04:00:00+00:00,4148.278473695999,209.51862797646655,3938.7598457195327,0.0,209.51862797646655
2025-02-10 05:00:00+00:00,4100.999076048001,206.2493605531381,3894.7497154948633,0.0,206.2493605531381
2025-02-10 06:00:00+00:00,4085.2168168559983,201.9290030818355,3883.2878137741627,0.0,201.9290030818355
2025-02-10 07:00:00+00:00,4101.962489394,374.55455136621504,3727.407938027785,177.71001757623924,196.84453378997577
2025-02-10 08:00:00+00:00,4150.098868608001,535.5988906688915,3614.499977939109,344.27697215089694,191.32191851799456
2025-02-10 09:00:00+00:00,4226.395412736001,674.7587603062443,3551.636652429757,489.04615041750674,185.71260988873755
2025-02-10 10:00:00+00:00,4325.744728326001,782.8937963687961,3542.850931957205,602.5148034313798,180.37899293741617
2025-02-10 11:00:00+00:00,4441.506121332,852.5856898349264,3588.920431497073,676.9063241293652,175.6793657055612
2025-02-10 12:00:00+00:00,4565.952962675998,878.6441521804118,3687.308810495586,706.69107043306,171.95308174735175
2025-02-10 13:00:00+00:00,4690.7934701039985,858.525014108124,3832.2684559958743,689.0185680990675,169.50644600905648
2025-02-10 14:00:00+00:00,4807.729570476,792.6221908258767,4015.107379650123,624.0222271509703,168.59996367490643
2025-02-10 15:00:00+00:00,4909.015931735995,684.3957800019014,4224.620151734093,514.958336759528,169.4374432423733
2025-02-10 16:00:00+00:00,4987.981156242003,540.3046386241662,4447.676517617837,368.1472278938957,172.15741073027044
2025-02-10 17:00:00+00:00,5039.475846257999,369.5233060187927,4669.952540239206,192.69611094739255,176.82719507140018
2025-02-10 18:00:00+00:00,5060.217122226,183.43990426954454,4876.777217956455,0.0,183.43990426954454
2025-02-10 19:00:00+00:00,5049.006288269999,191.91444240396123,4857.091845866037,0.0,191.91444240396123
2025-02-10 20:00:00+00:00,5006.8049082239995,202.09854678025965,4804.70636144374,0.0,202.09854678025965
2025-02-10 21:00:00+00:00,4936.664337528001,213.77473654674588,4722.889600981255,0.0,213.77473654674588
2025-02-10 22:00:00+00:00,4843.513508693999,226.66891770879548,4616.8445909852035,0.0,226.66891770879548
2025-02-10 23:00:00+00:00,4733.819651904,240.46130223335282,4493.358349670648,0.0,240.46130223335282
2025-02-11 00:00:00+00:00,4612.298310101999,254.79918655811719,4357.499123543882,0.0,254.79918655811719
2025-02-11 01:00:00+00:00,4492.783400364001,269.31107567390166,4223.472324690099,0.0,269.31107567390166
2025-02-11 02:00:00+00:00,4380.591540066001,283.6215672340368,4096.969972831964,0.0,283.6215672340368
2025-02-11 03:00:00+00:00,4283.353179420002,297.36638870423945,3985.9867907157623,0.0,297.36638870423945
2025-02-11 04:00:00+00:00,4207.647342276003,310.2069798270417,3897.440362448961,0.0,310.2069798270417
2025-02-11 05:00:00+00:00,4158.555787680002,321.84401045689594,3836.7117772231063,0.0,321.84401045689594
2025-02-11 06:00:00+00:00,4139.320086594001,332.029297015339,3807.2907895786616,0.0,332.029297015339
2025-02-11 07:00:00+00:00,4151.12492781,553.2608697187634,3597.864058091237,212.6852600694537,340.5756096493097
2025-02-11 08:00:00+00:00,4193.022364314,758.2382173643493,3434.7841469496507,410.87421989199436,347.363997472355
2025-02-11 09:00:00+00:00,4262.00196324,932.9530798102971,3329.048883429703,580.6047784002565,352.34830141004073
2025-02-11 10:00:00+00:00,4353.202040501999,1065.5965809342522,3287.605459567747,710.0398874577373,355.5566934765149
2025-02-11 11:00:00+00:00,4460.247345204001,1147.4031673737354,3312.844177830266,790.3129951274731,357.09017224626234
2025-02-11 12:00:00+00:00,4575.690108863999,1173.2449910384,3402.4451178255986,816.126917371276,357.11807366712395
2025-02-11 13:00:00+00:00,4691.5242097499995,1141.9387569780158,3549.585452771984,786.0679704960004,355.8707864820155
2025-02-11 14:00:00+00:00,4799.737235244001,1056.2537084602648,3743.483526783736,702.6237404705506,353.62996798971415
2025-02-11 15:00:00+00:00,4892.862722369998,922.6351030807267,3970.227619289271,571.918439264063,350.71666381666375
2025-02-11 16:00:00+00:00,4964.494720878001,750.6796501852632,4213.815070692738,403.20183200900794,347.4778181762552
2025-02-11 17:00:00+00:00,5009.729559365999,552.4159582350252,4457.313601130974,208.1442350396134,344.27172319541177
2025-02-11 18:00:00+00:00,5025.504479898002,341.45301281640894,4684.051467081593,0.0,341.45301281640894
2025-02-11 19:00:00+00:00,5010.810073121999,339.3578023459002,4671.452270776099,0.0,339.3578023459002
2025-02-11 20:00:00+00:00,4966.761836568002,338.28960281750585,4628.472233750496,0.0,338.28960281750585
2025-02-11 21:00:00+00:00,4896.525960858,338.5065617051008,4558.0193991528995,0.0,338.5065617051008
2025-02-11 22:00:00+00:00,4805.1043918079995,340.2105793059595,4464.8938125020395,0.0,340.2105793059595
2025-02-11 23:00:00+00:00,4698.993701513999,343.5387236881829,4355.454977825817,0.0,343.5387236881829
2025-02-12 00:00:00+00:00,4582.780331892001,348.55731682267145,4234.22301506933,0.0,348.55731682267145
2025-02-12 01:00:00+00:00,4470.46701465,355.2589144367455,4115.2081002132545,0.0,355.2589144367455
2025-02-12 02:00:00+00:00,4367.154241505999,363.5623244972934,4003.591917008706,0.0,363.5623244972934
2025-02-12 03:00:00+00:00,4280.3298042119995,373.3156421436694,3907.0141620683303,0.0,373.3156421436694
2025-02-12 04:00:00+00:00,4216.392797945999,384.3021997826904,3832.090598163308,0.0,384.3021997826904
2025-02-12 05:00:00+00:00,4180.211889126002,396.2491706243576,3783.962718501644,0.0,396.2491706243576
2025-02-12 06:00:00+00:00,4174.7873128500005,408.83848335039943,3765.948829499601,0.0,408.83848335039943
2025-02-12 07:00:00+00:00,4201.0397782499995,641.0770893505609,3559.9626888994385,219.35748946642863,421.7195998841322
2025-02-12 08:00:00+00:00,4257.740797884,862.7303854866904,3395.0104123973097,428.20675044982664,434.5236350368637
2025-02-12 09:00:00+00:00,4341.58937037,1059.1348769387237,3282.4544934312767,612.2566414967089,446.8782354420147
2025-02-12 10:00:00+00:00,4447.429917378001,1216.857406979025,3230.572510398976,758.4347954493178,458.4226115297072
2025-02-12 11:00:00+00:00,4568.596831596,1324.6332074002555,3243.963624195744,855.8110933236702,468.8221140765853
2025-02-12 12:00:00+00:00,4697.362232556,1374.2185216623905,3323.1437108936098,896.436776275403,477.7817453869875
2025-02-12 13:00:00+00:00,4825.456646682,1361.0886704380973,3464.3679762439024,876.0306050405496,485.0580653975477
2025-02-12 14:00:00+00:00,4944.627169649999,1284.9151304045326,3659.7120392454663,794.4461352656496,490.4689951388831
2025-02-12 15:00:00+00:00,5047.1953021140025,1149.765147509016,3897.4301546049865,655.8640188400819,493.90112866893423
2025-02-12 16:00:00+00:00,5126.5764165420005,963.9846219111255,4162.591794630875,468.67038412533554,495.31423778579
2025-02-12 17:00:00+00:00,5177.725650803999,739.7489160367683,4437.9767347672305,245.00611434375404,494.74280169301426
2025-02-12 18:00:00+00:00,5197.479826098001,492.2944876848826,4705.185338413118,0.0,492.2944876848826
2025-02-12 19:00:00+00:00,5184.772155780001,488.1456560447933,4696.626499735208,0.0,488.1456560447933
2025-02-12 20:00:00+00:00,5140.705122923999,482.53405624451295,4658.171066679486,0.0,482.53405624451295
2025-02-12 21:00:00+00:00,5068.476550746,475.7490345723773,4592.7275161736225,0.0,475.7490345723773
2025-02-12 22:00:00+00:00,4973.163833274,468.1196391185792,4505.044194155421,0.0,468.1196391185792
2025-02-12 23:00:00+00:00,4861.3810460039995,460.00111302995117,4401.379932974049,0.0,460.00111302995117
2025-02-13 00:00:00+00:00,4737.758238612001,451.76033422531555,4285.997904386686,0.0,451.76033422531555
2025-02-13 01:00:00+00:00,4616.7167476079985,443.76078859617724,4172.9559590118215,0.0,443.76078859617724
2025-02-13 02:00:00+00:00,4503.467250660001,436.3476984658615,4067.1195521941395,0.0,436.3476984658615
2025-02-13 03:00:00+00:00,4405.746621276,429.83391699030267,3975.912704285697,0.0,429.83391699030267
2025-02-13 04:00:00+00:00,4330.222952579999,424.4871555634653,3905.735797016534,0.0,424.4871555634653
2025-02-13 05:00:00+00:00,4282.047483336,420.5190794993636,3861.5284038366367,0.0,420.5190794993636
2025-02-13 06:00:00+00:00,4264.509986351999,418.07671041094756,3846.4332759410513,0.0,418.07671041094756
2025-02-13 07:00:00+00:00,4278.820848456001,668.6177123364506,3610.2031361195504,251.38122217415204,417.23649016229854
2025-02-13 08:00:00+00:00,4324.034625414002,899.7625646835633,3424.272060730439,481.7613180085061,418.00124667505713
2025-02-13 09:00:00+00:00,4397.120073107999,1095.441944769378,3301.678128338621,675.141756755562,420.300188013816
2025-02-13 10:00:00+00:00,4493.171789399999,1242.5534153800945,3250.618374019905,818.5614876723139,423.9919277077806
2025-02-13 11:00:00+00:00,4605.748861475999,1331.862013501347,3273.8868479746516,902.9916052713138,428.87040823003326
2025-02-13 12:00:00+00:00,4727.317412496001,1358.5615270099572,3368.7558854860445,923.8880357845695,434.67349122538764
2025-02-13 13:00:00+00:00,4849.766700282003,1322.4666791830512,3527.300021098951,881.3728306625483,441.09384852050295
2025-02-13 14:00:00+00:00,4964.963614589998,1227.841061566327,3737.1225530236707,780.0493371984268,447.7917243679002
2025-02-13 15:00:00+00:00,5065.307683421998,1082.8973796249936,3982.4103037970044,628.4883437551025,454.4090358698911
2025-02-13 16:00:00+00:00,5144.248770948002,899.0321135827886,4245.216657365213,438.4478845891915,460.5842289935971
2025-02-13 17:00:00+00:00,5196.7321608719985,689.8740826180515,4506.858078253947,223.90678685903274,465.9672957590187
2025-02-13 18:00:00+00:00,5219.540745846,470.2343300877307,4749.306415758269,0.0,470.2343300877307
2025-02-13 19:00:00+00:00,5211.511034351999,473.1010190222547,4738.410015329744,0.0,473.1010190222547
2025-02-13 20:00:00+00:00,5173.608314700001,474.33452960818636,4699.273785091815,0.0,474.33452960818636
2025-02-13 21:00:00+00:00,5108.855996033997,473.7632975693644,4635.092698464633,0.0,473.7632975693644
2025-02-13 22:00:00+00:00,5022.123966468,471.28431336480395,4550.839653103196,0.0,471.28431336480395
2025-02-13 23:00:00+00:00,4919.790590525999,466.8676158116329,4452.922974714365,0.0,466.8676158116329
2025-02-14 00:00:00+00:00,4806.115366458,460.5577988313145,4345.557567626685,0.0,460.5577988313145
2025-02-14 01:00:00+00:00,4695.469286718,452.4724766090401,4242.99681010896,0.0,452.4724766090401
2025-02-14 02:00:00+00:00,4592.665926870001,442.79776853034036,4149.868158339661,0.0,442.79776853034036
2025-02-14 03:00:00+00:00,4505.154048024,431.78098059381244,4073.373067430188,0.0,431.78098059381244
2025-02-14 04:00:00+00:00,4439.317122072,419.7207945561729,4019.5963275158265,0.0,419.7207945561729
2025-02-14 05:00:00+00:00,4400.032053395998,406.9553573917009,3993.0766960042974,0.0,406.9553573917009
2025-02-14 06:00:00+00:00,4390.331015112001,393.8487560638738,3996.4822590481276,0.0,393.8487560638738
2025-02-14 07:00:00+00:00,4411.189658735999,581.9287382681586,3829.26092046784,201.15229433530905,380.7764439328495
2025-02-14 08:00:00+00:00,4461.456226121996,756.8859335885124,3704.5702925334836,388.77573367954454,368.11019990896784
2025-02-14 09:00:00+00:00,4537.926505601998,906.8046314929397,3631.121874109058,550.6013938035259,356.2032376894138
2025-02-14 10:00:00+00:00,4635.559575863997,1021.2618256086246,3614.297750255373,675.885735800181,345.3760898084435
2025-02-14 11:00:00+00:00,4747.819723878,1092.0087884359627,3655.8109354420376,756.1049674403496,335.9038209956132
2025-02-14 12:00:00+00:00,4867.121277984001,1113.5533708771652,3753.5679071068353,785.5482610665595,328.0051098106058
2025-02-14 13:00:00+00:00,4985.346013116,1083.598352188353,3901.7476609276473,761.7647129954504,321.8336391929025
2025-02-14 14:00:00+00:00,5094.397889868,1003.293731056488,4091.1041588115118,685.8215854290278,317.4721456274602
2025-02-14 15:00:00+00:00,5186.7572930040005,877.2684304539061,4309.488862550094,562.3390506780487,314.9293797758574
2025-02-14 16:00:00+00:00,5255.996888352004,713.419715391919,4542.577172960086,399.27962887742393,314.14008651449507
2025-02-14 17:00:00+00:00,5297.223948870002,522.4562763533434,4774.767672516658,207.4882557083232,314.96802064502015
2025-02-14 18:00:00+00:00,5307.418802616002,317.21186002302704,4990.206942592975,0.0,317.21186002302704
2025-02-14 19:00:00+00:00,5285.646326142001,320.61378913197854,4965.032537010023,0.0,320.61378913197854
2025-02-14 20:00:00+00:00,5233.125831444001,324.8703834393867,4908.255448004615,0.0,324.8703834393867
2025-02-14 21:00:00+00:00,5153.154531798002,329.6453642475701,4823.509167550432,0.0,329.6453642475701
2025-02-14 22:00:00+00:00,5050.889596283999,334.583688027694,4716.305908256305,0.0,334.583688027694
2025-02-14 23:00:00+00:00,4933.00349577,339.3264061314189,4593.6770896385815,0.0,339.3264061314189
2025-02-15 00:00:00+00:00,4425.789888869999,343.52567162840677,4082.2642172415926,0.0,343.52567162840677
2025-02-15 01:00:00+00:00,4300.427051255999,346.85928850108354,3953.5677627549153,0.0,346.85928850108354
2025-02-15 02:00:00+00:00,4183.7425354199995,349.0442080392922,3834.6983273807073,0.0,349.0442080392922
2025-02-15 03:00:00+00:00,4083.4392703860008,349.8484075898358,3733.590862796165,0.0,349.8484075898358
2025-02-15 04:00:00+00:00,4006.129316699999,349.1006792316463,3657.028637468353,0.0,349.1006792316463
2025-02-15 05:00:00+00:00,3956.8872813959993,346.69791583271746,3610.1893655632816,0.0,346.69791583271746
2025-02-15 06:00:00+00:00,3938.907615299999,342.6096046730413,3596.298010626958,0.0,342.6096046730413
2025-02-15 07:00:00+00:00,3953.289144881999,540.9446101354214,3412.3445347465777,204.06527520526416,336.87933493015726
2025-02-15 08:00:00+00:00,3998.9613590219997,720.858348653196,3278.1030103688036,391.23508359667426,329.62326505652175
2025-02-15 09:00:00+00:00,4072.757558058,869.8619822209987,3202.895575837001,548.8363737655527,321.025608455446
2025-02-15 10:00:00+00:00,4169.6298298619995,977.8852692876055,3191.744560574394,666.5539455218716,311.331323765734
2025-02-15 11:00:00+00:00,4282.991201075999,1037.9254365071047,3245.0657645688943,737.0891347183472,300.8363017887575
2025-02-15 12:00:00+00:00,4405.161776735999,1046.4405883914885,3358.7211883445107,756.5651260503297,289.8754623411589
2025-02-15 13:00:00+00:00,4527.888427692002,1003.4737933674642,3524.4146343245375,724.664555469067,278.80923789839727
2025-02-15 14:00:00+00:00,4642.902808739998,912.5182064166174,3730.384602323381,644.5092049357345,268.0090014808829
2025-02-15 15:00:00+00:00,4742.47968642,780.1541961425316,3962.325490277468,522.3121599844902,257.8420361580415
2025-02-15 16:00:00+00:00,4819.957737839998,615.5044995572471,4204.453238282751,366.84784640035883,248.6566531568882
2025-02-15 17:00:00+00:00,4870.187416794003,429.5618888794978,4440.625527914505,188.79380705263623,240.76808182686156
2025-02-15 18:00:00+00:00,4889.875531421997,234.4456940879404,4655.429837334057,0.0,234.4456940879404
2025-02-15 19:00:00+00:00,4877.803198170001,229.9020956767081,4647.901102493293,0.0,229.9020956767081
2025-02-15 20:00:00+00:00,4834.902490487999,227.2845292645644,4607.617961223435,0.0,227.2845292645644
2025-02-15 21:00:00+00:00,4764.186704592,226.66893397396572,4537.517770618034,0.0,226.66893397396572
2025-02-15 22:00:00+00:00,4670.539129074002,228.05691783878612,4442.482211235216,0.0,228.05691783878612
2025-02-15 23:00:00+00:00,4560.374923565999,231.37574893240634,4328.999174633593,0.0,231.37574893240634
2025-02-16 00:00:00+00:00,4437.791401931999,236.48138882196008,4201.310013110038,0.0,236.48138882196008
2025-02-16 01:00:00+00:00,4317.683685420002,243.16441678692368,4074.5192686330784,0.0,243.16441678692368
2025-02-16 02:00:00+00:00,4204.744333818001,251.15862744022954,3953.5857063777717,0.0,251.15862744022954
2025-02-16 03:00:00+00:00,4106.540201274,260.151931349618,3846.388269924382,0.0,260.151931349618
2025-02-16 04:00:00+00:00,4029.5877633479986,269.79912541423766,3759.788637933761,0.0,269.79912541423766
2025-02-16 05:00:00+00:00,3978.9088523519995,279.73599772453093,3699.1728546274685,0.0,279.73599772453093
2025-02-16 06:00:00+00:00,3957.6892569479987,289.5942013210745,3668.0950556269245,0.0,289.5942013210745
2025-02-16 07:00:00+00:00,3967.063466100001,502.56806263792714,3464.4954034620737,203.5517801653899,299.0162824725372
2025-02-16 08:00:00+00:00,4006.040238941999,706.7655844976341,3299.2746544443653,399.09533910134695,307.6702453962871
2025-02-16 09:00:00+00:00,4071.573891588,888.4069837837396,3183.1669078042605,573.1439210835026,315.26306270023696
2025-02-16 10:00:00+00:00,4158.776494698,1034.6333027823603,3124.1431919156394,713.0807264701957,321.55257631216443
2025-02-16 11:00:00+00:00,4261.256342657999,1134.4337524041675,3126.8225902538315,808.0764499841157,326.3573024200517
2025-02-16 12:00:00+00:00,4371.559511843999,1179.5200155011914,3192.039496342807,849.9562794890253,329.5637360121661
2025-02-16 13:00:00+00:00,4481.684334623999,1165.0716473105076,3316.6126873134917,833.9407843273632,331.1308629831445
2025-02-16 14:00:00+00:00,4583.633525351997,1090.2775593301021,3493.3559660218953,759.1858732274118,331.0916861026904
2025-02-16 15:00:00+00:00,4669.966200312,958.6080072489358,3711.3581930630644,629.0562948941923,329.55171235474353
2025-02-16 16:00:00+00:00,4734.312025086002,777.76950819706,3956.542516888942,451.08504962184264,326.6844585752173
2025-02-16 17:00:00+00:00,4771.812297714001,559.320483338448,4212.491814375553,236.59632903327056,322.72415430517736
2025-02-16 18:00:00+00:00,4779.457722186,317.95595829095373,4461.501763895047,0.0,317.95595829095373
2025-02-16 19:00:00+00:00,4756.299732155997,312.70406568740583,4443.595666468591,0.0,312.70406568740583
2025-02-16 20:00:00+00:00,4703.520802091999,307.3182153598987,4396.2025867321,0.0,307.3182153598987
2025-02-16 21:00:00+00:00,4624.358871804001,302.1591369929111,4322.19973481109,0.0,302.1591369929111
2025-02-16 22:00:00+00:00,4523.890855973998,297.58353390196606,4226.307322072033,0.0,297.58353390196606
2025-02-16 23:00:00+00:00,4408.689966911999,293.9292292365902,4114.7607376754095,0.0,293.9292292365902
2025-02-17 00:00:00+00:00,4661.011681913999,291.50106777436184,4369.510614139637,0.0,291.50106777436184
2025-02-17 01:00:00+00:00,4539.749144531999,290.5581610701546,4249.190983461845,0.0,290.5581610701546
2025-02-17 02:00:00+00:00,4427.667173243999,291.3029971853485,4136.364176058651,0.0,291.3029971853485
2025-02-17 03:00:00+00:00,4332.320867615999,293.8728615498647,4038.4480060661344,0.0,293.8728615498647
2025-02-17 04:00:00+00:00,4260.17058579,298.3339149615534,3961.836670828446,0.0,298.3339149615534
2025-02-17 05:00:00+00:00,4216.138969392,304.67818009374713,3911.460789298253,0.0,304.67818009374713
2025-02-17 06:00:00+00:00,4203.271825326,312.82355849975744,3890.4482668262426,0.0,312.82355849975744
2025-02-17 07:00:00+00:00,4222.526170002,575.4128805497035,3647.1132894522966,252.79601204662714,322.61686850307626
2025-02-17 08:00:00+00:00,4272.699892734,820.0878171111858,3452.6120756228142,486.24802034016113,333.83979677102474
2025-02-17 09:00:00+00:00,4350.507975996001,1030.325166550758,3320.182809445243,684.1076624823061,346.2175040684519
2025-02-17 10:00:00+00:00,4450.8002712180005,1192.3603951752675,3258.439876042733,832.9308485950556,359.4295465802119
2025-02-17 11:00:00+00:00,4566.906055235999,1296.1226117664955,3270.7834434695033,922.999953649516,373.1226581169795
2025-02-17 12:00:00+00:00,4691.082125477998,1335.856733620125,3355.2253918578726,948.9318638584712,386.9248697616538
2025-02-17 13:00:00+00:00,4815.033980567998,1310.4007111845185,3504.6332693834793,909.9403105518239,400.4604006326946
2025-02-17 14:00:00+00:00,4930.47477594,1223.1166290028084,3707.358146937191,809.7519354474684,413.36469355533995
2025-02-17 15:00:00+00:00,5029.684071594001,1081.5027033333247,3948.181368260676,656.203704328638,425.29899900468666
2025-02-17 16:00:00+00:00,5106.028520628,896.5360483730376,4209.492472254962,460.57215617156805,435.9638922014695
2025-02-17 17:00:00+00:00,5154.409005732001,681.8119716071852,4472.597034124816,236.70078203996005,445.11118956722515
2025-02-17 18:00:00+00:00,5171.604029088002,452.5537617972176,4719.050267290784,0.0,452.5537617972176
2025-02-17 19:00:00+00:00,5156.4859355940025,458.1728494904068,4698.313086103596,0.0,458.1728494904068
2025-02-17 20:00:00+00:00,5110.095372690002,461.9225841274448,4648.172788562557,0.0,461.9225841274448
2025-02-17 21:00:00+00:00,5035.568960016001,463.8315251292612,4571.73743488674,0.0,463.8315251292612
2025-02-17 22:00:00+00:00,4937.925106589999,464.0011531108401,4473.923953479159,0.0,464.0011531108401
2025-02-17 23:00:00+00:00,4823.722644342002,462.60137921558754,4361.121265126415,0.0,462.60137921558754
2025-02-18 00:00:00+00:00,4696.990132799998,459.8632642336797,4237.126868566318,0.0,459.8632642336797
2025-02-18 01:00:00+00:00,4573.208203746,456.0692291875681,4117.138974558432,0.0,456.0692291875681
2025-02-18 02:00:00+00:00,4457.000162076,451.54117658243706,4005.4589854935634,0.0,451.54117658243706
2025-02-18 03:00:00+00:00,4356.075571302,446.6269984475057,3909.448572854494,0.0,446.6269984475057
2025-02-18 04:00:00+00:00,4277.08456392,441.6860241839617,3835.398539736038,0.0,441.6860241839617
2025-02-18 05:00:00+00:00,4225.170344345999,437.0740122488038,3788.0963320971955,0.0,437.0740122488038
2025-02-18 06:00:00+00:00,4203.624853050001,433.1282911825184,3770.4965618674823,0.0,433.1282911825184
2025-02-18 07:00:00+00:00,4213.670910162001,661.1023333521523,3552.5685768098483,230.94866751306776,430.15366583908457
2025-02-18 08:00:00+00:00,4254.385579500001,875.9557199422952,3378.4298595577056,447.5460551891013,428.40966475319397
2025-02-18 09:00:00+00:00,4322.769767064,1063.1695081232258,3259.6002589407744,635.0698619503922,428.09964617283356
2025-02-18 10:00:00+00:00,4413.959196906002,1209.9062064208415,3204.0529904851605,780.5439897174995,429.36221670334197
2025-02-18 11:00:00+00:00,4521.562188864001,1305.9239593523641,3215.6382295116364,873.6586507848925,432.2653085674716
2025-02-18 12:00:00+00:00,4638.101102292,1344.3506241533241,3293.750478138676,907.5474573010562,436.8031668522679
2025-02-18 13:00:00+00:00,4755.527217294002,1322.2516087000186,3433.2756085939836,879.3552554943191,442.89635320569937
2025-02-18 14:00:00+00:00,4865.773827894002,1240.9349809730172,3624.838846920985,790.5401920708769,450.3947889021404
2025-02-18 15:00:00+00:00,4961.309767889998,1105.9535064568597,3855.3562614331377,646.86981260938,459.0836938474797
2025-02-18 16:00:00+00:00,5035.655501057998,926.7857153933892,4108.869785664609,458.09352306057065,468.6921923328186
2025-02-18 17:00:00+00:00,5083.826643461997,716.2046474549153,4367.621996007082,237.30042566650727,478.90422178840805
2025-02-18 18:00:00+00:00,5102.6745112140015,489.37130907485647,4613.3032021391455,0.0,489.37130907485647
2025-02-18 19:00:00+00:00,5091.100562058,499.726684954252,4591.373877103748,0.0,499.726684954252
2025-02-18 20:00:00+00:00,5050.130083151999,509.6001608063068,4540.529922345692,0.0,509.6001608063068
2025-02-18 21:00:00+00:00,4982.840115245997,518.633156906315,4464.206958339682,0.0,518.633156906315
2025-02-18 22:00:00+00:00,4894.146593363999,526.4932752783444,4367.653318085655,0.0,526.4932752783444
2025-02-18 23:00:00+00:00,4790.465275259998,532.887807179779,4257.577468080219,0.0,532.887807179779
2025-02-19 00:00:00+00:00,4675.537108620001,537.5756347699648,4137.961473850037,0.0,537.5756347699648
2025-02-19 01:00:00+00:00,4564.843497270001,540.3770338325716,4024.466463437429,0.0,540.3770338325716
2025-02-19 02:00:00+00:00,4462.658659199998,541.1809768370213,3921.4776823629763,0.0,541.1809768370213
2025-02-19 03:00:00+00:00,4376.427558929999,539.9496383906401,3836.477920539359,0.0,539.9496383906401
2025-02-19 04:00:00+00:00,4312.519135260004,536.7199167713993,3775.7992184886048,0.0,536.7199167713993
2025-02-19 05:00:00+00:00,4275.785324160001,531.6019175704556,3744.183406589546,0.0,531.6019175704556
2025-02-19 06:00:00+00:00,4269.223429505999,524.7744445433702,3744.448984962629,0.0,524.7744445433702
2025-02-19 07:00:00+00:00,4293.765134483999,732.3601183546962,3561.4050161293026,215.8824181093871,516.477700245309
2025-02-19 08:00:00+00:00,4348.206559494001,918.1647521995527,3430.0418072944485,411.1612659335671,507.0034862659856
2025-02-19 09:00:00+00:00,4429.284406049999,1069.68295613482,3359.6014499151793,572.9996516165021,496.68330451831787
2025-02-19 10:00:00+00:00,4531.892998709999,1177.2401743432451,3354.652824366754,691.3653275466621,485.8748467965829
2025-02-19 11:00:00+00:00,4649.427687701999,1234.556063139203,3414.8716245627966,759.6086330833931,474.94743005580983
2025-02-19 12:00:00+00:00,4774.23118368,1239.020594741418,3535.210588938582,774.7536295648996,464.26696517651857
2025-02-19 13:00:00+00:00,4898.112570666002,1191.6853664270427,3706.4272042389593,737.504283221164,454.1810832058788
2025-02-19 14:00:00+00:00,5012.903678286003,1096.9972224134003,3915.9064558726027,651.9921978301827,445.0050245832175
2025-02-19 15:00:00+00:00,5111.01488982,962.3203374127129,4148.694552407287,525.3114753032278,437.0088621094851
2025-02-19 16:00:00+00:00,5185.952577119999,797.3045793539253,4388.647997766074,366.8979842033029,430.4065951506224
2025-02-19 17:00:00+00:00,5232.762835020002,613.1620209776261,4619.600814042376,187.81447561511226,425.3475453625138
2025-02-19 18:00:00+00:00,5248.371278261998,421.9104169465531,4826.460861315445,0.0,421.9104169465531
2025-02-19 19:00:00+00:00,5231.795688713997,420.1002624560716,4811.695426257926,0.0,420.1002624560716
2025-02-19 20:00:00+00:00,5184.216911916001,419.84847022779735,4764.368441688203,0.0,419.84847022779735
2025-02-19 21:00:00+00:00,5108.903061024003,421.0157860068865,4687.887275017117,0.0,421.0157860068865
2025-02-19 22:00:00+00:00,5010.992165213999,423.39823494753574,4587.593930266464,0.0,423.39823494753574
2025-02-19 23:00:00+00:00,4897.147791396001,426.73570444757695,4470.412086948424,0.0,426.73570444757695
2025-02-20 00:00:00+00:00,4771.272520182,430.72283959454774,4340.549680587453,0.0,430.72283959454774
2025-02-20 01:00:00+00:00,4649.341210290002,435.02179505914364,4214.319415230859,0.0,435.02179505914364
2025-02-20 02:00:00+00:00,4535.810205738001,439.27633256184487,4096.533873176156,0.0,439.27633256184487
2025-02-20 03:00:00+00:00,4438.41282948,443.12668058456387,3995.2861488954363,0.0,443.12668058456387
2025-02-20 04:00:00+00:00,4363.799731536,446.2245426868038,3917.575188849196,0.0,446.2245426868038
2025-02-20 05:00:00+00:00,4317.09126891,448.2476518757024,3868.843617034297,0.0,448.2476518757024
2025-02-20 06:00:00+00:00,4301.533564229998,448.91326108607757,3852.6203031439204,0.0,448.91326108607757
2025-02-20 07:00:00+00:00,4318.281650465999,641.3461554083902,3676.9354950576085,193.35612978178992,447.9900256266003
2025-02-20 08:00:00+00:00,4366.324289963998,823.6937459348014,3542.6305440291967,378.38595481916417,445.30779111563726
2025-02-20 09:00:00+00:00,4442.555562438,983.1698532768191,3459.3857091611812,542.4049766959391,440.76487658088007
2025-02-20 10:00:00+00:00,4541.988224844001,1107.958877922844,3434.0293469211565,673.6263120585397,434.3325658643044
2025-02-20 11:00:00+00:00,4658.094310044001,1188.0761473340735,3470.0181627099273,762.0195344443327,426.05661288974073
2025-02-20 12:00:00+00:00,4783.249662953999,1216.1709249555727,3567.0787379984267,800.1152173939801,416.05570756159256
2025-02-20 13:00:00+00:00,4909.252181441998,1188.1997643656614,3721.0524170763365,783.6828125361242,404.5169518295373
2025-02-20 14:00:00+00:00,5027.878421873998,1103.9000555753246,3923.978366298674,712.2115063414872,391.68854923383753
2025-02-20 15:00:00+00:00,5131.4407476359975,967.0041503971694,4164.436597238828,589.1341644793592,377.86998591781014
2025-02-20 16:00:00+00:00,5213.307012311999,785.1531115374657,4428.153900774533,421.75298997154556,363.40012156592024
2025-02-20 17:00:00+00:00,5268.347602853999,569.4943203668156,4698.853282487184,220.8506561913984,348.64366417541714
2025-02-20 18:00:00+00:00,5293.2793385219975,333.9765935065133,4959.302745015484,0.0,333.9765935065133
2025-02-20 19:00:00+00:00,5286.883038821999,319.77112023588535,4967.111918586114,0.0,319.77112023588535
2025-02-20 20:00:00+00:00,5250.079968588003,306.38079741131503,4943.699171176688,0.0,306.38079741131503
2025-02-20 21:00:00+00:00,5185.862201309999,294.12640080528587,4891.735800504714,0.0,294.12640080528587
2025-02-20 22:00:00+00:00,5099.081694167999,283.28314227321204,4815.798551894786,0.0,283.28314227321204
2025-02-20 23:00:00+00:00,4996.112713913998,274.06975582422035,4722.042958089778,0.0,274.06975582422035
2025-02-21 00:00:00+00:00,4880.467119024,266.6398815168888,4613.827237507111,0.0,266.6398815168888
2025-02-21 01:00:00+00:00,4768.054186896,261.0761242361605,4506.978062659839,0.0,261.0761242361605
2025-02-21 02:00:00+00:00,4662.966628824002,257.3870039739274,4405.579624850075,0.0,257.3870039739274
2025-02-21 03:00:00+00:00,4572.7019464979985,255.50694621779323,4317.195000280205,0.0,255.50694621779323
2025-02-21 04:00:00+00:00,4503.703440978002,255.29929248621627,4248.404148491785,0.0,255.29929248621627
2025-02-21 05:00:00+00:00,4460.917479395999,256.5622186324918,4204.355260763507,0.0,256.5622186324918
2025-02-21 06:00:00+00:00,4447.453698030001,259.0373154613695,4188.416382568631,0.0,259.0373154613695
2025-02-21 07:00:00+00:00,4464.371379426004,496.9104867053402,3967.4608927206637,234.49000770549836,262.42047899984186
2025-02-21 08:00:00+00:00,4510.606600290002,718.2774415816841,3792.3291587083177,451.9027784517607,266.37466312992336
2025-02-21 09:00:00+00:00,4583.045083596001,907.8602869145353,3675.1847966814657,637.3163128165631,270.5439740979722
2025-02-21 10:00:00+00:00,4676.735829947999,1052.7902816047495,3623.94554834325,778.22175507504,274.56852652970946
2025-02-21 11:00:00+00:00,4785.230935715999,1143.442130259848,3641.7888054561513,865.3426703808859,278.099459878962
2025-02-21 12:00:00+00:00,4901.028309366,1174.0091974738693,3727.0191118921307,893.1957128087481,280.8134846651213
2025-02-21 13:00:00+00:00,5016.087121122002,1142.794859042029,3873.2922620799727,860.3684772169285,282.42638182510046
2025-02-21 14:00:00+00:00,5122.380713730002,1052.2185814721913,4070.1621322578103,769.5136970520107,282.7048844201807
2025-02-21 15:00:00+00:00,5212.4491908300015,908.5557766427419,4303.89341418726,627.0793081135841,281.4764685291577
2025-02-21 16:00:00+00:00,5279.9138527800005,721.446289355584,4558.467563424417,442.8096456143531,278.63664374123084
2025-02-21 17:00:00+00:00,5319.918373139998,503.2169358990851,4816.701437240913,229.0634891201465,274.15344677893864
2025-02-21 18:00:00+00:00,5329.466368548,268.0689541589901,5061.39741438901,0.0,268.0689541589901
2025-02-21 19:00:00+00:00,5307.632327928002,260.49775104828575,5047.134576879716,0.0,260.49775104828575
2025-02-21 20:00:00+00:00,5255.631257646001,251.62242211513703,5004.008835530864,0.0,251.62242211513703
2025-02-21 21:00:00+00:00,5176.742236427998,241.68624107457813,4935.05599535342,0.0,241.68624107457813
2025-02-21 22:00:00+00:00,5076.090868632,230.9833664873525,4845.107502144648,0.0,230.9833664873525
2025-02-21 23:00:00+00:00,4960.305364098001,219.84693639463725,4740.458427703364,0.0,219.84693639463725
2025-02-22 00:00:00+00:00,4454.873511732,208.6355608335009,4246.2379508985,0.0,208.6355608335009
2025-02-22 01:00:00+00:00,4332.407056571999,197.71874898371175,4134.688307588288,0.0,197.71874898371175
2025-02-22 02:00:00+00:00,4218.908443932,187.46188310775733,4031.446560824243,0.0,187.46188310775733
2025-02-22 03:00:00+00:00,4121.998308036,178.2113433133522,3943.7869647226476,0.0,178.2113433133522
2025-02-22 04:00:00+00:00,4048.201196970001,170.2803975182712,3877.92079945173,0.0,170.2803975182712
2025-02-22 05:00:00+00:00,4002.5010535019987,163.9364325524006,3838.564620949598,0.0,163.9364325524006
2025-02-22 06:00:00+00:00,3988.0006249019984,159.39004614312725,3828.6105787588713,0.0,159.39004614312725
2025-02-22 07:00:00+00:00,4005.708094583999,404.78651581410634,3600.9215787698927,248.00005764796995,156.78645816613636
2025-02-22 08:00:00+00:00,4054.4655153240024,639.4796993695835,3414.9858159544187,483.28012920793236,156.19957016165114
2025-02-22 09:00:00+00:00,4131.023960532,846.9088062152126,3284.1151543167875,689.279863245137,157.62894297007563
2025-02-22 10:00:00+00:00,4230.260430438,1012.0771695264259,3218.1832609115745,851.0773757517348,160.999793774691
2025-02-22 11:00:00+00:00,4345.521763758002,1122.6906341474194,3222.831129610582,956.5246053308437,166.1660288165757
2025-02-22 12:00:00+00:00,4469.072270502002,1170.146098407395,3298.926172094607,997.2299197043108,172.9161787030842
2025-02-22 13:00:00+00:00,4592.614759866002,1150.280246938656,3442.3345129273457,969.2982546063251,180.98199233233083
2025-02-22 14:00:00+00:00,4707.8495467500015,1063.8023484123723,3644.047198337629,873.7530012865941,190.0493471257782
2025-02-22 15:00:00+00:00,4807.033513422001,916.3577737655344,3890.675739656467,716.5867543606963,199.77101940483806
2025-02-22 16:00:00+00:00,4883.5013198159995,718.1990864611316,4165.302233354868,508.41829129576786,209.78079516536383
2025-02-22 17:00:00+00:00,4932.113337521999,483.06534440278824,4449.04799311921,263.35699539101574,219.70834901177253
2025-02-22 18:00:00+00:00,4949.600006862001,229.19427317432894,4720.405733687671,0.0,229.19427317432894
2025-02-22 19:00:00+00:00,4934.779192727999,237.9046474050335,4696.874545322965,0.0,237.9046474050335
2025-02-22 20:00:00+00:00,4888.631997605996,245.54455237677195,4643.087445229224,0.0,245.54455237677195
2025-02-22 21:00:00+00:00,4814.231843820001,251.86997800589475,4562.361865814106,0.0,251.86997800589475
2025-02-22 22:00:00+00:00,4716.531839039998,256.69762469592655,4459.834214344071,0.0,256.69762469592655
2025-02-22 23:00:00+00:00,4602.024996323999,259.9122197068621,4342.112776617138,0.0,259.9122197068621
2025-02-23 00:00:00+00:00,4474.150538382001,261.4710255646208,4212.679512817381,0.0,261.4710255646208
2025-02-23 01:00:00+00:00,4349.376218879997,261.4053734230031,4087.9708454569945,0.0,261.4053734230031
2025-02-23 02:00:00+00:00,4231.742894904,259.81915336016345,3971.923741543837,0.0,259.81915336016345
2025-02-23 03:00:00+00:00,4128.907902462,256.88432001634834,3872.0235824456513,0.0,256.88432001634834
2025-02-23 04:00:00+00:00,4047.4761161519987,252.83360505831124,3794.6425110936875,0.0,252.83360505831124
2025-02-23 05:00:00+00:00,3992.553588954,247.9507262861657,3744.6028626678344,0.0,247.9507262861657
2025-02-23 06:00:00+00:00,3967.404187782001,242.5585096231691,3724.845678158832,0.0,242.5585096231691
2025-02-23 07:00:00+00:00,3973.23250065,477.12379228336636,3496.1087083666334,240.11840251960123,237.0053897637651
2025-02-23 08:00:00+00:00,4009.1077394340023,688.7776387237673,3320.330100710235,457.1267747876421,231.65086393612515
2025-02-23 09:00:00+00:00,4072.033652274,863.6443928130305,3208.3892594609692,636.7939158809734,226.85047693205715
2025-02-23 10:00:00+00:00,4157.159529138002,990.963970042611,3166.1955590953908,768.0230019933207,222.94096804929026
2025-02-23 11:00:00+00:00,4258.11779715,1063.7095465393857,3194.4082506106142,843.4833692179069,220.2261773214788
2025-02-23 12:00:00+00:00,4367.465040120001,1078.8915492229144,3288.5734908970862,859.9272585554687,218.96429066744554
2025-02-23 13:00:00+00:00,4477.196209542002,1037.5517822520114,3439.6444272899907,818.1948281956627,219.35695405634868
2025-02-23 14:00:00+00:00,4579.296814217999,944.4771729535712,3634.8196412644274,722.9364830198103,221.54068993376083
2025-02-23 15:00:00+00:00,4666.295389854001,807.6820101520836,3858.6133797019174,582.1010238411379,225.58098631094578
2025-02-23 16:00:00+00:00,4731.7783378740005,637.719439082071,4094.0588987919296,406.2501624635924,231.46927661847857
2025-02-23 17:00:00+00:00,4770.8320266599985,446.8870242345165,4323.945002425482,207.76406308781895,239.12296114669755
2025-02-23 18:00:00+00:00,4780.381880064,248.38844641455773,4531.9934336494425,0.0,248.38844641455773
2025-02-23 19:00:00+00:00,4759.405194305999,259.0470952646276,4500.358099041372,0.0,259.0470952646276
2025-02-23 20:00:00+00:00,4709.003251974001,270.82383779206947,4438.179414181931,0.0,270.82383779206947
2025-02-23 21:00:00+00:00,4632.327604547999,283.3980897098129,4348.929514838186,0.0,283.3980897098129
2025-02-23 22:00:00+00:00,4534.365643541998,296.41653455437023,4237.949108987627,0.0,296.41653455437023
2025-02-23 23:00:00+00:00,4421.6000230499985,309.5072462895436,4112.092776760455,0.0,309.5072462895436
2025-02-24 00:00:00+00:00,4675.462555469999,322.2945771124585,4353.16797835754,0.0,322.2945771124585
2025-02-24 01:00:00+00:00,4556.228542487999,334.41419830006197,4221.814344187937,0.0,334.41419830006197
2025-02-24 02:00:00+00:00,4445.847570780001,345.52767528029227,4100.319895499709,0.0,345.52767528029227
2025-02-24 03:00:00+00:00,4351.8008782080005,355.33599359976915,3996.4648846082314,0.0,355.33599359976915
2025-02-24 04:00:00+00:00,4280.483843958,363.5914687250251,3916.8923752329747,0.0,363.5914687250251
2025-02-24 05:00:00+00:00,4236.764549051998,370.10756059408124,3866.6569884579167,0.0,370.10756059408124
2025-02-24 06:00:00+00:00,4223.645977404,374.7661892464174,3848.879788157583,0.0,374.7661892464174
2025-02-24 07:00:00+00:00,4242.055048434,581.3139660238628,3660.741082410137,203.791714658851,377.5222513650118
2025-02-24 08:00:00+00:00,4290.7730143320005,774.7091330583617,3516.063881273639,396.3039735054568,378.4051595529049
2025-02-24 09:00:00+00:00,4366.512091788,941.8857839627892,3424.6263078252114,564.3684520724432,377.517331890346
2025-02-24 10:00:00+00:00,4464.1332929340015,1071.1763263080104,3392.9569666259913,696.1466228208711,375.0297034871393
2025-02-24 11:00:00+00:00,4576.990778178002,1153.16921285323,3423.821565324772,781.9947753848237,371.17443746840627
2025-02-24 12:00:00+00:00,4697.3793405419965,1181.4578959013415,3515.921444640655,815.2227551659687,366.23514073537285
2025-02-24 13:00:00+00:00,4817.054742108001,1153.2121269926474,3663.8426151153535,792.6771491700803,360.53497782256716
2025-02-24 14:00:00+00:00,4927.791503081999,1069.511123241366,3858.2803798406326,715.0879428235924,354.4231804177737
2025-02-24 15:00:00+00:00,5021.940228479999,935.394055011756,4086.546173468243,587.133565716396,348.26048929536
2025-02-24 16:00:00+00:00,5092.94664228,759.6058622649033,4333.340780015096,417.20171404680735,342.40414821809594
2025-02-24 17:00:00+00:00,5135.796904097998,554.0431767119514,4581.753727386046,216.85013766172693,337.19303905022446
2025-02-24 18:00:00+00:00,5147.3590138320005,332.93358650881294,4814.425427323187,0.0,332.93358650881294
2025-02-24 19:00:00+00:00,5126.596947822,329.88700183434526,4796.709945987655,0.0,329.88700183434526
2025-02-24 20:00:00+00:00,5074.643014644001,328.25838660532565,4746.384628038675,0.0,328.25838660532565
2025-02-24 21:00:00+00:00,4994.723365590001,328.1881491643575,4666.535216425644,0.0,328.1881491643575
2025-02-24 22:00:00+00:00,4891.9417714440015,329.74607892090205,4562.1956925231,0.0,329.74607892090205
2025-02-24 23:00:00+00:00,4772.936241065997,332.92832472624656,4440.00791633975,0.0,332.92832472624656
2025-02-25 00:00:00+00:00,4641.0804709919985,337.65740670271924,4303.423064289279,0.0,337.65740670271924
2025-02-25 01:00:00+00:00,4513.368702233999,343.785243044002,4169.5834591899975,0.0,343.785243044002
2025-02-25 02:00:00+00:00,4393.748667251999,351.0990964134981,4042.649570838501,0.0,351.0990964134981
2025-02-25 03:00:00+00:00,4289.968149978,359.33016712948984,3930.63798284851,0.0,359.33016712948984
2025-02-25 04:00:00+00:00,4208.702412515999,368.1645063550308,3840.537906160968,0.0,368.1645063550308
2025-02-25 05:00:00+00:00,4155.106121166002,377.25578203859124,3777.8503391274103,0.0,377.25578203859124
2025-02-25 06:00:00+00:00,4132.468747554,386.2393926458541,3746.2293549081464,0.0,386.2393926458541
2025-02-25 07:00:00+00:00,4141.996822530001,606.8417131054816,3535.155109424519,212.09437144759997,394.7473416578817
2025-02-25 08:00:00+00:00,4182.737686218001,810.0528407726465,3372.6848454453543,407.62958157750614,402.4232591951404
2025-02-25 09:00:00+00:00,4251.64980765,982.616077705404,3269.0337299445964,573.6791065313411,408.936971174063
2025-02-25 10:00:00+00:00,4343.814778716,1113.5216265109684,3230.293152205031,699.5236219373558,413.99800457361255
2025-02-25 11:00:00+00:00,4452.776389949999,1194.6437299734416,3258.132659976557,777.2762460447935,417.36748392864797
2025-02-25 12:00:00+00:00,4570.983609864,1221.1619358145954,3349.8216740494045,802.2940054589403,418.86793035565506
2025-02-25 13:00:00+00:00,4690.307192676002,1191.7591715432739,3498.5480211327285,773.368612104379,418.39055943889485
2025-02-25 14:00:00+00:00,4802.594705832001,1108.605179299879,3693.989526532122,692.7053933566508,415.89978594322815
2025-02-25 15:00:00+00:00,4900.226058084001,977.1454674148913,3923.08059066911,565.710727243315,411.4347401715763
2025-02-25 16:00:00+00:00,4976.6317361460015,805.7231213851405,4170.908614760861,400.61537938891706,405.1077419962235
2025-02-25 17:00:00+00:00,5026.738422551995,605.063684983805,4421.674737568191,207.96388883781276,397.0997961459923
2025-02-25 18:00:00+00:00,5047.3116559320015,387.6532869268359,4659.658369005166,0.0,387.6532869268359
2025-02-25 19:00:00+00:00,5037.1723342079995,377.06217032419613,4660.110163883804,0.0,377.06217032419613
2025-02-25 20:00:00+00:00,4997.272264614001,365.6600730736825,4631.612191540318,0.0,365.6600730736825
2025-02-25 21:00:00+00:00,4930.623873756001,353.8067836978787,4576.817090058122,0.0,353.8067836978787
2025-02-25 22:00:00+00:00,4842.088862687999,341.8736744778691,4500.21518821013,0.0,341.8736744778691
2025-02-25 23:00:00+00:00,4738.040429178,330.22867613258455,4407.811753045415,0.0,330.22867613258455
2025-02-26 00:00:00+00:00,4621.472004156002,319.22139444872465,4302.250609707277,0.0,319.22139444872465
2025-02-26 01:00:00+00:00,4509.28383864,309.16899802761355,4200.114840612387,0.0,309.16899802761355
2025-02-26 02:00:00+00:00,4405.029863262001,300.34343681871036,4104.686426443291,0.0,300.34343681871036
2025-02-26 03:00:00+00:00,4316.166309294001,292.96053336567223,4023.2057759283284,0.0,292.96053336567223
2025-02-26 04:00:00+00:00,4249.087033044001,287.1713770526563,3961.915655991345,0.0,287.1713770526563
2025-02-26 05:00:00+00:00,4208.681974560001,283.0563777059518,3925.6255968540495,0.0,283.0563777059518
2025-02-26 06:00:00+00:00,4197.998667240001,280.62223066108226,3917.376436578919,0.0,280.62223066108226
2025-02-26 07:00:00+00:00,4218.0300529920005,523.7105350374629,3694.3195179545373,243.90863306117578,279.8019019762871
2025-02-26 08:00:00+00:00,4267.6431699720015,758.2709586812975,3509.372211290704,477.8133160170036,280.457642664294
2025-02-26 09:00:00+00:00,4343.653608168,967.2737385544867,3376.3798696135127,684.8868234256007,282.3869151288861
2025-02-26 10:00:00+00:00,4441.040756963997,1134.9697244452962,3306.071032518701,849.6387580570354,285.3309663882608
2025-02-26 11:00:00+00:00,4553.28918009,1248.1278871347286,3305.161292955271,959.1421628743035,288.98572426042506
2025-02-26 12:00:00+00:00,4672.832914218001,1297.1387668662314,3375.6941473517695,1004.1242183489085,293.014548517323
2025-02-26 13:00:00+00:00,4791.572348177998,1276.8800524220524,3514.6922957559455,979.8177292458727,297.0623231761798
2025-02-26 14:00:00+00:00,4901.428448742001,1187.255397393776,3714.173051348225,886.4850834006035,300.7703139931725
2025-02-26 15:00:00+00:00,4994.89650282,1033.3428355040517,3961.5536673159486,729.5516572458117,303.79117825823994
2025-02-26 16:00:00+00:00,5065.5615840900045,824.8238881586599,4240.737695931344,519.0203756474667,305.8035125111932
2025-02-26 17:00:00+00:00,5108.540433654004,575.1900625907714,4533.350371063233,268.6647166117058,306.5253459790656
2025-02-26 18:00:00+00:00,5120.819632277999,305.7260193256549,4815.093612952343,0.0,305.7260193256549
2025-02-26 19:00:00+00:00,5101.466818056,303.23597036938895,4798.230847686611,0.0,303.23597036938895
2025-02-26 20:00:00+00:00,5051.700407921999,298.9540186616068,4752.746389260392,0.0,298.9540186616068
2025-02-26 21:00:00+00:00,4974.812965919998,292.85185319488767,4681.96111272511,0.0,292.85185319488767
2025-02-26 22:00:00+00:00,4875.953240759997,284.9755376706222,4590.977703089375,0.0,284.9755376706222
2025-02-26 23:00:00+00:00,4761.781592399998,275.4439756584045,4486.337616741594,0.0,275.4439756584045
2025-02-27 00:00:00+00:00,4635.474455892001,264.44438813938484,4371.030067752617,0.0,264.44438813938484
2025-02-27 01:00:00+00:00,4514.394222702001,252.22500009427782,4262.169222607723,0.0,252.22500009427782
2025-02-27 02:00:00+00:00,4402.244901179999,239.08522225515617,4163.159678924843,0.0,239.08522225515617
2025-02-27 03:00:00+00:00,4306.704774329999,225.36374130422004,4081.341033025779,0.0,225.36374130422004
2025-02-27 04:00:00+00:00,4234.359042354,211.42499612408437,4022.9340462299156,0.0,211.42499612408437
2025-02-27 05:00:00+00:00,4190.253695753999,197.64460198728332,3992.6090937667154,0.0,197.64460198728332
2025-02-27 06:00:00+00:00,4177.553359853999,184.39430601314223,3993.1590538408564,0.0,184.39430601314223
2025-02-27 07:00:00+00:00,4197.32631024,429.60852178846795,3767.7177884515318,257.58141577279036,172.0271060156776
2025-02-27 08:00:00+00:00,4248.471353405999,653.4179705116368,3595.0533828943626,492.5548448297245,160.8631256819123
2025-02-27 09:00:00+00:00,4327.791514535999,840.5233106694735,3487.2682038665257,689.3464768247617,151.17683384471187
2025-02-27 10:00:00+00:00,4430.209531103999,978.6322818956781,3451.577249208321,835.4461579960451,143.18612389963297
2025-02-27 11:00:00+00:00,4549.1105428440005,1059.1911706203093,3489.9193722236914,922.1474596117805,137.04371100852885
2025-02-27 12:00:00+00:00,4676.788697994,1077.8149704462458,3598.9737275477546,944.9837899203457,132.83118052590012
2025-02-27 13:00:00+00:00,4804.967260673999,1034.4103033508886,3770.55695732311,903.8543561994991,130.55594715138966
2025-02-27 14:00:00+00:00,4925.357006556001,933.0086205755815,3992.348385980419,802.857375996362,130.15124457921956
2025-02-27 15:00:00+00:00,5030.214864570001,781.3455921835085,4248.869272386492,649.8664554108486,131.47913677265993
2025-02-27 16:00:00+00:00,5112.864936312002,590.2348647803384,4522.630071531664,455.8984225977199,134.3364421826185
2025-02-27 17:00:00+00:00,5168.146519116002,372.7905968152895,4795.355922300712,234.32728392968323,138.46331288560626
2025-02-27 18:00:00+00:00,5192.758751586004,143.55412929048168,5049.204622295522,0.0,143.55412929048168
2025-02-27 19:00:00+00:00,5185.478580282001,149.2702520319034,5036.208328250097,0.0,149.2702520319034
2025-02-27 20:00:00+00:00,5147.237289641998,155.25412461223763,4991.983165029761,0.0,155.25412461223763
2025-02-27 21:00:00+00:00,5081.050615031999,161.14412867725093,4919.906486354748,0.0,161.14412867725093
2025-02-27 22:00:00+00:00,4991.807257836004,166.58960120417944,4825.217656631825,0.0,166.58960120417944
2025-02-27 23:00:00+00:00,4885.930450211999,171.26538813244653,4714.665062079553,0.0,171.26538813244653
2025-02-28 00:00:00+00:00,4766.291818302001,174.88534445494608,4591.406473847055,0.0,174.88534445494608
2025-02-28 01:00:00+00:00,4650.270751266002,177.21422036084414,4473.056530905158,0.0,177.21422036084414
2025-02-28 02:00:00+00:00,4541.337357816,178.07745360737755,4363.259904208622,0.0,178.07745360737755
2025-02-28 03:00:00+00:00,4447.072931868,177.36846518802395,4269.704466679976,0.0,177.36846518802395
2025-02-28 04:00:00+00:00,4374.008745077999,175.05315295543807,4198.955592122561,0.0,175.05315295543807
2025-02-28 05:00:00+00:00,4327.181234964001,171.1714146328451,4156.009820331156,0.0,171.1714146328451
2025-02-28 06:00:00+00:00,4309.790099705998,165.83561297343275,4143.954486732565,0.0,165.83561297343275
2025-02-28 07:00:00+00:00,4322.982520332,392.90430270612995,3930.07821762587,233.67822796197444,159.2260747441555
2025-02-28 08:00:00+00:00,4365.778263966002,604.2529251178289,3761.525338848173,452.6691418894788,151.58378322835011
2025-02-28 09:00:00+00:00,4435.140533711998,784.9614426811455,3650.1790910308523,641.7608679170975,143.20057476404807
2025-02-28 10:00:00+00:00,4526.187801407999,922.0433883025478,3604.1444131054513,787.6361445732849,134.4072437292629
2025-02-28 11:00:00+00:00,4632.531928962001,1005.4323155133073,3627.0996134486936,879.8722834131631,125.56003210014417
2025-02-28 12:00:00+00:00,4746.719518758,1028.7848741444204,3717.9346446135796,911.7588094140496,117.02606473037092
2025-02-28 13:00:00+00:00,4860.746179800003,990.0255926664103,3870.7205871335927,880.857267157261,109.16832550914924
2025-02-28 14:00:00+00:00,4966.608573107998,891.5763920796642,4075.032181028334,789.2456055199892,102.33078655967496
2025-02-28 15:00:00+00:00,5056.856423177999,740.2389978486185,4316.617425329381,643.4146959480214,96.82430190059712
2025-02-28 16:00:00+00:00,5125.106741706002,546.7285399700402,4578.378201735962,453.81469550736415,92.91384446267602
2025-02-28 17:00:00+00:00,5166.485042250004,324.8886056951136,4841.596436554891,234.08100614228914,90.80759955282443
2025-02-28 18:00:00+00:00,5177.963364000002,90.64838054086077,5087.314983459141,0.0,90.64838054086077
2025-02-28 19:00:00+00:00,5158.571883947998,92.5076935510304,5066.064190396967,0.0,92.5076935510304
2025-02-28 20:00:00+00:00,5109.469614059999,96.3827173156259,5013.086896744373,0.0,96.3827173156259
2025-02-28 21:00:00+00:00,5033.869224551998,102.19630687161687,4931.672917680381,0.0,102.19630687161687
2025-02-28 22:00:00+00:00,4936.8210539759975,109.80002849354776,4827.02102548245,0.0,109.80002849354776
2025-02-28 23:00:00+00:00,4824.870911321999,118.98009721999436,4705.890814102005,0.0,118.98009721999436
2025-03-01 00:00:00+00:00,4322.727779748003,129.46597743198092,4193.261802316022,0.0,129.46597743198092
2025-03-01 01:00:00+00:00,4204.295055114,140.94129456422033,4063.35376054978,0.0,140.94129456422033
2025-03-01 02:00:00+00:00,4094.7921392280027,153.0566121356486,3941.735527092354,0.0,153.0566121356486
2025-03-01 03:00:00+00:00,4001.7488832720005,165.44354326324267,3836.305340008758,0.0,165.44354326324267
2025-03-01 04:00:00+00:00,3931.602263484,177.72963403209855,3753.8726294519015,0.0,177.72963403209855
2025-03-01 05:00:00+00:00,3889.2538345080006,189.55339547001864,3699.700439037982,0.0,189.55339547001864
2025-03-01 06:00:00+00:00,3877.7310905339996,200.57887861868136,3677.1522119153183,0.0,200.57887861868136
2025-03-01 07:00:00+00:00,3897.97583616,415.55434686520914,3482.421489294791,205.0451552357889,210.5091916294202
2025-03-01 08:00:00+00:00,3948.7741424880023,610.6426890906588,3338.1314533973436,391.54428470148514,219.09840438917368
2025-03-01 09:00:00+00:00,4026.832813415999,773.8867880262958,3252.946025389703,547.7254234755826,226.16136455071313
2025-03-01 10:00:00+00:00,4126.997305662,895.7468262927097,3231.2504793692906,664.165821262682,231.58100503002763
2025-03-01 11:00:00+00:00,4242.59634036,969.5684809003396,3273.0278594596602,734.2556173946724,235.31286350566725
2025-03-01 12:00:00+00:00,4365.889968552001,991.8427059968883,3374.047262555113,754.456088737537,237.38661725935128
2025-03-01 13:00:00+00:00,4488.590688162,962.2678495001463,3526.322838661854,724.3632789850084,237.90457051513792
2025-03-01 14:00:00+00:00,4602.422166300002,883.6364157902242,3718.7857505097772,646.5992468411517,237.0371689490725
2025-03-01 15:00:00+00:00,4699.677787643998,761.5748738028122,3938.102913841186,526.559161649209,235.0157121536032
2025-03-01 16:00:00+00:00,4773.7409611919975,604.1658613770653,4169.575099814932,372.04329641465364,232.12256496241167
2025-03-01 17:00:00+00:00,4819.531900427996,421.47919511510906,4398.052705312887,192.79991493558654,228.6792801795225
2025-03-01 18:00:00+00:00,4833.850559328,225.03310440262732,4608.817454925373,0.0,225.03310440262732
2025-03-01 19:00:00+00:00,4815.592371995999,221.54242882832258,4594.049943167676,0.0,221.54242882832258
2025-03-01 20:00:00+00:00,4765.822194966002,218.56178167527747,4547.2604132907245,0.0,218.56178167527747
2025-03-01 21:00:00+00:00,4687.701429642001,216.42697290854073,4471.27445673346,0.0,216.42697290854073
2025-03-01 22:00:00+00:00,4586.273326194,215.4409997302189,4370.832326463781,0.0,215.4409997302189
2025-03-01 23:00:00+00:00,4468.121044422003,215.86129838265276,4252.259746039351,0.0,215.86129838265276
2025-03-02 00:00:00+00:00,4336.0898761319995,217.88885461695483,4118.201021515045,0.0,217.88885461695483
2025-03-02 01:00:00+00:00,4208.095428977999,221.6596267730213,3986.435802204978,0.0,221.6596267730213
2025-03-02 02:00:00+00:00,4087.5742871459975,227.23862525757227,3860.3356618884254,0.0,227.23862525757227
2025-03-02 03:00:00+00:00,3982.253529365997,234.61690422698624,3747.636625139011,0.0,234.61690422698624
2025-03-02 04:00:00+00:00,3898.7981266500005,243.7115756344932,3655.086551015507,0.0,243.7115756344932
2025-03-02 05:00:00+00:00,3842.3631907079994,254.36885303498312,3587.994337673016,0.0,254.36885303498312
2025-03-02 06:00:00+00:00,3816.2494174980006,266.36999946202553,3549.879418035975,0.0,266.36999946202553
2025-03-02 07:00:00+00:00,3821.685171444001,507.7475150458392,3313.937656398162,228.30757742831565,279.4399376175235
2025-03-02 08:00:00+00:00,3857.7497773499986,741.0856845907103,3116.664092759288,447.8275148751711,293.25816971553917
2025-03-02 09:00:00+00:00,3921.443203734,950.1661478814872,2971.2770558525126,642.6945881933782,307.47155968810904
2025-03-02 10:00:00+00:00,4007.897161716,1119.9373054729883,2887.959856243012,798.2288533806665,321.70845209232186
2025-03-02 11:00:00+00:00,4110.7130990939995,1237.7040678301278,2873.0090312638717,902.1105049564728,335.59356287365506
2025-03-02 12:00:00+00:00,4222.403936771998,1294.1916936563357,2928.212243115662,945.4286793584694,348.76301429786645
2025-03-02 13:00:00+00:00,4334.909302079998,1284.3824592552967,3050.526842824702,923.5035455365037,360.87891371879306
2025-03-02 14:00:00+00:00,4440.149020691999,1208.0392463659498,3232.109774326049,836.3963690378862,371.64287732806355
2025-03-02 15:00:00+00:00,4530.577096374,1069.8555843047113,3460.721512069288,689.0476495236629,380.8079347810484
2025-03-02 16:00:00+00:00,4599.698331437999,879.2048011219115,3720.4935303160873,491.01645515549836,388.1883459664131
2025-03-02 17:00:00+00:00,4642.512307188,649.4981806408177,3993.014126547182,255.83126770135863,393.66691293945917
2025-03-02 18:00:00+00:00,4655.854517076,397.19949646416313,4258.655020611836,0.0,397.19949646416313
2025-03-02 19:00:00+00:00,4638.6113046,398.81655159311146,4239.794753006889,0.0,398.81655159311146
2025-03-02 20:00:00+00:00,4591.7940898199995,398.62161352801746,4193.172476291982,0.0,398.62161352801746
2025-03-02 21:00:00+00:00,4518.467764398001,396.78681065071845,4121.680953747283,0.0,396.78681065071845
2025-03-02 22:00:00+00:00,4423.538307384,393.5455710729838,4029.9927363110164,0.0,393.5455710729838
2025-03-02 23:00:00+00:00,4313.414103935999,389.18283322201955,3924.23127071398,0.0,389.18283322201955
2025-03-03 00:00:00+00:00,4568.789036615996,384.02316339429666,4184.7658732217,0.0,384.02316339429666
2025-03-03 01:00:00+00:00,4451.228581716,378.4172527069639,4072.811329009036,0.0,378.4172527069639
2025-03-03 02:00:00+00:00,4341.966543558002,372.72736938173756,3969.2391741762644,0.0,372.72736938173756
2025-03-03 03:00:00+00:00,4248.453685476,367.31233490289924,3881.1413505731007,0.0,367.31233490289924
2025-03-03 04:00:00+00:00,4177.0683635099995,362.5126672629505,3814.555696247049,0.0,362.5126672629505
2025-03-03 05:00:00+00:00,4132.675519602,358.6364768420546,3774.039042759946,0.0,358.6364768420546
2025-03-03 06:00:00+00:00,4118.288925072,355.94670786064984,3762.34221721135,0.0,355.94670786064984
2025-03-03 07:00:00+00:00,4134.860018099999,608.474726761114,3526.3852913388855,253.8244875243642,354.65023923674977
2025-03-03 08:00:00+00:00,4181.207681657998,843.007100230703,3338.200581427295,488.1178036546358,354.88929657606724
2025-03-03 09:00:00+00:00,4254.094035324001,1044.0275187743493,3210.066516549652,687.2919930389032,356.7355257354462
2025-03-03 10:00:00+00:00,4348.441112400002,1198.544776914271,3149.8963354857306,838.3578138490257,360.1869630652455
2025-03-03 11:00:00+00:00,4457.6737619820005,1296.8738001071483,3160.799961874852,931.7057543472467,365.16804575990164
2025-03-03 12:00:00+00:00,4574.165521337999,1333.173207994016,3240.9923133439834,961.6405708144263,371.5326371795897
2025-03-03 13:00:00+00:00,4689.757094358001,1305.7238434521716,3384.03325090583,926.6538798148175,379.0699636373542
2025-03-03 14:00:00+00:00,4796.312163845998,1216.9493748303607,3579.362789015637,829.4361642887907,387.5132105415701
2025-03-03 15:00:00+00:00,4886.272665078001,1073.1934404524486,3813.079224625553,676.64301447785,396.5504259745987
2025-03-03 16:00:00+00:00,4953.175652292,884.2775620115378,4068.8980902804624,478.4402753781055,405.8372866334323
2025-03-03 17:00:00+00:00,4992.096536784,662.8707507804579,4329.225786003542,247.85954439424822,415.01120638620966
2025-03-03 18:00:00+00:00,4999.988366310001,423.70620411644836,4576.282162193553,0.0,423.70620411644836
2025-03-03 19:00:00+00:00,4975.894018409998,431.5679260863963,4544.326092323602,0.0,431.5679260863963
2025-03-03 20:00:00+00:00,4921.016698206005,438.26820843966027,4482.748489766344,0.0,438.26820843966027
2025-03-03 21:00:00+00:00,4838.643819954001,443.5185787711407,4395.12524118286,0.0,443.5185787711407
2025-03-03 22:00:00+00:00,4733.929350024004,447.08214966309276,4286.847200360911,0.0,447.08214966309276
2025-03-03 23:00:00+00:00,4613.549280144001,448.783411056925,4164.765869087077,0.0,448.783411056925
2025-03-04 00:00:00+00:00,4480.239259145998,448.5155296179989,4031.7237295279997,0.0,448.5155296179989
2025-03-04 01:00:00+00:00,4352.330606441999,446.24484309789096,3906.0857633441083,0.0,446.24484309789096
2025-03-04 02:00:00+00:00,4233.105442272,442.0123766918532,3791.0930655801467,0.0,442.0123766918532
2025-03-04 03:00:00+00:00,4130.295044946001,435.93231633078983,3694.3627286152114,0.0,435.93231633078983
2025-03-04 04:00:00+00:00,4050.5447450159995,428.18749287854325,3622.3572521374563,0.0,428.18749287854325
2025-03-04 05:00:00+00:00,3998.9665766820017,419.02207759181357,3579.944499090188,0.0,419.02207759181357
2025-03-04 06:00:00+00:00,3978.795701243999,408.73177200453745,3570.0639292394612,0.0,408.73177200453745
2025-03-04 07:00:00+00:00,3991.1739378419998,663.3956769709735,3327.7782608710263,265.74377514768685,397.65190182328666
2025-03-04 08:00:00+00:00,4035.075066077999,901.4887360680664,3133.5863300099327,515.3448340185997,386.14390204946665
2025-03-04 09:00:00+00:00,4107.376876385999,1105.6070793541405,3001.7697970318586,731.0263381853193,374.58074116882113
2025-03-04 10:00:00+00:00,4203.075089850001,1260.5790992146017,2942.4959906353993,897.2472115164087,363.3318876981929
2025-03-04 11:00:00+00:00,4315.624440456001,1354.664260037097,2960.960180418904,1001.9158317429996,352.7484282940974
2025-03-04 12:00:00+00:00,4437.383779668001,1380.510977462873,3056.872802205128,1037.362030835205,343.148946627668
2025-03-04 13:00:00+00:00,4560.134822123999,1335.783335178195,3224.3514869458036,1000.9765895633992,334.80674561479583
2025-03-04 14:00:00+00:00,4675.639251737999,1223.3931077916895,3452.2461439463095,895.4541772620818,327.9389305296077
2025-03-04 15:00:00+00:00,4776.196311390002,1051.3078852877197,3724.888426102282,728.6100812976258,322.69780399009403
2025-03-04 16:00:00+00:00,4855.162935756002,831.9446991235302,4023.2182366324723,512.7797825210929,319.16491660243724
2025-03-04 17:00:00+00:00,4907.401099902001,581.1974511524841,4326.203648749517,263.84942356032553,317.34802759215853
2025-03-04 18:00:00+00:00,4929.622053341999,317.18108927827336,4612.440964063726,0.0,317.18108927827336
2025-03-04 19:00:00+00:00,4920.604057656002,318.5272613050639,4602.076796350938,0.0,318.5272613050639
2025-03-04 20:00:00+00:00,4881.269026704001,321.18483042471337,4560.084196279287,0.0,321.18483042471337
2025-03-04 21:00:00+00:00,4814.6128814700005,324.89578741729355,4489.717094052707,0.0,324.89578741729355
2025-03-04 22:00:00+00:00,4725.4946590320005,329.3567158829018,4396.137943149099,0.0,329.3567158829018
2025-03-04 23:00:00+00:00,4620.298798458002,334.23154709241777,4286.0672513655845,0.0,334.23154709241777
2025-03-05 00:00:00+00:00,4501.390532898,339.16564710356573,4162.224885794434,0.0,339.16564710356573
2025-03-05 01:00:00+00:00,4387.014326813999,343.8006764725636,4043.2136503414354,0.0,343.8006764725636
2025-03-05 02:00:00+00:00,4280.121225072001,347.7895956129771,3932.331629459024,0.0,347.7895956129771
2025-03-05 03:00:00+00:00,4188.228743118001,350.811214729808,3837.417528388193,0.0,350.811214729808
2025-03-05 04:00:00+00:00,4117.8016762259995,352.58368356021424,3765.2179926657855,0.0,352.58368356021424
2025-03-05 05:00:00+00:00,4073.8088741279985,352.8763730803564,3720.9325010476423,0.0,352.8763730803564
2025-03-05 06:00:00+00:00,4059.3829604999996,351.5196582659592,3707.8633022340405,0.0,351.5196582659592
2025-03-05 07:00:00+00:00,4075.6061501400004,568.9228466158554,3506.6833035241452,220.5106439452626,348.41220267059276
2025-03-05 08:00:00+00:00,4121.436853884,763.0699535505712,3358.366900333429,419.54450593791785,343.5254476126533
2025-03-05 09:00:00+00:00,4193.78201319,921.6594600565307,3272.122553133469,584.754343352922,336.90511670360877
2025-03-05 10:00:00+00:00,4287.710218218,1035.1412303023944,3252.5689879156052,706.4715492950039,328.6696810073906
2025-03-05 11:00:00+00:00,4396.791008442,1097.1573477522372,3299.633660689763,778.151509689839,319.00583806239825
2025-03-05 12:00:00+00:00,4513.537198716,1104.7548752621883,3408.7823234538114,796.5936790106584,308.16119625152976
2025-03-05 13:00:00+00:00,4629.919900493998,1058.3872731549063,3571.532627339092,761.9528099469975,296.4344632079089
2025-03-05 14:00:00+00:00,4737.921131412,961.7323739472865,3776.1887574647135,677.5688431089138,284.1635308383727
2025-03-05 15:00:00+00:00,4830.086123687997,821.3600075741723,4008.726116113825,549.648050085806,271.71195748836635
2025-03-05 16:00:00+00:00,4900.037615717999,646.2824258633415,4253.755189854657,386.8280381678491,259.45438769549236
2025-03-05 17:00:00+00:00,4942.916892815999,447.4169793475203,4495.499913468479,199.65546282922725,247.76151651829304
2025-03-05 18:00:00+00:00,4955.721378299997,236.9852046875213,4718.736173612476,0.0,236.9852046875213
2025-03-05 19:00:00+00:00,4937.515583910001,227.44435526310767,4710.071228646893,0.0,227.44435526310767
2025-03-05 20:00:00+00:00,4889.500950095999,219.4121388216035,4670.088811274395,0.0,219.4121388216035
2025-03-05 21:00:00+00:00,4814.939591825997,213.10507361235614,4601.834518213641,0.0,213.10507361235614
2025-03-05 22:00:00+00:00,4718.9370742500005,208.67442128246165,4510.262652967539,0.0,208.67442128246165
2025-03-05 23:00:00+00:00,4608.098848878001,206.2002419570496,4401.898606920951,0.0,206.2002419570496
2025-03-06 00:00:00+00:00,4484.89291131,205.68835487042938,4279.204556439571,0.0,205.68835487042938
2025-03-06 01:00:00+00:00,4367.893605138001,207.07032875485328,4160.8232763831475,0.0,207.07032875485328
2025-03-06 02:00:00+00:00,4260.080451774,210.20649829026644,4049.873953483733,0.0,210.20649829026644
2025-03-06 03:00:00+00:00,4169.045112582,214.89188906222287,3954.153223519777,0.0,214.89188906222287
2025-03-06 04:00:00+00:00,4101.282946446003,220.86480335378394,3880.418143092219,0.0,220.86480335378394
2025-03-06 05:00:00+00:00,4061.7490165980007,227.81771041630708,3833.931306181694,0.0,227.81771041630708
2025-03-06 06:00:00+00:00,4053.5180349300003,235.41001241009127,3818.108022519909,0.0,235.41001241009127
2025-03-06 07:00:00+00:00,4077.571519643997,464.51843424068215,3613.053085403315,221.23629458765728,243.2821396530249
2025-03-06 08:00:00+00:00,4132.726690848,682.8022027452104,3449.9244881027894,431.7317872376945,251.07041550751583
2025-03-06 09:00:00+00:00,4215.712058753999,874.8581985411129,3340.8538602128865,616.436122754575,258.4220757865379
2025-03-06 10:00:00+00:00,4321.384690434001,1026.7608991958075,3294.623791238193,761.7510731148288,265.0098260809787
2025-03-06 11:00:00+00:00,4443.074422668,1127.1474942704397,3315.92692839756,856.6021509408652,270.54534332957445
2025-03-06 12:00:00+00:00,4573.031728062001,1168.1451130329308,3404.8866150290705,893.353944417286,274.7911686156447
2025-03-06 13:00:00+00:00,4702.948916862002,1146.052725654152,3556.8961912078503,868.4822231579568,277.5705024961953
2025-03-06 14:00:00+00:00,4824.519173166001,1061.7091837205387,3762.8099894454617,782.9346815717994,278.7745021487393
2025-03-06 15:00:00+00:00,4929.995659008003,920.5057582876364,4009.4899007203667,642.138975900143,278.36678238749334
2025-03-06 16:00:00+00:00,5012.712584670001,732.0336907420345,4280.678893927967,455.6487513279382,276.3849394140963
2025-03-06 17:00:00+00:00,5067.533006928002,509.39128378752036,4558.141723140481,236.45226041725934,272.939023370261
2025-03-06 18:00:00+00:00,5091.192893429999,268.2070365822521,4822.985856847747,0.0,268.2070365822521
2025-03-06 19:00:00+00:00,5082.518228256,262.42763493541304,4820.090593320587,0.0,262.42763493541304
2025-03-06 20:00:00+00:00,5042.5003837740005,255.89032441247818,4786.610059361522,0.0,255.89032441247818
2025-03-06 21:00:00+00:00,4974.224799894001,248.92357347211953,4725.301226421881,0.0,248.92357347211953
2025-03-06 22:00:00+00:00,4882.657887198001,241.88130334642656,4640.776583851574,0.0,241.88130334642656
2025-03-06 23:00:00+00:00,4774.306712489997,235.12832997423294,4539.1783825157645,0.0,235.12832997423294
2025-03-07 00:00:00+00:00,4651.4980467059995,229.02534311641764,4422.472703589582,0.0,229.02534311641764
2025-03-07 01:00:00+00:00,4532.967162191998,223.91403851167166,4309.053123680326,0.0,223.91403851167166
2025-03-07 02:00:00+00:00,4421.641374066001,220.1030167132424,4201.538357352759,0.0,220.1030167132424
2025-03-07 03:00:00+00:00,4325.189908662001,217.85502454154778,4107.334884120452,0.0,217.85502454154778
2025-03-07 04:00:00+00:00,4250.227749264,217.37605002686894,4032.8516992371306,0.0,217.37605002686894
2025-03-07 05:00:00+00:00,4201.86883473,218.80674401071093,3983.0620907192892,0.0,218.80674401071093
2025-03-07 06:00:00+00:00,4183.3823175060015,222.21648853395337,3961.165828972048,0.0,222.21648853395337
2025-03-07 07:00:00+00:00,4195.97516961,459.3598219100937,3736.6153476999066,231.75944300164483,227.60037890844885
2025-03-07 08:00:00+00:00,4238.7158223900005,682.1189457919288,3556.5968765980715,447.239712463669,234.8792333282598
2025-03-07 09:00:00+00:00,4308.603900761998,876.2348608102795,3432.369039951719,632.332234486375,243.90262632390449
2025-03-07 10:00:00+00:00,4400.781160902,1029.4288911717845,3371.3522697302155,774.9740545324079,254.45483663937662
2025-03-07 11:00:00+00:00,4508.86905588,1132.1073410961008,3376.761714783899,865.8438940248645,266.2634470712362
2025-03-07 12:00:00+00:00,4625.409844271998,1177.897640057647,3447.5122042143507,898.8873801811673,279.0102598764797
2025-03-07 13:00:00+00:00,4742.380928417999,1164.000219958582,3578.380708459417,871.6561439375303,292.3440760210518
2025-03-07 14:00:00+00:00,4851.747311292,1091.3478268178806,3760.399484474119,785.4530127309575,305.89481408692296
2025-03-07 15:00:00+00:00,4946.014337586001,964.5692396609071,3981.4450979250937,645.2808504546956,319.2883892062115
2025-03-07 16:00:00+00:00,5018.742931272001,791.7583925318386,4226.984538740163,459.59663640617833,332.1617561256602
2025-03-07 17:00:00+00:00,5064.9921040740055,584.0536710571478,4480.938433016858,239.87619121529798,344.17747984184984
2025-03-07 18:00:00+00:00,5081.658523326,355.0372600902382,4726.621263235762,0.0,355.0372600902382
2025-03-07 19:00:00+00:00,5067.689850636003,364.49383818908706,4703.196012446916,0.0,364.49383818908706
2025-03-07 20:00:00+00:00,5024.157377652001,372.36080937306076,4651.79656827894,0.0,372.36080937306076
2025-03-07 21:00:00+00:00,4954.182864288002,378.5199428591517,4575.6629214288505,0.0,378.5199428591517
2025-03-07 22:00:00+00:00,4862.724657084002,382.9256924741125,4479.7989646098895,0.0,382.9256924741125
2025-03-07 23:00:00+00:00,4756.237654727999,385.60674110630134,4370.630913621698,0.0,385.60674110630134
2025-03-08 00:00:00+00:00,4258.72058535,386.6644873055253,3872.0560980444748,0.0,386.6644873055253
2025-03-08 01:00:00+00:00,4145.239267344002,386.26856053201516,3758.9707068119865,0.0,386.26856053201516
2025-03-08 02:00:00+00:00,4040.315174742,384.64953436016646,3655.665640381834,0.0,384.64953436016646
2025-03-08 03:00:00+00:00,3951.411580536002,382.08914297865186,3569.32243755735,0.0,382.08914297865186
2025-03-08 04:00:00+00:00,3884.9092714319995,378.9084017015528,3506.0008697304465,0.0,378.9084017015528
2025-03-08 05:00:00+00:00,3845.6653247040003,375.4541127916835,3470.2112119123167,0.0,375.4541127916835
2025-03-08 06:00:00+00:00,3836.6754449939995,372.0843214411102,3464.5911235528893,0.0,372.0843214411102
2025-03-08 07:00:00+00:00,3858.863094491999,649.4614856047804,3209.4016088872186,280.30818036776486,369.1533052370155
2025-03-08 08:00:00+00:00,3911.009839296001,912.5808744605529,2998.428964835448,545.5841555745477,366.99671888600517
2025-03-08 09:00:00+00:00,3989.8319175119996,1137.9422260325682,2851.8896914794313,772.0247226311523,365.91750340141596
2025-03-08 10:00:00+00:00,4090.1978708219995,1311.7064546753447,2778.491416146655,945.5333197261565,366.1731349491882
2025-03-08 11:00:00+00:00,4205.472642797999,1422.570120348811,2782.9025224491875,1054.6053835537557,367.96473679505533
2025-03-08 12:00:00+00:00,4327.964762058,1463.236332117613,2864.728429940387,1091.8078326903608,371.4284994272523
2025-03-08 13:00:00+00:00,4449.446258753999,1431.2351495029184,3018.211109251081,1054.6053835537557,376.62976594916256
2025-03-08 14:00:00+00:00,4561.71003792,1329.0933360950507,3232.6167018249494,945.5333197261565,383.5600163688943
2025-03-08 15:00:00+00:00,4657.126722570002,1164.1616064956027,3492.9651160743997,772.0247226311523,392.13688386445034
2025-03-08 16:00:00+00:00,4729.163166084001,948.1111141943916,3781.0520518896096,545.9039163451804,402.20719784921124
2025-03-08 17:00:00+00:00,4772.827238634,696.1335920322324,4076.693646601768,282.5806609226033,413.55293110962907
2025-03-08 18:00:00+00:00,4785.008701577998,425.89980851622886,4359.10889306177,0.0,425.89980851622886
2025-03-08 19:00:00+00:00,4764.692796402001,438.92822391013146,4325.764572491869,0.0,438.92822391013146
2025-03-08 20:00:00+00:00,4713.032087232,452.2860223088679,4260.746064923132,0.0,452.2860223088679
2025-03-08 21:00:00+00:00,4633.271500451999,465.60261733480604,4167.668883117192,0.0,465.60261733480604
2025-03-08 22:00:00+00:00,4530.531643344001,478.5038782818571,4052.027765062144,0.0,478.5038782818571
2025-03-08 23:00:00+00:00,4411.465049376,490.6271672653453,3920.837882110655,0.0,490.6271672653453
2025-03-09 00:00:00+00:00,4278.364829214002,501.63591133587323,3776.7289178781293,0.0,501.63591133587323
2025-03-09 01:00:00+00:00,4150.419071735996,511.23312401105676,3639.1859477249395,0.0,511.23312401105676
2025-03-09 02:00:00+00:00,4030.4889211020027,519.1733128587786,3511.3156082432242,0.0,519.1733128587786
2025-03-09 03:00:00+00:00,3926.3248209780004,525.2722866555049,3401.0525343224954,0.0,525.2722866555049
2025-03-09 04:00:00+00:00,3844.601473524,529.4144702769295,3315.1870032470706,0.0,529.4144702769295
2025-03-09 05:00:00+00:00,3790.4698120799994,531.5574153254062,3258.9123967545934,0.0,531.5574153254062
2025-03-09 06:00:00+00:00,3767.2125592499983,531.733333491905,3235.4792257580934,0.0,531.733333491905
2025-03-09 07:00:00+00:00,3776.0266759319993,777.0781938134427,2998.9484821185565,247.03061287556466,530.047580937878
2025-03-09 08:00:00+00:00,3815.947425276,998.0322722852568,2817.915152990743,471.35810761293357,526.6741646723233
2025-03-09 09:00:00+00:00,3883.919044404001,1180.6619279877339,2703.2571164162673,658.8134781468158,521.8484498409181
2025-03-09 10:00:00+00:00,3975.007137107999,1313.9237502913766,2661.0833868166224,798.0663844158078,515.8573658755688
2025-03-09 11:00:00+00:00,4082.7382120140014,1390.2300376696437,2692.508174344358,881.2025210146643,509.02751665497937
2025-03-09 12:00:00+00:00,4199.543166714002,1405.7747440134708,2793.768422700531,904.0630628607767,501.7116811526941
2025-03-09 13:00:00+00:00,4317.274421502001,1360.6253378538681,2956.649083648133,866.3510817441174,494.2742561097506
2025-03-09 14:00:00+00:00,4427.761460178,1258.5975712822708,3169.1638888957286,771.5213390895939,487.07623219267685
2025-03-09 15:00:00+00:00,4523.366905343998,1106.937224387937,3416.429680956061,626.4768945420492,480.4603298458879
2025-03-09 16:00:00+00:00,4597.505268342001,915.836170203271,3681.66909813873,441.0992750321449,474.73689517112604
2025-03-09 17:00:00+00:00,4645.08907191,697.8109672716114,3947.2781046383884,227.63983032749144,470.17113694412
2025-03-09 18:00:00+00:00,4662.871955868,466.9722208179512,4195.8997350500495,0.0,466.9722208179512
2025-03-09 19:00:00+00:00,4649.665591787998,465.2846805738519,4184.380911214146,0.0,465.2846805738519
2025-03-09 20:00:00+00:00,4606.415597826001,465.182484291378,4141.233113534623,0.0,465.182484291378
2025-03-09 21:00:00+00:00,4536.131516028001,466.6660060694447,4069.465509958556,0.0,466.6660060694447
2025-03-09 22:00:00+00:00,4443.6756879899995,469.66202676565194,3974.0136612243477,0.0,469.66202676565194
2025-03-09 23:00:00+00:00,4335.425608625998,474.02675783929413,3861.3988507867043,0.0,474.02675783929413
2025-03-10 00:00:00+00:00,4591.456587815999,479.55177518118654,4111.9048126348125,0.0,479.55177518118654
2025-03-10 01:00:00+00:00,4474.532848631999,485.9726086021938,3988.560240029805,0.0,485.9726086021938
2025-03-10 02:00:00+00:00,4365.297450234,492.9796431939075,3872.3178070400927,0.0,492.9796431939075
2025-03-10 03:00:00+00:00,4271.225254758,500.2308823119875,3770.9943724460127,0.0,500.2308823119875
2025-03-10 04:00:00+00:00,4198.731879972,507.36604873941775,3691.365831232582,0.0,507.36604873941775
2025-03-10 05:00:00+00:00,4152.731771958001,514.0214525307393,3638.710319427262,0.0,514.0214525307393
2025-03-10 06:00:00+00:00,4136.299354152,519.8450067214682,3616.454347430532,0.0,519.8450067214682
2025-03-10 07:00:00+00:00,4150.456367399998,760.8811637796364,3389.575203620362,236.3703761668906,524.5107876127458
2025-03-10 08:00:00+00:00,4194.100069866,985.3193738707746,3208.7806959952254,457.5868419654553,527.7325319053193
2025-03-10 09:00:00+00:00,4264.077166608002,1177.2816881153858,3086.795478492616,648.0061630550658,529.27552506032
2025-03-10 10:00:00+00:00,4355.398505681999,1323.0455269540394,3032.35297872796,794.0791325436509,528.9663944103884
2025-03-10 11:00:00+00:00,4461.579901632,1412.0938938992394,3049.4860077327603,885.3934942466761,526.7003996525633
2025-03-10 12:00:00+00:00,4575.085899594001,1437.932744588999,3137.1531550050017,915.4868181177819,522.445926471217
2025-03-10 13:00:00+00:00,4687.846107293999,1398.6011028362664,3289.2450044577326,882.3551014194018,516.2460014168647
2025-03-10 14:00:00+00:00,4791.808941486,1296.8259699830562,3494.9829715029437,788.6092136568268,508.2167563262294
2025-03-10 15:00:00+00:00,4879.494916254,1139.8061803239864,3739.6887359300135,641.2632655864794,498.5429147375069
2025-03-10 16:00:00+00:00,4944.511685441998,938.6434213520254,4005.8682640899733,451.17293991634875,487.47048143567656
2025-03-10 17:00:00+00:00,4981.995609402001,707.4711506587076,4274.5244587432935,232.17422127913053,475.2969293795771
2025-03-10 18:00:00+00:00,4988.949659988,462.35929211865357,4526.590367869347,0.0,462.35929211865357
2025-03-10 19:00:00+00:00,4964.454409152002,449.0206459578518,4515.43376319415,0.0,449.0206459578518
2025-03-10 20:00:00+00:00,4909.737678342004,435.65552897184193,4474.082149370162,0.0,435.65552897184193
2025-03-10 21:00:00+00:00,4828.097838899999,422.63490829110464,4405.462930608895,0.0,422.63490829110464
2025-03-10 22:00:00+00:00,4724.685934457999,410.3112937745499,4314.374640683449,0.0,410.3112937745499
2025-03-10 23:00:00+00:00,4606.161209328,399.0046139271577,4207.156595400842,0.0,399.0046139271577
2025-03-11 00:00:00+00:00,4474.638941051999,388.9894403480965,4085.649500703902,0.0,388.9894403480965
2025-03-11 01:00:00+00:00,4349.588026182,380.4840634509415,3969.103962731059,0.0,380.4840634509415
2025-03-11 02:00:00+00:00,4233.6458603460005,373.6418881886284,3860.003972157372,0.0,373.6418881886284
2025-03-11 03:00:00+00:00,4134.4788107700015,368.5454839584564,3765.933326811545,0.0,368.5454839584564
2025-03-11 04:00:00+00:00,4058.658477804,365.2035407972785,3693.4549370067216,0.0,365.2035407972785
2025-03-11 05:00:00+00:00,4011.216038885999,363.55085607363606,3647.6651828123627,0.0,363.55085607363606
2025-03-11 06:00:00+00:00,3995.3006275559997,363.4513442835745,3631.849283272425,0.0,363.4513442835745
2025-03-11 07:00:00+00:00,4011.9648621779997,574.8479759801196,3437.1168861978804,210.14401840751532,364.7039575726043
2025-03-11 08:00:00+00:00,4060.0922738039994,772.0538332234783,3288.038440580521,405.00257204644186,367.0512611770364
2025-03-11 09:00:00+00:00,4136.47149027,942.471622774691,3193.9998674953085,572.2813005585718,370.19032221611917
2025-03-11 10:00:00+00:00,4236.0122388360005,1075.2413816976461,3160.7708571383546,701.4559193728286,373.7854623248176
2025-03-11 11:00:00+00:00,4352.088494291999,1161.7996118260933,3190.2888824659058,784.3172648382399,377.4823469878533
2025-03-11 12:00:00+00:00,4476.985471223999,1196.3195891363441,3280.6658820876555,815.3967475816204,380.92284155472373
2025-03-11 13:00:00+00:00,4602.420104688002,1176.0256647591298,3426.394439928872,792.2656444639437,383.7600202951861
2025-03-11 14:00:00+00:00,4720.099721609997,1101.3743788809816,3618.725342729015,715.7016655049395,385.67271337604205
2025-03-11 15:00:00+00:00,4822.280907318003,976.0934233063793,3846.187484011624,589.714424486544,386.3789988198354
2025-03-11 16:00:00+00:00,4902.290635242,807.0675146700999,4095.2231205719,421.4194319370533,385.6480827330466
2025-03-11 17:00:00+00:00,4954.974374825999,604.0601448272048,4350.914229998794,220.75005832459445,383.3100865026103
2025-03-11 18:00:00+00:00,4977.040698881998,379.2633261989145,4597.777372683083,0.0,379.2633261989145
2025-03-11 19:00:00+00:00,4967.279114532,373.4788076773893,4593.80030685461,0.0,373.4788076773893
2025-03-11 20:00:00+00:00,4926.636444659997,366.00173184607746,4560.63471281392,0.0,366.00173184607746
2025-03-11 21:00:00+00:00,4858.1466567479965,356.9499568677237,4501.196699880273,0.0,356.9499568677237
2025-03-11 22:00:00+00:00,4766.719042847998,346.5094838357117,4420.209559012286,0.0,346.5094838357117
2025-03-11 23:00:00+00:00,4658.799377106,334.92714040476875,4323.8722367012315,0.0,334.92714040476875
2025-03-12 00:00:00+00:00,4536.244790154001,322.5007677180416,4213.744022435959,0.0,322.5007677180416
2025-03-12 01:00:00+00:00,4418.536934238,309.5673150418202,4108.969619196179,0.0,309.5673150418202
2025-03-12 02:00:00+00:00,4308.132936953998,296.4893152765001,4011.643621677498,0.0,296.4893152765001
2025-03-12 03:00:00+00:00,4212.6396799620015,283.6403143213679,3928.9993656406336,0.0,283.6403143213679
2025-03-12 04:00:00+00:00,4138.613437266002,271.38983318540636,3867.2236040805956,0.0,271.38983318540636
2025-03-12 05:00:00+00:00,4091.1145415699993,260.08848387789106,3831.026057692108,0.0,260.08848387789106
2025-03-12 06:00:00+00:00,4073.3649403439986,250.05385641592005,3823.3110839280785,0.0,250.05385641592005
2025-03-12 07:00:00+00:00,4086.531976841998,513.1312192070222,3573.400757634976,271.57348110977205,241.55773809725017
2025-03-12 08:00:00+00:00,4129.652975826,764.8541045909283,3364.798871235072,530.0389035411974,234.81520104973083
2025-03-12 09:00:00+00:00,4199.705783784001,986.3769372756306,3213.3288465083706,756.4009363620696,229.97600091356094
2025-03-12 10:00:00+00:00,4291.820202936001,1160.7755247262064,3131.0446782097943,933.6568928046331,227.11863192157335
2025-03-12 11:00:00+00:00,4399.615904712001,1274.4252324764989,3125.190672235502,1048.1779375528583,226.24729492364045
2025-03-12 12:00:00+00:00,4515.643563816,1318.1348937672603,3197.50867004874,1090.843005991823,227.2918877754374
2025-03-12 13:00:00+00:00,4631.8990395300025,1287.9309714061767,3343.968068123826,1057.8199451820294,230.11102622414737
2025-03-12 14:00:00+00:00,4740.375387174001,1185.4177163806023,3554.9576707933984,950.9197445569209,234.4979718236813
2025-03-12 15:00:00+00:00,4833.614954406,1017.6782698508018,3815.936684555198,777.4890491669216,240.1892206838802
2025-03-12 16:00:00+00:00,4905.223715237998,796.7245989895614,4108.499116248437,549.8491978549985,246.87540113456288
2025-03-12 17:00:00+00:00,4950.312751943997,538.5461609669876,4411.766590977009,284.3321235187939,254.21403744819375
2025-03-12 18:00:00+00:00,4965.836541833996,261.84365248178995,4703.9928893522065,0.0,261.84365248178995
2025-03-12 19:00:00+00:00,4950.804934235998,269.39863552115474,4681.406298714844,0.0,269.39863552115474
2025-03-12 20:00:00+00:00,4906.354288836,276.52426686220605,4629.830021973794,0.0,276.52426686220605
2025-03-12 21:00:00+00:00,4835.672748606,282.8912758776497,4552.78147272835,0.0,282.8912758776497
2025-03-12 22:00:00+00:00,4743.784763171999,288.2093492408475,4455.575413931151,0.0,288.2093492408475
2025-03-12 23:00:00+00:00,4637.209425408001,292.23902520120424,4344.9704002067965,0.0,292.23902520120424
2025-03-13 00:00:00+00:00,4517.757373625999,294.8014948278775,4222.955878798121,0.0,294.8014948278775
2025-03-13 01:00:00+00:00,4405.047921456,295.7859028532285,4109.262018602772,0.0,295.7859028532285
2025-03-13 02:00:00+00:00,4301.403173634,295.15385386429983,4006.2493197697004,0.0,295.15385386429983
2025-03-13 03:00:00+00:00,4214.328322596001,292.9409338355564,3921.387388760445,0.0,292.9409338355564
2025-03-13 04:00:00+00:00,4150.237442022,289.2551952500773,3860.982246771923,0.0,289.2551952500773
2025-03-13 05:00:00+00:00,4114.011389838,284.2726546047087,3829.7387352332908,0.0,284.2726546047087
2025-03-13 06:00:00+00:00,4108.659508716,278.2299952632416,3830.429513452759,0.0,278.2299952632416
2025-03-13 07:00:00+00:00,4135.10832357,535.0711088975294,3600.0372146724703,263.65633381291565,271.4147750846137
2025-03-13 08:00:00+00:00,4192.131709752,770.7569435955027,3421.3747661564967,506.6034077513509,264.1535358441517
2025-03-13 09:00:00+00:00,4276.427520539998,969.882199801035,3306.5453207389633,713.0838996160502,256.7983001849848
2025-03-13 10:00:00+00:00,4382.835558066,1119.629813859169,3263.205744206831,869.9177966111681,249.71201724800082
2025-03-13 11:00:00+00:00,4504.682206121998,1210.5112971919991,3294.1709089299993,967.2577524475479,243.25354474445118
2025-03-13 12:00:00+00:00,4634.228376876,1236.896077886537,3397.332298989463,999.133291599538,237.7627862869989
2025-03-13 13:00:00+00:00,4763.190449682001,1197.3132151884513,3565.8772344935496,963.7666220046843,233.54659318376687
2025-03-13 14:00:00+00:00,4883.2987643159995,1094.5180677883247,3788.780696527675,863.652062636699,230.86600515162564
2025-03-13 15:00:00+00:00,4986.855838482003,935.3241215182178,4051.5317169637847,705.3987636907906,229.92535782742723
2025-03-13 16:00:00+00:00,5067.256292784001,730.2071583353588,4337.049134448642,499.3434598806008,230.863698454758
2025-03-13 17:00:00+00:00,5119.433202450002,492.69625002798114,4626.73695242202,258.9473883626322,233.74886166534895
2025-03-13 18:00:00+00:00,5140.200570960002,238.57445598662932,4901.626114973373,0.0,238.57445598662932
2025-03-13 19:00:00+00:00,5128.468526705998,245.25987271363755,4883.20865399236,0.0,245.25987271363755
2025-03-13 20:00:00+00:00,5085.316785948,253.65332675652675,4831.6634591914735,0.0,253.65332675652675
2025-03-13 21:00:00+00:00,5013.921219551998,263.53780303893205,4750.383416513066,0.0,263.53780303893205
2025-03-13 22:00:00+00:00,4919.338630878,274.6396607730175,4644.698970104982,0.0,274.6396607730175
2025-03-13 23:00:00+00:00,4808.164328813997,286.6395533033011,4521.524775510696,0.0,286.6395533033011
2025-03-14 00:00:00+00:00,4682.252741837999,299.1852066158412,4383.067535222158,0.0,299.1852066158412
2025-03-14 01:00:00+00:00,4561.5296511120005,311.9055397239655,4249.624111388035,0.0,311.9055397239655
2025-03-14 02:00:00+00:00,4448.435771933998,324.42555321363056,4124.010218720367,0.0,324.42555321363056
2025-03-14 03:00:00+00:00,4350.7003973579995,336.38136491463854,4014.319032443361,0.0,336.38136491463854
2025-03-14 04:00:00+00:00,4274.987471832,347.43478718978474,3927.552684642215,0.0,347.43478718978474
2025-03-14 05:00:00+00:00,4226.447631756001,357.2868521632218,3869.1607795927794,0.0,357.2868521632218
2025-03-14 06:00:00+00:00,4208.373589644,365.6897200430392,3842.683869600961,0.0,365.6897200430392
2025-03-14 07:00:00+00:00,4221.982175921998,641.3721150986621,3580.6100608233355,268.91561846851937,372.45649663014274
2025-03-14 08:00:00+00:00,4266.33773265,895.8920209768448,3370.4457116731555,518.4234749859237,377.46854599092114
2025-03-14 09:00:00+00:00,4338.421941083999,1111.5123508077083,3226.90959027629,730.8323401117932,380.68001069591514
2025-03-14 10:00:00+00:00,4433.345149632001,1273.3416534712424,3160.003496160759,891.2223023748611,382.1193510963812
2025-03-14 11:00:00+00:00,4544.684673354001,1370.4741097140811,3174.210563639919,988.5862703966868,381.8878393173943
2025-03-14 12:00:00+00:00,4664.926920654002,1396.8114414009924,3268.1154792530097,1016.6563742874292,380.15506711356323
2025-03-14 13:00:00+00:00,4785.983012621999,1351.4950116377863,3434.4880009842122,974.3433451717551,377.1516664660313
2025-03-14 14:00:00+00:00,4899.742805201999,1238.9122315807722,3660.8305736212264,865.7527106734655,373.1595209073068
2025-03-14 15:00:00+00:00,4998.629344043996,1068.2809928818654,3930.3483511621307,699.7811024135152,368.4998904683502
2025-03-14 16:00:00+00:00,5076.116032176003,852.8548811903794,4223.261150985623,489.3349666457844,363.519914544595
2025-03-14 17:00:00+00:00,5127.171170393999,608.8261576971906,4518.345012696808,250.24808834207224,358.5780693551184
2025-03-14 18:00:00+00:00,5148.599624909999,354.02915445120163,4794.570470458797,0.0,354.02915445120163
2025-03-14 19:00:00+00:00,5139.258320952001,350.20944187659313,4789.048879075408,0.0,350.20944187659313
2025-03-14 20:00:00+00:00,5100.130957109998,347.4225779615564,4752.708379148442,0.0,347.4225779615564
2025-03-14 21:00:00+00:00,5034.256905174,345.92683660469856,4688.330068569301,0.0,345.92683660469856
2025-03-14 22:00:00+00:00,4946.5192289100005,345.9242282628559,4600.595000647145,0.0,345.9242282628559
2025-03-14 23:00:00+00:00,4843.306380317998,347.5519185951507,4495.754461722848,0.0,347.5519185951507
2025-03-15 00:00:00+00:00,4348.016310036001,350.8763116376605,3997.139998398341,0.0,350.8763116376605
2025-03-15 01:00:00+00:00,4236.759954966002,355.89003483231977,3880.869920133682,0.0,355.89003483231977
2025-03-15 02:00:00+00:00,4133.482381938,362.51195233478677,3770.9704296032132,0.0,362.51195233478677
2025-03-15 03:00:00+00:00,4045.62863607,370.5902043832966,3675.0384316867035,0.0,370.5902043832966
2025-03-15 04:00:00+00:00,3979.575092387999,379.9081566543329,3599.6669357336664,0.0,379.9081566543329
2025-03-15 05:00:00+00:00,3940.188338729999,390.19300379834823,3549.9953349316506,0.0,390.19300379834823
2025-03-15 06:00:00+00:00,3930.4872665100006,401.1266826296562,3529.360583880344,0.0,401.1266826296562
2025-03-15 07:00:00+00:00,3951.431628228003,620.9482164650386,3330.4834117629644,208.58956065413943,412.35865581089917
2025-03-15 08:00:00+00:00,4001.8515227039998,823.708110981639,3178.1434117223607,400.1880853967951,423.520025584844
2025-03-15 09:00:00+00:00,4078.522775418001,997.3090743064117,3081.213701111589,563.0706579012775,434.2384164051342
2025-03-15 10:00:00+00:00,4176.383212637998,1131.5641952388469,3044.8190173991516,687.411186109992,444.1530091288549
2025-03-15 11:00:00+00:00,4288.875050207998,1218.6741463804226,3070.2009038275755,765.745032510698,452.9291138697246
2025-03-15 12:00:00+00:00,4408.3902823379985,1253.587500481768,3154.8027818562305,793.3158163451969,460.27168413657114
2025-03-15 13:00:00+00:00,4526.788625562001,1234.2435012695555,3292.545124292445,768.3062783316228,465.93722293793263
2025-03-15 14:00:00+00:00,4635.952779570002,1161.6943441610904,3474.258435408912,691.9507542207153,469.7435899403751
2025-03-15 15:00:00+00:00,4728.343195968002,1040.1001209741069,3688.243074993895,568.5228149655339,471.577306008573
2025-03-15 16:00:00+00:00,4797.514414518,876.5859838297026,3920.9284306882973,405.18791703965707,471.3980667900455
2025-03-15 17:00:00+00:00,4838.557817646,680.9498043795902,4157.60801326641,211.70953495641055,469.24026942317965
2025-03-15 18:00:00+00:00,4848.440494128,465.2114939617924,4383.229000166208,0.0,465.2114939617924
2025-03-15 19:00:00+00:00,4826.217025182002,459.48800753421625,4366.729017647785,0.0,459.48800753421625
2025-03-15 20:00:00+00:00,4773.099659874,452.3074642391742,4320.792195634826,0.0,452.3074642391742
2025-03-15 21:00:00+00:00,4692.381950634001,443.959111295329,4248.422839338672,0.0,443.959111295329
2025-03-15 22:00:00+00:00,4589.220901103999,434.7718940265704,4154.449007077428,0.0,434.7718940265704
2025-03-15 23:00:00+00:00,4470.292354542002,425.10095355275456,4045.191400989247,0.0,425.10095355275456
2025-03-16 00:00:00+00:00,4337.366115768002,415.31306059044516,3922.0530551775564,0.0,415.31306059044516
2025-03-16 01:00:00+00:00,4210.691944451999,405.7715960468668,3804.9203484051322,0.0,405.7715960468668
2025-03-16 02:00:00+00:00,4092.5799531960015,396.8216757824123,3695.758277413589,0.0,396.8216757824123
2025-03-16 03:00:00+00:00,3990.749114268,388.7760472294094,3601.9730670385907,0.0,388.7760472294094
2025-03-16 04:00:00+00:00,3911.829953640001,381.90231605821657,3529.9276375817844,0.0,381.90231605821657
2025-03-16 05:00:00+00:00,3860.9175672059996,376.41204703452274,3484.5055201714767,0.0,376.41204703452274
2025-03-16 06:00:00+00:00,3841.228468433997,372.4521597443011,3468.7763086896957,0.0,372.4521597443011
2025-03-16 07:00:00+00:00,3853.884573,622.9575208911353,3230.9270521088647,252.85852316984935,370.098997721286
2025-03-16 08:00:00+00:00,3897.8389892400005,862.0074955945529,3035.8314936454476,492.6522006018268,369.3552949927261
2025-03-16 09:00:00+00:00,3969.948636947999,1072.0553174968713,2897.893319451128,701.9051465927676,370.15017090410373
2025-03-16 10:00:00+00:00,4065.1886380559986,1237.4486895508348,2827.7399485051637,865.1065370673431,372.3421524834919
2025-03-16 11:00:00+00:00,4176.994001249999,1345.6707101940617,2831.3232910559373,969.9456078372881,375.7251023567736
2025-03-16 12:00:00+00:00,4297.705197408001,1388.341220574298,2909.3639768337034,1008.3044130774533,380.03680749684474
2025-03-16 13:00:00+00:00,4419.087435545999,1361.889323419823,3057.198112126176,976.9194509681172,384.9698724517059
2025-03-16 14:00:00+00:00,4532.8882185719995,1267.8382092003478,3265.050009371652,877.6537283511951,390.1844808491527
2025-03-16 15:00:00+00:00,4631.395348692,1112.6795617102955,3518.7157869817047,717.3570673682427,395.3224943420528
2025-03-16 16:00:00+00:00,4707.957403842,907.3527061824589,3800.6046976595408,507.3303909051603,400.02231527729856
2025-03-16 17:00:00+00:00,4757.431383222001,666.3792419510648,4091.0521412709368,262.44534324247036,403.9338987085945
2025-03-16 18:00:00+00:00,4776.527166179999,406.7333089844787,4369.79385719552,0.0,406.7333089844787
2025-03-16 19:00:00+00:00,4764.025368606,408.13621392499874,4355.889154681001,0.0,408.13621392499874
2025-03-16 20:00:00+00:00,4720.854046776,407.90977392181696,4312.9442728541835,0.0,407.90977392181696
2025-03-16 21:00:00+00:00,4650.019030986002,405.8824232201204,4244.136607765881,0.0,405.8824232201204
2025-03-16 22:00:00+00:00,4556.392915746,401.95116484746495,4154.441750898535,0.0,401.95116484746495
2025-03-16 23:00:00+00:00,4446.377154785999,396.08606127940755,4050.291093506591,0.0,396.08606127940755
2025-03-17 00:00:00+00:00,4699.563134868001,388.3317389677522,4311.231395900249,0.0,388.3317389677522
2025-03-17 01:00:00+00:00,4579.806494759999,378.8058586752229,4201.000636084776,0.0,378.8058586752229
2025-03-17 02:00:00+00:00,4467.2897566500005,367.6945974547722,4099.595159195228,0.0,367.6945974547722
2025-03-17 03:00:00+00:00,4369.557958079998,355.24533006230763,4014.3126280176903,0.0,355.24533006230763
2025-03-17 04:00:00+00:00,4293.104947782,341.7568210590487,3951.348126722951,0.0,341.7568210590487
2025-03-17 05:00:00+00:00,4242.929608848,327.5673127923182,3915.3622960556813,0.0,327.5673127923182
2025-03-17 06:00:00+00:00,4222.195039482002,313.0409994278517,3909.1540400541508,0.0,313.0409994278517
2025-03-17 07:00:00+00:00,4232.013831444,556.0625349938784,3675.951296450122,257.50907793996873,298.5534570539097
2025-03-17 08:00:00+00:00,4271.374106537999,783.0111706706127,3488.362935867386,498.53457448976695,284.4765961808458
2025-03-17 09:00:00+00:00,4337.211350639997,978.372959639144,3358.8383910008533,707.2091790501379,271.1637805890062
2025-03-17 10:00:00+00:00,4424.621022737999,1128.5760354674999,3296.044987270499,869.640332960454,258.9357025070458
2025-03-17 11:00:00+00:00,4527.197405892,1222.8265677090494,3304.37083818295,974.7589658242857,248.06760188476366
2025-03-17 12:00:00+00:00,4637.475526067999,1253.8015242797437,3383.6740017882557,1015.0231799484435,238.7783443313002
2025-03-17 13:00:00+00:00,4747.445846724001,1218.1619657485223,3529.2838809754785,986.940149647758,231.2218161007644
2025-03-17 14:00:00+00:00,4849.106594177998,1116.853676371883,3732.252917806115,891.3727082892534,225.4809680826296
2025-03-17 15:00:00+00:00,4935.015892086001,955.1667631930189,3979.849128892982,733.6019823241836,221.56478086883536
2025-03-17 16:00:00+00:00,4998.805921536001,742.5335163325626,4256.272405203438,523.1252752372046,219.40824109535797
2025-03-17 17:00:00+00:00,5035.623927852001,492.05532615468394,4543.568601697317,273.17996826272326,218.87535789196068
2025-03-17 18:00:00+00:00,5042.469875309999,219.7650804468502,4822.704794863149,0.0,219.7650804468502
2025-03-17 19:00:00+00:00,5018.407529057999,221.81987418733846,4796.587654870661,0.0,221.81987418733846
2025-03-17 20:00:00+00:00,4964.6344862939995,224.73660957197944,4739.89787672202,0.0,224.73660957197944
2025-03-17 21:00:00+00:00,4884.406235981999,228.1793162019999,4656.226919779999,0.0,228.1793162019999
2025-03-17 22:00:00+00:00,4782.8192441819965,231.79327067668805,4551.025973505309,0.0,231.79327067668805
2025-03-17 23:00:00+00:00,4666.467835637998,235.2198563050421,4431.247979332956,0.0,235.2198563050421
2025-03-18 00:00:00+00:00,4536.884585561999,238.11157068260235,4298.773014879397,0.0,238.11157068260235
2025-03-18 01:00:00+00:00,4414.47539316,240.14657414688764,4174.3288190131125,0.0,240.14657414688764
2025-03-18 02:00:00+00:00,4301.28267114,241.04218543272296,4060.2404857072775,0.0,241.04218543272296
2025-03-18 03:00:00+00:00,4204.883607162003,240.5667596824559,3964.3168474795466,0.0,240.5667596824559
2025-03-18 04:00:00+00:00,4131.759557267999,238.5494785997778,3893.2100786682213,0.0,238.5494785997778
2025-03-18 05:00:00+00:00,4086.8525575079993,234.8876335493528,3851.9649239586465,0.0,234.8876335493528
2025-03-18 06:00:00+00:00,4073.225777292002,229.5511206584063,3843.6746566335955,0.0,229.5511206584063
2025-03-18 07:00:00+00:00,4091.8511266920004,519.6721354236734,3572.178991268327,297.0881893393774,222.58394608429597
2025-03-18 08:00:00+00:00,4141.538546544001,788.0330074924761,3353.5055390515254,573.9303096646388,214.10269782783737
2025-03-18 09:00:00+00:00,4219.011952974,1015.9520498782761,3203.0599030957246,811.6600273409458,204.2920225373303
2025-03-18 10:00:00+00:00,4319.126788368,1185.0304094215412,3134.096378946459,991.6330869744111,193.3973224471301
2025-03-18 11:00:00+00:00,4435.214446320001,1281.9840261839704,3153.2304201360307,1100.269088315203,181.71493786876758
2025-03-18 12:00:00+00:00,4559.530281978,1301.2561302278161,3258.2741517501836,1131.6758832268613,169.58024700095476
2025-03-18 13:00:00+00:00,4683.774830826001,1241.9798821984882,3441.7949486275124,1084.625737061312,157.35414513717615
2025-03-18 14:00:00+00:00,4799.652861864,1109.1256019944847,3690.5272598695155,963.717127224684,145.40847476980073
2025-03-18 15:00:00+00:00,4899.432324738,913.0148177064834,3986.4175070315164,778.9038270482929,134.1109906581906
2025-03-18 16:00:00+00:00,4976.4652588559975,668.4145285469201,4308.050730309077,544.6040432163859,123.81048533053426
2025-03-18 17:00:00+00:00,5025.635307419998,393.3020311194739,4632.333276300524,278.4793631606823,114.82266795879164
2025-03-18 18:00:00+00:00,5043.701467896001,107.41739693939651,4936.284070956604,0.0,107.41739693939651
2025-03-18 19:00:00+00:00,5029.514760647999,101.80776596403874,4927.70699468396,0.0,101.80776596403874
2025-03-18 20:00:00+00:00,4984.0931850780025,98.14150713787662,4885.951677940126,0.0,98.14150713787662
2025-03-18 21:00:00+00:00,4910.54988984,96.49505123510272,4814.054838604898,0.0,96.49505123510272
2025-03-18 22:00:00+00:00,4813.879554204,96.87049572334959,4717.00905848065,0.0,96.87049572334959
2025-03-18 23:00:00+00:00,4700.617534872,99.19560254571198,4601.421932326288,0.0,99.19560254571198
2025-03-19 00:00:00+00:00,4572.215978735999,103.32682270308193,4468.889156032917,0.0,103.32682270308193
2025-03-19 01:00:00+00:00,4449.241633158005,109.05522564802023,4340.186407509985,0.0,109.05522564802023
2025-03-19 02:00:00+00:00,4333.744516752,116.11509173058819,4217.629425021411,0.0,116.11509173058819
2025-03-19 03:00:00+00:00,4233.416885669999,124.19481651632894,4109.22206915367,0.0,124.19481651632894
2025-03-19 04:00:00+00:00,4154.894207814,132.94967820556462,4021.944529608435,0.0,132.94967820556462
2025-03-19 05:00:00+00:00,4103.307992406,142.0159395359776,3961.292052870023,0.0,142.0159395359776
2025-03-19 06:00:00+00:00,4081.9417001580005,151.02572819538463,3930.915971962616,0.0,151.02572819538463
2025-03-19 07:00:00+00:00,4092.0130820100007,390.8107984106929,3701.202283599308,231.18874440088697,159.6220540098059
2025-03-19 08:00:00+00:00,4132.597661934002,610.4157951509751,3522.1818667830266,442.9424126149921,167.47338253598292
2025-03-19 09:00:00+00:00,4200.698326944,796.4505343006972,3404.2477926433025,622.1633947120803,174.2871395886169
2025-03-19 10:00:00+00:00,4291.4562605460005,937.7883123971706,3353.66794814883,757.9667002274816,179.8216121696889
2025-03-19 11:00:00+00:00,4398.488576244,1026.1241037207246,3372.3644725232753,842.2283503119255,183.8957534087992
2025-03-19 12:00:00+00:00,4514.329540685999,1056.3856922164541,3457.9438484695447,869.989203634554,186.3964885819001
2025-03-19 13:00:00+00:00,4630.945153716001,1026.989676099923,3603.9554776160785,839.7064547971502,187.28322130277272
2025-03-19 14:00:00+00:00,4740.2858937,939.9345893107495,3800.351304389251,753.3452253830698,186.5893639276798
2025-03-19 15:00:00+00:00,4834.8398191800015,800.7231239729172,4034.1166952070844,616.3023020356858,184.4208219372314
2025-03-19 16:00:00+00:00,4908.148200941998,618.106300257745,4290.041900684253,437.15480142294825,180.95149883479678
2025-03-19 17:00:00+00:00,4955.248535286003,403.6460460635286,4551.602489222474,227.2300448458684,176.41600121766024
2025-03-19 18:00:00+00:00,4973.01457002,171.09984862320033,4801.9147213968,0.0,171.09984862320033
2025-03-19 19:00:00+00:00,4960.370211552003,165.32758738608808,4795.042624165914,0.0,165.32758738608808
2025-03-19 20:00:00+00:00,4918.362669695999,159.44929276498175,4758.913376931017,0.0,159.44929276498175
2025-03-19 21:00:00+00:00,4850.089860083999,153.82601679046073,4696.263843293538,0.0,153.82601679046073
2025-03-19 22:00:00+00:00,4760.487031566002,148.81477181628233,4611.672259749719,0.0,148.81477181628233
2025-03-19 23:00:00+00:00,4655.987245013999,144.75367302571118,4511.233571988288,0.0,144.75367302571118
2025-03-20 00:00:00+00:00,4537.83597708,141.94784392219717,4395.888133157802,0.0,141.94784392219717
2025-03-20 01:00:00+00:00,4426.547378568001,140.6566570426633,4285.8907215253375,0.0,140.6566570426633
2025-03-20 02:00:00+00:00,4323.8943255059985,141.08284738334666,4182.811478122652,0.0,141.08284738334666
2025-03-20 03:00:00+00:00,4237.327453968,143.36392808655143,4093.9635258814483,0.0,143.36392808655143
2025-03-20 04:00:00+00:00,4173.217946771999,147.56627361531838,4025.6516731566803,0.0,147.56627361531838
2025-03-20 05:00:00+00:00,4136.416454562,153.68210182502284,3982.7343527369767,0.0,153.68210182502284
2025-03-20 06:00:00+00:00,4129.91552169,161.6294894892191,3968.286032200781,0.0,161.6294894892191
2025-03-20 07:00:00+00:00,4154.6386654920025,417.13260544066964,3737.506060051333,245.87718859689426,171.25541684377535
2025-03-20 08:00:00+00:00,4209.370659018002,657.8539454692228,3551.516713548779,475.51223518061136,182.3417102886115
2025-03-20 09:00:00+00:00,4290.833895516,867.1910667891871,3423.6428287268127,672.577412733182,194.61365405600506
2025-03-20 10:00:00+00:00,4393.905790932,1030.852715281444,3363.053075650556,823.1018052270274,207.75091005441658
2025-03-20 11:00:00+00:00,4511.962551348,1137.9267791719685,3374.035772176031,916.5264827942927,221.4002963776757
2025-03-20 12:00:00+00:00,4637.325961631997,1181.6736714851984,3455.652290146799,946.4837600978584,235.18991138734
2025-03-20 13:00:00+00:00,4761.782898935998,1159.9814764636603,3601.8014224723374,911.2374542056061,248.74402225805417
2025-03-20 14:00:00+00:00,4877.142180036002,1075.4512658381354,3801.6909141978667,813.7531644500425,261.69810138809305
2025-03-20 15:00:00+00:00,4975.790954778001,935.1153766396983,4040.6755781383026,661.40196925456,273.7134073851384
2025-03-20 16:00:00+00:00,5051.212633067999,749.8243016268161,4301.388331441183,465.33379502880223,284.49050659801395
2025-03-20 17:00:00+00:00,5098.431200436,533.3656147675606,4565.065585668439,239.58442667436296,293.78118809319767
2025-03-20 18:00:00+00:00,5114.351498550002,301.3982730311166,4812.953225518886,0.0,301.3982730311166
2025-03-20 19:00:00+00:00,5097.97237299,307.2229362107242,4790.749436779275,0.0,307.2229362107242
2025-03-20 20:00:00+00:00,5050.457998236002,311.2092233508656,4739.248774885136,0.0,311.2092233508656
2025-03-20 21:00:00+00:00,4975.062497328002,313.38558814886414,4661.6769091791375,0.0,313.38558814886414
2025-03-20 22:00:00+00:00,4876.912878726,313.8533877522755,4563.059490973724,0.0,313.8533877522755
2025-03-20 23:00:00+00:00,4762.664967690002,312.7823928325809,4449.882574857422,0.0,312.7823928325809
2025-03-21 00:00:00+00:00,4633.750829484002,310.4035015282545,4323.3473279557475,0.0,310.4035015282545
2025-03-21 01:00:00+00:00,4511.07691083,306.99895742352714,4204.077953406473,0.0,306.99895742352714
2025-03-21 02:00:00+00:00,4396.6361499899995,302.8904663628887,4093.745683627111,0.0,302.8904663628887
2025-03-21 03:00:00+00:00,4298.1681268679995,298.4257052317156,3999.742421636284,0.0,298.4257052317156
2025-03-21 04:00:00+00:00,4222.3331293079955,293.9637727615091,3928.3693565464864,0.0,293.9637727615091
2025-03-21 05:00:00+00:00,4174.264248797999,289.86017751710705,3884.4040712808924,0.0,289.86017751710705
2025-03-21 06:00:00+00:00,4157.223210042001,286.451983360317,3870.7712266816834,0.0,286.451983360317
2025-03-21 07:00:00+00:00,4172.383104204,519.2624887372729,3653.120615466727,235.21877453600433,284.0437142012685
2025-03-21 08:00:00+00:00,4218.7528176780015,740.4921431530553,3478.2606745249464,457.5975425267473,282.894600626308
2025-03-21 09:00:00+00:00,4293.248144975999,935.7761567259205,3357.4719882500785,652.5684707953396,283.20768593058085
2025-03-21 10:00:00+00:00,4390.904660772001,1092.0852439884209,3298.81941678358,806.9639933117255,285.1212506766954
2025-03-21 11:00:00+00:00,4505.217754380001,1198.5304564718822,3306.6872979081186,909.8275716923788,288.70288477950334
2025-03-21 12:00:00+00:00,4628.586673830001,1247.0957649781026,3381.4909088518984,953.149290964449,293.9464740136536
2025-03-21 13:00:00+00:00,4752.832194096,1233.2540978807401,3519.5780962152603,932.4818860379331,300.7722118428069
2025-03-21 14:00:00+00:00,4869.752713601999,1156.418721172454,3713.333992429545,847.3890860805944,309.0296350918597
2025-03-21 15:00:00+00:00,4971.680872493998,1020.1817560998866,3951.4991163941118,701.6781879725527,318.5035681273339
2025-03-21 16:00:00+00:00,5052.002811618002,832.2972911114978,4219.705520506504,503.3745647184001,328.9227263930977
2025-03-21 17:00:00+00:00,5105.604766038001,604.3786624904534,4501.226103547548,264.4080336295216,339.9706288609318
2025-03-21 18:00:00+00:00,5129.216620374002,351.2983721037596,4777.918248270242,0.0,351.2983721037596
2025-03-21 19:00:00+00:00,5121.629162831998,362.5387462454215,4759.090416586576,0.0,362.5387462454215
2025-03-21 20:00:00+00:00,5083.770330912001,373.32111167681893,4710.449219235182,0.0,373.32111167681893
2025-03-21 21:00:00+00:00,5018.635409298002,383.2864317698281,4635.348977528174,0.0,383.2864317698281
2025-03-21 22:00:00+00:00,4931.076070956002,392.10184055521,4538.974230400791,0.0,392.10184055521
2025-03-21 23:00:00+00:00,4827.462786048,399.4741539037827,4427.988632144218,0.0,399.4741539037827
2025-03-22 00:00:00+00:00,4330.730257601998,405.1617726737187,3925.5684849282798,0.0,405.1617726737187
2025-03-22 01:00:00+00:00,4217.9173430519995,408.98448469358107,3808.9328583584183,0.0,408.98448469358107
2025-03-22 02:00:00+00:00,4112.533421891999,410.83076708442616,3701.702654807573,0.0,410.83076708442616
2025-03-22 03:00:00+00:00,4022.06004165,410.66229688723655,3611.3977447627635,0.0,410.66229688723655
2025-03-22 04:00:00+00:00,3952.922309447999,408.5154688990327,3544.406840548966,0.0,408.5154688990327
2025-03-22 05:00:00+00:00,3910.046591388,404.4998815333907,3505.546709854609,0.0,404.4998815333907
2025-03-22 06:00:00+00:00,3896.5212331500015,398.7938291503133,3497.7274039996882,0.0,398.7938291503133
2025-03-22 07:00:00+00:00,3913.383424943999,694.5980847129463,3218.785340231053,302.9610827608416,391.63700195210475
2025-03-22 08:00:00+00:00,3959.5468838939987,968.5965578708856,2990.950326023113,585.2758694345952,383.3206884362905
2025-03-22 09:00:00+00:00,4031.875257605999,1201.8809482847644,2829.994309321235,827.7050730791415,374.17587520562296
2025-03-22 10:00:00+00:00,4125.396294264001,1378.287282899947,2747.109011364054,1013.7275426770816,364.55974022286546
2025-03-22 11:00:00+00:00,4233.642148596001,1485.5072409728648,2748.1349076231363,1130.6661558399833,354.8410851328815
2025-03-22 12:00:00+00:00,4349.09261997,1515.9370465931934,2833.1555733768064,1170.5517388691903,345.3853077240031
2025-03-22 13:00:00+00:00,4463.691009288002,1467.2056854878247,2996.485323800177,1130.6661558399833,336.5395296478415
2025-03-22 14:00:00+00:00,4569.397445466004,1337.759754183067,3231.637691282937,1009.1412737135531,328.6184804695138
2025-03-22 15:00:00+00:00,4658.741762262002,1140.352973072329,3518.3887891896734,818.4612450419613,321.8917280303677
2025-03-22 16:00:00+00:00,4725.338256492001,890.9417146968271,3834.396541795174,574.3689457421083,316.5727689547188
2025-03-22 17:00:00+00:00,4764.326974806,607.653268227306,4156.673706578695,294.842840155872,312.81042807143393
2025-03-22 18:00:00+00:00,4772.711436276,310.6829171908448,4462.0285190851555,0.0,310.6829171908448
2025-03-22 19:00:00+00:00,4749.5695573620005,310.19480017185015,4439.37475719015,0.0,310.19480017185015
2025-03-22 20:00:00+00:00,4696.123237679999,311.2769855286565,4384.846252151343,0.0,311.2769855286565
2025-03-22 21:00:00+00:00,4615.661787660001,313.78974435918,4301.872043300821,0.0,313.78974435918
2025-03-22 22:00:00+00:00,4513.324123056002,317.52863530296224,4195.795487753039,0.0,317.52863530296224
2025-03-22 23:00:00+00:00,4395.754590276,322.2330858971136,4073.5215043788867,0.0,322.2330858971136
2025-03-23 00:00:00+00:00,4264.232504406003,327.59729097968665,3936.635213426316,0.0,327.59729097968665
2025-03-23 01:00:00+00:00,4139.844308712,333.28296310447763,3806.5613456075225,0.0,333.28296310447763
2025-03-23 02:00:00+00:00,4024.3875634200003,338.9334314863038,3685.4541319336968,0.0,338.9334314863038
2025-03-23 03:00:00+00:00,3925.506123462,344.18850097332614,3581.317622488674,0.0,344.18850097332614
2025-03-23 04:00:00+00:00,3849.7482921240016,348.69946332051086,3501.048828803491,0.0,348.69946332051086
2025-03-23 05:00:00+00:00,3802.1217588900017,352.1436486023695,3449.9781102876323,0.0,352.1436486023695
2025-03-23 06:00:00+00:00,3785.7524620439995,354.237919389635,3431.5145426543645,0.0,354.237919389635
2025-03-23 07:00:00+00:00,3801.670698546,617.3232959409214,3184.3474026050785,262.5727442241397,354.75055171678173
2025-03-23 08:00:00+00:00,3848.7390609360004,858.7794424523825,2989.959618483618,505.26842017383984,353.5110222785426
2025-03-23 09:00:00+00:00,3923.727109260001,1062.8938746507615,2860.8332346092393,712.4765786852674,350.4172959654942
2025-03-23 10:00:00+00:00,4021.527874266,1216.3562654361335,2805.1716088298663,870.9159540817258,345.44031135440775
2025-03-23 11:00:00+00:00,4135.501387290001,1309.040748536826,2826.460638753175,970.415255907072,338.6254926297539
2025-03-23 12:00:00+00:00,4257.922041576,1334.6194898844733,2923.302551691527,1004.5282795773343,330.09121030713914
2025-03-23 13:00:00+00:00,4380.499382616,1290.9755364503535,3089.5238461656463,970.9512732377397,320.0242632126139
2025-03-23 14:00:00+00:00,4494.93697044,1180.3869475815993,3314.5500228584006,871.7143847288963,308.6725628527029
2025-03-23 15:00:00+00:00,4593.491390375997,1009.4603577381874,3584.0310326378094,713.125041093336,296.3353166448514
2025-03-23 16:00:00+00:00,4669.493480316,788.8015437405923,3880.6919365754084,505.45042414574687,283.3511195948454
2025-03-23 17:00:00+00:00,4717.796353787999,532.4237027434237,4185.372651044575,262.33927293565,270.08442980777374
2025-03-23 18:00:00+00:00,4735.11994368,256.9109897202287,4478.208953959771,0.0,256.9109897202287
2025-03-23 19:00:00+00:00,4720.268638050002,244.20278525380752,4476.065852796194,0.0,244.20278525380752
2025-03-23 20:00:00+00:00,4674.207385848,232.31316244503458,4441.8942234029655,0.0,232.31316244503458
2025-03-23 21:00:00+00:00,4599.9911906339985,221.5626989270471,4378.428491706952,0.0,221.5626989270471
2025-03-23 22:00:00+00:00,4502.552921496002,212.22642763838684,4290.326493857616,0.0,212.22642763838684
2025-03-23 23:00:00+00:00,4388.363999711999,204.52291180389332,4183.841087908106,0.0,204.52291180389332
2025-03-24 00:00:00+00:00,4636.660476671999,198.60563918100513,4438.054837490994,0.0,198.60563918100513
2025-03-24 01:00:00+00:00,4512.248894832,194.55707196476305,4317.691822867237,0.0,194.55707196476305
2025-03-24 02:00:00+00:00,4394.966897538002,192.38560594030457,4202.581291597698,0.0,192.38560594030457
2025-03-24 03:00:00+00:00,4292.450127209999,192.02554978173822,4100.424577428261,0.0,192.02554978173822
2025-03-24 04:00:00+00:00,4211.2830798780005,193.34014445919732,4017.9429354188032,0.0,193.34014445919732
2025-03-24 05:00:00+00:00,4156.553198868,196.12747858551865,3960.425720282482,0.0,196.12747858551865
2025-03-24 06:00:00+00:00,4131.507951522001,200.12906755420806,3931.378883967793,0.0,200.12906755420806
2025-03-24 07:00:00+00:00,4137.338160564,467.5245994804677,3669.813561083532,262.48385567023854,205.04074381022917
2025-03-24 08:00:00+00:00,4173.102208044001,714.1254046949829,3458.9768033490177,503.5999944728749,210.52541022210792
2025-03-24 09:00:00+00:00,4235.796202260001,922.8104349987608,3312.9857672612407,706.5833018861579,216.22713311260293
2025-03-24 10:00:00+00:00,4320.565174212,1079.505549179067,3241.0596250329327,857.7195479480389,221.7860012310281
2025-03-24 11:00:00+00:00,4421.040783222003,1174.1742546723922,3246.8665285496104,947.3211198636557,226.8531348087364
2025-03-24 12:00:00+00:00,4529.782353432001,1201.463218090515,3328.3191353414863,970.3579789006773,231.1052391898378
2025-03-24 13:00:00+00:00,4638.791004203998,1160.9596374649173,3477.831366739081,926.701538457042,234.2580990078751
2025-03-24 14:00:00+00:00,4740.061725210003,1057.0547550077642,3683.0069702022383,820.9762936364424,236.07846137132182
2025-03-24 15:00:00+00:00,4826.135599991999,898.4439586417617,3927.691641350237,662.0501318850324,236.39382675672928
2025-03-24 16:00:00+00:00,4890.614369045999,697.3249840534787,4193.28938499252,462.2252482484936,235.09973580498513
2025-03-24 17:00:00+00:00,4928.6021704919995,468.3787000214144,4460.223470470585,236.21443485918667,232.1642651622277
2025-03-24 18:00:00+00:00,4937.044174692,227.62954088000257,4709.414633811997,0.0,227.62954088000257
2025-03-24 19:00:00+00:00,4914.939006641999,221.6102043139801,4693.328802328019,0.0,221.6102043139801
2025-03-24 20:00:00+00:00,4863.4102830599995,214.28890297517475,4649.1213800848245,0.0,214.28890297517475
2025-03-24 21:00:00+00:00,4785.632424047999,205.90897933593135,4579.723444712067,0.0,205.90897933593135
2025-03-24 22:00:00+00:00,4686.615651564001,196.764667368237,4489.850984195765,0.0,196.764667368237
2025-03-24 23:00:00+00:00,4572.864894444,187.18918569979408,4385.675708744206,0.0,187.18918569979408
2025-03-25 00:00:00+00:00,4445.40203352,177.54122865082587,4267.860804869174,0.0,177.54122865082587
2025-03-25 01:00:00+00:00,4325.384166810001,168.19039559886264,4157.1937712111385,0.0,168.19039559886264
2025-03-25 02:00:00+00:00,4214.347305545998,159.5021604828061,4054.845145063192,0.0,159.5021604828061
2025-03-25 03:00:00+00:00,4119.787733963999,151.82299878341425,3967.9647351805847,0.0,151.82299878341425
2025-03-25 04:00:00+00:00,4048.113052452002,145.46627674880926,3902.646775703193,0.0,145.46627674880926
2025-03-25 05:00:00+00:00,4004.200428396,140.6994795392246,3863.5009488567753,0.0,140.6994795392246
2025-03-25 06:00:00+00:00,3991.0585851360006,137.73330690902395,3853.3252782269765,0.0,137.73330690902395
2025-03-25 07:00:00+00:00,4009.616694594,354.96919411465694,3654.647500479343,218.25611557176532,136.7130785428916
2025-03-25 08:00:00+00:00,4058.6547024240012,562.0518928778887,3496.6028095461124,424.3390963485129,137.71279652937577
2025-03-25 09:00:00+00:00,4134.879980952002,745.737090504378,3389.1428904476243,605.0049689864984,140.7321215178796
2025-03-25 10:00:00+00:00,4233.145287378002,893.9291160742869,3339.216171303715,748.2327463129295,145.6963697613574
2025-03-25 11:00:00+00:00,4346.793260838,996.4046767501709,3350.388584087829,843.9451331369138,152.4595436132571
2025-03-25 12:00:00+00:00,4468.104207924001,1045.4940001517607,3422.61020777224,884.6837333157616,160.810266835999
2025-03-25 13:00:00+00:00,4588.816731828,1036.676511985278,3552.140219842722,866.1961341991445,170.4803777861336
2025-03-25 14:00:00+00:00,4700.685928637999,969.0409892039352,3731.6449394340634,787.8851473390273,181.15584186490793
2025-03-25 15:00:00+00:00,4796.041167918001,845.5576920460533,3950.483475871947,653.0681760657943,192.48951598025894
2025-03-25 16:00:00+00:00,4868.305584995999,673.1142146201146,4195.191370375885,468.99895086285306,204.11526375726146
2025-03-25 17:00:00+00:00,4912.441944858,462.27863839371616,4450.163306464284,246.61580761809532,215.66283077562088
2025-03-25 18:00:00+00:00,4925.294551590004,226.77287358695685,4698.521678003047,0.0,226.77287358695685
2025-03-25 19:00:00+00:00,4905.803961449999,237.11152961069155,4668.692431839308,0.0,237.11152961069155
2025-03-25 20:00:00+00:00,4855.0798349760025,246.38393201185093,4608.695902964151,0.0,246.38393201185093
2025-03-25 21:00:00+00:00,4776.326998926004,254.3461106303851,4521.9808882956195,0.0,254.3461106303851
2025-03-25 22:00:00+00:00,4674.629681190003,260.8148028361147,4413.814878353888,0.0,260.8148028361147
2025-03-25 23:00:00+00:00,4556.608595994001,265.67475880813794,4290.933837185863,0.0,265.67475880813794
2025-03-26 00:00:00+00:00,4423.388004840001,268.8832573375444,4154.504747502456,0.0,268.8832573375444
2025-03-26 01:00:00+00:00,4296.419973216001,270.47163697139376,4025.9483362446076,0.0,270.47163697139376
2025-03-26 02:00:00+00:00,4177.408962174,270.54378261255914,3906.8651795614414,0.0,270.54378261255914
2025-03-26 03:00:00+00:00,4074.097669487999,269.2716326361167,3804.8260368518822,0.0,269.2716326361167
2025-03-26 04:00:00+00:00,3993.1597707540013,266.88789283241266,3726.271877921589,0.0,266.88789283241266
2025-03-26 05:00:00+00:00,3939.7518581400027,263.6762432959389,3676.0756148440637,0.0,263.6762432959389
2025-03-26 06:00:00+00:00,3917.168811822001,259.9594589364642,3657.2093528855366,0.0,259.9594589364642
2025-03-26 07:00:00+00:00,3926.6258842020006,545.3360881785009,3381.2897960234995,289.2501758334457,256.08591234505514
2025-03-26 08:00:00+00:00,3967.1822463419962,812.8746316298538,3154.3076147121424,560.4596070305404,252.41502459931337
2025-03-26 09:00:00+00:00,4035.8109979319993,1043.3805179380986,2992.430479993901,794.0782646875102,249.30225325058842
2025-03-26 10:00:00+00:00,4127.610826121998,1220.380047642306,2907.230778479692,973.2958113333474,247.08423630895857
2025-03-26 11:00:00+00:00,4236.1446316560005,1331.3820726715646,2904.7625589844356,1085.3173749376558,246.06469773390873
2025-03-26 12:00:00+00:00,4353.882079764,1368.8074926610927,2985.0745871029076,1122.305797859541,246.50169480155182
2025-03-26 13:00:00+00:00,4472.715681882001,1330.5154506990102,3142.200231182991,1081.9187213865184,248.59672931249185
2025-03-26 14:00:00+00:00,4584.515309892,1219.8934229863462,3364.621886905654,967.407254532488,252.4861684538583
2025-03-26 15:00:00+00:00,4681.683176981999,1045.5182018976125,3636.1649750843867,787.2828746629625,258.23532723464996
2025-03-26 16:00:00+00:00,4757.671544052001,820.4315276589139,3937.240016393087,554.5960726656258,265.835454993288
2025-03-26 17:00:00+00:00,4807.427798837999,561.1045484290348,4246.323250408965,285.90079972355176,275.203748705483
2025-03-26 18:00:00+00:00,4827.736641084,286.1864012249993,4541.5502398590015,0.0,286.1864012249993
2025-03-26 19:00:00+00:00,4817.436089424,298.56454546404467,4518.8715439599555,0.0,298.56454546404467
2025-03-26 20:00:00+00:00,4777.492636896001,312.06286754022807,4465.429769355774,0.0,312.06286754022807
2025-03-26 21:00:00+00:00,4710.930596190002,326.3605214451036,4384.570074744898,0.0,326.3605214451036
2025-03-26 22:00:00+00:00,4622.620453542001,341.10391790391947,4281.516535638081,0.0,341.10391790391947
2025-03-26 23:00:00+00:00,4518.940887384,355.9208425433695,4163.02004484063,0.0,355.9208425433695
2025-03-27 00:00:00+00:00,4400.7009022619995,370.4353444369521,4030.2655578250474,0.0,370.4353444369521
2025-03-27 01:00:00+00:00,4289.172134436,384.28277547281743,3904.889358963183,0.0,384.28277547281743
2025-03-27 02:00:00+00:00,4185.717084611997,397.12436986089193,3788.592714751105,0.0,397.12436986089193
2025-03-27 03:00:00+00:00,4097.78358066,408.66076862191716,3689.1228120380824,0.0,408.66076862191716
2025-03-27 04:00:00+00:00,4031.753893986,418.64392495272494,3613.1099690332753,0.0,418.64392495272494
2025-03-27 05:00:00+00:00,3992.5034145780005,426.88692691039944,3565.616487667601,0.0,426.88692691039944
2025-03-27 06:00:00+00:00,3983.0624957340015,433.27130564898687,3549.7911900850145,0.0,433.27130564898687
2025-03-27 07:00:00+00:00,4004.404697663999,718.012871753863,3286.3918259101356,280.261313138394,437.7515586154691
2025-03-27 08:00:00+00:00,4055.375857008002,983.7227937653028,3071.6530632426993,543.3661086356051,440.35668512969767
2025-03-27 09:00:00+00:00,4132.769089637999,1212.9200714106846,2919.8490182273144,771.7313932511659,441.18867815951876
2025-03-27 10:00:00+00:00,4231.540492116,1390.2246905078312,2841.315801608169,949.8066568526908,440.4180336551403
2025-03-27 11:00:00+00:00,4345.151119007999,1503.3792919894945,2841.7718270185046,1065.1028245399916,438.2764674495028
2025-03-27 12:00:00+00:00,4466.011769310001,1544.1198503134467,2921.8919189965545,1109.072727426966,435.0471228864808
2025-03-27 13:00:00+00:00,4586.000425608002,1508.8325175493653,3077.1679080586364,1077.7798225207214,431.05269502864394
2025-03-27 14:00:00+00:00,4697.016988902001,1398.9387068197327,3298.078282082268,972.2967755144331,426.64193130529964
2025-03-27 15:00:00+00:00,4791.537525599999,1220.9614808178014,3570.5760447821976,798.7863992393962,422.1750815784051
2025-03-27 16:00:00+00:00,4863.130128653998,986.2435121415376,3876.886616512461,568.2346252724323,418.00888686910537
2025-03-27 17:00:00+00:00,4906.897247867998,710.3102195647701,4196.587028303228,295.8285013973372,414.4817181674329
2025-03-27 18:00:00+00:00,4919.814154835998,411.8994811836602,4507.914673652338,0.0,411.8994811836602
2025-03-27 19:00:00+00:00,4900.940419368001,410.5228592795649,4490.417560088436,0.0,410.5228592795649
2025-03-27 20:00:00+00:00,4851.4898388599995,410.5564187616855,4440.933420098314,0.0,410.5564187616855
2025-03-27 21:00:00+00:00,4774.753874436,412.14002752537885,4362.613846910621,0.0,412.14002752537885
2025-03-27 22:00:00+00:00,4675.883743650003,415.34292566094797,4260.5408179890555,0.0,415.34292566094797
2025-03-27 23:00:00+00:00,4561.545762227999,420.1607104825447,4141.385051745455,0.0,420.1607104825447
2025-03-28 00:00:00+00:00,4432.788200484001,426.51534096412445,4006.272859519877,0.0,426.51534096412445
2025-03-28 01:00:00+00:00,4311.2608392839975,434.2581756296485,3877.002663654349,0.0,434.2581756296485
2025-03-28 02:00:00+00:00,4198.545482249998,443.1759078615624,3755.3695743884355,0.0,443.1759078615624
2025-03-28 03:00:00+00:00,4102.338173640001,452.99917091516846,3649.339002724832,0.0,452.99917091516846
2025-03-28 04:00:00+00:00,4029.2439195539996,463.413441497281,3565.8304780567187,0.0,463.413441497281
2025-03-28 05:00:00+00:00,3984.3301198679997,474.0718160574349,3510.258303810565,0.0,474.0718160574349
2025-03-28 06:00:00+00:00,3970.7838909899997,484.6091178657479,3486.1747731242517,0.0,484.6091178657479
2025-03-28 07:00:00+00:00,3989.696580743999,788.7336483918602,3200.962932352139,294.0768739234687,494.6567744683916
2025-03-28 08:00:00+00:00,4039.9900805879997,1066.5547037485446,2973.435376839455,562.6968622189517,503.8578415295929
2025-03-28 09:00:00+00:00,4118.4899873879995,1299.1513508668752,2819.3386365211245,787.2697788786777,511.8815719881975
2025-03-28 10:00:00+00:00,4220.140575252,1471.2945354428116,2748.846039809189,952.8576148579048,518.4369205849069
2025-03-28 11:00:00+00:00,4338.346984943999,1572.494886113997,2765.852098830002,1049.2104435403746,523.2844425736224
2025-03-28 12:00:00+00:00,4465.421329572004,1597.6380099521587,2867.7833196198453,1071.3919186836347,526.246091268524
2025-03-28 13:00:00+00:00,4593.102449880001,1547.1713892643363,3045.931060615664,1019.9588666801847,527.2125225841517
2025-03-28 14:00:00+00:00,4713.113881476004,1426.8496560093645,3286.26422546664,900.7020658723706,526.1475901369939
2025-03-28 15:00:00+00:00,4817.72224626,1247.0846455712015,3570.6376006887986,723.9947728783653,523.0898726928361
2025-03-28 16:00:00+00:00,4900.258038522001,1021.9790051813145,3878.2790333406865,503.82786141920593,518.1511437621085
2025-03-28 17:00:00+00:00,4955.563491060002,768.1441927862196,4187.419298273782,256.63232589915884,511.51186688706076
2025-03-28 18:00:00+00:00,4980.337186775996,503.4138933196583,4476.923293456338,0.0,503.4138933196583
2025-03-28 19:00:00+00:00,4973.352012636,494.1506526452886,4479.201359990711,0.0,494.1506526452886
2025-03-28 20:00:00+00:00,4935.531816852002,484.05525628939563,4451.476560562606,0.0,484.05525628939563
2025-03-28 21:00:00+00:00,4869.881687369998,473.4869841183307,4396.394703251667,0.0,473.4869841183307
2025-03-28 22:00:00+00:00,4781.276746932,462.8167108468345,4318.4600360851655,0.0,462.8167108468345
2025-03-28 23:00:00+00:00,4676.124010530002,452.41187923873133,4223.71213129127,0.0,452.41187923873133
2025-03-29 00:00:00+00:00,4177.040141484,442.62161895482893,3734.418522529171,0.0,442.62161895482893
2025-03-29 01:00:00+00:00,4061.8573827299997,433.76263282112234,3628.0947499088775,0.0,433.76263282112234
2025-03-29 02:00:00+00:00,3953.7877792559993,426.106419058934,3527.6813601970653,0.0,426.106419058934
2025-03-29 03:00:00+00:00,3860.3903120579953,419.8683595736735,3440.521952484322,0.0,419.8683595736735
2025-03-29 04:00:00+00:00,3788.1736895940016,415.19911641911654,3372.9745731748853,0.0,415.19911641911654
2025-03-29 05:00:00+00:00,3742.1520788820003,412.17868761701544,3329.973391264985,0.0,412.17868761701544
2025-03-29 06:00:00+00:00,3725.503713582,410.8133685275715,3314.6903450544282,0.0,410.8133685275715
2025-03-29 07:00:00+00:00,3739.3556634,636.4572258896233,3102.898437510377,225.42148660872877,411.0357392808945
2025-03-29 08:00:00+00:00,3782.7093912300006,849.0686655190251,2933.6407257109754,436.36097985631733,412.7076856627078
2025-03-29 09:00:00+00:00,3852.512061173996,1034.9703878377318,2817.541673336264,619.3440748553559,415.6263129823758
2025-03-29 10:00:00+00:00,3943.8687615600006,1181.9395213373903,2761.92924022261,762.4069879939359,419.5325333434544
2025-03-29 11:00:00+00:00,4050.3809444280023,1279.9382159454904,2770.442728482512,855.8162629883145,424.12195295717595
2025-03-29 12:00:00+00:00,4164.588043182,1321.7730196699858,2842.815023512014,892.7153941554318,429.05762551455393
2025-03-29 13:00:00+00:00,4278.481908414001,1303.6391717156703,2974.8427366983306,869.6550220626617,433.9841496530086
2025-03-29 14:00:00+00:00,4384.058963591999,1225.5017987734188,3158.5571648185796,786.959278237988,438.5425205354309
2025-03-29 15:00:00+00:00,4473.872241972,1091.2672205591157,3382.605021412884,648.8820772174947,442.3851433416211
2025-03-29 16:00:00+00:00,4541.545538208002,908.7052042619366,3632.840333946065,463.51482401686286,445.1903802450738
2025-03-29 17:00:00+00:00,4582.214474543999,689.0978032576019,3893.1166712863974,242.42175866794773,446.6760445896541
2025-03-29 18:00:00+00:00,4592.864316725999,446.61127889981344,4146.253037826185,0.0,446.61127889981344
2025-03-29 19:00:00+00:00,4572.54128499,444.82634207710714,4127.714942912893,0.0,444.82634207710714
2025-03-29 20:00:00+00:00,4522.422877937998,441.21989249982397,4081.2029854381744,0.0,441.21989249982397
2025-03-29 21:00:00+00:00,4445.742301308001,435.7634772099666,4009.9788240980342,0.0,435.7634772099666
2025-03-29 22:00:00+00:00,4347.571981746,428.50303865947495,3919.0689430865255,0.0,428.50303865947495
2025-03-29 23:00:00+00:00,4234.480910771998,419.5573746943368,3814.9235360776615,0.0,419.5573746943368
2025-03-30 00:00:00+00:00,4107.312800976,409.1136227518735,3698.1991782241266,0.0,409.1136227518735
2025-03-30 01:00:00+00:00,3987.772689516,397.41994127346686,3590.352748242533,0.0,397.41994127346686
2025-03-30 02:00:00+00:00,3877.214164656002,384.7756929350049,3492.4384717209973,0.0,384.7756929350049
2025-03-30 03:00:00+00:00,3783.1891868819994,371.51953706362883,3411.6696498183705,0.0,371.51953706362883
2025-03-30 04:00:00+00:00,3712.1552340179987,358.01590440936843,3354.1393296086303,0.0,358.01590440936843
2025-03-30 05:00:00+00:00,3669.032360070001,344.640418377343,3324.391941692658,0.0,344.640418377343
2025-03-30 06:00:00+00:00,3656.8640812619997,331.7648549205886,3325.099226341411,0.0,331.7648549205886
2025-03-30 07:00:00+00:00,3676.605407538,584.9988582720772,3091.6065492659227,265.2566005807483,319.7422576913289
2025-03-30 08:00:00+00:00,3727.0525059600004,821.0922060490334,2905.960299910967,512.1993906117658,308.8928154372676
2025-03-30 09:00:00+00:00,3804.918950658,1022.964270394284,2781.954680263716,723.4731913378369,299.4910790564471
2025-03-30 10:00:00+00:00,3905.0534731740004,1176.1519455865712,2728.901527587429,884.39690161517,291.75504397140116
2025-03-30 11:00:00+00:00,4020.7845273959992,1269.8440337755915,2750.940493620408,984.0064916181134,285.837542157478
2025-03-30 12:00:00+00:00,4144.368401711998,1297.6095056584136,2846.758896053584,1015.7892121319178,281.82029352649573
2025-03-30 13:00:00+00:00,4267.510378404,1257.7737816940462,3009.736596709954,978.0629151361579,279.71086655788827
2025-03-30 14:00:00+00:00,4381.923689262,1153.4301740773155,3228.493515184685,873.9875113044542,279.4426627728614
2025-03-30 15:00:00+00:00,4479.888301517999,992.1051910164405,3487.7831105015584,711.2272600502755,280.87793096616497
2025-03-30 16:00:00+00:00,4554.771542748,785.1234427808256,3769.648099967174,501.3097520954689,283.81369068535673
2025-03-30 17:00:00+00:00,4601.475300996001,546.7378208012371,4054.7374801947644,258.74751165044705,287.99030915079015
2025-03-30 18:00:00+00:00,4616.77936377,293.10239670168454,4323.676967068315,0.0,293.10239670168454
2025-03-30 19:00:00+00:00,4599.557666718002,298.81156164688144,4300.746105071121,0.0,298.81156164688144
2025-03-30 20:00:00+00:00,4550.852749212002,304.76050551349283,4246.092243698509,0.0,304.76050551349283
2025-03-30 21:00:00+00:00,4473.803402795999,310.5878820192235,4163.2155207767755,0.0,310.5878820192235
2025-03-30 22:00:00+00:00,4373.430513815998,315.9433149997662,4057.4871988162317,0.0,315.9433149997662
2025-03-30 23:00:00+00:00,4256.295679985999,320.50194760356385,3935.7937323824353,0.0,320.50194760356385
2025-03-31 00:00:00+00:00,4501.385777616001,323.9779460797222,4177.4078315362785,0.0,323.9779460797222
2025-03-31 01:00:00+00:00,4374.274196712001,326.1363807455303,4048.1378159664705,0.0,326.1363807455303
2025-03-31 02:00:00+00:00,4254.5431273799995,326.80302205488863,3927.740105325111,0.0,326.80302205488863
2025-03-31 03:00:00+00:00,4149.906006077998,325.8716318305235,3824.034374247475,0.0,325.8716318305235
2025-03-31 04:00:00+00:00,4067.0171012519986,323.30846206220485,3743.7086391897938,0.0,323.30846206220485
2025-03-31 05:00:00+00:00,4011.0240247559996,319.1537690462288,3691.870255709771,0.0,319.1537690462288
2025-03-31 06:00:00+00:00,3985.22336205,313.5202859380684,3671.7030761119318,0.0,313.5202859380684
2025-03-31 07:00:00+00:00,3990.842837016,580.0803231405234,3410.7625138754765,273.4916080582783,306.5887150822451
2025-03-31 08:00:00+00:00,4026.964663260001,832.7711578830888,3194.193505376912,534.170735150167,298.60042273292174
2025-03-31 09:00:00+00:00,4090.595134122,1054.0455338959732,3036.549600226027,764.1978968251062,289.847637070867
2025-03-31 10:00:00+00:00,4176.875577335999,1227.8690057229119,2949.006571613087,947.2074591881027,280.66154653480913
2025-03-31 11:00:00+00:00,4279.4201454899985,1340.8629791776082,2938.55716631239,1069.4641853620622,271.39879381554607
2025-03-31 12:00:00+00:00,4390.75724703,1383.3472021777873,3007.410044852213,1120.920293260427,262.42690891736044
2025-03-31 13:00:00+00:00,4502.844423252002,1350.1957664525892,3152.6486567994134,1096.0864818758976,254.10928457669155
2025-03-31 14:00:00+00:00,4607.62141602,1241.4233702824702,3366.1980457375294,994.6330663005239,246.79030398194638
2025-03-31 15:00:00+00:00,4697.56369362,1062.430410342214,3635.133283277786,821.6491744285994,240.7812359136145
2025-03-31 16:00:00+00:00,4766.198549448,823.8566670996826,3942.341882348318,587.5091990353857,236.34746806429686
2025-03-31 17:00:00+00:00,4808.548594626001,541.0228589568142,4267.525735669187,307.3252554967636,233.69760346005057
2025-03-31 18:00:00+00:00,4821.472293036002,232.97487171118644,4588.497421324816,0.0,232.97487171118644
2025-03-31 19:00:00+00:00,4803.878419871997,234.25119518244233,4569.627224689554,0.0,234.25119518244233
2025-03-31 20:00:00+00:00,4756.799715486001,237.52416958592926,4519.275545900072,0.0,237.52416958592926
2025-03-31 21:00:00+00:00,4683.320809566001,242.71706324180556,4440.6037463241955,0.0,242.71706324180556
2025-03-31 22:00:00+00:00,4588.365353333995,249.6818549684785,4338.683498365516,0.0,249.6818549684785
2025-03-31 23:00:00+00:00,4478.35692255,258.2051671731054,4220.1517553768945,0.0,258.2051671731054
2025-04-01 00:00:00+00:00,4353.917695596001,268.0168716052919,4085.9008239907093,0.0,268.0168716052919
2025-04-01 01:00:00+00:00,4236.7905016079985,278.800995153725,3957.9895064542734,0.0,278.800995153725
2025-04-01 02:00:00+00:00,4128.130967436,290.2084961373815,3837.9224712986183,0.0,290.2084961373815
2025-04-01 03:00:00+00:00,4035.3922234500005,301.87138099462726,3733.5208424553734,0.0,301.87138099462726
2025-04-01 04:00:00+00:00,3964.951463381999,313.4175809993622,3651.533882382637,0.0,313.4175809993622
2025-04-01 05:00:00+00:00,3921.6689035860004,324.4859857142593,3597.182917871741,0.0,324.4859857142593
2025-04-01 06:00:00+00:00,3908.5501834680003,334.7410202799121,3573.8091631880884,0.0,334.7410202799121
2025-04-01 07:00:00+00:00,3926.5353302280005,661.461025461676,3265.0743047663245,317.5748703443216,343.88615511735435
2025-04-01 08:00:00+00:00,3974.4288549420003,961.4648124020789,3012.964042539921,609.7889922368316,351.6758201652473
2025-04-01 09:00:00+00:00,4048.9758285900007,1212.99902039144,2835.976808198561,855.0738113105476,357.9252090808924
2025-04-01 10:00:00+00:00,4145.078962163999,1399.856316478187,2745.2226456858116,1037.3387201293338,362.51759634885326
2025-04-01 11:00:00+00:00,4256.1419626319985,1510.4283850061179,2745.7135776258806,1145.019535619078,365.40884938704005
2025-04-01 12:00:00+00:00,4374.515876178002,1538.8435228355156,2835.6723533424865,1172.2145572302206,366.6289656052949
2025-04-01 13:00:00+00:00,4492.018088417999,1485.2131678810665,3006.8049205369325,1118.9326059185266,366.2805619625398
2025-04-01 14:00:00+00:00,4600.488679668001,1355.4115251295361,3245.077154538465,990.8771423070446,364.5343828224915
2025-04-01 15:00:00+00:00,4692.346220268003,1160.43338680762,3531.912833460383,798.8113692142616,361.6220175933584
2025-04-01 16:00:00+00:00,4761.105201258,915.408061047875,3845.6971402101253,557.5819519525072,357.8261090953678
2025-04-01 17:00:00+00:00,4801.819756061999,638.3698849378252,4163.449871124174,284.90140716929824,353.46847776852695
2025-04-01 18:00:00+00:00,4811.423453172,348.89662453864366,4462.526828633357,0.0,348.89662453864366
2025-04-01 19:00:00+00:00,4788.941922155999,344.4691845798677,4444.472737576131,0.0,344.4691845798677
2025-04-01 20:00:00+00:00,4735.563733235998,340.54091751988096,4395.022815716117,0.0,340.54091751988096
2025-04-01 21:00:00+00:00,4654.564622442,337.4478499462265,4317.116772495773,0.0,337.4478499462265
2025-04-01 22:00:00+00:00,4551.090089111999,335.4931882902459,4215.5969008217535,0.0,335.4931882902459
2025-04-01 23:00:00+00:00,4431.811051542001,334.934561019019,4096.876490522982,0.0,334.934561019019
2025-04-02 00:00:00+00:00,4297.578174960002,335.97313501850834,3961.6050399414935,0.0,335.97313501850834
2025-04-02 01:00:00+00:00,4170.491520048001,338.7450349769422,3831.7464850710585,0.0,338.7450349769422
2025-04-02 02:00:00+00:00,4051.955205774002,343.3154287774611,3708.639776996541,0.0,343.3154287774611
2025-04-02 03:00:00+00:00,3949.7092192740038,349.6755117876944,3600.033707486309,0.0,349.6755117876944
2025-04-02 04:00:00+00:00,3870.410700827999,357.74252534290775,3512.668175485091,0.0,357.74252534290775
2025-04-02 05:00:00+00:00,3819.186289842,367.3627983328346,3451.8234915091653,0.0,367.3627983328346
2025-04-02 06:00:00+00:00,3799.288204698001,378.317698035999,3420.970506662002,0.0,378.317698035999
2025-04-02 07:00:00+00:00,3811.877332326,647.1502754517594,3164.7270568742406,256.81803662104124,390.33223883071815
2025-04-02 08:00:00+00:00,3855.948098142,899.3748848796397,2956.5732132623607,496.28888505869014,403.0859998209495
2025-04-02 09:00:00+00:00,3928.3999904099987,1118.94850063338,2809.4514897766185,702.7225906339694,416.22590999941065
2025-04-02 10:00:00+00:00,4024.2509582940006,1291.7803389529258,2732.470619341075,862.3999710589435,429.38036789398234
2025-04-02 11:00:00+00:00,4136.977972344001,1406.636963101324,2730.3410092426766,964.4628329882563,442.1741301130676
2025-04-02 12:00:00+00:00,4258.961573369999,1455.9139479355508,2803.0476254344485,1001.6706001794157,454.2433477561351
2025-04-02 13:00:00+00:00,4382.004087888002,1436.2158684184783,2945.7882194695235,970.9657210189825,465.25014739949575
2025-04-02 14:00:00+00:00,4497.886259118,1348.690363662147,3149.195895455853,873.794216209391,474.8961474527561
2025-04-02 15:00:00+00:00,4598.924348844001,1199.0724848221644,3399.8518640218363,716.1381102081816,482.93437461398264
2025-04-02 16:00:00+00:00,4678.4898502860015,997.4125359255768,3681.0773143604247,508.23346341890584,489.179072506671
2025-04-02 17:00:00+00:00,4731.456514302,757.4836259834914,3973.9728883185085,263.97061015242815,493.5130158310632
2025-04-02 18:00:00+00:00,4754.544239844,495.8920291241663,4258.652210719833,0.0,495.8920291241663
2025-04-02 19:00:00+00:00,4746.536633411999,496.3465193823817,4250.190114029618,0.0,496.3465193823817
2025-04-02 20:00:00+00:00,4708.357466862,494.9799670973047,4213.377499764696,0.0,494.9799670973047
2025-04-02 21:00:00+00:00,4643.001023765998,491.9644355900919,4151.036588175906,0.0,491.9644355900919
2025-04-02 22:00:00+00:00,4555.32118293,487.53327830059465,4067.787904629405,0.0,487.53327830059465
2025-04-02 23:00:00+00:00,4451.693823065999,481.97135380881986,3969.722469257179,0.0,481.97135380881986
2025-04-03 00:00:00+00:00,4332.641558573999,475.6031374741503,3857.0384210998486,0.0,475.6031374741503
2025-04-03 01:00:00+00:00,4220.055820092,468.7792265193431,3751.2765935726575,0.0,468.7792265193431
2025-04-03 02:00:00+00:00,4115.039451264001,461.86178344250834,3653.177667821493,0.0,461.86178344250834
2025-04-03 03:00:00+00:00,4025.090373738001,455.2095232649948,3569.880850473006,0.0,455.2095232649948
2025-04-03 04:00:00+00:00,3956.651990382001,449.162848644461,3507.4891417375397,0.0,449.162848644461
2025-04-03 05:00:00+00:00,3914.6704647119996,444.0297509295971,3470.6407137824026,0.0,444.0297509295971
2025-04-03 06:00:00+00:00,3902.2549282079985,440.0730508734129,3462.181877334586,0.0,440.0730508734129
2025-04-03 07:00:00+00:00,3920.4638574359997,694.6905808307909,3225.7732766052086,257.19107986160094,437.49950096918985
2025-04-03 08:00:00+00:00,3968.232204972002,929.1611959427537,3039.071009029248,492.71000072012663,436.4511952226271
2025-04-03 09:00:00+00:00,4042.444281204001,1127.6486674040766,2914.7956137999245,690.6490224708251,436.9996449332515
2025-04-03 10:00:00+00:00,4138.147377209999,1277.2613139627897,2860.886063247209,838.1185598507077,439.1427541120821
2025-04-03 11:00:00+00:00,4248.891570168,1368.8694886493347,2880.022081518665,926.064666949726,442.8048216996088
2025-04-03 12:00:00+00:00,4367.172460895999,1397.6028023530585,2969.569658542941,949.7632280723469,447.8395742807115
2025-04-03 13:00:00+00:00,4484.946619272,1363.0106177243524,3121.9360015476477,908.9745170705388,454.0361006538137
2025-04-03 14:00:00+00:00,4594.184499239999,1268.899921216586,3325.284578023413,807.7724725039164,461.1274487126696
2025-04-03 15:00:00+00:00,4687.423018698001,1122.8905107182827,3564.5325079797185,654.0889787359597,468.801531982323
2025-04-03 16:00:00+00:00,4758.280037742,935.7461564747089,3822.533881267291,459.0322646115857,476.71389186312325
2025-04-03 17:00:00+00:00,4801.8954842460025,720.5506101065467,4081.344874139456,236.0487987440256,484.50181136252115
2025-04-03 18:00:00+00:00,4815.268978884004,491.79917998199863,4323.469798902006,0.0,491.79917998199863
2025-04-03 19:00:00+00:00,4797.470730401999,498.2515190377233,4299.219211364276,0.0,498.2515190377233
2025-04-03 20:00:00+00:00,4749.711214710002,503.53054416317684,4246.180670546825,0.0,503.53054416317684
2025-04-03 21:00:00+00:00,4675.264734041999,507.34766687909064,4167.917067162908,0.0,507.34766687909064
2025-04-03 22:00:00+00:00,4579.251844776,509.465888129506,4069.7859566464945,0.0,509.465888129506
2025-04-03 23:00:00+00:00,4468.295479704002,509.7095950895289,3958.585884614473,0.0,509.7095950895289
2025-04-04 00:00:00+00:00,4343.105427234002,507.9718553548473,3835.1335718791543,0.0,507.9718553548473
2025-04-04 01:00:00+00:00,4225.832669016,504.21891721860175,3721.6137517973984,0.0,504.21891721860175
2025-04-04 02:00:00+00:00,4117.701195972,498.4917223322154,3619.209473639785,0.0,498.4917223322154
2025-04-04 03:00:00+00:00,4026.3254659739996,490.9043819546743,3535.4210840193255,0.0,490.9043819546743
2025-04-04 04:00:00+00:00,3958.2236471399997,481.6396626284664,3476.5839845115333,0.0,481.6396626284664
2025-04-04 05:00:00+00:00,3918.3731071380003,470.94167868219574,3447.4314284558045,0.0,470.94167868219574
2025-04-04 06:00:00+00:00,3909.869827247999,459.106085811592,3450.763741436407,0.0,459.106085811592
2025-04-04 07:00:00+00:00,3933.7150424879974,699.2558059995117,3234.4592364884857,252.7876317639288,446.46817423558286
2025-04-04 08:00:00+00:00,3988.743687558,929.0096531384154,3059.7340344195845,495.62029858059685,433.3893545578185
2025-04-04 09:00:00+00:00,4071.699569322001,1132.0299419703001,2939.669627351701,711.787360014124,420.242581956176
2025-04-04 10:00:00+00:00,4177.452260267999,1293.0435039883587,2884.4087562796403,885.6461797801865,407.3973242081723
2025-04-04 11:00:00+00:00,4299.341022900001,1398.9601462444105,2900.3808766555903,1003.7554679235247,395.20467832088565
2025-04-04 12:00:00+00:00,4429.622472240001,1439.9325193946352,2989.689952845366,1055.9492670314303,383.9832523632049
2025-04-04 13:00:00+00:00,4559.991590994003,1410.264479320086,3149.7271116739166,1036.258093842095,374.00638547799093
2025-04-04 14:00:00+00:00,4682.140761522,1309.075425969737,3373.0653355522627,943.5841912775518,365.4912346921852
2025-04-04 15:00:00+00:00,4788.318831744001,1140.6389824978758,3647.679849246125,782.0488162920689,358.59016620580695
2025-04-04 16:00:00+00:00,4871.852338163997,914.3361509678637,3957.5161871961336,560.9513427136034,353.3848082542603
2025-04-04 17:00:00+00:00,4927.593444102,644.1940419027733,4283.399402199227,294.31102720598943,349.88301469678385
2025-04-04 18:00:00+00:00,4952.264309495999,348.0188435759997,4604.245465919999,0.0,348.0188435759997
2025-04-04 19:00:00+00:00,4944.674476434004,347.65557948227035,4597.018896951733,0.0,347.65557948227035
2025-04-04 20:00:00+00:00,4905.796660968001,348.591645203748,4557.2050157642525,0.0,348.591645203748
2025-04-04 21:00:00+00:00,4838.695860809999,350.5691853002957,4488.126675509704,0.0,350.5691853002957
2025-04-04 22:00:00+00:00,4748.316746292002,353.28495267764634,4395.031793614356,0.0,353.28495267764634
2025-04-04 23:00:00+00:00,4641.143871924001,356.40306122018137,4284.74081070382,0.0,356.40306122018137
2025-04-05 00:00:00+00:00,4139.60842806,359.56908030025306,3780.0393477597468,0.0,359.56908030025306
2025-04-05 01:00:00+00:00,4022.168844708002,362.4248841392699,3659.743960568732,0.0,362.4248841392699
2025-04-05 02:00:00+00:00,3911.8579762920017,364.62366677778795,3547.2343095142137,0.0,364.62366677778795
2025-04-05 03:00:00+00:00,3816.3247511760005,365.8444860949919,3450.480265081009,0.0,365.8444860949919
2025-04-05 04:00:00+00:00,3742.1656829759995,365.80575724604483,3376.3599257299547,0.0,365.80575724604483
2025-04-05 05:00:00+00:00,3694.478497626,364.27712993297865,3330.201367693021,0.0,364.27712993297865
2025-04-05 06:00:00+00:00,3676.51881135,361.0892763405376,3315.429535009462,0.0,361.0892763405376
2025-04-05 07:00:00+00:00,3689.483033585999,672.3156245669581,3017.167409019041,316.1744518098025,356.14117275715563
2025-04-05 08:00:00+00:00,3732.4322782319987,957.8789161242939,2774.5533621077047,608.4743295803347,349.4045865439593
2025-04-05 09:00:00+00:00,3802.362288774001,1197.458695001007,2604.903593772994,856.5331091627124,340.92558583829475
2025-04-05 10:00:00+00:00,3894.414448092001,1374.2726889407656,2520.1417591512354,1043.4496879242754,330.8230010164902
2025-04-05 11:00:00+00:00,4002.213403482,1476.234326852341,2525.979076629659,1156.9504231364806,319.2839037158602
2025-04-05 12:00:00+00:00,4118.308086186001,1496.7185698247947,2621.589516361206,1190.1622778807325,306.55629194406214
2025-04-05 13:00:00+00:00,4234.685905422001,1434.8956596674268,2799.7902457545742,1141.9563826612552,292.9392770061716
2025-04-05 14:00:00+00:00,4343.3250058799995,1295.6309876205037,3047.694018259496,1016.8598183530077,278.7711692674959
2025-04-05 15:00:00+00:00,4436.746682172002,1088.9844506771906,3347.762231494811,824.5684910980477,264.4159595791429
2025-04-05 16:00:00+00:00,4508.530281276002,829.3712783193237,3679.1590029566783,579.1225370697757,250.2487412495479
2025-04-05 17:00:00+00:00,4553.755286808,534.466294196611,4019.2889926113894,297.8256257379619,236.6406684586491
2025-04-05 18:00:00+00:00,4569.340394807998,223.94407510578765,4345.39631970221,0.0,223.94407510578765
2025-04-05 19:00:00+00:00,4554.256398509998,212.47835294532652,4341.778045564672,0.0,212.47835294532652
2025-04-05 20:00:00+00:00,4509.598255680001,202.51716864150896,4307.081087038492,0.0,202.51716864150896
2025-04-05 21:00:00+00:00,4438.511400833999,194.27755353587,4244.233847298129,0.0,194.27755353587
2025-04-05 22:00:00+00:00,4345.9773375899995,187.9112905002788,4158.066047089721,0.0,187.9112905002788
2025-04-05 23:00:00+00:00,4238.473035761999,183.4989727138525,4054.9740630481465,0.0,183.4989727138525
2025-04-06 00:00:00+00:00,4116.496417068001,181.046964294103,3935.4494527738984,0.0,181.046964294103
2025-04-06 01:00:00+00:00,4002.174470406,180.48738698907002,3821.6870834169304,0.0,180.48738698907002
2025-04-06 02:00:00+00:00,3896.5233711180003,181.68113884504913,3714.842232272951,0.0,181.68113884504913
2025-04-06 03:00:00+00:00,3807.0196399619986,184.42381916450753,3622.595820797491,0.0,184.42381916450753
2025-04-06 04:00:00+00:00,3740.0541935399992,188.4543076440494,3551.5998858959497,0.0,188.4543076440494
2025-04-06 05:00:00+00:00,3700.490921778002,193.46566499576753,3507.0252567822345,0.0,193.46566499576753
2025-04-06 06:00:00+00:00,3691.3288720139963,199.11788631934797,3492.210985694648,0.0,199.11788631934797
2025-04-06 07:00:00+00:00,3713.491311305998,498.0343521919652,3215.4569591140325,292.9823484479878,205.05200374397737
2025-04-06 08:00:00+00:00,3765.7561109699977,778.9144159139767,2986.8416950560213,568.0094668166819,210.90494909729483
2025-04-06 09:00:00+00:00,3844.832382552,1022.6613787119999,2822.17100384,806.3368076185385,216.32457109346134
2025-04-06 10:00:00+00:00,3945.5783299800005,1212.3976191205156,2733.180710859485,991.4134279386607,220.98419118185507
2025-04-06 11:00:00+00:00,4061.345576946001,1334.6577230890007,2726.6878538570004,1110.0616142753647,224.59610881363605
2025-04-06 12:00:00+00:00,4184.426693664,1380.3987853837837,2804.0279082802163,1153.475296320584,226.92348906319972
2025-04-06 13:00:00+00:00,4306.575499380001,1345.7421021650812,2960.83339721492,1117.951943468476,227.79015869660523
2025-04-06 14:00:00+00:00,4419.564859919999,1232.3728822430778,3187.191977676922,1005.2849781853549,227.08790405772294
2025-04-06 15:00:00+00:00,4515.744052554,1047.5458790354555,3468.198173518544,822.764909169003,224.7809698664525
2025-04-06 16:00:00+00:00,4588.557745001999,803.6738073209615,3784.8839376810374,582.7662258301714,220.90758149079005
2025-04-06 17:00:00+00:00,4632.991367255998,517.5098428790575,4115.481524376941,301.9314231616001,215.57841971745734
2025-04-06 18:00:00+00:00,4645.912465320001,208.97211529975033,4436.940350020251,0.0,208.97211529975033
2025-04-06 19:00:00+00:00,4626.284892515998,201.3279510713918,4424.956941444606,0.0,201.3279510713918
2025-04-06 20:00:00+00:00,4575.241114373998,192.93605922416972,4382.305055149828,0.0,192.93605922416972
2025-04-06 21:00:00+00:00,4496.00775729,184.12552851120213,4311.882228778798,0.0,184.12552851120213
2025-04-06 22:00:00+00:00,4393.68935985,175.25089824104697,4218.438461608953,0.0,175.25089824104697
2025-04-06 23:00:00+00:00,4274.925008382001,166.6775979930507,4108.24741038895,0.0,166.6775979930507
2025-04-07 00:00:00+00:00,4518.530605386001,158.76692525399787,4359.763680132003,0.0,158.76692525399787
2025-04-07 01:00:00+00:00,4390.620383142001,151.86117831320345,4238.759204828797,0.0,151.86117831320345
2025-04-07 02:00:00+00:00,4270.584869711999,146.26955509925767,4124.3153146127415,0.0,146.26955509925767
2025-04-07 03:00:00+00:00,4166.174105771998,142.25538797870624,4023.918717793292,0.0,142.25538797870624
2025-04-07 04:00:00+00:00,4084.0659028679993,140.0252483099806,3944.0406545580186,0.0,140.0252483099806
2025-04-07 05:00:00+00:00,4029.417752471999,139.72035843352114,3889.697394038478,0.0,139.72035843352114
2025-04-07 06:00:00+00:00,4005.5222355960013,141.41066301723205,3864.1115725787695,0.0,141.41066301723205
2025-04-07 07:00:00+00:00,4013.589272448004,419.5222499110893,3594.067022536915,274.4304380436841,145.09181186740523
2025-04-07 08:00:00+00:00,4052.669851272002,673.2264773413841,3379.443373930618,522.5413129767082,150.68516436467584
2025-04-07 09:00:00+00:00,4119.726381918,886.0539607449813,3233.6724211730184,728.0131311727795,158.04082957220177
2025-04-07 10:00:00+00:00,4209.844638888,1045.0572853554056,3164.7873535325944,878.1136801146338,166.94360524077186
2025-04-07 11:00:00+00:00,4316.5728625739985,1141.5547655487326,3175.018097025266,964.4331819862281,177.12158356250447
2025-04-07 12:00:00+00:00,4432.364704656,1171.509051023746,3260.855653632254,983.2519888809842,188.2570621427618
2025-04-07 13:00:00+00:00,4549.095869766001,1135.5424076540187,3413.5534621119823,935.5430814480532,199.9993262059656
2025-04-07 14:00:00+00:00,4658.619096347999,1038.6221445913882,3619.9969517566115,826.643383742647,211.97876084874127
2025-04-07 15:00:00+00:00,4753.319705946001,889.4741496929088,3863.845556253092,665.6524093683058,223.82174032460293
2025-04-07 16:00:00+00:00,4826.633810166,699.7977162053721,4126.836093960628,464.63205914413464,235.16565706123743
2025-04-07 17:00:00+00:00,4873.493932776,483.3603153934753,4390.133617382525,237.68681200786835,245.67350338560692
2025-04-07 18:00:00+00:00,4890.671674224002,255.0473886197282,4635.6242856042745,0.0,255.0473886197282
2025-04-07 19:00:00+00:00,4876.994172414,263.04044814257804,4613.953724271421,0.0,263.04044814257804
2025-04-07 20:00:00+00:00,4833.419686661999,269.46665794166915,4563.95302872033,0.0,269.46665794166915
2025-04-07 21:00:00+00:00,4762.967265336,274.2081472857165,4488.759118050284,0.0,274.2081472857165
2025-04-07 22:00:00+00:00,4670.505409416003,277.21971674532875,4393.2856926706745,0.0,277.21971674532875
2025-04-07 23:00:00+00:00,4562.414269308,278.5303759909204,4283.88389331708,0.0,278.5303759909204
2025-04-08 00:00:00+00:00,4439.059310280001,278.24183630716226,4160.817473972839,0.0,278.24183630716226
2025-04-08 01:00:00+00:00,4322.618225855999,276.52401918802315,4046.0942066679763,0.0,276.52401918802315
2025-04-08 02:00:00+00:00,4214.017248251999,273.60777471579246,3940.409473536207,0.0,273.60777471579246
2025-04-08 03:00:00+00:00,4120.720134048001,269.77509584321444,3850.945038204786,0.0,269.77509584321444
2025-04-08 04:00:00+00:00,4049.1283793940006,265.3472359473165,3783.781143446684,0.0,265.3472359473165
2025-04-08 05:00:00+00:00,4004.1396659880006,260.6712205673404,3743.4684454206604,0.0,260.6712205673404
2025-04-08 06:00:00+00:00,3988.8093579600004,256.10529747065436,3732.704060489346,0.0,256.10529747065436
2025-04-08 07:00:00+00:00,4004.1383255160004,493.76436411736603,3510.3739613986345,241.76043430211945,252.00392981524658
2025-04-08 08:00:00+00:00,4049.0016072239964,721.4727844055353,3327.528822818461,472.76984574948057,248.7029386560547
2025-04-08 09:00:00+00:00,4120.222840145999,923.745709467865,3196.477130678134,677.2402958569401,246.50541361092502
2025-04-08 10:00:00+00:00,4212.789528612001,1086.2118926850867,3126.5776359269144,840.542931717927,245.66896096715982
2025-04-08 11:00:00+00:00,4320.194385234,1196.6630512776205,3123.5313339563795,950.2682349095883,246.39481636803222
2025-04-08 12:00:00+00:00,4434.879629501999,1246.0353214451109,3188.8443080568886,997.2160579882681,248.8192634568429
2025-04-08 13:00:00+00:00,4548.753850032,1229.2344366539912,3319.5194133780087,976.2267159057719,253.0077207482192
2025-04-08 14:00:00+00:00,4653.746221865998,1145.7185920046059,3508.0276298613926,886.7668653475891,258.9517266570168
2025-04-08 15:00:00+00:00,4742.360244426003,999.7658269185715,3742.594417507432,733.1968733730594,266.5689535455122
2025-04-08 16:00:00+00:00,4808.1891657239985,800.3754810309157,4007.813684693083,524.669227284726,275.70625374618965
2025-04-08 17:00:00+00:00,4846.357909680001,560.7841616223297,4285.573748057672,274.6385571408734,286.1456044814564
2025-04-08 18:00:00+00:00,4853.861184732002,297.61271805329733,4556.248466678704,0.0,297.61271805329733
2025-04-08 19:00:00+00:00,4829.774709984001,309.78795946912203,4519.986750514879,0.0,309.78795946912203
2025-04-08 20:00:00+00:00,4775.324932476,322.3191279082547,4453.005804567745,0.0,322.3191279082547
2025-04-08 21:00:00+00:00,4693.812370001997,334.8355748896859,4358.976795112311,0.0,334.8355748896859
2025-04-08 22:00:00+00:00,4590.393661392002,346.96309281743146,4243.430568574571,0.0,346.96309281743146
2025-04-08 23:00:00+00:00,4471.736942189999,358.33894991242374,4113.397992277575,0.0,358.33894991242374
2025-04-09 00:00:00+00:00,4338.464785283999,368.62646380502923,3969.8383214789696,0.0,368.62646380502923
2025-04-09 01:00:00+00:00,4213.070285381999,377.52852602408734,3835.5417593579123,0.0,377.52852602408734
2025-04-09 02:00:00+00:00,4096.703342633998,384.7995051442079,3711.9038374897896,0.0,384.7995051442079
2025-04-09 03:00:00+00:00,3997.0495787039995,390.2550591193695,3606.79451958463,0.0,390.2550591193695
2025-04-09 04:00:00+00:00,3920.701371258,393.7794486949119,3526.921922563088,0.0,393.7794486949119
2025-04-09 05:00:00+00:00,3872.7117610019995,395.3300472956425,3477.381713706357,0.0,395.3300472956425
2025-04-09 06:00:00+00:00,3856.252236816,394.93887586644416,3461.3133609495558,0.0,394.93887586644416
2025-04-09 07:00:00+00:00,3872.3977893720007,683.4260505866257,3188.9717387853752,290.71496111450676,392.711089472119
2025-04-09 08:00:00+00:00,3920.0537663280006,949.1025482035134,2970.9512181244872,560.282066747039,388.8204814564744
2025-04-09 09:00:00+00:00,3996.0295304159995,1173.7266517616815,2822.302878654318,790.2244588122473,383.5021929494341
2025-04-09 10:00:00+00:00,4095.2539657679995,1342.089612340958,2753.1643534270415,965.0466933243699,377.04291901658814
2025-04-09 11:00:00+00:00,4211.118172127999,1443.0146482218208,2768.1035239061785,1073.2456279234077,369.76902029841307
2025-04-09 12:00:00+00:00,4335.922015949998,1470.035814867118,2865.8862010828802,1108.002791208803,362.0330236583149
2025-04-09 13:00:00+00:00,4461.3942886800005,1421.7279325428267,3039.666356137174,1067.528869166197,354.19906337662985
2025-04-09 14:00:00+00:00,4579.251055763999,1301.6874787051565,3277.5635770588424,955.0596176999052,346.62786100525136
2025-04-09 15:00:00+00:00,4681.754298354001,1118.1891818369631,3563.5651165170375,778.5273198776106,339.6618619593525
2025-04-09 16:00:00+00:00,4762.2329327160005,883.5620865185997,3878.670846197401,549.9509558610993,333.6111306575005
2025-04-09 17:00:00+00:00,4815.530824817999,613.3414632113537,4202.189361606645,284.60087863034187,328.74058458101183
2025-04-09 18:00:00+00:00,4838.35143162,325.25909808855585,4513.092333531444,0.0,325.25909808855585
2025-04-09 19:00:00+00:00,4829.4757465500015,323.3109062736935,4506.164840276308,0.0,323.3109062736935
2025-04-09 20:00:00+00:00,4789.8388548779985,322.9696748316797,4466.869180046318,0.0,322.9696748316797
2025-04-09 21:00:00+00:00,4722.460004346001,324.2354732591511,4398.22453108685,0.0,324.2354732591511
2025-04-09 22:00:00+00:00,4632.231149952,327.0347726361474,4305.196377315853,0.0,327.0347726361474
2025-04-09 23:00:00+00:00,4525.578476286001,331.22347612305475,4194.355000162946,0.0,331.22347612305475
2025-04-10 00:00:00+00:00,4402.889023428,336.5928476151506,4066.296175812849,0.0,336.5928476151506
2025-04-10 01:00:00+00:00,4286.519136732001,342.8781056670877,3943.6410310649135,0.0,342.8781056670877
2025-04-10 02:00:00+00:00,4177.4537534520005,349.7693233749195,3827.684430077081,0.0,349.7693233749195
2025-04-10 03:00:00+00:00,4083.2759703540005,356.92419209876834,3726.351778255232,0.0,356.92419209876834
2025-04-10 04:00:00+00:00,4010.5185819720014,363.9821255833837,3646.536456388618,0.0,363.9821255833837
2025-04-10 05:00:00+00:00,3964.2192475200013,370.57912410574676,3593.6401234142545,0.0,370.57912410574676
2025-04-10 06:00:00+00:00,3947.5785772079994,376.36279683842065,3571.2157803695786,0.0,376.36279683842065
2025-04-10 07:00:00+00:00,3961.74437988,691.5216322069497,3270.2227476730504,310.5147152480297,381.00691695892
2025-04-10 08:00:00+00:00,4005.736723842,989.7287656140064,3016.0079582279936,605.5038438730119,384.22492174099455
2025-04-10 09:00:00+00:00,4076.518833407999,1249.9486056465448,2826.570227761454,864.166803252485,385.7818023940598
2025-04-10 10:00:00+00:00,4169.208891959999,1453.207898670598,2716.000993289401,1067.7040022356016,385.5038964349964
2025-04-10 11:00:00+00:00,4277.418163284001,1584.0377346336547,2693.3804286503464,1200.7515542346391,383.2861803990156
2025-04-10 12:00:00+00:00,4393.692363185996,1631.7259983727731,2761.966364813223,1252.6292378674805,379.09676050529265
2025-04-10 13:00:00+00:00,4510.025895942,1591.2659215893418,2918.759974352658,1218.2875303569376,372.97839123240414
2025-04-10 14:00:00+00:00,4618.413933629999,1463.9035726890338,3154.510360940965,1098.8566322113134,365.0469404777204
2025-04-10 15:00:00+00:00,4711.4044021380005,1257.2158922346107,3454.18850990339,901.7290184799195,355.4868737546911
2025-04-10 16:00:00+00:00,4782.6122303400025,982.751905263369,3799.8603250766337,638.2079593072342,344.5439459561349
2025-04-10 17:00:00+00:00,4827.160543548,662.8761388068021,4164.284404741197,330.3607490468351,332.5153897599671
2025-04-10 18:00:00+00:00,4842.018712733997,319.73800656729395,4522.280706166703,0.0,319.73800656729395
2025-04-10 19:00:00+00:00,4826.213953973998,306.57464866730794,4519.63930530669,0.0,306.57464866730794
2025-04-10 20:00:00+00:00,4780.902038346001,293.3996412088144,4487.502397137187,0.0,293.3996412088144
2025-04-10 21:00:00+00:00,4709.292119448,280.5837480076662,4428.708371440334,0.0,280.5837480076662
2025-04-10 22:00:00+00:00,4616.430730757999,268.47928521938246,4347.951445538617,0.0,268.47928521938246
2025-04-10 23:00:00+00:00,4508.859634398002,257.4060002140932,4251.453634183908,0.0,257.4060002140932
2025-04-11 00:00:00+00:00,4387.019875350002,247.63829158870163,4139.3815837613,0.0,247.63829158870163
2025-04-11 01:00:00+00:00,4273.3374568499985,239.39429080171047,4033.943166048288,0.0,239.39429080171047
2025-04-11 02:00:00+00:00,4168.763346216001,232.82725272289375,3935.9360934931074,0.0,232.82725272289375
2025-04-11 03:00:00+00:00,4080.822308471999,228.01960923492962,3852.802699237069,0.0,228.01960923492962
2025-04-11 04:00:00+00:00,4015.945991903998,224.97992616791694,3790.9660657360814,0.0,224.97992616791694
2025-04-11 05:00:00+00:00,3979.0303941360025,223.64288703420527,3755.3875071017974,0.0,223.64288703420527
2025-04-11 06:00:00+00:00,3973.097223270001,223.8723050421892,3749.224918227812,0.0,223.8723050421892
2025-04-11 07:00:00+00:00,3999.0822772320003,529.8447231711641,3469.2375540608364,304.37768029222104,225.467042878943
2025-04-11 08:00:00+00:00,4055.765416836,807.8682857496542,3247.897131086346,579.6986961194463,228.16958963020798
2025-04-11 09:00:00+00:00,4139.847032075998,1039.53211348811,3100.314918587888,807.8551646549067,231.67694883320348
2025-04-11 10:00:00+00:00,4246.165957908,1210.3440706153172,3035.8218872926827,974.690680984563,235.65338963075413
2025-04-11 11:00:00+00:00,4368.044124024,1310.5594128740381,3057.4847111499616,1070.814875290056,239.74453758398192
2025-04-11 12:00:00+00:00,4497.734611860002,1335.6114470326609,3162.1231648273406,1092.0192148666836,243.5922321659772
2025-04-11 13:00:00+00:00,4626.9427673280015,1286.145885388992,3340.79688193901,1039.296353268339,246.8495321206529
2025-04-11 14:00:00+00:00,4747.3849697820015,1167.6934394004988,3579.6915303815026,918.4981740036661,249.19526539683275
2025-04-11 15:00:00+00:00,4851.347146464001,990.0402384967895,3861.3069079672114,739.6927181291659,250.34752036762362
2025-04-11 16:00:00+00:00,4932.205117434001,766.371513180264,4165.833604253738,516.2959878609804,250.07552531928349
2025-04-11 17:00:00+00:00,4984.8713842199995,512.2699453843655,4472.601438835634,264.060511954604,248.2094334297615
2025-04-11 18:00:00+00:00,5006.138057339998,244.6476080863045,4761.490449253693,0.0,244.6476080863045
2025-04-11 19:00:00+00:00,4994.892629874003,239.36111059378632,4755.531519280217,0.0,239.36111059378632
2025-04-11 20:00:00+00:00,4952.1919112820015,232.39521061756062,4719.796700664441,0.0,232.39521061756062
2025-04-11 21:00:00+00:00,4881.189166811998,223.8678446889192,4657.321322123079,0.0,223.8678446889192
2025-04-11 22:00:00+00:00,4786.9194383640015,213.96510409900793,4572.954334264994,0.0,213.96510409900793
2025-04-11 23:00:00+00:00,4675.957605353999,202.9339155722274,4473.023689781771,0.0,202.9339155722274
2025-04-12 00:00:00+00:00,4170.655422444001,191.07223188993797,3979.5831905540626,0.0,191.07223188993797
2025-04-12 01:00:00+00:00,4049.8905268079975,178.717119131925,3871.1734076760727,0.0,178.717119131925
2025-04-12 02:00:00+00:00,3936.6058806480005,166.23124105927155,3770.3746395887288,0.0,166.23124105927155
2025-04-12 03:00:00+00:00,3838.5201253560012,153.98828108588523,3684.531844270116,0.0,153.98828108588523
2025-04-12 04:00:00+00:00,3762.2897861219994,142.3579043893031,3619.931881732696,0.0,142.3579043893031
2025-04-12 05:00:00+00:00,3713.061520349998,131.69087971589553,3581.3706406341025,0.0,131.69087971589553
2025-04-12 06:00:00+00:00,3694.1275824180007,122.3049567771591,3571.8226256408416,0.0,122.3049567771591
2025-04-12 07:00:00+00:00,3706.707907896001,371.8855957625992,3334.8223121334017,257.41350284678714,114.47209291581207
2025-04-12 08:00:00+00:00,3749.873443638,608.631915829067,3141.241527808933,500.22438182777216,108.40753400129482
2025-04-12 09:00:00+00:00,3820.6158099059994,816.1022295180387,3004.5135803879607,711.8410127093822,104.26121680865646
2025-04-12 10:00:00+00:00,3914.0584204679994,979.514484216655,2934.5439362513443,877.4026601178158,102.11182409883918
2025-04-12 11:00:00+00:00,4023.7944936419995,1086.8266422437403,2936.967851398259,984.8628962545896,101.96374598915074
2025-04-12 12:00:00+00:00,4142.328801450001,1129.680246622373,3012.6485548276282,1025.9331703657383,103.74707625663476
2025-04-12 13:00:00+00:00,4261.592898696002,1104.1212324596518,3157.47166623635,996.8006007145274,107.3206317451245
2025-04-12 14:00:00+00:00,4373.498636094001,1011.022888266959,3362.475747827042,898.5450116831262,112.47787658383272
2025-04-12 15:00:00+00:00,4470.4921612260005,856.1561509295384,3614.336010296462,737.2006399929844,118.95551093655405
2025-04-12 16:00:00+00:00,4546.070522028001,649.8806428732705,3896.18987915473,523.436270510928,126.4443723623425
2025-04-12 17:00:00+00:00,4595.225681172001,406.4634230140533,4188.762258157947,271.8612301298076,134.6021928842457
2025-04-12 18:00:00+00:00,4614.785649222001,143.06770606716773,4471.717943154833,0.0,143.06770606716773
2025-04-12 19:00:00+00:00,4603.629431015999,151.47551042614703,4452.1539205898525,0.0,151.47551042614703
2025-04-12 20:00:00+00:00,4562.761269150001,159.47109548633657,4403.290173663664,0.0,159.47109548633657
2025-04-12 21:00:00+00:00,4495.239034776,166.72539837102542,4328.513636404975,0.0,166.72539837102542
2025-04-12 22:00:00+00:00,4405.961877323999,172.94831202550688,4233.013565298492,0.0,172.94831202550688
2025-04-12 23:00:00+00:00,4301.33151777,177.90058023179125,4123.430937538208,0.0,177.90058023179125
2025-04-13 00:00:00+00:00,4181.626596126001,181.40359367703422,4000.2230024489663,0.0,181.40359367703422
2025-04-13 01:00:00+00:00,4069.223891460001,183.34669449361755,3885.8771969663835,0.0,183.34669449361755
2025-04-13 02:00:00+00:00,3964.9423727760013,183.69168023264857,3781.2506925433527,0.0,183.69168023264857
2025-04-13 03:00:00+00:00,3876.226970658,182.47432613602749,3693.7526445219723,0.0,182.47432613602749
2025-04-13 04:00:00+00:00,3809.4504289800007,179.80286656100964,3629.647562418991,0.0,179.80286656100964
2025-04-13 05:00:00+00:00,3769.472306586,175.8534932246839,3593.618813361316,0.0,175.8534932246839
2025-04-13 06:00:00+00:00,3759.3012462179986,170.86305953580273,3588.438186682196,0.0,170.86305953580273
2025-04-13 07:00:00+00:00,3779.8837823040003,428.1022698738267,3351.7815124301737,262.9829838688207,165.119286005006
2025-04-13 08:00:00+00:00,3830.034161310001,664.0612975902442,3165.972863719757,505.1124294028326,158.94886818741156
2025-04-13 09:00:00+00:00,3906.5101208280003,863.1430419409278,3043.3670788870722,710.439068306899,152.70397363402878
2025-04-13 10:00:00+00:00,4004.2295751780007,1012.5309882404099,2991.698586937591,865.7832999793693,146.74768826104054
2025-04-13 11:00:00+00:00,4116.613521720001,1102.933719982375,3013.679801737626,961.4947245172704,141.43899546510454
2025-04-13 12:00:00+00:00,4236.031925957999,1129.062847030436,3106.9690789275633,991.9449306187312,137.11791641170487
2025-04-13 13:00:00+00:00,4354.3221915059985,1089.8385178049023,3264.4836737010964,955.7471111509832,134.09140665391902
2025-04-13 14:00:00+00:00,4463.344989348,988.3361135165978,3475.0088758314023,855.7155122349366,132.6206012816612
2025-04-13 15:00:00+00:00,4555.539531395998,831.5016093505201,3724.037922045478,698.5916928322116,132.9099165183085
2025-04-13 16:00:00+00:00,4624.440441221998,629.6711746300797,3994.7692665919185,494.57270478667,135.09846984340967
2025-04-13 17:00:00+00:00,4665.120983670001,395.93330095844556,4269.187682711556,256.6791466630023,139.25415429544327
2025-04-13 18:00:00+00:00,4674.532361226003,145.37062054341592,4529.161740682587,0.0,145.37062054341592
2025-04-13 19:00:00+00:00,4651.7159115839995,153.36729019472884,4498.348621389271,0.0,153.36729019472884
2025-04-13 20:00:00+00:00,4597.873592717999,163.0923959033571,4434.781196814642,0.0,163.0923959033571
2025-04-13 21:00:00+00:00,4516.2918771600025,174.32892185360998,4341.962955306392,0.0,174.32892185360998
2025-04-13 22:00:00+00:00,4412.124094980001,186.80321542843672,4225.320879551565,0.0,186.80321542843672
2025-04-13 23:00:00+00:00,4292.045911272001,200.19590039931865,4091.850010872682,0.0,200.19590039931865
2025-04-14 00:00:00+00:00,4534.758601212001,214.15465913208484,4320.603942079916,0.0,214.15465913208484
2025-04-14 01:00:00+00:00,4406.662447866,228.3083522333155,4178.354095632684,0.0,228.3083522333155
2025-04-14 02:00:00+00:00,4287.005804424,242.28190265974553,4044.723901764255,0.0,242.28190265974553
2025-04-14 03:00:00+00:00,4183.520840015999,255.7113358254373,3927.8095041905617,0.0,255.7113358254373
2025-04-14 04:00:00+00:00,4102.854077195999,268.2583576302536,3834.595719565745,0.0,268.2583576302536
2025-04-14 05:00:00+00:00,4050.119039106004,279.62387303428926,3770.4951660717147,0.0,279.62387303428926
2025-04-14 06:00:00+00:00,4028.5526729279995,289.5599010343829,3738.9927718936165,0.0,289.5599010343829
2025-04-14 07:00:00+00:00,4039.298884866,599.4460527715121,3439.852832094488,301.566665773796,297.8793869977161
2025-04-14 08:00:00+00:00,4081.3338385259995,895.5086817477395,3185.82515677826,591.0451627166307,304.4635190311088
2025-04-14 09:00:00+00:00,4151.537992560001,1156.8731002607503,2994.664892299251,847.6068535197137,309.2662467410367
2025-04-14 10:00:00+00:00,4244.910020484,1364.3477430655482,2880.5622774184512,1052.0319232946788,312.31581977086944
2025-04-14 11:00:00+00:00,4354.907905656,1501.9452062969433,2852.9626993590573,1188.2319245029703,313.71328179397295
2025-04-14 12:00:00+00:00,4473.894016158001,1558.2375360088622,2915.656480149139,1244.6095576394373,313.627978369425
2025-04-14 13:00:00+00:00,4593.653858976001,1527.417083285687,3066.236775690314,1215.1268027893677,312.2902804963194
2025-04-14 14:00:00+00:00,4705.953186102001,1409.9522623610626,3296.0009237409386,1099.9704708584215,309.98179150264104
2025-04-14 15:00:00+00:00,4803.095563014,1212.7587167471374,3590.3368462668623,905.7352432761325,307.0234734710051
2025-04-14 16:00:00+00:00,4878.442514231999,948.8478647893977,3929.594649442601,645.0857117274164,303.7621530619813
2025-04-14 17:00:00+00:00,4926.860854944001,636.403542412711,4290.457312531291,335.84756639675015,300.5559760159608
2025-04-14 18:00:00+00:00,4945.066912338,297.75939440104315,4647.307517936957,0.0,297.75939440104315
2025-04-14 19:00:00+00:00,4931.844275946,295.7083157732984,4636.135960172702,0.0,295.7083157732984
2025-04-14 20:00:00+00:00,4888.120412406,294.7060079281196,4593.4144044778795,0.0,294.7060079281196
2025-04-14 21:00:00+00:00,4816.897020306003,295.0103484854211,4521.886671820582,0.0,295.0103484854211
2025-04-14 22:00:00+00:00,4723.039143396001,296.8229353581765,4426.216208037825,0.0,296.8229353581765
2025-04-14 23:00:00+00:00,4612.937414064001,300.2805076144527,4312.656906449549,0.0,300.2805076144527
2025-04-15 00:00:00+00:00,4486.858217184001,305.4490279127534,4181.409189271248,0.0,305.4490279127534
2025-04-15 01:00:00+00:00,4367.2631378880005,312.32066679159516,4054.9424710964054,0.0,312.32066679159516
2025-04-15 02:00:00+00:00,4255.004750304,320.81381597737385,3934.1909343266257,0.0,320.81381597737385
2025-04-15 03:00:00+00:00,4157.607522515999,330.77613366782543,3826.831388848174,0.0,330.77613366782543
2025-04-15 04:00:00+00:00,4081.543372116001,341.9904850157862,3739.552887100215,0.0,341.9904850157862
2025-04-15 05:00:00+00:00,4031.7884365920004,354.1835530581726,3677.604883533828,0.0,354.1835530581726
2025-04-15 06:00:00+00:00,4011.482758878001,367.03675190587364,3644.446006972127,0.0,367.03675190587364
2025-04-15 07:00:00+00:00,4021.7161257419993,702.7189251024146,3318.9972006395847,322.51991763150033,380.19900747091424
2025-04-15 08:00:00+00:00,4061.4546345240005,1010.4390572939276,3051.015577230073,617.1381823990464,393.3008748948812
2025-04-15 09:00:00+00:00,4127.613036203999,1270.2458066537547,2857.3672295502447,864.2763869527314,405.9694197010232
2025-04-15 10:00:00+00:00,4215.267836514,1465.9880161306558,2749.2798203833445,1048.1447626651884,417.8432534654674
2025-04-15 11:00:00+00:00,4317.996592308001,1586.27138983852,2731.725202469481,1157.6842816894562,428.58710814906385
2025-04-15 12:00:00+00:00,4428.320203692,1625.0371434425392,2803.283060249461,1187.1317946853305,437.9053487572087
2025-04-15 13:00:00+00:00,4538.2179649380005,1581.7522104632822,2956.4657544747183,1136.198329540185,445.5538809230973
2025-04-15 14:00:00+00:00,4639.680127404001,1461.2300381415575,3178.4500892624433,1009.8800785968637,451.349959544694
2025-04-15 15:00:00+00:00,4725.260207934002,1273.124357967537,3452.1358499664652,817.9448646427248,455.17949332481203
2025-04-15 16:00:00+00:00,4788.589288937998,1031.1542917450015,3757.434997192997,574.152732649825,457.0015590951764
2025-04-15 17:00:00+00:00,4824.817012469999,752.1276597962874,4072.6893526737117,295.27773201116656,456.84992778512077
2025-04-15 18:00:00+00:00,4830.949184039999,454.8315495427786,4376.11763449722,0.0,454.8315495427786
2025-04-15 19:00:00+00:00,4806.058714548,451.1220541975405,4354.9366603504595,0.0,451.1220541975405
2025-04-15 20:00:00+00:00,4751.355439361999,445.9584578098612,4305.396981552138,0.0,445.9584578098612
2025-04-15 21:00:00+00:00,4670.1098514000005,439.62936364552775,4230.480487754473,0.0,439.62936364552775
2025-04-15 22:00:00+00:00,4567.435872551997,432.4630715969026,4134.9728009550945,0.0,432.4630715969026
2025-04-15 23:00:00+00:00,4449.947277131999,424.81407291635895,4025.13320421564,0.0,424.81407291635895
2025-04-16 00:00:00+00:00,4318.093445652,417.0484914102813,3901.0449542417186,0.0,417.0484914102813
2025-04-16 01:00:00+00:00,4194.510733643999,409.52905663975963,3784.981677004239,0.0,409.52905663975963
2025-04-16 02:00:00+00:00,4080.1599159299994,402.6002353370295,3677.55968059297,0.0,402.6002353370295
2025-04-16 03:00:00+00:00,3982.640739126,396.57412432761004,3586.0666147983898,0.0,396.57412432761004
2025-04-16 04:00:00+00:00,3908.4565498020006,391.71768385033226,3516.7388659516682,0.0,391.71768385033226
2025-04-16 05:00:00+00:00,3862.570292826001,388.24183102137994,3474.3284618046214,0.0,388.24183102137994
2025-04-16 06:00:00+00:00,3848.0644641600006,386.2928436918286,3461.771620468172,0.0,386.2928436918286
2025-04-16 07:00:00+00:00,3865.928247299999,681.2109481696515,3184.7172991303473,295.26452081250744,385.94642735714405
2025-04-16 08:00:00+00:00,3914.986391903999,959.1469053417088,2955.8394865622904,571.9422251174238,387.2046802242849
2025-04-16 09:00:00+00:00,3991.9747977480015,1200.7839686192856,2791.190829128716,810.7878768862356,389.9960917330501
2025-04-16 10:00:00+00:00,4091.757781482002,1389.143528487571,2702.614252994431,994.9649635671339,394.1785649204371
2025-04-16 11:00:00+00:00,4207.672251299999,1510.8577506328656,2696.814500667133,1111.3124048183533,399.5453458145124
2025-04-16 12:00:00+00:00,4331.97561972,1557.2114591348543,2774.764160585146,1151.3778499085436,405.83360922631067
2025-04-16 13:00:00+00:00,4456.366916316001,1524.8574904970026,2931.5094258189984,1112.12213408312,412.7353564138826
2025-04-16 14:00:00+00:00,4572.545896043998,1416.1327124258926,3156.413183618106,996.2225365782338,419.9101758476588
2025-04-16 15:00:00+00:00,4672.772075454001,1238.9339140326915,3433.83816142131,811.9345696589862,426.9993443737052
2025-04-16 16:00:00+00:00,4750.385824212001,1006.1510820397659,3744.234742172235,572.5103965930467,433.6406854467192
2025-04-16 17:00:00+00:00,4800.2561421360015,734.6961324100887,4065.560009725913,295.2125438740114,439.4835885360773
2025-04-16 18:00:00+00:00,4819.124736299997,444.2035605385746,4374.921175761422,0.0,444.2035605385746
2025-04-16 19:00:00+00:00,4805.823088415997,447.515726609034,4358.307361806963,0.0,447.515726609034
2025-04-16 20:00:00+00:00,4761.347847899998,449.18671038850056,4312.161137511497,0.0,449.18671038850056
2025-04-16 21:00:00+00:00,4688.789481431999,449.04442711536615,4239.745054316632,0.0,449.04442711536615
2025-04-16 22:00:00+00:00,4593.119188812002,446.9853711609542,4146.133817651048,0.0,446.9853711609542
2025-04-16 23:00:00+00:00,4480.848563057998,442.97910817380404,4037.869454884194,0.0,442.97910817380404
2025-04-17 00:00:00+00:00,4352.360724642001,437.06978478319826,3915.290939858802,0.0,437.06978478319826
2025-04-17 01:00:00+00:00,4230.290824368,429.3745922799022,3800.9162320880982,0.0,429.3745922799022
2025-04-17 02:00:00+00:00,4115.6219711879985,420.0792537707539,3695.5427174172446,0.0,420.0792537707539
2025-04-17 03:00:00+00:00,4016.026874118,409.43070707004284,3606.596167047957,0.0,409.43070707004284
2025-04-17 04:00:00+00:00,3938.123697942,397.7272931052369,3540.396404836763,0.0,397.7272931052369
2025-04-17 05:00:00+00:00,3887.029287288001,385.3068438977737,3501.722443390227,0.0,385.3068438977737
2025-04-17 06:00:00+00:00,3866.015416157998,372.53316546728126,3493.4822506907167,0.0,372.53316546728126
2025-04-17 07:00:00+00:00,3876.29138967,616.1834022039584,3260.107987466042,256.40194831546074,359.78145388849765
2025-04-17 08:00:00+00:00,3916.9276753319996,836.6598219912394,3080.26785334076,489.2365601532078,347.4232618380316
2025-04-17 09:00:00+00:00,3984.925637280002,1019.6515569086935,2965.2740803713086,683.8399475990165,335.81160930967707
2025-04-17 10:00:00+00:00,4075.4284782119994,1153.8011241565903,2921.6273540554093,828.5342624065578,325.26686175003255
2025-04-17 11:00:00+00:00,4182.058805021999,1231.2604096044356,2950.798395417564,915.1964595337727,316.0639500706629
2025-04-17 12:00:00+00:00,4297.359707718001,1247.9871189502064,3049.3725887677947,939.5656711032358,308.4214478469705
2025-04-17 13:00:00+00:00,4413.309140099999,1203.797169992812,3209.511970107187,901.3042066462931,302.492963346519
2025-04-17 14:00:00+00:00,4521.872342693998,1102.2030589976537,3419.669283696344,803.8418666063145,298.3611923913392
2025-04-17 15:00:00+00:00,4615.5546092879995,950.0757929651139,3665.4788163228855,654.0409198906444,296.0348730744695
2025-04-17 16:00:00+00:00,4687.916490558,757.1688340574913,3930.747656500509,461.7200660413586,295.44876801613265
2025-04-17 17:00:00+00:00,4734.016336475999,535.5383813572728,4198.477955118727,239.07169906513468,296.4666822921381
2025-04-17 18:00:00+00:00,4750.749847200002,298.8873736052797,4451.862473594721,0.0,298.8873736052797
2025-04-17 19:00:00+00:00,4737.063424464002,302.4531373379079,4434.610287126095,0.0,302.4531373379079
2025-04-17 20:00:00+00:00,4694.026790375999,306.86068942945946,4387.166100946539,0.0,306.86068942945946
2025-04-17 21:00:00+00:00,4624.759851095999,311.7739212272144,4312.985929868784,0.0,311.7739212272144
2025-04-17 22:00:00+00:00,4534.218806712,316.8379902989879,4217.380816413011,0.0,316.8379902989879
2025-04-17 23:00:00+00:00,4428.856108278001,321.69417423017177,4107.161934047829,0.0,321.69417423017177
2025-04-18 00:00:00+00:00,4308.948049979998,325.99488485449973,3982.953165125499,0.0,325.99488485449973
2025-04-18 01:00:00+00:00,4196.9968722779995,329.4182115342023,3867.578660743797,0.0,329.4182115342023
2025-04-18 02:00:00+00:00,4093.801038348002,331.6814175546606,3762.1196207933413,0.0,331.6814175546606
2025-04-18 03:00:00+00:00,4006.8202663859997,332.55282035260024,3674.2674460333997,0.0,332.55282035260024
2025-04-18 04:00:00+00:00,3942.43150833,331.86157649463144,3610.569931835368,0.0,331.86157649463144
2025-04-18 05:00:00+00:00,3905.487743682001,329.50497143081094,3575.98277225119,0.0,329.50497143081094
2025-04-18 06:00:00+00:00,3898.9803332760002,325.4529057243196,3573.527427551681,0.0,325.4529057243196
2025-04-18 07:00:00+00:00,3923.8281282479998,600.5275583905211,3323.300569857479,280.7781491995765,319.74940919094456
2025-04-18 08:00:00+00:00,3978.807841848002,863.1824117952129,3115.6254300527894,550.6713094333712,312.5111023618417
2025-04-18 09:00:00+00:00,4060.6306175399977,1094.130243247956,2966.5003742920417,790.2075603491564,303.9226828987995
2025-04-18 10:00:00+00:00,4164.159673295999,1275.6017609294977,2888.557912366501,981.3721465292732,294.2296144002244
2025-04-18 11:00:00+00:00,4282.754404152,1392.7742886025087,2889.9801155494906,1109.0459752742918,283.72831332821687
2025-04-18 12:00:00+00:00,4408.717561122001,1435.044961074494,2973.672600047507,1162.2907166918726,272.75424438262155
2025-04-18 13:00:00+00:00,4533.815201622002,1397.0255750177294,3136.7896266042726,1135.3571730911333,261.66840192659606
2025-04-18 14:00:00+00:00,4649.834041608002,1279.1549597084916,3370.6790818995105,1028.3122203570942,250.84273935139728
2025-04-18 15:00:00+00:00,4749.13833261,1087.8557064037218,3661.2826262062786,847.2105715199059,240.64513488381579
2025-04-18 16:00:00+00:00,4825.188357150002,835.2024649982927,3989.9858921517093,603.7779553035427,231.42450969475
2025-04-18 17:00:00+00:00,4872.985253346001,538.1146104997542,4334.8706428462465,314.61789411436604,223.49671638538814
2025-04-18 18:00:00+00:00,4889.4118638539985,217.13176343532558,4672.280100418673,0.0,217.13176343532558
2025-04-18 19:00:00+00:00,4873.446375714002,212.54290423065072,4660.9034714833515,0.0,212.54290423065072
2025-04-18 20:00:00+00:00,4826.234124684001,209.87803796417955,4616.356086719821,0.0,209.87803796417955
2025-04-18 21:00:00+00:00,4751.012690004,209.21376989102163,4541.7989201129785,0.0,209.21376989102163
2025-04-18 22:00:00+00:00,4652.895187583998,210.55237935298553,4442.342808231013,0.0,210.55237935298553
2025-04-18 23:00:00+00:00,4538.526549227998,213.82181608194946,4324.704733146048,0.0,213.82181608194946
2025-04-19 00:00:00+00:00,4030.255208111999,218.87872404287037,3811.3764840691283,0.0,218.87872404287037
2025-04-19 01:00:00+00:00,3907.135361934002,225.5143708276554,3681.6209911063465,0.0,225.5143708276554
2025-04-19 02:00:00+00:00,3792.0832949580013,233.4632401009936,3558.6200548570077,0.0,233.4632401009936
2025-04-19 03:00:00+00:00,3692.8414674060014,242.41393296103362,3450.427534444968,0.0,242.41393296103362
2025-04-19 04:00:00+00:00,3616.076534364,252.0219353586808,3364.0545990053192,0.0,252.0219353586808
2025-04-19 05:00:00+00:00,3566.9313227099988,261.92372517546005,3305.007597534539,0.0,261.92372517546005
2025-04-19 06:00:00+00:00,3548.680397681999,271.75163932842327,3276.9287583535756,0.0,271.75163932842327
2025-04-19 07:00:00+00:00,3562.512550086,594.162962000775,2968.349588085225,313.0140569953642,281.14890500541077
2025-04-19 08:00:00+00:00,3607.4548305599988,892.0206883417598,2715.434142218239,602.236486913405,289.7842014283547
2025-04-19 09:00:00+00:00,3680.4432467459983,1145.780234726317,2534.6630120196814,848.4150659098442,297.36516881647293
2025-04-19 10:00:00+00:00,3776.5351771980004,1339.1104244353573,2437.424752762643,1035.4601158590945,303.65030857626294
2025-04-19 11:00:00+00:00,3889.2489265139993,1459.8720216596123,2429.3769048543872,1151.4132341570967,308.4587875025157
2025-04-19 12:00:00+00:00,4011.0071882580005,1500.794515895519,2510.2126723624815,1189.1167765344264,311.67773936109256
2025-04-19 13:00:00+00:00,4133.654221115998,1459.8309541703163,2673.823266945681,1146.5641786539582,313.2667755163581
2025-04-19 14:00:00+00:00,4249.011389700001,1340.1910305331257,2908.8203591668753,1026.9315151972935,313.25951533583236
2025-04-19 15:00:00+00:00,4349.433244086,1150.0689568053535,3199.3642872806463,838.3068936265558,311.76206317879763
2025-04-19 16:00:00+00:00,4428.326295204,902.0947833662108,3526.2315118377896,593.1462634175672,308.9485199486436
2025-04-19 17:00:00+00:00,4480.595129009999,612.5461237115121,3868.049005298487,307.4924414620964,305.05368224941566
2025-04-19 18:00:00+00:00,4502.98555035,300.36325740727597,4202.622292942724,0.0,300.36325740727597
2025-04-19 19:00:00+00:00,4494.301467935999,295.2019706737679,4199.099497262231,0.0,295.2019706737679
2025-04-19 20:00:00+00:00,4455.480860081999,289.92007104914074,4165.560789032858,0.0,289.92007104914074
2025-04-19 21:00:00+00:00,4389.525743526001,284.8787769123057,4104.646966613695,0.0,284.8787769123057
2025-04-19 22:00:00+00:00,4301.291057574001,280.4352595720926,4020.855798001908,0.0,280.4352595720926
2025-04-19 23:00:00+00:00,4197.147030594,276.92778577357967,3920.2192448204205,0.0,276.92778577357967
2025-04-20 00:00:00+00:00,4077.3055207919997,274.66161949214126,3802.6439012998585,0.0,274.66161949214126
2025-04-20 01:00:00+00:00,3964.236453072001,273.8962685613436,3690.3401845106573,0.0,273.8962685613436
2025-04-20 02:00:00+00:00,3858.719757311997,274.8345921841783,3583.8851651278187,0.0,274.8345921841783
2025-04-20 03:00:00+00:00,3768.223669643998,277.61421809846684,3490.6094515455316,0.0,277.61421809846684
2025-04-20 04:00:00+00:00,3699.157364238,282.3016242728788,3416.855739965121,0.0,282.3016242728788
2025-04-20 05:00:00+00:00,3656.429042952,288.889123935833,3367.539919016167,0.0,288.889123935833
2025-04-20 06:00:00+00:00,3643.107067404004,297.2948781440386,3345.812189259965,0.0,297.2948781440386
2025-04-20 07:00:00+00:00,3660.2073499320004,639.484160292479,3020.7231896395215,332.1182221838271,307.36593810865196
2025-04-20 08:00:00+00:00,3706.6215195659997,963.2569887095992,2743.3645308564005,644.3727956373032,318.88419307229606
2025-04-20 09:00:00+00:00,3779.190877056001,1246.0529421240071,2533.137934931994,914.4779645825962,331.574977541411
2025-04-20 10:00:00+00:00,3872.9210994600003,1468.0277906430883,2404.893308816912,1122.9098002523351,345.1179903907532
2025-04-20 11:00:00+00:00,3981.3230721179993,1613.5958706594897,2367.7272014585096,1254.4357935902783,359.16007706921147
2025-04-20 12:00:00+00:00,4096.856652756,1672.6735886414656,2424.1830641145343,1299.344237177278,373.32935146418754
2025-04-20 13:00:00+00:00,4211.447007726001,1641.5084884223288,2569.9385193036724,1254.2584061933508,387.250082228978
2025-04-20 14:00:00+00:00,4317.038375412002,1523.0116059133065,2794.0267694986956,1122.4538745020118,400.55773141129475
2025-04-20 15:00:00+00:00,4406.147354531999,1326.5540982869775,3079.593256245021,913.6405628479355,412.91353543904205
2025-04-20 16:00:00+00:00,4472.377946567999,1067.2376895342782,3405.140257033721,643.2196621429009,424.0180273913773
2025-04-20 17:00:00+00:00,4510.863147965998,764.6976416526966,3746.165506313301,331.07469337410294,433.62294827859364
2025-04-20 18:00:00+00:00,4518.602821193998,441.54105937571876,4077.0617618182796,0.0,441.54105937571876
2025-04-20 19:00:00+00:00,4494.674730000001,447.6534652457436,4047.021264754257,0.0,447.6534652457436
2025-04-20 20:00:00+00:00,4440.304154873999,451.9141258457069,3988.3900290282922,0.0,451.9141258457069
2025-04-20 21:00:00+00:00,4358.787244350001,454.35140023921434,3904.4358441107865,0.0,454.35140023921434
2025-04-20 22:00:00+00:00,4255.273078014001,455.0665361535854,3800.2065418604157,0.0,455.0665361535854
2025-04-20 23:00:00+00:00,4136.419258524,454.22918301085076,3682.190075513149,0.0,454.22918301085076
2025-04-21 00:00:00+00:00,4380.861853032,452.07010734947073,3928.7917456825294,0.0,452.07010734947073
2025-04-21 01:00:00+00:00,4255.024407731999,448.8714093244481,3806.1529984075514,0.0,448.8714093244481
2025-04-21 02:00:00+00:00,4138.065714468,444.9546395218295,3693.1110749461704,0.0,444.9546395218295
2025-04-21 03:00:00+00:00,4037.6516908139997,440.66730700000807,3596.984383813992,0.0,440.66730700000807
2025-04-21 04:00:00+00:00,3960.3537801659995,436.36833379159003,3523.9854463744095,0.0,436.36833379159003
2025-04-21 05:00:00+00:00,3911.2033338840006,432.4130414119558,3478.7902924720447,0.0,432.4130414119558
2025-04-21 06:00:00+00:00,3893.349926675999,429.13829410491485,3464.211632571084,0.0,429.13829410491485
2025-04-21 07:00:00+00:00,3907.8469489500008,703.785592327655,3204.0613566223456,276.9371842976417,426.84840803001333
2025-04-21 08:00:00+00:00,3953.5789965000017,952.6438383983439,3000.935158101658,526.8414427258921,425.8023956724518
2025-04-21 09:00:00+00:00,4027.336063086001,1160.3812484430337,2866.9548146429674,734.1781743493896,426.20307409364403
2025-04-21 10:00:00+00:00,4124.029543074,1314.9839229232878,2809.0456201507122,886.7954356513833,428.1884872719045
2025-04-21 11:00:00+00:00,4237.035371057999,1408.3149087764912,2828.720462281508,976.4889283712856,431.82598040520554
2025-04-21 12:00:00+00:00,4358.641018367999,1436.3896417974881,2922.2513765705107,999.2804524214528,437.10918937603543
2025-04-21 13:00:00+00:00,4480.565977986,1399.3878394944381,3081.1781384915616,955.4297935677585,443.9580459266796
2025-04-21 14:00:00+00:00,4594.520414735997,1301.4362937971196,3293.0841209388777,849.21447233309,452.2218214640294
2025-04-21 15:00:00+00:00,4692.764031816002,1150.2038621624345,3542.5601696535678,688.5187938797658,461.68506828266874
2025-04-21 16:00:00+00:00,4768.6272217079995,956.3505212584045,3812.276700449595,484.27429963646216,472.0762216219423
2025-04-21 17:00:00+00:00,4816.959131669998,732.867966896308,4084.0911647736903,249.78944960450434,483.0785172918037
2025-04-21 18:00:00+00:00,4834.472283816003,494.3427620494161,4340.1295217665875,0.0,494.3427620494161
2025-04-21 19:00:00+00:00,4819.960427268001,505.50145472420786,4314.458972543793,0.0,505.50145472420786
2025-04-21 20:00:00+00:00,4774.3748602199985,516.183657019409,4258.191203200589,0.0,516.183657019409
2025-04-21 21:00:00+00:00,4700.754296952003,526.0300336192245,4174.724263332779,0.0,526.0300336192245
2025-04-21 22:00:00+00:00,4604.013022350003,534.7074154307883,4069.3056069192144,0.0,534.7074154307883
2025-04-21 23:00:00+00:00,4490.602049430001,541.9223144619658,3948.679734968035,0.0,541.9223144619658
2025-04-22 00:00:00+00:00,4360.839070055999,547.432826968651,3813.4062430873482,0.0,547.432826968651
2025-04-22 01:00:00+00:00,4237.301268101999,551.0584339591504,3686.2428341428486,0.0,551.0584339591504
2025-04-22 02:00:00+00:00,4120.906790532,552.6873072129158,3568.2194833190842,0.0,552.6873072129158
2025-04-22 03:00:00+00:00,4019.2686529379994,552.2808184293252,3466.987834508674,0.0,552.2808184293252
2025-04-22 04:00:00+00:00,3938.9494880819993,549.8750585424461,3389.0744295395534,0.0,549.8750585424461
2025-04-22 05:00:00+00:00,3885.0161783160015,545.5793243208798,3339.436853995122,0.0,545.5793243208798
2025-04-22 06:00:00+00:00,3860.697407406001,539.5716106976317,3321.1257967083693,0.0,539.5716106976317
2025-04-22 07:00:00+00:00,3867.167441549999,805.4265637032423,3061.7408778467566,273.3352515586038,532.0913121446386
2025-04-22 08:00:00+00:00,3903.470710859999,1056.4336394533375,2847.0370714066617,533.004213588324,523.4294258650135
2025-04-22 09:00:00+00:00,3966.592307160001,1274.4028161692413,2692.1894909907596,760.4861660448407,513.9166501244006
2025-04-22 10:00:00+00:00,4051.6694604119984,1443.0108902765885,2608.6585701354097,939.1010083348747,503.90988194171376
2025-04-22 11:00:00+00:00,4152.329388563999,1549.0965951162875,2603.232793447711,1055.3189486623644,493.777646453923
2025-04-22 12:00:00+00:00,4261.1304697919995,1583.7585231719522,2677.3719466200473,1099.8734508372268,483.8850723347256
2025-04-22 13:00:00+00:00,4370.076377141999,1543.150947619251,2826.925429522748,1068.5719303228711,474.5790172963797
2025-04-22 14:00:00+00:00,4471.168106958,1428.896075473423,3042.272031484577,962.722117418885,466.1739580545381
2025-04-22 15:00:00+00:00,4556.956032762,1248.064247488762,3308.8917852732384,789.1250319730706,458.9392155156914
2025-04-22 16:00:00+00:00,4621.054273206002,1012.7129582703315,3608.3413149356707,559.6249092897963,453.08804898053523
2025-04-22 17:00:00+00:00,4658.582127317999,739.0169474369286,3919.5651798810704,290.2478911320492,448.76905630487937
2025-04-22 18:00:00+00:00,4666.50234855,446.06023193723524,4220.442116612764,0.0,446.06023193723524
2025-04-22 19:00:00+00:00,4643.833151454,444.9659327252441,4198.867218728756,0.0,444.9659327252441
2025-04-22 20:00:00+00:00,4591.719299118001,445.41687200107,4146.302427116931,0.0,445.41687200107
2025-04-22 21:00:00+00:00,4513.357371851998,447.2731382491269,4066.0842336028713,0.0,447.2731382491269
2025-04-22 22:00:00+00:00,4413.780290556001,450.3301185853432,3963.4501719706577,0.0,450.3301185853432
2025-04-22 23:00:00+00:00,4299.515649072,454.3270830704086,3845.1885660015914,0.0,454.3270830704086
2025-04-23 00:00:00+00:00,4170.919745706001,458.9580808951696,3711.9616648108313,0.0,458.9580808951696
2025-04-23 01:00:00+00:00,4050.5460600359993,463.8846937527346,3586.6613662832647,0.0,463.8846937527346
2025-04-23 02:00:00+00:00,3939.2623398240007,468.7501355230777,3470.5122043009233,0.0,468.7501355230777
2025-04-23 03:00:00+00:00,3844.5822402960007,473.19410828805695,3371.3881320079436,0.0,473.19410828805695
2025-04-23 04:00:00+00:00,3772.9282470179996,476.86781804083193,3296.0604289771677,0.0,476.86781804083193
2025-04-23 05:00:00+00:00,3729.1895916240005,479.4485238806261,3249.7410677433745,0.0,479.4485238806261
2025-04-23 06:00:00+00:00,3716.383939589998,480.6530321894025,3235.7309074005957,0.0,480.6530321894025
2025-04-23 07:00:00+00:00,3735.4460453100005,762.914236163936,2972.5318091460645,282.6646556072484,480.2495805566876
2025-04-23 08:00:00+00:00,3785.1579542280006,1023.5083909511163,2761.6495632768842,545.4407674536795,478.0676234974368
2025-04-23 09:00:00+00:00,3862.225596389999,1245.173096235836,2617.0525001541628,771.1679762482167,474.0051199876193
2025-04-23 10:00:00+00:00,3961.4967446459996,1413.2057264372772,2548.2910182087226,945.1727052647301,468.0330211725471
2025-04-23 11:00:00+00:00,4076.3056389719995,1516.304493051351,2560.0011459206485,1056.1077129809496,460.19678007040153
2025-04-23 12:00:00+00:00,4198.92094167,1547.201046646876,2651.7198950231236,1096.5862336118798,450.614813034996
2025-04-23 13:00:00+00:00,4321.066629515998,1503.0671689891792,2817.999460526819,1063.5931850361171,439.47398395306203
2025-04-23 14:00:00+00:00,4434.48051669,1385.6868541169852,3048.7936625730144,958.6645691993356,427.0222849176495
2025-04-23 15:00:00+00:00,4531.4724298619985,1201.3910303781888,3330.08139948381,787.8320042656826,413.5590261125063
2025-04-23 16:00:00+00:00,4605.444150132002,960.7564680133008,3644.6876821187006,561.3335486563872,399.42291935691367
2025-04-23 17:00:00+00:00,4651.335739302003,678.0746181180998,3973.2611211839035,293.0960585868442,384.97855953125554
2025-04-23 18:00:00+00:00,4665.968000777998,370.60184506989316,4295.366155708105,0.0,370.60184506989316
2025-04-23 19:00:00+00:00,4648.257684714001,356.66493415736284,4291.592750556638,0.0,356.66493415736284
2025-04-23 20:00:00+00:00,4599.290925516001,343.521364315602,4255.769561200399,0.0,343.521364315602
2025-04-23 21:00:00+00:00,4522.249812822001,331.4919238856349,4190.757888936367,0.0,331.4919238856349
2025-04-23 22:00:00+00:00,4422.197156664,320.8518720397346,4101.345284624266,0.0,320.8518720397346
2025-04-23 23:00:00+00:00,4305.734047776,311.8200196769233,3993.9140280990764,0.0,311.8200196769233
2025-04-24 00:00:00+00:00,4173.340137582001,304.5501192333188,3868.7900183486827,0.0,304.5501192333188
2025-04-24 01:00:00+00:00,4047.707190618001,299.1249131084852,3748.5822775095157,0.0,299.1249131084852
2025-04-24 02:00:00+00:00,3929.9006700239975,295.55309651455724,3634.3475735094403,0.0,295.55309651455724
2025-04-24 03:00:00+00:00,3827.6547004920017,293.7692967751146,3533.885403716887,0.0,293.7692967751146
2025-04-24 04:00:00+00:00,3747.6377993460005,293.63708829627996,3454.0007110497204,0.0,293.63708829627996
2025-04-24 05:00:00+00:00,3695.004917099999,294.95491013137604,3400.050006968623,0.0,294.95491013137604
2025-04-24 06:00:00+00:00,3673.0528131359997,297.4646458582162,3375.5881672777837,0.0,297.4646458582162
2025-04-24 07:00:00+00:00,3683.00209326,645.6358637601652,3037.366229499835,344.77335138892306,300.86251237124213
2025-04-24 08:00:00+00:00,3723.9206076660007,976.2852845172722,2747.6353231487283,671.4734727422962,304.811811774976
2025-04-24 09:00:00+00:00,3792.7932445619995,1261.951210410457,2530.8420341515425,952.9941830384622,308.95702737199485
2025-04-24 10:00:00+00:00,3884.733292062,1480.1134171924411,2404.6198748695588,1167.1747382538176,312.93867893862347
2025-04-24 11:00:00+00:00,3993.3207164760033,1618.2225962134721,2375.098120262531,1301.8142651723801,316.4083310410921
2025-04-24 12:00:00+00:00,4111.044267792,1666.780451879291,2444.263815912709,1347.7373000377547,319.04315184153614
2025-04-24 13:00:00+00:00,4229.817137196002,1622.3736628358151,2607.4434743601864,1301.8142651723801,320.5593976634349
2025-04-24 14:00:00+00:00,4341.530932578,1487.8990440421637,2853.631888535836,1167.1747382538176,320.72430578834616
2025-04-24 15:00:00+00:00,4438.610167319999,1272.360058776279,3166.25010854372,952.9941830384622,319.3658757378166
2025-04-24 16:00:00+00:00,4514.529398273999,990.2488112536812,3524.2805870203174,673.8686492694334,316.38016198424776
2025-04-24 17:00:00+00:00,4564.257787362002,660.5558474695365,3903.701939892466,348.82008063502997,311.7357668345065
2025-04-24 18:00:00+00:00,4584.600752256002,305.47535235142954,4279.125399904573,0.0,305.47535235142954
2025-04-24 19:00:00+00:00,4574.4154684620025,297.71410699186754,4276.701361470135,0.0,297.71410699186754
2025-04-24 20:00:00+00:00,4534.68557094,288.635236457904,4246.050334482095,0.0,288.635236457904
2025-04-24 21:00:00+00:00,4468.450075152001,278.48265102418947,4189.967424127812,0.0,278.48265102418947
2025-04-24 22:00:00+00:00,4380.591378870003,267.55115911895024,4113.040219751052,0.0,267.55115911895024
2025-04-24 23:00:00+00:00,4277.496971160005,256.17456491601666,4021.3224062439886,0.0,256.17456491601666
2025-04-25 00:00:00+00:00,4159.414784196001,244.71215567499908,3914.702628521002,0.0,244.71215567499908
2025-04-25 01:00:00+00:00,4048.7516643420013,233.53412888809643,3815.217535453905,0.0,233.53412888809643
2025-04-25 02:00:00+00:00,3946.302074567998,223.00656474146408,3723.295509826534,0.0,223.00656474146408
2025-04-25 03:00:00+00:00,3859.5088965719997,213.47655013839508,3646.0323464336047,0.0,213.47655013839508
2025-04-25 04:00:00+00:00,3794.7460535039995,205.2580679248282,3589.4879855791714,0.0,205.2580679248282
2025-04-25 05:00:00+00:00,3756.877388627997,198.61922429476894,3558.258164333228,0.0,198.61922429476894
2025-04-25 06:00:00+00:00,3748.91876457,193.77134373298267,3555.1474208370173,0.0,193.77134373298267
2025-04-25 07:00:00+00:00,3771.8266208280006,498.6205494630249,3273.2060713649757,307.76017732981774,190.86037213320714
2025-04-25 08:00:00+00:00,3824.4274717319986,777.4879517906943,3046.9395199413043,587.5270088223688,189.9609429683255
2025-04-25 09:00:00+00:00,3903.493295268001,1012.6360676217646,2890.8572276462364,821.5627215676665,191.07334605409807
2025-04-25 10:00:00+00:00,4003.957777512003,1189.7646004524545,2814.1931770595484,995.6410684673367,194.12353198511775
2025-04-25 11:00:00+00:00,4119.258760806001,1298.7496078504935,2820.5091529555075,1099.783474090652,198.9661337598415
2025-04-25 12:00:00+00:00,4241.783598612001,1334.0893280889256,2907.694270523075,1128.6989208245752,205.39040726435044
2025-04-25 13:00:00+00:00,4363.387112195999,1295.0603433698388,3068.3267688261603,1081.931520390983,213.12882297885596
2025-04-25 14:00:00+00:00,4475.946876912,1185.602323460125,3290.344553451875,963.7343509464665,221.86797251365857
2025-04-25 15:00:00+00:00,4571.917973994,1013.958772071348,3557.959201922652,782.6974330855993,231.2613389857487
2025-04-25 16:00:00+00:00,4644.849352248001,792.1059979668771,3852.743354281124,551.1625879556002,240.94341001127685
2025-04-25 17:00:00+00:00,4689.826578318,535.0042850900853,4154.822293227915,284.4597358436684,250.54454924641692
2025-04-25 18:00:00+00:00,4703.810708856001,259.7060254046495,4444.104683451352,0.0,259.7060254046495
2025-04-25 19:00:00+00:00,4685.850097823997,268.094586588606,4417.755511235391,0.0,268.094586588606
2025-04-25 20:00:00+00:00,4637.150559173999,275.4159677746105,4361.734591399389,0.0,275.4159677746105
2025-04-25 21:00:00+00:00,4560.9990235740015,281.426794699304,4279.572228874697,0.0,281.426794699304
2025-04-25 22:00:00+00:00,4462.545711708,285.94439323593866,4176.601318472061,0.0,285.94439323593866
2025-04-25 23:00:00+00:00,4348.459484501999,288.8540954131111,4059.605389088888,0.0,288.8540954131111
2025-04-26 00:00:00+00:00,3841.140239076001,290.1137522601723,3551.0264868158283,0.0,290.1137522601723
2025-04-26 01:00:00+00:00,3719.5560265919994,289.7552649512063,3429.800761640793,0.0,289.7552649512063
2025-04-26 02:00:00+00:00,3606.646750770001,287.8830728835257,3318.7636778864753,0.0,287.8830728835257
2025-04-26 03:00:00+00:00,3510.123828876001,284.66965857608295,3225.454170299918,0.0,284.66965857608295
2025-04-26 04:00:00+00:00,3436.610113103999,280.34826013388624,3156.261852970113,0.0,280.34826013388624
2025-04-26 05:00:00+00:00,3391.1929152779994,275.20308035485215,3115.989834923147,0.0,275.20308035485215
2025-04-26 06:00:00+00:00,3377.0808545040004,269.5574050229596,3107.5234494810406,0.0,269.5574050229596
2025-04-26 07:00:00+00:00,3395.387863014,557.4256826179421,2837.9621803960576,293.66557906164945,263.7601035562927
2025-04-26 08:00:00+00:00,3445.05900207,826.3629859569992,2618.696016113001,568.1919009694392,258.17108498755994
2025-04-26 09:00:00+00:00,3522.9430468259998,1057.3269440707954,2465.6161027552043,804.1806662520742,253.14627781872125
2025-04-26 10:00:00+00:00,3624.0069406379994,1233.9026120902204,2390.104328547779,984.879830690992,249.0227813992283
2025-04-26 11:00:00+00:00,3741.6774457440006,1343.5759178763003,2398.1015278677005,1097.4711545921828,246.10476328411764
2025-04-26 12:00:00+00:00,3868.286773848,1378.717956820129,2489.568817027871,1134.0672420863125,244.65071473381664
2025-04-26 13:00:00+00:00,3995.5918238880017,1337.1897668931938,2658.402056994808,1092.327212364446,244.86255452874764
2025-04-26 14:00:00+00:00,4115.331788694001,1222.510306481922,2892.821482212079,975.6332536932558,246.8770527886662
2025-04-26 15:00:00+00:00,4219.786147668,1043.5701128887881,3176.216034779212,792.8102009594356,250.7599119293525
2025-04-26 16:00:00+00:00,4302.295164426003,813.9152378498334,3488.3799265761695,557.4124846796682,256.50275317016525
2025-04-26 17:00:00+00:00,4357.707549300003,550.6659225430324,3807.041626756971,286.64278974382074,264.0231327992116
2025-04-26 18:00:00+00:00,4382.724913979999,273.1675852388306,4109.557328741168,0.0,273.1675852388306
2025-04-26 19:00:00+00:00,4376.1196533600005,283.71756870463435,4092.4020846553663,0.0,283.71756870463435
2025-04-26 20:00:00+00:00,4338.811640897999,295.398078352466,4043.413562545533,0.0,295.398078352466
2025-04-26 21:00:00+00:00,4273.798600428001,307.8885653828992,3965.9100350451017,0.0,307.8885653828992
2025-04-26 22:00:00+00:00,4185.945079385999,320.8357170290759,3865.1093623569227,0.0,320.8357170290759
2025-04-26 23:00:00+00:00,4081.644581994001,333.86758063906524,3747.7770013549357,0.0,333.86758063906524
2025-04-27 00:00:00+00:00,3961.2015056879986,346.60845222122265,3614.593053466776,0.0,346.60845222122265
2025-04-27 01:00:00+00:00,3847.0219672079993,358.69391359405915,3488.32805361394,0.0,358.69391359405915
2025-04-27 02:00:00+00:00,3740.0017284840014,369.7854133720177,3370.216315111984,0.0,369.7854133720177
2025-04-27 03:00:00+00:00,3647.6783059920012,379.58378923653436,3268.094516755467,0.0,379.58378923653436
2025-04-27 04:00:00+00:00,3576.5381504160005,387.84117847659485,3188.6969719394056,0.0,387.84117847659485
2025-04-27 05:00:00+00:00,3531.572912237999,394.37083254031126,3137.2020796976876,0.0,394.37083254031126
2025-04-27 06:00:00+00:00,3515.938597038,399.0544348828694,3116.8841621551305,0.0,399.0544348828694
2025-04-27 07:00:00+00:00,3530.7408609060003,658.0209551673066,2872.719905738694,256.17433618008647,401.84661898722015
2025-04-27 08:00:00+00:00,3574.961085108,896.1267074601112,2678.8343776478887,493.35020425542325,402.77650320468797
2025-04-27 09:00:00+00:00,3645.5281719360005,1098.5759171516806,2546.95225478432,696.6297324036069,401.94618474807373
2025-04-27 10:00:00+00:00,3737.531196167998,1252.8356428313277,2484.6955533366704,853.3093923266545,399.5262505046733
2025-04-27 11:00:00+00:00,3844.5582602699997,1349.2753645564844,2495.2828957135152,953.5268728378132,395.74849171867123
2025-04-27 12:00:00+00:00,3959.138404746,1381.6566988779064,2577.4817058680937,990.7605857799134,390.89611309799295
2025-04-27 13:00:00+00:00,4073.2563324179987,1347.4679040686,2725.7884283493986,962.176047046533,385.29185702206723
2025-04-27 14:00:00+00:00,4178.904725310001,1248.0977927113693,2930.8069325986316,868.8132870428498,379.28450566851956
2025-04-27 15:00:00+00:00,4268.636391852,1088.8411387390952,3179.795253112905,715.6068098779884,373.23432886110686
2025-04-27 16:00:00+00:00,4336.078431216,878.7246985582674,3457.353732657733,511.22662280470803,367.4980757535594
2025-04-27 17:00:00+00:00,4376.373257088,630.1420267621296,3746.2312303258705,267.72791312284943,362.4141136392802
2025-04-27 18:00:00+00:00,4386.516248141996,358.28833196337126,4028.2279161786246,0.0,358.28833196337126
2025-04-27 19:00:00+00:00,4365.566838444,355.3813859932253,4010.1854524507744,0.0,355.3813859932253
2025-04-27 20:00:00+00:00,4314.718552872,353.8978035904333,3960.820749281567,0.0,353.8978035904333
2025-04-27 21:00:00+00:00,4237.223079558,353.9774031155152,3883.2456764424846,0.0,353.9774031155152
2025-04-27 22:00:00+00:00,4138.17335946,355.6893655127007,3782.4839939472995,0.0,355.6893655127007
2025-04-27 23:00:00+00:00,4024.160446740002,359.02922007815704,3665.131226661845,0.0,359.02922007815704
2025-04-28 00:00:00+00:00,4273.816170791999,363.9188488959441,3909.897321896055,0.0,363.9188488959441
2025-04-28 01:00:00+00:00,4153.339294229998,370.20952177091283,3783.129772459085,0.0,370.20952177091283
2025-04-28 02:00:00+00:00,4041.872052372001,377.68784114842055,3664.1842112235804,0.0,377.68784114842055
2025-04-28 03:00:00+00:00,3946.9895203619985,386.084336778141,3560.9051835838577,0.0,386.084336778141
2025-04-28 04:00:00+00:00,3875.1712259400006,395.08437964328215,3480.0868462967182,0.0,395.08437964328215
2025-04-28 05:00:00+00:00,3831.3576907620013,404.3409508585355,3427.016739903466,0.0,404.3409508585355
2025-04-28 06:00:00+00:00,3818.610862542,413.48875540187174,3405.1221071401283,0.0,413.48875540187174
2025-04-28 07:00:00+00:00,3837.9017181119993,751.4902175369491,3086.41150057505,329.3311209242412,422.1590966127079
2025-04-28 08:00:00+00:00,3888.039574733999,1072.9717168226553,2815.0678579113437,642.976815310094,429.9949015125611
2025-04-28 09:00:00+00:00,3965.7480303840016,1354.5507890066287,2611.197241377373,917.8854990450174,436.66528996161145
2025-04-28 10:00:00+00:00,4065.8825062379997,1575.2680406855557,2490.614465552444,1133.3889578029862,441.8790828825694
2025-04-28 11:00:00+00:00,4181.774675862001,1718.2781998003343,2463.4964760616663,1272.8815017856193,445.3966980147149
2025-04-28 12:00:00+00:00,4305.6804797999985,1772.243061489894,2533.4374183101045,1325.2031110716127,447.0399504182813
2025-04-28 13:00:00+00:00,4429.301335872,1732.2971269471175,2697.0042089248827,1285.5977736292114,446.6993533179061
2025-04-28 14:00:00+00:00,4544.343196595998,1600.494535656398,2943.8486609396,1156.155913580267,444.338622076131
2025-04-28 15:00:00+00:00,4643.0754963180025,1385.6935582900094,3257.381938027993,945.6973655211704,439.9961927688391
2025-04-28 16:00:00+00:00,4718.852047602004,1102.8871407135434,3615.9649068884605,669.1034400610299,433.7837006525135
2025-04-28 17:00:00+00:00,4766.558567988,772.039212590399,3994.5193553976005,346.15774231426786,425.8814702761311
2025-04-28 18:00:00+00:00,4782.956417735999,416.5312153770367,4366.425202358962,0.0,416.5312153770367
2025-04-28 19:00:00+00:00,4766.899268460002,406.0262332012778,4360.873035258724,0.0,406.0262332012778
2025-04-28 20:00:00+00:00,4719.408050783996,394.69950357428513,4324.7085472097115,0.0,394.69950357428513
2025-04-28 21:00:00+00:00,4643.599128798001,382.9101791983516,4260.68894959965,0.0,382.9101791983516
2025-04-28 22:00:00+00:00,4544.470672938,371.02901279944155,4173.441660138558,0.0,371.02901279944155
2025-04-28 23:00:00+00:00,4428.561802560002,359.4233303278839,4069.1384722321186,0.0,359.4233303278839
2025-04-29 00:00:00+00:00,4296.366545225998,348.4421483276207,3947.924396898378,0.0,348.4421483276207
2025-04-29 01:00:00+00:00,4170.380231178001,338.4020631617148,3831.978168016286,0.0,338.4020631617148
2025-04-29 02:00:00+00:00,4051.695281466001,329.5744732424895,3722.120808223511,0.0,329.5744732424895
2025-04-29 03:00:00+00:00,3948.008737218002,322.17466953826624,3625.8340676797357,0.0,322.17466953826624
2025-04-29 04:00:00+00:00,3865.9611100740003,316.35322834101424,3549.6078817329862,0.0,316.35322834101424
2025-04-29 05:00:00+00:00,3810.689177820003,312.19007004326426,3498.4991077767386,0.0,312.19007004326426
2025-04-29 06:00:00+00:00,3785.481903042001,309.69142198723307,3475.790481054768,0.0,309.69142198723307
2025-04-29 07:00:00+00:00,3791.562763379998,631.8610227607367,3159.7017406192617,323.071216125128,308.7898066356086
2025-04-29 08:00:00+00:00,3828.0132131220003,930.5378160891388,2897.4753970328616,621.1907588071647,309.3470572819741
2025-04-29 09:00:00+00:00,3891.842290182,1186.133384118468,2705.7089060635317,874.9731440670478,311.1602400514203
2025-04-29 10:00:00+00:00,3978.197519855999,1382.110482083669,2596.08703777233,1068.1402460878546,313.97023599581445
2025-04-29 11:00:00+00:00,4080.7025440859993,1505.9346913707304,2574.767852715269,1188.4620592668155,317.4726321039149
2025-04-29 12:00:00+00:00,4191.898336122001,1549.7732558862783,2642.1250802357226,1228.4427812128022,321.3304746734761
2025-04-29 13:00:00+00:00,4303.7577933,1510.9174571852238,2792.8403361147766,1185.7290948433056,325.18836234191826
2025-04-29 14:00:00+00:00,4408.238435706001,1391.9157978984729,3016.322637807528,1063.2284921004964,328.6873057979765
2025-04-29 15:00:00+00:00,4497.835516313999,1200.4147935800331,3297.4207227339657,868.9350597001526,331.4797338798805
2025-04-29 16:00:00+00:00,4566.097657295999,948.7130222239546,3617.384635072044,615.4689742785557,333.2440479453989
2025-04-29 17:00:00+00:00,4608.069829356,653.0435621501713,3955.026267205829,319.3454527555901,333.69810939458114
2025-04-29 18:00:00+00:00,4620.633386208001,332.61112433390787,4288.022261874093,0.0,332.61112433390787
2025-04-29 19:00:00+00:00,4602.719954699997,329.8134248582005,4272.906529841797,0.0,329.8134248582005
2025-04-29 20:00:00+00:00,4555.384558410001,325.2037558468802,4230.180802563121,0.0,325.2037558468802
2025-04-29 21:00:00+00:00,4481.733028542002,318.75376562960065,4162.979262912401,0.0,318.75376562960065
2025-04-29 22:00:00+00:00,4386.708614358001,310.5095075571896,4076.1991068008115,0.0,310.5095075571896
2025-04-29 23:00:00+00:00,4276.752440772,300.58990663969286,3976.1625341323074,0.0,300.58990663969286
2025-04-30 00:00:00+00:00,4152.240565326002,289.1822370897268,3863.0583282362754,0.0,289.1822370897268
2025-04-30 01:00:00+00:00,4035.4504279319976,276.5348081711609,3758.9156197608368,0.0,276.5348081711609
2025-04-30 02:00:00+00:00,3927.285570348,262.9471489082149,3664.338421439785,0.0,262.9471489082149
2025-04-30 03:00:00+00:00,3835.204879338001,248.75809384827278,3586.446785489728,0.0,248.75809384827278
2025-04-30 04:00:00+00:00,3765.587809619999,234.33226300879963,3531.2555466111994,0.0,234.33226300879963
2025-04-30 05:00:00+00:00,3723.2932794960007,220.04548310954252,3503.247796386458,0.0,220.04548310954252
2025-04-30 06:00:00+00:00,3711.3221009759995,206.2697437687282,3505.052357207271,0.0,206.2697437687282
2025-04-30 07:00:00+00:00,3730.606059054001,525.9387566168555,3204.6673024371457,332.5804402658921,193.35831635096332
2025-04-30 08:00:00+00:00,3779.938143534002,822.8672132890431,2957.0709302449586,641.2355856221454,181.6316276668976
2025-04-30 09:00:00+00:00,3856.04894745,1075.415516508334,2780.633430941666,904.051035783622,171.36448072471194
2025-04-30 10:00:00+00:00,3953.824031388001,1265.3131146994197,2688.5109166885813,1102.5379820311043,162.77513266831528
2025-04-30 11:00:00+00:00,4066.6476781979995,1379.0675489834596,2687.5801292145397,1223.0508599598136,156.01668902364608
2025-04-30 12:00:00+00:00,4186.849698612,1408.985538089001,2777.8641605229986,1257.814381528022,151.17115656097894
2025-04-30 13:00:00+00:00,4306.224889596,1353.716852571026,2952.5080370249743,1205.4704552988883,148.24639727213776
2025-04-30 14:00:00+00:00,4416.589932593999,1218.2759641310345,3198.3139684629646,1071.0998453717757,147.1761187592588
2025-04-30 15:00:00+00:00,4510.339702134,1013.54538681457,3496.7943153194296,865.7224990873328,147.82288772723714
2025-04-30 16:00:00+00:00,4580.965247964,755.3128377930532,3825.6524101709465,605.32879024467,149.9840475483831
2025-04-30 17:00:00+00:00,4623.498055469999,462.93677084174686,4160.561284628252,309.5364690054035,153.40030183634337
2025-04-30 18:00:00+00:00,4634.850355883999,157.76660471688962,4477.08375116711,0.0,157.76660471688962
2025-04-30 19:00:00+00:00,4614.028223153999,162.74491567867497,4451.283307475323,0.0,162.74491567867497
2025-04-30 20:00:00+00:00,4562.2029158999985,167.9782955612081,4394.22462033879,0.0,167.9782955612081
2025-04-30 21:00:00+00:00,4482.635475863999,173.1057677451534,4309.5297081188455,0.0,173.1057677451534
2025-04-30 22:00:00+00:00,4380.459673254,177.77732720781498,4202.682346046186,0.0,177.77732720781498
2025-04-30 23:00:00+00:00,4262.337899945999,181.66850006846178,4080.669399877537,0.0,181.66850006846178
2025-05-01 00:00:00+00:00,4128.91589439,184.49383628635175,3944.4220581036484,0.0,184.49383628635175
2025-05-01 01:00:00+00:00,4002.6917144340005,186.01879950016277,3816.6729149338375,0.0,186.01879950016277
2025-05-01 02:00:00+00:00,3884.871572777998,186.06955496383623,3698.802017814162,0.0,186.06955496383623
2025-05-01 03:00:00+00:00,3783.2008226880002,184.54026521474648,3598.660557473254,0.0,184.54026521474648
2025-05-01 04:00:00+00:00,3704.345296302,181.3975844359636,3522.947711866036,0.0,181.3975844359636
2025-05-01 05:00:00+00:00,3653.4434088179996,176.68217629236506,3476.7612325256346,0.0,176.68217629236506
2025-05-01 06:00:00+00:00,3633.7619710979993,170.50718130800536,3463.254789789994,0.0,170.50718130800536
2025-05-01 07:00:00+00:00,3646.4789229119992,419.1244122206373,3227.354510691362,256.07070006734625,163.05371215329106
2025-05-01 08:00:00+00:00,3690.607740498,645.4716227087841,3045.136117789216,490.9080765611882,154.56354614759599
2025-05-01 09:00:00+00:00,3763.0685664179987,835.4923455891992,2927.5762208287997,690.1630245309511,145.32932105824804
2025-05-01 10:00:00+00:00,3858.9010434239995,977.5523769922415,2881.348666431758,841.869739863729,135.68263712851254
2025-05-01 11:00:00+00:00,3971.604391355999,1062.9852507112219,2908.619140644777,937.0047040754755,125.98054663574642
2025-05-01 12:00:00+00:00,4093.5813918300005,1086.4888529697128,3007.0925388602877,969.8978667562247,116.59098621348795
2025-05-01 13:00:00+00:00,4216.6560819179995,1046.3749965151615,3170.281085402838,938.4972427663814,107.87775374878008
2025-05-01 14:00:00+00:00,4332.629854895999,944.6714226300863,3387.958432265913,844.4857865281048,100.18563610198161
2025-05-01 15:00:00+00:00,4433.8380445799985,787.0711901768095,3646.766854403189,693.2448911052088,93.82629907160067
2025-05-01 16:00:00+00:00,4513.669209756002,582.7199317190986,3930.9492780369033,493.6544065688195,89.06552515027907
2025-05-01 17:00:00+00:00,4567.011702246,343.8296007143841,4223.182101531615,257.71729446487683,86.11230624950731
2025-05-01 18:00:00+00:00,4590.5972307300035,85.11025347177056,4505.486977258233,0.0,85.11025347177056
2025-05-01 19:00:00+00:00,4583.218114775999,86.13166845600313,4497.086446319996,0.0,86.13166845600313
2025-05-01 20:00:00+00:00,4545.803522064001,89.17451509862371,4456.629006965378,0.0,89.17451509862371
2025-05-01 21:00:00+00:00,4481.349666276,94.16242472881697,4387.187241547183,0.0,94.16242472881697
2025-05-01 22:00:00+00:00,4394.708839709999,100.94772808412773,4293.761111625871,0.0,100.94772808412773
2025-05-01 23:00:00+00:00,4292.251834920001,109.31739357624338,4182.9344413437575,0.0,109.31739357624338
2025-05-02 00:00:00+00:00,4174.354425234001,119.00162713008501,4055.3527981039156,0.0,119.00162713008501
2025-05-02 01:00:00+00:00,4063.173077208,129.68478093774408,3933.488296270256,0.0,129.68478093774408
2025-05-02 02:00:00+00:00,3959.657634030001,141.01812827103885,3818.6395057589625,0.0,141.01812827103885
2025-05-02 03:00:00+00:00,3871.2887396819992,152.6339772133103,3718.654762468689,0.0,152.6339772133103
2025-05-02 04:00:00+00:00,3804.490309283999,164.1605495935445,3640.3297596904545,0.0,164.1605495935445
2025-05-02 05:00:00+00:00,3764.187211511999,175.23701443961184,3588.9501970723873,0.0,175.23701443961184
2025-05-02 06:00:00+00:00,3753.465993437996,185.52806083145896,3567.9379326065373,0.0,185.52806083145896
2025-05-02 07:00:00+00:00,3773.361745482,499.49146760034523,3273.870277881655,304.7540555607612,194.73741203958406
2025-05-02 08:00:00+00:00,3822.785792280001,796.1862951875391,3026.5994970924617,593.5665606005967,202.6197345869424
2025-05-02 09:00:00+00:00,3898.599108978,1054.4180094536327,2844.1810995243673,845.4275618283921,208.9904476252408
2025-05-02 10:00:00+00:00,3995.8264743600002,1255.4459298534994,2740.380544506501,1041.712897942525,213.73303191097432
2025-05-02 11:00:00+00:00,4107.996785298,1384.4665900488494,2723.5301952491504,1167.6630414834056,216.80354856544386
2025-05-02 12:00:00+00:00,4227.586303331998,1431.8015924029285,2795.7847109290697,1213.5694207055421,218.23217169738635
2025-05-02 13:00:00+00:00,4346.534528532001,1393.6838665743915,2952.850661957609,1175.5621871356175,218.12167943877407
2025-05-02 14:00:00+00:00,4456.797496284001,1272.5730588142528,3184.224437469748,1055.930097753049,216.6429610612039
2025-05-02 15:00:00+00:00,4550.900709264001,1076.9743763818801,3473.926332882121,862.9466439842637,214.0277323976165
2025-05-02 16:00:00+00:00,4622.453844749999,820.780808611469,3801.67303613853,610.2220614443421,210.5587471671269
2025-05-02 17:00:00+00:00,4666.592092302001,522.2013357475898,4144.390756554411,315.6434167827817,206.5579189648082
2025-05-02 18:00:00+00:00,4680.313867865997,202.37282264906025,4477.941045216937,0.0,202.37282264906025
2025-05-02 19:00:00+00:00,4662.691721771999,198.36215180078034,4464.329569971219,0.0,198.36215180078034
2025-05-02 20:00:00+00:00,4614.941988131999,194.88070301394626,4420.061285118053,0.0,194.88070301394626
2025-05-02 21:00:00+00:00,4540.348153110001,192.26452505587864,4348.083628054122,0.0,192.26452505587864
2025-05-02 22:00:00+00:00,4444.043100336001,190.8168243579192,4253.2262759780815,0.0,190.8168243579192
2025-05-02 23:00:00+00:00,4332.664936236002,190.7952131219774,4141.869723114025,0.0,190.7952131219774
2025-05-03 00:00:00+00:00,3828.715522883998,192.40082200704595,3636.314700876952,0.0,192.40082200704595
2025-05-03 01:00:00+00:00,3710.8166581919986,195.7697224698867,3515.046935722112,0.0,195.7697224698867
2025-05-03 02:00:00+00:00,3601.9880760779997,200.96700698239658,3401.0210690956033,0.0,200.96700698239658
2025-05-03 03:00:00+00:00,3509.866619447999,207.983779235791,3301.8828402122076,0.0,207.983779235791
2025-05-03 04:00:00+00:00,3440.9934141240024,216.73716744846988,3224.2562466755326,0.0,216.73716744846988
2025-05-03 05:00:00+00:00,3400.368806688,227.07337260678264,3173.2954340812175,0.0,227.07337260678264
2025-05-03 06:00:00+00:00,3391.1112482940007,238.77361042744008,3152.3376378665607,0.0,238.77361042744008
2025-05-03 07:00:00+00:00,3414.243408785999,561.4880896885693,2852.7553190974295,309.92536148746785,251.56272820110146
2025-05-03 08:00:00+00:00,3468.6201093600007,865.4265213177459,2603.1935880422548,600.3064033354791,265.1201179822669
2025-05-03 09:00:00+00:00,3551.003041152,1131.1207855086468,2419.8822556433533,852.0282822775985,279.0925032310484
2025-05-03 10:00:00+00:00,3656.2772344979994,1341.4141066872053,2314.863127810794,1048.3060460096542,293.10806067755095
2025-05-03 11:00:00+00:00,3777.794626998002,1482.5012729486684,2295.2933540493336,1175.709969996044,306.7913029526243
2025-05-03 12:00:00+00:00,3907.8214333200012,1544.8003812776965,2363.0210520423047,1225.022258886031,319.77812239166536
2025-05-03 13:00:00+00:00,4038.0589397820013,1523.6105367077037,2514.448403074298,1191.8801683839383,331.7303683237654
2025-05-03 14:00:00+00:00,4160.202370884001,1419.5131317169303,2740.6892391670704,1077.163766070789,342.3493656461411
2025-05-03 15:00:00+00:00,4266.499929762001,1238.4797027863624,3028.0202269756383,887.0918737250412,351.38782906132116
2025-05-03 16:00:00+00:00,4350.274012728001,991.65844741558,3358.6155653124215,632.9987734834871,358.6596739320929
2025-05-03 17:00:00+00:00,4406.36927052,694.8254987977626,3711.5437717222376,330.77816836494225,364.0473304328204
2025-05-03 18:00:00+00:00,4431.497135058002,367.50626304878773,4063.990872009214,0.0,367.50626304878773
2025-05-03 19:00:00+00:00,4424.453484948,369.0665024595036,4055.386982488496,0.0,369.0665024595036
2025-05-03 20:00:00+00:00,4386.19476393,368.831139531804,4017.3636243981955,0.0,368.831139531804
2025-05-03 21:00:00+00:00,4319.767470354,366.97183021826396,3952.7956401357355,0.0,366.97183021826396
2025-05-03 22:00:00+00:00,4230.095985066,363.72150950026474,3866.3744755657353,0.0,363.72150950026474
2025-05-03 23:00:00+00:00,4123.643279280001,359.36460197349874,3764.278677306502,0.0,359.36460197349874
2025-05-04 00:00:00+00:00,4000.9514763540005,354.22513644449344,3646.7263399095073,0.0,354.22513644449344
2025-05-04 01:00:00+00:00,3884.1897900540002,348.6532517539363,3535.536538300064,0.0,348.6532517539363
2025-05-04 02:00:00+00:00,3774.502045986,343.0106394493267,3431.4914065366734,0.0,343.0106394493267
2025-05-04 03:00:00+00:00,3679.515674058,337.6555302935365,3341.8601437644634,0.0,337.6555302935365
2025-05-04 04:00:00+00:00,3605.8070256600017,332.9278352924881,3272.8791903675137,0.0,332.9278352924881
2025-05-04 05:00:00+00:00,3558.455492802001,329.1350408352688,3229.3204519667324,0.0,329.1350408352688
2025-05-04 06:00:00+00:00,3540.700614528001,326.53945458270056,3214.1611599453004,0.0,326.53945458270056
2025-05-04 07:00:00+00:00,3553.7253913139994,685.7734617146202,2867.951929599379,360.4261561293062,325.3473055853141
2025-05-04 08:00:00+00:00,3596.580501738,1021.9900240410554,2574.5904776969446,696.2898655496051,325.7001584914504
2025-05-04 09:00:00+00:00,3666.254494854,1312.3715570709103,2353.88293778309,984.702570699543,327.6689863713672
2025-05-04 10:00:00+00:00,3757.884986645999,1537.260569335567,2220.6244173104324,1206.0094239399891,331.2511453955778
2025-05-04 11:00:00+00:00,3865.096382616,1680.5538773007531,2184.5425053152467,1344.1834935939912,336.37038370676186
2025-05-04 12:00:00+00:00,3980.4409057979988,1726.152175703315,2254.288730094684,1383.2723067439101,342.8798689594048
2025-05-04 13:00:00+00:00,4095.912748367997,1677.0109543955457,2418.9017939724517,1326.4428263313143,350.56812806423136
2025-05-04 14:00:00+00:00,4203.500172186001,1538.3422179692225,2665.1579542167783,1179.1745761172067,359.1676418520159
2025-05-04 15:00:00+00:00,4295.737706904,1321.8837278078645,2973.853979096136,953.5179769376497,368.3657508702149
2025-05-04 16:00:00+00:00,4366.220746985999,1044.8370653049674,3321.3836816810312,667.0196410240511,377.8174242809163
2025-05-04 17:00:00+00:00,4410.047283894,728.3987114345205,3681.64857245948,341.23934375649253,387.159367678028
2025-05-04 18:00:00+00:00,4424.156574642001,396.02489314948923,4028.1316814925117,0.0,396.02489314948923
2025-05-04 19:00:00+00:00,4407.541538735999,404.0589438585987,4003.4825948774005,0.0,404.0589438585987
2025-05-04 20:00:00+00:00,4361.320324955999,410.9326543286658,3950.3876706273336,0.0,410.9326543286658
2025-05-04 21:00:00+00:00,4288.662118775998,416.356858666879,3872.3052601091194,0.0,416.356858666879
2025-05-04 22:00:00+00:00,4194.572162046002,420.0939811430628,3774.478180902939,0.0,420.0939811430628
2025-05-04 23:00:00+00:00,4085.5506452879995,421.96783225810594,3663.5828130298937,0.0,421.96783225810594
2025-05-05 00:00:00+00:00,4340.312435046001,421.87090663010946,3918.4415284158918,0.0,421.87090663010946
2025-05-05 01:00:00+00:00,4224.615482261999,419.7688825319301,3804.846599730069,0.0,419.7688825319301
2025-05-05 02:00:00+00:00,4117.689318372,415.7021360306628,3701.9871823413378,0.0,415.7021360306628
2025-05-05 03:00:00+00:00,4027.026554040001,409.7842157582695,3617.2423382817315,0.0,409.7842157582695
2025-05-05 04:00:00+00:00,3959.0313960539993,402.1973330234724,3556.834063030527,0.0,402.1973330234724
2025-05-05 05:00:00+00:00,3918.577889688,393.1850506177403,3525.39283907026,0.0,393.1850506177403
2025-05-05 06:00:00+00:00,3908.6719415939997,383.0424800929261,3525.629461501074,0.0,383.0424800929261
2025-05-05 07:00:00+00:00,3930.2401784939984,655.9580639052455,3274.282114588753,283.85369046655694,372.1043734386885
2025-05-05 08:00:00+00:00,3982.060302024001,904.5348187553265,3077.5254832686746,543.8032068540068,360.73161190131964
2025-05-05 09:00:00+00:00,4060.837737432,1113.0222401464007,2947.815497285599,763.7256107124771,349.29662943392367
2025-05-05 10:00:00+00:00,4161.423587538001,1268.4042311057983,2893.0193564322026,930.2358518626207,338.1683792431775
2025-05-05 11:00:00+00:00,4277.159146764002,1361.0650796259263,2916.094067138076,1033.3676247707174,327.69745485520883
2025-05-05 12:00:00+00:00,4400.323661202,1385.2739546169946,3015.0497065850054,1067.071985626454,318.2019689905405
2025-05-05 13:00:00+00:00,4522.655000178,1339.4782714902503,3183.1767286877493,1029.523494217368,309.9547772728824
2025-05-05 14:00:00+00:00,4635.9078058860005,1226.3972245005716,3409.510581385429,923.2246609399841,303.1725635605876
2025-05-05 15:00:00+00:00,4732.411320629999,1052.9070537889143,3679.5042668410847,754.8998240319158,298.0072297569983
2025-05-05 16:00:00+00:00,4805.588832450001,829.7111180233745,3975.8777144266264,535.1711634360149,294.5399545873596
2025-05-05 17:00:00+00:00,4850.403585678001,570.7924582170069,4279.611127460994,278.0143076836703,292.77815053333666
2025-05-05 18:00:00+00:00,4863.700652202001,292.6554512644738,4571.045200937528,0.0,292.6554512644738
2025-05-05 19:00:00+00:00,4844.421661505998,294.03472439131514,4550.386937114683,0.0,294.03472439131514
2025-05-05 20:00:00+00:00,4793.677648536003,296.7139927266907,4496.9636558093125,0.0,296.7139927266907
2025-05-05 21:00:00+00:00,4714.675107155996,300.4350119450301,4414.240095210966,0.0,300.4350119450301
2025-05-05 22:00:00+00:00,4612.500242028003,304.8941601138252,4307.6060819141785,0.0,304.8941601138252
2025-05-05 23:00:00+00:00,4493.776024121999,309.75519180506075,4184.020832316939,0.0,309.75519180506075
2025-05-06 00:00:00+00:00,4359.2638330499985,314.66332595060334,4044.600507099395,0.0,314.66332595060334
2025-05-06 01:00:00+00:00,4231.149439104,319.26010777182745,3911.8893313321723,0.0,319.26010777182745
2025-05-06 02:00:00+00:00,4110.774985632,323.19841044184034,3787.5765751901595,0.0,323.19841044184034
2025-05-06 03:00:00+00:00,4005.886572492,326.1569887161998,3679.7295837758,0.0,326.1569887161998
2025-05-06 04:00:00+00:00,3923.1615403680016,327.8539679343085,3595.307572433693,0.0,327.8539679343085
2025-05-06 05:00:00+00:00,3867.7604264880015,328.05872498693435,3539.701701501067,0.0,328.05872498693435
2025-05-06 06:00:00+00:00,3842.9823148500004,326.6016695981203,3516.38064525188,0.0,326.6016695981203
2025-05-06 07:00:00+00:00,3850.046916198,620.5843696024064,3229.4625465955937,297.20283478433356,323.3815348180728
2025-05-06 08:00:00+00:00,3888.018110213999,892.7099524844934,2995.3081577295056,574.3400951462618,318.3698573382317
2025-05-06 09:00:00+00:00,3953.873959728,1123.363906931425,2830.510052796575,811.7514160399983,311.61249089142666
2025-05-06 10:00:00+00:00,4042.7183398559996,1295.906035556441,2746.8123042995585,992.6779722777572,303.228063278684
2025-05-06 11:00:00+00:00,4148.119589586001,1397.9264634178,2750.193126168201,1104.5230028512874,293.4034605665126
2025-05-06 12:00:00+00:00,4262.553007524001,1422.160942660265,2840.3920648637363,1139.7744319426565,282.3865107176083
2025-05-06 13:00:00+00:00,4377.916984517998,1366.9914940383796,3010.925490479618,1096.5153272170794,270.47616682130024
2025-05-06 14:00:00+00:00,4486.08745851,1236.4976797605082,3249.589778749492,978.4870839468408,258.01059581366724
2025-05-06 15:00:00+00:00,4579.472929331998,1040.0654070919738,3539.4075222400243,794.7117457102147,245.3536613817592
2025-05-06 16:00:00+00:00,4651.532118450002,791.5997658251322,3859.9323526248695,558.7194250652902,232.880340759842
2025-05-06 17:00:00+00:00,4697.2190650560005,508.4214657026055,4188.797599353395,287.4597781230765,220.96168757952896
2025-05-06 18:00:00+00:00,4713.325294272002,209.9499470210508,4503.375347250951,0.0,209.9499470210508
2025-05-06 19:00:00+00:00,4698.695811306002,200.16443542752688,4498.531375878475,0.0,200.16443542752688
2025-05-06 20:00:00+00:00,4654.3042654500005,191.8787595778009,4462.425505872199,0.0,191.8787595778009
2025-05-06 21:00:00+00:00,4583.182252908003,185.30989906059355,4397.87235384741,0.0,185.30989906059355
2025-05-06 22:00:00+00:00,4490.2076919,180.6095997814781,4309.598092118522,0.0,180.6095997814781
2025-05-06 23:00:00+00:00,4381.766811618,177.85842904316456,4203.908382574836,0.0,177.85842904316456
2025-05-07 00:00:00+00:00,4258.396738343998,177.06273543732038,4081.334002906677,0.0,177.06273543732038
2025-05-07 01:00:00+00:00,4141.93599225,178.15463849400763,3963.7813537559923,0.0,178.15463849400763
2025-05-07 02:00:00+00:00,4033.4753951520015,180.9950421741292,3852.4803529778724,0.0,180.9950421741292
2025-05-07 03:00:00+00:00,3940.4707329120006,185.3795605666707,3755.09117234533,0.0,185.3795605666707
2025-05-07 04:00:00+00:00,3869.3123070419992,191.0471022019471,3678.2652048400523,0.0,191.0471022019471
2025-05-07 05:00:00+00:00,3824.8836055080005,197.6907603223917,3627.192845185609,0.0,197.6907603223917
2025-05-07 06:00:00+00:00,3810.2231389740014,204.9705743872456,3605.252564586756,0.0,204.9705743872456
2025-05-07 07:00:00+00:00,3826.312646226001,492.284356506511,3334.02828971949,279.7567274886752,212.5276290178358
2025-05-07 08:00:00+00:00,3872.006201867999,764.195769016856,3107.810432851143,544.196855307633,219.99891370922313
2025-05-07 09:00:00+00:00,3944.1051470099983,1003.0829798156869,2941.0221671943114,776.0506383187635,227.0323414969234
2025-05-07 10:00:00+00:00,4037.573850113999,1193.004315528149,2844.5695345858503,959.7030062865903,233.3013092415586
2025-05-07 11:00:00+00:00,4145.881607951999,1320.6657266962598,2825.2158812557395,1082.1475356300532,238.5181910662066
2025-05-07 12:00:00+00:00,4261.447457483999,1376.3011257185583,2885.1463317654407,1133.8548901294666,242.44623558909174
2025-05-07 13:00:00+00:00,4376.157589565997,1354.4133502889674,3021.74423927703,1109.5039934722358,244.9093568167315
2025-05-07 14:00:00+00:00,4481.9200965,1254.318403427491,3227.601693072509,1008.5189713974064,245.79943203008446
2025-05-07 15:00:00+00:00,4571.219168123999,1080.4350984693729,3490.7840696546264,835.354297147279,245.08080132209375
2025-05-07 16:00:00+00:00,4637.630982641999,842.2683953697697,3795.3625872722296,599.4766084573188,242.79178691245087
2025-05-07 17:00:00+00:00,4676.265998754,554.0489524979223,4122.217046256078,315.0057838403715,239.04316865755078
2025-05-07 18:00:00+00:00,4684.107412110001,234.01367933766628,4450.093732772335,0.0,234.01367933766628
2025-05-07 19:00:00+00:00,4660.222648703998,227.9427015955192,4432.279947108479,0.0,227.9427015955192
2025-05-07 20:00:00+00:00,4605.833234856002,221.1204696498744,4384.712765206127,0.0,221.1204696498744
2025-05-07 21:00:00+00:00,4524.238275774002,213.87617502015266,4310.3621007538495,0.0,213.87617502015266
2025-05-07 22:00:00+00:00,4420.596505836001,206.56445608458506,4214.032049751416,0.0,206.56445608458506
2025-05-07 23:00:00+00:00,4301.581621848001,199.55084223151715,4102.030779616484,0.0,199.55084223151715
2025-05-08 00:00:00+00:00,4168.055555790001,193.19672706010297,3974.8588287298976,0.0,193.19672706010297
2025-05-08 01:00:00+00:00,4042.062356975999,187.84450201472336,3854.217854961276,0.0,187.84450201472336
2025-05-08 02:00:00+00:00,3924.997181028,183.80345596105644,3741.1937250669434,0.0,183.80345596105644
2025-05-08 03:00:00+00:00,3824.562846678,181.33700702745472,3643.2258396505454,0.0,181.33700702745472
2025-05-08 04:00:00+00:00,3747.3709520939997,180.6518078982006,3566.719144195799,0.0,180.6518078982006
2025-05-08 05:00:00+00:00,3698.4953068140007,181.88915706430421,3516.6061497496967,0.0,181.88915706430421
2025-05-08 06:00:00+00:00,3681.1292375339995,185.11907016895796,3496.0101673650415,0.0,185.11907016895796
2025-05-08 07:00:00+00:00,3696.3701029919994,554.9447985776144,3141.425304414385,364.6075379771315,190.33726060048286
2025-05-08 08:00:00+00:00,3743.1455977019996,901.8328195593513,2841.3127781426483,704.3676741524157,197.46514540693562
2025-05-08 09:00:00+00:00,3818.2869052440005,1202.4792001495314,2615.8077050944694,996.1263169632206,206.35288318631086
2025-05-08 10:00:00+00:00,3916.7436531300013,1436.7859112695974,2479.957741860404,1220.0005974386227,216.7853138309747
2025-05-08 11:00:00+00:00,4031.9260979759993,1589.2244170037382,2442.701680972261,1360.733854940352,228.490562063386
2025-05-08 12:00:00+00:00,4156.151248157999,1649.8862981712575,2506.264949986742,1408.7353468059434,241.15095136531414
2025-05-08 13:00:00+00:00,4281.162576683999,1614.3525932718244,2666.8099834121745,1359.9368122634512,254.41578100837327
2025-05-08 14:00:00+00:00,4398.6880053899995,1480.9948305023468,2917.6931748876527,1213.0793877592248,267.91544274312207
2025-05-08 15:00:00+00:00,4500.998287884002,1265.7471452880282,3235.2511425959738,984.4708411188866,281.27630416914144
2025-05-08 16:00:00+00:00,4581.427770192001,985.4370582046092,3595.9907119873915,691.3013145376835,294.13574366692575
2025-05-08 17:00:00+00:00,4634.822286569997,661.2502983025015,3973.5719882674957,355.0935713547974,306.15672694770404
2025-05-08 18:00:00+00:00,4657.883741406,317.0413248885454,4340.842416517455,0.0,317.0413248885454
2025-05-08 19:00:00+00:00,4649.388058937999,326.54262407291577,4322.845434865083,0.0,326.54262407291577
2025-05-08 20:00:00+00:00,4610.261844678002,334.47453838495085,4275.78730629305,0.0,334.47453838495085
2025-05-08 21:00:00+00:00,4543.512668142001,340.7191224214476,4202.793545720553,0.0,340.7191224214476
2025-05-08 22:00:00+00:00,4454.017823975999,345.2310917305341,4108.786732245465,0.0,345.2310917305341
2025-05-08 23:00:00+00:00,4348.186223346001,348.03935617362566,4000.146867172375,0.0,348.03935617362566
2025-05-09 00:00:00+00:00,4226.677230006,349.2455139185276,3877.4317160874725,0.0,349.2455139185276
2025-05-09 01:00:00+00:00,4111.242178302001,349.0193629917802,3762.2228153102205,0.0,349.0193629917802
2025-05-09 02:00:00+00:00,4003.1352070500016,347.5916130037482,3655.5435940462535,0.0,347.5916130037482
2025-05-09 03:00:00+00:00,3909.9160099019996,345.2441038667106,3564.671906035289,0.0,345.2441038667106
2025-05-09 04:00:00+00:00,3838.0936855800014,342.2979240880148,3495.7957614919865,0.0,342.2979240880148
2025-05-09 05:00:00+00:00,3792.6824986680003,339.0999188113783,3453.582579856622,0.0,339.0999188113783
2025-05-09 06:00:00+00:00,3776.860470726,336.00814357943045,3440.8523271465697,0.0,336.00814357943045
2025-05-09 07:00:00+00:00,3791.754170904003,651.7462427136755,3140.007928190327,318.3693903927513,333.37685232092423
2025-05-09 08:00:00+00:00,3836.364243390001,944.4839820538837,2891.880261336117,612.9423362822102,331.5416457716734
2025-05-09 09:00:00+00:00,3907.6367536079997,1195.5091275780205,2712.127626029979,864.7037483948126,330.805379183208
2025-05-09 10:00:00+00:00,4000.6753688160006,1388.8626228195599,2611.8127459964408,1057.4372131295643,331.4254096899955
2025-05-09 11:00:00+00:00,4109.079844254002,1512.290926680611,2596.788917573391,1178.6882169453293,333.60270973528173
2025-05-09 12:00:00+00:00,4225.387606860001,1557.9998129076214,2667.38779395238,1220.526522756518,337.47329015110336
2025-05-09 13:00:00+00:00,4341.588212303999,1523.1690800958756,2818.4191322081233,1180.066802677526,343.10227741834956
2025-05-09 14:00:00+00:00,4449.675504918001,1410.1926666993788,3039.4828382186224,1059.7117576531518,350.480909046227
2025-05-09 15:00:00+00:00,4542.199646124,1226.6162671916968,3315.583378932303,867.089724747526,359.5265424441707
2025-05-09 16:00:00+00:00,4612.781278769998,984.7564289392374,3628.02484983076,614.6707279946068,370.0857009446306
2025-05-09 17:00:00+00:00,4656.552597564001,701.001402947424,3955.551194616577,319.0613820066584,381.94002094076563
2025-05-09 18:00:00+00:00,4670.495169228002,394.814862815423,4275.680306412579,0.0,394.814862815423
2025-05-09 19:00:00+00:00,4653.651230760001,408.3902263490081,4245.261004410993,0.0,408.3902263490081
2025-05-09 20:00:00+00:00,4607.1940557299995,422.3135336646266,4184.880522065373,0.0,422.3135336646266
2025-05-09 21:00:00+00:00,4534.352349114,436.2137496138134,4098.138599500187,0.0,436.2137496138134
2025-05-09 22:00:00+00:00,4440.193799244001,449.7162673645878,3990.4775318794127,0.0,449.7162673645878
2025-05-09 23:00:00+00:00,4331.282396321999,462.4579440726711,3868.824452249328,0.0,462.4579440726711
2025-05-10 00:00:00+00:00,3830.2864415340005,474.1016803886118,3356.1847611453886,0.0,474.1016803886118
2025-05-10 01:00:00+00:00,3715.245874620001,484.3499375535639,3230.895937066437,0.0,484.3499375535639
2025-05-10 02:00:00+00:00,3609.3384227880015,492.9566464611934,3116.381776326808,0.0,492.9566464611934
2025-05-10 03:00:00+00:00,3520.1101204500005,499.7370177732977,3020.3731026767027,0.0,499.7370177732977
2025-05-10 04:00:00+00:00,3454.0123454339964,504.57485681045046,2949.437488623546,0.0,504.57485681045046
2025-05-10 05:00:00+00:00,3415.958822682001,507.4270734401077,2908.5317492418935,0.0,507.4270734401077
2025-05-10 06:00:00+00:00,3408.986552705999,508.3252191351937,2900.6613335708053,0.0,508.3252191351937
2025-05-10 07:00:00+00:00,3434.0438515740016,825.2853615374302,2608.7584900365714,317.9113901814631,507.37397135596706
2025-05-10 08:00:00+00:00,3489.9200185499976,1114.4750455926237,2375.444972957374,609.7284041868884,504.74664140573543
2025-05-10 09:00:00+00:00,3573.3215733180014,1355.8420917039612,2217.47948161404,855.1642092446449,500.6778824593163
2025-05-10 10:00:00+00:00,3679.090052988,1533.1128944884672,2145.977158499533,1037.6589995152076,495.45389497325965
2025-05-10 11:00:00+00:00,3800.546568546,1634.9583552742822,2165.588213271718,1145.557811773932,489.4005435003503
2025-05-10 12:00:00+00:00,3929.9399127660004,1655.7371623573845,2274.202750408616,1172.867309455689,482.86985290169525
2025-05-10 13:00:00+00:00,4058.9677492980018,1595.7663633571783,2463.2013859408235,1119.5409101198245,476.2254532373538
2025-05-10 14:00:00+00:00,4179.3355894920005,1461.1145001400623,2718.221089351938,991.2869397797715,469.82756036029076
2025-05-10 15:00:00+00:00,4283.315540154,1262.956541717132,3020.3589984368678,798.9384299483593,464.0181117687728
2025-05-10 16:00:00+00:00,4364.266996319999,1016.5674743319771,3347.699521988022,557.46081332482,459.1066610071571
2025-05-10 17:00:00+00:00,4417.083807444001,740.0590671367795,3677.0247403072212,284.7014480182742,455.3576191185053
2025-05-10 18:00:00+00:00,4438.537663055999,452.97934810862506,3985.5583149473737,0.0,452.97934810862506
2025-05-10 19:00:00+00:00,4427.494320228,452.1155773721484,3975.3787428558517,0.0,452.1155773721484
2025-05-10 20:00:00+00:00,4384.988084609999,452.83946468742414,3932.1486199225747,0.0,452.83946468742414
2025-05-10 21:00:00+00:00,4314.149475845999,455.1505753308116,3858.998900515188,0.0,455.1505753308116
2025-05-10 22:00:00+00:00,4219.991074446,458.9748805980297,3761.0161938479705,0.0,458.9748805980297
2025-05-10 23:00:00+00:00,4109.06613411,464.1677846044688,3644.8983495055318,0.0,464.1677846044688
2025-05-11 00:00:00+00:00,3982.269067812,470.52005959367034,3511.7490082183294,0.0,470.52005959367034
2025-05-11 01:00:00+00:00,3861.333177156003,477.76643616518027,3383.566740990823,0.0,477.76643616518027
2025-05-11 02:00:00+00:00,3747.7481846700007,485.5965038959012,3262.1516807740995,0.0,485.5965038959012
2025-05-11 03:00:00+00:00,3649.2192124919998,493.66748023804104,3155.5517322539586,0.0,493.66748023804104
2025-05-11 04:00:00+00:00,3572.3922486839997,501.61831020371676,3070.773938480283,0.0,501.61831020371676
2025-05-11 05:00:00+00:00,3522.406662894,509.08453273053584,3013.322130163464,0.0,509.08453273053584
2025-05-11 06:00:00+00:00,3502.5508535220006,515.7133052629249,2986.8375482590754,0.0,515.7133052629249
2025-05-11 07:00:00+00:00,3514.044425261999,780.6971805235625,2733.3472447384365,259.51922461936715,521.1779559041953
2025-05-11 08:00:00+00:00,3555.9615488879986,1029.3689357257444,2526.592613162254,504.1774455639845,525.1914901617599
2025-05-11 09:00:00+00:00,3625.300547022,1245.8330895791426,2379.4674574428573,718.3146139678597,527.5184756112828
2025-05-11 10:00:00+00:00,3717.194895456,1415.7498128188388,2301.4450826371612,887.7649748537314,527.9848379651074
2025-05-11 11:00:00+00:00,3825.2509839180007,1527.1823559236755,2298.068627994325,1000.6972058371822,526.4851500864933
2025-05-11 12:00:00+00:00,3941.989589496,1571.3855075375182,2370.604081958482,1048.3983760103583,522.9871315271599
2025-05-11 13:00:00+00:00,4059.3607281779996,1543.4862870091001,2515.8744411688995,1025.953126560309,517.5331604487911
2025-05-11 14:00:00+00:00,4169.296773474001,1442.99977170204,2726.2970017719613,932.7610314409611,510.23874026107904
2025-05-11 15:00:00+00:00,4264.265965302,1274.1199887297107,2990.1459765722893,772.8320012140712,501.28798751563954
2025-05-11 16:00:00+00:00,4337.788534127998,1045.7305724100966,3292.0579617179014,554.8042502194463,490.9263221906501
2025-05-11 17:00:00+00:00,4384.880172372,771.0936042408393,3613.7865681311605,291.64294814426245,479.45065609657684
2025-05-11 18:00:00+00:00,4402.392624588001,467.19748529292156,3935.1951392950796,0.0,467.19748529292156
2025-05-11 19:00:00+00:00,4389.228116321999,454.5293700351387,3934.69874628686,0.0,454.5293700351387
2025-05-11 20:00:00+00:00,4346.413033410001,441.8203641394211,3904.59266927058,0.0,441.8203641394211
2025-05-11 21:00:00+00:00,4277.0258503979985,429.4409726575502,3847.584877740448,0.0,429.4409726575502
2025-05-11 22:00:00+00:00,4185.984279708001,417.74326998546945,3768.2410097225315,0.0,417.74326998546945
2025-05-11 23:00:00+00:00,4079.706174641999,407.0467809562073,3672.6593936857917,0.0,407.0467809562073
2025-05-12 00:00:00+00:00,4337.107472544,397.6256956767576,3939.481776867243,0.0,397.6256956767576
2025-05-12 01:00:00+00:00,4223.327208072002,389.69795855616553,3833.629249515836,0.0,389.69795855616553
2025-05-12 02:00:00+00:00,4117.815246384001,383.4166529405921,3734.3985934434086,0.0,383.4166529405921
2025-05-12 03:00:00+00:00,4028.0199286319994,378.8640584115759,3649.1558702204234,0.0,378.8640584115759
2025-05-12 04:00:00+00:00,3960.313918092001,376.0486069812246,3584.2653111107766,0.0,376.0486069812246
2025-05-12 05:00:00+00:00,3919.553159423999,374.9048646090665,3544.648294814933,0.0,374.9048646090665
2025-05-12 06:00:00+00:00,3908.739283343999,375.29655060910454,3533.4427327348944,0.0,375.29655060910454
2025-05-12 07:00:00+00:00,3928.808584092,718.0926105924715,3210.7159734995284,341.0701627712578,377.0224478212137
2025-05-12 08:00:00+00:00,3978.5620943039985,1040.7863003398063,2937.7757939641924,660.9613126760928,379.82498766371356
2025-05-12 09:00:00+00:00,4054.7417077020004,1320.0274413168358,2734.7142663851646,936.6263083059379,383.401133010898
2025-05-12 10:00:00+00:00,4152.24723375,1535.6458383278796,2616.6013954221207,1148.2307067627398,387.4151315651398
2025-05-12 11:00:00+00:00,4264.479762102001,1672.1688890727592,2592.3108730292415,1280.6562787065461,391.51261036621304
2025-05-12 12:00:00+00:00,4383.788005842,1719.9490565770752,2663.8389492649244,1324.6136329033488,395.33542367372627
2025-05-12 13:00:00+00:00,4501.987331394001,1675.816162607583,2826.1711687864176,1277.2794939310427,398.5366686765403
2025-05-12 14:00:00+00:00,4610.916075612002,1543.2144597885208,3067.701615823481,1142.4192302762722,400.79522951224874
2025-05-12 15:00:00+00:00,4702.991383523999,1331.8312361069247,3371.160147417074,930.0019668810485,401.8292692258762
2025-05-12 16:00:00+00:00,4771.726600829999,1056.7670478160762,3714.959553013923,655.3589385573296,401.40810925874655
2025-05-12 17:00:00+00:00,4812.175033764001,737.3334863457687,4074.841547418232,337.97147117942023,399.36201516634856
2025-05-12 18:00:00+00:00,4821.269724809998,395.5894819359426,4425.680242874055,0.0,395.5894819359426
2025-05-12 19:00:00+00:00,4798.036074468001,390.06172095556445,4407.974353512436,0.0,390.06172095556445
2025-05-12 20:00:00+00:00,4743.662742041998,382.82416749957315,4360.838574542425,0.0,382.82416749957315
2025-05-12 21:00:00+00:00,4661.425845342001,373.99494514871844,4287.4309001932825,0.0,373.99494514871844
2025-05-12 22:00:00+00:00,4556.471570910002,363.76034629079606,4192.7112246192055,0.0,363.76034629079606
2025-05-12 23:00:00+00:00,4435.471833911995,352.3675194479823,4083.104314464013,0.0,352.3675194479823
2025-05-13 00:00:00+00:00,4299.515178209999,340.1146532466057,3959.4005249633938,0.0,340.1146532466057
2025-05-13 01:00:00+00:00,4170.230102555999,327.339067355242,3842.891035200757,0.0,327.339067355242
2025-05-13 02:00:00+00:00,4049.259202673999,314.4036961282605,3734.8555065457385,0.0,314.4036961282605
2025-05-13 03:00:00+00:00,3944.344654571999,301.6825061413959,3642.662148430603,0.0,301.6825061413959
2025-05-13 04:00:00+00:00,3862.1460885839983,289.54546643513805,3572.60062214886,0.0,289.54546643513805
2025-05-13 05:00:00+00:00,3807.7929226259994,278.34365849072105,3529.449264135278,0.0,278.34365849072105
2025-05-13 06:00:00+00:00,3784.5404293200013,268.3951647163051,3516.145264603696,0.0,268.3951647163051
2025-05-13 07:00:00+00:00,3793.552855260001,593.2086788988319,3200.344176361169,333.23639561497464,259.9722832838572
2025-05-13 08:00:00+00:00,3833.8282442879995,899.8066486950208,2934.021595592979,646.5160285804805,253.29062011454036
2025-05-13 09:00:00+00:00,3902.2699873080014,1167.359384026942,2734.9106032810596,918.8589023805789,248.5004816463632
2025-05-13 10:00:00+00:00,3993.900203370001,1377.327286526764,2616.5729168432367,1131.6463551336478,245.68093139311625
2025-05-13 11:00:00+00:00,4102.200291672001,1514.6958248683602,2587.5044668036408,1269.8590691175602,244.8367557508
2025-05-13 12:00:00+00:00,4219.555484676001,1569.0418685599823,2650.513616116018,1323.1434156522466,245.8984529077357
2025-05-13 13:00:00+00:00,4337.77305507,1535.3541401002672,2802.4189149697327,1286.628884152018,248.72525594824918
2025-05-13 14:00:00+00:00,4448.638925555999,1414.535876689313,3034.1030488666856,1161.4248210967046,253.11105559260847
2025-05-13 15:00:00+00:00,4544.474787677999,1213.530488144942,3330.9442995330573,954.7375006773673,258.7929874675747
2025-05-13 16:00:00+00:00,4618.657801967999,945.0315670137629,3673.626234954236,679.5692350253357,265.46233198842714
2025-05-13 17:00:00+00:00,4666.067581728001,626.7665527709124,4039.3010289570884,353.98927912523624,272.7772736456762
2025-05-13 18:00:00+00:00,4683.430142873999,280.37700660427345,4403.053136269726,0.0,280.37700660427345
2025-05-13 19:00:00+00:00,4669.535387034,287.8965951545864,4381.638791879414,0.0,287.8965951545864
2025-05-13 20:00:00+00:00,4625.313606018,294.9820012510303,4330.3316047669705,0.0,294.9820012510303
2025-05-13 21:00:00+00:00,4553.765777274,301.3046403607639,4252.461136913236,0.0,301.3046403607639
2025-05-13 22:00:00+00:00,4459.7526601320005,306.57488820890575,4153.177771923095,0.0,306.57488820890575
2025-05-13 23:00:00+00:00,4349.657200476001,310.55397431459494,4039.103226161406,0.0,310.55397431459494
2025-05-14 00:00:00+00:00,4224.33173064,313.06378027739754,3911.2679503626027,0.0,313.06378027739754
2025-05-14 01:00:00+00:00,4105.030057758003,313.99414209940915,3791.0359156585937,0.0,313.99414209940915
2025-05-14 02:00:00+00:00,3993.1850573159995,313.3073512014512,3679.8777061145483,0.0,313.3073512014512
2025-05-14 03:00:00+00:00,3896.302307772002,311.03967817378964,3585.2626295982127,0.0,311.03967817378964
2025-05-14 04:00:00+00:00,3820.8330045480006,307.29985567934926,3513.5331488686516,0.0,307.29985567934926
2025-05-14 05:00:00+00:00,3771.731218248,302.2645715229107,3469.466646725089,0.0,302.2645715229107
2025-05-14 06:00:00+00:00,3752.1140892480007,296.171177418896,3455.9429118291046,0.0,296.171177418896
2025-05-14 07:00:00+00:00,3763.048196334,642.5081769817871,3120.5400193522128,353.2002899734542,289.3078870083329
2025-05-14 08:00:00+00:00,3803.4766961099995,958.0347428906337,2845.441953219366,676.0328546532322,282.0018882374015
2025-05-14 09:00:00+00:00,3870.2921581380006,1220.7180665463425,2649.574091591658,946.112226237495,274.6058403088474
2025-05-14 10:00:00+00:00,3958.5502047839996,1412.903622403695,2545.6465823803046,1145.4203067883868,267.48331561530824
2025-05-14 11:00:00+00:00,4061.809295418002,1522.5555796452431,2539.253715772759,1261.5617978333246,260.9937818119186
2025-05-14 12:00:00+00:00,4172.573455469999,1544.005158303327,2628.568297166672,1288.5274206346205,255.4777376687066
2025-05-14 13:00:00+00:00,4282.807717608,1478.163426761515,2804.6442908464846,1226.9208148541773,251.24261190733776
2025-05-14 14:00:00+00:00,4384.491007049999,1332.206232449981,3052.284774600018,1083.6562248389478,248.55000761103312
2025-05-14 15:00:00+00:00,4470.168734178,1118.7865564680455,3351.3821777099542,871.1817533861763,247.60480308186925
2025-05-14 16:00:00+00:00,4533.467230361998,854.8686453152385,3678.5985850467596,606.3220748304034,248.54657048483514
2025-05-14 17:00:00+00:00,4569.534903233996,560.3050387558437,4009.2298644781526,308.8613893445792,251.44364941126454
2025-05-14 18:00:00+00:00,4575.379819290001,256.29012968975997,4319.089689600241,0.0,256.29012968975997
2025-05-14 19:00:00+00:00,4550.080590677998,263.00586543338534,4287.074725244613,0.0,263.00586543338534
2025-05-14 20:00:00+00:00,4494.856075500001,271.43950923323786,4223.416566266763,0.0,271.43950923323786
2025-05-14 21:00:00+00:00,4412.988860615999,281.37446003546734,4131.614400580532,0.0,281.37446003546734
2025-05-14 22:00:00+00:00,4309.607765819999,292.53746593767124,4017.070299882328,0.0,292.53746593767124
2025-05-14 23:00:00+00:00,4191.343872785998,304.6095440327198,3886.7343287532785,0.0,304.6095440327198
2025-05-15 00:00:00+00:00,4059.323381609999,317.23875891794233,3742.0846226920567,0.0,317.23875891794233
2025-05-15 01:00:00+00:00,3934.8885748199987,330.05434160220454,3604.834233217794,0.0,330.05434160220454
2025-05-15 02:00:00+00:00,3819.679651410002,342.68157509396383,3476.9980763160384,0.0,342.68157509396383
2025-05-15 03:00:00+00:00,3721.3187981760007,354.7568315511387,3366.561966624862,0.0,354.7568315511387
2025-05-15 04:00:00+00:00,3646.331814594,365.94215252755936,3280.389662066441,0.0,365.94215252755936
2025-05-15 05:00:00+00:00,3599.7035300099988,375.9387675473989,3223.7647624625997,0.0,375.9387675473989
2025-05-15 06:00:00+00:00,3584.537251638,384.49900612438205,3200.0382455136178,0.0,384.49900612438205
2025-05-15 07:00:00+00:00,3601.841379233998,660.839887140683,2941.001492093315,269.40377630597305,391.43611083470995
2025-05-15 08:00:00+00:00,3650.457846798,917.744574787425,2732.713272010575,521.1130196224178,396.63155516500717
2025-05-15 09:00:00+00:00,3727.1372823300035,1139.1030412520217,2588.0342410779817,739.0634804583339,400.03956079368794
2025-05-15 10:00:00+00:00,3826.7558843219967,1310.7422090474818,2516.0136752745148,909.0535729192886,401.6886361281932
2025-05-15 11:00:00+00:00,3942.659354634,1421.276015009161,2521.383339624839,1019.5959469290445,401.68006808011654
2025-05-15 12:00:00+00:00,4067.1105482699995,1462.8585624556338,2604.251985814366,1062.6751251414557,400.183437314178
2025-05-15 13:00:00+00:00,4191.810463092,1431.79014342117,2760.02031967083,1034.360814926508,397.4293284946619
2025-05-15 14:00:00+00:00,4308.4572929999995,1328.9219680492167,2979.5353249507825,935.2224153490803,393.6995527001364
2025-05-15 15:00:00+00:00,4409.305459901999,1159.8073035018956,3249.498156400103,770.4920422212435,389.3152612806521
2025-05-15 16:00:00+00:00,4487.686845222,934.5562911415275,3553.1305540804724,549.9328328065284,384.62345833499916
2025-05-15 17:00:00+00:00,4538.458715405999,667.369120618216,3871.089594787783,287.38666836294493,379.9824522552711
2025-05-15 18:00:00+00:00,4558.348087482,375.7468451927289,4182.601242289271,0.0,375.7468451927289
2025-05-15 19:00:00+00:00,4546.1691018659985,372.25268221806374,4173.916419647935,0.0,372.25268221806374
2025-05-15 20:00:00+00:00,4502.898818418001,369.80335311544513,4133.095465302556,0.0,369.80335311544513
2025-05-15 21:00:00+00:00,4431.606319895999,368.65684566434953,4062.9494742316497,0.0,368.65684566434953
2025-05-15 22:00:00+00:00,4337.240081706,369.01485610809766,3968.225225597902,0.0,369.01485610809766
2025-05-15 23:00:00+00:00,4226.288187702,371.0142070585853,3855.2739806434147,0.0,371.0142070585853
2025-05-16 00:00:00+00:00,4099.827813186001,374.72093214960444,3725.1068810363963,0.0,374.72093214960444
2025-05-16 01:00:00+00:00,3979.0349118659997,380.12726254439707,3598.9076493216025,0.0,380.12726254439707
2025-05-16 02:00:00+00:00,3865.5877377179995,387.15163802554366,3478.436099692456,0.0,387.15163802554366
2025-05-16 03:00:00+00:00,3767.1376243199998,395.6417515390984,3371.495872780901,0.0,395.6417515390984
2025-05-16 04:00:00+00:00,3690.2831681100015,405.380492635653,3284.9026754743486,0.0,405.380492635653
2025-05-16 05:00:00+00:00,3640.1239190820015,416.09455913864224,3224.0293599433594,0.0,416.09455913864224
2025-05-16 06:00:00+00:00,3619.9169824019987,427.46536663760696,3192.4516157643916,0.0,427.46536663760696
2025-05-16 07:00:00+00:00,3630.859972236001,749.9371347134836,2880.9228375225175,310.79529958351895,439.1418351299647
2025-05-16 08:00:00+00:00,3672.014918754002,1050.570816943787,2621.444101810215,599.8163149303067,450.75450201348025
2025-05-16 09:00:00+00:00,3740.3781508379993,1308.7325374960324,2431.645613341967,846.8021320396894,461.9304054563431
2025-05-16 10:00:00+00:00,3831.091361034,1506.966479946734,2324.1248810872657,1034.6583561817195,472.3081237650145
2025-05-16 11:00:00+00:00,3937.779192395999,1632.2170183325088,2305.56217406349,1150.6646760096978,481.5523423228111
2025-05-16 12:00:00+00:00,4052.990249532001,1676.6859439797581,2376.304305552243,1187.3185681187913,489.3673758609668
2025-05-16 13:00:00+00:00,4168.711347780001,1638.2722030033206,2530.4391447766807,1142.763132136717,495.50907086660345
2025-05-16 14:00:00+00:00,4276.919711316003,1520.5803709129034,2756.3393404030994,1020.7857552145508,499.7946156983526
2025-05-16 15:00:00+00:00,4370.135425782001,1332.5211664294884,3037.614259352513,830.4113198244012,502.1098466050873
2025-05-16 16:00:00+00:00,4441.936323761999,1087.5587531030328,3354.3775706589663,585.1449925316994,502.4137605713335
2025-05-16 17:00:00+00:00,4487.400073296,802.6826798060531,3684.7173934899474,301.9426333448054,500.74004646124763
2025-05-16 18:00:00+00:00,4503.443279118001,497.19556496452725,4006.247714153473,0.0,497.19556496452725
2025-05-16 19:00:00+00:00,4489.034337732,491.9558549734746,3997.078482758525,0.0,491.9558549734746
2025-05-16 20:00:00+00:00,4445.265525959999,485.25783347887125,3960.0076924811274,0.0,485.25783347887125
2025-05-16 21:00:00+00:00,4375.279321643999,477.3900068948091,3897.8893147491895,0.0,477.3900068948091
2025-05-16 22:00:00+00:00,4284.053970546,468.6805730866737,3815.373397459326,0.0,468.6805730866737
2025-05-16 23:00:00+00:00,4178.062938587998,459.4839205405354,3718.579018047463,0.0,459.4839205405354
2025-05-17 00:00:00+00:00,3680.231286731999,450.166068817824,3230.065217914175,0.0,450.166068817824
2025-05-17 01:00:00+00:00,3567.8200810980015,441.0896410166973,3126.730440081304,0.0,441.0896410166973
2025-05-17 02:00:00+00:00,3464.2721229899994,432.5990011030881,3031.6731218869113,0.0,432.5990011030881
2025-05-17 03:00:00+00:00,3377.059356047997,425.0061416575609,2952.053214390436,0.0,425.0061416575609
2025-05-17 04:00:00+00:00,3312.5678949300013,418.57792015264386,2893.9899747773575,0.0,418.57792015264386
2025-05-17 05:00:00+00:00,3275.6565646140016,413.52515389552184,2862.13141071848,0.0,413.52515389552184
2025-05-17 06:00:00+00:00,3269.3191269060026,409.9940231462489,2859.325103759754,0.0,409.9940231462489
2025-05-17 07:00:00+00:00,3294.4733342639997,727.0869571759658,2567.386377088034,319.0268191487186,408.0601380272473
2025-05-17 08:00:00+00:00,3349.891310094001,1031.1425771621448,2318.748732931856,623.4170706144312,407.72550654771356
2025-05-17 09:00:00+00:00,3432.2762313840017,1301.262824380683,2131.0134070033187,892.3442934736946,408.9185309069883
2025-05-17 10:00:00+00:00,3536.4801469199997,1518.1471667761984,2018.3329801438013,1106.6501317420032,411.49703503419533
2025-05-17 11:00:00+00:00,3655.8483301199985,1665.452157684169,1990.3961724358296,1250.1979696166632,415.25418806750577
2025-05-17 12:00:00+00:00,3782.6668185180006,1731.0442559690835,2051.622562548917,1311.1171613870915,419.9270945819919
2025-05-17 13:00:00+00:00,3908.6827205160007,1708.0436118519704,2200.6391086640306,1282.8359166409912,425.2076952109792
2025-05-17 14:00:00+00:00,4025.6620256580004,1595.558733397127,2430.1032922608733,1164.803209682347,430.75552371478005
2025-05-17 15:00:00+00:00,4125.94696101,1399.0251201660117,2726.921840843989,962.8133127613879,436.21180740462387
2025-05-17 16:00:00+00:00,4202.975008344,1130.085353332966,3072.8896550110344,688.8710205640538,441.2143327689122
2025-05-17 17:00:00+00:00,4251.724263234001,805.9826529928906,3445.7416102411107,360.57019476755784,445.4124582253328
2025-05-17 18:00:00+00:00,4269.054814248,448.4816721875328,3820.5731420604675,0.0,448.4816721875328
2025-05-17 19:00:00+00:00,4253.9229300120005,450.13708724179463,3803.785842770206,0.0,450.13708724179463
2025-05-17 20:00:00+00:00,4207.453381068,450.1453277684891,3757.3080532995114,0.0,450.1453277684891
2025-05-17 21:00:00+00:00,4132.864997016001,448.33432083522285,3684.5306761807783,0.0,448.33432083522285
2025-05-17 22:00:00+00:00,4035.2544348059996,444.60058225377094,3590.6538525522287,0.0,444.60058225377094
2025-05-17 23:00:00+00:00,3921.2528185319993,438.91371094233915,3482.33910758966,0.0,438.91371094233915
2025-05-18 00:00:00+00:00,3792.1843478819997,431.3178993684169,3360.866448513583,0.0,431.3178993684169
2025-05-18 01:00:00+00:00,3669.1225068119993,421.93039796884324,3247.192108843156,0.0,421.93039796884324
2025-05-18 02:00:00+00:00,3553.966018764002,410.93700082574435,3143.0290179382578,0.0,410.93700082574435
2025-05-18 03:00:00+00:00,3454.4567543220005,398.5847307758904,3055.87202354611,0.0,398.5847307758904
2025-05-18 04:00:00+00:00,3377.2643210040005,385.17202411979275,2992.092296884208,0.0,385.17202411979275
2025-05-18 05:00:00+00:00,3327.5380020120006,371.03682747440666,2956.501174537594,0.0,371.03682747440666
2025-05-18 06:00:00+00:00,3308.5621658460027,356.5430688481367,2952.0190969978657,0.0,356.5430688481367
2025-05-18 07:00:00+00:00,3321.5385244439994,715.8013311905545,2605.737193253445,373.7352456635828,342.0660855269716
2025-05-18 08:00:00+00:00,3365.5098832320004,1048.288356991936,2317.221526240064,720.3107730246251,327.9775839673111
2025-05-18 09:00:00+00:00,3437.43048621,1325.3038434932441,2112.1266427167557,1010.6730907639853,314.6307527292588
2025-05-18 10:00:00+00:00,3532.3780014179993,1529.2061688239357,2003.1718325940635,1226.8600289510205,302.3461398729152
2025-05-18 11:00:00+00:00,3643.89259248,1646.447545467202,1997.445047012798,1355.0486717573363,291.3988737098657
2025-05-18 12:00:00+00:00,3764.4199191479993,1670.093934579742,2094.3259845682574,1388.0861938383646,282.0077407413773
2025-05-18 13:00:00+00:00,3885.827757756,1600.1316466679243,2285.6961110880757,1325.8050689812019,274.3265776867224
2025-05-18 14:00:00+00:00,3999.9609948059983,1443.2282679463099,2556.7327268596882,1174.7899465581281,268.4383213881818
2025-05-18 15:00:00+00:00,4099.19720595,1211.9987826953422,2887.1984232546583,947.6468147318028,264.3519679635395
2025-05-18 16:00:00+00:00,4176.964858709999,923.8665767818813,3253.098281928118,661.8640224589471,262.00255432293426
2025-05-18 17:00:00+00:00,4228.188947304,599.6359334678351,3628.553013836165,338.3817632851806,261.2541701826545
2025-05-18 18:00:00+00:00,4249.6336571639995,261.90587784777256,3987.727779316227,0.0,261.90587784777256
2025-05-18 19:00:00+00:00,4240.118868131999,263.7002876534805,3976.4185804785184,0.0,263.7002876534805
2025-05-18 20:00:00+00:00,4200.595708722002,266.3344489752047,3934.2612597467974,0.0,266.3344489752047
2025-05-18 21:00:00+00:00,4134.076257696001,269.47259768610337,3864.6036600098982,0.0,269.47259768610337
2025-05-18 22:00:00+00:00,4045.422203382001,272.76025214504034,3772.6619512369607,0.0,272.76025214504034
2025-05-18 23:00:00+00:00,3941.0070744240006,275.8390647756483,3665.1680096483524,0.0,275.8390647756483
2025-05-19 00:00:00+00:00,4200.08874306,278.36183481844256,3921.726908241557,0.0,278.36183481844256
2025-05-19 01:00:00+00:00,4087.0409065500003,280.00705308962785,3807.0338534603725,0.0,280.00705308962785
2025-05-19 02:00:00+00:00,3981.682611312,280.4923983757517,3701.1902129362484,0.0,280.4923983757517
2025-05-19 03:00:00+00:00,3891.4717472400002,279.58661470459526,3611.885132535405,0.0,279.58661470459526
2025-05-19 04:00:00+00:00,3822.804172865998,277.1193000203422,3545.684872845656,0.0,277.1193000203422
2025-05-19 05:00:00+00:00,3780.5721570960004,272.98819150118607,3507.5839655948143,0.0,272.98819150118607
2025-05-19 06:00:00+00:00,3767.825876094,267.16365474631067,3500.662221347689,0.0,267.16365474631067
2025-05-19 07:00:00+00:00,3785.56124541,565.3589319199842,3220.202313490016,305.6687369619149,259.69019495806936
2025-05-19 08:00:00+00:00,3832.648594991999,841.3385401042517,2991.3100548877474,590.653621699505,250.6849184047467
2025-05-19 09:00:00+00:00,3905.9071162859987,1076.5741809806432,2829.3329353053555,836.2411591875166,240.3330217931265
2025-05-19 10:00:00+00:00,4000.320097074,1254.9651299000204,2745.3549671739793,1026.0846554794764,228.88047442054412
2025-05-19 11:00:00+00:00,4109.376326118001,1363.8940384326218,2745.4822876853796,1147.2698296340304,216.6242087985914
2025-05-19 12:00:00+00:00,4225.514340852,1395.116957844767,2830.3973830072327,1191.2167410782738,203.90021676649334
2025-05-19 13:00:00+00:00,4340.639327807999,1345.4191317856837,2995.2201960223147,1154.3491060442884,191.07002574139528
2025-05-19 14:00:00+00:00,4446.677344157997,1216.9737581175254,3229.7035860404717,1038.467625598421,178.50613251910465
2025-05-19 15:00:00+00:00,4536.129047183998,1017.3538223910364,3518.775224792962,850.7768607027703,166.57696168826618
2025-05-19 16:00:00+00:00,4602.585126971998,759.1679846659295,3843.4171423060684,603.5359913157562,155.63199335017327
2025-05-19 17:00:00+00:00,4641.1682379720005,459.3189139085929,4181.849324063408,313.3312726542062,145.9876412543867
2025-05-19 18:00:00+00:00,4648.8711118500005,137.91448094348178,4510.9566309065185,0.0,137.91448094348178
2025-05-19 19:00:00+00:00,4624.767779394001,131.62633952046014,4493.141439873541,0.0,131.62633952046014
2025-05-19 20:00:00+00:00,4570.0833089940015,127.2716921130288,4442.811616880973,0.0,127.2716921130288
2025-05-19 21:00:00+00:00,4488.117128250001,124.92772360781788,4363.189404642183,0.0,124.92772360781788
2025-05-19 22:00:00+00:00,4384.025078496001,124.5972988927639,4259.427779603237,0.0,124.5972988927639
2025-05-19 23:00:00+00:00,4264.474828656,126.2089510278953,4138.265877628104,0.0,126.2089510278953
2025-05-20 00:00:00+00:00,4130.92390872,129.6199117422747,4001.3039969777255,0.0,129.6199117422747
2025-05-20 01:00:00+00:00,4004.1952277039995,134.62203639191483,3869.573191312085,0.0,134.62203639191483
2025-05-20 02:00:00+00:00,3886.274253708,140.95039714493655,3745.323856563063,0.0,140.95039714493655
2025-05-20 03:00:00+00:00,3784.847333778001,148.29418286359407,3636.553150914407,0.0,148.29418286359407
2025-05-20 04:00:00+00:00,3706.5078806279994,156.3094665235726,3550.198414104427,0.0,156.3094665235726
2025-05-20 05:00:00+00:00,3656.310241500001,164.63330859522128,3491.6769329047797,0.0,164.63330859522128
2025-05-20 06:00:00+00:00,3637.427546927999,172.898630063068,3464.528916864931,0.0,172.898630063068
2025-05-20 07:00:00+00:00,3650.9367007259993,482.74314956821263,3168.1935511577867,301.99391330039055,180.74923626782206
2025-05-20 08:00:00+00:00,3695.745260634001,765.9648575615287,2929.7804030724724,578.1104774132,187.8543801483287
2025-05-20 09:00:00+00:00,3768.6650921640003,1003.663092377621,2765.001999786379,809.7408196942057,193.92227268341526
2025-05-20 10:00:00+00:00,3864.6278834100003,1180.5857212624906,2684.0421621475098,981.873740398583,198.71198086390748
2025-05-20 11:00:00+00:00,3977.027805324,1286.085101164874,2690.942704159126,1084.0418722285347,202.04322893633935
2025-05-20 12:00:00+00:00,4098.168079782,1314.6872219502302,2783.4808578317698,1110.8835190071964,203.80370294303384
2025-05-20 13:00:00+00:00,4219.781142108001,1266.2564092024259,2953.5247329055755,1062.3028493315421,203.95355987088368
2025-05-20 14:00:00+00:00,4333.586956146,1145.774455686117,3187.8125004598833,943.2475020660686,202.52695362004852
2025-05-20 15:00:00+00:00,4431.851677176,962.783728021468,3469.0679491545316,763.1532093749734,199.6305186464947
2025-05-20 16:00:00+00:00,4507.908654354001,730.5658376090043,3777.3428167449965,535.1269642272492,195.43887338175512
2025-05-20 17:00:00+00:00,4556.606445299997,465.13938763695967,4091.4670576630374,274.9520645508519,190.1873230861078
2025-05-20 18:00:00+00:00,4574.653448904,184.16207339138415,4390.491375512615,0.0,184.16207339138415
2025-05-20 19:00:00+00:00,4560.835842317999,177.68833750423434,4383.1475048137645,0.0,177.68833750423434
2025-05-20 20:00:00+00:00,4516.094119362003,171.1168383328217,4344.9772810291815,0.0,171.1168383328217
2025-05-20 21:00:00+00:00,4443.453182364,164.80925781340866,4278.643924550592,0.0,164.80925781340866
2025-05-20 22:00:00+00:00,4347.8108572500005,159.12321750430996,4188.687639745691,0.0,159.12321750430996
2025-05-20 23:00:00+00:00,4235.599411638002,154.39742109222186,4081.2019905457796,0.0,154.39742109222186
2025-05-21 00:00:00+00:00,4108.132058435999,150.9375554469446,3957.1945029890544,0.0,150.9375554469446
2025-05-21 01:00:00+00:00,3985.931869373999,149.00353650995172,3836.928332864047,0.0,149.00353650995172
2025-05-21 02:00:00+00:00,3870.910332071997,148.7986182842755,3722.1117137877213,0.0,148.7986182842755
2025-05-21 03:00:00+00:00,3770.6574153359984,150.46080704260822,3620.19660829339,0.0,150.46080704260822
2025-05-21 04:00:00+00:00,3691.712942694,154.05694450197154,3537.6559981920286,0.0,154.05694450197154
2025-05-21 05:00:00+00:00,3639.121759308002,159.57968915598858,3479.5420701520134,0.0,159.57968915598858
2025-05-21 06:00:00+00:00,3616.091831016001,166.94753327938017,3449.144297736621,0.0,166.94753327938017
2025-05-21 07:00:00+00:00,3623.7784580340003,467.534514965564,3156.2439430684362,291.5266734080716,176.00784155749238
2025-05-21 08:00:00+00:00,3661.2093357840004,758.0522921027888,2903.1570436812117,571.509491660821,186.54280044196778
2025-05-21 09:00:00+00:00,3725.355442956001,1019.0076762832748,2706.347766672726,820.729653118157,198.27802316511787
2025-05-21 10:00:00+00:00,3811.3428148740004,1232.0858063967464,2579.257008477254,1021.1923360736719,210.8934703230746
2025-05-21 11:00:00+00:00,3912.790698768,1381.4612039324766,2531.3294948355233,1157.4249740688485,224.03622986362808
2025-05-21 12:00:00+00:00,4022.252857518001,1455.0450126973337,2567.207844820667,1217.7103700500963,237.33464264723727
2025-05-21 13:00:00+00:00,4131.731857008,1445.5607673993068,2686.171089608693,1195.1475838001766,250.41318359913012
2025-05-21 14:00:00+00:00,4233.231069101998,1351.3408445085954,2881.890224593403,1088.4333412134674,262.90750329512804
2025-05-21 15:00:00+00:00,4319.306712798,1176.7478684212479,3142.5588443767524,902.2688594738252,274.4790089474226
2025-05-21 16:00:00+00:00,4383.582031289999,932.1500256171857,3451.432005672813,647.321641898853,284.82838371833265
2025-05-21 17:00:00+00:00,4421.1885278400005,633.4148373047778,3787.7736905352226,339.70733634728697,293.70750095749094
2025-05-21 18:00:00+00:00,4429.103968337997,300.9292365354426,4128.174731802555,0.0,300.9292365354426
2025-05-21 19:00:00+00:00,4406.363989230002,306.37478817024447,4099.989201059757,0.0,306.37478817024447
2025-05-21 20:00:00+00:00,4354.132777722001,309.99819344815666,4044.1345842738447,0.0,309.99819344815666
2025-05-21 21:00:00+00:00,4275.627899297999,311.8278661429029,3963.8000331550957,0.0,311.8278661429029
2025-05-21 22:00:00+00:00,4175.904303564,311.96509316607643,3863.9392103979235,0.0,311.96509316607643
2025-05-21 23:00:00+00:00,4061.512113624001,310.5795431621818,3750.932570461819,0.0,310.5795431621818
2025-05-22 00:00:00+00:00,3933.9050628779996,307.9019834090053,3626.003079468994,0.0,307.9019834090053
2025-05-22 01:00:00+00:00,3813.508763106003,304.21449631772754,3509.2942667882753,0.0,304.21449631772754
2025-05-22 02:00:00+00:00,3702.2867470260007,299.8385962474252,3402.4481507785754,0.0,299.8385962474252
2025-05-22 03:00:00+00:00,3607.771949754,295.12173902502514,3312.6502107289753,0.0,295.12173902502514
2025-05-22 04:00:00+00:00,3536.40408786,290.4227742291937,3245.981313630806,0.0,290.4227742291937
2025-05-22 05:00:00+00:00,3493.087159380001,286.09693391687495,3206.990225463126,0.0,286.09693391687495
2025-05-22 06:00:00+00:00,3480.8507582939997,282.48097586894596,3198.369782425054,0.0,282.48097586894596
2025-05-22 07:00:00+00:00,3500.638453872,645.7951457322196,2854.84330813978,365.91605369402095,279.8790920381986
2025-05-22 08:00:00+00:00,3551.237759495999,983.0957675780285,2568.1419919179707,704.5456131401198,278.55015443790865
2025-05-22 09:00:00+00:00,3629.356590468,1270.970316231744,2358.386274236256,992.2734913606969,278.69682487104706
2025-05-22 10:00:00+00:00,3729.8411543399993,1489.9059579768987,2239.9351963631007,1209.4489851418873,280.45697283501124
2025-05-22 11:00:00+00:00,3846.0206134140008,1625.6370913646224,2220.3835220493784,1341.7393334076546,283.8977579569679
2025-05-22 12:00:00+00:00,3970.1551162979995,1670.0502649713947,2300.104851326605,1381.0376551239208,289.0126098474738
2025-05-22 13:00:00+00:00,4093.956897912001,1621.598307934322,2472.358589977679,1325.877063568676,295.7212443656461
2025-05-22 14:00:00+00:00,4209.1490526960015,1485.2195695312591,2723.929483164742,1181.3468695005477,303.87270003071154
2025-05-22 15:00:00+00:00,4308.024040572,1271.7983910249131,3036.2256495470865,958.5471073438642,313.2512836810489
2025-05-22 16:00:00+00:00,4383.964010663999,997.2358108023926,3386.7281998616063,673.6506390104614,323.5851717919312
2025-05-22 17:00:00+00:00,4431.887585706,681.2224919614193,3750.665093744581,346.66516386004554,334.55732810137374
2025-05-22 18:00:00+00:00,4448.592789564001,345.8182762047129,4102.774513359288,0.0,345.8182762047129
2025-05-22 19:00:00+00:00,4432.972803840002,357.00021772235726,4075.9725861176444,0.0,357.00021772235726
2025-05-22 20:00:00+00:00,4386.089897448001,367.7319112339101,4018.3579862140905,0.0,367.7319112339101
2025-05-22 21:00:00+00:00,4311.102566021998,377.6537020347793,3933.4488639872193,0.0,377.6537020347793
2025-05-22 22:00:00+00:00,4213.050827328001,386.43209572869466,3826.6187315993066,0.0,386.43209572869466
2025-05-22 23:00:00+00:00,4098.514307579999,393.77326793022803,3704.7410396497708,0.0,393.77326793022803
2025-05-23 00:00:00+00:00,3969.0863953019993,399.43497036939533,3569.651424932604,0.0,399.43497036939533
2025-05-23 01:00:00+00:00,3845.174610144001,403.23633213536533,3441.9382780086353,0.0,403.23633213536533
2025-05-23 02:00:00+00:00,3728.9630391299993,405.06516569519334,3323.897873434806,0.0,405.06516569519334
2025-05-23 03:00:00+00:00,3628.1740014660004,404.88247530327544,3223.291526162725,0.0,404.88247530327544
2025-05-23 04:00:00+00:00,3549.467415941999,402.72398075206786,3146.7434351899315,0.0,402.72398075206786
2025-05-23 05:00:00+00:00,3497.9930663160007,398.6985995359753,3099.2944667800257,0.0,398.6985995359753
2025-05-23 06:00:00+00:00,3477.046040622001,392.983945095829,3084.062095526172,0.0,392.983945095829
2025-05-23 07:00:00+00:00,3487.848823872,729.0437083163631,2758.805115555637,343.2246823409275,385.81902597543564
2025-05-23 08:00:00+00:00,3529.4746111800005,1043.2354336886785,2486.239177491322,665.740986153507,377.4944475351715
2025-05-23 09:00:00+00:00,3598.916974128,1313.8490555282099,2285.0679185997906,945.5085371122886,368.3405184159213
2025-05-23 10:00:00+00:00,3691.300997832001,1521.7398817002556,2169.5611161317456,1163.0261430816754,358.7137386185803
2025-05-23 11:00:00+00:00,3800.2212580499995,1651.7109632181905,2148.510294831809,1302.7287247381128,348.9822384800776
2025-05-23 12:00:00+00:00,3918.1835788199996,1693.6836998682227,2224.4998789517767,1354.1729509514566,339.51074891676603
2025-05-23 13:00:00+00:00,4037.1202700220006,1643.555633201349,2393.5646368206517,1312.909900360486,330.6457328408631
2025-05-23 14:00:00+00:00,4148.943636263999,1503.658978687774,2645.284657576225,1180.9577102164228,322.701268471351
2025-05-23 15:00:00+00:00,4246.099965114,1282.7585273620198,2963.3414377519803,966.8122439686882,315.9462833933315
2025-05-23 16:00:00+00:00,4322.086147554,995.5617029829111,3326.5244445710887,684.968058657474,310.59364432543714
2025-05-23 17:00:00+00:00,4371.893679636001,661.754188040021,3710.1394915959804,354.9626314986064,306.79155654141454
2025-05-23 18:00:00+00:00,4392.349799879999,304.61762856164535,4087.732171318354,0.0,304.61762856164535
2025-05-23 19:00:00+00:00,4382.332444139998,304.07583352361905,4078.256610616379,0.0,304.07583352361905
2025-05-23 20:00:00+00:00,4342.844476361996,305.0965054853028,4037.7479708766937,0.0,305.0965054853028
2025-05-23 21:00:00+00:00,4276.942096350001,307.53935809287,3969.4027382571307,0.0,307.53935809287
2025-05-23 22:00:00+00:00,4189.522468278002,311.1994095386152,3878.3230587393864,0.0,311.1994095386152
2025-05-23 23:00:00+00:00,4086.9850606200002,315.8155676135276,3771.1694930064727,0.0,315.8155676135276
2025-05-24 00:00:00+00:00,3592.629600504,321.0815244140349,3271.548076089965,0.0,321.0815244140349
2025-05-24 01:00:00+00:00,3482.782700838001,326.65851267141176,3156.124188166589,0.0,326.65851267141176
2025-05-24 02:00:00+00:00,3381.283866281999,332.18940543638337,3049.0944608456157,0.0,332.18940543638337
2025-05-24 03:00:00+00:00,3295.5745914,337.31357061549244,2958.2610207845073,0.0,337.31357061549244
2025-05-24 04:00:00+00:00,3232.023942252001,341.6818888984942,2890.3420533535063,0.0,341.6818888984942
2025-05-24 05:00:00+00:00,3195.487507169999,344.97130295311865,2850.5162042168804,0.0,344.97130295311865
2025-05-24 06:00:00+00:00,3188.9696953799994,346.8983138197242,2842.0713815602753,0.0,346.8983138197242
2025-05-24 07:00:00+00:00,3213.4125490319984,669.2702757342183,2544.14227329778,322.0394131160745,347.2308626181438
2025-05-24 08:00:00+00:00,3267.6255677940007,958.8940083853619,2308.731559408639,613.0958928591374,345.7981155262245
2025-05-24 09:00:00+00:00,3348.361492181998,1196.5047635196315,2151.8567286623665,854.007007768264,342.49775575136744
2025-05-24 10:00:00+00:00,3450.532989161999,1367.1400562097565,2083.3929329522425,1029.8395857102248,337.30047049953157
2025-05-24 11:00:00+00:00,3567.555596639998,1461.0064893849105,2106.5491072550876,1130.7550324027802,330.2514569821304
2025-05-24 12:00:00+00:00,3691.7935619039986,1473.909395061625,2217.884166842374,1152.4405045288975,321.4688905327276
2025-05-24 13:00:00+00:00,3815.0783709779985,1407.2476823339503,2407.830688644048,1096.1082787049086,311.1394036290418
2025-05-24 14:00:00+00:00,3929.264560914,1267.6139997142977,2661.650561199702,968.1032301906469,299.510769523651
2025-05-24 15:00:00+00:00,4026.784993349999,1066.0696437027088,2960.71534964729,779.187553052989,286.8820906497198
2025-05-24 16:00:00+00:00,4101.167754936001,817.1821029929081,3283.985651943093,543.5902178697693,273.59188512313875
2025-05-24 17:00:00+00:00,4147.479378462001,537.919940271966,3609.5594381900346,277.9153735825246,260.00456668944145
2025-05-24 18:00:00+00:00,4162.664168922002,246.4958622593759,3916.1683066626265,0.0,246.4958622593759
2025-05-24 19:00:00+00:00,4145.756384112,233.43777475903545,3912.3186093529644,0.0,233.43777475903545
2025-05-24 20:00:00+00:00,4097.95073667,221.1836968024774,3876.7670398675227,0.0,221.1836968024774
2025-05-24 21:00:00+00:00,4022.5263180479997,210.0542866093642,3812.4720314386354,0.0,210.0542866093642
2025-05-24 22:00:00+00:00,3924.6289202820008,200.32468432049586,3724.3042359615047,0.0,200.32468432049586
2025-05-24 23:00:00+00:00,3810.9265431719996,192.21359585061424,3618.7129473213854,0.0,192.21359585061424
2025-05-25 00:00:00+00:00,3683.2198223940013,185.87467900211936,3497.3451433918817,0.0,185.87467900211936
2025-05-25 01:00:00+00:00,3561.6868575120016,181.39059780602793,3380.2962597059736,0.0,181.39059780602793
2025-05-25 02:00:00+00:00,3448.675145874001,178.7699787171642,3269.905167156837,0.0,178.7699787171642
2025-05-25 03:00:00+00:00,3351.9087713580006,177.94739434898986,3173.961377009011,0.0,177.94739434898986
2025-05-25 04:00:00+00:00,3278.0260821839993,178.78637622672434,3099.239705957275,0.0,178.78637622672434
2025-05-25 05:00:00+00:00,3232.1323550460006,181.0853330913275,3051.0470219546733,0.0,181.0853330913275
2025-05-25 06:00:00+00:00,3217.456248257999,184.5861285588131,3032.870119699186,0.0,184.5861285588131
2025-05-25 07:00:00+00:00,3235.133319768,467.77665931884565,2767.3566604491543,278.7916864491563,188.98497286968933
2025-05-25 08:00:00+00:00,3284.1313425060016,738.7103919446773,2545.4209505613244,544.7652186409174,193.94517330375993
2025-05-25 09:00:00+00:00,3361.322375964,978.9087017652124,2382.4136741987877,779.7974745544179,199.11122721079445
2025-05-25 10:00:00+00:00,3461.6966648039997,1171.273242197086,2290.423422606914,967.1495612142352,204.12368098285066
2025-05-25 11:00:00+00:00,3578.7037592879988,1301.3076725600858,2277.396086727913,1092.6735349289793,208.63413763110665
2025-05-25 12:00:00+00:00,3704.697607128,1358.2545842838133,2346.443022844187,1145.9347746065603,212.31980967725298
2025-05-25 13:00:00+00:00,3831.455316149999,1336.0467331399877,2495.408583010011,1121.1497205491453,214.8970125908424
2025-05-25 14:00:00+00:00,3950.7342646380002,1233.974766859318,2716.759497778682,1017.8417188845301,216.13304797478776
2025-05-25 15:00:00+00:00,4054.8296825400007,1056.9884628418038,2997.841219698197,841.1324713405984,215.85599150120532
2025-05-25 16:00:00+00:00,4137.094805507999,815.5746698933792,3321.52013561462,601.6126887070536,213.9619811863256
2025-05-25 17:00:00+00:00,4192.388231975998,525.1905598910803,3667.1976720849175,314.77084813832505,210.41971175275518
2025-05-25 18:00:00+00:00,4217.41814025,205.27194433300417,4012.1461959169956,0.0,205.27194433300417
2025-05-25 19:00:00+00:00,4210.96005582,198.63397458618127,4012.3260812338185,0.0,198.63397458618127
2025-05-25 20:00:00+00:00,4173.933466122,190.6891198525839,3983.244346269416,0.0,190.6891198525839
2025-05-25 21:00:00+00:00,4109.332205076003,181.68141091698737,3927.650794159016,0.0,181.68141091698737
2025-05-25 22:00:00+00:00,4022.0135620560013,171.90578115369837,3850.107780902303,0.0,171.90578115369837
2025-05-25 23:00:00+00:00,3918.360546575998,161.69616559723482,3756.664380978763,0.0,161.69616559723482
2025-05-26 00:00:00+00:00,4178.1196286760005,151.41198384654675,4026.707644829454,0.0,151.41198384654675
2025-05-26 01:00:00+00:00,4064.769867816001,141.4235723871058,3923.3462954288952,0.0,141.4235723871058
2025-05-26 02:00:00+00:00,3958.6442329559977,132.09715409496965,3826.5470788610282,0.0,132.09715409496965
2025-05-26 03:00:00+00:00,3867.2601547020004,123.77996004198569,3743.4801946600146,0.0,123.77996004198569
2025-05-26 04:00:00+00:00,3797.0826913319997,116.7861179819728,3680.296573350027,0.0,116.7861179819728
2025-05-26 05:00:00+00:00,3753.0813034260004,111.3838827134462,3641.697420712554,0.0,111.3838827134462
2025-05-26 06:00:00+00:00,3738.389543657998,107.78472732568105,3630.6048163323167,0.0,107.78472732568105
2025-05-26 07:00:00+00:00,3754.090903668001,437.32049228125874,3316.770411386742,331.1857444856821,106.13474779557663
2025-05-26 08:00:00+00:00,3799.145397768001,744.7661301053674,3054.3792676626335,638.2574061228194,106.50872398254813
2025-05-26 09:00:00+00:00,3870.4619102520005,1009.1089182866484,2861.352991965352,900.201822501131,108.90709578551743
2025-05-26 10:00:00+00:00,3963.111292266,1212.6522677940607,2750.4590244719393,1099.396309826429,113.25595796763164
2025-05-26 11:00:00+00:00,4070.665692114,1342.162960471212,2728.502731642788,1222.7528720359842,119.41008843522788
2025-05-26 12:00:00+00:00,4185.640821935999,1389.6603724863053,2795.980449449694,1262.5014896793193,127.15888280698601
2025-05-26 13:00:00+00:00,4300.011038315998,1352.8150121984859,2947.1960261175122,1216.5800631207476,136.23494907773832
2025-05-26 14:00:00+00:00,4405.761900959999,1234.95587960575,3170.8060213542494,1088.6308676692993,146.32501193645078
2025-05-26 15:00:00+00:00,4495.442506548,1044.7138342798899,3450.72867226811,887.6311511370661,157.08268314282373
2025-05-26 16:00:00+00:00,4562.679750635997,795.3492956263557,3767.3304550096414,627.2067225852453,168.14257304111038
2025-05-26 17:00:00+00:00,4602.619381122002,503.82632988978673,4098.7930512322155,324.6911677888071,179.1351621009796
2025-05-26 18:00:00+00:00,4612.2635638799975,189.70182993480014,4422.561733945197,0.0,189.70182993480014
2025-05-26 19:00:00+00:00,4590.681858630002,199.5094274115059,4391.172431218496,0.0,199.5094274115059
2025-05-26 20:00:00+00:00,4539.081021047998,208.2637841411388,4330.817236906859,0.0,208.2637841411388
2025-05-26 21:00:00+00:00,4460.728752815999,215.72161457945,4245.007138236549,0.0,215.72161457945
2025-05-26 22:00:00+00:00,4360.736481527999,221.70032222891328,4139.036159299086,0.0,221.70032222891328
2025-05-26 23:00:00+00:00,4245.715762932,226.08530713610975,4019.63045579589,0.0,226.08530713610975
2025-05-27 00:00:00+00:00,4117.535694341998,228.8344794764639,3888.7012148655344,0.0,228.8344794764639
2025-05-27 01:00:00+00:00,3995.9877424739993,229.9797892195705,3766.0079532544287,0.0,229.9797892195705
2025-05-27 02:00:00+00:00,3883.453005558001,229.625712729038,3653.8272928289634,0.0,229.625712729038
2025-05-27 03:00:00+00:00,3787.530195162004,227.9447591395521,3559.585436022452,0.0,227.9447591395521
2025-05-27 04:00:00+00:00,3714.7219409580007,225.17017986398744,3489.5517610940133,0.0,225.17017986398744
2025-05-27 05:00:00+00:00,3669.990772097999,221.5861799182383,3448.4045921797606,0.0,221.5861799182383
2025-05-27 06:00:00+00:00,3656.4190700100025,217.51603251774307,3438.9030374922595,0.0,217.51603251774307
2025-05-27 07:00:00+00:00,3674.996204838,569.5010727133072,3105.4951321246926,356.1924870731729,213.3085856401342
2025-05-27 08:00:00+00:00,3724.547414070001,904.3602540377881,2820.187160032213,695.0365463825935,209.32370765519457
2025-05-27 09:00:00+00:00,3801.809394977998,1198.517121770715,2603.292273207283,992.5998442406674,205.91727753004756
2025-05-27 10:00:00+00:00,3901.6475459220046,1430.6122167918938,2471.0353291301108,1227.1858901957335,203.4263265961603
2025-05-27 11:00:00+00:00,4017.400170714001,1583.149310519507,2434.2508601944937,1380.9943657401593,202.15494477934777
2025-05-27 12:00:00+00:00,4141.3263701880005,1643.9343125963858,2497.3920575916145,1441.5727883260215,202.36152427036427
2025-05-27 13:00:00+00:00,4265.127150690002,1607.1742845842004,2657.9528661058016,1402.9264079368265,204.2478766473738
2025-05-27 14:00:00+00:00,4380.504540887999,1474.1230963321539,2906.3814445558446,1266.172452205406,207.95064412674793
2025-05-27 15:00:00+00:00,4479.720619500002,1252.148046651746,3227.5725728482557,1038.6126579994036,213.53538865234225
2025-05-27 16:00:00+00:00,4556.118598331999,955.4036277859386,3600.7149705460606,734.4100538188441,220.9935739670946
2025-05-27 17:00:00+00:00,4604.570607797999,610.4012017831225,3994.169406014877,380.1586176869494,230.2425840961731
2025-05-27 18:00:00+00:00,4621.821757056,241.12876345515542,4380.692993600845,0.0,241.12876345515542
2025-05-27 19:00:00+00:00,4606.707209874003,253.43336546637423,4353.2738444076285,0.0,253.43336546637423
2025-05-27 20:00:00+00:00,4560.227543759999,266.88116496654874,4293.346378793451,0.0,266.88116496654874
2025-05-27 21:00:00+00:00,4485.477441942,281.1513736146547,4204.326068327346,0.0,281.1513736146547
2025-05-27 22:00:00+00:00,4387.43255832,295.8904250550439,4091.5421332649557,0.0,295.8904250550439
2025-05-27 23:00:00+00:00,4272.609194532001,310.72609899980273,3961.8830955321987,0.0,310.72609899980273
2025-05-28 00:00:00+00:00,4142.899358934002,325.28240164152646,3817.616957292475,0.0,325.28240164152646
2025-05-28 01:00:00+00:00,4017.935528082001,339.19461463240276,3678.7409134495983,0.0,339.19461463240276
2025-05-28 02:00:00+00:00,3900.2101654320018,352.12386719807756,3548.086298233924,0.0,352.12386719807756
2025-05-28 03:00:00+00:00,3797.40162186,363.77066210534554,3433.630959754654,0.0,363.77066210534554
2025-05-28 04:00:00+00:00,3716.133916110001,373.8867862027069,3342.247129907294,0.0,373.8867862027069
2025-05-28 05:00:00+00:00,3661.52995887,382.28512645059556,3279.2448324194042,0.0,382.28512645059556
2025-05-28 06:00:00+00:00,3636.867793818001,388.84698333337104,3248.0208104846297,0.0,388.84698333337104
2025-05-28 07:00:00+00:00,3643.363165428001,746.5753502112666,2896.7878152167345,353.0487568953006,393.52659331596595
2025-05-28 08:00:00+00:00,3680.093188422,1069.0577674240508,2611.035420997949,672.7051030002314,396.3526644238195
2025-05-28 09:00:00+00:00,3744.066035346,1335.3095674719864,2408.7564678740137,937.8827001933092,397.4268672786771
2025-05-28 10:00:00+00:00,3830.4318742620017,1528.967893879461,2301.4639803825407,1132.048545749874,396.91934812958704
2025-05-28 11:00:00+00:00,3932.820438624002,1639.2458813297424,2293.5745572942596,1244.184438533775,395.0614427959674
2025-05-28 12:00:00+00:00,4043.7820934699967,1661.4229409664686,2382.359152503528,1269.2870514953795,392.1358894710891
2025-05-28 13:00:00+00:00,4155.302199132,1596.8720603579368,2558.4301387740634,1208.4071126033816,388.4649477545553
2025-05-28 14:00:00+00:00,4259.353525685998,1452.6631755659837,2806.690350120014,1068.2662710903578,384.39690447562583
2025-05-28 15:00:00+00:00,4348.449006761998,1240.811372154073,3107.637634607925,860.5198469162922,380.29152523778095
2025-05-28 16:00:00+00:00,4416.156951654,977.2575238381767,3438.8994278158234,600.7524843895472,376.5050394486294
2025-05-28 17:00:00+00:00,4457.543553792002,680.6767307256478,3776.8668230663543,307.30144716008306,373.3752835655647
2025-05-28 18:00:00+00:00,4469.512437390002,371.20760510778985,4098.3048322822115,0.0,371.20760510778985
2025-05-28 19:00:00+00:00,4451.018004594,370.262107805562,4080.755896788438,0.0,370.262107805562
2025-05-28 20:00:00+00:00,4403.138050038001,370.7427598507512,4032.39529018725,0.0,370.7427598507512
2025-05-28 21:00:00+00:00,4329.000590585999,372.78880588696455,3956.2117846990345,0.0,372.78880588696455
2025-05-28 22:00:00+00:00,4233.569983692,376.4688487055627,3857.1011349864375,0.0,376.4688487055627
2025-05-28 23:00:00+00:00,4123.306863228,381.7778283599553,3741.5290348680446,0.0,381.7778283599553
2025-05-29 00:00:00+00:00,4000.0815057839977,388.63703029818566,3611.4444754858123,0.0,388.63703029818566
2025-05-29 01:00:00+00:00,3883.2328075800006,396.8971232531324,3486.335684326868,0.0,396.8971232531324
2025-05-29 02:00:00+00:00,3775.153222679999,406.3440989869438,3368.8091236930554,0.0,406.3440989869438
2025-05-29 03:00:00+00:00,3683.310660582001,416.70787286945455,3266.6027877125466,0.0,416.70787286945455
2025-05-29 04:00:00+00:00,3614.0902518000003,427.6731948501008,3186.4170569498992,0.0,427.6731948501008
2025-05-29 05:00:00+00:00,3572.3530992660003,438.89242205249815,3133.460677213502,0.0,438.89242205249815
2025-05-29 06:00:00+00:00,3561.0986490660002,449.99963176691205,3111.0990172990882,0.0,449.99963176691205
2025-05-29 07:00:00+00:00,3581.253786684001,758.1643274782306,2823.0894592057707,297.53883300845786,460.6254944697727
2025-05-29 08:00:00+00:00,3631.6031833620027,1048.2346722403338,2583.368511121669,577.822368660049,470.41230358028474
2025-05-29 09:00:00+00:00,3708.8658642,1300.7402249125848,2408.125639287415,821.7116795562697,479.02854535631525
2025-05-29 10:00:00+00:00,3807.9128312399994,1498.3071140144573,2309.6057172255423,1012.1247128108025,486.1824012036548
2025-05-29 11:00:00+00:00,3922.1111745059998,1626.9132249443433,2295.1979495616565,1135.2795711637243,491.63365378061894
2025-05-29 12:00:00+00:00,4043.7712254660005,1676.9732271182902,2366.7979983477103,1181.7697462697915,495.2034808484986
2025-05-29 13:00:00+00:00,4164.666494730001,1644.155343950326,2520.5111507796755,1147.3735826600332,496.7817612902928
2025-05-29 14:00:00+00:00,4276.591032671999,1529.8451019143072,2746.7459307576914,1033.5135265267286,496.3315753875786
2025-05-29 15:00:00+00:00,4371.916268286002,1341.1954272382923,3030.72084104771,847.3046971884105,493.8907300498818
2025-05-29 16:00:00+00:00,4444.109521572001,1090.7352884308166,3353.374233141184,601.1650578028139,489.5702306280027
2025-05-29 17:00:00+00:00,4488.178811172001,795.5479670633623,3692.6308441086385,311.9981871655422,483.5497798978201
2025-05-29 18:00:00+00:00,4501.013682101998,476.0704705629067,4024.943211539091,0.0,476.0704705629067
2025-05-29 19:00:00+00:00,4481.598849840002,467.4249869681232,4014.1738628718786,0.0,467.4249869681232
2025-05-29 20:00:00+00:00,4431.085996176002,457.9457004736686,3973.140295702333,0.0,457.9457004736686
2025-05-29 21:00:00+00:00,4352.718838524001,447.99116197053803,3904.7276765534625,0.0,447.99116197053803
2025-05-29 22:00:00+00:00,4251.61644432,437.9315312453083,3813.6849130746914,0.0,437.9315312453083
2025-05-29 23:00:00+00:00,4134.429467826001,428.133545744877,3706.2959220811244,0.0,428.133545744877
2025-05-30 00:00:00+00:00,4003.327683558001,418.945646817621,3584.38203674038,0.0,418.945646817621
2025-05-30 01:00:00+00:00,3877.738917024,410.6838615456454,3467.0550554783545,0.0,410.6838615456454
2025-05-30 02:00:00+00:00,3760.4003272079995,403.61903015020465,3356.7812970577947,0.0,403.61903015020465
2025-05-30 03:00:00+00:00,3659.0591847600003,397.9658950197882,3261.093289740212,0.0,397.9658950197882
2025-05-30 04:00:00+00:00,3580.386704916001,393.87449421709607,3186.5122106989047,0.0,393.87449421709607
2025-05-30 05:00:00+00:00,3529.530015942,391.4242246919083,3138.1057912500914,0.0,391.4242246919083
2025-05-30 06:00:00+00:00,3509.7677426699984,390.6207999549279,3119.1469427150705,0.0,390.6207999549279
2025-05-30 07:00:00+00:00,3522.2924428020006,689.2820832897919,2833.0103595122087,297.8858435625741,391.3962397272178
2025-05-30 08:00:00+00:00,3566.1346835939994,965.3647576674294,2600.76992592657,571.752866102197,393.61189156523244
2025-05-30 09:00:00+00:00,3638.2337135760013,1200.6914393933146,2437.542274182687,803.6270924464922,397.0643469468224
2025-05-30 10:00:00+00:00,3733.649867976,1380.2080261624374,2353.441841813563,978.7139990993043,401.49402706313316
2025-05-30 11:00:00+00:00,3845.904119610001,1492.836590650853,2353.067528959148,1086.240517561459,406.59607308939405
2025-05-30 12:00:00+00:00,3967.4215502879993,1532.025512188504,2435.396038099495,1119.9924111528296,412.0331010356744
2025-05-30 13:00:00+00:00,4090.0485100019996,1495.9915896227965,2594.056920379203,1078.5422948452424,417.44929477755403
2025-05-30 14:00:00+00:00,4205.608166214,1387.6706946849545,2817.937471529046,965.1854303958349,422.4852642891195
2025-05-30 15:00:00+00:00,4306.456579152002,1214.4090811567887,3092.0474979952132,787.6160235010361,426.79305765575265
2025-05-30 16:00:00+00:00,4386.001460231999,987.4360329006137,3398.5654273313853,557.3853263283515,430.05070657226213
2025-05-30 17:00:00+00:00,4439.148303198,721.1610776411476,3717.987225556852,289.1853534249578,431.9757242161898
2025-05-30 18:00:00+00:00,4462.643511018001,432.33698251870055,4030.3065284993004,0.0,432.33698251870055
2025-05-30 19:00:00+00:00,4455.291306312,430.9644978824486,4024.326808429552,0.0,430.9644978824486
2025-05-30 20:00:00+00:00,4418.029658910002,427.75671723850957,3990.272941671492,0.0,427.75671723850957
2025-05-30 21:00:00+00:00,4353.860284368,422.685006494036,3931.175277873964,0.0,422.685006494036
2025-05-30 22:00:00+00:00,4267.637511144,415.7951565391545,3851.8423546048457,0.0,415.7951565391545
2025-05-30 23:00:00+00:00,4165.730659818,407.20584766703155,3758.5248121509685,0.0,407.20584766703155
2025-05-31 00:00:00+00:00,3671.949744666001,397.10412637790057,3274.8456182881005,0.0,397.10412637790057
2025-05-31 01:00:00+00:00,3561.564446118,385.7380934457215,3175.8263526722785,0.0,385.7380934457215
2025-05-31 02:00:00+00:00,3458.9522477580003,373.4070856699755,3085.545162088025,0.0,373.4070856699755
2025-05-31 03:00:00+00:00,3371.579281685999,360.4497660744332,3011.1295156115657,0.0,360.4497660744332
2025-05-31 04:00:00+00:00,3305.8523253420003,347.2306001574425,2958.621725184558,0.0,347.2306001574425
2025-05-31 05:00:00+00:00,3266.6768911560002,334.1252763848036,2932.5516147711965,0.0,334.1252763848036
2025-05-31 06:00:00+00:00,3257.118358620001,321.50566830057414,2935.6126903194267,0.0,321.50566830057414
2025-05-31 07:00:00+00:00,3278.1893864579997,649.1290692816673,2629.0603171763323,339.4041232999577,309.7249459817096
2025-05-31 08:00:00+00:00,3328.7780616299997,964.5892733947461,2364.1887882352535,665.4858199603892,299.1034534343569
2025-05-31 09:00:00+00:00,3405.7218755700014,1244.7004868715276,2161.021388698474,954.7845582655117,289.91592860601594
2025-05-31 10:00:00+00:00,3504.0224118060005,1467.9847565843068,2036.0376552216937,1185.6041745212437,282.38058206306295
2025-05-31 11:00:00+00:00,3617.186220354001,1616.382198375801,2000.8040219782,1339.7317093567274,276.6504890190735
2025-05-31 12:00:00+00:00,3737.668539402002,1676.7865025631536,2060.8820368388483,1403.9788596266978,272.80764293645586
2025-05-31 13:00:00+00:00,3857.3896824539993,1642.259754603848,2215.129927850151,1371.399842882207,270.859911721641
2025-05-31 14:00:00+00:00,3968.2887847680004,1512.8000728108057,2455.488711957195,1242.059051350892,270.7410214599135
2025-05-31 15:00:00+00:00,4062.8770874160004,1295.5699533310833,2767.3071340849174,1023.2563767692932,272.31357656179006
2025-05-31 16:00:00+00:00,4134.753022134,1004.5395790292346,3130.2134431047657,729.1646053981873,275.3749736310473
2025-05-31 17:00:00+00:00,4179.043765343998,659.5531361459232,3519.490629198074,379.8871525859328,279.6659835599904
2025-05-31 18:00:00+00:00,4192.7431601160015,284.8816447575459,3907.8615153584556,0.0,284.8816447575459
2025-05-31 19:00:00+00:00,4174.922734458002,290.6840157820402,3884.238718675962,0.0,290.6840157820402
2025-05-31 20:00:00+00:00,4126.801329504001,296.7162698505216,3830.085059653479,0.0,296.7162698505216
2025-05-31 21:00:00+00:00,4051.6684550580003,302.61755602906067,3749.0508990289395,0.0,302.61755602906067
2025-05-31 22:00:00+00:00,3954.666373811999,308.03801198486394,3646.6283618271354,0.0,308.03801198486394
2025-05-31 23:00:00+00:00,3842.445680639999,312.6533146596879,3529.792365980311,0.0,312.6533146596879
2025-06-01 00:00:00+00:00,3717.315024654001,316.1781818397741,3401.136842814227,0.0,316.1781818397741
2025-06-01 01:00:00+00:00,3598.331158170001,318.3782531233692,3279.9529050466317,0.0,318.3782531233692
2025-06-01 02:00:00+00:00,3488.3251198739995,319.07988451050164,3169.245235363498,0.0,319.07988451050164
2025-06-01 03:00:00+00:00,3394.955225676,318.1774381565441,3076.7777875194556,0.0,318.1774381565441
2025-06-01 04:00:00+00:00,3324.785173080003,315.6377796917794,3009.1473933882235,0.0,315.6377796917794
2025-06-01 05:00:00+00:00,3282.838444536,311.501791621557,2971.336652914443,0.0,311.501791621557
2025-06-01 06:00:00+00:00,3272.2566482760003,305.8828451396183,2966.373803136382,0.0,305.8828451396183
2025-06-01 07:00:00+00:00,3294.0851021820004,665.7330383393014,2628.352063842699,366.77074809931145,298.9622902399899
2025-06-01 08:00:00+00:00,3347.200240439998,993.2552912566239,2353.9449491833743,702.2731400797213,290.9821511769026
2025-06-01 09:00:00+00:00,3428.383814604,1266.392623797185,2161.9911908068148,984.1573052300365,282.23531856714857
2025-06-01 10:00:00+00:00,3532.538917446,1467.3805468036517,2065.1583706423485,1194.3268931676091,273.0536536360426
2025-06-01 11:00:00+00:00,3653.033118336,1583.8217113728508,2069.211406963149,1320.02723803323,263.7944733396207
2025-06-01 12:00:00+00:00,3782.1454809599986,1609.3352105947667,2172.810270365232,1354.5092234720814,254.82598712268526
2025-06-01 13:00:00+00:00,3911.5870567199986,1543.7675715706894,2367.819485149309,1297.2553014511905,246.51227011949894
2025-06-01 14:00:00+00:00,4033.0595476500016,1392.9857751774769,2640.073772472525,1153.787385782533,239.1983893949438
2025-06-01 15:00:00+00:00,4138.814172947999,1168.2990897435982,2970.515083204401,935.1027950949172,233.19629464868106
2025-06-01 16:00:00+00:00,4222.172836853998,885.5748178611198,3336.598018992878,656.8027618899848,228.77205597113496
2025-06-01 17:00:00+00:00,4277.976228077999,564.1230999191066,3713.853128158892,337.9881463082021,226.13495361090446
2025-06-01 18:00:00+00:00,4302.928414428,225.4288914435387,4077.4995229844612,0.0,225.4288914435387
2025-06-01 19:00:00+00:00,4295.814716172,226.72646092373233,4069.0882552482676,0.0,226.72646092373233
2025-06-01 20:00:00+00:00,4257.578070522002,230.02591872096804,4027.552151801034,0.0,230.02591872096804
2025-06-01 21:00:00+00:00,4191.248847744001,235.25118819816842,3955.9976595458324,0.0,235.25118819816842
2025-06-01 22:00:00+00:00,4101.733086276,242.25489064796463,3859.4781956280353,0.0,242.25489064796463
2025-06-01 23:00:00+00:00,3995.4736120740004,250.82428429780427,3744.649327776196,0.0,250.82428429780427
2025-06-02 00:00:00+00:00,4252.836918624001,260.68986119173917,3992.1470574322616,0.0,260.68986119173917
2025-06-02 01:00:00+00:00,4136.278377462001,271.5362574230137,3864.742120038987,0.0,271.5362574230137
2025-06-02 02:00:00+00:00,4026.765140789999,283.01502646796956,3743.7501143220293,0.0,283.01502646796956
2025-06-02 03:00:00+00:00,3931.902452855999,294.7587543964932,3637.1436984595057,0.0,294.7587543964932
2025-06-02 04:00:00+00:00,3858.2452811280014,306.39593363085714,3551.849347497144,0.0,306.39593363085714
2025-06-02 05:00:00+00:00,3810.852995376001,317.5660008349145,3493.2869945410866,0.0,317.5660008349145
2025-06-02 06:00:00+00:00,3792.946915254,327.9339053313355,3465.0130099226644,0.0,327.9339053313355
2025-06-02 07:00:00+00:00,3805.694087076,675.8466793926466,3129.8474076833536,338.6430539345863,337.2036254580603
2025-06-02 08:00:00+00:00,3848.1318949919987,1001.11768204272,2847.0142129492788,655.9876051518411,345.13007689087897
2025-06-02 09:00:00+00:00,3917.238554543998,1281.4540769480395,2635.7844775959584,929.9251593642692,351.52891758377024
2025-06-02 10:00:00+00:00,4008.144601818,1497.403933277702,2510.740668540298,1141.1200706181564,356.28386265954555
2025-06-02 11:00:00+00:00,4114.470772986001,1633.8188597536914,2480.6519132323097,1274.4676610197805,359.351198733911
2025-06-02 12:00:00+00:00,4228.769134127999,1681.043100245058,2547.726033882941,1320.2817851856119,360.76131505944613
2025-06-02 13:00:00+00:00,4343.0372752620015,1635.7193198339305,2707.317955428071,1275.102122315224,360.61719751870646
2025-06-02 14:00:00+00:00,4449.270321804001,1501.128304617092,2948.1420171869086,1142.0383718337828,359.08993278330917
2025-06-02 15:00:00+00:00,4540.013009657999,1287.0171823853796,3252.995827272619,930.6057564317493,356.41142595363027
2025-06-02 16:00:00+00:00,4608.874031958,1008.9150429858826,3599.9589889721174,656.050435538203,352.86460744767953
2025-06-02 17:00:00+00:00,4650.967516734002,686.9817690073487,3963.9857477266532,338.210211059161,348.77155794818776
2025-06-02 18:00:00+00:00,4663.251288233999,344.48001052930135,4318.771277704697,0.0,344.48001052930135
2025-06-02 19:00:00+00:00,4644.738890568,340.348802940472,4304.390087627528,0.0,340.348802940472
2025-06-02 20:00:00+00:00,4596.570649691999,336.7328663329947,4259.837783359005,0.0,336.7328663329947
2025-06-02 21:00:00+00:00,4521.939009966,333.96837220229276,4187.970637763708,0.0,333.96837220229276
2025-06-02 22:00:00+00:00,4425.872998133998,332.3586386179215,4093.514359516077,0.0,332.3586386179215
2025-06-02 23:00:00+00:00,4314.896593854,332.1613761121377,3982.735217741862,0.0,332.1613761121377
2025-06-03 00:00:00+00:00,4191.350248511999,333.57780258439254,3857.7724459276064,0.0,333.57780258439254
2025-06-03 01:00:00+00:00,4073.8094213459985,336.7440641633657,3737.065357182633,0.0,336.7440641633657
2025-06-03 02:00:00+00:00,3965.1265816260016,341.72531616365734,3623.4012654623443,0.0,341.72531616365734
2025-06-03 03:00:00+00:00,3872.8129114920002,348.5127118113192,3524.300199680681,0.0,348.5127118113192
2025-06-03 04:00:00+00:00,3803.2887246059995,357.02341850902513,3446.265306096974,0.0,357.02341850902513
2025-06-03 05:00:00+00:00,3761.441360669999,367.1036609015539,3394.3376997684454,0.0,367.1036609015539
2025-06-03 06:00:00+00:00,3750.2869071360005,378.53466949213464,3371.752237643866,0.0,378.53466949213464
2025-06-03 07:00:00+00:00,3770.7588373140006,682.1282721860025,3088.630565127998,291.08698061457585,391.0412915714267
2025-06-03 08:00:00+00:00,3821.6382167459983,959.3224308736815,2862.315785872317,555.019523508966,404.30290736471545
2025-06-03 09:00:00+00:00,3899.6302967579973,1193.1708608723206,2706.4594358856766,775.2046434593113,417.96621741300936
2025-06-03 10:00:00+00:00,3999.5824811459997,1370.1515829717646,2629.430898174235,938.4922214916472,431.6593614801174
2025-06-03 11:00:00+00:00,4114.828946255998,1480.816930547854,2634.0120157081437,1035.8101241891716,445.0068063586826
2025-06-03 12:00:00+00:00,4237.6385834580005,1520.1417535167875,2717.496829941213,1062.4973690180852,457.64438449870215
2025-06-03 13:00:00+00:00,4359.735920987999,1487.5877017070018,2872.148219280997,1018.3538274530224,469.2338742539793
2025-06-03 14:00:00+00:00,4472.859621425999,1386.9186638881074,3085.9409575378913,907.4421454315539,479.4765184565536
2025-06-03 15:00:00+00:00,4569.320656782002,1225.811344259109,3343.5093125228923,737.6864056052214,488.1249386538878
2025-06-03 16:00:00+00:00,4642.5222546780005,1015.3062668798307,3627.21598779817,520.3133209160159,494.99294596381486
2025-06-03 17:00:00+00:00,4687.406233104,769.1398235195014,3918.266409584499,269.1769660756683,499.9628574438331
2025-06-03 18:00:00+00:00,4700.795435868,502.9900133724722,4197.805422495528,0.0,502.9900133724722
2025-06-03 19:00:00+00:00,4681.60895895,504.10430987192365,4177.504649078076,0.0,504.10430987192365
2025-06-03 20:00:00+00:00,4630.935566796,503.40869437979507,4127.526872416205,0.0,503.40869437979507
2025-06-03 21:00:00+00:00,4551.960259056,501.0746712868482,4050.8855877691517,0.0,501.0746712868482
2025-06-03 22:00:00+00:00,4449.749052713999,497.33501366208776,3952.414039051911,0.0,497.33501366208776
2025-06-03 23:00:00+00:00,4330.906516944,492.4739775348967,3838.4325394091034,0.0,492.4739775348967
2025-06-04 00:00:00+00:00,4197.982216764001,486.8154157522339,3711.1668010117673,0.0,486.8154157522339
2025-06-04 01:00:00+00:00,4069.5396235199987,480.7092823233068,3588.8303411966917,0.0,480.7092823233068
2025-06-04 02:00:00+00:00,3948.714635712,474.5170787888537,3474.1975569231463,0.0,474.5170787888537
2025-06-04 03:00:00+00:00,3843.2459381819995,468.596839990378,3374.6490981916213,0.0,468.596839990378
2025-06-04 04:00:00+00:00,3759.8068332300013,463.28827361917416,3296.518559610827,0.0,463.28827361917416
2025-06-04 05:00:00+00:00,3703.557323592004,458.8986590530722,3244.658664538932,0.0,458.8986590530722
2025-06-04 06:00:00+00:00,3677.7994456979986,455.6900925056812,3222.1093531923175,0.0,455.6900925056812
2025-06-04 07:00:00+00:00,3683.759319954,766.5966623086209,2917.162657645379,312.7280751642575,453.8685871443634
2025-06-04 08:00:00+00:00,3720.510527496,1066.767732413955,2653.742795082045,613.1922443762928,453.5754880376621
2025-06-04 09:00:00+00:00,3785.043933509998,1334.6386703076887,2450.4052632023095,879.7571238496296,454.881546458059
2025-06-04 10:00:00+00:00,3872.4789685259993,1550.2006070249572,2322.278361501042,1092.4167124646433,457.783894560314
2025-06-04 11:00:00+00:00,3976.4019788220003,1696.5938591345966,2279.8081196874036,1234.387805620547,462.20605351404964
2025-06-04 12:00:00+00:00,4089.3082640339985,1761.534651723366,2327.7736123106324,1293.5336855046942,468.0009662186718
2025-06-04 13:00:00+00:00,4203.11776437,1738.4384649611561,2464.679299408844,1263.4815330886338,474.9569318725224
2025-06-04 14:00:00+00:00,4309.729002180001,1627.1236683168208,2682.60533386318,1144.3174639835026,482.8062043333183
2025-06-04 15:00:00+00:00,4401.573570743999,1434.0131478592134,2967.5604228847856,942.7772499444286,491.2358979147849
2025-06-04 16:00:00+00:00,4472.133272249999,1171.7962393984199,3300.3370328515794,671.8954801565112,499.90075924190853
2025-06-04 17:00:00+00:00,4516.384653942001,858.5636149150164,3657.8210390269846,350.12634502217287,508.4372698928435
2025-06-04 18:00:00+00:00,4531.140650316001,516.4785245937088,4014.662125722292,0.0,516.4785245937088
2025-06-04 19:00:00+00:00,4515.266089446,523.6692498853091,3991.5968395606906,0.0,523.6692498853091
2025-06-04 20:00:00+00:00,4469.752377635999,529.6803695830665,3940.0720080529327,0.0,529.6803695830665
2025-06-04 21:00:00+00:00,4397.646399258001,534.2225107829122,3863.423888475089,0.0,534.2225107829122
2025-06-04 22:00:00+00:00,4303.838527044001,537.0578966580208,3766.7806303859807,0.0,537.0578966580208
2025-06-04 23:00:00+00:00,4194.724297134,538.0101417879124,3656.714155346088,0.0,538.0101417879124
2025-06-05 00:00:00+00:00,4072.7039985659994,536.9715544805565,3535.7324440854427,0.0,536.9715544805565
2025-06-05 01:00:00+00:00,3955.9042360740013,533.9076289166559,3421.9966071573454,0.0,533.9076289166559
2025-06-05 02:00:00+00:00,3847.2719355420013,528.8585696396923,3318.413365902309,0.0,528.8585696396923
2025-06-05 03:00:00+00:00,3754.2582760200003,521.9377604119477,3232.3205156080526,0.0,521.9377604119477
2025-06-05 04:00:00+00:00,3683.2454949779985,513.3272558050495,3169.918239172949,0.0,513.3272558050495
2025-06-05 05:00:00+00:00,3639.1057839359996,503.27047370258623,3135.8353102334136,0.0,503.27047370258623
2025-06-05 06:00:00+00:00,3624.863362259999,492.06238814179,3132.800974118209,0.0,492.06238814179
2025-06-05 07:00:00+00:00,3641.483021946,828.5144487030936,2812.968573242906,348.47682179752866,480.037626905565
2025-06-05 08:00:00+00:00,3687.7996086119997,1138.319237757372,2549.480370854628,670.7622803733602,467.5569573840118
2025-06-05 09:00:00+00:00,3760.593418806001,1400.3921550719058,2360.201263734095,945.3994450472999,454.99271002460586
2025-06-05 10:00:00+00:00,3854.806423229999,1597.1218613227643,2257.6845619072346,1154.4081112685244,442.7137500542399
2025-06-05 11:00:00+00:00,3963.884702189999,1715.4383030790354,2248.4463991109637,1284.3677097092157,431.07059336981985
2025-06-05 12:00:00+00:00,4080.2237834819994,1747.55351032596,2332.6702731560395,1327.172222694772,420.3812876311878
2025-06-05 13:00:00+00:00,4195.686607560002,1691.3529315643052,2504.3336759956965,1280.4342918977623,410.918639666543
2025-06-05 14:00:00+00:00,4302.158788368,1550.4370222507082,2751.721766117292,1147.5377258827657,402.8992963679426
2025-06-05 15:00:00+00:00,4392.103343922001,1333.8303385019854,3058.2730054200156,937.3552010430343,396.47513745895105
2025-06-05 16:00:00+00:00,4459.077079211999,1055.3882678282355,3403.688811383764,663.6609313387032,391.7273364895322
2025-06-05 17:00:00+00:00,4498.17329829,732.9404915927227,3765.2328066972777,344.2771789974382,388.6633125952844
2025-06-05 18:00:00+00:00,4506.360680681998,387.21672458283325,4119.143956099165,0.0,387.21672458283325
2025-06-05 19:00:00+00:00,4482.695071722001,387.2504792469966,4095.444592475004,0.0,387.2504792469966
2025-06-05 20:00:00+00:00,4428.389632506,388.5626555893742,4039.8269769166263,0.0,388.5626555893742
2025-06-05 21:00:00+00:00,4346.738509343999,390.8950817383358,3955.8434276056632,0.0,390.8950817383358
2025-06-05 22:00:00+00:00,4242.898951913998,393.94422521980954,3848.954726694188,0.0,393.94422521980954
2025-06-05 23:00:00+00:00,4123.546710150001,397.37394411140883,3726.172766038592,0.0,397.37394411140883
2025-06-06 00:00:00+00:00,3991.4586905759993,400.82958303040647,3590.629107545593,0.0,400.82958303040647
2025-06-06 01:00:00+00:00,3864.8688290099985,403.952824712798,3460.9160042972007,0.0,403.952824712798
2025-06-06 02:00:00+00:00,3747.0936737640022,406.3967012867631,3340.696972477239,0.0,406.3967012867631
2025-06-06 03:00:00+00:00,3645.850759068001,407.8401419887766,3238.010617079224,0.0,407.8401419887766
2025-06-06 04:00:00+00:00,3567.7688419799997,408.00146290432826,3159.7673790756717,0.0,408.00146290432826
2025-06-06 05:00:00+00:00,3517.9409228460004,406.65025163207304,3111.2906712139275,0.0,406.65025163207304
2025-06-06 06:00:00+00:00,3499.5810887100006,403.61714486911086,3095.96394384089,0.0,403.61714486911086
2025-06-06 07:00:00+00:00,3513.8085106740004,772.9371814629691,2740.8713292110315,374.1360632984192,398.8011181645499
2025-06-06 08:00:00+00:00,3559.5732343500003,1118.4473327913447,2441.1259015586556,726.2733599028359,392.17397288850884
2025-06-06 09:00:00+00:00,3633.7287859319977,1415.0088579003188,2218.719928031679,1031.2270178792817,383.7818400210371
2025-06-06 10:00:00+00:00,3731.246601053999,1640.6261897020704,2090.6204113519284,1266.8825443905641,373.7436453115064
2025-06-06 11:00:00+00:00,3845.5576797119998,1778.1804675412004,2067.3772121707993,1415.9338792405852,362.2465883006152
2025-06-06 12:00:00+00:00,3968.9981998799985,1816.8247063264773,2152.1734935535214,1467.2858803753836,349.53882595109366
2025-06-06 13:00:00+00:00,4093.328772245999,1752.9094919075571,2340.419280338442,1416.9898323327786,335.9196595747785
2025-06-06 14:00:00+00:00,4210.292012934001,1590.3457528393453,2619.9462600946554,1268.6181307652666,321.7276220740787
2025-06-06 15:00:00+00:00,4312.170553152003,1340.3599762035656,2971.8105769484373,1033.0330220113028,307.3269541922627
2025-06-06 16:00:00+00:00,4392.307528349999,1020.6524224613984,3371.6551058886007,727.5593908011314,293.09303166026706
2025-06-06 17:00:00+00:00,4445.554236479999,654.0245980422687,3791.5296384377307,374.62727886735286,279.39731917491594
2025-06-06 18:00:00+00:00,4468.614567185998,266.5924907254733,4202.022076460525,0.0,266.5924907254733
2025-06-06 19:00:00+00:00,4460.262926069999,254.99830477195795,4205.264621298041,0.0,254.99830477195795
2025-06-06 20:00:00+00:00,4421.420887631999,244.88882499663166,4176.532062635368,0.0,244.88882499663166
2025-06-06 21:00:00+00:00,4355.087592534,236.48150341747757,4118.6060891165225,0.0,236.48150341747757
2025-06-06 22:00:00+00:00,4266.128695374,229.92857093787174,4036.200124436128,0.0,229.92857093787174
2025-06-06 23:00:00+00:00,4160.938497870001,225.31109538417147,3935.6274024858294,0.0,225.31109538417147
2025-06-07 00:00:00+00:00,3663.9716455860007,222.63593696158026,3441.3357086244205,0.0,222.63593696158026
2025-06-07 01:00:00+00:00,3549.334997669999,221.8357386429109,3327.499259027088,0.0,221.8357386429109
2025-06-07 02:00:00+00:00,3442.0739533320007,222.77194335766137,3219.3020099743394,0.0,222.77194335766137
2025-06-07 03:00:00+00:00,3349.725621815999,225.24071303532318,3124.484908780676,0.0,225.24071303532318
2025-06-07 04:00:00+00:00,3278.775766602001,228.98151439728048,3049.7942522047206,0.0,228.98151439728048
2025-06-07 05:00:00+00:00,3234.2150243339997,233.6880114455759,3000.527012888424,0.0,233.6880114455759
2025-06-07 06:00:00+00:00,3219.1981067820007,239.0208232709713,2980.177283511029,0.0,239.0208232709713
2025-06-07 07:00:00+00:00,3234.829079286,558.126060681918,2676.703018604082,313.5044376836928,244.6216229982252
2025-06-07 08:00:00+00:00,3280.0874184540016,846.5202864607404,2433.5671319932612,596.3922897023252,250.12799675841518
2025-06-07 09:00:00+00:00,3351.899854674,1086.2246580463968,2265.6751966276033,831.0361927334343,255.18846531296262
2025-06-07 10:00:00+00:00,3445.352981153999,1263.1297373715117,2182.223243782487,1003.6527011658131,259.4770362056986
2025-06-07 11:00:00+00:00,3554.0321473019994,1367.656959468019,2186.3751878339804,1104.9502548745459,262.70670459347315
2025-06-07 12:00:00+00:00,3670.463343624,1395.090580596373,2275.372763027627,1130.4492367714608,264.64134382491216
2025-06-07 13:00:00+00:00,3786.627955698001,1345.601146451044,2441.026809246957,1080.4956471601758,265.1054992908682
2025-06-07 14:00:00+00:00,3894.5150725739977,1223.9986288882922,2670.516443685706,960.0069447957021,263.99168409259005
2025-06-07 15:00:00+00:00,3986.6736382200006,1039.2621871703473,2947.4114510496534,777.9973085910804,261.264878579267
2025-06-07 16:00:00+00:00,4056.7266243419986,803.8949793508388,3252.83164499116,546.9309319060245,256.96404744481424
2025-06-07 17:00:00+00:00,4099.8120626400005,533.1484681181939,3566.6635945218068,281.94785140171393,251.20061671648
2025-06-07 18:00:00+00:00,4112.920691040001,244.15396608471627,3868.7667249552846,0.0,244.15396608471627
2025-06-07 19:00:00+00:00,4095.107052582001,236.06412879905378,3859.042923782947,0.0,236.06412879905378
2025-06-07 20:00:00+00:00,4047.5595605340004,227.22198746708838,3820.3375730669122,0.0,227.22198746708838
2025-06-07 21:00:00+00:00,3973.52454114,217.9573827363979,3755.567158403602,0.0,217.9573827363979
2025-06-07 22:00:00+00:00,3878.089348643999,208.62560285269632,3669.4637457913027,0.0,208.62560285269632
2025-06-07 23:00:00+00:00,3767.839242636,199.59282189653064,3568.2464207394696,0.0,199.59282189653064
2025-06-08 00:00:00+00:00,3645.6258524699997,191.2210796379082,3454.4047728320916,0.0,191.2210796379082
2025-06-08 01:00:00+00:00,3529.190108724001,183.85340925610762,3345.3366994678936,0.0,183.85340925610762
2025-06-08 02:00:00+00:00,3421.8936394439997,177.79973691574938,3244.0939025282505,0.0,177.79973691574938
2025-06-08 03:00:00+00:00,3331.304936189999,173.32411360817267,3157.980822581826,0.0,173.32411360817267
2025-06-08 04:00:00+00:00,3263.8967564700006,170.63382266266893,3093.2629338073316,0.0,170.63382266266893
2025-06-08 05:00:00+00:00,3224.602686270001,169.87078360402043,3054.7319026659807,0.0,169.87078360402043
2025-06-08 06:00:00+00:00,3216.4775721960004,171.1056294125619,3045.3719427834385,0.0,171.1056294125619
2025-06-08 07:00:00+00:00,3240.4851499859988,478.6849520695695,2761.800197916429,304.35027012772366,174.33468194184582
2025-06-08 08:00:00+00:00,3295.4273558220007,772.5066166843869,2522.920739137614,593.0266551545079,179.47996152987903
2025-06-08 09:00:00+00:00,3378.020270856,1031.880640151777,2346.1396307042232,845.4884211770599,186.3922189747172
2025-06-08 10:00:00+00:00,3483.1116891479996,1238.1562599120184,2244.9554292359812,1043.2993809364898,194.85687897552856
2025-06-08 11:00:00+00:00,3604.025538372001,1376.172864949313,2227.852673422688,1171.57022275965,204.6026421896629
2025-06-08 12:00:00+00:00,3733.009919855998,1435.4896443265554,2297.520275529442,1220.1772473826636,215.31239694389188
2025-06-08 13:00:00+00:00,3861.7583273640016,1411.2782054648037,2450.480121899198,1184.6422091998606,226.63599626494306
2025-06-08 14:00:00+00:00,3981.9687002759997,1304.7886437699922,2677.1800565060075,1066.5842684620666,238.20437530792563
2025-06-08 15:00:00+00:00,4085.9024004119997,1123.336317356714,2962.5660830552856,873.6918826303057,249.64443472640824
2025-06-08 16:00:00+00:00,4166.905116906002,879.8001524006836,3287.1049645053185,619.2060812323291,260.59407116835445
2025-06-08 17:00:00+00:00,4219.8543887219985,591.6689964491493,3628.185392272849,320.9522381872494,270.7167582618999
2025-06-08 18:00:00+00:00,4241.50336785,279.7150592751756,3961.788308574825,0.0,279.7150592751756
2025-06-08 19:00:00+00:00,4230.697487939999,287.3425413534951,3943.3549465865035,0.0,287.3425413534951
2025-06-08 20:00:00+00:00,4188.44943741,293.41358489564897,3895.0358525143515,0.0,293.41358489564897
2025-06-08 21:00:00+00:00,4117.867333901999,297.81069622657077,3820.056637675428,0.0,297.81069622657077
2025-06-08 22:00:00+00:00,4023.941109888002,300.48902783600687,3723.452082051995,0.0,300.48902783600687
2025-06-08 23:00:00+00:00,3913.201663728001,301.47791100114637,3611.723752726855,0.0,301.47791100114637
2025-06-09 00:00:00+00:00,4166.733379536001,300.87935125837595,3865.854028277625,0.0,300.87935125837595
2025-06-09 01:00:00+00:00,4045.826364173999,298.8635369983214,3746.962827175678,0.0,298.8635369983214
2025-06-09 02:00:00+00:00,3932.1634885679987,295.6615534089142,3636.5019351590845,0.0,295.6615534089142
2025-06-09 03:00:00+00:00,3833.4337679819996,291.55559823617824,3541.878169745821,0.0,291.55559823617824
2025-06-09 04:00:00+00:00,3756.2697603059996,286.86710303468743,3469.4026572713124,0.0,286.86710303468743
2025-06-09 05:00:00+00:00,3705.8003786579998,281.94323899088965,3423.85713966711,0.0,281.94323899088965
2025-06-09 06:00:00+00:00,3685.30681428,277.1423692069965,3408.164445073003,0.0,277.1423692069965
2025-06-09 07:00:00+00:00,3696.0048837599998,582.6270052083305,3113.3778785516693,309.8079640841797,272.8190411241509
2025-06-09 08:00:00+00:00,3736.9684906260004,867.0380048625059,2869.9304857634943,597.7288750944234,269.3091297680825
2025-06-09 09:00:00+00:00,3805.1992535340005,1111.9315094968288,2693.2677440371717,845.0157603424354,266.9157491543932
2025-06-09 10:00:00+00:00,3895.837414266,1301.5409233180774,2594.2964909479224,1035.6444266196033,265.8964966984741
2025-06-09 11:00:00+00:00,4002.4994797199997,1423.6740336508492,2578.8254460691505,1157.2214640521988,266.4525695986505
2025-06-09 12:00:00+00:00,4117.719440814001,1470.3900111909584,2647.329429623043,1201.6698269713938,268.72018421956443
2025-06-09 13:00:00+00:00,4233.463373748,1438.438989688095,2795.024384059905,1165.6743318999027,272.7646577881924
2025-06-09 14:00:00+00:00,4341.682159878002,1329.4556817539312,3012.22647812407,1050.8782816772512,278.57740007668
2025-06-09 15:00:00+00:00,4434.864591612001,1149.9039535800523,3284.960638031949,863.8280290878209,286.07592449223137
2025-06-09 16:00:00+00:00,4506.553034172,910.7730680969391,3595.7799660750607,615.6661754756958,295.10689262124333
2025-06-09 17:00:00+00:00,4551.786383717998,627.0299001228062,3924.756483595192,321.57783505917706,305.45206506362916
2025-06-09 18:00:00+00:00,4567.440140004001,316.8369064471905,4250.60323355681,0.0,316.8369064471905
2025-06-09 19:00:00+00:00,4552.440283776001,328.9415074894211,4223.498776286579,0.0,328.9415074894211
2025-06-09 20:00:00+00:00,4507.836430062,341.4133627673666,4166.423067294633,0.0,341.4133627673666
2025-06-09 21:00:00+00:00,4436.729222100001,353.88149627863527,4082.847725821365,0.0,353.88149627863527
2025-06-09 22:00:00+00:00,4344.05696298,365.97134333282395,3978.0856196471764,0.0,365.97134333282395
2025-06-09 23:00:00+00:00,4236.256073237998,377.319788440713,3858.9362847972848,0.0,377.319788440713
2025-06-10 00:00:00+00:00,4116.222685049999,387.5897448213913,3728.632940228608,0.0,387.5897448213913
2025-06-10 01:00:00+00:00,4001.181006732002,396.4836707587096,3604.6973359732924,0.0,396.4836707587096
2025-06-10 02:00:00+00:00,3894.5551637159983,403.755482359815,3490.799681356183,0.0,403.755482359815
2025-06-10 03:00:00+00:00,3803.8003904040015,409.2203607134685,3394.580029690533,0.0,409.2203607134685
2025-06-10 04:00:00+00:00,3735.292743671999,412.76206678068854,3322.53067689131,0.0,412.76206678068854
2025-06-10 05:00:00+00:00,3693.888045162001,414.3374549794872,3279.550590182514,0.0,414.3374549794872
2025-06-10 06:00:00+00:00,3682.584277469999,413.97800950413,3268.606267965869,0.0,413.97800950413
2025-06-10 07:00:00+00:00,3702.3106761479994,791.9022563297265,2910.4084198182727,380.11392984070204,411.7883264890244
2025-06-10 08:00:00+00:00,3751.8579954659995,1148.6954589526283,2603.1625365133714,740.753833391564,407.9416255610644
2025-06-10 09:00:00+00:00,3827.954864412002,1458.2686910741734,2369.686173337828,1055.5962339454088,402.6724571287645
2025-06-10 10:00:00+00:00,3925.485180707997,1689.2374707953622,2236.247709912635,1292.9705607849012,396.26691001046095
2025-06-10 11:00:00+00:00,4037.831869764,1831.1719979590944,2206.659871804906,1442.1212734069102,389.0507245521841
2025-06-10 12:00:00+00:00,4157.323669086,1874.3695975144542,2282.954071571546,1492.993802760101,381.37579475435325
2025-06-10 13:00:00+00:00,4275.7546290479995,1815.7268828726874,2460.027746175312,1442.1212734069102,373.60560946577726
2025-06-10 14:00:00+00:00,4384.940955990001,1659.0707959804865,2725.8701600095146,1292.9705607849012,366.1002351955853
2025-06-10 15:00:00+00:00,4477.277384454001,1414.9074959231273,3062.369888530873,1055.7060424788524,359.20145344427493
2025-06-10 16:00:00+00:00,4546.255108416001,1099.7155572339957,3446.5395511820057,746.4969021294945,353.2186551045012
2025-06-10 17:00:00+00:00,4586.906067156003,734.8313106237704,3852.0747565322326,386.4152309280577,348.4160796957126
2025-06-10 18:00:00+00:00,4596.1432427400005,345.00191622145155,4251.141326518549,0.0,345.00191622145155
2025-06-10 19:00:00+00:00,4572.9737780999985,343.1197114628483,4229.85406663715,0.0,343.1197114628483
2025-06-10 20:00:00+00:00,4518.570285054002,342.8424398454235,4175.727845208578,0.0,342.8424398454235
2025-06-10 21:00:00+00:00,4436.195476692003,344.1694773781013,4092.025999313901,0.0,344.1694773781013
2025-06-10 22:00:00+00:00,4330.9850703,347.0266031318615,3983.9584671681387,0.0,347.0266031318615
2025-06-10 23:00:00+00:00,4209.603722982,351.2690275187039,3858.3346954632966,0.0,351.2690275187039
2025-06-11 00:00:00+00:00,4075.298142762,356.68732612147517,3718.610816640525,0.0,356.68732612147517
2025-06-11 01:00:00+00:00,3945.3723723959997,363.01603213970105,3582.3563402562986,0.0,363.01603213970105
2025-06-11 02:00:00+00:00,3823.634171069999,369.9445370109378,3453.689634059061,0.0,369.9445370109378
2025-06-11 03:00:00+00:00,3717.8323026179996,377.1298585693951,3340.702444048605,0.0,377.1298585693951
2025-06-11 04:00:00+00:00,3634.6362727499995,384.2107451664954,3250.425527583504,0.0,384.2107451664954
2025-06-11 05:00:00+00:00,3579.1884671760004,390.82254055780373,3188.3659266181967,0.0,390.82254055780373
2025-06-11 06:00:00+00:00,3554.7599090640006,396.612206266378,3158.1477027976225,0.0,396.612206266378
2025-06-11 07:00:00+00:00,3562.533026219999,744.5783989399248,2817.9546272800744,343.3255200298083,401.2528789101165
2025-06-11 08:00:00+00:00,3601.526045922001,1060.2345097879695,2541.291536134031,655.7771357982986,404.45737398967094
2025-06-11 09:00:00+00:00,3668.6640950820006,1323.4603783056627,2345.203716776338,917.4703025777852,405.9900757278774
2025-06-11 10:00:00+00:00,3758.9920638059994,1518.081947306462,2240.9101164995373,1112.4052215615366,405.6767257449255
2025-06-11 11:00:00+00:00,3866.0146398720008,1632.7188561158341,2233.2957837561667,1229.3071329533502,403.41172316248384
2025-06-11 12:00:00+00:00,3982.140318870001,1661.2995334027212,2320.8407854672796,1262.1369166547368,399.16261674798443
2025-06-11 13:00:00+00:00,4099.199063946,1603.2454947329175,2495.9535692130826,1210.2738771574639,392.97161757545354
2025-06-11 14:00:00+00:00,4208.998419275999,1463.3433539428147,2745.6550653331847,1078.3892823646522,384.95407157816254
2025-06-11 15:00:00+00:00,4303.880068950001,1251.3340360080533,3052.546032941948,876.0400930014654,375.2939430065878
2025-06-11 16:00:00+00:00,4377.239129885998,981.2549858572729,3395.9841440287255,617.0184767082684,364.2365091490045
2025-06-11 17:00:00+00:00,4423.970690202001,670.5741635655139,3753.3965266364867,318.49562074290793,352.078542822606
2025-06-11 18:00:00+00:00,4440.813394248002,339.15641292283595,4101.656981325165,0.0,339.15641292283595
2025-06-11 19:00:00+00:00,4426.566654216002,325.8325606736758,4100.734093542325,0.0,325.8325606736758
2025-06-11 20:00:00+00:00,4382.166912815998,312.4809297317566,4069.685983084242,0.0,312.4809297317566
2025-06-11 21:00:00+00:00,4310.617790261999,299.47192386120867,4011.1458664007905,0.0,299.47192386120867
2025-06-11 22:00:00+00:00,4216.779150822001,287.15752652088753,3929.621624301113,0.0,287.15752652088753
2025-06-11 23:00:00+00:00,4107.029494764,275.8571819572963,3831.172312806704,0.0,275.8571819572963
2025-06-12 00:00:00+00:00,3984.423969876001,265.84501225944445,3718.5789576165566,0.0,265.84501225944445
2025-06-12 01:00:00+00:00,3865.783870829999,257.33890047232586,3608.4449703576734,0.0,257.33890047232586
2025-06-12 02:00:00+00:00,3754.7386400999994,250.4918833645685,3504.246756735431,0.0,250.4918833645685
2025-06-12 03:00:00+00:00,3658.777070549997,245.38620429074103,3413.3908662592557,0.0,245.38620429074103
2025-06-12 04:00:00+00:00,3584.331294054001,242.03026864721798,3342.301025406783,0.0,242.03026864721798
2025-06-12 05:00:00+00:00,3536.3344851240013,240.35863130363887,3295.9758538203623,0.0,240.35863130363887
2025-06-12 06:00:00+00:00,3517.881547572,240.23501009535488,3277.646537476645,0.0,240.23501009535488
2025-06-12 07:00:00+00:00,3530.0159879459993,568.328295701367,2961.687692244632,326.87009674923735,241.45819895212964
2025-06-12 08:00:00+00:00,3571.6575851879993,875.9038418684053,2695.753743319594,632.133189657019,243.7706522113863
2025-06-12 09:00:00+00:00,3639.6757942020004,1141.0986549788952,2498.5771392231054,894.2292860045064,246.86936897438878
2025-06-12 10:00:00+00:00,3729.103898982001,1345.0074679631093,2384.0964310188915,1094.5888214847628,250.41864647834652
2025-06-12 11:00:00+00:00,3833.4793100940005,1473.122637071665,2360.3566730223356,1219.058466901884,254.06417016978102
2025-06-12 12:00:00+00:00,3945.2867942879993,1516.446488926012,2428.8403053619872,1258.9986199457933,257.44786898021886
2025-06-12 13:00:00+00:00,4056.4743398759997,1472.175696952411,2584.298642923589,1211.9527710920838,260.2229258603273
2025-06-12 14:00:00+00:00,4159.00645776,1343.8945280624262,2815.1119296975735,1081.8262055237049,262.0683225387213
2025-06-12 15:00:00+00:00,4245.41707947,1141.2583888971642,3104.1586905728363,878.5560574165025,262.7023314806616
2025-06-12 16:00:00+00:00,4309.3242729600015,879.1961918507723,3430.1280811092292,617.3017935165459,261.89439833422637
2025-06-12 17:00:00+00:00,4345.871546352,576.7044257836536,3769.1671205683465,317.22950257143185,259.47492321222177
2025-06-12 18:00:00+00:00,4352.065574766,255.34254674911432,4096.723028016886,0.0,255.34254674911432
2025-06-12 19:00:00+00:00,4326.9870955920005,249.46863928801204,4077.5184563039884,0.0,249.46863928801204
2025-06-12 20:00:00+00:00,4271.860519710002,241.8988061482358,4029.9617135617664,0.0,241.8988061482358
2025-06-12 21:00:00+00:00,4189.977329454002,232.7513520453852,3957.2259774086165,0.0,232.7513520453852
2025-06-12 22:00:00+00:00,4086.478285847999,222.212762331321,3864.265523516678,0.0,222.212762331321
2025-06-12 23:00:00+00:00,3968.009245451998,210.5303873641954,3757.4788580878026,0.0,210.5303873641954
2025-06-13 00:00:00+00:00,3837.9722795400007,198.00263017485352,3639.9696493651472,0.0,198.00263017485352
2025-06-13 01:00:00+00:00,3713.211508986001,184.96703444762448,3528.2444745383764,0.0,184.96703444762448
2025-06-13 02:00:00+00:00,3597.646579968,171.78676742454232,3425.859812543458,0.0,171.78676742454232
2025-06-13 03:00:00+00:00,3498.921504372001,158.83603965889483,3340.0854647131064,0.0,158.83603965889483
2025-06-13 04:00:00+00:00,3423.5844200459997,146.4850700833326,3277.099349962667,0.0,146.4850700833326
2025-06-13 05:00:00+00:00,3376.6424862239983,135.085203379117,3241.5572828448812,0.0,135.085203379117
2025-06-13 06:00:00+00:00,3361.2208012740007,124.95478737241314,3236.2660139015875,0.0,124.95478737241314
2025-06-13 07:00:00+00:00,3378.3484701539996,395.9670824580861,2982.3813876959134,279.60068275770067,116.36639970038541
2025-06-13 08:00:00+00:00,3426.8865540419997,647.5751648501237,2779.311389191876,538.0392376220776,109.53592722804609
2025-06-13 09:00:00+00:00,3503.6027634720003,863.7669837918096,2639.8357796801906,759.1530161039937,104.61396768781597
2025-06-13 10:00:00+00:00,3603.3879360780006,1030.899090429342,2572.4888456486588,929.2192101054889,101.67988032385325
2025-06-13 11:00:00+00:00,3719.5995876900015,1138.3804974736747,2581.2190902163265,1037.6417428178895,100.73875465578516
2025-06-13 12:00:00+00:00,3844.5092694120012,1179.1962469902169,2665.3130224217844,1077.4748527766792,101.72139421353769
2025-06-13 13:00:00+00:00,3969.823366446001,1150.2669701683665,2819.556396277634,1045.7796253520662,104.48734481630035
2025-06-13 14:00:00+00:00,4087.241956140001,1052.6403372606148,3034.6016188793865,943.8095266020839,108.83081065853091
2025-06-13 15:00:00+00:00,4189.017848442,891.5070297932325,3297.510818648768,777.0177822981191,114.48924749511339
2025-06-13 16:00:00+00:00,4268.477762262001,676.0298471409751,3592.447915121026,554.875589792873,121.1542573481021
2025-06-13 17:00:00+00:00,4320.470420658,418.9727392390386,3901.4976814189613,290.48839070627884,128.48434853275978
2025-06-13 18:00:00+00:00,4341.711064865999,136.11903829946482,4205.5920265665345,0.0,136.11903829946482
2025-06-13 19:00:00+00:00,4330.999090109998,143.69371919929273,4187.305370910705,0.0,143.69371919929273
2025-06-13 20:00:00+00:00,4289.294185259999,150.85467701141138,4138.439508248587,0.0,150.85467701141138
2025-06-13 21:00:00+00:00,4219.6458010979995,157.27365398503576,4062.372147112964,0.0,157.27365398503576
2025-06-13 22:00:00+00:00,4126.980999414,162.66135040936288,3964.3196490046366,0.0,162.66135040936288
2025-06-13 23:00:00+00:00,4017.765118458,166.77931888895858,3850.9857995690413,0.0,166.77931888895858
2025-06-14 00:00:00+00:00,3517.209131184,169.44976115151172,3347.7593700324883,0.0,169.44976115151172
2025-06-14 01:00:00+00:00,3398.1505164180003,170.56283036993742,3227.587686048063,0.0,170.56283036993742
2025-06-14 02:00:00+00:00,3286.401346998,170.08113143924663,3116.3202155587533,0.0,170.08113143924663
2025-06-14 03:00:00+00:00,3189.590240591999,168.04124546659148,3021.5489951254076,0.0,168.04124546659148
2025-06-14 04:00:00+00:00,3114.2944224420003,164.55220823852355,2949.7422142034766,0.0,164.55220823852355
2025-06-14 05:00:00+00:00,3065.593878438,159.7910077261466,2905.8028707118533,0.0,159.7910077261466
2025-06-14 06:00:00+00:00,3046.7284148700014,153.9952861989689,2892.7331286710323,0.0,153.9952861989689
2025-06-14 07:00:00+00:00,3058.88100252,503.9155192974182,2554.965483222582,356.46197514094337,147.45354415647483
2025-06-14 08:00:00+00:00,3101.10198909,836.6255282527388,2264.4764608372616,696.1322814606747,140.49324679206418
2025-06-14 09:00:00+00:00,3170.379283092,1127.5184477034682,2042.860835388532,994.0511245410252,133.46732316244294
2025-06-14 10:00:00+00:00,3261.8495672699996,1354.5468705829567,1907.302696687043,1227.8072632013325,126.73960738162418
2025-06-14 11:00:00+00:00,3369.1359957360005,1500.028278408608,1869.1077173273925,1379.3584614117046,120.66981699690325
2025-06-14 12:00:00+00:00,3484.78925592,1552.134042860941,1932.655213059059,1436.5353495837314,115.59869327720949
2025-06-14 13:00:00+00:00,3600.801703212001,1505.9225040223237,2094.8791991896774,1394.0886076691024,111.83389635322129
2025-06-14 14:00:00+00:00,3709.159461504,1363.8170669058445,2345.3423945981554,1254.1798194965388,109.6372474093058
2025-06-14 15:00:00+00:00,3802.3946425080017,1135.481389003608,2666.9132535043937,1026.2675542875074,109.21383471610059
2025-06-14 16:00:00+00:00,3874.0999215659995,837.1000031290254,3036.999918436974,726.3965789870399,110.70342414198547
2025-06-14 17:00:00+00:00,3919.370299529999,490.12796611332965,3429.2423334166697,375.95342600355565,114.17454010977397
2025-06-14 18:00:00+00:00,3935.1417458639994,119.62144249303003,3815.5203033709695,0.0,119.62144249303003
2025-06-14 19:00:00+00:00,3920.40362952,126.96413992393462,3793.4394895960654,0.0,126.96413992393462
2025-06-14 20:00:00+00:00,3876.2702772360035,136.05142694416142,3740.218850291842,0.0,136.05142694416142
2025-06-14 21:00:00+00:00,3805.906776714001,146.66683040324426,3659.2399463107567,0.0,146.66683040324426
2025-06-14 22:00:00+00:00,3714.3140175120016,158.53721077632034,3555.776806735681,0.0,158.53721077632034
2025-06-14 23:00:00+00:00,3607.9875790979995,171.34368200795527,3436.6438970900444,0.0,171.34368200795527
2025-06-15 00:00:00+00:00,3490.374934872,184.73438854267766,3305.640546329322,0.0,184.73438854267766
2025-06-15 01:00:00+00:00,3377.7540259680004,198.33862571070807,3179.4154002572923,0.0,198.33862571070807
2025-06-15 02:00:00+00:00,3274.086498605998,211.7817253160147,3062.304773289983,0.0,211.7817253160147
2025-06-15 03:00:00+00:00,3186.8594106719997,224.7000920468564,2962.1593186251434,0.0,224.7000920468564
2025-06-15 04:00:00+00:00,3122.4711786239995,236.75577928627814,2885.7153993377215,0.0,236.75577928627814
2025-06-15 05:00:00+00:00,3085.7898580320007,247.65001434047522,2838.1398436915256,0.0,247.65001434047522
2025-06-15 06:00:00+00:00,3079.815157985999,257.13510528272076,2822.6800527032783,0.0,257.13510528272076
2025-06-15 07:00:00+00:00,3105.46730403,617.635597896241,2487.831706133759,352.61134091264705,265.024256983594
2025-06-15 08:00:00+00:00,3161.517418458,949.649034033706,2211.868384424294,678.4501487714082,271.19888526229784
2025-06-15 09:00:00+00:00,3244.664164769999,1231.8926555251603,2012.7715092448386,956.2795176605059,275.6131378646544
2025-06-15 10:00:00+00:00,3349.751705874,1446.4928326061302,1903.2588732678698,1168.1974040417429,278.2954285643873
2025-06-15 11:00:00+00:00,3470.114247810002,1580.0258613289352,1890.0883864810667,1300.6789264760812,279.3469348528539
2025-06-15 12:00:00+00:00,3598.023799818,1624.282666994843,1973.741132823157,1345.3455604607566,278.93710653408664
2025-06-15 13:00:00+00:00,3725.210828934,1576.730197885286,2148.480631048714,1299.433818217426,277.29637966786
2025-06-15 14:00:00+00:00,3843.4224690120004,1440.654152034144,2402.7683169778566,1165.9477530497336,274.70639898441044
2025-06-15 15:00:00+00:00,3944.980318272001,1224.9780675031834,2720.0022507688177,953.4899372402006,271.4881302629828
2025-06-15 16:00:00+00:00,4023.299923103999,943.7638376385289,3079.53608546547,675.7754626114636,267.9883750270654
2025-06-15 17:00:00+00:00,4073.33665893,615.4095037771207,3457.927155152879,350.8442853847965,264.5652183923242
2025-06-15 18:00:00+00:00,4091.92766934,261.57302370774835,3830.354645632252,0.0,261.57302370774835
2025-06-15 19:00:00+00:00,4078.0065537119995,259.34757654063134,3818.658977171368,0.0,259.34757654063134
2025-06-15 20:00:00+00:00,4032.6762532559983,258.19199090657486,3774.4842623494233,0.0,258.19199090657486
2025-06-15 21:00:00+00:00,3959.1351129540008,258.3639618119915,3700.7711511420093,0.0,258.3639618119915
2025-06-15 22:00:00+00:00,3862.4611376820008,260.06487276533807,3602.396264916663,0.0,260.06487276533807
2025-06-15 23:00:00+00:00,3749.2690646879987,263.4312188571282,3485.8378458308707,0.0,263.4312188571282
2025-06-16 00:00:00+00:00,4001.4166498320005,268.5286877166239,3732.8879621153765,0.0,268.5286877166239
2025-06-16 01:00:00+00:00,3878.872099452,275.34914823736653,3603.5229512146334,0.0,275.34914823736653
2025-06-16 02:00:00+00:00,3764.07392466,283.8106609277402,3480.26326373226,0.0,283.8106609277402
2025-06-16 03:00:00+00:00,3664.7599449300014,293.76052467308426,3370.9994202569173,0.0,293.76052467308426
2025-06-16 04:00:00+00:00,3587.5992502560002,304.98121943743104,3282.6180308185694,0.0,304.98121943743104
2025-06-16 05:00:00+00:00,3537.744152628001,317.1990157138342,3220.5451369141665,0.0,317.1990157138342
2025-06-16 06:00:00+00:00,3518.485544742,330.09488993223863,3188.390654809761,0.0,330.09488993223863
2025-06-16 07:00:00+00:00,3531.0350011859996,709.6074618147904,2821.427539371209,366.29015514949475,343.31730666529563
2025-06-16 08:00:00+00:00,3574.448329116001,1062.859380871129,2511.588948244872,706.3630462929914,356.4963345781374
2025-06-16 09:00:00+00:00,3645.6955909499993,1365.295904987132,2280.3996859628674,996.0373744493521,369.25853053777996
2025-06-16 10:00:00+00:00,3739.872746231999,1596.138372750465,2143.734373481534,1214.896396726798,381.2419760236669
2025-06-16 11:00:00+00:00,3850.5402989760014,1739.9681157563396,2110.572183219662,1347.8572650361532,392.11085072018636
2025-06-16 12:00:00+00:00,3970.165835831999,1787.8786666726821,2182.2871691593173,1386.3097177995573,401.56894887312484
2025-06-16 13:00:00+00:00,4090.640141741999,1738.0963060362642,2352.5438357057346,1328.7247199026697,409.37158613359463
2025-06-16 14:00:00+00:00,4203.83167176,1596.0180799412274,2607.8135918187727,1180.682670267573,415.3354096736542
2025-06-16 15:00:00+00:00,4302.141570090001,1373.6706659435656,2928.470904146435,954.3249617385244,419.3457042050413
2025-06-16 16:00:00+00:00,4379.021363765999,1088.647150035694,3290.374213730305,667.2862437324593,421.3609063032348
2025-06-16 17:00:00+00:00,4429.418041775999,762.6259470144125,3666.7920947615867,341.21181368095665,421.4141333334558
2025-06-16 18:00:00+00:00,4450.116235992001,419.6116685718591,4030.504567420142,0.0,419.6116685718591
2025-06-16 19:00:00+00:00,4439.954240778001,416.128465364619,4023.825775413382,0.0,416.128465364619
2025-06-16 20:00:00+00:00,4399.899172746,411.2008477631298,3988.69832498287,0.0,411.2008477631298
2025-06-16 21:00:00+00:00,4332.976282068002,405.11672258816316,3927.8595594798385,0.0,405.11672258816316
2025-06-16 22:00:00+00:00,4244.057344548,398.2036829365025,3845.853661611498,0.0,398.2036829365025
2025-06-16 23:00:00+00:00,4139.522650577999,390.81550882898705,3748.7071417490124,0.0,390.81550882898705
2025-06-17 00:00:00+00:00,4022.928536003999,383.3176047078818,3639.610931296117,0.0,383.3176047078818
2025-06-17 01:00:00+00:00,3910.0581465959995,376.07197707352793,3533.9861695224718,0.0,376.07197707352793
2025-06-17 02:00:00+00:00,3805.0219633859997,369.4223688580863,3435.5995945279133,0.0,369.4223688580863
2025-06-17 03:00:00+00:00,3715.2707412240006,363.68015160834926,3351.5905896156514,0.0,363.68015160834926
2025-06-17 04:00:00+00:00,3647.189988161999,359.1115580664434,3288.0784300955556,0.0,359.1115580664434
2025-06-17 05:00:00+00:00,3605.658640500002,355.9267808091518,3249.7318596908503,0.0,355.9267808091518
2025-06-17 06:00:00+00:00,3593.7109202399984,354.27137610545293,3239.4395441345455,0.0,354.27137610545293
2025-06-17 07:00:00+00:00,3612.3245405100006,634.397892119857,2977.926648390144,280.17756277248964,354.2203293473674
2025-06-17 08:00:00+00:00,3660.3498132599984,892.5217538020363,2767.828059457962,536.7467270310428,355.7750267709935
2025-06-17 09:00:00+00:00,3734.584592675998,1112.9084286115926,2621.6761640644054,754.0451775910407,358.86325102055184
2025-06-17 10:00:00+00:00,3829.9900275420005,1282.4152669674872,2547.574760574513,919.0730604974412,363.34220647004605
2025-06-17 11:00:00+00:00,3940.0324791659987,1391.1014085536112,2548.9310706123874,1022.0969599364771,369.00444861713424
2025-06-17 12:00:00+00:00,4057.128337499999,1432.6724095725874,2624.4559279274117,1057.0859367402559,375.5864728323315
2025-06-17 13:00:00+00:00,4173.161439090002,1404.761733897355,2768.399705192647,1021.9821211349715,382.77961276238346
2025-06-17 14:00:00+00:00,4280.037789174,1309.049273853307,2970.988515320693,918.8064712790248,390.24280257428234
2025-06-17 15:00:00+00:00,4370.239812917999,1151.2125595610128,3219.0272533569864,753.5958829211426,397.6166766398702
2025-06-17 16:00:00+00:00,4437.342199584003,940.7015327262453,3496.6406668577574,536.163100521454,404.5384322047913
2025-06-17 17:00:00+00:00,4476.454224354,690.3259010690147,3786.1283232849855,279.66905153515023,410.6568495338645
2025-06-17 18:00:00+00:00,4484.558213268,415.64684406314973,4068.9113692048504,0.0,415.64684406314973
2025-06-17 19:00:00+00:00,4460.720989955999,419.22296427325284,4041.4980256827466,0.0,419.22296427325284
2025-06-17 20:00:00+00:00,4406.163813492,421.15128152875747,3985.012531963243,0.0,421.15128152875747
2025-06-17 21:00:00+00:00,4324.185806052,421.25917579609,3902.92663025591,0.0,421.25917579609
2025-06-17 22:00:00+00:00,4219.946024406,419.4426283543859,3800.5033960516143,0.0,419.4426283543859
2025-06-17 23:00:00+00:00,4100.118788934002,415.6707154184262,3684.4480735155757,0.0,415.6707154184262
2025-06-18 00:00:00+00:00,3968.659964009999,409.98711488486055,3558.6728491251383,0.0,409.98711488486055
2025-06-18 01:00:00+00:00,3841.428818093999,402.5085766668808,3438.920241427118,0.0,402.5085766668808
2025-06-18 02:00:00+00:00,3722.91502884,393.4204039342029,3329.494624905797,0.0,393.4204039342029
2025-06-18 03:00:00+00:00,3620.823234797998,382.969143397705,3237.854091400293,0.0,382.969143397705
2025-06-18 04:00:00+00:00,3541.767150894001,371.4527670612214,3170.3143838327796,0.0,371.4527670612214
2025-06-18 05:00:00+00:00,3490.822983396,359.2087705528965,3131.6142128431034,0.0,359.2087705528965
2025-06-18 06:00:00+00:00,3471.1867569120004,346.60064493951677,3124.5861119724836,0.0,346.60064493951677
2025-06-18 07:00:00+00:00,3483.9588080639996,660.801127981244,2823.1576800827556,326.79782336859887,334.0033046126452
2025-06-18 08:00:00+00:00,3528.0700807379994,958.0302404037318,2570.039840334268,636.2421947009353,321.7880457027964
2025-06-18 09:00:00+00:00,3600.3552878579994,1216.1748043906641,2384.1804834673353,905.8671424206308,310.3076619700332
2025-06-18 10:00:00+00:00,3695.7678662519984,1415.67254466141,2280.0953215905884,1115.7902202431726,299.8823244182374
2025-06-18 11:00:00+00:00,3807.722144856001,1541.073313335893,2266.6488315201077,1250.2865194218807,290.78679391401243
2025-06-18 12:00:00+00:00,3928.5394588859976,1582.287288354194,2346.2521705318036,1299.0477796180764,283.2395087361175
2025-06-18 13:00:00+00:00,4049.9678584679987,1535.4082843882459,2514.5595740797526,1258.0143136990623,277.3939706891836
2025-06-18 14:00:00+00:00,4163.740109801999,1403.0396122576758,2760.7004975443233,1129.7068120736776,273.3328001839983
2025-06-18 15:00:00+00:00,4262.132039928001,1194.0962097260117,3068.0358302019895,923.0315217292709,271.0646879967408
2025-06-18 16:00:00+00:00,4338.483305855998,923.1052252969351,3415.3780805590627,652.5808411178418,270.5243841790933
2025-06-18 17:00:00+00:00,4387.645290378,609.0722518802274,3778.5730384977724,337.4965440261695,271.5757078540579
2025-06-18 18:00:00+00:00,4406.325654276001,274.01746551993887,4132.308188756062,0.0,274.01746551993887
2025-06-18 19:00:00+00:00,4393.306303007998,277.59202944898226,4115.714273559016,0.0,277.59202944898226
2025-06-18 20:00:00+00:00,4349.520031164001,281.9962220435574,4067.5238091204437,0.0,281.9962220435574
2025-06-18 21:00:00+00:00,4277.980775502001,286.8940736442169,3991.086701857784,0.0,286.8940736442169
2025-06-18 22:00:00+00:00,4183.572418494,291.93090890643373,3891.6415095875664,0.0,291.93090890643373
2025-06-18 23:00:00+00:00,4072.7106118439997,296.748204294272,3775.9624075497277,0.0,296.748204294272
2025-06-19 00:00:00+00:00,3949.2218134739987,300.9985971358707,3648.223216338128,0.0,300.9985971358707
2025-06-19 01:00:00+00:00,3828.5441121480017,304.36043260022825,3524.1836795477734,0.0,304.36043260022825
2025-06-19 02:00:00+00:00,3715.099059000001,306.55125861320477,3408.547800386796,0.0,306.55125861320477
2025-06-19 03:00:00+00:00,3616.4537202780007,307.3397023890861,3309.1140178889145,0.0,307.3397023890861
2025-06-19 04:00:00+00:00,3539.1247242540003,306.55526206305683,3232.5694621909433,0.0,306.55526206305683
2025-06-19 05:00:00+00:00,3488.1339668699993,304.09558683352606,3184.0383800364734,0.0,304.09558683352606
2025-06-19 06:00:00+00:00,3466.6672325460004,299.93096910641174,3166.7362634395886,0.0,299.93096910641174
2025-06-19 07:00:00+00:00,3475.8589466160015,625.0459429152314,2850.81300370077,330.94008723791194,294.1058556773195
2025-06-19 08:00:00+00:00,3514.717707018,928.0298360921736,2586.6878709258262,641.2925283765206,286.7373077156529
2025-06-19 09:00:00+00:00,3580.197609282002,1188.6476135064554,2391.5499957755464,910.6371255872518,278.01048791920346
2025-06-19 10:00:00+00:00,3667.4104398539994,1389.1655872617719,2278.2448525922273,1120.9942408989393,268.17134636283254
2025-06-19 11:00:00+00:00,3769.964111339999,1515.4386959141643,2254.5254154258346,1257.9218862706396,257.5168096435248
2025-06-19 12:00:00+00:00,3880.4042716740005,1557.8219920853123,2322.582279588688,1311.4391195275034,246.38287255780884
2025-06-19 13:00:00+00:00,3990.7287399419997,1511.8582534827008,2478.870486459299,1276.7271746947006,235.13107878800025
2025-06-19 14:00:00+00:00,4092.9396493440036,1378.6963300639936,2714.24331928001,1154.5623783183541,224.13395174563945
2025-06-19 15:00:00+00:00,4179.595462896003,1165.1998746048428,3014.3955882911596,951.4399201405237,213.75995446431904
2025-06-19 16:00:00+00:00,4244.325129282001,883.7153580543352,3360.609771227666,679.3567451707958,204.3586128835394
2025-06-19 17:00:00+00:00,4282.269166013998,551.4828984766644,3730.7862675373335,355.2364993170556,196.24639915960887
2025-06-19 18:00:00+00:00,4290.417415956,189.6939546351097,4100.72346132089,0.0,189.6939546351097
2025-06-19 19:00:00+00:00,4267.820388006001,184.91518034563524,4082.9052076603657,0.0,184.91518034563524
2025-06-19 20:00:00+00:00,4215.659589456,182.05863274474382,4033.600956711256,0.0,182.05863274474382
2025-06-19 21:00:00+00:00,4137.171895374001,181.20158839547932,3955.970306978522,0.0,181.20158839547932
2025-06-19 22:00:00+00:00,4037.4331260059994,182.34700608017013,3855.0861199258293,0.0,182.34700608017013
2025-06-19 23:00:00+00:00,3923.0153101439982,185.42352310379923,3737.591787040199,0.0,185.42352310379923
2025-06-20 00:00:00+00:00,3797.9697783720003,190.28847839768756,3607.681299974313,0.0,190.28847839768756
2025-06-20 01:00:00+00:00,3677.5942516740006,196.73384043471344,3480.8604112392873,0.0,196.73384043471344
2025-06-20 02:00:00+00:00,3566.4492745560024,204.49479893581884,3361.9544756201835,0.0,204.49479893581884
2025-06-20 03:00:00+00:00,3472.0885552080003,213.26066327338285,3258.8278919346176,0.0,213.26066327338285
2025-06-20 04:00:00+00:00,3400.9710137340016,222.68762989051913,3178.2833838434826,0.0,222.68762989051913
2025-06-20 05:00:00+00:00,3358.0177816080004,232.41288716096082,3125.6048944470394,0.0,232.41288716096082
2025-06-20 06:00:00+00:00,3346.2731386139994,242.06948323329394,3104.2036553807056,0.0,242.06948323329394
2025-06-20 07:00:00+00:00,3366.692510412,639.2294645973351,2727.463045814665,387.92811102774556,251.3013535695895
2025-06-20 08:00:00+00:00,3418.0721489039997,1009.1974425491935,2408.874706354806,749.419561319139,259.77788123005456
2025-06-20 09:00:00+00:00,3497.125369458001,1327.0467158384974,2170.0786536195037,1059.8393085236191,267.20740731487825
2025-06-20 10:00:00+00:00,3598.7003054940014,1571.3818848568853,2027.318420637116,1298.0327566599633,273.34912819692204
2025-06-20 11:00:00+00:00,3716.124498870002,1725.7903148381426,1990.3341840318592,1447.7674195513646,278.0228952867781
2025-06-20 12:00:00+00:00,3841.6529526480012,1779.6081557094874,2062.044796938514,1498.491632440008,281.1165232694793
2025-06-20 13:00:00+00:00,3966.9893498759993,1720.3004114063879,2246.6889384696115,1437.7101210250187,282.5902903813691
2025-06-20 14:00:00+00:00,4083.845000718002,1561.2554162296824,2522.58958448832,1278.7769429789726,282.4784732507097
2025-06-20 15:00:00+00:00,4184.497607178001,1315.4986271277407,2868.9989800502603,1034.6108054594297,280.88782166831095
2025-06-20 16:00:00+00:00,4262.311900727998,1002.1211271757049,3260.1907735522936,724.1280599931337,277.9930671825713
2025-06-20 17:00:00+00:00,4312.186863642,644.6772096219597,3667.5096540200407,370.6475858872809,274.02962373467875
2025-06-20 18:00:00+00:00,4330.899046782,269.2837982441158,4061.6152485378843,0.0,269.2837982441158
2025-06-20 19:00:00+00:00,4317.318847968,264.080900029902,4053.2379479380984,0.0,264.080900029902
2025-06-20 20:00:00+00:00,4272.484933626,258.7717444159406,4013.7131892100597,0.0,258.7717444159406
2025-06-20 21:00:00+00:00,4199.531938140004,253.71809318569336,3945.8138449543108,0.0,253.71809318569336
2025-06-20 22:00:00+00:00,4103.476281030002,249.27764552669652,3854.198635503305,0.0,249.27764552669652
2025-06-20 23:00:00+00:00,3990.874800485999,245.78917166497897,3745.0856288210202,0.0,245.78917166497897
2025-06-21 00:00:00+00:00,3487.768158000001,243.5584176164145,3244.209740383587,0.0,243.5584176164145
2025-06-21 01:00:00+00:00,3365.6067450600017,242.84535033596512,3122.7613947240366,0.0,242.84535033596512
2025-06-21 02:00:00+00:00,3251.025981251999,243.85326375026273,3007.1727175017363,0.0,243.85326375026273
2025-06-21 03:00:00+00:00,3151.7334193800007,246.72019444436228,2905.0132249356384,0.0,246.72019444436228
2025-06-21 04:00:00+00:00,3074.377210926002,251.51300557573705,2822.864205350265,0.0,251.51300557573705
2025-06-21 05:00:00+00:00,3024.098566565999,258.224366727899,2765.8741998381,0.0,258.224366727899
2025-06-21 06:00:00+00:00,3004.1874457559998,266.7727686969171,2737.414677059083,0.0,266.7727686969171
2025-06-21 07:00:00+00:00,3015.8647088219996,585.9107256889572,2429.953983133042,308.9051598713826,277.0055658175746
2025-06-21 08:00:00+00:00,3058.2054809879996,880.5089953259569,2177.6964856620425,591.8040751821983,288.70492014375867
2025-06-21 09:00:00+00:00,3128.208733902,1132.6931085040014,1995.5156253979985,831.0966983445387,301.5964101594627
2025-06-21 10:00:00+00:00,3221.0082954419995,1327.5389569134018,1893.4693385285977,1012.1790070301162,315.3599498832856
2025-06-21 11:00:00+00:00,3330.2105935140003,1453.8364402007483,1876.374153313252,1124.1938706051524,329.64256959559583
2025-06-21 12:00:00+00:00,3448.336146444,1504.65159478915,1943.6845516548499,1160.5790585648895,344.07253622426055
2025-06-21 13:00:00+00:00,3567.3344017920012,1477.6744026913684,2089.659999100633,1119.4001615406896,358.2742411506788
2025-06-21 14:00:00+00:00,3679.1368676999996,1375.3415319746086,2303.795335725391,1003.4582923969805,371.8832395776283
2025-06-21 15:00:00+00:00,3776.210609052,1204.7243134741766,2571.4862955778235,820.1634856557638,384.5608278184128
2025-06-21 16:00:00+00:00,3852.0743716139978,977.1749238118371,2874.8994478021605,581.1673560259366,396.00756778590056
2025-06-21 17:00:00+00:00,3901.7420873759997,707.7294011934438,3194.012686182556,301.7542051390145,405.97519605442926
2025-06-21 18:00:00+00:00,3922.0634223120014,414.27644062936,3507.7869816826415,0.0,414.27644062936
2025-06-21 19:00:00+00:00,3911.9382349320003,420.7923380556994,3491.145896876301,0.0,420.7923380556994
2025-06-21 20:00:00+00:00,3872.390255579998,425.4767492208131,3446.9135063591852,0.0,425.4767492208131
2025-06-21 21:00:00+00:00,3806.4950106119995,428.35790232761866,3378.1371082843807,0.0,428.35790232761866
2025-06-21 22:00:00+00:00,3719.166980045999,429.5368831910597,3289.6300968549394,0.0,429.5368831910597
2025-06-21 23:00:00+00:00,3616.820504808001,429.18314679045,3187.637358017551,0.0,429.18314679045
2025-06-22 00:00:00+00:00,3503.574978372,427.5272356484965,3076.0477427235032,0.0,427.5272356484965
2025-06-22 01:00:00+00:00,3394.150887329999,424.85099263478196,2969.299894695217,0.0,424.85099263478196
2025-06-22 02:00:00+00:00,3293.2010099940003,421.47568147689657,2871.7253285171037,0.0,421.47568147689657
2025-06-22 03:00:00+00:00,3208.1691103979992,417.74849554106584,2790.4206148569333,0.0,417.74849554106584
2025-06-22 04:00:00+00:00,3145.423007454,414.0280086373882,2731.394998816612,0.0,414.0280086373882
2025-06-22 05:00:00+00:00,3109.8135469379995,410.66916744300295,2699.1443794949964,0.0,410.66916744300295
2025-06-22 06:00:00+00:00,3104.337040098,408.0084317904419,2696.328608307558,0.0,408.0084317904419
2025-06-22 07:00:00+00:00,3129.924207186,724.9190716102376,2405.0051355757623,318.5693870159749,406.34968459426267
2025-06-22 08:00:00+00:00,3185.370294750001,1021.1211405560211,2164.24915419398,615.1696613377513,405.9514792182698
2025-06-22 09:00:00+00:00,3267.4111728720018,1275.8209480854152,1991.5902247865865,868.8048018379926,407.0161462474226
2025-06-22 10:00:00+00:00,3370.940432244001,1471.3272194512847,1899.6132127927162,1061.6460021441112,409.6812173071734
2025-06-22 11:00:00+00:00,3489.352718922002,1594.3809309879664,1894.9717879340358,1180.367430143089,414.01350084487734
2025-06-22 12:00:00+00:00,3614.9901369540003,1637.120952955917,1977.8691839980834,1217.1148828399187,420.0060701159981
2025-06-22 13:00:00+00:00,3739.661223143999,1597.6081528297307,2142.0530703142686,1170.0298800343855,427.5782727953452
2025-06-22 14:00:00+00:00,3855.197327772001,1479.8727365192328,2375.324591252768,1043.2939639553285,436.57877256390435
2025-06-22 15:00:00+00:00,3954.008426886,1293.4941133963373,2660.5143134896625,846.7026193677832,446.7914940285541
2025-06-22 16:00:00+00:00,4029.6005487359994,1052.7645100262953,2976.836038709704,594.8202874651389,457.9442225611563
2025-06-22 17:00:00+00:00,4077.0195209100007,775.5225846697492,3301.4969362402517,305.80305830938966,469.71952636035957
2025-06-22 18:00:00+00:00,4093.1907672599996,481.7675260888744,3611.423241171125,0.0,481.7675260888744
2025-06-22 19:00:00+00:00,4077.1319508779993,493.72001525920183,3583.4119356187975,0.0,493.72001525920183
2025-06-22 20:00:00+00:00,4030.023857915998,505.2053384284306,3524.8185194875678,0.0,505.2053384284306
2025-06-22 21:00:00+00:00,3955.1346227400018,515.8634231728241,3439.2711995671775,0.0,515.8634231728241
2025-06-22 22:00:00+00:00,3857.6023593659993,525.3603544196644,3332.242004946335,0.0,525.3603544196644
2025-06-22 23:00:00+00:00,3744.090808626,533.4018834104457,3210.6889252155543,0.0,533.4018834104457
2025-06-23 00:00:00+00:00,3997.248150965999,539.7453338054767,3457.502817160522,0.0,539.7453338054767
2025-06-23 01:00:00+00:00,3875.55879627,544.209405884893,3331.349390385107,0.0,544.209405884893
2025-06-23 02:00:00+00:00,3762.224849585999,546.6814818280652,3215.543367757934,0.0,546.6814818280652
2025-06-23 03:00:00+00:00,3664.98006231,547.1221348623784,3117.8579274476215,0.0,547.1221348623784
2025-06-23 04:00:00+00:00,3590.4756104699995,545.5666552319299,3044.9089552380697,0.0,545.5666552319299
2025-06-23 05:00:00+00:00,3543.8324194979996,542.1235286647873,3001.7088908332125,0.0,542.1235286647873
2025-06-23 06:00:00+00:00,3528.2972695320004,536.969940532075,2991.327328999925,0.0,536.969940532075
2025-06-23 07:00:00+00:00,3545.0259019559994,824.7760525550208,2720.2498494009787,294.43157976847635,530.3444727865444
2025-06-23 08:00:00+00:00,3593.0078638860005,1095.1799618861546,2497.827901999846,572.6426554706604,522.5373064154942
2025-06-23 09:00:00+00:00,3669.1380749520004,1330.404178788394,2338.7338961636065,816.525849405033,513.8783293833608
2025-06-23 10:00:00+00:00,3768.430204139997,1514.4341401064157,2253.996064033581,1009.7105153951942,504.7236247112214
2025-06-23 11:00:00+00:00,3884.3572472460005,1633.995062935303,2250.3621843106976,1138.5541512645088,495.440911670794
2025-06-23 12:00:00+00:00,4009.296088476002,1679.4418280323573,2329.8542604436443,1193.0473134831814,486.39451454917594
2025-06-23 13:00:00+00:00,4135.045703165999,1645.5094007079006,2489.5363024580984,1167.5789059032902,477.9304948046105
2025-06-23 14:00:00+00:00,4253.383801506001,1531.8650449166516,2721.5187565893493,1061.5025061033086,470.3625388133429
2025-06-23 15:00:00+00:00,4356.623947368,1343.4021586715126,3013.2217886964872,879.4429719178195,463.9591867536932
2025-06-23 16:00:00+00:00,4438.135249967999,1090.2210741401836,3347.914175827815,631.2881465914343,458.9329275487493
2025-06-23 17:00:00+00:00,4492.789402793999,787.2562880228234,3705.533114771176,331.82469195285114,455.4315960699723
2025-06-23 18:00:00+00:00,4517.30459103,453.53244078602137,4063.7721502439786,0.0,453.53244078602137
2025-06-23 19:00:00+00:00,4510.463038283998,453.2390851332261,4057.2239531507716,0.0,453.2390851332261
2025-06-23 20:00:00+00:00,4473.187468638001,454.4815223403051,4018.7059462976954,0.0,454.4815223403051
2025-06-23 21:00:00+00:00,4408.4714487659985,457.1191370533976,3951.352311712601,0.0,457.1191370533976
2025-06-23 22:00:00+00:00,4321.168484178001,460.94663029397884,3860.2218538840216,0.0,460.94663029397884
2025-06-23 23:00:00+00:00,4217.654423891999,465.70260525075946,3751.9518186412392,0.0,465.70260525075946
2025-06-24 00:00:00+00:00,4102.256171538001,471.08046124710313,3631.1757102908978,0.0,471.08046124710313
2025-06-24 01:00:00+00:00,3989.2578222,476.7411530277389,3512.516669172261,0.0,476.7411530277389
2025-06-24 02:00:00+00:00,3883.5671917139985,482.3272860074094,3401.239905706589,0.0,482.3272860074094
2025-06-24 03:00:00+00:00,3792.6835125059997,487.4779796791483,3305.2055328268516,0.0,487.4779796791483
2025-06-24 04:00:00+00:00,3723.051837582,491.8438781484167,3231.2079594335837,0.0,491.8438781484167
2025-06-24 05:00:00+00:00,3679.6203199559986,495.1017022851691,3184.5186176708294,0.0,495.1017022851691
2025-06-24 06:00:00+00:00,3665.500390271999,496.9677475971581,3168.532642674841,0.0,496.9677475971581
2025-06-24 07:00:00+00:00,3681.7531678619994,884.6583692096084,2797.094798652391,387.4486032728267,497.2097659367817
2025-06-24 08:00:00+00:00,3727.31657046,1244.8809302313925,2482.4356402286076,749.2241782731192,495.6567519582734
2025-06-24 09:00:00+00:00,3799.078179035999,1551.7692244137118,2247.3089546222873,1059.562993021098,492.20623139261374
2025-06-24 10:00:00+00:00,3892.0888818840003,1784.5230946809038,2107.5657872030965,1297.6943422284148,486.82875245248886
2025-06-24 11:00:00+00:00,3999.9026588220004,1926.9593576822278,2072.9433011397723,1447.3899665823665,479.56939109986143
2025-06-24 12:00:00+00:00,4115.01931449,1968.8387153411518,2146.1805991488486,1498.2924961784852,470.5462191626665
2025-06-24 13:00:00+00:00,4229.399928012,1902.1911894505083,2327.2087385614914,1442.24540831167,459.9457811388384
2025-06-24 14:00:00+00:00,4335.019751033999,1735.274218811824,2599.7455322221745,1287.2584335915499,448.01578522027427
2025-06-24 15:00:00+00:00,4424.420791854,1480.354031939071,2944.0667599149283,1045.298749112421,435.05528282665006
2025-06-24 16:00:00+00:00,4491.226268213994,1155.8676434037725,3335.358624810222,734.4648816422787,421.4027617614939
2025-06-24 17:00:00+00:00,4530.581754089999,784.9231211983249,3745.6586328916737,377.50049873585215,407.4226224624727
2025-06-24 18:00:00+00:00,4539.492762293999,393.4905999729196,4146.002162321079,0.0,393.4905999729196
2025-06-24 19:00:00+00:00,4517.035669440001,379.97872309533506,4137.056946344665,0.0,379.97872309533506
2025-06-24 20:00:00+00:00,4464.427369584,367.24042806400576,4097.186941519994,0.0,367.24042806400576
2025-06-24 21:00:00+00:00,4384.948795206001,355.596437419949,4029.352357786052,0.0,355.596437419949
2025-06-24 22:00:00+00:00,4283.727400175999,345.32197336914174,3938.405426806857,0.0,345.32197336914174
2025-06-24 23:00:00+00:00,4167.393218393998,336.63584385330284,3830.757374540695,0.0,336.63584385330284
2025-06-25 00:00:00+00:00,4040.6144266319993,329.6918279242831,3710.922598707716,0.0,329.6918279242831
2025-06-25 01:00:00+00:00,3917.647394262001,324.57272934569767,3593.0746649163034,0.0,324.57272934569767
2025-06-25 02:00:00+00:00,3803.674890833999,321.2873320487918,3482.387558785207,0.0,321.2873320487918
2025-06-25 03:00:00+00:00,3706.3192770660003,319.7703860852477,3386.5488909807527,0.0,319.7703860852477
2025-06-25 04:00:00+00:00,3632.106802086001,319.88561890165334,3312.221183184348,0.0,319.88561890165334
2025-06-25 05:00:00+00:00,3586.0230588000027,321.4316514255075,3264.5914073744952,0.0,321.4316514255075
2025-06-25 06:00:00+00:00,3571.172419164,324.150582378466,3247.021836785534,0.0,324.150582378466
2025-06-25 07:00:00+00:00,3588.5646446159994,668.2552532932427,2920.3093913227567,340.51638361802264,327.7388696752201
2025-06-25 08:00:00+00:00,3637.0433362619997,987.796060449811,2649.2472758121885,655.9359729575806,331.8600874922303
2025-06-25 09:00:00+00:00,3713.361064938,1261.9856620772748,2451.375402860725,925.826642039552,336.15902003772277
2025-06-25 10:00:00+00:00,3812.396290121999,1472.9938447108211,2339.4024454111777,1132.7173315800687,340.27651313075245
2025-06-25 11:00:00+00:00,3927.4972503900003,1607.0106843060778,2320.4865660839223,1263.146195874109,343.8644884319687
2025-06-25 12:00:00+00:00,4050.9296174339993,1655.0951291470058,2395.8344882869933,1308.4946350299765,346.60049411702926
2025-06-25 13:00:00+00:00,4174.397506986002,1613.7624992309302,2560.6350077550715,1265.5613046136093,348.20119461732077
2025-06-25 14:00:00+00:00,4289.602489577998,1485.2701802540314,2804.332309323967,1136.8359220126194,348.4342582414119
2025-06-25 15:00:00+00:00,4388.802643722001,1277.5696594540154,3111.232984267986,930.4415187790739,347.12814067494145
2025-06-25 16:00:00+00:00,4465.333778933999,1003.906530006967,3461.4272489270325,659.7271537941347,344.1793762128324
2025-06-25 17:00:00+00:00,4514.057352756003,682.0684712055217,3831.988881550481,342.5114035199229,339.55706768559884
2025-06-25 18:00:00+00:00,4531.704819347999,333.3043983808506,4198.400420967148,0.0,333.3043983808506
2025-06-25 19:00:00+00:00,4517.095023504,325.53710163864065,4191.557921865359,0.0,325.53710163864065
2025-06-25 20:00:00+00:00,4471.20995853,316.43894209144725,4154.771016438553,0.0,316.43894209144725
2025-06-25 21:00:00+00:00,4397.123895150001,306.2544103847676,4090.869484765233,0.0,306.2544103847676
2025-06-25 22:00:00+00:00,4299.790708835998,295.2789115828447,4004.5117972531534,0.0,295.2789115828447
2025-06-25 23:00:00+00:00,4185.7041253020025,283.8468627606958,3901.8572625413067,0.0,283.8468627606958
2025-06-26 00:00:00+00:00,4059.550091057999,272.3181766476588,3787.2319144103403,0.0,272.3181766476588
2025-06-26 01:00:00+00:00,3935.304761682,261.0636917315046,3674.2410699504953,0.0,261.0636917315046
2025-06-26 02:00:00+00:00,3818.2555780740017,250.45014028384912,3567.8054377901526,0.0,250.45014028384912
2025-06-26 03:00:00+00:00,3716.0603216519994,240.8252731226609,3475.2350485293387,0.0,240.8252731226609
2025-06-26 04:00:00+00:00,3635.3242275839993,232.50374440181315,3402.8204831821863,0.0,232.50374440181315
2025-06-26 05:00:00+00:00,3581.1536373060003,225.75434345246072,3355.3992938535393,0.0,225.75434345246072
2025-06-26 06:00:00+00:00,3556.8126383159993,220.7890815931478,3336.0235567228515,0.0,220.7890815931478
2025-06-26 07:00:00+00:00,3563.505971340001,557.701337659929,3005.804633680072,339.946737236627,217.75460042330204
2025-06-26 08:00:00+00:00,3600.3029288519992,868.5387769529913,2731.764151899008,651.812545613517,216.72623133947425
2025-06-26 09:00:00+00:00,3664.2072589920003,1131.6191536040178,2532.5881053879825,913.9141863476439,217.70496725637386
2025-06-26 10:00:00+00:00,3750.368175371999,1329.1993889377818,2421.168786434217,1108.5819285488908,220.61746038889095
2025-06-26 11:00:00+00:00,3852.417977856003,1448.7357822917743,2403.6821955642286,1223.4167310213872,225.31905127038712
2025-06-26 12:00:00+00:00,3962.913029670001,1483.6936651498297,2479.2193645201714,1252.093968481915,231.5996966679148
2025-06-26 13:00:00+00:00,4073.8479938520004,1433.8525432174702,2639.9954506345302,1194.6599730568357,239.19257016063443
2025-06-26 14:00:00+00:00,4177.208031359998,1305.1013895219548,2872.1066418380433,1057.3164282394407,247.7849612825142
2025-06-26 15:00:00+00:00,4265.5212324899985,1108.76588486082,3156.7553476291787,851.7348374832375,257.0310473775826
2025-06-26 16:00:00+00:00,4332.373510835998,860.5497684937277,3471.82374234227,593.9837670766105,266.56600141711715
2025-06-26 17:00:00+00:00,4372.850657867999,579.2019979850421,3793.648659882957,303.18113000857886,276.02086797646325
2025-06-26 18:00:00+00:00,4383.877448411998,285.03758855568793,4098.83985985631,0.0,285.03758855568793
2025-06-26 19:00:00+00:00,4364.430478758,293.2835722147942,4071.146906543206,0.0,293.2835722147942
2025-06-26 20:00:00+00:00,4315.61023824,300.4652045369151,4015.145033703085,0.0,300.4652045369151
2025-06-26 21:00:00+00:00,4240.5674341799995,306.33974929695967,3934.2276848830397,0.0,306.33974929695967
2025-06-26 22:00:00+00:00,4144.288541819999,310.7251585772336,3833.5633832427657,0.0,310.7251585772336
2025-06-26 23:00:00+00:00,4033.255239593998,313.50737287156505,3719.7478667224327,0.0,313.50737287156505
2025-06-27 00:00:00+00:00,3912.211500329999,314.64483836666983,3597.5666619633294,0.0,314.64483836666983
2025-06-27 01:00:00+00:00,3794.8050894180005,314.1700343895008,3480.6350550284997,0.0,314.1700343895008
2025-06-27 02:00:00+00:00,3686.29763943,312.18795926776517,3374.109680162235,0.0,312.18795926776517
2025-06-27 03:00:00+00:00,3594.169153806001,308.8716367069885,3285.297517099012,0.0,308.8716367069885
2025-06-27 04:00:00+00:00,3524.8137179220003,304.4548245582999,3220.3588933637,0.0,304.4548245582999
2025-06-27 05:00:00+00:00,3483.098068085999,299.22222614326324,3183.875841942736,0.0,299.22222614326324
2025-06-27 06:00:00+00:00,3472.0237841100015,293.49760337174945,3178.526180738252,0.0,293.49760337174945
2025-06-27 07:00:00+00:00,3492.516326166,560.1262160710388,2932.390110094961,272.4959342451041,287.63028182593473
2025-06-27 08:00:00+00:00,3543.355432049999,810.9364978662943,2732.4189341837046,528.9558985187339,281.9805993475605
2025-06-27 09:00:00+00:00,3621.251757396,1029.9325267891647,2591.319230606835,753.0276335033446,276.90489328582004
2025-06-27 10:00:00+00:00,3721.064710859999,1202.715855493848,2518.348855366151,929.9752132294864,272.7406422643616
2025-06-27 11:00:00+00:00,3836.1467899859995,1317.3360532972706,2518.810736688729,1047.5436831039558,269.7923701933147
2025-06-27 12:00:00+00:00,3958.791090996001,1365.0805653111452,2593.710525684856,1096.7616694566564,268.31889585448886
2025-06-27 13:00:00+00:00,4080.75163251,1341.1556804245329,2739.595952085467,1072.6332407512514,268.52243967328144
2025-06-27 14:00:00+00:00,4193.801140367999,1245.2014410514764,2948.5996993165227,974.6613972100902,270.5400438413862
2025-06-27 15:00:00+00:00,4290.288416736001,1081.5797706349897,3208.7086461010113,807.1421136648752,274.43765697011446
2025-06-27 16:00:00+00:00,4363.657306386,859.379485261565,3504.2778211244345,579.1723690995718,280.2071161619932
2025-06-27 17:00:00+00:00,4408.892098212001,592.0954055041823,3816.7966927078187,304.32924222824676,287.76616327593547
2025-06-27 18:00:00+00:00,4422.858857760001,296.96148873204896,4125.897369027953,0.0,296.96148873204896
2025-06-27 19:00:00+00:00,4404.519618533998,307.5746801279818,4096.944938406016,0.0,307.5746801279818
2025-06-27 20:00:00+00:00,4355.004708096002,319.3308279926208,4035.673880103381,0.0,319.3308279926208
2025-06-27 21:00:00+00:00,4277.538275513998,331.9094485872203,3945.628826926778,0.0,331.9094485872203
2025-06-27 22:00:00+00:00,4177.222072379998,344.95726611121825,3832.26480626878,0.0,344.95726611121825
2025-06-27 23:00:00+00:00,4060.692071394002,358.1023330879653,3702.589738306037,0.0,358.1023330879653
2025-06-28 00:00:00+00:00,3554.848503234,370.96891817075783,3183.8795850632423,0.0,370.96891817075783
2025-06-28 01:00:00+00:00,3429.626355791999,383.19254772866293,3046.433808063336,0.0,383.19254772866293
2025-06-28 02:00:00+00:00,3312.4998659760004,394.4345823963391,2918.0652835796614,0.0,394.4345823963391
2025-06-28 03:00:00+00:00,3211.2147348959998,404.3957423024014,2806.8189925935985,0.0,404.3957423024014
2025-06-28 04:00:00+00:00,3132.4441375920005,412.82801687065165,2719.616120721349,0.0,412.82801687065165
2025-06-28 05:00:00+00:00,3081.340632090001,419.54447937165554,2661.796152718345,0.0,419.54447937165554
2025-06-28 06:00:00+00:00,3061.1915944680013,424.42660624934126,2636.76498821866,0.0,424.42660624934126
2025-06-28 07:00:00+00:00,3073.2014642699987,781.620589821993,2291.5808744480055,354.1917983769308,427.4287914450622
2025-06-28 08:00:00+00:00,3116.415490314,1115.0185355249328,2001.3969547890674,686.4386476327951,428.5798878921377
2025-06-28 09:00:00+00:00,3187.790054567999,1400.8032557324527,1786.9867988355463,972.8215571807998,427.98169855165287
2025-06-28 10:00:00+00:00,3282.4046830680013,1618.5495004841093,1663.855182583892,1192.7450132586323,425.804487225477
2025-06-28 11:00:00+00:00,3393.8011047359987,1752.7753537868223,1641.0257509491764,1330.4956605481655,422.27969323865676
2025-06-28 12:00:00+00:00,3514.426239198001,1794.08724515707,1720.338994040931,1376.3970994355186,417.69014572155123
2025-06-28 13:00:00+00:00,3636.14882148,1739.8315401863456,1896.3172812936546,1327.4733582833605,412.35818190298505
2025-06-28 14:00:00+00:00,3750.814408319998,1594.2123189535696,2156.6020893664286,1187.5801645413449,406.6321544122248
2025-06-28 15:00:00+00:00,3850.800927455999,1367.883273566206,2482.9176538897927,967.0113922213148,400.87188134489116
2025-06-28 16:00:00+00:00,3929.5369100400007,1077.0664535900914,2852.4704564499093,681.6328215578991,395.4336320321924
2025-06-28 17:00:00+00:00,3981.947104254001,742.2874191178139,3239.659685136187,351.63214587392935,390.65527324388455
2025-06-28 18:00:00+00:00,4004.795161037999,386.8421709823189,3617.9529900556804,0.0,386.8421709823189
2025-06-28 19:00:00+00:00,3996.9000948660005,384.25443563168574,3612.6456592343147,0.0,384.25443563168574
2025-06-28 20:00:00+00:00,3959.211901638,383.0960316872256,3576.1158699507746,0.0,383.0960316872256
2025-06-28 21:00:00+00:00,3894.74120511,383.5061912240047,3511.235013885995,0.0,383.5061912240047
2025-06-28 22:00:00+00:00,3808.3479586319995,385.55349411428045,3422.794464517719,0.0,385.55349411428045
2025-06-28 23:00:00+00:00,3706.4036377200005,389.23284935977387,3317.1707883602267,0.0,389.23284935977387
2025-06-29 00:00:00+00:00,3593.7921587819997,394.4655017456026,3199.326657036397,0.0,394.4655017456026
2025-06-29 01:00:00+00:00,3483.627859950001,401.1020719484606,3082.5257880015406,0.0,401.1020719484606
2025-06-29 02:00:00+00:00,3381.3552506580004,408.928497020378,2972.4267536376224,0.0,408.928497020378
2025-06-29 03:00:00+00:00,3294.4290265740005,417.6746302278126,2876.754396346188,0.0,417.6746302278126
2025-06-29 04:00:00+00:00,3229.2415889999997,427.0251527628897,2802.21643623711,0.0,427.0251527628897
2025-06-29 05:00:00+00:00,3190.6814484300003,436.63234633798146,2754.049102092019,0.0,436.63234633798146
2025-06-29 06:00:00+00:00,3181.7947808220006,446.1302091354798,2735.664571686521,0.0,446.1302091354798
2025-06-29 07:00:00+00:00,3203.5732257899995,803.4476825499155,2400.125543240084,348.2983552012554,455.1493273486601
2025-06-29 08:00:00+00:00,3254.882574342001,1139.5315063422056,2115.3510679997953,676.1995984466109,463.33190789559467
2025-06-29 09:00:00+00:00,3332.5372371900003,1432.0501452829637,1900.4870919070365,961.7038014038791,470.3463438790846
2025-06-29 10:00:00+00:00,3431.5154753460006,1661.1203943330408,1770.3950810129597,1185.219670783186,475.9007235498548
2025-06-29 11:00:00+00:00,3545.300792040002,1810.6275607036466,1734.6732313363552,1330.8728287284473,479.7547319751993
2025-06-29 12:00:00+00:00,3666.326235558,1869.3697209715742,1796.9565145864258,1387.6402701675345,481.7294508040397
2025-06-29 13:00:00+00:00,3786.4912614900004,1831.9427969646265,1954.548464525374,1350.2281385935764,481.71465837105
2025-06-29 14:00:00+00:00,3897.71597124,1699.2887011089042,2198.4272701310956,1219.6153637421185,479.6733373667858
2025-06-29 15:00:00+00:00,3992.4948669480013,1478.8420477660047,2513.6528191819966,1003.1988528742305,475.6431948917741
2025-06-29 16:00:00+00:00,4064.412288426,1184.2328374293638,2880.179450996636,714.4976987235702,469.73513870579364
2025-06-29 17:00:00+00:00,4108.58432775,834.5323018735486,3274.0520258764514,372.40352566186897,462.1287762116796
2025-06-29 18:00:00+00:00,4121.996976048001,453.0651054792873,3668.9318705687133,0.0,453.0651054792873
2025-06-29 19:00:00+00:00,4103.717358131999,442.83671991638914,3660.8806382156104,0.0,442.83671991638914
2025-06-29 20:00:00+00:00,4054.9634497680013,431.7759036427259,3623.1875461252753,0.0,431.7759036427259
2025-06-29 21:00:00+00:00,3979.027450188,420.2411225268117,3558.7863276611884,0.0,420.2411225268117
2025-06-29 22:00:00+00:00,3881.057798436001,408.6024579866762,3472.455340449325,0.0,408.6024579866762
2025-06-29 23:00:00+00:00,3767.7146423699996,397.2265742759509,3370.4880680940487,0.0,397.2265742759509
2025-06-30 00:00:00+00:00,4022.429388348,386.46184324637625,3635.9675451016237,0.0,386.46184324637625
2025-06-30 01:00:00+00:00,3902.0540949600017,376.6242306160061,3525.4298643439956,0.0,376.6242306160061
2025-06-30 02:00:00+00:00,3790.5478903319995,367.98452263530277,3422.563367696697,0.0,367.98452263530277
2025-06-30 03:00:00+00:00,3695.589129581999,360.75741215791913,3334.8317174240797,0.0,360.75741215791913
2025-06-30 04:00:00+00:00,3623.7631528979987,355.0928988016074,3268.670254096391,0.0,355.0928988016074
2025-06-30 05:00:00+00:00,3580.1161671239993,351.07034846445913,3229.04581865954,0.0,351.07034846445913
2025-06-30 06:00:00+00:00,3567.813077556001,348.6954502594218,3219.1176272965795,0.0,348.6954502594218
2025-06-30 07:00:00+00:00,3587.922520350003,720.7994102222019,2867.1231101278013,372.8991959258804,347.90021429632156
2025-06-30 08:00:00+00:00,3639.343734684,1062.5416936232891,2576.802041060711,713.9957121456094,348.54598147767956
2025-06-30 09:00:00+00:00,3718.8802378140012,1350.0183911354488,2368.8618466785524,999.5890389821917,350.42935215325724
2025-06-30 10:00:00+00:00,3821.4553441260005,1563.854968763286,2257.6003753627147,1210.5642027659376,353.2907659973484
2025-06-30 11:00:00+00:00,3940.4548338959994,1690.5555938934588,2249.899240002541,1333.7302023532177,356.825391540241
2025-06-30 12:00:00+00:00,4068.1735510500007,1723.335914471707,2344.8376365782938,1362.6400297561026,360.69588471560417
2025-06-30 13:00:00+00:00,4196.335544477998,1662.3904768326368,2533.9450676453616,1297.843994202153,364.5464826304838
2025-06-30 14:00:00+00:00,4316.652425526001,1514.6000458744763,2802.0523796515245,1146.5821862941546,368.0178595803218
2025-06-30 15:00:00+00:00,4421.382030911999,1292.7345967669353,3128.647434145064,921.972458444518,370.76213832241723
2025-06-30 16:00:00+00:00,4503.849420924001,1014.2494727857652,3489.5999481382355,641.7920312970979,372.4574414886673
2025-06-30 17:00:00+00:00,4558.894923702001,699.8011404370354,3859.093783264965,326.97975689277075,372.8213835442646
2025-06-30 18:00:00+00:00,4583.218780769999,371.62295101589154,4211.595829754107,0.0,371.62295101589154
2025-06-30 19:00:00+00:00,4575.599079786,368.6922904275639,4206.906789358436,0.0,368.6922904275639
2025-06-30 20:00:00+00:00,4536.9683184000005,363.9279891822822,4173.040329217718,0.0,363.9279891822822
2025-06-30 21:00:00+00:00,4470.343483368,357.3015706636196,4113.041912704381,0.0,357.3015706636196
2025-06-30 22:00:00+00:00,4380.614608062,348.85899432801233,4031.755613733988,0.0,348.85899432801233
2025-06-30 23:00:00+00:00,4274.206282080001,338.7191230821289,3935.487158997872,0.0,338.7191230821289
2025-07-01 00:00:00+00:00,4156.311710292002,327.0692030442008,3829.2425072478018,0.0,327.0692030442008
2025-07-01 01:00:00+00:00,4039.6714512420017,314.15754421742315,3725.5139070245787,0.0,314.15754421742315
2025-07-01 02:00:00+00:00,3930.0772729679993,300.2837103743343,3629.7935625936652,0.0,300.2837103743343
2025-07-01 03:00:00+00:00,3835.1120304419983,285.7866033409767,3549.3254271010214,0.0,285.7866033409767
2025-07-01 04:00:00+00:00,3761.3085987960008,271.03094146516264,3490.2776573308383,0.0,271.03094146516264
2025-07-01 05:00:00+00:00,3713.7050614439995,256.3926815880009,3457.3123798559986,0.0,256.3926815880009
2025-07-01 06:00:00+00:00,3695.5027879140002,242.2439774580725,3453.2588104559277,0.0,242.2439774580725
2025-07-01 07:00:00+00:00,3707.850685727998,512.2985626778908,3195.552123050107,283.3602685345161,228.9382941433747
2025-07-01 08:00:00+00:00,3749.77026123,764.5341024888171,2985.236158741183,547.7378192791805,216.79628320963667
2025-07-01 09:00:00+00:00,3818.226507647995,982.3597829159952,2835.8667247319995,776.266777965536,206.09300495045918
2025-07-01 10:00:00+00:00,3908.339691185999,1151.1449405354463,2757.194750650553,954.0979371672383,197.04700336820784
2025-07-01 11:00:00+00:00,4013.723523264,1259.099134633043,2754.624388630957,1069.2874319947507,189.8117026382922
2025-07-01 12:00:00+00:00,4126.926451536001,1298.0490266114923,2828.877424924509,1113.5795718153013,184.46945479619106
2025-07-01 13:00:00+00:00,4239.945972696,1264.0607036668864,2975.885269029114,1083.0322032982874,181.0285003685989
2025-07-01 14:00:00+00:00,4344.780643938,1157.8522899170002,3186.928354021,978.4293392873963,179.42295062960395
2025-07-01 15:00:00+00:00,4433.982098658001,984.9440786860821,3449.0380199719184,805.4282731569924,179.51580552908973
2025-07-01 16:00:00+00:00,4501.1692786620015,755.503446318243,3745.6658323437587,574.3985787574807,181.10486756076244
2025-07-01 17:00:00+00:00,4541.469636102001,483.85986612828003,4057.6097699737206,299.9285370955787,183.9313290327013
2025-07-01 18:00:00+00:00,4551.857153004,187.69065420556205,4364.166498798438,0.0,187.69065420556205
2025-07-01 19:00:00+00:00,4531.363961922002,192.04534153659304,4339.318620385409,0.0,192.04534153659304
2025-07-01 20:00:00+00:00,4481.151021899999,196.63901301367545,4284.512008886324,0.0,196.63901301367545
2025-07-01 21:00:00+00:00,4404.432967199999,201.11127460629794,4203.321692593701,0.0,201.11127460629794
2025-07-01 22:00:00+00:00,4306.262074968001,205.11273049632194,4101.149344471679,0.0,205.11273049632194
2025-07-01 23:00:00+00:00,4193.186118240001,208.31953301206994,3984.866585227931,0.0,208.31953301206994
2025-07-02 00:00:00+00:00,4070.597832840002,210.44688050163094,3860.150952338371,0.0,210.44688050163094
2025-07-02 01:00:00+00:00,3951.0388996260017,211.260902736336,3739.7779968896657,0.0,211.260902736336
2025-07-02 02:00:00+00:00,3840.412456103998,210.58845106457932,3629.824005039419,0.0,210.58845106457932
2025-07-02 03:00:00+00:00,3746.250262355999,208.32438890470675,3537.9258734512923,0.0,208.32438890470675
2025-07-02 04:00:00+00:00,3674.9911695839987,204.43608906458164,3470.555080519417,0.0,204.43608906458164
2025-07-02 05:00:00+00:00,3631.5386031539997,198.96494492376357,3432.573658230236,0.0,198.96494492376357
2025-07-02 06:00:00+00:00,3618.921894042001,192.0248444648114,3426.8970495771896,0.0,192.0248444648114
2025-07-02 07:00:00+00:00,3638.0846581799997,503.9862863941861,3134.0983717858135,320.18862970563924,183.79765668854688
2025-07-02 08:00:00+00:00,3687.814756793998,792.1056863687073,2895.709070425291,617.5797592947334,174.52592707397386
2025-07-02 09:00:00+00:00,3764.8207584540005,1035.884061232481,2728.9366972215194,871.3809900731939,164.50307115928706
2025-07-02 10:00:00+00:00,3863.949829404,1218.1633115208047,2645.7865178831953,1064.1018371689267,154.061474351878
2025-07-02 11:00:00+00:00,3978.5323833360003,1326.340874348359,2652.191508987641,1182.7818928618701,143.55898148648885
2025-07-02 12:00:00+00:00,4100.830129914,1353.2058526023422,2747.6242773116583,1219.8415234550398,133.36432914730239
2025-07-02 13:00:00+00:00,4222.5571747799995,1297.3457325328943,2925.211442247105,1173.5036158822365,123.84211665065786
2025-07-02 14:00:00+00:00,4335.438758826001,1163.1128652659606,3172.3258935600397,1047.7749285437947,115.3379367221659
2025-07-02 15:00:00+00:00,4431.7697938500005,960.177714784159,3471.5920790658415,852.0134522799206,108.16426250423841
2025-07-02 16:00:00+00:00,4504.935160823999,702.7277720574837,3802.2073887665147,600.1400882240629,102.58768383342075
2025-07-02 17:00:00+00:00,4549.856523996,408.39402088721135,4141.462503108789,309.5760216614301,98.81799922578126
2025-07-02 18:00:00+00:00,4563.335215992001,96.9996241704051,4466.335591821597,0.0,96.9996241704051
2025-07-02 19:00:00+00:00,4544.267998662,97.20566025687103,4447.062338405129,0.0,97.20566025687103
2025-07-02 20:00:00+00:00,4493.7210096240005,99.43486689628676,4394.286142727714,0.0,99.43486689628676
2025-07-02 21:00:00+00:00,4414.856880462001,103.61166427859264,4311.245216183408,0.0,103.61166427859264
2025-07-02 22:00:00+00:00,4312.720027896001,109.58916460882999,4203.1308632871705,0.0,109.58916460882999
2025-07-02 23:00:00+00:00,4193.89472313,117.15510815494575,4076.7396149750543,0.0,117.15510815494575
2025-07-03 00:00:00+00:00,4063.9727154180014,126.04046456553549,3937.932250852466,0.0,126.04046456553549
2025-07-03 01:00:00+00:00,3935.3797814520003,135.9303349698467,3799.4494464821537,0.0,135.9303349698467
2025-07-03 02:00:00+00:00,3814.2988525740016,146.47673048696495,3667.8221220870364,0.0,146.47673048696495
2025-07-03 03:00:00+00:00,3708.4578601560006,157.3126844789579,3551.1451756770425,0.0,157.3126844789579
2025-07-03 04:00:00+00:00,3624.5225854320006,168.067127788368,3456.4554576436326,0.0,168.067127788368
2025-07-03 05:00:00+00:00,3567.6488654940003,178.37992145212596,3389.2689440418744,0.0,178.37992145212596
2025-07-03 06:00:00+00:00,3541.1380665360007,187.91642955474256,3353.221636981258,0.0,187.91642955474256
2025-07-03 07:00:00+00:00,3546.2191511040005,522.7769561640988,3023.4421949399016,326.3959235366407,196.38103262745815
2025-07-03 08:00:00+00:00,3581.971974252003,841.6296007138233,2740.3423735381793,638.1005654823272,203.5290352314961
2025-07-03 09:00:00+00:00,3645.3969711180016,1122.9746620423452,2522.4223090756564,913.7981904046173,209.17647163772799
2025-07-03 10:00:00+00:00,3731.6262388440005,1347.0376736452865,2384.5885651987137,1133.830254406621,213.20741923866564
2025-07-03 11:00:00+00:00,3834.261547620001,1497.1617526503567,2337.099794969644,1281.5832419958112,215.5785106545454
2025-07-03 12:00:00+00:00,3945.816077111999,1561.0918769757918,2384.7242001362074,1344.7714069232038,216.320470052588
2025-07-03 13:00:00+00:00,4058.2296243300016,1532.045791805745,2526.1838325242566,1316.5091920589025,215.5365997468424
2025-07-03 14:00:00+00:00,4163.422129481999,1409.468052171561,2753.954077310438,1196.0697626390083,213.3982895325527
2025-07-03 15:00:00+00:00,4253.847634511999,1199.376676089004,3054.470958422995,989.2389476777562,210.1377284112478
2025-07-03 16:00:00+00:00,4323.010899312001,914.2367138788695,3408.7741854331316,708.1985950059939,206.03811887287566
2025-07-03 17:00:00+00:00,4365.911411862,572.33039673029,3793.58101513171,370.9086052379622,201.42179149232777
2025-07-03 18:00:00+00:00,4379.3844832079985,196.6367151887188,4182.74776801928,0.0,196.6367151887188
2025-07-03 19:00:00+00:00,4362.316206569999,192.04194581264653,4170.274260757353,0.0,192.04194581264653
2025-07-03 20:00:00+00:00,4315.717688099999,187.9926156120559,4127.725072487943,0.0,187.9926156120559
2025-07-03 21:00:00+00:00,4242.653429195999,184.82507647789453,4057.8283527181043,0.0,184.82507647789453
2025-07-03 22:00:00+00:00,4148.028950772001,182.84280987074587,3965.186140901255,0.0,182.84280987074587
2025-07-03 23:00:00+00:00,4038.252107736,182.30367344872468,3855.9484342872756,0.0,182.30367344872468
2025-07-04 00:00:00+00:00,3918.824358372,183.4090100573623,3735.415348314638,0.0,183.4090100573623
2025-07-04 01:00:00+00:00,3801.694173773999,186.29507302759683,3615.399100746402,0.0,186.29507302759683
2025-07-04 02:00:00+00:00,3692.902802484001,191.02710713246455,3501.8756953515363,0.0,191.02710713246455
2025-07-04 03:00:00+00:00,3599.900210339999,197.5963358339796,3402.3038745060194,0.0,197.5963358339796
2025-07-04 04:00:00+00:00,3529.0638922559992,205.9199760696523,3323.143916186347,0.0,205.9199760696523
2025-07-04 05:00:00+00:00,3485.2578611759996,215.844285014602,3269.4135761613975,0.0,215.844285014602
2025-07-04 06:00:00+00:00,3471.4949127599994,227.15050352262062,3244.344409237379,0.0,227.15050352262062
2025-07-04 07:00:00+00:00,3488.7254246879993,625.3760632346358,2863.3493614533636,385.8125895255497,239.56347370908608
2025-07-04 08:00:00+00:00,3535.767181253999,998.095238038692,2537.671943215307,745.3326888551413,252.76254918355065
2025-07-04 09:00:00+00:00,3609.381135486,1313.0291233352448,2296.3520121507554,1046.634737947103,266.39438538814176
2025-07-04 10:00:00+00:00,3704.48809899,1551.3957321657952,2153.092366824205,1271.3086736611558,280.0870585046394
2025-07-04 11:00:00+00:00,3814.5116482620006,1698.4885468231037,2116.023101438897,1405.0235950412462,293.4649517818575
2025-07-04 12:00:00+00:00,3931.823980098,1746.350087085645,2185.473893012355,1440.1862899641765,306.1637971214686
2025-07-04 13:00:00+00:00,4048.264428222002,1694.280069060246,2353.9843591617564,1376.4348159537692,317.8452531064767
2025-07-04 14:00:00+00:00,4155.6952458840005,1548.6306759136828,2607.0645699703177,1220.4202515987083,328.2104243149746
2025-07-04 15:00:00+00:00,4246.556879418002,1322.0825458308066,2924.4743335871954,985.0707695341501,337.01177629665636
2025-07-04 16:00:00+00:00,4314.384872909999,1032.4914263111589,3281.8934465988405,688.4284798833953,344.0629464277636
2025-07-04 17:00:00+00:00,4354.253059631999,701.4240261921343,3652.8290334398653,352.17796443310067,349.2460617590337
2025-07-04 18:00:00+00:00,4363.112883864001,352.5162526004351,4010.5966312635655,0.0,352.5162526004351
2025-07-04 19:00:00+00:00,4340.005573008,353.90319105840587,3986.1023819495945,0.0,353.90319105840587
2025-07-04 20:00:00+00:00,4286.132648111998,353.509583550304,3932.623064561694,0.0,353.509583550304
2025-07-04 21:00:00+00:00,4204.779805421999,351.5066757028195,3853.27312971918,0.0,351.5066757028195
2025-07-04 22:00:00+00:00,4101.099250878,348.1269699916708,3752.9722808863294,0.0,348.1269699916708
2025-07-04 23:00:00+00:00,3981.765203052001,343.6544326304805,3638.1107704215206,0.0,343.6544326304805
2025-07-05 00:00:00+00:00,3474.5302376820005,338.41261482123247,3136.117622860768,0.0,338.41261482123247
2025-07-05 01:00:00+00:00,3347.686360914,332.75115266298894,3014.9352082510113,0.0,332.75115266298894
2025-07-05 02:00:00+00:00,3229.5325689900005,327.03121721780235,2902.501351772198,0.0,327.03121721780235
2025-07-05 03:00:00+00:00,3127.798261014,321.61050027994963,2806.1877607340507,0.0,321.61050027994963
2025-07-05 04:00:00+00:00,3049.126879847999,316.82835170698036,2732.298528141019,0.0,316.82835170698036
2025-07-05 05:00:00+00:00,2998.628538066,312.9916841710687,2685.6368538949314,0.0,312.9916841710687
2025-07-05 06:00:00+00:00,2979.5364711,310.3622116543236,2669.1742594456764,0.0,310.3622116543236
2025-07-05 07:00:00+00:00,2992.990572222001,628.0173655902363,2364.9732066317647,318.8718071515625,309.1455584386738
2025-07-05 08:00:00+00:00,3037.9626697140006,925.6626204654349,2112.3000492485658,616.1799538053983,309.4826666600366
2025-07-05 09:00:00+00:00,3111.328615416,1183.7978787246755,1927.5307366913246,872.3540021989926,311.44387652568287
2025-07-05 10:00:00+00:00,3208.0821748500002,1385.3337024788657,1822.7484723711345,1070.3078014862897,315.0259009925761
2025-07-05 11:00:00+00:00,3321.6761306820003,1516.7108845581931,1804.9652461238072,1196.5590521368872,320.151832421306
2025-07-05 12:00:00+00:00,3444.467391540001,1568.8480392027484,1875.6193523372524,1242.1738631724143,326.6741760303342
2025-07-05 13:00:00+00:00,3568.235729225999,1537.8446573997824,2030.3910718262166,1203.4638699773313,334.3807874224511
2025-07-05 14:00:00+00:00,3684.740893302,1425.3733800971509,2259.3675132048493,1082.3699091519359,343.0034709452149
2025-07-05 15:00:00+00:00,3786.2802135060024,1238.7093598076485,2547.570853698354,886.4804743200639,352.2288854875847
2025-07-05 16:00:00+00:00,3866.2087071299998,990.3666429866414,2875.8420641433586,628.655328869446,361.7113141171955
2025-07-05 17:00:00+00:00,3919.3864615500006,697.3404741672579,3222.0459873827426,326.25370005173335,371.0867741155245
2025-07-05 18:00:00+00:00,3942.5228470740003,379.9878899974062,3562.534957076594,0.0,379.9878899974062
2025-07-05 19:00:00+00:00,3934.3942800120008,388.05891587438265,3546.335364137618,0.0,388.05891587438265
2025-07-05 20:00:00+00:00,3895.920833195999,394.9703009146362,3500.950532281363,0.0,394.9703009146362
2025-07-05 21:00:00+00:00,3830.0966374860013,400.4321931309024,3429.664444355099,0.0,400.4321931309024
2025-07-05 22:00:00+00:00,3741.778952562001,404.2063388311379,3337.572613730863,0.0,404.2063388311379
2025-07-05 23:00:00+00:00,3637.3504697880007,406.1158749903191,3231.2345947976814,0.0,406.1158749903191
2025-07-06 00:00:00+00:00,3522.5517477779986,406.0526286152422,3116.4991191627564,0.0,406.0526286152422
2025-07-06 01:00:00+00:00,3408.871505424001,403.981618500044,3004.889886923957,0.0,403.981618500044
2025-07-06 02:00:00+00:00,3302.6361894119996,399.94257306231424,2902.6936163496853,0.0,399.94257306231424
2025-07-06 03:00:00+00:00,3211.3617159540017,394.04840141709485,2817.313314536907,0.0,394.04840141709485
2025-07-06 04:00:00+00:00,3141.5113235100002,386.48068792472867,2755.0306355852717,0.0,386.48068792472867
2025-07-06 05:00:00+00:00,3098.0523601440004,377.48238173617153,2720.569978407829,0.0,377.48238173617153
2025-07-06 06:00:00+00:00,3084.1159775580013,367.3479948099561,2716.767982748045,0.0,367.3479948099561
2025-07-06 07:00:00+00:00,3100.782977963997,667.5447630423769,2433.23821492162,311.1330664954601,356.4116965469167
2025-07-06 08:00:00+00:00,3147.010414758,940.2184810344393,2206.7919337235608,595.1846821220516,345.0337989123877
2025-07-06 09:00:00+00:00,3219.703905894002,1166.6339663844972,2053.0699395095053,833.0477798441818,333.58618654031534
2025-07-06 10:00:00+00:00,3313.930790142003,1331.812743251628,1982.118046890375,1009.3754599716094,322.4372832800186
2025-07-06 11:00:00+00:00,3423.2594107319997,1425.4802382224261,1997.7791725095735,1113.5430693963149,311.9371688261113
2025-07-06 12:00:00+00:00,3540.2014244520024,1442.6129423903208,2097.5884820616816,1140.209475185637,302.4034672046837
2025-07-06 13:00:00+00:00,3656.726869530001,1383.5699937860304,2273.1568757439704,1089.4614284792174,294.10856530681303
2025-07-06 14:00:00+00:00,3764.8167327959995,1253.8314410325936,2510.985291763406,966.5627420732483,287.2686989593454
2025-07-06 15:00:00+00:00,3857.0152877759983,1063.396961515546,2793.6183262604522,781.3616121263711,282.03534938917494
2025-07-06 16:00:00+00:00,3926.944373562,825.9212380541346,3101.023135507865,547.4319427079101,278.48929534622454
2025-07-06 17:00:00+00:00,3969.744439793999,557.6739543127344,3412.0704854812648,281.03637762083827,276.63757669189613
2025-07-06 18:00:00+00:00,3982.4121419880007,276.41347961255207,3705.9986623754485,0.0,276.41347961255207
2025-07-06 19:00:00+00:00,3964.0112877120027,277.67955085128756,3686.331736860715,0.0,277.67955085128756
2025-07-06 20:00:00+00:00,3915.7426895999997,280.2335189692168,3635.509170630783,0.0,280.2335189692168
2025-07-06 21:00:00+00:00,3840.867898434,283.81687348343854,3557.0510249505614,0.0,283.81687348343854
2025-07-06 22:00:00+00:00,3744.491987292,288.1257558771505,3456.3662314148496,0.0,288.1257558771505
2025-07-06 23:00:00+00:00,3633.219970758002,292.8237107537764,3340.3962600042255,0.0,292.8237107537764
2025-07-07 00:00:00+00:00,3891.253844183999,297.5557788676364,3593.6980653163623,0.0,297.5557788676364
2025-07-07 01:00:00+00:00,3773.6989887239993,301.9633538782915,3471.735634845708,0.0,301.9633538782915
2025-07-07 02:00:00+00:00,3665.269057043999,305.699189927376,3359.569867116623,0.0,305.699189927376
2025-07-07 03:00:00+00:00,3573.5555747639983,308.4419523120114,3265.113622451987,0.0,308.4419523120114
2025-07-07 04:00:00+00:00,3505.053841379998,309.909707225527,3195.1441341544714,0.0,309.909707225527
2025-07-07 05:00:00+00:00,3464.7189243659996,309.87180272497966,3154.84712164102,0.0,309.87180272497966
2025-07-07 06:00:00+00:00,3455.625620454,308.1586522310421,3147.466968222958,0.0,308.1586522310421
2025-07-07 07:00:00+00:00,3478.7556047999997,599.2210412588619,2879.5345635411377,294.55202141325265,304.6690198456092
2025-07-07 08:00:00+00:00,3532.926326579999,876.6970785186676,2656.2292480613314,577.3225704585398,299.3745080601278
2025-07-07 09:00:00+00:00,3614.8666056720003,1121.2758489246035,2493.590756747397,828.9547844227843,292.32106450181925
2025-07-07 10:00:00+00:00,3719.4338739600007,1314.9551910446698,2404.478682915331,1031.3277476482278,283.62744339644195
2025-07-07 11:00:00+00:00,3839.958413634002,1442.3384236913278,2397.6199899426747,1168.857736143728,273.48068754759964
2025-07-07 12:00:00+00:00,3968.6912317920014,1491.8651192982436,2476.826112493758,1229.7363095487756,262.1288097494681
2025-07-07 13:00:00+00:00,4097.325215592,1456.8689952213267,2640.4562203706732,1206.998015507456,249.8709797138705
2025-07-07 14:00:00+00:00,4217.554215126,1336.3553281008585,2881.198887025141,1099.3097145711379,237.04561352972067
2025-07-07 15:00:00+00:00,4321.63211781,1135.4021499731105,3186.229967836889,911.3853030171039,224.01684695600653
2025-07-07 16:00:00+00:00,4402.893935664003,865.113904227955,3537.780031436048,653.9539409200304,211.15996330792464
2025-07-07 17:00:00+00:00,4456.203586590002,542.0917975880856,3914.111789001916,343.2454479350078,198.84634965307774
2025-07-07 18:00:00+00:00,4478.2979842019995,187.42861122341924,4290.86937297858,0.0,187.42861122341924
2025-07-07 19:00:00+00:00,4468.004100966,177.22645324750187,4290.777647718498,0.0,177.22645324750187
2025-07-07 20:00:00+00:00,4426.3143782339985,168.51389652668408,4257.800481707314,0.0,168.51389652668408
2025-07-07 21:00:00+00:00,4356.315384287999,161.50836202726032,4194.807022260738,0.0,161.50836202726032
2025-07-07 22:00:00+00:00,4262.974713228001,156.36206069080686,4106.612652537194,0.0,156.36206069080686
2025-07-07 23:00:00+00:00,4152.800683248002,153.15605221109598,3999.6446310369065,0.0,153.15605221109598
2025-07-08 00:00:00+00:00,4031.9145979139994,151.89719827198294,3880.0173996420162,0.0,151.89719827198294
2025-07-08 01:00:00+00:00,3911.4666475500003,152.51815367549523,3758.948493874505,0.0,152.51815367549523
2025-07-08 02:00:00+00:00,3798.1787859539995,154.8803835309084,3643.298402423091,0.0,154.8803835309084
2025-07-08 03:00:00+00:00,3699.72172416,158.78008081940268,3540.9416433405972,0.0,158.78008081940268
2025-07-08 04:00:00+00:00,3622.711968330001,163.95675292528756,3458.7552154047135,0.0,163.95675292528756
2025-07-08 05:00:00+00:00,3572.2650311039993,170.10411190679062,3402.160919197209,0.0,170.10411190679062
2025-07-08 06:00:00+00:00,3551.6516896139997,176.88283378276938,3374.76885583123,0.0,176.88283378276938
2025-07-08 07:00:00+00:00,3562.0805872259984,554.1593958546962,3007.9211913713025,370.2247405946848,183.93465526001143
2025-07-08 08:00:00+00:00,3602.621873298004,904.0576812498551,2698.564192048149,713.1604463263208,190.89723492353437
2025-07-08 09:00:00+00:00,3670.276924691999,1202.2956409405085,2467.98128375149,1004.8764712551792,197.41916968532934
2025-07-08 10:00:00+00:00,3760.189296192,1428.5841019483505,2331.6051942436493,1225.4095520546202,203.17454989373036
2025-07-08 11:00:00+00:00,3865.9822734119994,1568.0168536311855,2297.965419780814,1360.1403927278361,207.87646090334948
2025-07-08 12:00:00+00:00,3980.199981408001,1612.0128006641028,2368.1871807438984,1400.7239314462242,211.2888692178785
2025-07-08 13:00:00+00:00,4094.821727178001,1558.7598618087968,2536.061865369204,1345.5234439896055,213.23641781919127
2025-07-08 14:00:00+00:00,4201.814443806,1413.154672488934,2788.659771317066,1199.5429513927465,213.61172109618758
2025-07-08 15:00:00+00:00,4293.685440029999,1186.2728342061962,3107.4126058238026,973.892971302511,212.37986290368522
2025-07-08 16:00:00+00:00,4363.997616594,894.4377523081317,3469.559864285868,684.8578364309479,209.57991587718377
2025-07-08 17:00:00+00:00,4407.812004414001,557.9797282926882,3849.832276121313,352.65631504649866,205.32341324618952
2025-07-08 18:00:00+00:00,4422.027285773998,199.78984560004253,4222.237440173956,0.0,199.78984560004253
2025-07-08 19:00:00+00:00,4405.593179652,193.21935560850946,4212.3738240434905,0.0,193.21935560850946
2025-07-08 20:00:00+00:00,4359.583030823999,185.90293603874812,4173.680094785251,0.0,185.90293603874812
2025-07-08 21:00:00+00:00,4287.120677784001,178.17053695857234,4108.950140825428,0.0,178.17053695857234
2025-07-08 22:00:00+00:00,4193.166554136001,170.37755455528034,4022.7889995807204,0.0,170.37755455528034
2025-07-08 23:00:00+00:00,4084.1776413899993,162.89027011167738,3921.287371278322,0.0,162.89027011167738
2025-07-09 00:00:00+00:00,3966.3031088100015,156.07082542474762,3810.232283385254,0.0,156.07082542474762
2025-07-09 01:00:00+00:00,3850.3142046180014,150.26235496142064,3700.051849656581,0.0,150.26235496142064
2025-07-09 02:00:00+00:00,3742.882827012,145.77488099868637,3597.1079460133133,0.0,145.77488099868637
2025-07-09 03:00:00+00:00,3651.4743530159985,142.8725476829498,3508.6018053330486,0.0,142.8725476829498
2025-07-09 04:00:00+00:00,3582.471652157999,141.76272410530902,3440.7089280526898,0.0,141.76272410530902
2025-07-09 05:00:00+00:00,3540.733884533999,142.58741185572327,3398.146472678276,0.0,142.58741185572327
2025-07-09 06:00:00+00:00,3529.2588291240004,145.41731932577113,3383.8415097982293,0.0,145.41731932577113
2025-07-09 07:00:00+00:00,3548.972001245999,501.52752946602675,3047.444471779972,351.27869160038534,150.24883786564138
2025-07-09 08:00:00+00:00,3598.6570116419994,838.7297163736968,2759.9272952683027,681.7256686749564,157.00404769874035
2025-07-09 09:00:00+00:00,3675.0321133679995,1134.232554172905,2540.7995591950944,968.6987998396634,165.53375433324172
2025-07-09 10:00:00+00:00,3772.9678503299992,1367.7418771913879,2405.225973138611,1192.118451102845,175.6234260885429
2025-07-09 11:00:00+00:00,3885.8311471140005,1522.91474507296,2362.916402041041,1335.91294448467,187.00180058828977
2025-07-09 12:00:00+00:00,4005.932479416002,1588.601271336719,2417.331208079283,1389.249479301058,199.35179203566102
2025-07-09 13:00:00+00:00,4125.0457990139985,1559.7677852159854,2565.278013798013,1347.444514754105,212.32327046188038
2025-07-09 14:00:00+00:00,4234.965902874001,1438.0099259178583,2796.9559769561424,1212.462748241868,225.54717767599035
2025-07-09 15:00:00+00:00,4328.065272005999,1231.5901644782607,3096.475107527738,992.9397560613085,238.65040841695222
2025-07-09 16:00:00+00:00,4397.8125753660015,954.9696354407134,3442.842939925288,703.6987908945023,251.27084454621115
2025-07-09 17:00:00+00:00,4439.21747325,627.8462868337751,3811.3711864162246,364.7743567149091,263.07193011886596
2025-07-09 18:00:00+00:00,4449.171466236001,273.75619069742595,4175.415275538575,0.0,273.75619069742595
2025-07-09 19:00:00+00:00,4426.661492609997,283.07714019573837,4143.584352414259,0.0,283.07714019573837
2025-07-09 20:00:00+00:00,4372.841779362001,290.84909247326107,4081.99268688874,0.0,290.84909247326107
2025-07-09 21:00:00+00:00,4290.958856351998,296.95447696503203,3994.0043793869663,0.0,296.95447696503203
2025-07-09 22:00:00+00:00,4186.134896159998,301.3483530057318,3884.786543154266,0.0,301.3483530057318
2025-07-09 23:00:00+00:00,4065.023938164002,304.059946888269,3760.963991275733,0.0,304.059946888269
2025-07-10 00:00:00+00:00,3934.1254644720007,305.1911436389056,3628.934320833095,0.0,305.1911436389056
2025-07-10 01:00:00+00:00,3804.2191394339998,304.91199635162394,3499.3071430823757,0.0,304.91199635162394
2025-07-10 02:00:00+00:00,3682.372368359999,303.45344382782366,3378.9189245321754,0.0,303.45344382782366
2025-07-10 03:00:00+00:00,3576.336888726001,301.0975189438487,3275.239369782152,0.0,301.0975189438487
2025-07-10 04:00:00+00:00,3492.788628630001,298.16547507672647,3194.6231535532743,0.0,298.16547507672647
2025-07-10 05:00:00+00:00,3436.8796922039996,295.0042904488399,3141.8754017551596,0.0,295.0042904488399
2025-07-10 06:00:00+00:00,3411.893904972,291.97211893316546,3119.921786038835,0.0,291.97211893316546
2025-07-10 07:00:00+00:00,3419.029279848001,619.924874491881,2799.10440535612,330.5015890581366,289.42328543374447
2025-07-10 08:00:00+00:00,3457.322055641999,916.8535977423701,2540.4684578996294,629.1601708290094,287.6934269133607
2025-07-10 09:00:00+00:00,3523.7173815060005,1163.3729722396538,2360.3444092663467,876.2875713981318,287.08540084152196
2025-07-10 10:00:00+00:00,3613.281709632,1344.4063169904068,2268.875392641593,1056.5497785141183,287.8565384762885
2025-07-10 11:00:00+00:00,3719.542324932,1450.0674406588755,2269.4748842731246,1159.8596897620205,290.207750896855
2025-07-10 12:00:00+00:00,3834.930841895999,1476.0967591891047,2358.834082706894,1181.8218041482385,294.2749550408662
2025-07-10 13:00:00+00:00,3951.3003128760006,1423.8538051674632,2527.4465077085374,1123.7306497670284,300.1231554004348
2025-07-10 14:00:00+00:00,4060.4807943419996,1299.9070436687753,2760.5737506732244,992.1636138784063,307.74342979036885
2025-07-10 15:00:00+00:00,4154.835409451998,1115.292294167175,3039.543115284823,798.2393455965291,317.05294857064575
2025-07-10 16:00:00+00:00,4227.779102232004,884.5301101421474,3343.248992089857,556.6320946482297,327.89801549391774
2025-07-10 17:00:00+00:00,4274.224739022001,624.4998206924879,3649.724918329513,284.4398036313051,340.06001706118286
2025-07-10 18:00:00+00:00,4290.926252339999,353.2640312327871,3937.662221107212,0.0,353.2640312327871
2025-07-10 19:00:00+00:00,4276.695517374003,367.18974653292423,3909.505770841079,0.0,367.18974653292423
2025-07-10 20:00:00+00:00,4232.478296508,381.4842435161251,3850.9940529918754,0.0,381.4842435161251
2025-07-10 21:00:00+00:00,4161.284195417999,395.7761181102909,3765.5080773077084,0.0,395.7761181102909
2025-07-10 22:00:00+00:00,4067.9755429739985,409.6903635081188,3658.2851794658795,0.0,409.6903635081188
2025-07-10 23:00:00+00:00,3958.929761975999,422.8634124922527,3536.0663494837463,0.0,422.8634124922527
2025-07-11 00:00:00+00:00,3840.482258213999,434.9577110278003,3405.524547186199,0.0,434.9577110278003
2025-07-11 01:00:00+00:00,3722.8765242060026,445.6752397940688,3277.201284411934,0.0,445.6752397940688
2025-07-11 02:00:00+00:00,3613.015583519999,454.7694262037728,3158.2461573162263,0.0,454.7694262037728
2025-07-11 03:00:00+00:00,3518.373924996002,462.05494934337423,3056.318975652628,0.0,462.05494934337423
2025-07-11 04:00:00+00:00,3445.366729476,467.41506151765907,2977.9516679583407,0.0,467.41506151765907
2025-07-11 05:00:00+00:00,3398.9079382439995,470.8060973985182,2928.101840845481,0.0,470.8060973985182
2025-07-11 06:00:00+00:00,3382.0713893399998,472.2590073869037,2909.812381953096,0.0,472.2590073869037
2025-07-11 07:00:00+00:00,3395.8781915520003,753.2591420770395,2642.619049474961,281.381289731782,471.8778523452576
2025-07-11 08:00:00+00:00,3439.224886146004,1019.2153312511222,2420.0095548948816,549.3800279304804,469.83530332064174
2025-07-11 09:00:00+00:00,3508.9574061360004,1252.152656231938,2256.804749904062,785.7873022227843,466.36535400915363
2025-07-11 10:00:00+00:00,3600.085742694,1435.597333102397,2164.488409591603,973.8438002823142,461.7535328200828
2025-07-11 11:00:00+00:00,3706.1248195439994,1555.7666950021094,2150.35812454189,1099.4416856622593,456.32500933985006
2025-07-11 12:00:00+00:00,3819.538210404,1602.668349438064,2216.869860965936,1152.2372463254285,450.43110311263564
2025-07-11 13:00:00+00:00,3932.254483710001,1571.0099507610742,2361.2445329489265,1126.5752288839983,444.4347218770758
2025-07-11 14:00:00+00:00,4036.220978747999,1460.8243602318735,2575.3966185161257,1022.1290121570497,438.6953480748238
2025-07-11 15:00:00+00:00,4123.957055778002,1277.729872825027,2846.2271829529745,844.1757010793855,433.55417174564167
2025-07-11 16:00:00+00:00,4189.069168158,1032.7712057937085,3156.2979623642914,603.4512142115852,429.31999158212335
2025-07-11 17:00:00+00:00,4226.692424850001,741.8221056611495,3484.870319188851,315.56565297547104,426.2564526856785
2025-07-11 18:00:00+00:00,4233.828469961999,424.571144466529,3809.25732549547,0.0,424.571144466529
2025-07-11 19:00:00+00:00,4209.556530732,424.4070148518106,3785.14951588019,0.0,424.4070148518106
2025-07-11 20:00:00+00:00,4155.103007538,425.8364379343976,3729.266569603603,0.0,425.8364379343976
2025-07-11 21:00:00+00:00,4073.764820958,428.8581908692198,3644.9066300887803,0.0,428.8581908692198
2025-07-11 22:00:00+00:00,3970.691504472001,433.39745165528467,3537.294052816716,0.0,433.39745165528467
2025-07-11 23:00:00+00:00,3852.5407583040005,439.3088333292493,3413.231924974751,0.0,439.3088333292493
2025-07-12 00:00:00+00:00,3347.8892303220014,446.38231557726965,2901.5069147447316,0.0,446.38231557726965
2025-07-12 01:00:00+00:00,3223.2782829660005,454.3518371808325,2768.9264457851677,0.0,454.3518371808325
2025-07-12 02:00:00+00:00,3107.8066015920003,462.90620033473647,2644.900401257264,0.0,462.90620033473647
2025-07-12 03:00:00+00:00,3009.1388651099983,471.70183806638937,2537.437027043609,0.0,471.70183806638937
2025-07-12 04:00:00+00:00,2933.8449388920003,480.37691687771513,2453.468022014285,0.0,480.37691687771513
2025-07-12 05:00:00+00:00,2886.9542484299986,488.5662038500619,2398.388044579937,0.0,488.5662038500619
2025-07-12 06:00:00+00:00,2871.614132898,495.91609196485587,2375.6980409331445,0.0,495.91609196485587
2025-07-12 07:00:00+00:00,2888.8754162939995,831.6012152978117,2057.2742009961876,329.5020586061889,502.0991566916228
2025-07-12 08:00:00+00:00,2937.619792884,1141.7671717128765,1795.8526211711237,634.9395141549535,506.82765755792303
2025-07-12 09:00:00+00:00,3014.6340409919994,1405.3166254210873,1609.317415570912,895.4511944750008,509.86543094608663
2025-07-12 10:00:00+00:00,3114.8260256399985,1604.586974912508,1510.2390507274906,1093.5492917081701,511.0376832043378
2025-07-12 11:00:00+00:00,3231.567833928,1726.4867812256043,1505.0810527023955,1216.248498607269,510.2382826183351
2025-07-12 12:00:00+00:00,3357.14278851,1763.2718013264773,1593.8709871835229,1255.8375416384358,507.4342596880415
2025-07-12 13:00:00+00:00,3483.2659325100008,1712.9293954616228,1770.336537048378,1210.2620764123942,502.6673190492286
2025-07-12 14:00:00+00:00,3601.64267547,1579.1720436880642,2022.470631781936,1083.1197353585662,496.05230832949803
2025-07-12 15:00:00+00:00,3704.527693817999,1371.0679661606093,2333.4597276573895,883.2952564217821,487.77270973882713
2025-07-12 16:00:00+00:00,3785.2460478420003,1102.357531728446,2682.888516113554,624.2842072888469,478.0733244395991
2025-07-12 17:00:00+00:00,3838.6412938440003,790.5173313007856,3048.1239625432145,323.2668614765444,467.2504698242411
2025-07-12 18:00:00+00:00,3861.420091494001,455.64006601736395,3405.780025476637,0.0,455.64006601736395
2025-07-12 19:00:00+00:00,3852.3700602239996,443.6041239552642,3408.7659362687355,0.0,443.6041239552642
2025-07-12 20:00:00+00:00,3812.4361267440004,431.5161680967766,3380.9199586472237,0.0,431.5161680967766
2025-07-12 21:00:00+00:00,3744.6503666040007,419.7462000127316,3324.904166591269,0.0,419.7462000127316
2025-07-12 22:00:00+00:00,3653.9202181019996,408.6458172338548,3245.2744008681448,0.0,408.6458172338548
2025-07-12 23:00:00+00:00,3546.6896058720004,398.53409064706034,3148.1555152249402,0.0,398.53409064706034
2025-07-13 00:00:00+00:00,3429.626779992001,389.6847867255905,3039.9419932664105,0.0,389.6847867255905
2025-07-13 01:00:00+00:00,3312.5856773939995,382.3154499031682,2930.2702274908315,0.0,382.3154499031682
2025-07-13 02:00:00+00:00,3202.834604508,376.5787946023207,2826.2558099056796,0.0,376.5787946023207
2025-07-13 03:00:00+00:00,3107.9786740800005,372.5567588360122,2735.421915243988,0.0,372.5567588360122
2025-07-13 04:00:00+00:00,3034.572442103998,370.25746114216037,2664.3149809618376,0.0,370.25746114216037
2025-07-13 05:00:00+00:00,2987.6745402420006,369.6151857971184,2618.059354444882,0.0,369.6151857971184
2025-07-13 06:00:00+00:00,2970.5052658260006,370.4933963081213,2600.0118695178794,0.0,370.4933963081213
2025-07-13 07:00:00+00:00,2984.230320456,728.9277124425157,2255.302608013484,356.2370565072698,372.69065593524596
2025-07-13 08:00:00+00:00,3027.885463596002,1071.5311139316905,1956.3543496643115,695.5819122775949,375.9492016540954
2025-07-13 09:00:00+00:00,3098.4469764359987,1373.9973564903685,1724.4496199456303,994.0315205851296,379.9658359052389
2025-07-13 10:00:00+00:00,3191.043168012001,1614.1630202313372,1576.8801477806637,1229.7583447009754,384.4046755303617
2025-07-13 11:00:00+00:00,3299.292246264,1773.6960718729454,1525.5961743910545,1384.7848241127067,388.9112477602386
2025-07-13 12:00:00+00:00,3415.743486035999,1839.5823665264156,1576.1611195095834,1446.4550262112698,393.1273403151457
2025-07-13 13:00:00+00:00,3532.3913722020006,1805.2742941895326,1727.117078012468,1408.5682822505369,396.70601193899574
2025-07-13 14:00:00+00:00,3641.2276535459982,1671.384506561969,1969.8431469840293,1272.0583649678679,399.326141594101
2025-07-13 15:00:00+00:00,3734.7934178520013,1444.0575166585181,2290.735901193483,1043.3515991959507,400.7059174625673
2025-07-13 16:00:00+00:00,3806.693438646002,1138.3757074456141,2668.317731200388,737.7609902711256,400.6147171744886
2025-07-13 17:00:00+00:00,3852.0376443780006,780.7760865571665,3071.2615578208342,381.893190813377,398.88289574378956
2025-07-13 18:00:00+00:00,3867.7794179219986,395.40906275324824,3472.3703551687504,0.0,395.40906275324824
2025-07-13 19:00:00+00:00,3852.927586283998,390.16457819540994,3462.7630080885883,0.0,390.16457819540994
2025-07-13 20:00:00+00:00,3808.6175334900013,383.19505626150647,3425.4224772284947,0.0,383.19505626150647
2025-07-13 21:00:00+00:00,3738.0364904820003,374.61882680421866,3363.4176636777815,0.0,374.61882680421866
2025-07-13 22:00:00+00:00,3646.2080584859996,364.6224180563106,3281.585640429689,0.0,364.6224180563106
2025-07-13 23:00:00+00:00,3539.650549847999,353.45324247931165,3186.1973073686877,0.0,353.45324247931165
2025-07-14 00:00:00+00:00,3803.3354290259995,341.4097814726144,3461.9256475533853,0.0,341.4097814726144
2025-07-14 01:00:00+00:00,3690.5582745359998,328.8296748329174,3361.728599703082,0.0,328.8296748329174
2025-07-14 02:00:00+00:00,3586.802153004001,316.0762014404686,3270.7259515635324,0.0,316.0762014404686
2025-07-14 03:00:00+00:00,3499.571739341999,303.52370123059154,3196.0480381114075,0.0,303.52370123059154
2025-07-14 04:00:00+00:00,3435.2806575779996,291.542538043817,3143.7381195341827,0.0,291.542538043817
2025-07-14 05:00:00+00:00,3398.809392342001,280.4842169951308,3118.3251753468703,0.0,280.4842169951308
2025-07-14 06:00:00+00:00,3393.166980881999,270.6672618702667,3122.499719011732,0.0,270.6672618702667
2025-07-14 07:00:00+00:00,3419.2797148019995,619.4042262783186,2799.875488523681,357.03978596516816,262.3644403131504
2025-07-14 08:00:00+00:00,3475.9212955320004,936.446161468378,2539.475134063622,680.6543160076524,255.79184546072563
2025-07-14 09:00:00+00:00,3559.789495752002,1200.5323756547364,2359.2571200972657,949.4320832475031,251.10029240723335
2025-07-14 10:00:00+00:00,3665.7240878999996,1394.9010575256916,2270.823030374308,1146.5316827625434,248.36937476314813
2025-07-14 11:00:00+00:00,3787.0515024300003,1508.2759128977307,2278.77558953227,1260.671488350732,247.60442454699867
2025-07-14 12:00:00+00:00,3916.032778770001,1535.3909397279663,2380.641839042035,1286.6544341965318,248.7365055314345
2025-07-14 13:00:00+00:00,4044.3844871640017,1477.0513885551936,2567.333098608808,1225.4259573835657,251.62543117162787
2025-07-14 14:00:00+00:00,4163.837230392002,1339.7676207731215,2824.069609618881,1083.7019334279098,256.0656873452117
2025-07-14 15:00:00+00:00,4266.693865517999,1135.0286884401926,3131.6651770778067,873.2336680780363,261.7950203621562
2025-07-14 16:00:00+00:00,4346.349411894,878.3020071676599,3468.0474047263397,609.7966725388433,268.5053346288167
2025-07-14 17:00:00+00:00,4397.737428336001,587.854034867323,3809.883393468678,311.99858736863297,275.85544749869
2025-07-14 18:00:00+00:00,4417.672448574003,283.4851985682553,4134.187250005748,0.0,283.4851985682553
2025-07-14 19:00:00+00:00,4405.065237299999,291.03030569199257,4114.034931608006,0.0,291.03030569199257
2025-07-14 20:00:00+00:00,4360.996172526001,298.13739326034056,4062.8587792656604,0.0,298.13739326034056
2025-07-14 21:00:00+00:00,4288.641884435999,304.478544351763,3984.1633400842356,0.0,304.478544351763
2025-07-14 22:00:00+00:00,4193.059990854,309.7648089566166,3883.2951818973834,0.0,309.7648089566166
2025-07-14 23:00:00+00:00,4080.8466787620027,313.7580930772566,3767.0885856847462,0.0,313.7580930772566
2025-07-15 00:00:00+00:00,3959.0686068779983,316.2809599717463,3642.787646906252,0.0,316.2809599717463
2025-07-15 01:00:00+00:00,3837.230001654001,317.223926561353,3520.006075092648,0.0,317.223926561353
2025-07-15 02:00:00+00:00,3722.983923161999,316.5499644467436,3406.4339587152554,0.0,316.5499644467436
2025-07-15 03:00:00+00:00,3624.0608013120004,314.2960266160074,3309.764774695993,0.0,314.2960266160074
2025-07-15 04:00:00+00:00,3547.125768311999,310.57152221528526,3236.5542460967135,0.0,310.57152221528526
2025-07-15 05:00:00+00:00,3497.3307034679992,305.55381257527006,3191.776890892729,0.0,305.55381257527006
2025-07-15 06:00:00+00:00,3477.969625829998,299.4809185003407,3178.4887073296577,0.0,299.4809185003407
2025-07-15 07:00:00+00:00,3490.260710538,592.9205942665719,2897.340116271428,300.2788796776754,292.6417145888966
2025-07-15 08:00:00+00:00,3533.2697207220012,868.1672240038843,2665.102496718117,582.803180913328,285.3640430905562
2025-07-15 09:00:00+00:00,3603.979792644002,1106.2887907972154,2497.6910018467865,828.2875814182968,278.00120937891853
2025-07-15 10:00:00+00:00,3697.502780622,1290.4928503588646,2407.009930263135,1019.5754316492569,270.91741870960783
2025-07-15 11:00:00+00:00,3807.41755653,1407.358898109887,2400.0586584201133,1142.886135381052,264.4727627288347
2025-07-15 12:00:00+00:00,3926.2121152799996,1447.8949694377716,2478.317145842228,1188.8866192872613,259.00835015051024
2025-07-15 13:00:00+00:00,4045.799232341999,1408.3218979730643,2637.477334368935,1153.4896916407474,254.8322063323169
2025-07-15 14:00:00+00:00,4158.070439249999,1290.5026817711039,2867.567757478895,1038.296166303456,252.20651546764802
2025-07-15 15:00:00+00:00,4255.450503905997,1101.958834712369,3153.491669193628,850.6221140087866,251.3367207035824
2025-07-15 16:00:00+00:00,4331.414581283998,855.448832309976,3475.965748974022,603.0858917430127,252.3629405669633
2025-07-15 17:00:00+00:00,4380.9327665460005,568.1223965289871,3812.810370017013,312.7683517831786,255.35404474580844
2025-07-15 18:00:00+00:00,4400.811737238,260.30463320360457,4140.5071040343955,0.0,260.30463320360457
2025-07-15 19:00:00+00:00,4389.910276584,267.1350472691963,4122.775229314803,0.0,267.1350472691963
2025-07-15 20:00:00+00:00,4349.213953895999,275.6944082663135,4073.5195456296856,0.0,275.6944082663135
2025-07-15 21:00:00+00:00,4281.764045621998,285.76655947598346,3995.9974861460146,0.0,285.76655947598346
2025-07-15 22:00:00+00:00,4192.44552867,297.07867115090335,3895.366857519097,0.0,297.07867115090335
2025-07-15 23:00:00+00:00,4087.648802118,309.312158141288,3778.336643976712,0.0,309.312158141288
2025-07-16 00:00:00+00:00,3974.3306102220004,322.11545692540403,3652.2151532965963,0.0,322.11545692540403
2025-07-16 01:00:00+00:00,3861.4901863020013,335.118145995299,3526.3720403067023,0.0,335.118145995299
2025-07-16 02:00:00+00:00,3756.631412016,347.94582774822754,3408.6855842677724,0.0,347.94582774822754
2025-07-16 03:00:00+00:00,3667.201326222001,360.23516859382386,3306.9661576281774,0.0,360.23516859382386
2025-07-16 04:00:00+00:00,3599.5783019279984,371.6484755039231,3227.929826424075,0.0,371.6484755039231
2025-07-16 05:00:00+00:00,3558.6309291960006,381.8872138476667,3176.743715348334,0.0,381.8872138476667
2025-07-16 06:00:00+00:00,3547.380101663998,390.70392310734036,3156.6761785566578,0.0,390.70392310734036
2025-07-16 07:00:00+00:00,3566.7875655720013,692.4925865153048,2874.2949790566963,294.5805617392873,397.9120247760175
2025-07-16 08:00:00+00:00,3615.6854177220002,968.3810811813576,2647.304336540643,564.9879409758507,403.39314020550677
2025-07-16 09:00:00+00:00,3690.851477334001,1200.6416383285284,2490.2098390054725,793.5400260048557,407.1016123236728
2025-07-16 10:00:00+00:00,3787.225538963998,1374.8109675829064,2412.4145713810917,965.7449308044911,409.0660367784153
2025-07-16 11:00:00+00:00,3898.251795228001,1480.5030383093851,2417.748756918616,1071.1152794213099,409.3877588880753
2025-07-16 12:00:00+00:00,4016.3241831719997,1511.9146784517038,2504.409504720296,1103.678291039946,408.23638741175785
2025-07-16 13:00:00+00:00,4133.304357924,1468.0219926689856,2665.2823652550146,1062.179489351868,405.8425033171176
2025-07-16 14:00:00+00:00,4241.0769408,1352.4873747437848,2888.5895660562146,949.999493288032,402.4878814557528
2025-07-16 15:00:00+00:00,4332.104258369999,1173.3121230234797,3158.7921353465194,774.8185134277949,398.4936095956849
2025-07-16 16:00:00+00:00,4399.942729601999,942.2777294980647,3457.6650001039347,548.0711359927079,394.2065935053568
2025-07-16 17:00:00+00:00,4439.685573708001,674.220742207365,3765.464831500636,284.23572853388697,389.985013673478
2025-07-16 18:00:00+00:00,4448.301686555996,386.1833147748889,4062.118371781107,0.0,386.1833147748889
2025-07-16 19:00:00+00:00,4424.847431003999,383.1373511341933,4041.7100798698057,0.0,383.1373511341933
2025-07-16 20:00:00+00:00,4370.5367910959985,381.1502929557629,3989.3864981402357,0.0,381.1502929557629
2025-07-16 21:00:00+00:00,4288.665028787999,380.4798788662393,3908.18514992176,0.0,380.4798788662393
2025-07-16 22:00:00+00:00,4184.390814828001,381.32752490442,3803.0632899235807,0.0,381.32752490442
2025-07-16 23:00:00+00:00,4064.3916171599994,383.82974464396636,3680.561872516033,0.0,383.82974464396636
2025-07-17 00:00:00+00:00,3936.0422588339998,388.05223458605155,3547.990024247948,0.0,388.05223458605155
2025-07-17 01:00:00+00:00,3808.3871547120007,393.98685844893555,3414.4002962630652,0.0,393.98685844893555
2025-07-17 02:00:00+00:00,3689.3413507860023,401.551661954484,3287.789688831518,0.0,401.551661954484
2025-07-17 03:00:00+00:00,3586.6252531200007,410.59391737230317,3176.0313357476975,0.0,410.59391737230317
2025-07-17 04:00:00+00:00,3506.870770578,420.89606770012955,3085.97470287787,0.0,420.89606770012955
2025-07-17 05:00:00+00:00,3455.1743437680016,432.18433463550605,3022.9900091324953,0.0,432.18433463550605
2025-07-17 06:00:00+00:00,3434.753750273999,444.1396376802817,2990.614112593717,0.0,444.1396376802817
2025-07-17 07:00:00+00:00,3446.732127468,789.1556778631028,2657.576449604897,332.74530595263127,456.41037191047155
2025-07-17 08:00:00+00:00,3490.0637544779993,1121.2960009643225,2368.767753513677,652.6694718630104,468.6265291013121
2025-07-17 09:00:00+00:00,3561.606645534004,1417.1769891914582,2144.429656342546,936.7624088334454,480.4145803580128
2025-07-17 10:00:00+00:00,3656.3369661,1655.1146863233412,2001.222279776659,1163.7021745363675,491.41251178697365
2025-07-17 11:00:00+00:00,3767.6906962799994,1816.828071701746,1950.8626245782534,1315.5436728741179,501.2843988276282
2025-07-17 12:00:00+00:00,3888.0092274660024,1888.972904621437,1999.0363228445653,1379.2389790552359,509.73392556620115
2025-07-17 13:00:00+00:00,4009.058612832001,1864.3612470083676,2144.6973658236334,1347.8449561680584,516.5162908403094
2025-07-17 14:00:00+00:00,4122.587135814,1742.7404834220051,2379.846652391995,1221.2924695033778,521.4480139186273
2025-07-17 15:00:00+00:00,4220.883307032,1531.0392199211276,2689.8440871108724,1006.6249690509446,524.414250870183
2025-07-17 16:00:00+00:00,4297.296349205999,1243.032895440273,3054.263453765726,717.6595954237649,525.3733000165082
2025-07-17 17:00:00+00:00,4346.683838447999,898.4350254518529,3448.2488129961457,374.0768872009533,524.3581382508996
2025-07-17 18:00:00+00:00,4365.75615042,521.4749017236538,3844.2812486963467,0.0,521.4749017236538
2025-07-17 19:00:00+00:00,4353.294346421999,516.8983922191319,3836.395954202867,0.0,516.8983922191319
2025-07-17 20:00:00+00:00,4310.226830574,510.8647822269149,3799.362048347085,0.0,510.8647822269149
2025-07-17 21:00:00+00:00,4239.55972587,503.66182035202746,3735.8979055179725,0.0,503.66182035202746
2025-07-17 22:00:00+00:00,4146.165838919999,495.61694147550656,3650.5488974444925,0.0,495.61694147550656
2025-07-17 23:00:00+00:00,4036.446771924001,487.0837651844668,3549.3630067395343,0.0,487.0837651844668
2025-07-18 00:00:00+00:00,3917.6423547659997,478.42753326947116,3439.2148214965287,0.0,478.42753326947116
2025-07-18 01:00:00+00:00,3798.3114629879997,470.0100925364621,3328.3013704515374,0.0,470.0100925364621
2025-07-18 02:00:00+00:00,3686.2849176720015,462.1750232658983,3224.109894406103,0.0,462.1750232658983
2025-07-18 03:00:00+00:00,3589.107612132,455.23353583152186,3133.8740763004785,0.0,455.23353583152186
2025-07-18 04:00:00+00:00,3513.273161790001,449.4517054990385,3063.8214562909625,0.0,449.4517054990385
2025-07-18 05:00:00+00:00,3463.7801612819985,445.0395666294846,3018.740594652514,0.0,445.0395666294846
2025-07-18 06:00:00+00:00,3443.791331273999,442.14252097272157,3001.648810301277,0.0,442.14252097272157
2025-07-18 07:00:00+00:00,3454.4188138740005,803.7637713251696,2650.655042548831,362.9283667482352,440.8354045769344
2025-07-18 08:00:00+00:00,3494.650234571999,1136.487985638182,2358.162248933817,695.3685290858184,441.11945655236354
2025-07-18 09:00:00+00:00,3561.420476880002,1418.0471912113858,2143.373285668616,975.1248743580587,442.922316853327
2025-07-18 10:00:00+00:00,3649.8243507599996,1630.256897850291,2019.5674529097087,1184.1558440324316,446.10105381785934
2025-07-18 11:00:00+00:00,3753.4554138899953,1760.1145030366843,1993.340910853311,1309.666411693079,450.4480913436052
2025-07-18 12:00:00+00:00,3864.847894739999,1800.4850714717854,2064.3628232682136,1344.7852701381344,455.69980133365107
2025-07-18 13:00:00+00:00,3975.991395642001,1750.3585637483318,2225.6328318936694,1288.8111631270845,461.54740062124733
2025-07-18 14:00:00+00:00,4078.8832181580005,1614.695205043392,2464.1880131146086,1147.0454925688935,467.64971247449853
2025-07-18 15:00:00+00:00,4166.080484832002,1403.9017102893872,2762.178774542615,930.2544395724656,473.6472707169216
2025-07-18 16:00:00+00:00,4231.214316252001,1132.9994145509402,3098.2149017010606,653.8222336331935,479.1771809177467
2025-07-18 17:00:00+00:00,4269.430846337999,820.5558692187124,3448.874977119287,336.6677294207484,483.888139797964
2025-07-18 18:00:00+00:00,4277.728847364,487.45498812171553,3790.2738592422847,0.0,487.45498812171553
2025-07-18 19:00:00+00:00,4255.170841572,489.5922144842077,3765.5786270877925,0.0,489.5922144842077
2025-07-18 20:00:00+00:00,4202.953132350001,490.0658362792321,3712.8872960707695,0.0,490.0658362792321
2025-07-18 21:00:00+00:00,4124.329842737998,488.7031942889414,3635.626648449056,0.0,488.7031942889414
2025-07-18 22:00:00+00:00,4024.396030452,485.4002409587601,3538.99578949324,0.0,485.4002409587601
2025-07-18 23:00:00+00:00,3909.744548262001,480.12603623829915,3429.618512023702,0.0,480.12603623829915
2025-07-19 00:00:00+00:00,3409.746736074001,472.9242558062304,2936.8224802677705,0.0,472.9242558062304
2025-07-19 01:00:00+00:00,3289.1263696200003,463.91165844765675,2825.2147111723434,0.0,463.91165844765675
2025-07-19 02:00:00+00:00,3177.7645202519993,453.27357173004935,2724.49094852195,0.0,453.27357173004935
2025-07-19 03:00:00+00:00,3083.2367170079983,441.2565785912565,2641.9801384167417,0.0,441.2565785912565
2025-07-19 04:00:00+00:00,3012.022610645998,428.1587057452306,2583.8639049007675,0.0,428.1587057452306
2025-07-19 05:00:00+00:00,2969.0624979959994,414.3175116628189,2554.7449863331803,0.0,414.3175116628189
2025-07-19 06:00:00+00:00,2957.4177625860007,400.09657095463706,2557.3211916313635,0.0,400.09657095463706
2025-07-19 07:00:00+00:00,2978.058490427999,724.0164191740967,2254.0420712539026,338.14552504947926,385.87089412461734
2025-07-19 08:00:00+00:00,3029.7927643620005,1027.1042952179087,2002.6884691440919,655.0924047977685,372.01189042014005
2025-07-19 09:00:00+00:00,3109.342621308,1287.593979121374,1821.748642186626,928.7214983560481,358.87248076532615
2025-07-19 10:00:00+00:00,3211.5615820260005,1486.4590723346041,1725.1025096913963,1139.6860934806443,346.77297885395967
2025-07-19 11:00:00+00:00,3329.779101516,1608.8630342769684,1720.9160672390317,1272.874726811948,335.9883074650205
2025-07-19 12:00:00+00:00,3456.2485623959983,1645.3386718328597,1810.9098905631386,1318.601593214001,326.73707861885873
2025-07-19 13:00:00+00:00,3582.668510651999,1592.5875428786837,1990.0809677733153,1273.4145543158616,319.1729885628222
2025-07-19 14:00:00+00:00,3700.741704575999,1453.8167801856946,2246.924924390304,1140.4379162060648,313.3788639796298
2025-07-19 15:00:00+00:00,3802.7340661380026,1238.5683309827964,2564.165735155206,929.2047083642785,309.36362261851787
2025-07-19 16:00:00+00:00,3881.9955985860015,962.0398837414144,2919.955714844587,654.9776274506701,307.06225629074436
2025-07-19 17:00:00+00:00,3933.4078835100026,643.9435556595452,3289.4643278504573,337.6047127761624,306.33884288338277
2025-07-19 18:00:00+00:00,3953.7278610059984,306.9924617060018,3646.7353992999965,0.0,306.9924617060018
2025-07-19 19:00:00+00:00,3941.804481341999,308.76577706458545,3633.038704277413,0.0,308.76577706458545
2025-07-19 20:00:00+00:00,3898.653669581999,311.35591966041125,3587.2977499215876,0.0,311.35591966041125
2025-07-19 21:00:00+00:00,3827.386500041999,314.4272429194585,3512.9592571225407,0.0,314.4272429194585
2025-07-19 22:00:00+00:00,3732.9955776540005,317.62541158712304,3415.3701660668776,0.0,317.62541158712304
2025-07-19 23:00:00+00:00,3622.0141890240006,320.592257743236,3301.4219312807645,0.0,320.592257743236
2025-07-20 00:00:00+00:00,3502.071499038,322.9807913361996,3179.0907077018005,0.0,322.9807913361996
2025-07-20 01:00:00+00:00,3381.3740469599993,324.4697442024681,3056.9043027575312,0.0,324.4697442024681
2025-07-20 02:00:00+00:00,3268.148882124,324.7770664612015,2943.3718156627983,0.0,324.7770664612015
2025-07-20 03:00:00+00:00,3170.0862372479996,323.6718052638076,2846.414431984192,0.0,323.6718052638076
2025-07-20 04:00:00+00:00,3093.8195737680007,320.98388829383015,2772.8356854741705,0.0,320.98388829383015
2025-07-20 05:00:00+00:00,3044.478398682002,316.6114120418593,2727.866986640143,0.0,316.6114120418593
2025-07-20 06:00:00+00:00,3025.344208656,310.5251317318383,2714.8190769241614,0.0,310.5251317318383
2025-07-20 07:00:00+00:00,3037.632816036,590.9224325489675,2446.7103834870322,288.1524652210065,302.76996732796107
2025-07-20 08:00:00+00:00,3080.4178189259997,842.5267134050025,2237.8911055209974,549.0632454502646,293.46346795473784
2025-07-20 09:00:00+00:00,3150.700225134,1049.1416462416223,2101.5585788923777,766.3503479293631,282.7912983122591
2025-07-20 10:00:00+00:00,3243.6193559280005,1198.0893205324242,2045.5300353955763,927.089399704176,270.99992082824826
2025-07-20 11:00:00+00:00,3352.790504994001,1280.8207261937591,2071.969778800242,1022.4339384333407,258.3867877604184
2025-07-20 12:00:00+00:00,3470.7461530980017,1293.2200956776055,2177.5260574203962,1047.9316657610161,245.28842991658942
2025-07-20 13:00:00+00:00,3589.4505523799994,1235.623094331893,2353.8274580481066,1003.5561532943321,232.06694103756087
2025-07-20 14:00:00+00:00,3700.8524759220027,1112.5863582755378,2588.266117646465,893.4909577675736,219.09540050796429
2025-07-20 15:00:00+00:00,3797.4383194019997,932.4550760812847,2864.983243320715,725.7122346996088,206.74284138167596
2025-07-20 16:00:00+00:00,3872.747737403999,706.7766671137706,3165.9710702902285,511.41730084135753,195.3593662724131
2025-07-20 17:00:00+00:00,3921.8166524460003,449.6038538749258,3472.2127985710745,264.3418202529878,185.26203362193797
2025-07-20 18:00:00+00:00,3941.5172936999998,176.72207993019765,3764.795213769802,0.0,176.72207993019765
2025-07-20 19:00:00+00:00,3930.7720998419977,169.9540080440838,3760.818091797914,0.0,169.9540080440838
2025-07-20 20:00:00+00:00,3890.6268596160007,165.10698436103777,3725.519875254963,0.0,165.10698436103777
2025-07-20 21:00:00+00:00,3824.1781184879974,162.25890056326836,3661.919217924729,0.0,162.25890056326836
2025-07-20 22:00:00+00:00,3736.359831497999,161.41333646687596,3574.946495031123,0.0,161.41333646687596
2025-07-20 23:00:00+00:00,3633.6038038860015,162.49955632522295,3471.1042475607787,0.0,162.49955632522295
2025-07-21 00:00:00+00:00,3901.6703636400007,165.37552823598742,3736.294835404013,0.0,165.37552823598742
2025-07-21 01:00:00+00:00,3792.0404550000007,169.83385649233819,3622.2065985076624,0.0,169.83385649233819
2025-07-21 02:00:00+00:00,3691.001928348001,175.6103666355076,3515.3915617124935,0.0,175.6103666355076
2025-07-21 03:00:00+00:00,3606.0044101619997,182.39500903344668,3423.609401128553,0.0,182.39500903344668
2025-07-21 04:00:00+00:00,3543.4181542620004,189.84462038551504,3353.5735338764853,0.0,189.84462038551504
2025-07-21 05:00:00+00:00,3508.0929331979987,197.59703153966947,3310.4959016583293,0.0,197.59703153966947
2025-07-21 06:00:00+00:00,3503.0204853420005,205.28593237939387,3297.734552962607,0.0,205.28593237939387
2025-07-21 07:00:00+00:00,3529.1235941640007,515.9797855108761,3013.1438086531243,303.42388540921905,212.55590010165702
2025-07-21 08:00:00+00:00,3585.186366720001,813.8377073990196,2771.3486593209814,594.7607486367817,219.07695876223778
2025-07-21 09:00:00+00:00,3667.9305896520004,1077.6351978952528,2590.2953917567474,853.0771096563333,224.55808823891945
2025-07-21 10:00:00+00:00,3772.23315714,1287.7926540704348,2484.4405030695652,1059.0335348242327,228.7591192462022
2025-07-21 11:00:00+00:00,3891.4698128879995,1427.9210946620296,2463.54871822597,1196.420556386387,231.50053827564258
2025-07-21 12:00:00+00:00,4017.9619515000004,1486.2011555426184,2531.760795957382,1253.5303693212913,232.67078622132698
2025-07-21 13:00:00+00:00,4143.496140462,1456.4635411309798,2687.03259933102,1224.2327736023274,232.23076752865245
2025-07-21 14:00:00+00:00,4259.880950513999,1338.85893974523,2921.022010768769,1108.6435643215323,230.21537542369768
2025-07-21 15:00:00+00:00,4359.503361821999,1140.0383306316212,3219.4650311903774,913.3063572938358,226.7319733377853
2025-07-21 16:00:00+00:00,4435.846682483996,872.8078411287858,3563.0388413552105,650.851944280196,221.95589684858976
2025-07-21 17:00:00+00:00,4483.934868336,555.2710388767653,3928.663829459235,339.147877907494,216.12316096927134
2025-07-21 18:00:00+00:00,4500.67281195,209.52066038341823,4291.152151566582,0.0,209.52066038341823
2025-07-21 19:00:00+00:00,4485.05947344,202.47428773820008,4282.5851857018,0.0,202.47428773820008
2025-07-21 20:00:00+00:00,4438.2592096920025,195.3354291171298,4242.923780574873,0.0,195.3354291171298
2025-07-21 21:00:00+00:00,4363.526415233999,188.46641040934537,4175.060004824653,0.0,188.46641040934537
2025-07-21 22:00:00+00:00,4265.988420918001,182.22548160019275,4083.762939317808,0.0,182.22548160019275
2025-07-21 23:00:00+00:00,4152.301454994002,176.9519533629478,3975.349501631054,0.0,176.9519533629478
2025-07-22 00:00:00+00:00,4030.4518205700015,172.95210254949419,3857.4997180205073,0.0,172.95210254949419
2025-07-22 01:00:00+00:00,3908.2389648959984,170.48641216428547,3737.752552731713,0.0,170.48641216428547
2025-07-22 02:00:00+00:00,3794.2102083059985,169.75868109355628,3624.451527212442,0.0,169.75868109355628
2025-07-22 03:00:00+00:00,3696.1058009399994,170.90743683477191,3525.1983641052275,0.0,170.90743683477191
2025-07-22 04:00:00+00:00,3620.5867687499986,174.00001941062345,3446.5867493393753,0.0,174.00001941062345
2025-07-22 05:00:00+00:00,3572.7870134459995,179.029563440626,3393.7574500053734,0.0,179.029563440626
2025-07-22 06:00:00+00:00,3555.9691250999995,185.9150084916814,3370.054116608318,0.0,185.9150084916814
2025-07-22 07:00:00+00:00,3571.307128116,531.7764390378727,3039.5306890781276,337.2722968943112,194.5041421435615
2025-07-22 08:00:00+00:00,3617.8109057580014,854.0268872579474,2763.784018500054,649.4473423493237,204.57954490862372
2025-07-22 09:00:00+00:00,3692.3973003119995,1131.611778568133,2560.7855217438664,915.744578885994,215.8671996821392
2025-07-22 10:00:00+00:00,3790.1029936139994,1346.7563227838336,2443.3466708301657,1118.708916372997,228.04740641083663
2025-07-22 11:00:00+00:00,3904.424554254,1486.0288324162414,2418.395721837759,1245.2612666388713,240.76756577736998
2025-07-22 12:00:00+00:00,4027.7624434739996,1541.0928228136618,2486.669620660338,1287.43652396694,253.6562988467216
2025-07-22 13:00:00+00:00,4151.938708848,1509.1248610121947,2642.813847835805,1242.786526139959,266.3383348722356
2025-07-22 14:00:00+00:00,4268.753085029999,1392.89579977437,2875.857285255629,1114.4462513288831,278.4495484454868
2025-07-22 15:00:00+00:00,4370.5395823320005,1200.5296018401775,3170.0099804918227,910.8780628367717,289.65153900340584
2025-07-22 16:00:00+00:00,4450.6857753959985,944.9660808410911,3505.7196945549076,645.3209292204033,299.6451516206878
2025-07-22 17:00:00+00:00,4504.079354291998,643.1626200980879,3860.91673419391,334.980227372457,308.18239272563085
2025-07-22 18:00:00+00:00,4527.451726518001,315.0762379977793,4212.375488520222,0.0,315.0762379977793
2025-07-22 19:00:00+00:00,4519.595228610001,320.20795686980404,4199.387271740197,0.0,320.20795686980404
2025-07-22 20:00:00+00:00,4481.4393973020005,323.53162463358717,4157.907772668414,0.0,323.53162463358717
2025-07-22 21:00:00+00:00,4415.9811462060015,325.07566393476327,4090.9054822712383,0.0,325.07566393476327
2025-07-22 22:00:00+00:00,4328.073815393997,324.94133876582225,4003.132476628175,0.0,324.94133876582225
2025-07-22 23:00:00+00:00,4224.089571828001,323.29826453980246,3900.7913072881984,0.0,323.29826453980246
2025-07-23 00:00:00+00:00,4111.85174946,320.3771257299872,3791.474623730013,0.0,320.3771257299872
2025-07-23 01:00:00+00:00,3998.627148810002,316.45988793406184,3682.16726087594,0.0,316.45988793406184
2025-07-23 02:00:00+00:00,3892.813843925996,311.86792208187484,3580.945921844121,0.0,311.86792208187484
2025-07-23 03:00:00+00:00,3801.895180944001,306.948510258762,3494.946670685239,0.0,306.948510258762
2025-07-23 04:00:00+00:00,3732.2980825620007,302.0602987287619,3430.2377838332386,0.0,302.0602987287619
2025-07-23 05:00:00+00:00,3688.950768636001,297.55828518250223,3391.392483453499,0.0,297.55828518250223
2025-07-23 06:00:00+00:00,3674.943434358001,293.7789693761144,3381.164464981887,0.0,293.7789693761144
2025-07-23 07:00:00+00:00,3691.3151406600005,657.2586661951302,3034.05647446487,366.2324134878262,291.02625270730397
2025-07-23 08:00:00+00:00,3736.9814796299997,1000.8826500470598,2736.09882958294,711.3239578105546,289.5586922365051
2025-07-23 09:00:00+00:00,3808.807986564,1300.1210986343904,2508.68688792961,1010.5424926542538,289.5786059801366
2025-07-23 10:00:00+00:00,3901.8243058199987,1533.3410211998348,2368.483284620164,1242.1175244698952,291.2234967299397
2025-07-23 11:00:00+00:00,4009.5644798159988,1683.5167146711883,2326.0477651448105,1388.9565860974737,294.5601285737146
2025-07-23 12:00:00+00:00,4124.5101998519995,1739.6176964504557,2384.8925034015438,1440.036180829604,299.5815156208515
2025-07-23 13:00:00+00:00,4238.60665452,1697.5437038797231,2541.062950640277,1391.3367737448073,306.20693013491586
2025-07-23 14:00:00+00:00,4343.815856184001,1560.5128840271723,2783.3029721568287,1246.227935470737,314.2849485564353
2025-07-23 15:00:00+00:00,4432.66952205,1338.8569388395151,3093.8125832104843,1015.2575490708333,323.59938976868176
2025-07-23 16:00:00+00:00,4498.783802687999,1049.2311353101354,3449.5526673778636,715.35321002281,333.8779252873255
2025-07-23 17:00:00+00:00,4537.300594260001,713.301941903262,3823.998652356739,368.49894945293437,344.8029924503276
2025-07-23 18:00:00+00:00,4545.2252568660015,356.0245699698218,4189.20068689618,0.0,356.0245699698218
2025-07-23 19:00:00+00:00,4521.6375183,367.17429609986647,4154.463222200134,0.0,367.17429609986647
2025-07-23 20:00:00+00:00,4467.761076786,377.8803497885443,4089.8807269974554,0.0,377.8803497885443
2025-07-23 21:00:00+00:00,4386.887007426,387.7824826525501,3999.10452477345,0.0,387.7824826525501
2025-07-23 22:00:00+00:00,4284.155973678003,396.54659035173023,3887.6093833262726,0.0,396.54659035173023
2025-07-23 23:00:00+00:00,4166.214039959999,403.8782274668849,3762.3358124931146,0.0,403.8782274668849
2025-07-24 00:00:00+00:00,4041.262896930001,409.5345113863908,3631.72838554361,0.0,409.5345113863908
2025-07-24 01:00:00+00:00,3916.5492507540002,413.33392502856395,3503.2153257254363,0.0,413.33392502856395
2025-07-24 02:00:00+00:00,3800.7929736,415.16362729634704,3385.629346303653,0.0,415.16362729634704
2025-07-24 03:00:00+00:00,3701.639489939999,414.9839607474383,3286.6555291925606,0.0,414.9839607474383
2025-07-24 04:00:00+00:00,3625.6386598739996,412.8299760843373,3212.808683789662,0.0,412.8299760843373
2025-07-24 05:00:00+00:00,3577.7996533440005,408.8099157968847,3168.989737547116,0.0,408.8099157968847
2025-07-24 06:00:00+00:00,3561.249863639999,403.1007138853918,3158.149149754607,0.0,403.1007138853918
2025-07-24 07:00:00+00:00,3577.020996066001,704.6587659290744,2872.3622301369264,308.71807017255816,395.94069575651633
2025-07-24 08:00:00+00:00,3623.9769921179995,974.9443196494506,2649.032672468549,587.3245345373136,387.619785112137
2025-07-24 09:00:00+00:00,3698.888731103999,1196.8788826109326,2502.0098484930663,818.411278112247,378.4676044986855
2025-07-24 10:00:00+00:00,3796.6504866780006,1357.2034726876109,2439.4470139903897,988.3635011683772,368.8399715192338
2025-07-24 11:00:00+00:00,3910.623494904001,1447.1121709862455,2463.5113239177554,1088.007835394706,359.10433559153955
2025-07-24 12:00:00+00:00,4033.0832986079986,1462.5593012634492,2570.5239973445496,1112.9345508540357,349.6247504094136
2025-07-24 13:00:00+00:00,4155.740524991999,1404.260824276717,2751.4797007152824,1063.5138189175557,340.7470053591612
2025-07-24 14:00:00+00:00,4270.299764891999,1277.4278082987175,2992.8719565932815,944.6432950322801,332.78451326643733
2025-07-24 15:00:00+00:00,4369.018579296,1091.2790935183018,3277.739485777698,765.2735498020262,326.00554371627567
2025-07-24 16:00:00+00:00,4445.228705399999,858.3823121287309,3586.846393271268,537.7600007868826,320.6223113418482
2025-07-24 17:00:00+00:00,4493.784100889999,593.8689460928387,3899.91515479716,277.0865619748795,316.78238411795917
2025-07-24 18:00:00+00:00,4511.405483424001,314.5627391806554,4196.842744243346,0.0,314.5627391806554
2025-07-24 19:00:00+00:00,4496.897957958001,313.96673602691334,4182.931221931088,0.0,313.96673602691334
2025-07-24 20:00:00+00:00,4451.227113983998,314.92410394609857,4136.303010037899,0.0,314.92410394609857
2025-07-24 21:00:00+00:00,4377.448548942001,317.29397103825625,4060.154577903745,0.0,317.29397103825625
2025-07-24 22:00:00+00:00,4280.495632475999,320.8707817787679,3959.6248506972306,0.0,320.8707817787679
2025-07-24 23:00:00+00:00,4166.840235516001,325.3928909428351,3841.4473445731655,0.0,325.3928909428351
2025-07-25 00:00:00+00:00,4044.6712293960013,330.5534546155942,3714.117774780407,0.0,330.5534546155942
2025-07-25 01:00:00+00:00,3920.890572942,336.0131880001766,3584.877384941823,0.0,336.0131880001766
2025-07-25 02:00:00+00:00,3804.288585216002,341.41446732028976,3462.8741178957125,0.0,341.41446732028976
2025-07-25 03:00:00+00:00,3702.5010783179987,346.3961850959104,3356.1048932220883,0.0,346.3961850959104
2025-07-25 04:00:00+00:00,3622.112624634,350.6087702886571,3271.503854345343,0.0,350.6087702886571
2025-07-25 05:00:00+00:00,3568.2106971840008,353.728736017901,3214.4819611660996,0.0,353.728736017901
2025-07-25 06:00:00+00:00,3544.042708164001,355.4721752160931,3188.570532947908,0.0,355.4721752160931
2025-07-25 07:00:00+00:00,3550.7993572800033,650.7440273684405,2900.0553299115627,295.13737763957073,355.60664972886974
2025-07-25 08:00:00+00:00,3587.538831449999,928.5854200426586,2658.9534114073404,574.6244491850217,353.9609708576368
2025-07-25 09:00:00+00:00,3651.2569589999994,1169.0517633530455,2482.205195646954,818.619269803958,350.4324935490876
2025-07-25 10:00:00+00:00,3737.0984442960007,1354.3679889294974,2382.7304553665035,1009.3763877832694,344.99160114622805
2025-07-25 11:00:00+00:00,3838.6945351859995,1470.3134694736054,2368.381065712394,1132.630250685072,337.68321878853345
2025-07-25 12:00:00+00:00,3948.6040679820003,1507.382278767,2441.221789215,1178.7570024136376,328.6252763533624
2025-07-25 13:00:00+00:00,4058.827606344,1461.609185037745,2597.2184213062546,1143.6049975597834,318.00418747796147
2025-07-25 14:00:00+00:00,4161.359529095998,1334.977686081883,2826.3818430141155,1028.9101447591281,306.06754132275483
2025-07-25 15:00:00+00:00,4248.740228333999,1135.3622199054496,3113.378008428549,842.2479392789412,293.11428062650845
2025-07-25 16:00:00+00:00,4314.570685235998,875.9989503887416,3438.5717348472563,596.5161533083608,279.48279708038075
2025-07-25 17:00:00+00:00,4353.954202248,574.5233807546174,3779.4308214933826,308.9859739157333,265.53740683888407
2025-07-25 18:00:00+00:00,4363.8350758800025,251.65377249141133,4112.181303388591,0.0,251.65377249141133
2025-07-25 19:00:00+00:00,4343.21095971,238.20386147641184,4105.007098233588,0.0,238.20386147641184
2025-07-25 20:00:00+00:00,4293.204460860001,225.54106197198743,4067.6633988880135,0.0,225.54106197198743
2025-07-25 21:00:00+00:00,4216.988909238,213.98606029218536,4003.0028489458145,0.0,213.98606029218536
2025-07-25 22:00:00+00:00,4119.573389946,203.81405646320513,3915.7593334827952,0.0,203.81405646320513
2025-07-25 23:00:00+00:00,4007.4616186080007,195.24384511889897,3812.2177734891015,0.0,195.24384511889897
2025-07-26 00:00:00+00:00,3510.804975300001,188.42920678976938,3322.3757685102314,0.0,188.42920678976938
2025-07-26 01:00:00+00:00,3392.497729026001,183.45296002595023,3209.0447690000506,0.0,183.45296002595023
2025-07-26 02:00:00+00:00,3283.205267244,180.32391315644182,3102.881354087558,0.0,180.32391315644182
2025-07-26 03:00:00+00:00,3190.4224573619995,178.97685467787426,3011.4456026841253,0.0,178.97685467787426
2025-07-26 04:00:00+00:00,3120.5554065840006,179.2755615716721,2941.2798450123287,0.0,179.2755615716721
2025-07-26 05:00:00+00:00,3078.4797551760007,181.0187168687112,2897.4610383072895,0.0,181.0187168687112
2025-07-26 06:00:00+00:00,3067.2026611799997,183.94849174458773,2883.254169435412,0.0,183.94849174458773
2025-07-26 07:00:00+00:00,3087.651663348002,483.0231095360218,2604.62855381198,295.2616789208966,187.76143061512525
2025-07-26 08:00:00+00:00,3138.6050359860005,761.6504568017751,2376.9545791842256,569.5292522932954,192.1212045084797
2025-07-26 09:00:00+00:00,3216.7684588619986,1001.6757479889911,2215.0927108730075,805.0030446325075,196.67270335648374
2025-07-26 10:00:00+00:00,3316.9929287459995,1187.53868171302,2129.4542470329798,986.4817897033546,201.05689200966532
2025-07-26 11:00:00+00:00,3432.619303134,1307.1404964022195,2125.4788067317804,1102.21467489151,204.9258215107095
2025-07-26 12:00:00+00:00,3555.926064558001,1352.5006685846147,2203.4253959733865,1144.5434902953937,207.9571782892211
2025-07-26 13:00:00+00:00,3678.6499709400005,1320.187527384882,2358.4624435551186,1110.31975126446,209.8677761204222
2025-07-26 14:00:00+00:00,3792.5442306779987,1211.5149865306676,2581.029244147331,1001.0895442627134,210.42544226795428
2025-07-26 15:00:00+00:00,3889.9363044360002,1032.5023347225774,2857.433969713423,823.0435359567897,209.4587987657878
2025-07-26 16:00:00+00:00,3964.2473847060005,793.5970311523618,3170.6503535536385,586.7324752839472,206.86455586841456
2025-07-26 17:00:00+00:00,4010.438285154,509.1633351441147,3501.2749500098853,306.5513331669604,202.6120019771543
2025-07-26 18:00:00+00:00,4025.351324610001,196.74451260435592,3828.606812005645,0.0,196.74451260435592
2025-07-26 19:00:00+00:00,4007.9250613499994,189.37801849009267,3818.547042859907,0.0,189.37801849009267
2025-07-26 20:00:00+00:00,3959.267140961999,180.69649349607803,3778.570647465921,0.0,180.69649349607803
2025-07-26 21:00:00+00:00,3882.58036677,170.944639715022,3711.6357270549784,0.0,170.944639715022
2025-07-26 22:00:00+00:00,3782.946926262,160.4180803123137,3622.5288459496865,0.0,160.4180803123137
2025-07-26 23:00:00+00:00,3666.9854975039984,149.45145637872386,3517.5340411252746,0.0,149.45145637872386
2025-07-27 00:00:00+00:00,3543.273866874,138.40490909529956,3404.8689577787004,0.0,138.40490909529956
2025-07-27 01:00:00+00:00,3418.3508822400004,127.64950983747606,3290.701372402524,0.0,127.64950983747606
2025-07-27 02:00:00+00:00,3301.3745464979993,117.55222672183751,3183.8223197761617,0.0,117.55222672183751
2025-07-27 03:00:00+00:00,3200.085495810001,108.46104936862432,3091.6244464413767,0.0,108.46104936862432
2025-07-27 04:00:00+00:00,3121.155369612,100.69087516993712,3020.464494442063,0.0,100.69087516993712
2025-07-27 05:00:00+00:00,3069.7387239120008,94.51073373785442,2975.2279901741463,0.0,94.51073373785442
2025-07-27 06:00:00+00:00,3049.1284196939996,90.13288406510341,2958.995535628896,0.0,90.13288406510341
2025-07-27 07:00:00+00:00,3060.537694409997,451.55110078862174,2608.9865936213755,363.8468897992827,87.70421098933905
2025-07-27 08:00:00+00:00,3103.023721139999,796.7752412063675,2306.2484799336316,709.4749505823761,87.3002906239914
2025-07-27 09:00:00+00:00,3173.5576312860003,1100.5476012079598,2073.0100300780405,1011.6252398679848,88.922361339975
2025-07-27 10:00:00+00:00,3267.236147951998,1337.4683158594585,1929.7678320925397,1244.9709994870288,92.49731637242962
2025-07-27 11:00:00+00:00,3377.620254497999,1486.465457498271,1891.1547969997282,1388.5847194839787,97.8807380142924
2025-07-27 12:00:00+00:00,3497.1776987700014,1542.4315055518628,1954.7461932181386,1437.568684456301,104.86282109556174
2025-07-27 13:00:00+00:00,3617.799121481999,1501.7616923063672,2116.0374291756316,1388.5847194839787,113.1769728223885
2025-07-27 14:00:00+00:00,3731.352545004002,1367.4817136247823,2363.8708313792195,1244.9709994870288,122.51071413775354
2025-07-27 15:00:00+00:00,3830.2383754320003,1149.033012375695,2681.205363056305,1016.5145644956044,132.51844788009066
2025-07-27 16:00:00+00:00,3907.907092025999,861.6199110364857,3046.287180989513,718.7843414787066,142.83556955777917
2025-07-27 17:00:00+00:00,3959.3043517859996,525.1634909008412,3434.1408608851584,372.0701534894863,153.0933374113549
2025-07-27 18:00:00+00:00,3981.2131534139994,162.93390143079415,3818.279251983205,0.0,162.93390143079415
2025-07-27 19:00:00+00:00,3972.469848438,172.02487177275,3800.44497666525,0.0,172.02487177275
2025-07-27 20:00:00+00:00,3934.039339146,180.07282846307217,3753.966510682928,0.0,180.07282846307217
2025-07-27 21:00:00+00:00,3868.9443602040005,186.83522084747537,3682.1091393565252,0.0,186.83522084747537
2025-07-27 22:00:00+00:00,3782.053891937999,192.13017548918234,3589.923716448817,0.0,192.13017548918234
2025-07-27 23:00:00+00:00,3679.7451365640018,195.84380144833054,3483.9013351156714,0.0,195.84380144833054
2025-07-28 00:00:00+00:00,3948.603889817999,197.93470164873082,3750.669188169268,0.0,197.93470164873082
2025-07-28 01:00:00+00:00,3838.344035694,198.43550106454202,3639.908534629458,0.0,198.43550106454202
2025-07-28 02:00:00+00:00,3736.1049678960003,197.45133332011466,3538.6536345758855,0.0,197.45133332011466
2025-07-28 03:00:00+00:00,3649.33327563,195.15534410975084,3454.1779315202493,0.0,195.15534410975084
2025-07-28 04:00:00+00:00,3584.4100425420006,191.7814044014454,3392.6286381405553,0.0,191.7814044014454
2025-07-28 05:00:00+00:00,3546.2095302479993,187.61431436845754,3358.5952158795417,0.0,187.61431436845754
2025-07-28 06:00:00+00:00,3537.7610357880008,182.97792094313888,3354.7831148448618,0.0,182.97792094313888
2025-07-28 07:00:00+00:00,3560.0371182599993,510.72871208572735,3049.308406174272,332.50708918479575,178.2216229009316
2025-07-28 08:00:00+00:00,3611.882693789999,809.1868181979846,2802.695875592014,635.4810039256375,173.7058142723471
2025-07-28 09:00:00+00:00,3690.089991672,1059.3561492780384,2630.733842393962,889.5692732512307,169.7868760268078
2025-07-28 10:00:00+00:00,3789.6143236979997,1245.9483970400763,2543.6659266579236,1079.1460828970553,166.80231414302094
2025-07-28 11:00:00+00:00,3903.9160105680003,1358.201353820248,2545.714656747752,1193.1446872419394,165.05666657830847
2025-07-28 12:00:00+00:00,4025.4051937679997,1390.3805850741076,2635.0246086938923,1225.5718366562571,164.80874841785038
2025-07-28 13:00:00+00:00,4145.959253520002,1341.9643515731336,2803.994901946868,1175.7035892299116,166.26076234322198
2025-07-28 14:00:00+00:00,4257.477581783997,1217.527994716555,3039.9495870674423,1047.9782781794304,169.5497165371247
2025-07-28 15:00:00+00:00,4352.4357825900015,1026.3548874707021,3326.0808951192994,851.6133810912984,174.74150637940377
2025-07-28 16:00:00+00:00,4424.401588320001,781.8075946545347,3642.5939936654663,599.9796922212813,181.8279024332534
2025-07-28 17:00:00+00:00,4468.477139112,500.49632346132927,3967.980815650671,309.76976192622345,190.72656153510582
2025-07-28 18:00:00+00:00,4481.63747325,201.28407281741804,4280.353400432582,0.0,201.28407281741804
2025-07-28 19:00:00+00:00,4462.94200359,213.2819041070391,4249.660099482961,0.0,213.2819041070391
2025-07-28 20:00:00+00:00,4413.604438446,226.44500915756078,4187.159429288439,0.0,226.44500915756078
2025-07-28 21:00:00+00:00,4336.916238941998,240.4527504504464,4096.463488491551,0.0,240.4527504504464
2025-07-28 22:00:00+00:00,4238.028677778001,254.95168066152053,3983.0769971164805,0.0,254.95168066152053
2025-07-28 23:00:00+00:00,4123.608206424002,269.56966156804674,3854.038544855955,0.0,269.56966156804674
2025-07-29 00:00:00+00:00,4002.5045234579998,283.9307562907159,3718.5737671672837,0.0,283.9307562907159
2025-07-29 01:00:00+00:00,3880.76525739,297.6702657041897,3583.0949916858103,0.0,297.6702657041897
2025-07-29 02:00:00+00:00,3767.7737928179995,310.4493079442253,3457.324484873774,0.0,310.4493079442253
2025-07-29 03:00:00+00:00,3671.2265897160023,321.96834289671415,3349.258246819288,0.0,321.96834289671415
2025-07-29 04:00:00+00:00,3597.7291589819993,331.9790819989125,3265.7500769830867,0.0,331.9790819989125
2025-07-29 05:00:00+00:00,3552.3494646780005,340.29430500899605,3212.0551596690043,0.0,340.29430500899605
2025-07-29 06:00:00+00:00,3538.2752722379996,346.7951734180516,3191.480098819948,0.0,346.7951734180516
2025-07-29 07:00:00+00:00,3556.5986294159993,667.7952109408224,2888.803418475177,316.3594565554462,351.4357543853762
2025-07-29 08:00:00+00:00,3606.2422124399986,965.8026853396443,2640.439527100354,611.558132717863,354.24455262178134
2025-07-29 09:00:00+00:00,3684.0324623340007,1220.0737608416412,2463.9587014923595,864.7507520229896,355.3230088186517
2025-07-29 10:00:00+00:00,3784.914556752001,1412.8657832226497,2372.048773529351,1058.0247757189898,354.84100750365997
2025-07-29 11:00:00+00:00,3902.294616360001,1530.8045916808928,2371.490024679108,1177.7749999577325,353.0295917231605
2025-07-29 12:00:00+00:00,4028.485802040001,1565.9271457974276,2462.5586562425733,1215.7559655158007,350.17118028162696
2025-07-29 13:00:00+00:00,4155.228044730001,1516.304335254636,2638.923709475365,1169.7166529164592,346.5876823381769
2025-07-29 14:00:00+00:00,4274.246050830001,1386.1853094896137,2888.0607413403873,1043.5583003451104,342.6270091445033
2025-07-29 15:00:00+00:00,4377.807663935999,1185.6481676578999,3192.159496278099,846.9996465044173,338.6485211534826
2025-07-29 16:00:00+00:00,4459.24465518,929.7874115489708,3529.4572436310295,594.7793948032578,335.008016745713
2025-07-29 17:00:00+00:00,4513.400597832002,637.5113707153218,3875.88922711668,305.4684930221746,332.0428776931473
2025-07-29 18:00:00+00:00,4536.9754619279975,330.0579709531415,4206.917490974856,0.0,330.0579709531415
2025-07-29 19:00:00+00:00,4528.743580956001,329.3128952963498,4199.430685659651,0.0,329.3128952963498
2025-07-29 20:00:00+00:00,4489.630296312001,330.0110910359361,4159.619205276064,0.0,330.0110910359361
2025-07-29 21:00:00+00:00,4422.642235787999,332.2912534963493,4090.35098229165,0.0,332.2912534963493
2025-07-29 22:00:00+00:00,4332.6561128759995,336.2214154486668,3996.4346974273326,0.0,336.2214154486668
2025-07-29 23:00:00+00:00,4226.080579980002,341.79592622488866,3884.284653755113,0.0,341.79592622488866
2025-07-30 00:00:00+00:00,4111.653232344001,348.93546206850084,3762.7177702755,0.0,348.93546206850084
2025-07-30 01:00:00+00:00,3994.9695140040017,357.4900647640026,3637.479449239999,0.0,357.4900647640026
2025-07-30 02:00:00+00:00,3885.36248247,367.2450828599925,3518.1173996100074,0.0,367.2450828599925
2025-07-30 03:00:00+00:00,3790.392908862001,377.9297729869115,3412.46313587509,0.0,377.9297729869115
2025-07-30 04:00:00+00:00,3716.5713299400004,389.22821156828326,3327.343118371717,0.0,389.22821156828326
2025-07-30 05:00:00+00:00,3668.913762234001,400.79206963327044,3268.1216926007305,0.0,400.79206963327044
2025-07-30 06:00:00+00:00,3650.6003186099997,412.2547250698191,3238.3455935401807,0.0,412.2547250698191
2025-07-30 07:00:00+00:00,3662.7599946420014,688.7870302272177,2973.9729644147837,265.5408886684371,423.24614155878055
2025-07-30 08:00:00+00:00,3704.3961663659998,943.9665687474608,2760.429597618539,510.5586748528944,433.4078938945663
2025-07-30 09:00:00+00:00,3772.4579704139996,1162.2022166418924,2610.2557537721073,719.7944750642275,442.4077415776648
2025-07-30 10:00:00+00:00,3862.052454918001,1330.306341678194,2531.7461132398066,880.3532061183354,449.9531355598587
2025-07-30 11:00:00+00:00,3966.7830741419994,1438.1411851109287,2528.6418890310706,982.3380674160364,455.8031176948923
2025-07-30 12:00:00+00:00,4079.1912467459997,1479.1050881664473,2600.0861585795524,1019.3269624876356,459.77812567881176
2025-07-30 13:00:00+00:00,4191.270850997999,1450.4569793269832,2740.8138716710164,988.6896861728939,461.7672931540894
2025-07-30 14:00:00+00:00,4295.0203295579995,1353.4774521425857,2941.542877415414,891.7444984594615,461.7329536831241
2025-07-30 15:00:00+00:00,4382.9947391159985,1193.4616231103878,3189.5331160056107,733.7494549147983,459.7121681955894
2025-07-30 16:00:00+00:00,4448.819902002001,979.5348725553554,3469.2850294466457,523.7196757535964,455.8151968017589
2025-07-30 17:00:00+00:00,4487.633480862,724.2804887439215,3763.352992118079,274.059488749633,450.2209999942886
2025-07-30 18:00:00+00:00,4496.422764876,443.1699318901582,4053.2528329858415,0.0,443.1699318901582
2025-07-30 19:00:00+00:00,4474.235989229999,434.9539426835906,4039.2820465464088,0.0,434.9539426835906
2025-07-30 20:00:00+00:00,4422.252680201999,425.90467771673224,3996.348002485267,0.0,425.90467771673224
2025-07-30 21:00:00+00:00,4343.708041512003,416.37996851645886,3927.3280729955436,0.0,416.37996851645886
2025-07-30 22:00:00+00:00,4243.676502030001,406.7492636378132,3836.9272383921875,0.0,406.7492636378132
2025-07-30 23:00:00+00:00,4128.729017322,397.3786026040252,3731.3504147179747,0.0,397.3786026040252
2025-07-31 00:00:00+00:00,4007.848858062002,388.6157362330632,3619.2331218289387,0.0,388.6157362330632
2025-07-31 01:00:00+00:00,3886.467816168,380.77601808112,3505.6917980868798,0.0,380.77601808112
2025-07-31 02:00:00+00:00,3774.078991325999,374.1296266727525,3399.9493646532464,0.0,374.1296266727525
2025-07-31 03:00:00+00:00,3678.2362232280007,368.890656007619,3309.345567220382,0.0,368.890656007619
2025-07-31 04:00:00+00:00,3605.3988646619987,365.2085164607142,3240.1903482012845,0.0,365.2085164607142
2025-07-31 05:00:00+00:00,3560.4887979359996,363.1619898626535,3197.326808073346,0.0,363.1619898626535
2025-07-31 06:00:00+00:00,3546.55133364,362.7561960454268,3183.795137594573,0.0,362.7561960454268
2025-07-31 07:00:00+00:00,3564.5432506320008,698.9740984957642,2865.5691521362364,335.0515174825804,363.92258101318384
2025-07-31 08:00:00+00:00,3613.26244671,1020.9738895559171,2592.288557154083,654.4519539459552,366.5219356099619
2025-07-31 09:00:00+00:00,3689.4241843199993,1305.0907721539252,2384.333412166074,934.7404524156494,370.3503197382757
2025-07-31 10:00:00+00:00,3787.8788281740003,1529.974882294664,2257.9039458793363,1154.827239318929,375.14764297573487
2025-07-31 11:00:00+00:00,3901.956452604001,1678.3144421880895,2223.6420104159115,1297.7058821669757,380.60856002111376
2025-07-31 12:00:00+00:00,4023.914894327999,1738.2664489405993,2285.6484453873995,1351.8712270921208,386.39522184847857
2025-07-31 13:00:00+00:00,4145.460941537998,1704.462236937148,2440.99870460085,1312.310862284683,392.151374652465
2025-07-31 14:00:00+00:00,4258.3092937559995,1578.4929134950467,2679.816380260953,1180.9756983710754,397.5172151239712
2025-07-31 15:00:00+00:00,4354.741322315998,1368.827531441204,2985.9137908747944,966.6831267602813,402.1444046809227
2025-07-31 16:00:00+00:00,4428.125707992001,1090.1696992099187,3337.956008782082,684.4590827648607,405.7106164450579
2025-07-31 17:00:00+00:00,4473.365636879999,762.3103728801761,3711.055263999823,354.3773427222474,407.9330301579287
2025-07-31 18:00:00+00:00,4487.242143635998,408.5802131484218,4078.6619304875762,0.0,408.5802131484218
2025-07-31 19:00:00+00:00,4468.630347426002,407.4819082686009,4061.1484391574013,0.0,407.4819082686009
2025-07-31 20:00:00+00:00,4418.573911752002,404.5363155146848,4014.037596237317,0.0,404.5363155146848
2025-07-31 21:00:00+00:00,4340.212688658001,399.7145841713319,3940.498104486669,0.0,399.7145841713319
2025-07-31 22:00:00+00:00,4238.568574086001,393.062318818537,3845.506255267464,0.0,393.062318818537
2025-07-31 23:00:00+00:00,4120.204090506,384.6980415337199,3735.5060489722805,0.0,384.6980415337199
2025-08-01 00:00:00+00:00,3994.26051885,374.8086738710336,3619.4518449789666,0.0,374.8086738710336
2025-08-01 01:00:00+00:00,3866.0050105320006,363.6422212313948,3502.362789300606,0.0,363.6422212313948
2025-08-01 02:00:00+00:00,3745.1740202940014,351.49795461427755,3393.6760656797237,0.0,351.49795461427755
2025-08-01 03:00:00+00:00,3639.481646345998,338.71450229513437,3300.7671440508634,0.0,338.71450229513437
2025-08-01 04:00:00+00:00,3555.5827679819995,325.65632755433546,3229.926440427664,0.0,325.65632755433546
2025-08-01 05:00:00+00:00,3498.625527305999,312.69914621274,3185.9263810932594,0.0,312.69914621274
2025-08-01 06:00:00+00:00,3471.906976398001,300.21488874250133,3171.6920876554996,0.0,300.21488874250133
2025-08-01 07:00:00+00:00,3476.655229403999,622.3806057675193,2854.2746236364796,333.82379182783404,288.5568139396853
2025-08-01 08:00:00+00:00,3511.952822321999,920.7768711607032,2591.175951161296,642.7314863187914,278.04538484191175
2025-08-01 09:00:00+00:00,3574.8063030119997,1175.5042429960263,2399.3020600159734,906.5487557341617,268.95548726186456
2025-08-01 10:00:00+00:00,3660.3571731299994,1369.7096414982134,2290.647531631786,1108.2041293367693,261.505512161444
2025-08-01 11:00:00+00:00,3762.219699798,1490.5780727697002,2271.6416270283,1234.7293317435428,255.84874102615734
2025-08-01 12:00:00+00:00,3872.9223211560006,1530.0734185704987,2342.848902585502,1278.0060139284662,252.06740464203253
2025-08-01 13:00:00+00:00,3984.422544564002,1485.4006129287864,2499.0219316352154,1235.2309780739322,250.16963485485405
2025-08-01 14:00:00+00:00,4088.6600058360004,1359.1723321362051,2729.4876736997953,1109.0828793952571,250.08945274094788
2025-08-01 15:00:00+00:00,4178.109990851998,1159.2727105847403,3018.837280267258,907.5829284851122,251.68978209962793
2025-08-01 16:00:00+00:00,4246.299555456002,898.4200064384885,3347.8795490175135,643.6516401599616,254.76836627852688
2025-08-01 17:00:00+00:00,4288.250971409998,593.4405989748439,3694.810372435154,334.3742494453047,259.0663495295392
2025-08-01 18:00:00+00:00,4300.8223293,264.27916949758753,4036.5431598024124,0.0,264.27916949758753
2025-08-01 19:00:00+00:00,4282.921933458,270.06930689609817,4012.852626561902,0.0,270.06930689609817
2025-08-01 20:00:00+00:00,4235.5820024700015,276.0803814949745,3959.501620975027,0.0,276.0803814949745
2025-08-01 21:00:00+00:00,4161.886563660004,281.95201257157186,3879.9345510884323,0.0,281.95201257157186
2025-08-01 22:00:00+00:00,4066.758606498,287.33482796618097,3779.423778531819,0.0,287.33482796618097
2025-08-01 23:00:00+00:00,3956.6209771199997,291.905019191398,3664.7159579286017,0.0,291.905019191398
2025-08-02 00:00:00+00:00,3462.4107249059984,295.3778341301487,3167.03289077585,0.0,295.3778341301487
2025-08-02 01:00:00+00:00,3345.2384936040007,297.519466135793,3047.719027468208,0.0,297.519466135793
2025-08-02 02:00:00+00:00,3236.5746495599997,298.15683901066524,2938.4178105493343,0.0,298.15683901066524
2025-08-02 03:00:00+00:00,3143.871347483999,297.1849019349179,2846.6864455490813,0.0,297.1849019349179
2025-08-02 04:00:00+00:00,3073.5047290920006,294.5711223501319,2778.933606741869,0.0,294.5711223501319
2025-08-02 05:00:00+00:00,3030.3339078180015,290.3570000987993,2739.9769077192022,0.0,290.3570000987993
2025-08-02 06:00:00+00:00,3017.3633734859995,284.65653701967045,2732.706836466329,0.0,284.65653701967045
2025-08-02 07:00:00+00:00,3035.5319400840003,627.8241696625673,2407.707770421433,350.17244482089774,277.65172484166965
2025-08-02 08:00:00+00:00,3083.642846088,945.0366826450049,2138.6061634429952,675.4514420011906,269.5852406438144
2025-08-02 09:00:00+00:00,3158.439843216,1213.4203884320045,1945.0194547839956,952.6697487351065,260.7506396968981
2025-08-02 10:00:00+00:00,3254.8242807780002,1413.7259310496927,1841.0983497283075,1162.2454772548485,251.48045379484418
2025-08-02 11:00:00+00:00,3366.1984446720007,1531.8239909620302,1834.3744537099706,1289.69131014917,242.1326808128602
2025-08-02 12:00:00+00:00,3484.911917592001,1559.788353101415,1925.123564490586,1326.7121390291911,233.07621407222373
2025-08-02 13:00:00+00:00,3602.7805792439995,1496.4709382668157,2106.309640977184,1271.7951197685359,224.6758184982799
2025-08-02 14:00:00+00:00,3711.642961614,1347.520337360037,2364.122624253963,1130.243082716414,217.27725464362305
2025-08-02 15:00:00+00:00,3803.9160442919997,1124.8473541543933,2679.0686901376066,913.6541862407893,211.1931679136041
2025-08-02 16:00:00+00:00,3873.112693632001,845.5925338699012,3027.5201597621,638.9022112442158,206.69032262568544
2025-08-02 17:00:00+00:00,3914.2853844360006,530.695845672964,3383.5895387630367,326.71714872083027,203.9786969521337
2025-08-02 18:00:00+00:00,3924.3659841539998,203.20288603823238,3721.1630981157673,0.0,203.20288603823238
2025-08-02 19:00:00+00:00,3902.378400102,204.4361740870623,3697.9422260149377,0.0,204.4361740870623
2025-08-02 20:00:00+00:00,3849.509454798,207.67750164458135,3641.831953153419,0.0,207.67750164458135
2025-08-02 21:00:00+00:00,3769.0330983900003,212.85147225355777,3556.1816261364424,0.0,212.85147225355777
2025-08-02 22:00:00+00:00,3666.093027366,219.81138073253499,3446.2816466334652,0.0,219.81138073253499
2025-08-02 23:00:00+00:00,3547.3583359619997,228.34514848431004,3319.01318747769,0.0,228.34514848431004
2025-08-03 00:00:00+00:00,3422.30181741,238.18392333502504,3184.1178940749746,0.0,238.18392333502504
2025-08-03 01:00:00+00:00,3295.773740574,249.01298533079998,3046.7607552432,0.0,249.01298533079998
2025-08-03 02:00:00+00:00,3177.8003184899994,260.4845193323113,2917.315799157688,0.0,260.4845193323113
2025-08-03 03:00:00+00:00,3076.1196590879995,272.2317280072622,2803.8879310807374,0.0,272.2317280072622
2025-08-03 04:00:00+00:00,2997.387010715999,283.88371002517874,2713.5033006908207,0.0,283.88371002517874
2025-08-03 05:00:00+00:00,2946.7271208479997,295.080487596042,2651.6466332519576,0.0,295.080487596042
2025-08-03 06:00:00+00:00,2927.390298966,305.48758228078356,2621.9027166852165,0.0,305.48758228078356
2025-08-03 07:00:00+00:00,2940.535548552,581.3954815096863,2359.1400670423136,266.58595533722905,314.8095261724572
2025-08-03 08:00:00+00:00,2985.1553818800007,833.1899705866233,2151.9654112933777,510.38820332510863,322.8017672615146
2025-08-03 09:00:00+00:00,3058.1474122500013,1045.8093941036452,2012.338018146356,716.5289167701969,329.28047733344823
2025-08-03 10:00:00+00:00,3154.527696893998,1206.8424705335328,1947.685226360465,872.7126051527492,334.1298653807836
2025-08-03 11:00:00+00:00,3267.7713356399995,1307.1023967977808,1960.6689388422187,969.7957100459212,337.30668675185956
2025-08-03 12:00:00+00:00,3390.2570028180016,1341.0322284552913,2049.2247743627104,1002.1904475065509,338.8417809487403
2025-08-03 13:00:00+00:00,3513.785188158001,1306.9446775748784,2206.8405105831225,968.1061230444491,338.83855453042924
2025-08-03 14:00:00+00:00,3630.1348065779994,1207.0985964342917,2423.0362101437076,869.6301015510998,337.4684948831919
2025-08-03 15:00:00+00:00,3731.6203085279994,1047.6106668959983,2684.009641632001,712.6467879076566,334.9638789883416
2025-08-03 16:00:00+00:00,3811.6114098299977,838.1969604453838,2973.414449384614,506.5889749589878,331.60798548639593
2025-08-03 17:00:00+00:00,3864.9800924279994,591.7372466467768,3273.2428457812225,264.01403293722007,327.72321370955683
2025-08-03 18:00:00+00:00,3888.4445372640007,323.65758876570885,3564.786948498292,0.0,323.65758876570885
2025-08-03 19:00:00+00:00,3880.786641311999,319.7702130829826,3561.0164282290166,0.0,319.7702130829826
2025-08-03 20:00:00+00:00,3842.928517806002,316.4162521789895,3526.5122656270128,0.0,316.4162521789895
2025-08-03 21:00:00+00:00,3777.862812906,313.9320823424324,3463.9307305635675,0.0,313.9320823424324
2025-08-03 22:00:00+00:00,3690.4418061840006,312.62119686310956,3377.820609320891,0.0,312.62119686310956
2025-08-03 23:00:00+00:00,3587.039832263999,312.74145265980974,3274.298379604189,0.0,312.74145265980974
2025-08-04 00:00:00+00:00,3855.1076900699995,314.4941814881755,3540.613508581824,0.0,314.4941814881755
2025-08-04 01:00:00+00:00,3742.675923462,318.0156122813896,3424.6603111806103,0.0,318.0156122813896
2025-08-04 02:00:00+00:00,3637.7756709000005,323.3709521068665,3314.4047187931337,0.0,323.3709521068665
2025-08-04 03:00:00+00:00,3547.903462655999,330.5513763704356,3217.3520862855635,0.0,330.5513763704356
2025-08-04 04:00:00+00:00,3479.5013865780006,339.47403990622996,3140.027346671771,0.0,339.47403990622996
2025-08-04 05:00:00+00:00,3437.5143293400006,349.98512669610295,3087.5292026438974,0.0,349.98512669610295
2025-08-04 06:00:00+00:00,3425.0501964839996,361.8657910927139,3063.1844053912855,0.0,361.8657910927139
2025-08-04 07:00:00+00:00,3443.1663022679986,679.4539212637285,2763.7123810042704,304.6131466006126,374.84077466311584
2025-08-04 08:00:00+00:00,3490.796487864,981.3554055679579,2509.441082296042,592.7660839713329,388.589321596625
2025-08-04 09:00:00+00:00,3564.8240158860003,1246.3413404110229,2318.4826754749774,843.5833780217346,402.75796238928837
2025-08-04 10:00:00+00:00,3660.295184784,1455.6016665445127,2204.6935182394873,1038.6270308362475,416.97463570826505
2025-08-04 11:00:00+00:00,3770.759142738002,1594.2149756925935,2176.5441670454084,1163.3513972767564,430.863578415837
2025-08-04 12:00:00+00:00,3888.710620955997,1652.3232156287852,2236.387405327212,1208.2628551274847,444.06036050130047
2025-08-04 13:00:00+00:00,4006.1053918199987,1625.9075848256145,2380.1978069943843,1169.6811172802202,456.2264675453944
2025-08-04 14:00:00+00:00,4114.9131669240005,1517.09851606245,2597.8146508615505,1050.0356952890663,467.0628207733837
2025-08-04 15:00:00+00:00,4207.670206655999,1333.9959698457367,2873.6742368102623,857.6742800321431,476.32168981359365
2025-08-04 16:00:00+00:00,4277.993747537998,1090.0211629725804,3187.972584565418,606.2046579415716,483.8165050310088
2025-08-04 17:00:00+00:00,4321.023195678002,802.862738900322,3518.1604567776794,313.43356426442796,489.42917463589407
2025-08-04 18:00:00+00:00,4333.757700887999,493.11460122583526,3840.643099662164,0.0,493.11460122583526
2025-08-04 19:00:00+00:00,4315.267077408001,494.9022188443243,3820.3648585636765,0.0,494.9022188443243
2025-08-04 20:00:00+00:00,4266.761478755998,494.8944825379066,3771.866996218091,0.0,494.8944825379066
2025-08-04 21:00:00+00:00,4191.514939919999,493.2623806478524,3698.2525592721468,0.0,493.2623806478524
2025-08-04 22:00:00+00:00,4094.64785184,490.2381480138975,3604.4097038261025,0.0,490.2381480138975
2025-08-04 23:00:00+00:00,3982.78302429,486.1054743417705,3496.6775499482296,0.0,486.1054743417705
2025-08-05 00:00:00+00:00,3865.5657174959993,481.1876247143248,3384.3780927816742,0.0,481.1876247143248
2025-08-05 01:00:00+00:00,3747.2759312940016,475.8339439362104,3271.4419873577913,0.0,475.8339439362104
2025-08-05 02:00:00+00:00,3638.0732684099994,470.4053021638306,3167.667966246169,0.0,470.4053021638306
2025-08-05 03:00:00+00:00,3545.572360638,465.25908289255426,3080.3132777454457,0.0,465.25908289255426
2025-08-05 04:00:00+00:00,3476.2916391,460.73432398439286,3015.557315115607,0.0,460.73432398439286
2025-08-05 05:00:00+00:00,3435.208785372,457.13761650474595,2978.071168867254,0.0,457.13761650474595
2025-08-05 06:00:00+00:00,3425.4201709980007,454.73035208962153,2970.689818908379,0.0,454.73035208962153
2025-08-05 07:00:00+00:00,3447.9275018579997,760.3149547528121,2687.6125471051873,306.59713168920126,453.7178230636108
2025-08-05 08:00:00+00:00,3501.5662556279995,1048.5889310027453,2452.9773246252544,594.3482921367778,454.24063886596747
2025-08-05 09:00:00+00:00,3583.080837294,1300.7048959164085,2282.3759413775915,844.3360940843911,456.3688018320173
2025-08-05 10:00:00+00:00,3687.341498063999,1499.9620486941403,2187.379449369859,1039.8633646046653,460.09868408947506
2025-08-05 11:00:00+00:00,3807.6882427920004,1632.822858522659,2174.865384269341,1167.4698228316292,465.3530356910299
2025-08-05 12:00:00+00:00,3936.378509448002,1689.777675348442,2246.6008340995604,1217.7936587585027,471.98401658993936
2025-08-05 13:00:00+00:00,4065.10815459,1666.0119002973697,2399.0962542926304,1186.2327631735802,479.77913712378944
2025-08-05 14:00:00+00:00,4185.5705065440025,1561.831833259842,2623.7386732841605,1073.3619791028855,488.46985415695644
2025-08-05 15:00:00+00:00,4290.015431309999,1382.8091992541645,2907.206232055835,885.0667186802951,497.7424805738694
2025-08-05 16:00:00+00:00,4371.770534375998,1139.6123427738785,3232.1581916021196,632.3613878575937,507.2509549162848
2025-08-05 17:00:00+00:00,4425.689124401999,847.5052592180201,3578.183865183979,330.8743085388925,516.6309506791276
2025-08-05 18:00:00+00:00,4448.494553327999,525.5147493300059,3922.979803997993,0.0,525.5147493300059
2025-08-05 19:00:00+00:00,4438.997623116,533.5462656298646,3905.4513574861353,0.0,533.5462656298646
2025-08-05 20:00:00+00:00,4398.172364838001,540.3956130929189,3857.776751745082,0.0,540.3956130929189
2025-08-05 21:00:00+00:00,4329.085154856001,545.7726092532187,3783.312545602783,0.0,545.7726092532187
2025-08-05 22:00:00+00:00,4236.682093056002,549.4386721580123,3687.2434208979894,0.0,549.4386721580123
2025-08-05 23:00:00+00:00,4127.449201679997,551.2166171755015,3576.232584504495,0.0,551.2166171755015
2025-08-06 00:00:00+00:00,4011.0552289080024,550.9979570989666,3460.0572718090357,0.0,550.9979570989666
2025-08-06 01:00:00+00:00,3891.4881595379984,548.7474002056584,3342.74075933234,0.0,548.7474002056584
2025-08-06 02:00:00+00:00,3779.0184821759976,544.5043747468438,3234.5141074291537,0.0,544.5043747468438
2025-08-06 03:00:00+00:00,3681.2968050180007,538.3814948465229,3142.915310171478,0.0,538.3814948465229
2025-08-06 04:00:00+00:00,3604.9213554480007,530.5600602245595,3074.361295223441,0.0,530.5600602245595
2025-08-06 05:00:00+00:00,3554.991624072,521.2827450026675,3033.7088790693324,0.0,521.2827450026675
2025-08-06 06:00:00+00:00,3534.7650172380027,510.84379424272294,3023.9212229952795,0.0,510.84379424272294
2025-08-06 07:00:00+00:00,3545.4397769280017,862.1294997315861,2683.310277196416,362.55237819279404,499.5771215387921
2025-08-06 08:00:00+00:00,3586.0788962459997,1188.2402048159584,2397.8386914300413,700.3974106766284,487.84279413933007
2025-08-06 09:00:00+00:00,3653.6800021259996,1466.5239815930443,2187.156020532955,990.5115170630999,476.01246452994445
2025-08-06 10:00:00+00:00,3743.386420283999,1677.5782342786674,2065.8081860053317,1213.1239017344665,464.45433254420084
2025-08-06 11:00:00+00:00,3848.824753578001,1806.5821683393272,2042.2425852386739,1353.0638952558938,453.51827308343337
2025-08-06 12:00:00+00:00,3962.545901538001,1844.3165333876427,2118.2293681503584,1400.7948213532568,443.5217120343859
2025-08-06 13:00:00+00:00,4076.539296815997,1786.4368785209604,2290.102418295037,1351.7000241070007,434.73685441395975
2025-08-06 14:00:00+00:00,4182.785090568,1630.3342103818911,2552.4508801861084,1202.954441420548,427.3797689613432
2025-08-06 15:00:00+00:00,4273.806630534001,1395.4139568695673,2878.3926736644335,973.812173745928,421.60178312363917
2025-08-06 16:00:00+00:00,4343.185308335999,1099.43822940007,3243.7470789359295,681.9546912639203,417.4835381361498
2025-08-06 17:00:00+00:00,4386.002677686001,764.2856458306135,3621.717031855388,349.25369543776526,415.0319503928483
2025-08-06 18:00:00+00:00,4399.1795132040015,414.1801981385129,3984.9993150654886,0.0,414.1801981385129
2025-08-06 19:00:00+00:00,4381.688690946001,414.79073717915065,3966.89795376685,0.0,414.79073717915065
2025-08-06 20:00:00+00:00,4334.6272515,416.661222143284,3917.966029356716,0.0,416.661222143284
2025-08-06 21:00:00+00:00,4261.14272493,419.533085619916,3841.6096393100843,0.0,419.533085619916
2025-08-06 22:00:00+00:00,4166.218689192,423.10242621134086,3743.116262980659,0.0,423.10242621134086
2025-08-06 23:00:00+00:00,4056.3342096479983,427.0327663412049,3629.3014433067933,0.0,427.0327663412049
2025-08-07 00:00:00+00:00,3941.2257495240005,430.96914158854656,3510.2566079354538,0.0,430.96914158854656
2025-08-07 01:00:00+00:00,3824.549429231999,434.55295670281595,3389.996472529183,0.0,434.55295670281595
2025-08-07 02:00:00+00:00,3716.559944412,437.43699761666164,3279.122946795338,0.0,437.43699761666164
2025-08-07 03:00:00+00:00,3624.735856224001,439.29997620473824,3185.4358800192626,0.0,439.29997620473824
2025-08-07 04:00:00+00:00,3555.4701174300008,439.86002667835953,3115.610090751641,0.0,439.86002667835953
2025-08-07 05:00:00+00:00,3513.6286074540003,438.8865813777371,3074.7420260762633,0.0,438.8865813777371
2025-08-07 06:00:00+00:00,3502.212371616001,436.21015796849827,3066.0022136475027,0.0,436.21015796849827
2025-08-07 07:00:00+00:00,3522.1466282940014,723.5972095416546,2798.549418752347,291.8675670003399,431.7296425413148
2025-08-07 08:00:00+00:00,3572.211174672,984.6351829132841,2587.575991758716,559.2184033750744,425.41677953820965
2025-08-07 09:00:00+00:00,3649.117031196,1202.6823423362184,2446.4346888597815,785.3646682733934,417.3176740628251
2025-08-07 10:00:00+00:00,3747.7242682739998,1364.0099419761339,2383.714326297866,956.4586812396901,407.5512607364438
2025-08-07 11:00:00+00:00,3861.386354868001,1458.5180271101246,2402.8683277578766,1062.2132503047383,396.3047768053863
2025-08-07 12:00:00+00:00,3982.397647074001,1480.2529945323336,2502.1446525416673,1096.4265435853367,383.8264509469968
2025-08-07 13:00:00+00:00,4102.513733052,1427.7145649994927,2674.7991680525074,1057.298877760078,370.4156872394146
2025-08-07 14:00:00+00:00,4213.509200879999,1303.9425018183977,2909.566699061602,947.5313508940093,356.4111509243884
2025-08-07 15:00:00+00:00,4307.734994934001,1116.3753952695492,3191.359599664452,774.1981461760307,342.1772490935184
2025-08-07 16:00:00+00:00,4378.637416104001,876.4770117336594,3502.160404370342,548.3874598132015,328.0895519204579
2025-08-07 17:00:00+00:00,4421.20348089,599.1317537126947,3822.071727177305,284.61200337693236,314.51975033576235
2025-08-07 18:00:00+00:00,4432.3022709000015,301.82077265681176,4130.48149824319,0.0,301.82077265681176
2025-08-07 19:00:00+00:00,4410.899119914001,290.31266272342975,4120.586457190571,0.0,290.31266272342975
2025-08-07 20:00:00+00:00,4358.127923016,280.269796952742,4077.8581260632577,0.0,280.269796952742
2025-08-07 21:00:00+00:00,4277.216676768001,271.9099696706321,4005.306707097369,0.0,271.9099696706321
2025-08-07 22:00:00+00:00,4173.271247501999,265.38577922545795,3907.885468276541,0.0,265.38577922545795
2025-08-07 23:00:00+00:00,4052.931968694,260.77868824361764,3792.153280450382,0.0,260.77868824361764
2025-08-08 00:00:00+00:00,3926.250149052001,258.09597834608854,3668.1541707059123,0.0,258.09597834608854
2025-08-08 01:00:00+00:00,3796.872763235999,257.27073905853865,3539.6020241774604,0.0,257.27073905853865
2025-08-08 02:00:00+00:00,3675.425614014002,258.16488278242446,3417.2607312315777,0.0,258.16488278242446
2025-08-08 03:00:00+00:00,3569.6597558999993,260.57506457762577,3309.0846913223736,0.0,260.57506457762577
2025-08-08 04:00:00+00:00,3486.253937922002,264.241267215018,3222.012670706984,0.0,264.241267215018
2025-08-08 05:00:00+00:00,3430.366533888,268.8576914472613,3161.5088424407386,0.0,268.8576914472613
2025-08-08 06:00:00+00:00,3405.290939274001,274.08551381686044,3131.205425457141,0.0,274.08551381686044
2025-08-08 07:00:00+00:00,3412.237812396001,576.5138043434097,2835.7240080525917,296.94682022061886,279.5669841227908
2025-08-08 08:00:00+00:00,3450.2588244599997,857.936339437732,2592.3224850222678,572.9960557842371,284.94028365349493
2025-08-08 09:00:00+00:00,3516.316983437999,1098.4994613336003,2417.817522104399,808.6449167406709,289.8545445929293
2025-08-08 10:00:00+00:00,3605.4985940819993,1281.3800691338552,2324.118524948144,987.3956677005507,293.9844014333044
2025-08-08 11:00:00+00:00,3711.3523549200017,1394.0306562083342,2317.3216987116675,1096.9871636633145,297.04349254501983
2025-08-08 12:00:00+00:00,3826.3323206220016,1429.0758819713267,2397.2564386506747,1130.279534173209,298.7963477981178
2025-08-08 13:00:00+00:00,3942.314497001999,1384.7899123810953,2557.5245846209036,1085.7217314470138,299.0681809340816
2025-08-08 14:00:00+00:00,4051.151877024,1265.1234859607443,2786.0283910632556,967.3713022053904,297.75218375535394
2025-08-08 15:00:00+00:00,4145.229939186002,1079.2914249378314,3065.938514248171,784.477398535625,294.8140264022065
2025-08-08 16:00:00+00:00,4217.984905386,840.9705490720366,3377.014356313963,550.6771775798145,290.2933714922222
2025-08-08 17:00:00+00:00,4264.349316360001,567.1903320521369,3697.1589843078636,282.88798242188676,284.3023496302501
2025-08-08 18:00:00+00:00,4281.094721652001,277.0210524776024,4004.073669174398,0.0,277.0210524776024
2025-08-08 19:00:00+00:00,4267.048136148001,268.6902274726476,3998.357908675353,0.0,268.6902274726476
2025-08-08 20:00:00+00:00,4223.167624032,259.6014788050788,3963.5661452269214,0.0,259.6014788050788
2025-08-08 21:00:00+00:00,4152.4719621839995,250.08536574726696,3902.3865964367324,0.0,250.08536574726696
2025-08-08 22:00:00+00:00,4059.829316466002,240.4978988663492,3819.331417599653,0.0,240.4978988663492
2025-08-08 23:00:00+00:00,3951.6194215679993,231.2059753036214,3720.413446264378,0.0,231.2059753036214
2025-08-09 00:00:00+00:00,3459.585065076001,222.57235197523238,3237.0127131007685,0.0,222.57235197523238
2025-08-09 01:00:00+00:00,3343.147764515999,214.94077846727646,3128.2069860487227,0.0,214.94077846727646
2025-08-09 02:00:00+00:00,3234.610951404001,208.62189143658236,3025.9890599674186,0.0,208.62189143658236
2025-08-09 03:00:00+00:00,3141.4376781480014,203.88044940939386,2937.5572287386076,0.0,203.88044940939386
2025-08-09 04:00:00+00:00,3070.028685821999,200.92443216001823,2869.1042536619807,0.0,200.92443216001823
2025-08-09 05:00:00+00:00,3025.280824692,199.89644900432023,2825.3843756876795,0.0,199.89644900432023
2025-08-09 06:00:00+00:00,3010.2485723100003,200.86781384180622,2809.380758468194,0.0,200.86781384180622
2025-08-09 07:00:00+00:00,3025.9318359480008,473.0489456406646,2552.8828903073363,269.2134280246793,203.83551761598534
2025-08-09 08:00:00+00:00,3071.204636094,732.1771606187988,2339.027475475201,523.454924171844,208.72223644695472
2025-08-09 09:00:00+00:00,3142.8895365839994,961.6173215658619,2181.2722150181376,746.2379557408902,215.37936582497156
2025-08-09 10:00:00+00:00,3235.9728879239988,1146.258884579759,2089.7140033442397,922.6659249641978,223.59295961556126
2025-08-09 11:00:00+00:00,3343.946210724,1273.417989767952,2070.5282209560482,1040.3256591300174,233.0923306379346
2025-08-09 12:00:00+00:00,3459.250468842,1333.6653882977016,2125.5850805442983,1090.1044244428217,243.56096385487993
2025-08-09 13:00:00+00:00,3573.792935873999,1321.5326125210076,2252.2603233529912,1066.8833205963622,254.64929192464547
2025-08-09 14:00:00+00:00,3679.5014166959995,1236.042451359424,2443.4589653365756,970.0536416873628,265.98880967206117
2025-08-09 15:00:00+00:00,3768.8780023860004,1081.0076901023212,2687.870312283679,803.8007341223565,277.2069559799648
2025-08-09 16:00:00+00:00,3835.514477466,865.046464622156,2970.468012843844,577.104317379715,287.942147242441
2025-08-09 17:00:00+00:00,3874.5342387359997,601.2749509911755,3273.259287744824,303.4165978158583,297.8583531753172
2025-08-09 18:00:00+00:00,3882.9304463040007,306.65861317261636,3576.2718331313845,0.0,306.65861317261636
2025-08-09 19:00:00+00:00,3859.777211555999,314.096942411159,3545.68026914484,0.0,314.096942411159
2025-08-09 20:00:00+00:00,3806.2993356359993,319.98814862011676,3486.3111870158828,0.0,319.98814862011676
2025-08-09 21:00:00+00:00,3725.7956607480014,324.2151380997457,3401.5805226482557,0.0,324.2151380997457
2025-08-09 22:00:00+00:00,3623.421090743999,326.7334389173589,3296.68765182664,0.0,326.7334389173589
2025-08-09 23:00:00+00:00,3505.842026189999,327.5727305726535,3178.2692956173455,0.0,327.5727305726535
2025-08-10 00:00:00+00:00,3383.3465048459993,326.8353387301392,3056.5111661158603,0.0,326.8353387301392
2025-08-10 01:00:00+00:00,3259.091274642,324.6917445535056,2934.3995300884944,0.0,324.6917445535056
2025-08-10 02:00:00+00:00,3143.8916624219996,321.3732993880151,2822.5183630339843,0.0,321.3732993880151
2025-08-10 03:00:00+00:00,3045.4314106439997,317.162436085334,2728.268974558666,0.0,317.162436085334
2025-08-10 04:00:00+00:00,2970.301013526,312.3807924719675,2657.9202210540325,0.0,312.3807924719675
2025-08-10 05:00:00+00:00,2923.55159439,307.37571717258413,2616.1758772174157,0.0,307.37571717258413
2025-08-10 06:00:00+00:00,2908.35272049,302.5057196759274,2605.8470008140725,0.0,302.5057196759274
2025-08-10 07:00:00+00:00,2925.7774396619984,653.3962910862181,2272.3811485757806,355.2708268495825,298.1254642366356
2025-08-10 08:00:00+00:00,2974.729135518,983.1338027861577,1991.5953327318423,688.5628896652609,294.5709131208968
2025-08-10 09:00:00+00:00,3052.0152109859982,1267.8103018855081,1784.20490910049,975.6650660917516,292.1452357937567
2025-08-10 10:00:00+00:00,3152.5625819099987,1486.8311174385196,1665.731464471479,1195.7250633701578,291.1060540683618
2025-08-10 11:00:00+00:00,3269.760358536001,1624.529319211019,1645.2310393249822,1332.874758503937,291.6545607070819
2025-08-10 12:00:00+00:00,3395.9064432720006,1671.3693747697482,1724.5370685022524,1377.442440400811,293.9269343689372
2025-08-10 13:00:00+00:00,3522.7276465500026,1624.6406384697443,1898.0870080802583,1326.652211988847,297.9884264808973
2025-08-10 14:00:00+00:00,3641.938057044,1488.5899962972107,2153.348060746789,1184.7596470731241,303.8303492240867
2025-08-10 15:00:00+00:00,3745.797691860001,1273.995315163944,2471.802376696057,962.6252278009447,311.3700873629993
2025-08-10 16:00:00+00:00,3827.633503218,997.2317528709864,2830.4017503470136,676.7776071240492,320.4541457469373
2025-08-10 17:00:00+00:00,3882.2874184920015,678.9259863216114,3203.36143217039,348.061889134581,330.8640971870303
2025-08-10 18:00:00+00:00,3906.4609518060006,342.32518968858597,3564.1357621174147,0.0,342.32518968858597
2025-08-10 19:00:00+00:00,3898.9331919300007,354.5172670342408,3544.41592489576,0.0,354.5172670342408
2025-08-10 20:00:00+00:00,3860.6373152340007,367.08755025045036,3493.54976498355,0.0,367.08755025045036
2025-08-10 21:00:00+00:00,3794.590698738001,379.6647594718703,3414.9259392661306,0.0,379.6647594718703
2025-08-10 22:00:00+00:00,3705.6834436859995,391.87400026873746,3313.809443417262,0.0,391.87400026873746
2025-08-10 23:00:00+00:00,3600.33991485,403.3518000574133,3196.9881147925867,0.0,403.3518000574133
2025-08-11 00:00:00+00:00,3866.899228374001,413.76068908616054,3453.13853928784,0.0,413.76068908616054
2025-08-11 01:00:00+00:00,3751.808219838001,422.8027175309226,3329.0055023070786,0.0,422.8027175309226
2025-08-11 02:00:00+00:00,3644.003953464,430.23136677520614,3213.772586688794,0.0,430.23136677520614
2025-08-11 03:00:00+00:00,3551.0678504279967,435.86135952570237,3115.2064909022943,0.0,435.86135952570237
2025-08-11 04:00:00+00:00,3479.531042400001,439.57597618158223,3039.955066218419,0.0,439.57597618158223
2025-08-11 05:00:00+00:00,3434.429568149999,441.33157063721046,2993.0979975127884,0.0,441.33157063721046
2025-08-11 06:00:00+00:00,3418.962464105998,441.15909920814664,2977.8033648978517,0.0,441.15909920814664
2025-08-11 07:00:00+00:00,3434.276011992,755.0838907641701,2679.19212122783,315.92127613992267,439.1626146242474
2025-08-11 08:00:00+00:00,3479.3887996560006,1044.4261702074714,2434.9626294485292,608.9113963220889,435.5147738853824
2025-08-11 09:00:00+00:00,3551.2626176160006,1290.3761985957644,2260.886419020236,859.9266560025005,430.449542593264
2025-08-11 10:00:00+00:00,3645.0142578780014,1476.8886916361585,2168.125566241843,1052.6362809239242,424.2524107122341
2025-08-11 11:00:00+00:00,3754.2536649659996,1591.660043026207,2162.5936219397927,1174.4115402963746,417.24850272983235
2025-08-11 12:00:00+00:00,3871.525265118,1626.9065931515797,2244.61867196642,1217.1175118894364,409.7890812621432
2025-08-11 13:00:00+00:00,3988.822253639999,1579.8998136470539,2408.9224399929453,1177.66282318128,402.236990465774
2025-08-11 14:00:00+00:00,4098.138627576001,1453.2198047383572,2644.9188228376443,1058.2681651492455,394.9516395891117
2025-08-11 15:00:00+00:00,4192.021214136001,1254.6971873965292,2937.3240267394713,866.4230463538319,388.2741410426973
2025-08-11 16:00:00+00:00,4264.083890178,997.0262640084015,3267.0576261695983,614.5130584690614,382.51320553934005
2025-08-11 17:00:00+00:00,4309.448805354002,697.0499910595125,3612.398814294489,319.11760529480284,377.9323857647097
2025-08-11 18:00:00+00:00,4325.0844058799985,374.73917353800687,3950.3452323419915,0.0,374.73917353800687
2025-08-11 19:00:00+00:00,4310.017050947998,373.0764140200646,3936.940636927933,0.0,373.0764140200646
2025-08-11 20:00:00+00:00,4265.401726866001,373.01637336217294,3892.385353503828,0.0,373.01637336217294
2025-08-11 21:00:00+00:00,4194.446853365999,374.5577163417221,3819.8891370242773,0.0,374.5577163417221
2025-08-11 22:00:00+00:00,4102.198310658001,377.6255078408537,3724.5728028171475,0.0,377.6255078408537
2025-08-11 23:00:00+00:00,3995.197266984,382.0742440827298,3613.1230229012704,0.0,382.0742440827298
2025-08-12 00:00:00+00:00,3883.824481740001,387.6937842433816,3496.130697496619,0.0,387.6937842433816
2025-08-12 01:00:00+00:00,3770.625053118,394.21794807282265,3376.407105045177,0.0,394.21794807282265
2025-08-12 02:00:00+00:00,3666.489781625999,401.3354172557269,3265.154364370272,0.0,401.3354172557269
2025-08-12 03:00:00+00:00,3578.9431353479995,408.70250283072545,3170.240632517274,0.0,408.70250283072545
2025-08-12 04:00:00+00:00,3514.416512292001,415.9572500502917,3098.459262241709,0.0,415.9572500502917
2025-08-12 05:00:00+00:00,3477.8057446440002,422.73430918227837,3055.071435461722,0.0,422.73430918227837
2025-08-12 06:00:00+00:00,3472.1324471819994,428.67995417663866,3043.452493005361,0.0,428.67995417663866
2025-08-12 07:00:00+00:00,3498.3323881380006,749.3226994357249,2749.0096887022755,315.8560535283439,433.4666459073809
2025-08-12 08:00:00+00:00,3555.185474988001,1042.3110521353428,2512.874422852658,605.5045198714911,436.8065322638517
2025-08-12 09:00:00+00:00,3639.3922122600006,1287.2620022692568,2352.130209990744,848.7986613217857,438.46334094747107
2025-08-12 10:00:00+00:00,3745.791630042001,1467.6034214871167,2278.188208554884,1029.3412474256083,438.26217406150846
2025-08-12 11:00:00+00:00,3867.7059083040003,1571.7491356735072,2295.956772630493,1135.6523341122318,436.09680156127536
2025-08-12 12:00:00+00:00,3997.3884635999993,1593.8473128777432,2403.541150722256,1161.9131543040521,431.934158573691
2025-08-12 13:00:00+00:00,4126.545040590001,1534.0521984368725,2592.4928421531285,1108.2363359428039,425.8158624940685
2025-08-12 14:00:00+00:00,4246.892485247999,1398.314927171804,2848.5775580761947,980.4582475476452,417.8566796241586
2025-08-12 15:00:00+00:00,4350.717267792002,1197.7333442587653,3152.9839235332365,789.4933282353963,408.2400160233689
2025-08-12 16:00:00+00:00,4431.3958106459995,947.5386171799703,3483.8571934660295,550.3280101258945,397.21060705407575
2025-08-12 17:00:00+00:00,4483.841285574001,665.8242499892808,3818.01703558472,280.7595405053,385.0647094839809
2025-08-12 18:00:00+00:00,4504.846553928001,372.1381931635327,4132.708360764469,0.0,372.1381931635327
2025-08-12 19:00:00+00:00,4493.299902041999,358.79302836610213,4134.506873675897,0.0,358.79302836610213
2025-08-12 20:00:00+00:00,4450.2590089860005,345.40270480220585,4104.856304183794,0.0,345.40270480220585
2025-08-12 21:00:00+00:00,4378.878081732002,332.33720260222253,4046.5408791297796,0.0,332.33720260222253
2025-08-12 22:00:00+00:00,4284.193146324,319.94810598901137,3964.2450403349885,0.0,319.94810598901137
2025-08-12 23:00:00+00:00,4172.780138435999,308.5544828921827,3864.225655543816,0.0,308.5544828921827
2025-08-13 00:00:00+00:00,4055.21290482,298.4301093962158,3756.782795423784,0.0,298.4301093962158
2025-08-13 01:00:00+00:00,3933.9282963119995,289.79254989663343,3644.135746415366,0.0,289.79254989663343
2025-08-13 02:00:00+00:00,3820.0914817380003,282.79454986765137,3537.296931870349,0.0,282.79454986765137
2025-08-13 03:00:00+00:00,3721.422379332001,277.5180894638112,3443.90428986819,0.0,277.5180894638112
2025-08-13 04:00:00+00:00,3644.5788505140004,273.97134341180055,3370.6075071021996,0.0,273.97134341180055
2025-08-13 05:00:00+00:00,3594.708931338,272.0886632666313,3322.620268071369,0.0,272.0886632666313
2025-08-13 06:00:00+00:00,3575.1063099780004,271.7335931220635,3303.3727168559367,0.0,271.7335931220635
2025-08-13 07:00:00+00:00,3586.992402462,521.6498817037648,3065.342520758235,248.94509452850258,272.70478717526214
2025-08-13 08:00:00+00:00,3629.43967428,757.5729517365171,2871.866722543483,482.8283628717546,274.74458886476253
2025-08-13 09:00:00+00:00,3699.441310992,964.3410075813454,2735.1003034106548,686.7910886580643,277.5499189232811
2025-08-13 10:00:00+00:00,3792.1223383260008,1128.2835374305575,2663.8388008954435,847.498510898715,280.78502653184256
2025-08-13 11:00:00+00:00,3901.077616253999,1238.0097041497752,2663.067912104224,953.914122538651,284.09558161112426
2025-08-13 12:00:00+00:00,4018.813596629999,1285.1373929367376,2733.6762036932614,998.0138621002629,287.1235308364746
2025-08-13 13:00:00+00:00,4137.2635480260005,1264.9198281676631,2872.3437198583374,975.3977244315691,289.52210373609387
2025-08-13 14:00:00+00:00,4248.341068860001,1176.7187283338098,3071.622340526191,885.7483649693615,290.9703633644482
2025-08-13 15:00:00+00:00,4344.494079869999,1024.2696494531115,3320.2244304168876,733.0829548887737,291.18669456433787
2025-08-13 16:00:00+00:00,4419.221431841998,815.689097295235,3603.532334546763,525.7484101428396,289.9406871523954
2025-08-13 17:00:00+00:00,4467.516915749997,563.1849672438133,3904.3319485061834,276.12205004281765,287.0629172009956
2025-08-13 18:00:00+00:00,4486.210383186001,282.45223235586246,4203.758150830139,0.0,282.45223235586246
2025-08-13 19:00:00+00:00,4474.182713951998,276.0802410230499,4198.102472928948,0.0,276.0802410230499
2025-08-13 20:00:00+00:00,4432.440025608,267.9928191151652,4164.447206492835,0.0,267.9928191151652
2025-08-13 21:00:00+00:00,4364.042093964001,258.30856929615334,4105.733524667848,0.0,258.30856929615334
2025-08-13 22:00:00+00:00,4273.889973108,247.21430739656097,4026.6756657114393,0.0,247.21430739656097
2025-08-13 23:00:00+00:00,4168.387305642001,234.95774308693692,3933.429562555064,0.0,234.95774308693692
2025-08-14 00:00:00+00:00,4058.0160523560003,221.83766754423388,3836.1783848117666,0.0,221.83766754423388
2025-08-14 01:00:00+00:00,3944.752119882,208.19204143259938,3736.5600784494004,0.0,208.19204143259938
2025-08-14 02:00:00+00:00,3839.617819212,194.38447485029292,3645.233344361707,0.0,194.38447485029292
2025-08-14 03:00:00+00:00,3750.059989829999,180.78965077986476,3569.270339050134,0.0,180.78965077986476
2025-08-14 04:00:00+00:00,3682.4533184460024,167.77828572030893,3514.6750327256937,0.0,167.77828572030893
2025-08-14 05:00:00+00:00,3641.659264320002,155.70224705631162,3485.9570172636904,0.0,155.70224705631162
2025-08-14 06:00:00+00:00,3630.6883875779995,144.88043193319592,3485.8079556448038,0.0,144.88043193319592
2025-08-14 07:00:00+00:00,3650.4891145800007,455.06809064407025,3195.4210239359304,319.48210337498637,135.5859872690839
2025-08-14 08:00:00+00:00,3699.877575240001,747.2033288600189,2952.674246379982,619.1679330343403,128.03539582567865
2025-08-14 09:00:00+00:00,3775.61337363,999.8842450904947,2775.729128539505,877.5043731572772,122.37987193321749
2025-08-14 10:00:00+00:00,3872.616256614002,1194.6293880500748,2677.986868563927,1075.9299759152739,118.69941213480092
2025-08-14 11:00:00+00:00,3984.309058338,1317.27658516786,2667.03247317014,1200.2768234357136,116.99976173214645
2025-08-14 12:00:00+00:00,4103.063530188,1359.021875208977,2744.0416549790234,1241.8094715132772,117.21240369569969
2025-08-14 13:00:00+00:00,4220.718857417999,1317.0201845827514,2903.6986728352476,1197.8226102076928,119.19757437505864
2025-08-14 14:00:00+00:00,4329.137441748,1194.5110066749078,3134.6264350730926,1071.7608160000407,122.7501906748671
2025-08-14 15:00:00+00:00,4420.760208858,1000.4755666378232,3420.2846422201765,872.8671330090875,127.60843362873574
2025-08-14 16:00:00+00:00,4489.123453668001,748.8718938965992,3740.251559771402,615.4072485726352,133.4646453239639
2025-08-14 17:00:00+00:00,4529.302082676,457.5270944811459,4071.7749881948544,317.54900703221995,139.97808744892595
2025-08-14 18:00:00+00:00,4538.24889336,146.78904245632643,4391.459850903673,0.0,146.78904245632643
2025-08-14 19:00:00+00:00,4515.006784470001,153.53367845013017,4361.47310601987,0.0,153.53367845013017
2025-08-14 20:00:00+00:00,4460.779228373998,159.85906637363107,4300.920162000367,0.0,159.85906637363107
2025-08-14 21:00:00+00:00,4378.854165335999,165.43774177275534,4213.416423563243,0.0,165.43774177275534
2025-08-14 22:00:00+00:00,4274.386346496,169.98120414801855,4104.405142347982,0.0,169.98120414801855
2025-08-14 23:00:00+00:00,4154.0528113559985,173.25181049058654,3980.801000865412,0.0,173.25181049058654
2025-08-15 00:00:00+00:00,4028.7349516679997,175.07257356868146,3853.662378099318,0.0,175.07257356868146
2025-08-15 01:00:00+00:00,3900.4767242279995,175.33445611709985,3725.1422681108997,0.0,175.33445611709985
2025-08-15 02:00:00+00:00,3780.706501235999,174.00087850734147,3606.7056227286575,0.0,174.00087850734147
2025-08-15 03:00:00+00:00,3677.157601404001,171.1092328870917,3506.0483685169092,0.0,171.1092328870917
2025-08-15 04:00:00+00:00,3596.4776459640007,166.7693690407391,3429.7082769232616,0.0,166.7693690407391
2025-08-15 05:00:00+00:00,3543.7811931060005,161.15908228329104,3382.6221108227096,0.0,161.15908228329104
2025-08-15 06:00:00+00:00,3522.3061783980006,154.5168214888336,3367.789356909167,0.0,154.5168214888336
2025-08-15 07:00:00+00:00,3533.197415832,462.98279045673894,3070.2146253752608,315.85090334924325,147.1318871074957
2025-08-15 08:00:00+00:00,3575.4319174139996,752.9516525518305,2822.480264862169,613.6191141831164,139.33253836871415
2025-08-15 09:00:00+00:00,3645.890930808,1004.7669592229562,2641.123971585044,873.294470468961,131.4724887539952
2025-08-15 10:00:00+00:00,3739.5738549119997,1200.912482106405,2538.6613728055945,1076.996133436838,123.91634866956697
2025-08-15 11:00:00+00:00,3849.9393178680007,1327.1956745116936,2522.743643356307,1210.1710714286648,117.02460308302884
2025-08-15 12:00:00+00:00,3969.350273153999,1373.7790760711505,2595.5711970828484,1262.6403301740547,111.13874589709586
2025-08-15 13:00:00+00:00,4089.5927410380013,1335.9833483458272,2753.609392692174,1229.416169559484,106.56717878634325
2025-08-15 14:00:00+00:00,4202.432918922002,1214.7900318392185,2987.642887082783,1111.21758066805,103.57245117116851
2025-08-15 15:00:00+00:00,4300.174754064001,1016.9838084643904,3283.19094559961,914.623446649973,102.36036181441749
2025-08-15 16:00:00+00:00,4376.180063682,754.8937056421888,3621.286358039811,651.822333352029,103.07137229015989
2025-08-15 17:00:00+00:00,4425.315896274,445.71983865467087,3979.5960576193293,339.9451544109197,105.77468424375112
2025-08-15 18:00:00+00:00,4444.298735982001,110.4652162881491,4333.8335196938515,0.0,110.4652162881491
2025-08-15 19:00:00+00:00,4431.912265662,117.06361657245482,4314.848649089546,0.0,117.06361657245482
2025-08-15 20:00:00+00:00,4389.083956193999,125.41929919346217,4263.664657000537,0.0,125.41929919346217
2025-08-15 21:00:00+00:00,4318.815455262,135.31638467941806,4183.499070582582,0.0,135.31638467941806
2025-08-15 22:00:00+00:00,4225.971662387999,146.4823087010247,4079.489353686974,0.0,146.4823087010247
2025-08-15 23:00:00+00:00,4116.943019070001,158.59873526133163,3958.34428380867,0.0,158.59873526133163
2025-08-16 00:00:00+00:00,3624.29741583,171.31433372626992,3452.98308210373,0.0,171.31433372626992
2025-08-16 01:00:00+00:00,3505.892497506,184.25889994970748,3321.6335975562924,0.0,184.25889994970748
2025-08-16 02:00:00+00:00,3394.8822123720006,197.05823890420066,3197.8239734678,0.0,197.05823890420066
2025-08-16 03:00:00+00:00,3298.7905364400003,209.34920257018948,3089.441333869811,0.0,209.34920257018948
2025-08-16 04:00:00+00:00,3224.0888146320026,220.7942635285149,3003.2945511034877,0.0,220.7942635285149
2025-08-16 05:00:00+00:00,3175.7525523780005,231.09504092810946,2944.657511449891,0.0,231.09504092810946
2025-08-16 06:00:00+00:00,3156.921092681999,240.00420511194662,2916.9168875700525,0.0,240.00420511194662
2025-08-16 07:00:00+00:00,3168.6834332999997,589.1733075126838,2579.5101257873157,341.83801460474047,247.3352929079433
2025-08-16 08:00:00+00:00,3210.004835898,907.7626362110657,2302.2421996869343,654.7926122128105,252.97002399825516
2025-08-16 09:00:00+00:00,3277.7991436679995,1173.9349674068585,2103.864176261141,917.07214846689,256.8628189399685
2025-08-16 10:00:00+00:00,3367.1418781979996,1370.1031564721052,1997.0387217258944,1111.0608224663968,259.0423340057085
2025-08-16 11:00:00+00:00,3471.6095612939994,1484.168330675689,1987.4412306183103,1224.5583725416438,259.60995813404514
2025-08-16 12:00:00+00:00,3583.7219859,1510.2814442316394,2073.4405416683608,1251.546124925082,258.73531930655747
2025-08-16 13:00:00+00:00,3695.4572754960004,1449.0824528129838,2246.3748226830166,1192.4334484074761,256.6490044055076
2025-08-16 14:00:00+00:00,3798.804455501999,1307.421015783901,2491.383439718098,1053.7882422879259,253.63277349597524
2025-08-16 15:00:00+00:00,3886.315761677999,1097.609366470745,2788.706395207254,847.6016883517332,250.0076781190119
2025-08-16 16:00:00+00:00,3951.6209147520008,836.296607049661,3115.32430770234,590.176034020089,246.12057302957206
2025-08-16 17:00:00+00:00,3989.8681738859996,543.0808489862286,3446.787324899771,300.75128420245517,242.32956478377338
2025-08-16 18:00:00+00:00,3998.061876858005,238.98900711936795,3759.0728697386367,0.0,238.98900711936795
2025-08-16 19:00:00+00:00,3975.273428658,236.43464272274608,3738.838785935254,0.0,236.43464272274608
2025-08-16 20:00:00+00:00,3922.7111035979988,234.96951463422113,3687.7415889637778,0.0,234.96951463422113
2025-08-16 21:00:00+00:00,3843.643786878,234.85121139727335,3608.7925754807266,0.0,234.85121139727335
2025-08-16 22:00:00+00:00,3743.183750249999,236.28098122371642,3506.9027690262824,0.0,236.28098122371642
2025-08-16 23:00:00+00:00,3627.9430627439983,239.39515507370993,3388.5479076702886,0.0,239.39515507370993
2025-08-17 00:00:00+00:00,3508.9397466900014,244.25922317649528,3264.680523513506,0.0,244.25922317649528
2025-08-17 01:00:00+00:00,3387.667605420002,250.86482967053465,3136.8027757494674,0.0,250.86482967053465
2025-08-17 02:00:00+00:00,3275.6559834600016,259.12977925744406,3016.5262042025574,0.0,259.12977925744406
2025-08-17 03:00:00+00:00,3180.5027609459994,268.9010884000617,2911.6016725459376,0.0,268.9010884000617
2025-08-17 04:00:00+00:00,3108.709392515999,279.96092358823034,2828.7484689277685,0.0,279.96092358823034
2025-08-17 05:00:00+00:00,3065.2369098960003,292.03521744305857,2773.2016924529416,0.0,292.03521744305857
2025-08-17 06:00:00+00:00,3053.1658534859994,304.804581167487,2748.3612723185124,0.0,304.804581167487
2025-08-17 07:00:00+00:00,3073.483425767998,577.2211594918781,2496.26226627612,259.30407273977386,317.91708675210424
2025-08-17 08:00:00+00:00,3125.0123784179987,831.9363765138986,2293.0760019041,500.9339913710008,331.0023851428978
2025-08-17 09:00:00+00:00,3204.4865920199995,1053.160424980579,2151.3261670394204,709.4738324119427,343.6865925686363
2025-08-17 10:00:00+00:00,3306.768325854,1227.0098013455906,2079.758524508409,871.4024751335048,355.60732621208575
2025-08-17 11:00:00+00:00,3425.1924519540003,1342.3305166967548,2082.8619352572455,975.9022396335529,366.428277063202
2025-08-17 12:00:00+00:00,3552.0142915320007,1391.4170601830951,2160.5972313489056,1015.564329471556,375.8527307115392
2025-08-17 13:00:00+00:00,3678.9307998240015,1370.5802561411206,2308.350543682881,986.9447812116174,383.63547492950323
2025-08-17 14:00:00+00:00,3797.63964048,1280.5146999499495,2517.1249405300505,890.9220945979325,389.5926053520171
2025-08-17 15:00:00+00:00,3900.398226018,1126.4193378910784,2773.9788881269214,732.8104975239141,393.60884036716425
2025-08-17 16:00:00+00:00,3980.5448305560003,917.834410353609,3062.710420202391,522.1923793493131,395.6420310042959
2025-08-17 17:00:00+00:00,4032.9463498800005,668.1747483395731,3364.7716015404276,272.45005478291233,395.7246935566607
2025-08-17 18:00:00+00:00,4054.3423955159997,393.96249470259687,3660.379900813403,0.0,393.96249470259687
2025-08-17 19:00:00+00:00,4043.562349386001,390.52975640394396,3653.0325929820574,0.0,390.52975640394396
2025-08-17 20:00:00+00:00,4001.6007738420003,385.6621609771985,3615.938612864802,0.0,385.6621609771985
2025-08-17 21:00:00+00:00,3931.5460612260003,379.6469594610416,3551.8991017649587,0.0,379.6469594610416
2025-08-17 22:00:00+00:00,3838.3673412419985,372.8110810375817,3465.556260204417,0.0,372.8110810375817
2025-08-17 23:00:00+00:00,3728.574162264,365.5076299837676,3363.0665322802324,0.0,365.5076299837676
2025-08-18 00:00:00+00:00,3991.383450221999,358.10132982269306,3633.2821203993058,0.0,358.10132982269306
2025-08-18 01:00:00+00:00,3871.756653491999,350.95350022092015,3520.803153271079,0.0,350.95350022092015
2025-08-18 02:00:00+00:00,3759.510754355998,344.40718988357185,3415.103564472426,0.0,344.40718988357185
2025-08-18 03:00:00+00:00,3662.316476574,338.7730724337729,3323.543404140227,0.0,338.7730724337729
2025-08-18 04:00:00+00:00,3586.790059062001,334.31668268998203,3252.473376372019,0.0,334.31668268998203
2025-08-18 05:00:00+00:00,3538.04644179,331.24751160868533,3206.7989301813145,0.0,331.24751160868533
2025-08-18 06:00:00+00:00,3519.355519554001,329.7104138385638,3189.6451057154372,0.0,329.7104138385638
2025-08-18 07:00:00+00:00,3531.9247606860004,616.8368221626303,2915.08793852337,287.0571438360079,329.77967832662233
2025-08-18 08:00:00+00:00,3574.822829844001,884.7737147153075,2690.0491151286933,553.3177220693417,331.45599264596575
2025-08-18 09:00:00+00:00,3645.049334975998,1114.8830837514383,2530.16625122456,780.2166355803581,334.66644817108016
2025-08-18 10:00:00+00:00,3737.745756528,1291.4564986505093,2446.289257877491,952.1889369476447,339.26756170286444
2025-08-18 11:00:00+00:00,3846.5330173200014,1402.8072186541208,2443.7257986658806,1057.7560086163378,345.05121003778294
2025-08-18 12:00:00+00:00,3963.952582673999,1442.0237372359188,2521.9288454380803,1090.2705222154805,351.7532150204384
2025-08-18 13:00:00+00:00,4081.9808241240007,1407.3403213475895,2674.6405027764113,1048.2760727467105,359.06424860087895
2025-08-18 14:00:00+00:00,4192.5814550760015,1302.1158756123427,2890.4655794636587,935.4732842303583,366.6425913819843
2025-08-18 15:00:00+00:00,4288.258276134,1134.4462867494226,3153.8119893845774,760.3180492700722,374.12823747935045
2025-08-18 16:00:00+00:00,4362.570416904,916.4635485064421,3446.106868397558,535.3057920555258,381.15775645091634
2025-08-18 17:00:00+00:00,4410.574861433999,663.3950443426927,3747.179817091306,276.0157294217046,387.3793149209881
2025-08-18 18:00:00+00:00,4429.165982136001,392.46722947163096,4036.6987526643697,0.0,392.46722947163096
2025-08-18 19:00:00+00:00,4417.288929353998,396.13546747327854,4021.15346188072,0.0,396.13546747327854
2025-08-18 20:00:00+00:00,4376.012233193997,398.1495347061862,3977.862698487811,0.0,398.1495347061862
2025-08-18 21:00:00+00:00,4308.454662959999,398.33626625357806,3910.1183967064208,0.0,398.33626625357806
2025-08-18 22:00:00+00:00,4219.571349756,396.5911162552092,3822.9802335007907,0.0,396.5911162552092
2025-08-18 23:00:00+00:00,4115.8137307980005,392.882654487606,3722.9310763103945,0.0,392.882654487606
2025-08-19 00:00:00+00:00,4008.257943816001,387.25407532826716,3621.0038684877336,0.0,387.25407532826716
2025-08-19 01:00:00+00:00,3897.8037933659994,379.8216658723589,3517.9821274936403,0.0,379.8216658723589
2025-08-19 02:00:00+00:00,3796.0497134280004,370.77029234797925,3425.279421080021,0.0,370.77029234797925
2025-08-19 03:00:00+00:00,3710.4546840899993,360.3460852255137,3350.1085988644854,0.0,360.3460852255137
2025-08-19 04:00:00+00:00,3647.3949870539996,348.8466291020151,3298.5483579519846,0.0,348.8466291020151
2025-08-19 05:00:00+00:00,3611.723007942,336.6090536392977,3275.1139543027025,0.0,336.6090536392977
2025-08-19 06:00:00+00:00,3606.4295773379995,323.9965135108549,3282.4330638271445,0.0,323.9965135108549
2025-08-19 07:00:00+00:00,3632.4330840000007,601.5033060726639,3030.9297779273365,290.11969274197435,311.38361333068957
2025-08-19 08:00:00+00:00,3688.5098636400003,866.5411167303956,2821.9687469096048,567.3997506629064,299.14136606748923
2025-08-19 09:00:00+00:00,3771.3707415719987,1100.516863104772,2670.8538784672264,812.8945519515713,287.62231115320066
2025-08-19 10:00:00+00:00,3875.8787024579974,1286.237018907344,2589.6416835506534,1009.0906262886957,277.14639261864835
2025-08-19 11:00:00+00:00,3995.392971653999,1409.1294920047837,2586.2634796492157,1141.1413158563905,267.98817614839317
2025-08-19 12:00:00+00:00,4122.216202608,1458.3798956977062,2663.8363069102934,1198.0139642428214,260.3659314548847
2025-08-19 13:00:00+00:00,4248.114440009999,1427.8885461097204,2820.2258939002786,1173.4555210636097,254.43302504611077
2025-08-19 14:00:00+00:00,4364.874446478001,1316.9551584847313,3047.91928799327,1066.6831905721085,250.27196791262293
2025-08-19 15:00:00+00:00,4464.860596560001,1130.6089649101602,3334.2516316498404,882.7175894908036,247.89137541935662
2025-08-19 16:00:00+00:00,4541.533372151999,879.5234293123469,3662.0099428396525,632.2974782718858,247.22595104046115
2025-08-19 17:00:00+00:00,4589.894178617999,579.4858929129527,4010.4082857050466,331.3463938005325,248.13949911242022
2025-08-19 18:00:00+00:00,4606.826206457999,250.43084092005643,4356.395365537943,0.0,250.43084092005643
2025-08-19 19:00:00+00:00,4591.308041459999,253.84239309517116,4337.465648364828,0.0,253.84239309517116
2025-08-19 20:00:00+00:00,4544.485519937999,258.07105714800684,4286.414462789992,0.0,258.07105714800684
2025-08-19 21:00:00+00:00,4469.596755623999,262.7809691427227,4206.8157864812765,0.0,262.7809691427227
2025-08-19 22:00:00+00:00,4371.755492244,267.6175919887386,4104.137900255262,0.0,267.6175919887386
2025-08-19 23:00:00+00:00,4257.607353048,272.2225707164279,3985.384782331572,0.0,272.2225707164279
2025-08-20 00:00:00+00:00,4138.561383683999,276.2487385752985,3862.312645108701,0.0,276.2487385752985
2025-08-20 01:00:00+00:00,4015.55287728,279.37467066470964,3736.17820661529,0.0,279.37467066470964
2025-08-20 02:00:00+00:00,3900.5588705580008,281.3181692386375,3619.2407013193633,0.0,281.3181692386375
2025-08-20 03:00:00+00:00,3801.322769706001,281.84814984847634,3519.474619857525,0.0,281.84814984847634
2025-08-20 04:00:00+00:00,3724.512235164001,280.79442188562274,3443.7178132783783,0.0,280.79442188562274
2025-08-20 05:00:00+00:00,3675.271175520001,278.05497759571233,3397.2161979242887,0.0,278.05497759571233
2025-08-20 06:00:00+00:00,3656.875280142,273.60047904762257,3383.2748010943774,0.0,273.60047904762257
2025-08-20 07:00:00+00:00,3670.514527596001,613.7989019679242,3056.715625628077,346.3231356095761,267.4757663583481
2025-08-20 08:00:00+00:00,3715.217211426003,928.8432440682177,2786.373967357785,669.0449204764996,259.7983235917182
2025-08-20 09:00:00+00:00,3787.9206373260004,1192.0867286897567,2595.833908636244,941.3329679520513,250.75376073770545
2025-08-20 10:00:00+00:00,3883.683537048001,1384.7108870515365,2498.9726499964645,1144.1223897084067,240.58849734312986
2025-08-20 11:00:00+00:00,3996.025606565999,1494.8621223960406,2501.163484169959,1265.2621670426988,229.59995535334184
2025-08-20 12:00:00+00:00,4117.37099445,1515.8798539465581,2601.491140503442,1297.7552090715224,218.12464487503567
2025-08-20 13:00:00+00:00,4239.565448328,1447.6289067271448,2791.936541600855,1241.1042552107192,206.52465151642562
2025-08-20 14:00:00+00:00,4354.431868416002,1296.3096236161994,3058.1222447998025,1101.1365667360783,195.17305688012112
2025-08-20 15:00:00+00:00,4454.3263997819995,1073.8001402241157,3380.526259557884,889.3612365928805,184.4389036312353
2025-08-20 16:00:00+00:00,4532.657161073999,796.610710202831,3736.0464508711684,621.938393639568,174.67231656326305
2025-08-20 17:00:00+00:00,4584.330396869999,484.5559189438691,4099.77447792613,318.3655352528658,166.1903836910033
2025-08-20 18:00:00+00:00,4606.093604574002,159.26437922002506,4446.829225353977,0.0,159.26437922002506
2025-08-20 19:00:00+00:00,4596.752423634001,154.1088525747529,4442.643571059249,0.0,154.1088525747529
2025-08-20 20:00:00+00:00,4557.246592793999,150.87302412342024,4406.373568670579,0.0,150.87302412342024
2025-08-20 21:00:00+00:00,4490.579910432001,149.63484543363535,4340.9450649983655,0.0,149.63484543363535
2025-08-20 22:00:00+00:00,4401.609122946003,150.39796433948314,4251.211158606519,0.0,150.39796433948314
2025-08-20 23:00:00+00:00,4296.706299731999,153.09171606961428,4143.614583662385,0.0,153.09171606961428
2025-08-21 00:00:00+00:00,4187.103527166,157.57414856890605,4029.5293785970944,0.0,157.57414856890605
2025-08-21 01:00:00+00:00,4073.235856284,163.63794745637847,3909.5979088276217,0.0,163.63794745637847
2025-08-21 02:00:00+00:00,3966.903483311997,171.01902551372228,3795.884457798275,0.0,171.01902551372228
2025-08-21 03:00:00+00:00,3875.5765405560005,179.40742182799877,3696.1691187280016,0.0,179.40742182799877
2025-08-21 04:00:00+00:00,3805.66611957,188.46006699295936,3617.2060525770403,0.0,188.46006699295936
2025-08-21 05:00:00+00:00,3762.0823438379994,197.81488649027844,3564.267457347721,0.0,197.81488649027844
2025-08-21 06:00:00+00:00,3747.89550933,207.1056670551353,3540.789842274865,0.0,207.1056670551353
2025-08-21 07:00:00+00:00,3764.123445768002,505.1913249685239,3258.932120799478,289.21424149300384,215.97708347552006
2025-08-21 08:00:00+00:00,3809.6597165340017,783.0273171781777,3026.632399355824,558.9280597799448,224.09925739823294
2025-08-21 09:00:00+00:00,3881.347552488002,1022.5220421728278,2858.825510315174,791.3407766200752,231.1812655527526
2025-08-21 10:00:00+00:00,3974.1945480720005,1207.8957145954969,2766.2988334765037,970.9126768722444,236.98303772325238
2025-08-21 11:00:00+00:00,4081.7135102519987,1326.7140921613084,2754.9994180906906,1085.3889393442796,241.3251528170287
2025-08-21 12:00:00+00:00,4196.3661971699985,1370.7577269419965,2825.6084702280023,1126.6615813194367,244.09614562255976
2025-08-21 13:00:00+00:00,4310.079662867999,1336.6600845024664,2973.4195783655327,1091.403072980136,245.25701152233054
2025-08-21 14:00:00+00:00,4414.800029177997,1226.2543237673676,3188.5457054106296,981.4115942631411,244.84272950422644
2025-08-21 15:00:00+00:00,4503.0457528140005,1046.5822211577406,3456.46353165626,803.6214746143417,242.96074654339893
2025-08-21 16:00:00+00:00,4568.422663560002,809.5393554513635,3758.883308108638,569.7528773866418,239.7864780647217
2025-08-21 17:00:00+00:00,4606.065577680001,531.1575625866556,4074.908015093346,295.6015532693382,235.55600931731738
2025-08-21 18:00:00+00:00,4612.9761477659995,230.55630522073642,4382.419842545263,0.0,230.55630522073642
2025-08-21 19:00:00+00:00,4588.233889511998,225.1133175682221,4363.120571943777,0.0,225.1133175682221
2025-08-21 20:00:00+00:00,4533.0658311120005,219.57848789273115,4313.487343219269,0.0,219.57848789273115
2025-08-21 21:00:00+00:00,4450.769800932001,214.31418940026046,4236.455611531741,0.0,214.31418940026046
2025-08-21 22:00:00+00:00,4346.496549906002,209.67870978177783,4136.817840124224,0.0,209.67870978177783
2025-08-21 23:00:00+00:00,4226.905305377998,206.01139224089954,4020.8939131370985,0.0,206.01139224089954
2025-08-22 00:00:00+00:00,4103.6073333780005,203.61853359130907,3899.9887997866913,0.0,203.61853359130907
2025-08-22 01:00:00+00:00,3977.080499448,202.76063088465253,3774.3198685633474,0.0,202.76063088465253
2025-08-22 02:00:00+00:00,3859.458705227999,203.6414837464904,3655.8172214815086,0.0,203.6414837464904
2025-08-22 03:00:00+00:00,3758.4093232980003,206.39961375968062,3552.00970953832,0.0,206.39961375968062
2025-08-22 04:00:00+00:00,3680.505213882,211.10234246376626,3469.402871418234,0.0,211.10234246376626
2025-08-22 05:00:00+00:00,3630.779073054,217.7427734265739,3413.036299627426,0.0,217.7427734265739
2025-08-22 06:00:00+00:00,3612.381786299999,226.2398055520798,3386.141980747919,0.0,226.2398055520798
2025-08-22 07:00:00+00:00,3626.367999660001,515.6988459039576,3110.669153756043,279.2576712367161,236.44117466724148
2025-08-22 08:00:00+00:00,3671.6235051720023,781.9856219674272,2889.6378832045752,533.8562264830176,248.1293954844095
2025-08-22 09:00:00+00:00,3744.9394376939995,1007.727468376677,2737.2119693173227,746.6970951070435,261.03037326963357
2025-08-22 10:00:00+00:00,3841.228269060001,1178.9267196870283,2662.3015493729727,904.102401175822,274.8243185112062
2025-08-22 11:00:00+00:00,3953.866964670001,1285.8270740920675,2668.0398905779334,996.6685471845669,289.1585269075007
2025-08-22 12:00:00+00:00,4075.1439545460007,1323.4172378124003,2751.7267167336004,1019.7557328844182,303.66150492798204
2025-08-22 13:00:00+00:00,4196.779635216,1291.5582543229252,2905.221380893075,973.6004033576185,317.95785096530665
2025-08-22 14:00:00+00:00,4310.485002935999,1194.7550463704922,3115.7299565655067,863.071751667323,331.6832947031692
2025-08-22 15:00:00+00:00,4408.520537190001,1041.6213217414975,3366.8992154485036,697.1220421607662,344.49927958073135
2025-08-22 16:00:00+00:00,4484.217330390004,844.1071252224995,3640.1102051675043,488.0006460734245,356.106479149075
2025-08-22 17:00:00+00:00,4532.425170336,616.5689093275965,3915.856261008403,250.31219727988153,366.256712047715
2025-08-22 18:00:00+00:00,4549.857160295999,374.7627572955008,4175.0944030004985,0.0,374.7627572955008
2025-08-22 19:00:00+00:00,4535.307532979998,381.50566770260934,4153.801865277388,0.0,381.50566770260934
2025-08-22 20:00:00+00:00,4489.728040475999,386.4392908485395,4103.288749627459,0.0,386.4392908485395
2025-08-22 21:00:00+00:00,4416.157740665997,389.5918090980021,4026.565931567995,0.0,389.5918090980021
2025-08-22 22:00:00+00:00,4319.511228101998,391.06422694008955,3928.4470011619087,0.0,391.06422694008955
2025-08-22 23:00:00+00:00,4206.239732142,391.0258906732055,3815.2138414687947,0.0,391.0258906732055
2025-08-23 00:00:00+00:00,3709.735334214001,389.7071993908286,3320.0281348231724,0.0,389.7071993908286
2025-08-23 01:00:00+00:00,3586.4268208439985,387.3898207422988,3199.0370001016995,0.0,387.3898207422988
2025-08-23 02:00:00+00:00,3470.3065928159976,384.3948121832747,3085.911780632723,0.0,384.3948121832747
2025-08-23 03:00:00+00:00,3368.987597849999,381.069130495688,2987.918467354311,0.0,381.069130495688
2025-08-23 04:00:00+00:00,3289.032332963998,377.7710811143282,2911.26125184967,0.0,377.7710811143282
2025-08-23 05:00:00+00:00,3235.507476893999,374.8553105500116,2860.652166343987,0.0,374.8553105500116
2025-08-23 06:00:00+00:00,3211.641441918,372.6579518532138,2838.983490064786,0.0,372.6579518532138
2025-08-23 07:00:00+00:00,3218.608142148001,630.6525782971028,2587.955563850898,259.1700496710072,371.48252862609553
2025-08-23 08:00:00+00:00,3255.4515877379995,879.4097740869693,2376.04181365103,507.8225672612894,371.5872068256799
2025-08-23 09:00:00+00:00,3319.1563911659996,1102.160384322347,2216.9960068436526,728.9864820472616,373.1739022750855
2025-08-23 10:00:00+00:00,3404.8592139659986,1283.1637002135692,2121.695513752429,906.7839972093561,376.3797030042131
2025-08-23 11:00:00+00:00,3506.18666748,1408.8358632887425,2097.3508041912573,1027.564916778935,381.2709465098075
2025-08-23 12:00:00+00:00,3615.696421469999,1468.8273259805828,2146.8690954894164,1080.98711454229,387.84021143829267
2025-08-23 13:00:00+00:00,3725.3914023899997,1456.9561528926795,2268.43524949732,1060.9498301316266,396.0063227610528
2025-08-23 14:00:00+00:00,3827.271766668001,1371.9027893756784,2455.3689772923226,966.2853908391327,405.6173985365458
2025-08-23 15:00:00+00:00,3913.8870139740015,1217.5815994952045,2696.305414478797,801.1248068831642,416.45679261204043
2025-08-23 16:00:00+00:00,3978.850304268,1003.12540639971,2975.72489786829,574.8737067617209,428.2516996379891
2025-08-23 17:00:00+00:00,4017.279914256,742.4499894042433,3274.829924851757,301.7659174496933,440.68407195455
2025-08-23 18:00:00+00:00,4026.13753689,453.4033966221207,3572.7341402678794,0.0,453.4033966221207
2025-08-23 19:00:00+00:00,4004.44023714,466.04081137111217,3538.399425768888,0.0,466.04081137111217
2025-08-23 20:00:00+00:00,3953.331590334003,478.22398871135266,3475.1076016226502,0.0,478.22398871135266
2025-08-23 21:00:00+00:00,3876.0069253919974,489.59216568869704,3386.4147597033,0.0,489.59216568869704
2025-08-23 22:00:00+00:00,3777.49786092,499.8107196955227,3277.6871412244773,0.0,499.8107196955227
2025-08-23 23:00:00+00:00,3664.3306290779988,508.58468039122704,3155.745948686772,0.0,508.58468039122704
2025-08-24 00:00:00+00:00,3548.180321027997,515.6706358068288,3032.509685221168,0.0,515.6706358068288
2025-08-24 01:00:00+00:00,3428.9585546999997,520.8865372853081,2908.072017414692,0.0,520.8865372853081
2025-08-24 02:00:00+00:00,3318.851777388,524.1190069789902,2794.7327704090094,0.0,524.1190069789902
2025-08-24 03:00:00+00:00,3225.372083262001,525.3278469983267,2700.0442362636745,0.0,525.3278469983267
2025-08-24 04:00:00+00:00,3154.9403713799993,524.5475690772221,2630.3928023027775,0.0,524.5475690772221
2025-08-24 05:00:00+00:00,3112.444231721999,521.8858723009662,2590.558359421033,0.0,521.8858723009662
2025-08-24 06:00:00+00:00,3100.8996499319996,517.5191480046461,2583.3805019273536,0.0,517.5191480046461
2025-08-24 07:00:00+00:00,3121.23967512,837.4280452070448,2283.811629912955,325.7428655380243,511.6851796690205
2025-08-24 08:00:00+00:00,3172.2446007840003,1132.4000111741789,2039.8445896098215,627.7266628434352,504.6733483307436
2025-08-24 09:00:00+00:00,3250.6185753300006,1381.683047243459,1868.9355280865416,884.8703118937846,496.8127353496743
2025-08-24 10:00:00+00:00,3351.2075602740006,1568.0065151538001,1783.2010451202004,1079.5478957935106,488.45861936028956
2025-08-24 11:00:00+00:00,3467.343963048,1678.7826598134475,1788.5613032345527,1198.80474456574,479.9779152477074
2025-08-24 12:00:00+00:00,3591.2945752319997,1706.9187161538102,1884.3758590781895,1235.1845725020592,471.73414365175114
2025-08-24 13:00:00+00:00,3714.7814901540005,1651.1957189368175,2063.585771217183,1187.1231535961238,464.07256534069364
2025-08-24 14:00:00+00:00,3829.540621577999,1516.2087313558782,2313.331890222121,1058.9026609191128,457.30607043676525
2025-08-24 15:00:00+00:00,3927.8798618219994,1311.8985723144572,2615.981289507542,860.1961620569268,451.70241025753035
2025-08-24 16:00:00+00:00,4003.199053392,1052.7342001655406,2950.4648532264596,605.2609116035901,447.47328856195065
2025-08-24 17:00:00+00:00,4050.4363110120003,756.6253473839075,3293.810963628093,311.85958049733154,444.765766886576
2025-08-24 18:00:00+00:00,4066.410469800001,443.65632627976134,3622.7541435202397,0.0,443.65632627976134
2025-08-24 19:00:00+00:00,4050.0363158640052,444.1478368047247,3605.8884790592806,0.0,444.1478368047247
2025-08-24 20:00:00+00:00,4002.398002595999,446.1695486676361,3556.228453928363,0.0,446.1695486676361
2025-08-24 21:00:00+00:00,3926.675647104,449.58011679995246,3477.0955303040473,0.0,449.58011679995246
2025-08-24 22:00:00+00:00,3827.9300826480007,454.1735272949854,3373.7565553530153,0.0,454.1735272949854
2025-08-24 23:00:00+00:00,3712.7604231900004,459.6876831998,3253.0727399902003,0.0,459.6876831998
2025-08-25 00:00:00+00:00,3971.2071704759983,465.8153029185885,3505.3918675574096,0.0,465.8153029185885
2025-08-25 01:00:00+00:00,3846.8345005020005,472.21667432410095,3374.6178261778996,0.0,472.21667432410095
2025-08-25 02:00:00+00:00,3730.2687394559994,478.5337588782042,3251.7349805777953,0.0,478.5337588782042
2025-08-25 03:00:00+00:00,3629.2420776779995,484.40504912555275,3144.837028552447,0.0,484.40504912555275
2025-08-25 04:00:00+00:00,3550.4211151079985,489.48058366368,3060.9405314443184,0.0,489.48058366368
2025-08-25 05:00:00+00:00,3498.958901843999,493.43650299169366,3005.5223988523053,0.0,493.43650299169366
2025-08-25 06:00:00+00:00,3478.1503138199996,495.9885407296481,2982.1617730903517,0.0,495.9885407296481
2025-08-25 07:00:00+00:00,3489.2141115720005,809.5561299015455,2679.6579816704552,312.65221644356996,496.90391345797553
2025-08-25 08:00:00+00:00,3531.2163000240007,1103.1196808050738,2428.096619218927,607.1085773270261,496.0111034780478
2025-08-25 09:00:00+00:00,3601.139985743999,1356.3481420621695,2244.79184368183,863.1409897998012,493.2071522623683
2025-08-25 10:00:00+00:00,3694.0966752059994,1551.227890096336,2142.8687851096633,1062.7657434120863,488.4621466842497
2025-08-25 11:00:00+00:00,3803.6645997419987,1673.3650255068344,2130.299574235164,1191.5442945675165,481.8207309393178
2025-08-25 12:00:00+00:00,3922.3308082979997,1713.0957230848198,2209.23508521318,1239.6951521192418,473.40057096557814
2025-08-25 13:00:00+00:00,4042.0068376799986,1666.3086338239004,2375.698203856098,1202.920798879828,463.3878349440723
2025-08-25 14:00:00+00:00,4154.582666850001,1534.89687721039,2619.6857896396114,1082.8669943662007,452.0298828441892
2025-08-25 15:00:00+00:00,4252.481231165999,1326.7805944790537,2925.7006366869455,887.1551477822454,439.6254466968082
2025-08-25 16:00:00+00:00,4329.175551875997,1055.4729803747596,3273.702571501238,628.9602551457368,426.51272522902264
2025-08-25 17:00:00+00:00,4379.633306202001,739.2007371414469,3640.432569060554,326.144876287693,413.05586085375387
2025-08-25 18:00:00+00:00,4400.658469536001,399.6303594233,4001.0281101127007,0.0,399.6303594233
2025-08-25 19:00:00+00:00,4391.106826007998,386.6080516008153,4004.498774407183,0.0,386.6080516008153
2025-08-25 20:00:00+00:00,4351.96067859,374.3422080115804,3977.618470578419,0.0,374.3422080115804
2025-08-25 21:00:00+00:00,4286.25776166,363.1534144213176,3923.1043472386827,0.0,363.1534144213176
2025-08-25 22:00:00+00:00,4198.879238568,353.3167917483532,3845.5624468196465,0.0,353.3167917483532
2025-08-25 23:00:00+00:00,4096.211436072001,345.05107252316196,3751.1603635488386,0.0,345.05107252316196
2025-08-26 00:00:00+00:00,3990.00587769,338.5099958739951,3651.495881816005,0.0,338.5099958739951
2025-08-26 01:00:00+00:00,3879.658965,333.776356692557,3545.882608307443,0.0,333.776356692557
2025-08-26 02:00:00+00:00,3777.4688710919995,330.8589603505443,3446.609910741455,0.0,330.8589603505443
2025-08-26 03:00:00+00:00,3690.877557149999,329.69260939177957,3361.1849477582196,0.0,329.69260939177957
2025-08-26 04:00:00+00:00,3626.2580851980006,330.14111554600555,3296.116969651995,0.0,330.14111554600555
2025-08-26 05:00:00+00:00,3588.4735094879998,332.00321507556436,3256.4702944124356,0.0,332.00321507556436
2025-08-26 06:00:00+00:00,3580.5389757479998,335.0211501313402,3245.5178256166596,0.0,335.0211501313402
2025-08-26 07:00:00+00:00,3603.410257482,634.3797252149806,2969.030532267019,295.4881698880616,338.891555326919
2025-08-26 08:00:00+00:00,3655.913287866,905.7910173800924,2750.1222704859074,562.5128062693997,343.27821111069267
2025-08-26 09:00:00+00:00,3734.819527362,1131.269319174161,2603.550208187839,783.4431868135869,347.82613236057404
2025-08-26 10:00:00+00:00,3835.0622166360026,1296.7245452198226,2538.33767141618,944.5481156455253,352.1764295742973
2025-08-26 11:00:00+00:00,3950.078824734002,1392.78125005949,2557.297574674512,1036.7999343525662,355.9813157069238
2025-08-26 12:00:00+00:00,4072.2563996939966,1415.1948643197456,2657.061535374251,1056.2762074754892,358.91865684425653
2025-08-26 13:00:00+00:00,4193.449533714002,1364.865301365323,2828.5842323486795,1004.1598394217625,360.7054619435604
2025-08-26 14:00:00+00:00,4305.535653677999,1247.4833096098944,3058.0523440681045,886.3735391548788,361.1097704550156
2025-08-26 15:00:00+00:00,4400.969743254001,1072.8725583986748,3328.097184855326,712.9121240557214,359.9604343429535
2025-08-26 16:00:00+00:00,4473.300747006,854.1082250670702,3619.19252193893,496.9538157489992,357.1544093180709
2025-08-26 17:00:00+00:00,4517.614299450001,606.5000002230229,3911.114299226979,253.83875693793752,352.66124328508533
2025-08-26 18:00:00+00:00,4530.871584497999,346.5245860462615,4184.346998451737,0.0,346.5245860462615
2025-08-26 19:00:00+00:00,4512.121168211998,338.86065963608496,4173.260508575913,0.0,338.86065963608496
2025-08-26 20:00:00+00:00,4462.5691529999995,329.85373956124414,4132.715413438756,0.0,329.85373956124414
2025-08-26 21:00:00+00:00,4385.502821616001,319.7488450852682,4065.7539765307324,0.0,319.7488450852682
2025-08-26 22:00:00+00:00,4286.072814702001,308.8419313308842,3977.2308833711168,0.0,308.8419313308842
2025-08-26 23:00:00+00:00,4170.9485022240015,297.46797947878554,3873.480522745216,0.0,297.46797947878554
2025-08-27 00:00:00+00:00,4052.270865720001,285.98748632578634,3766.2833793942145,0.0,285.98748632578634
2025-08-27 01:00:00+00:00,3929.5275606719997,274.77188773500006,3654.755672937,0.0,274.77188773500006
2025-08-27 02:00:00+00:00,3815.399727930004,264.18852961855544,3551.2111983114482,0.0,264.18852961855544
2025-08-27 03:00:00+00:00,3717.5995525619974,254.58578678549685,3463.0137657765003,0.0,254.58578678549685
2025-08-27 04:00:00+00:00,3642.750747888001,246.27895142796567,3396.4717964600354,0.0,246.27895142796567
2025-08-27 05:00:00+00:00,3595.9415292780004,239.53745978729594,3356.4040694907044,0.0,239.53745978729594
2025-08-27 06:00:00+00:00,3580.381504223999,234.5739826607518,3345.807521563247,0.0,234.5739826607518
2025-08-27 07:00:00+00:00,3597.185652731999,479.38497966520436,3117.800673066795,247.84915410276815,231.5358255624362
2025-08-27 08:00:00+00:00,3645.3001389839997,714.0054614831338,2931.294677500866,483.5064702862993,230.4989911968345
2025-08-27 09:00:00+00:00,3721.57491741,922.4684125819587,2799.1065048280416,691.0032606627828,231.46515191917578
2025-08-27 10:00:00+00:00,3820.978161546,1090.0587302460551,2730.9194312999452,855.6970879038817,234.36164234217355
2025-08-27 11:00:00+00:00,3936.937923198,1204.3610362751583,2732.576886922842,965.3165516174715,239.0444846576868
2025-08-27 12:00:00+00:00,4061.787758784,1256.227646542834,2805.560112241166,1010.9233211189836,245.30432542385049
2025-08-27 13:00:00+00:00,4187.285975585996,1240.5810487825088,2946.7049268034875,987.7060259468826,252.87502283562614
2025-08-27 14:00:00+00:00,4305.1732299239975,1156.9682984309127,3148.2049314930846,895.5237466488037,261.44455178210904
2025-08-27 15:00:00+00:00,4407.730502867999,1009.7977768289202,3397.932726039079,739.1300026057916,270.6677742231286
2025-08-27 16:00:00+00:00,4488.299623332003,808.211406129456,3680.0882172025467,528.0308642982995,280.1805418311564
2025-08-27 17:00:00+00:00,4541.730913608,565.5759696780792,3976.154943929921,275.9613962313034,289.6145734467758
2025-08-27 18:00:00+00:00,4564.727639766,298.61247966001076,4266.115160105989,0.0,298.61247966001076
2025-08-27 19:00:00+00:00,4556.063893500001,306.8423290095841,4249.221564490416,0.0,306.8423290095841
2025-08-27 20:00:00+00:00,4516.6612917300035,314.0111591640895,4202.650132565914,0.0,314.0111591640895
2025-08-27 21:00:00+00:00,4449.519339930001,319.8768756333339,4129.642464296667,0.0,319.8768756333339
2025-08-27 22:00:00+00:00,4359.504413838001,324.2580604053061,4035.246353432695,0.0,324.2580604053061
2025-08-27 23:00:00+00:00,4253.011854461999,327.0412727896283,3925.970581672371,0.0,327.0412727896283
2025-08-28 00:00:00+00:00,4142.023517436,328.1855622629665,3813.837955173033,0.0,328.1855622629665
2025-08-28 01:00:00+00:00,4025.5963213199993,327.7239973950311,3697.8723239249684,0.0,327.7239973950311
2025-08-28 02:00:00+00:00,3916.303532904002,325.76214875179073,3590.5413841522113,0.0,325.76214875179073
2025-08-28 03:00:00+00:00,3821.6846327099997,322.47359675118804,3499.211035958812,0.0,322.47359675118804
2025-08-28 04:00:00+00:00,3748.2280778880017,318.09263673429524,3430.1354411537063,0.0,318.09263673429524
2025-08-28 05:00:00+00:00,3700.9275296280007,312.90449029014565,3388.023039337855,0.0,312.90449029014565
2025-08-28 06:00:00+00:00,3682.941029669999,307.23341689495356,3375.707612775045,0.0,307.23341689495356
2025-08-28 07:00:00+00:00,3695.376282990001,587.189053541099,3108.187229448902,285.7598338056599,301.4292197354391
2025-08-28 08:00:00+00:00,3737.2167282240002,846.3938733132495,2890.8228549107507,550.5411819744656,295.8526913387839
2025-08-28 09:00:00+00:00,3805.3933504859997,1067.160022328053,2738.2333281579467,776.2994222468609,290.8606000811921
2025-08-28 10:00:00+00:00,3894.997303134002,1234.7118705011587,2660.2854326328434,947.9210392855913,286.7908312155675
2025-08-28 11:00:00+00:00,3999.6187714559987,1338.1415589039525,2661.4772125520462,1054.1932658024352,283.9482931015174
2025-08-28 12:00:00+00:00,4111.7888872620015,1371.0565837901354,2740.732303471866,1088.4644236535169,282.5921601366186
2025-08-28 13:00:00+00:00,4223.494436196,1331.8943096290152,2891.6001265669847,1048.9693249254092,282.924984703606
2025-08-28 14:00:00+00:00,4326.73019583,1223.9056003074159,3102.824595522585,938.8214867109637,285.08411359645214
2025-08-28 15:00:00+00:00,4414.05104469,1054.8327613481868,3359.218283341813,765.6969901531505,289.13577119503617
2025-08-28 16:00:00+00:00,4479.086160527998,836.3242317207283,3642.7619288072697,541.2521894446604,295.0720422760679
2025-08-28 17:00:00+00:00,4516.980022883998,583.1390937692051,3933.8409291147927,280.32820401229486,302.8108897569102
2025-08-28 18:00:00+00:00,4524.73004235,312.199194803758,4212.5308475462425,0.0,312.199194803758
2025-08-28 19:00:00+00:00,4501.397697636001,323.01870544798385,4178.378992188017,0.0,323.01870544798385
2025-08-28 20:00:00+00:00,4448.178524328,334.994643818488,4113.183880509512,0.0,334.994643818488
2025-08-28 21:00:00+00:00,4368.326204298,347.80662746417585,4020.5195768338244,0.0,347.80662746417585
2025-08-28 22:00:00+00:00,4266.9356383079985,361.10145155977364,3905.834186748225,0.0,361.10145155977364
2025-08-28 23:00:00+00:00,4150.599840324002,374.50720707357965,3776.0926332504223,0.0,374.50720707357965
2025-08-29 00:00:00+00:00,4031.5596740159995,387.6481744881052,3643.911499527894,0.0,387.6481744881052
2025-08-29 01:00:00+00:00,3908.8015304519963,400.15985651398773,3508.6416739380084,0.0,400.15985651398773
2025-08-29 02:00:00+00:00,3795.0766155959996,411.7035620330716,3383.373053562928,0.0,411.7035620330716
2025-08-29 03:00:00+00:00,3697.9618244099993,421.97992836946867,3275.9818960405305,0.0,421.97992836946867
2025-08-29 04:00:00+00:00,3623.9384705159996,430.7408288728117,3193.197641643188,0.0,430.7408288728117
2025-08-29 05:00:00+00:00,3577.9488020640006,437.7991933844379,3140.149608679563,0.0,437.7991933844379
2025-08-29 06:00:00+00:00,3563.0564678100013,443.0363223887069,3120.0201454212943,0.0,443.0363223887069
2025-08-29 07:00:00+00:00,3580.234090482001,756.6657232598552,2823.5683672221458,310.2593182261629,446.40640503369235
2025-08-29 08:00:00+00:00,3628.2925950600006,1054.1380623021378,2574.154532757863,606.2000038943924,447.9380584077455
2025-08-29 09:00:00+00:00,3703.957136333999,1314.595021860051,2389.362114473948,866.8622025454306,447.7328193146204
2025-08-29 10:00:00+00:00,3802.0846413900003,1519.0881578459077,2282.9964835440924,1073.1274990627853,445.96065878312237
2025-08-29 11:00:00+00:00,3916.0082303159993,1652.0414098071924,2263.966820508807,1209.1887182329724,442.85269157421993
2025-08-29 12:00:00+00:00,4037.985252000001,1702.5398444933537,2335.445407506647,1263.8484473762417,438.691397117112
2025-08-29 13:00:00+00:00,4159.718464733998,1665.325509574419,2494.3929551595793,1231.526776207992,433.798733366427
2025-08-29 14:00:00+00:00,4272.91510212,1541.3972806280835,2731.517821491916,1112.8746343059076,428.5226463221759
2025-08-29 15:00:00+00:00,4369.845832925998,1337.0651959561799,3032.7806369698183,913.8426729032115,423.2225230529684
2025-08-29 16:00:00+00:00,4443.865640508001,1064.4385261583468,3379.4271143496544,646.1843516504035,418.2541745079432
2025-08-29 17:00:00+00:00,4489.861341084,748.444618519066,3741.416722564934,334.4896338420352,413.95498467703084
2025-08-29 18:00:00+00:00,4504.595334203998,410.6298131243283,4093.96552107967,0.0,410.6298131243283
2025-08-29 19:00:00+00:00,4486.922275626,408.5382401373416,4078.384035488658,0.0,408.5382401373416
2025-08-29 20:00:00+00:00,4437.864008003999,407.8836779348498,4029.9803300691487,0.0,407.8836779348498
2025-08-29 21:00:00+00:00,4360.537739586,408.80478413568,3951.7329554503194,0.0,408.80478413568
2025-08-29 22:00:00+00:00,4259.942421335999,411.36954567270254,3848.572875663296,0.0,411.36954567270254
2025-08-29 23:00:00+00:00,4142.617876781998,415.57225716779936,3727.045619614199,0.0,415.57225716779936
2025-08-30 00:00:00+00:00,3642.7426838460005,421.3335312824276,3221.409152563573,0.0,421.3335312824276
2025-08-30 01:00:00+00:00,3515.444930046001,428.50334104377595,3086.941589002225,0.0,428.50334104377595
2025-08-30 02:00:00+00:00,3395.5014425640006,436.8669558925695,2958.634486671431,0.0,436.8669558925695
2025-08-30 03:00:00+00:00,3290.6096867280003,446.15354891542046,2844.45613781258,0.0,446.15354891542046
2025-08-30 04:00:00+00:00,3207.4105389900005,456.04710781674214,2751.3634311732585,0.0,456.04710781674214
2025-08-30 05:00:00+00:00,3151.0410528660004,466.19920751332785,2684.8418453526724,0.0,466.19920751332785
2025-08-30 06:00:00+00:00,3124.7904072839983,476.2431260841244,2648.547281199874,0.0,476.2431260841244
2025-08-30 07:00:00+00:00,3129.88221987,800.4661067821262,2329.416113087874,314.65738381709747,485.8087229650287
2025-08-30 08:00:00+00:00,3165.398017026,1094.721634768872,2070.6763822571284,600.1841690206783,494.53746574819377
2025-08-30 09:00:00+00:00,3228.3468239400013,1339.7292809168998,1888.6175430231015,837.6322786210055,502.0970022958944
2025-08-30 10:00:00+00:00,3313.876093794001,1520.2418585292903,1793.6342352647107,1012.0471888255687,508.1946697037217
2025-08-30 11:00:00+00:00,3415.609315818,1625.9451433390818,1789.6641724789183,1113.3557473698534,512.5893959692285
2025-08-30 12:00:00+00:00,3526.087246920001,1651.9476396687332,1874.1396072512675,1136.8461384330938,515.1015012356394
2025-08-30 13:00:00+00:00,3637.282487496,1598.8561833201552,2038.426304175845,1083.2361824668749,515.6200008532803
2025-08-30 14:00:00+00:00,3741.1521970619992,1472.4674469398738,2268.6847501221255,958.3603324115157,514.107114528358
2025-08-30 15:00:00+00:00,3830.1911959080026,1283.132491178558,2547.058704729445,772.5327077588106,510.5997834197474
2025-08-30 16:00:00+00:00,3897.947601407999,1044.869508960419,2853.0780924475803,539.6613551788884,505.2081537815306
2025-08-30 17:00:00+00:00,3939.465815837999,774.3082008526014,3165.1576149853972,276.19712934175544,498.111071510846
2025-08-30 18:00:00+00:00,3951.6265566120005,489.5487820437632,3462.077774568237,0.0,489.5487820437632
2025-08-30 19:00:00+00:00,3933.3607336800005,479.8131261542691,3453.5476075257316,0.0,479.8131261542691
2025-08-30 20:00:00+00:00,3885.722611301999,469.2356456788815,3416.4869656231176,0.0,469.2356456788815
2025-08-30 21:00:00+00:00,3811.817172282,458.17407159615107,3353.643100685849,0.0,458.17407159615107
2025-08-30 22:00:00+00:00,3716.586775061999,446.99775930605495,3269.5890157559443,0.0,446.99775930605495
2025-08-30 23:00:00+00:00,3606.4715816219996,436.0726573947346,3170.398924227265,0.0,436.0726573947346
2025-08-31 00:00:00+00:00,3493.752466176,425.7464346149818,3068.006031561018,0.0,425.7464346149818
2025-08-31 01:00:00+00:00,3376.894104696,416.3343683724194,2960.5597363235806,0.0,416.3343683724194
2025-08-31 02:00:00+00:00,3268.7047410779974,408.1065669556421,2860.5981741223554,0.0,408.1065669556421
2025-08-31 03:00:00+00:00,3176.6420658419997,401.27706521823455,2775.3650006237654,0.0,401.27706521823455
2025-08-31 04:00:00+00:00,3107.0842780740018,395.99521882507355,2711.089059248928,0.0,395.99521882507355
2025-08-31 05:00:00+00:00,3064.8890022659994,392.33976672587124,2672.549235540128,0.0,392.33976672587124
2025-08-31 06:00:00+00:00,3053.0556972300005,390.31579400429916,2662.7399032257013,0.0,390.31579400429916
2025-08-31 07:00:00+00:00,3072.514739616,654.5115428221466,2418.0031967938535,264.65682055539486,389.85472226675176
2025-08-31 08:00:00+00:00,3122.0576769480003,904.2209232668358,2217.8367536811647,513.403594217436,390.8173290493999
2025-08-31 09:00:00+00:00,3198.4136048339974,1122.2602932214518,2076.1533116125456,729.2606226633231,392.9996705581286
2025-08-31 10:00:00+00:00,3296.466548255999,1293.308639786389,2003.15790846961,897.1669745439303,396.14166524245854
2025-08-31 11:00:00+00:00,3409.5992162820007,1405.0129702636143,2004.5862460183864,1005.0749839793023,399.937986284312
2025-08-31 12:00:00+00:00,3530.139794958,1448.9351882058859,2081.204606752114,1044.8843695391383,404.05081866674755
2025-08-31 13:00:00+00:00,3649.881443838002,1421.255319661715,2228.626124176287,1013.1313659784331,408.12395368328197
2025-08-31 14:00:00+00:00,3760.6391475659984,1323.1588848223757,2437.480262743623,911.3612398694668,411.797644952909
2025-08-31 15:00:00+00:00,3854.8060669020015,1160.858099642017,2693.9479672599846,746.1344755125,414.7236241295168
2025-08-31 16:00:00+00:00,3925.871512374002,945.2260739533983,2980.6454384206036,528.6464231174225,416.5796508359758
2025-08-31 17:00:00+00:00,3968.8651962119984,691.0572209161764,3277.807975295822,273.97421851131656,417.0830024048598
2025-08-31 18:00:00+00:00,3980.697542556003,416.0023600212467,3564.6951825347564,0.0,416.0023600212467
2025-08-31 19:00:00+00:00,3960.372814019999,413.16759222260663,3547.2052217973924,0.0,413.16759222260663
2025-08-31 20:00:00+00:00,3909.060432438002,408.47704243438653,3500.5833900036155,0.0,408.47704243438653
2025-08-31 21:00:00+00:00,3830.019590039999,401.9020159390137,3428.117574100985,0.0,401.9020159390137
2025-08-31 22:00:00+00:00,3728.3821820699995,393.48828957942237,3334.893892490577,0.0,393.48828957942237
2025-08-31 23:00:00+00:00,3610.8087211980014,383.35457248248963,3227.454148715512,0.0,383.35457248248963
2025-09-01 00:00:00+00:00,3868.0673182200026,371.6879880383446,3496.379330181658,0.0,371.6879880383446
2025-09-01 01:00:00+00:00,3742.4056274639997,358.73675974904984,3383.66886771495,0.0,358.73675974904984
2025-09-01 02:00:00+00:00,3625.1522085239985,344.8003915017441,3280.351817022254,0.0,344.8003915017441
2025-09-01 03:00:00+00:00,3524.050526975999,330.2177607247147,3193.8327662512847,0.0,330.2177607247147
2025-09-01 04:00:00+00:00,3445.7645060580007,315.3535938983589,3130.410912159642,0.0,315.3535938983589
2025-09-01 05:00:00+00:00,3395.4306817620004,300.58388630873344,3094.846795453267,0.0,300.58388630873344
2025-09-01 06:00:00+00:00,3376.3139645339998,286.2808641583592,3090.0331003756405,0.0,286.2808641583592
2025-09-01 07:00:00+00:00,3389.590423422,527.4661996694539,2862.124223752546,254.66810364859163,272.79809602086226
2025-09-01 08:00:00+00:00,3434.271676667999,748.5124451882061,2685.759231479793,488.0560749509394,260.45637023726675
2025-09-01 09:00:00+00:00,3507.276004596,934.4882385499156,2572.7877660460845,684.9573236217585,249.53091492815716
2025-09-01 10:00:00+00:00,3603.641225897997,1073.2066788381962,2530.434547059801,832.9662058636251,240.24047297457128
2025-09-01 11:00:00+00:00,3716.864740595999,1155.9048450737232,2560.959895522276,923.1661458521178,232.73869922160537
2025-09-01 12:00:00+00:00,3839.347540182,1177.6600252067142,2661.687514975286,950.5518185199263,227.10820668678787
2025-09-01 13:00:00+00:00,3962.9118970560003,1137.5431486418897,2825.3687484141105,914.1856199720128,223.35752866987707
2025-09-01 14:00:00+00:00,4079.357465274,1038.5286284097592,3040.8288368642407,817.1075303580232,221.42109805173604
2025-09-01 15:00:00+00:00,4181.017869126001,887.1925547431122,3293.825314382889,666.0302895203782,221.162265222734
2025-09-01 16:00:00+00:00,4261.279991808,693.2376127741284,3568.042379033872,470.85839934470295,222.37921342942548
2025-09-01 17:00:00+00:00,4315.030535004001,468.883837233446,3846.146697770555,244.07029562430083,224.81354160914518
2025-09-01 18:00:00+00:00,4338.999608160001,228.16115170349306,4110.838456456508,0.0,228.16115170349306
2025-09-01 19:00:00+00:00,4331.977952820001,232.08500203043903,4099.892950789562,0.0,232.08500203043903
2025-09-01 20:00:00+00:00,4294.893218028001,236.22920401162278,4058.664014016378,0.0,236.22920401162278
2025-09-01 21:00:00+00:00,4230.7401242820015,240.23387670872089,3990.5062475732807,0.0,240.23387670872089
2025-09-01 22:00:00+00:00,4144.369534325999,243.75016253286384,3900.619371793135,0.0,243.75016253286384
2025-09-01 23:00:00+00:00,4042.150845096,246.45477348209496,3795.696071613905,0.0,246.45477348209496
2025-09-02 00:00:00+00:00,3936.5002463640003,248.0634912326534,3688.436755131347,0.0,248.0634912326534
2025-09-02 01:00:00+00:00,3825.489392802,248.3430510637979,3577.1463417382024,0.0,248.3430510637979
2025-09-02 02:00:00+00:00,3722.1086416079997,247.12092905432442,3474.9877125536755,0.0,247.12092905432442
2025-09-02 03:00:00+00:00,3633.8374617300005,244.29263331478026,3389.5448284152203,0.0,244.29263331478026
2025-09-02 04:00:00+00:00,3567.098627189999,239.8261976104004,3327.272429579599,0.0,239.8261976104004
2025-09-02 05:00:00+00:00,3526.815950406,233.763696979242,3293.052253426758,0.0,233.763696979242
2025-09-02 06:00:00+00:00,3516.074956128,226.21971437022776,3289.855241757772,0.0,226.21971437022776
2025-09-02 07:00:00+00:00,3535.9097888100014,502.1649430179242,3033.7448457920773,284.7881152201884,217.37682779773584
2025-09-02 08:00:00+00:00,3585.2308865100003,766.2513812833813,2818.979505226619,558.7730732638844,207.47830801949686
2025-09-02 09:00:00+00:00,3660.8983887000004,999.0785289650711,2661.819859734929,802.2602220227502,196.8183069423209
2025-09-02 10:00:00+00:00,3757.9363190879994,1182.6978617847885,2575.238457303211,996.9679050920106,185.72995669277782
2025-09-02 11:00:00+00:00,3869.872878858,1302.0463189232012,2567.8265599347988,1127.4744597478502,174.57185917535094
2025-09-02 12:00:00+00:00,3989.1837017340026,1346.2390842048928,2642.9446175291096,1182.5255680283435,163.71351617654935
2025-09-02 13:00:00+00:00,4107.807719358001,1309.5980971223423,2798.2096222356586,1156.0777960353928,153.52030108694962
2025-09-02 14:00:00+00:00,4217.700487769999,1192.308196771719,3025.3922909982803,1047.9696131080157,144.3385836637034
2025-09-02 15:00:00+00:00,4311.38707272,1000.6210235553381,3310.766049164662,864.1394020813154,136.4816214740227
2025-09-02 16:00:00+00:00,4382.4767994,746.5655121150174,3635.911287284983,616.3487225964384,130.21678951857905
2025-09-02 17:00:00+00:00,4426.10458164,447.16905873732577,3978.935522902674,321.4143828238034,125.75467591352238
2025-09-02 18:00:00+00:00,4439.268610559996,123.24048426936763,4316.028126290628,0.0,123.24048426936763
2025-09-02 19:00:00+00:00,4421.0413092300005,122.7481057757752,4298.2932034542255,0.0,122.7481057757752
2025-09-02 20:00:00+00:00,4372.638926921999,124.27708352932706,4248.361843392672,0.0,124.27708352932706
2025-09-02 21:00:00+00:00,4297.344954042,127.75262288408962,4169.59233115791,0.0,127.75262288408962
2025-09-02 22:00:00+00:00,4200.29235906,133.02861233731934,4067.263746722681,0.0,133.02861233731934
2025-09-02 23:00:00+00:00,4088.119379904001,139.89356549187454,3948.2258144121265,0.0,139.89356549187454
2025-09-03 00:00:00+00:00,3973.581154872001,148.07921498069928,3825.501939891302,0.0,148.07921498069928
2025-09-03 01:00:00+00:00,3854.7936632940014,157.2714190027823,3697.522244291219,0.0,157.2714190027823
2025-09-03 02:00:00+00:00,3745.030046814,167.12293391773557,3577.907112896264,0.0,167.12293391773557
2025-09-03 03:00:00+00:00,3651.927576779999,177.26752871691627,3474.6600480630827,0.0,177.26752871691627
2025-09-03 04:00:00+00:00,3582.027883812,187.33485508563803,3394.6930287263617,0.0,187.33485508563803
2025-09-03 05:00:00+00:00,3540.331887162001,196.9654845530399,3343.366402608961,0.0,196.9654845530399
2025-09-03 06:00:00+00:00,3529.958670042001,205.82547543067056,3324.1331946113305,0.0,205.82547543067056
2025-09-03 07:00:00+00:00,3551.93161071,527.0128223780318,3024.9187883319682,313.39293690571947,213.6198854723124
2025-09-03 08:00:00+00:00,3605.1063066479996,820.9475842641989,2784.1587223838005,600.8429048069644,220.10467945723448
2025-09-03 09:00:00+00:00,3686.2452846660003,1068.2157192549332,2618.029565411067,843.1191829064232,225.09653634850994
2025-09-03 10:00:00+00:00,3790.2344913720012,1253.0108079402328,2537.223683431768,1024.5306518891584,228.4801560510744
2025-09-03 11:00:00+00:00,3910.4268230579987,1364.0945891091365,2546.3322339488623,1133.8818131553703,230.21277595376608
2025-09-03 12:00:00+00:00,4039.0895379239987,1395.4000133864506,2643.689524537548,1165.0743120524724,230.3257013339782
2025-09-03 13:00:00+00:00,4167.925008239999,1346.2615957715836,2821.663412468416,1117.3388008567774,228.92279491480627
2025-09-03 14:00:00+00:00,4288.629616571999,1221.2858810431835,3067.343735528815,995.1098985403977,226.17598250278593
2025-09-03 15:00:00+00:00,4393.4527877519995,1029.8975078100302,3363.5552799419693,807.5795401397446,222.31796767028567
2025-09-03 16:00:00+00:00,4475.718182207997,785.6124650426793,3690.1057171653183,567.980025658971,217.63243938370832
2025-09-03 17:00:00+00:00,4530.271782666,505.09966748507645,4025.1721151809234,292.65747497045396,212.44219251462246
2025-09-03 18:00:00+00:00,4553.826403937999,207.09563144510918,4346.73077249289,0.0,207.09563144510918
2025-09-03 19:00:00+00:00,4545.179358425999,201.95222235165136,4343.227136074348,0.0,201.95222235165136
2025-09-03 20:00:00+00:00,4505.288570328,197.36747675639046,4307.921093571609,0.0,197.36747675639046
2025-09-03 21:00:00+00:00,4437.202073598,193.67810290536707,4243.523970692633,0.0,193.67810290536707
2025-09-03 22:00:00+00:00,4345.845835590001,191.18790534459143,4154.657930245409,0.0,191.18790534459143
2025-09-03 23:00:00+00:00,4237.6844479619995,190.15503746254583,4047.5294104994537,0.0,190.15503746254583
2025-09-04 00:00:00+00:00,4125.425114412,190.78110826209252,3934.6440061499075,0.0,190.78110826209252
2025-09-04 01:00:00+00:00,4006.9119317639993,193.20260691913774,3813.7093248448614,0.0,193.20260691913774
2025-09-04 02:00:00+00:00,3895.453882319997,197.48498373932335,3697.9688985806733,0.0,197.48498373932335
2025-09-04 03:00:00+00:00,3798.6801818700005,203.61963592625452,3595.060545943746,0.0,203.61963592625452
2025-09-04 04:00:00+00:00,3723.16899738,211.52392532532167,3511.645072054678,0.0,211.52392532532167
2025-09-04 05:00:00+00:00,3674.0015703720005,221.0442207498579,3452.957349622143,0.0,221.0442207498579
2025-09-04 06:00:00+00:00,3654.4193148540003,231.96184733681,3422.4574675171903,0.0,231.96184733681
2025-09-04 07:00:00+00:00,3665.607131718,539.0213150215819,3126.585816696418,295.01962050316735,244.00169451841458
2025-09-04 08:00:00+00:00,3706.6176296519984,828.4882266459688,2878.12940300603,571.6450885619671,256.8431380840016
2025-09-04 09:00:00+00:00,3774.4413090300004,1080.6677117429613,2693.773597287039,810.5348915751294,270.1328201678319
2025-09-04 10:00:00+00:00,3864.217754124,1278.2627659779432,2585.9549881460566,994.7639911678351,283.4987748101081
2025-09-04 11:00:00+00:00,3969.5733514500002,1407.6725580913035,2561.900793358697,1111.1072460249254,296.56531206637817
2025-09-04 12:00:00+00:00,4083.062322024001,1460.0518411701428,2623.010480853858,1151.0837815767827,308.96805959335995
2025-09-04 13:00:00+00:00,4196.680872971999,1432.0342656289554,2764.6466073430433,1111.665725690867,320.3685399380884
2025-09-04 14:00:00+00:00,4302.419281103999,1326.046451702934,2976.3728294010652,995.578755197328,330.46769650560606
2025-09-04 15:00:00+00:00,4392.814103748001,1150.1726935213524,3242.6414102266485,811.1548945971142,339.01779892423815
2025-09-04 16:00:00+00:00,4461.462763043999,917.5693568359923,3543.893406208007,571.7370948028673,345.8322620331249
2025-09-04 17:00:00+00:00,4503.465278129998,645.4692100219324,3857.9960681080656,294.67624924906744,350.79296077286494
2025-09-04 18:00:00+00:00,4515.762942179998,353.8547467275556,4161.908195452443,0.0,353.8547467275556
2025-09-04 19:00:00+00:00,4497.350685407999,355.0469844440524,4142.3037009639465,0.0,355.0469844440524
2025-09-04 20:00:00+00:00,4449.348688512001,354.47204616439785,4094.876642347603,0.0,354.47204616439785
2025-09-04 21:00:00+00:00,4374.928130706001,352.30081820288535,4022.6273125031157,0.0,352.30081820288535
2025-09-04 22:00:00+00:00,4279.096256063999,348.7654156284517,3930.3308404355475,0.0,348.7654156284517
2025-09-04 23:00:00+00:00,4168.355227638,344.149397286138,3824.2058303518616,0.0,344.149397286138
2025-09-05 00:00:00+00:00,4055.4920538719994,338.7758789149619,3716.7161749570373,0.0,338.7758789149619
2025-09-05 01:00:00+00:00,3938.1262855620016,332.99404044989336,3605.132245112108,0.0,332.99404044989336
2025-09-05 02:00:00+00:00,3829.5595451399995,327.1645746091152,3502.394970530884,0.0,327.1645746091152
2025-09-05 03:00:00+00:00,3737.286335202001,321.6446726632572,3415.6416625387437,0.0,321.6446726632572
2025-09-05 04:00:00+00:00,3667.712724774001,316.77316546307367,3350.939559310927,0.0,316.77316546307367
2025-09-05 05:00:00+00:00,3625.714612884,312.85642745146964,3312.8581854325303,0.0,312.85642745146964
2025-09-05 06:00:00+00:00,3614.299700550001,310.1556158981369,3304.144084651864,0.0,310.1556158981369
2025-09-05 07:00:00+00:00,3634.396391892001,558.7075093665323,3075.688882525468,249.8317287377672,308.87578062876514
2025-09-05 08:00:00+00:00,3684.784110797999,784.9229289259479,2899.861181872051,475.76565217145605,309.1572767544919
2025-09-05 09:00:00+00:00,3762.169992042,974.6967388010945,2787.4732532409057,663.6268990871085,311.06983971398597
2025-09-05 10:00:00+00:00,3861.406784340001,1116.887668883425,2744.5191154565764,802.2781037563562,314.6095651270687
2025-09-05 11:00:00+00:00,3975.837389832001,1203.850693399931,2771.98669643207,884.1517764726328,319.69891692729834
2025-09-05 12:00:00+00:00,4097.7426283919995,1231.7044749622441,2866.0381534297553,905.5147148853534,326.18976007689065
2025-09-05 13:00:00+00:00,4218.861871013999,1200.351432808936,3018.510438205063,866.482131019131,333.8693017898049
2025-09-05 14:00:00+00:00,4330.95124035,1113.2834180145437,3217.6678223354565,770.81473181899,342.46868619555363
2025-09-05 15:00:00+00:00,4426.341382806002,977.2141934377249,3449.127189368277,625.5402859086304,351.67390752909455
2025-09-05 16:00:00+00:00,4498.456956588,801.5811177912046,3696.8758387967955,440.4425387624246,361.13857902878
2025-09-05 17:00:00+00:00,4542.2625040799985,597.9543209960599,3944.3081830839387,227.45627950318874,370.49804149287115
2025-09-05 18:00:00+00:00,4554.604352801999,379.3842407350087,4175.220112066991,0.0,379.3842407350087
2025-09-05 19:00:00+00:00,4534.425319997999,387.44074920823726,4146.984570789762,0.0,387.44074920823726
2025-09-05 20:00:00+00:00,4482.837573228,394.33733516156786,4088.5002380664323,0.0,394.33733516156786
2025-09-05 21:00:00+00:00,4403.048671098,399.78346716721614,4003.265203930784,0.0,399.78346716721614
2025-09-05 22:00:00+00:00,4300.1458236240005,403.54021135329333,3896.6056122707073,0.0,403.54021135329333
2025-09-05 23:00:00+00:00,4180.752951984,405.4300289508858,3775.3229230331144,0.0,405.4300289508858
2025-09-06 00:00:00+00:00,3679.7542738319994,405.3440778768327,3274.4101959551667,0.0,405.3440778768327
2025-09-06 01:00:00+00:00,3551.0924200920017,403.2467115319438,3147.845708560058,0.0,403.2467115319438
2025-09-06 02:00:00+00:00,3430.23225762,399.17700033374086,3031.055257286259,0.0,399.17700033374086
2025-09-06 03:00:00+00:00,3324.9205480259993,393.24720500843466,2931.6733430175645,0.0,393.24720500843466
2025-09-06 04:00:00+00:00,3241.8352428420003,385.63827039944806,2856.196972442552,0.0,385.63827039944806
2025-09-06 05:00:00+00:00,3186.137409545999,376.59251723070554,2809.5448923152935,0.0,376.59251723070554
2025-09-06 06:00:00+00:00,3161.1265860300014,366.4038423415751,2794.7227436884264,0.0,366.4038423415751
2025-09-06 07:00:00+00:00,3168.022873302,613.285683192611,2554.737190109389,257.8798713496699,355.40581184294115
2025-09-06 08:00:00+00:00,3205.8904691939997,849.2423736251753,2356.6480955688244,505.28422294981715,343.9581506753582
2025-09-06 09:00:00+00:00,3271.7076825720005,1056.9091618572638,2214.7985207147367,724.4769906227527,332.43217123451115
2025-09-06 10:00:00+00:00,3360.5785539900016,1220.2896953214763,2140.2888586685253,899.0939539248487,321.1957413966277
2025-09-06 11:00:00+00:00,3466.0715200019995,1326.036710073645,2140.0348099283547,1015.4383059679407,310.59840410570445
2025-09-06 12:00:00+00:00,3580.661904665997,1364.593680324048,2216.068224341949,1063.6364144643596,300.9572658596882
2025-09-06 13:00:00+00:00,3696.248043683999,1331.087274638471,2365.1607690455285,1038.54306013381,292.54421450466094
2025-09-06 14:00:00+00:00,3804.705756222001,1225.8770260529475,2578.8287301690534,940.3020163113707,285.57500974157676
2025-09-06 15:00:00+00:00,3898.4433427380004,1054.6962306634496,2843.747112074551,774.4955540302119,280.2006766332377
2025-09-06 16:00:00+00:00,3970.9192489680004,828.3543513009265,3142.5648976670736,551.8527883983706,276.50156290255586
2025-09-06 17:00:00+00:00,4017.0871789860003,562.012130178626,3455.0750488073745,287.52782913627425,274.48430104235166
2025-09-06 18:00:00+00:00,4033.7382379560004,274.0817913108577,3759.6564466451428,0.0,274.0817913108577
2025-09-06 19:00:00+00:00,4019.716943256,275.1562240960762,3744.560719159924,0.0,275.1562240960762
2025-09-06 20:00:00+00:00,3975.9963884759995,277.5049952624577,3698.491393213542,0.0,277.5049952624577
2025-09-06 21:00:00+00:00,3905.607533520001,280.8692897248223,3624.7382437951787,0.0,280.8692897248223
2025-09-06 22:00:00+00:00,3813.427609403999,284.9449709798222,3528.482638424177,0.0,284.9449709798222
2025-09-06 23:00:00+00:00,3705.842064792001,289.39533373872035,3416.446731053281,0.0,289.39533373872035
2025-09-07 00:00:00+00:00,3595.706021922,293.86519843671306,3301.8408234852873,0.0,293.86519843671306
2025-09-07 01:00:00+00:00,3480.2194511279995,297.99576650862235,3182.2236846193773,0.0,297.99576650862235
2025-09-07 02:00:00+00:00,3372.791021712001,301.4396309230321,3071.351390788969,0.0,301.4396309230321
2025-09-07 03:00:00+00:00,3280.8754972139986,303.87532389839856,2977.0001733156,0.0,303.87532389839856
2025-09-07 04:00:00+00:00,3210.8620847100015,305.020808861748,2905.8412758482536,0.0,305.020808861748
2025-09-07 05:00:00+00:00,3167.6331056159993,304.6453643735011,2862.987741242498,0.0,304.6453643735011
2025-09-07 06:00:00+00:00,3154.2258573839986,302.5793617127531,2851.6464956712452,0.0,302.5793617127531
2025-09-07 07:00:00+00:00,3171.6208061999996,584.300668991352,2587.320137208648,285.5791128818642,298.7215561094879
2025-09-07 08:00:00+00:00,3218.6706904379985,843.1325187212799,2375.5381717167184,550.08894648635,293.04357223492985
2025-09-07 09:00:00+00:00,3292.175468316,1061.5220805512658,2230.6533877647344,775.9306718214771,285.5914087297887
2025-09-07 10:00:00+00:00,3387.098061774,1224.7748779152212,2162.323183858779,948.2909723335915,276.48390558162953
2025-09-07 11:00:00+00:00,3496.9062744,1321.9402228599818,2174.9660515400183,1056.03200414906,265.90821871092174
2025-09-07 12:00:00+00:00,3614.017603308001,1346.4332354734158,2267.5843678345855,1092.3207281750429,254.112507298373
2025-09-07 13:00:00+00:00,3730.3166570880007,1296.374579003204,2433.942078084797,1054.9784597698508,241.3961192333531
2025-09-07 14:00:00+00:00,3837.709877903998,1174.6462489110738,2663.0636289929244,946.5485735130185,228.09767539805532
2025-09-07 15:00:00+00:00,3928.6797842459982,988.6753491845652,2940.004435061433,774.0937980914998,214.58155109306546
2025-09-07 16:00:00+00:00,3996.8008363080003,749.9677509903921,3246.833085317608,548.7444544601552,201.22329653023687
2025-09-07 17:00:00+00:00,4037.1817238759977,473.42064994061343,3563.761073935384,285.02605469374754,188.39459524686586
2025-09-07 18:00:00+00:00,4046.803856718,176.44837999628805,3870.355476721712,0.0,176.44837999628805
2025-09-07 19:00:00+00:00,4024.732824042,165.70471088349728,3859.028113158503,0.0,165.70471088349728
2025-09-07 20:00:00+00:00,3972.188289930001,156.43799242000404,3815.750297509997,0.0,156.43799242000404
2025-09-07 21:00:00+00:00,3892.4674719000004,148.86605441933608,3743.601417480664,0.0,148.86605441933608
2025-09-07 22:00:00+00:00,3790.7271784619998,143.14154772199157,3647.585630740008,0.0,143.14154772199157
2025-09-07 23:00:00+00:00,3673.6391635859995,139.3459941004421,3534.2931694855574,0.0,139.3459941004421
2025-09-08 00:00:00+00:00,3932.5754037359998,137.48674541162745,3795.0886583243723,0.0,137.48674541162745
2025-09-08 01:00:00+00:00,3808.5539374260006,137.49697102841478,3671.0569663975857,0.0,137.49697102841478
2025-09-08 02:00:00+00:00,3693.479930826002,139.238672071371,3554.241258754631,0.0,139.238672071371
2025-09-08 03:00:00+00:00,3595.0541834760006,142.50860414870073,3452.5455793273,0.0,142.50860414870073
2025-09-08 04:00:00+00:00,3519.8862531419995,147.0468564942119,3372.8393966477875,0.0,147.0468564942119
2025-09-08 05:00:00+00:00,3473.047921686,152.54774593473388,3320.500175751266,0.0,152.54774593473388
2025-09-08 06:00:00+00:00,3457.730462676,158.67257248019993,3299.0578901958,0.0,158.67257248019993
2025-09-08 07:00:00+00:00,3475.0291859639997,478.7697009675974,2996.2594849964025,313.70598565597606,165.06371531162134
2025-09-08 08:00:00+00:00,3523.869732936,781.0161546244203,2742.85357831158,609.6566599137069,171.3594947107134
2025-09-08 09:00:00+00:00,3601.0812340440007,1043.8077809058682,2557.2734531381325,866.5985946152073,177.20918629066085
2025-09-08 10:00:00+00:00,3701.611267913999,1248.0622914524795,2453.5489764615195,1065.7747175649695,182.28757388750995
2025-09-08 11:00:00+00:00,3818.868055002,1378.7160864281072,2440.1519685738926,1192.407634558678,186.30845186942918
2025-09-08 12:00:00+00:00,3945.166567524001,1425.9437138090425,2519.2228537149585,1236.907205486835,189.03650832220742
2025-09-08 13:00:00+00:00,4072.248255054001,1385.9859818464495,2686.2622732075515,1195.6888607287674,190.29712111768205
2025-09-08 14:00:00+00:00,4191.839037204,1261.5040540061555,2930.334983197845,1071.520404860202,189.98364914595348
2025-09-08 15:00:00+00:00,4296.207673842003,1061.4179713838982,3234.7897024581043,873.3560387916434,188.06193259225475
2025-09-08 16:00:00+00:00,4378.686546948001,800.2348296513809,3578.45171729662,615.663023314273,184.57180633710792
2025-09-08 17:00:00+00:00,4434.119539458001,496.9194500202427,3937.200089437758,317.2938738146377,179.62557620560497
2025-09-08 18:00:00+00:00,4459.2066214080005,173.40350760064908,4285.803113807351,0.0,173.40350760064908
2025-09-08 19:00:00+00:00,4452.721833588,166.14652465950343,4286.575308928496,0.0,166.14652465950343
2025-09-08 20:00:00+00:00,4415.589910787999,158.1464067921038,4257.443503995895,0.0,158.1464067921038
2025-09-08 21:00:00+00:00,4350.816573011998,149.7338892303901,4201.082683781608,0.0,149.7338892303901
2025-09-08 22:00:00+00:00,4263.277329023999,141.26515480443848,4122.012174219561,0.0,141.26515480443848
2025-09-08 23:00:00+00:00,4159.379312592001,133.10727143983215,4026.272041152169,0.0,133.10727143983215
2025-09-09 00:00:00+00:00,4052.1843628560005,125.62316609768139,3926.561196758319,0.0,125.62316609768139
2025-09-09 01:00:00+00:00,3938.6337220860005,119.15675323376041,3819.47696885224,0.0,119.15675323376041
2025-09-09 02:00:00+00:00,3832.3840978079993,114.01883215660021,3718.365265651399,0.0,114.01883215660021
2025-09-09 03:00:00+00:00,3740.993567471999,110.47431665088753,3630.5192508211117,0.0,110.47431665088753
2025-09-09 04:00:00+00:00,3670.9696899540004,108.73133953139492,3562.2383504226054,0.0,108.73133953139492
2025-09-09 05:00:00+00:00,3627.325219685999,108.9326557611932,3518.392563924806,0.0,108.9326557611932
2025-09-09 06:00:00+00:00,3613.236723222,111.14971823306148,3502.0870049889386,0.0,111.14971823306148
2025-09-09 07:00:00+00:00,3629.829378336,381.87814469385967,3247.9512336421403,266.49849372468526,115.37965096917442
2025-09-09 08:00:00+00:00,3676.102471775999,628.6233591115623,3047.479112664437,507.0781040758528,121.54525503570947
2025-09-09 09:00:00+00:00,3749.000783639999,836.1595116307542,2912.8412720092447,706.6614688943353,129.498042736419
2025-09-09 10:00:00+00:00,3843.6267510060006,992.471627779165,2851.1551232268357,853.4474519007524,139.02417587841262
2025-09-09 11:00:00+00:00,3953.5789498380013,1089.3337062982446,2864.2452435397568,939.4806406869963,149.85306561124835
2025-09-09 12:00:00+00:00,4071.3936999119987,1122.6056800949982,2948.7880198170005,960.9373929995215,161.6682870954767
2025-09-09 13:00:00+00:00,4189.059504881998,1092.264741352896,3096.794763529102,918.1443914736545,174.12034987924147
2025-09-09 14:00:00+00:00,4298.569224936001,1002.2018908530442,3296.3673340829564,815.3610740476871,186.84081680535718
2025-09-09 15:00:00+00:00,4392.472092497999,859.823066128652,3532.649026369347,660.3658839225466,199.45718220610547
2025-09-09 16:00:00+00:00,4464.387893531998,675.4966516611071,3788.891241870891,463.88874260800304,211.60790905310398
2025-09-09 17:00:00+00:00,4509.448037976,461.88685369255313,4047.561184283447,238.92985779666233,222.95699589589083
2025-09-09 18:00:00+00:00,4524.633362928002,233.2075028296149,4291.425860098387,0.0,233.2075028296149
2025-09-09 19:00:00+00:00,4508.985456360001,242.11345094570393,4266.872005414297,0.0,242.11345094570393
2025-09-09 20:00:00+00:00,4463.677006446001,249.48963910141867,4214.187367344582,0.0,249.48963910141867
2025-09-09 21:00:00+00:00,4391.936196396001,255.21895363521526,4136.717242760786,0.0,255.21895363521526
2025-09-09 22:00:00+00:00,4298.830277615998,259.25688416945894,4039.5733934465393,0.0,259.25688416945894
2025-09-09 23:00:00+00:00,4190.922858528002,261.6330606690104,3929.2897978589913,0.0,261.6330606690104
2025-09-10 00:00:00+00:00,4081.471996224,262.4497422590465,3819.0222539649535,0.0,262.4497422590465
2025-09-10 01:00:00+00:00,3967.3372956839994,261.8773302560576,3705.459965427942,0.0,261.8773302560576
2025-09-10 02:00:00+00:00,3862.286363039999,260.1470761963071,3602.1392868436915,0.0,260.1470761963071
2025-09-10 03:00:00+00:00,3773.8651648320015,257.54130351122524,3516.3238613207764,0.0,257.54130351122524
2025-09-10 04:00:00+00:00,3708.525053436,254.38151990595537,3454.1435335300444,0.0,254.38151990595537
2025-09-10 05:00:00+00:00,3671.179808940001,251.01492835796006,3420.164880582041,0.0,251.01492835796006
2025-09-10 06:00:00+00:00,3664.866567600002,247.7998779222583,3417.0666896777434,0.0,247.7998779222583
2025-09-10 07:00:00+00:00,3690.533836374,496.5346876392488,3193.9991487347515,251.443832223981,245.0908554152678
2025-09-10 08:00:00+00:00,3746.9711860139996,732.3936854124278,3014.577500601572,489.17005749129373,243.22362792113404
2025-09-10 09:00:00+00:00,3830.8854840479994,938.8381462836122,2892.047337764387,696.3369920865965,242.5011541970157
2025-09-10 10:00:00+00:00,3937.118670576001,1101.1184180273347,2836.000252548666,857.9375896836584,243.18082834367624
2025-09-10 11:00:00+00:00,4058.9923444139995,1207.4290389614646,2851.563305452535,961.9654412941842,245.4635976672803
2025-09-10 12:00:00+00:00,4188.755841312003,1249.8730188485026,2938.882822463501,1000.3876390037041,249.48537984479864
2025-09-10 13:00:00+00:00,4318.107448494001,1225.1440240293762,3092.963424464625,969.832874973395,255.31114905598116
2025-09-10 14:00:00+00:00,4438.753347546002,1134.8573094381445,3303.8960381078577,871.9253876865598,262.9319217515847
2025-09-10 15:00:00+00:00,4542.966408834,985.490644965882,3557.4757638681176,713.2258727866648,272.2647721792172
2025-09-10 16:00:00+00:00,4624.1068333739995,787.9321042574156,3836.174729116584,504.77622732994297,283.1558769274727
2025-09-10 17:00:00+00:00,4677.069352955999,556.6684021503411,4120.400950805659,261.28193786873857,295.38646428160257
2025-09-10 18:00:00+00:00,4698.62659035,308.6814229345176,4389.9451674154825,0.0,308.6814229345176
2025-09-10 19:00:00+00:00,4687.645307982002,322.7202196126358,4364.925088369367,0.0,322.7202196126358
2025-09-10 20:00:00+00:00,4645.160872002,337.14968423900143,4308.011187762999,0.0,337.14968423900143
2025-09-10 21:00:00+00:00,4574.3049134580015,351.59812957968853,4222.706783878313,0.0,351.59812957968853
2025-09-10 22:00:00+00:00,4480.091196378001,365.69023831050845,4114.400958067492,0.0,365.69023831050845
2025-09-10 23:00:00+00:00,4369.074196158001,379.0621016455303,3990.0120945124704,0.0,379.0621016455303
2025-09-11 00:00:00+00:00,4254.62448894,391.37579662622824,3863.248692313772,0.0,391.37579662622824
2025-09-11 01:00:00+00:00,4133.526956873999,402.3329083925427,3731.194048481456,0.0,402.3329083925427
2025-09-11 02:00:00+00:00,4019.7475789800005,411.6864377661329,3608.061141213868,0.0,411.6864377661329
2025-09-11 03:00:00+00:00,3920.9929027079997,419.25061506262796,3501.742287645372,0.0,419.25061506262796
2025-09-11 04:00:00+00:00,3843.91040082,424.90821572159587,3419.0021850984044,0.0,424.90821572159587
2025-09-11 05:00:00+00:00,3793.6409488740005,428.61507241262865,3365.025876461372,0.0,428.61507241262865
2025-09-11 06:00:00+00:00,3773.4745148099973,430.40161283325347,3343.072901976744,0.0,430.40161283325347
2025-09-11 07:00:00+00:00,3784.632302556,677.4672919338323,3107.1650106221678,247.09594340707798,430.37134852675433
2025-09-11 08:00:00+00:00,3826.1901033300005,905.1640556029633,2921.026047727037,476.4676743437279,428.6963812592355
2025-09-11 09:00:00+00:00,3895.147923828,1098.8922229269958,2796.2557009010043,673.2821089216108,425.6101140053851
2025-09-11 10:00:00+00:00,3986.640932399999,1246.2863556458055,2740.3545767541937,824.888891893848,421.39746375195756
2025-09-11 11:00:00+00:00,4094.2772537519986,1337.903933566519,2756.3733201854793,921.5209619081767,416.38297165834234
2025-09-11 12:00:00+00:00,4210.57942116,1367.7380435134662,2842.841377646533,956.8207346335776,410.91730887988865
2025-09-11 13:00:00+00:00,4327.499232252001,1333.5435506951867,2993.9556815568144,928.1808299759774,405.3627207192092
2025-09-11 14:00:00+00:00,4436.970876114001,1236.9724747003236,3199.998401413677,836.8944660015378,400.0780086987857
2025-09-11 15:00:00+00:00,4531.464408239999,1083.5176578140079,3447.946750425991,688.1139877040137,395.4036701099942
2025-09-11 16:00:00+00:00,4604.501900123998,882.2655395485622,3722.236360575436,490.6177419593865,391.64779758917575
2025-09-11 17:00:00+00:00,4651.100906423999,645.4605663542195,4005.640340069779,256.387250219925,389.07331613429454
2025-09-11 18:00:00+00:00,4668.115042416,387.8870869195425,4280.227955496457,0.0,387.8870869195425
2025-09-11 19:00:00+00:00,4654.44840861,388.2313207641138,4266.217087845886,0.0,388.2313207641138
2025-09-11 20:00:00+00:00,4611.129282773999,390.17764430237855,4220.951638471621,0.0,390.17764430237855
2025-09-11 21:00:00+00:00,4541.238027144,393.7240805768291,4147.513946567171,0.0,393.7240805768291
2025-09-11 22:00:00+00:00,4449.694246074,398.7950519953836,4050.8991940786163,0.0,398.7950519953836
2025-09-11 23:00:00+00:00,4342.91768904,405.2444078710245,3937.673281168976,0.0,405.2444078710245
2025-09-12 00:00:00+00:00,4234.182167922001,412.86136268758173,3821.3208052344194,0.0,412.86136268758173
2025-09-12 01:00:00+00:00,4119.916622891999,421.3790885455637,3698.5375343464357,0.0,421.3790885455637
2025-09-12 02:00:00+00:00,4013.928772434,430.4856224374429,3583.443149996557,0.0,430.4856224374429
2025-09-12 03:00:00+00:00,3923.668832663999,439.83663070964894,3483.8322019543502,0.0,439.83663070964894
2025-09-12 04:00:00+00:00,3855.5113078859995,449.0695168797574,3406.441791006242,0.0,449.0695168797574
2025-09-12 05:00:00+00:00,3814.3139795460006,457.818291698701,3356.4956878472995,0.0,457.818291698701
2025-09-12 06:00:00+00:00,3803.0802854519984,465.72859329614244,3337.3516921558557,0.0,465.72859329614244
2025-09-12 07:00:00+00:00,3822.748314209999,778.0480540913461,3044.700260118653,305.5758044082427,472.47224968310337
2025-09-12 08:00:00+00:00,3872.1208716119986,1073.9532412562185,2798.16763035578,596.1924594556675,477.7607818005509
2025-09-12 09:00:00+00:00,3947.9415863580007,1331.9456890824626,2615.995897275538,850.5883920270038,481.3572970554589
2025-09-12 10:00:00+00:00,4045.1119774380018,1532.8055647470242,2512.3064126909776,1049.7192845330699,483.08628021395435
2025-09-12 11:00:00+00:00,4157.034822822,1657.2195924268417,2499.8152303951583,1174.3786996607244,482.8408927661174
2025-09-12 12:00:00+00:00,4276.060481490001,1696.3937661612792,2579.6667153287217,1215.8062951764064,480.5874709848728
2025-09-12 13:00:00+00:00,4394.005927583997,1650.745735290241,2743.2601922937556,1174.3786996607244,476.36703562951686
2025-09-12 14:00:00+00:00,4502.711075981999,1523.21290946522,2979.498166516779,1052.919137573592,470.29377189162796
2025-09-12 15:00:00+00:00,4594.594598831999,1322.2553851966545,3272.3392136353445,859.704876040258,462.55050915639663
2025-09-12 16:00:00+00:00,4663.171339259999,1061.2845655192823,3601.8867737407163,607.9031468387592,453.381418680523
2025-09-12 17:00:00+00:00,4703.496045779998,757.7560248790842,3945.740020900914,314.67382362046635,443.08220125861783
2025-09-12 18:00:00+00:00,4712.503156493998,431.9881855545565,4280.514970939442,0.0,431.9881855545565
2025-09-12 19:00:00+00:00,4689.219433584002,420.4608080483964,4268.7586255356055,0.0,420.4608080483964
2025-09-12 20:00:00+00:00,4634.834821679999,408.8730409225108,4225.961780757488,0.0,408.8730409225108
2025-09-12 21:00:00+00:00,4552.626698466001,397.59435639037207,4155.032342075629,0.0,397.59435639037207
2025-09-12 22:00:00+00:00,4447.742442485998,386.9758440657993,4060.766598420199,0.0,386.9758440657993
2025-09-12 23:00:00+00:00,4326.855101519998,377.33609427385915,3949.519007246139,0.0,377.33609427385915
2025-09-13 00:00:00+00:00,3825.4363974959992,368.9484151057242,3456.487982390275,0.0,368.9484151057242
2025-09-13 01:00:00+00:00,3696.3516630179993,362.0299207074324,3334.321742310567,0.0,362.0299207074324
2025-09-13 02:00:00+00:00,3575.6265446159982,356.7329196115813,3218.893625004417,0.0,356.7329196115813
2025-09-13 03:00:00+00:00,3471.004121843999,353.13897129626446,3117.8651505477346,0.0,353.13897129626446
2025-09-13 04:00:00+00:00,3389.1448607099996,351.25584459824006,3037.8890161117597,0.0,351.25584459824006
2025-09-13 05:00:00+00:00,3335.178951174001,351.0175021870864,2984.161448986915,0.0,351.0175021870864
2025-09-13 06:00:00+00:00,3312.3623700299995,352.2871140576485,2960.075255972351,0.0,352.2871140576485
2025-09-13 07:00:00+00:00,3321.8600044140003,637.6019402713126,2684.2580641426875,282.7389614799883,354.86297879132434
2025-09-13 08:00:00+00:00,3362.6704665960015,899.1825369939604,2463.487929602041,540.69543799656,358.4870989974004
2025-09-13 09:00:00+00:00,3431.6976522780014,1120.1895163409044,2311.508135937097,757.3334425390863,362.8560738018183
2025-09-13 10:00:00+00:00,3523.964117436001,1286.8862300229855,2237.0778874130156,919.2523844576392,367.63384556534635
2025-09-13 11:00:00+00:00,3632.951621837999,1389.376452747518,2243.575169090481,1016.9106561366386,372.4657966108793
2025-09-13 12:00:00+00:00,3751.045694886,1422.0739903948152,2328.971704491185,1045.080388113662,376.99360228115336
2025-09-13 13:00:00+00:00,3870.0538256100003,1383.9010113074416,2486.152814302559,1003.0307705738854,380.87024073355616
2025-09-13 14:00:00+00:00,3981.762093665999,1278.2259184321588,2703.5361752338404,894.4513807332249,383.7745376989339
2025-09-13 15:00:00+00:00,4078.492271196001,1112.5613365498202,2965.930934646181,727.1366744129016,385.4246621369185
2025-09-13 16:00:00+00:00,4153.621518731997,898.0489325679409,3255.572586164056,512.4589290611225,385.59000350681845
2025-09-13 17:00:00+00:00,4202.029394430002,648.7615859961472,3553.267808433855,264.660630728641,384.10095526750627
2025-09-13 18:00:00+00:00,4220.441765735999,380.8562016736781,3839.585564062321,0.0,380.8562016736781
2025-09-13 19:00:00+00:00,4207.648334904,375.82720400552984,3831.82113089847,0.0,375.82720400552984
2025-09-13 20:00:00+00:00,4164.579105288,369.0597095329587,3795.519395755042,0.0,369.0597095329587
2025-09-13 21:00:00+00:00,4094.234702249997,360.6722100210221,3733.562492228975,0.0,360.6722100210221
2025-09-13 22:00:00+00:00,4001.4754651620005,350.8514266665489,3650.6240384954517,0.0,350.8514266665489
2025-09-13 23:00:00+00:00,3892.6838393519984,339.8449929895182,3552.83884636248,0.0,339.8449929895182
2025-09-14 00:00:00+00:00,3781.264744194,327.9516395421574,3453.3131046518424,0.0,327.9516395421574
2025-09-14 01:00:00+00:00,3663.3650523119986,315.50928484703655,3347.855767464962,0.0,315.50928484703655
2025-09-14 02:00:00+00:00,3552.9700820040002,302.88151164735626,3250.088570356644,0.0,302.88151164735626
2025-09-14 03:00:00+00:00,3457.5846439260004,290.44299331442977,3167.1416506115706,0.0,290.44299331442977
2025-09-14 04:00:00+00:00,3383.6590893419993,278.5644515225326,3105.0946378194667,0.0,278.5644515225326
2025-09-14 05:00:00+00:00,3336.146581068,267.59777509680254,3068.5488059711975,0.0,267.59777509680254
2025-09-14 06:00:00+00:00,3318.163288062001,257.86189667020676,3060.301391391794,0.0,257.86189667020676
2025-09-14 07:00:00+00:00,3330.7747625459997,519.0963967525837,2811.678365793416,269.46638036025007,249.6300163923336
2025-09-14 08:00:00+00:00,3372.923045478,763.8559664443762,2609.0670790336235,520.7372828801574,243.1186835642188
2025-09-14 09:00:00+00:00,3441.4995525960003,974.5468919212253,2466.952660674775,736.0677025152299,238.47918940599533
2025-09-14 10:00:00+00:00,3531.558693054,1136.0304221440765,2395.5282709099233,900.2387955709434,235.79162657313316
2025-09-14 11:00:00+00:00,3636.6576451379997,1236.787478681898,2399.8701664561017,1001.7256318516158,235.06184683028212
2025-09-14 12:00:00+00:00,3749.299089564001,1269.8085995870224,2479.4904899769786,1033.5871474076616,236.2214521793608
2025-09-14 13:00:00+00:00,3861.446676107999,1233.1283528432468,2628.318323264752,993.9975407946141,239.13081204863266
2025-09-14 14:00:00+00:00,3965.0778834659986,1129.954753246038,2835.1231302199603,886.3697679527202,243.584985293318
2025-09-14 15:00:00+00:00,4052.7366161100003,968.3812399463965,3084.355376163604,719.0589302622742,249.3223096841223
2025-09-14 16:00:00+00:00,4118.047674048001,760.7075131901327,3357.340160857868,504.6722224907596,256.03529069937304
2025-09-14 17:00:00+00:00,4156.157857194002,522.431828842591,3633.7260283514106,259.0484613769259,263.3833674656651
2025-09-14 18:00:00+00:00,4164.073590389999,271.0070065278571,3893.0665838621417,0.0,271.0070065278571
2025-09-14 19:00:00+00:00,4140.871814436,278.5425696933044,3862.3292447426957,0.0,278.5425696933044
2025-09-14 20:00:00+00:00,4087.7696439720003,285.63733048060294,3802.1323134913973,0.0,285.63733048060294
2025-09-14 21:00:00+00:00,4008.047909669999,291.9640351435658,3716.083874526433,0.0,291.9640351435658
2025-09-14 22:00:00+00:00,3906.8336157479994,297.2343998052029,3609.5992159427965,0.0,297.2343998052029
2025-09-14 23:00:00+00:00,3790.7560198200003,301.21100547243344,3489.545014347567,0.0,301.21100547243344
2025-09-15 00:00:00+00:00,4051.659911670001,303.7170933651887,3747.942818304812,0.0,303.7170933651887
2025-09-15 01:00:00+00:00,3929.444731379999,304.6438628025594,3624.80086857744,0.0,304.6438628025594
2025-09-15 02:00:00+00:00,3816.4692082439997,303.95497221899114,3512.5142360250084,0.0,303.95497221899114
2025-09-15 03:00:00+00:00,3720.3535862219996,301.6880584790485,3418.6655277429513,0.0,301.6880584790485
2025-09-15 04:00:00+00:00,3647.6216710500003,297.9532153446734,3349.668455705327,0.0,297.9532153446734
2025-09-15 05:00:00+00:00,3603.2562983340013,292.9284909803376,3310.3278073536635,0.0,292.9284909803376
2025-09-15 06:00:00+00:00,3590.3587603379983,286.8525841522878,3303.5061761857105,0.0,286.8525841522878
2025-09-15 07:00:00+00:00,3609.935416416001,502.3655703664317,3107.569846049569,222.35052294564045,280.0150474207913
2025-09-15 08:00:00+00:00,3660.8261516819994,699.8934297683313,2960.932721913668,427.14903616425613,272.7443936040752
2025-09-15 09:00:00+00:00,3739.779536766001,867.0866086045039,2872.692928161497,601.692017353416,265.3945912510879
2025-09-15 10:00:00+00:00,3841.669708547998,993.6276016016112,2848.042106946387,735.2970987234154,258.33050287819583
2025-09-15 11:00:00+00:00,3959.84029455,1071.7327948622533,2888.107499687747,819.8199300384424,251.912864823811
2025-09-15 12:00:00+00:00,4086.552071195999,1096.5191091985855,2990.0329619974136,850.0356875764505,246.4834216221349
2025-09-15 13:00:00+00:00,4213.503974736,1066.237038637281,3147.2669360987184,823.8862152760294,242.3508233612517
2025-09-15 14:00:00+00:00,4332.392116247998,982.3715211317607,3350.0205951162375,742.5936584319745,239.7778626997862
2025-09-15 15:00:00+00:00,4435.468864511999,849.6091728213626,3585.8596916906363,610.6385919218768,238.97058089948575
2025-09-15 16:00:00+00:00,4516.064026614001,675.666531116394,3840.3974954976065,435.59685425835397,240.0696768580401
2025-09-15 17:00:00+00:00,4569.032837081999,470.9714399635121,4098.061397118487,227.82685707302065,243.14458289049148
2025-09-15 18:00:00+00:00,4591.100272542,248.19044606150666,4342.909826480493,0.0,248.19044606150666
2025-09-15 19:00:00+00:00,4581.078454218001,255.1281348393107,4325.95031937869,0.0,255.1281348393107
2025-09-15 20:00:00+00:00,4539.942452471998,263.8072777252139,4276.135174746784,0.0,263.8072777252139
2025-09-15 21:00:00+00:00,4470.759360564001,274.0122052160243,4196.747155347977,0.0,274.0122052160243
2025-09-15 22:00:00+00:00,4378.47570258,285.4705518611163,4093.0051507188837,0.0,285.4705518611163
2025-09-15 23:00:00+00:00,4269.577636505998,297.8641746276043,3971.713461878394,0.0,297.8641746276043
2025-09-16 00:00:00+00:00,4157.727168125999,310.8419284522252,3846.885239673774,0.0,310.8419284522252
2025-09-16 01:00:00+00:00,4038.924914388,324.03378440908955,3714.8911299789106,0.0,324.03378440908955
2025-09-16 02:00:00+00:00,3927.4340276219955,337.06571381908566,3590.36831380291,0.0,337.06571381908566
2025-09-16 03:00:00+00:00,3830.9040343140005,349.57472613907424,3481.329308174926,0.0,349.57472613907424
2025-09-16 04:00:00+00:00,3755.9317789560014,361.223442554406,3394.7083364015953,0.0,361.223442554406
2025-09-16 05:00:00+00:00,3707.615076564002,371.7136175106568,3335.901459053345,0.0,371.7136175106568
2025-09-16 06:00:00+00:00,3689.2093609559993,380.79804925418387,3308.4113117018155,0.0,380.79804925418387
2025-09-16 07:00:00+00:00,3701.910608886001,665.6632814957453,3036.2473273902556,277.3728915479976,388.2903899477477
2025-09-16 08:00:00+00:00,3744.779255532001,935.9327098276638,2808.8465457043376,541.8602448305535,394.0724649971103
2025-09-16 09:00:00+00:00,3814.810098413999,1172.1457647027541,2642.664333711245,774.0469773276562,398.09878737509797
2025-09-16 10:00:00+00:00,3907.1433326520005,1356.863231610172,2550.2801010418284,956.4651354513336,400.3980961588386
2025-09-16 11:00:00+00:00,4015.4021590200005,1476.0828125316318,2539.319346488369,1075.0109642267448,401.071848304887
2025-09-16 12:00:00+00:00,4132.1338119600005,1520.4103959224192,2611.723416037581,1120.1206635028718,400.2897324195474
2025-09-16 13:00:00+00:00,4249.32377058,1485.8775945009872,2763.4461760790127,1087.595214017024,398.2823804839631
2025-09-16 14:00:00+00:00,4358.947986456,1374.3273061640887,2984.6206802919114,978.9957195918826,395.33158657220605
2025-09-16 15:00:00+00:00,4453.525340502001,1193.328520929484,3260.196819572517,801.5700965243788,391.7584244051053
2025-09-16 16:00:00+00:00,4526.632507235998,955.6253764309804,3571.0071308050174,567.7156188214541,387.9097576095263
2025-09-16 17:00:00+00:00,4573.346072987999,678.1685043304169,3895.177568657582,294.02481454613377,384.1436897842832
2025-09-16 18:00:00+00:00,4590.58162017,380.8145591412837,4209.767061028716,0.0,380.8145591412837
2025-09-16 19:00:00+00:00,4577.306582352,378.258081751185,4199.048500600815,0.0,378.258081751185
2025-09-16 20:00:00+00:00,4534.612345535998,376.77725925204896,4157.83508628395,0.0,376.77725925204896
2025-09-16 21:00:00+00:00,4465.640560374,376.62962843454164,4089.0109319394587,0.0,376.62962843454164
2025-09-16 22:00:00+00:00,4375.36871331,378.01637466777345,3997.3523386422266,0.0,378.01637466777345
2025-09-16 23:00:00+00:00,4270.2695830620005,381.07375128268245,3889.195831779318,0.0,381.07375128268245
2025-09-17 00:00:00+00:00,4164.0142320840005,385.8671605287258,3778.1470715552746,0.0,385.8671605287258
2025-09-17 01:00:00+00:00,4052.3699418719984,392.3881467353665,3659.981795136632,0.0,392.3881467353665
2025-09-17 02:00:00+00:00,3949.525650966,400.5544051839846,3548.971245782015,0.0,400.5544051839846
2025-09-17 03:00:00+00:00,3862.9529085000004,410.212827391338,3452.7400811086623,0.0,410.212827391338
2025-09-17 04:00:00+00:00,3799.0374897720008,421.1454489865816,3377.8920407854193,0.0,421.1454489865816
2025-09-17 05:00:00+00:00,3762.63796524,433.07805768294395,3329.5599075570562,0.0,433.07805768294395
2025-09-17 06:00:00+00:00,3756.7479100620008,445.69111090357455,3311.056799158426,0.0,445.69111090357455
2025-09-17 07:00:00+00:00,3782.284962162001,736.8811153928292,3045.403846769172,278.2486003627732,458.632515030056
2025-09-17 08:00:00+00:00,3838.0212110099997,1007.6111678295977,2830.4100431804018,536.0794176055089,471.53175022408874
2025-09-17 09:00:00+00:00,3920.659863288001,1240.639343812801,2680.0205194751998,756.6245959298396,484.0147478829613
2025-09-17 10:00:00+00:00,4025.053078073999,1421.2759917469775,2603.7770863270216,925.5570580429508,495.71893370402677
2025-09-17 11:00:00+00:00,4144.546319675998,1538.2424127358695,2606.303906940129,1031.9346144159526,506.30779831991697
2025-09-17 12:00:00+00:00,4271.425867421999,1584.3214274722438,2687.104439949755,1068.8370071633153,515.4844203089285
2025-09-17 13:00:00+00:00,4397.439156348,1556.7746049155085,2840.664551432492,1033.7712348338612,523.0033700816474
2025-09-17 14:00:00+00:00,4514.352583230001,1457.5096175049412,3056.84296572506,928.8290960297205,528.6805214752205
2025-09-17 15:00:00+00:00,4614.508841754,1292.9891810748745,3321.5196606791255,760.5888173881779,532.4003636866968
2025-09-17 16:00:00+00:00,4691.345956668,1073.880997534818,3617.464959133182,539.7604856343595,534.1205119004587
2025-09-17 17:00:00+00:00,4739.842634394002,814.457345290467,3925.385289103535,280.58410316163514,533.8732421288317
2025-09-17 18:00:00+00:00,4756.85964222,531.7639763332746,4225.095665886725,0.0,531.7639763332746
2025-09-17 19:00:00+00:00,4741.353999606,527.9667851048143,4213.387214501186,0.0,527.9667851048143
2025-09-17 20:00:00+00:00,4694.451295799999,522.7170986498091,4171.734197150189,0.0,522.7170986498091
2025-09-17 21:00:00+00:00,4619.371242738,516.3019099821943,4103.069332755806,0.0,516.3019099821943
2025-09-17 22:00:00+00:00,4521.211439093999,509.04788878068064,4012.163550313318,0.0,509.04788878068064
2025-09-17 23:00:00+00:00,4406.604027042,501.3078783401676,3905.2961487018324,0.0,501.3078783401676
2025-09-18 00:00:00+00:00,4289.47968792,493.4463397230475,3796.033348196953,0.0,493.4463397230475
2025-09-18 01:00:00+00:00,4165.702217207998,485.82432791720356,3679.8778892907944,0.0,485.82432791720356
2025-09-18 02:00:00+00:00,4049.7769430159983,478.7846291670573,3570.992313848941,0.0,478.7846291670573
2025-09-18 03:00:00+00:00,3949.446991560001,472.6376531563804,3476.8093384036206,0.0,472.6376531563804
2025-09-18 04:00:00+00:00,3871.3832768939997,467.6486729822562,3403.7346039117433,0.0,467.6486729822562
2025-09-18 05:00:00+00:00,3820.7364439019993,464.02692009777326,3356.709523804226,0.0,464.02692009777326
2025-09-18 06:00:00+00:00,3800.79227367,461.9169918661926,3338.8752818038074,0.0,461.9169918661926
2025-09-18 07:00:00+00:00,3812.7539416259997,756.5655244539853,3056.1884171720144,295.1726045048859,461.3929199490994
2025-09-18 08:00:00+00:00,3855.6657760739995,1031.9938072967775,2823.671968777222,569.5386623120363,462.4551449847413
2025-09-18 09:00:00+00:00,3926.483573585999,1268.5533854588734,2657.9301881271253,803.5228762641036,465.0305091947699
2025-09-18 10:00:00+00:00,4020.28660992,1449.5315286867371,2570.755081233263,980.5562388482512,468.97528983848605
2025-09-18 11:00:00+00:00,4130.616698838,1562.4378354553164,2568.1788633826836,1088.356709066582,474.08112638873433
2025-09-18 12:00:00+00:00,4249.921184165999,1599.9471010382686,2649.9740831277304,1119.8634887998603,480.0836122384083
2025-09-18 13:00:00+00:00,4370.069568732002,1560.416216450601,2809.653352281401,1073.7430189108206,486.67319753978035
2025-09-18 14:00:00+00:00,4482.908507951995,1447.9323277323754,3034.976180219619,954.4243799804876,493.5079477518877
2025-09-18 15:00:00+00:00,4580.817367601999,1271.8933964333578,3308.923971168641,771.6657464542886,500.2276499790691
2025-09-18 16:00:00+00:00,4657.226435021999,1046.1658602168527,3611.0605748051466,539.6971830982836,506.468677118569
2025-09-18 17:00:00+00:00,4707.062566667999,787.9024911953733,3919.1600754726255,276.02348466811515,511.8790065272581
2025-09-18 18:00:00+00:00,4727.0918356619995,516.1327751310034,4210.959060530996,0.0,516.1327751310034
2025-09-18 19:00:00+00:00,4716.136009535999,518.9437839519068,4197.192225584092,0.0,518.9437839519068
2025-09-18 20:00:00+00:00,4675.148159639998,520.0773812938028,4155.070778346195,0.0,520.0773812938028
2025-09-18 21:00:00+00:00,4607.142299087998,519.3602558533833,4087.7820432346152,0.0,519.3602558533833
2025-09-18 22:00:00+00:00,4516.982084496001,516.6877301703901,4000.2943543256115,0.0,516.6877301703901
2025-09-18 23:00:00+00:00,4411.043012796002,512.0282527718988,3899.014760024103,0.0,512.0282527718988
2025-09-19 00:00:00+00:00,4303.045417272,505.4249100938237,3797.6205071781765,0.0,505.4249100938237
2025-09-19 01:00:00+00:00,4188.444037343995,496.99389607626557,3691.450141267729,0.0,496.99389607626557
2025-09-19 02:00:00+00:00,4081.5203932019995,486.91999562147095,3594.6003975805284,0.0,486.91999562147095
2025-09-19 03:00:00+00:00,3989.734381205999,475.4492748784707,3514.2851063275284,0.0,475.4492748784707
2025-09-19 04:00:00+00:00,3919.483862111999,462.87926743082886,3456.60459468117,0.0,462.87926743082886
2025-09-19 05:00:00+00:00,3875.663102808001,449.54706671339005,3426.116036094611,0.0,449.54706671339005
2025-09-19 06:00:00+00:00,3861.3242689559993,435.8158089164995,3425.5084600395,0.0,435.8158089164995
2025-09-19 07:00:00+00:00,3877.4652740880015,646.3269739458826,3231.138300142119,224.26688120632983,422.0600927395528
2025-09-19 08:00:00+00:00,3922.958420681999,837.7830573858325,3085.1753632961663,429.1321129267286,408.6509444591039
2025-09-19 09:00:00+00:00,3994.624864230001,998.0318982157512,2996.59296601425,602.0909658749407,395.9409323408105
2025-09-19 10:00:00+00:00,4087.449843834001,1117.099230076392,2970.350613757609,732.849183822688,384.25004625370394
2025-09-19 11:00:00+00:00,4194.924074124,1187.6526166693423,3007.271457454658,813.7997034229456,373.8529132463966
2025-09-19 12:00:00+00:00,4309.48801416,1205.3228780056947,3104.165136154305,840.3549936485057,364.967884357189
2025-09-19 13:00:00+00:00,4423.048733922001,1168.886656683887,3254.162077238114,811.1382359561002,357.7484207277868
2025-09-19 14:00:00+00:00,4527.534152819998,1080.3134151721054,3447.2207376478927,728.0362650098688,352.2771501622366
2025-09-19 15:00:00+00:00,4615.446764921999,944.6773054295271,3670.7694594924715,596.1144858040396,348.56281962548746
2025-09-19 16:00:00+00:00,4680.379063163998,769.9312132040535,3910.447849959944,423.39092978987725,346.54028341417626
2025-09-19 17:00:00+00:00,4717.455475152001,566.5387008814877,4150.916774270513,220.46518866836925,346.0735122131184
2025-09-19 18:00:00+00:00,4723.670471772001,346.9615136172682,4376.708958154733,0.0,346.9615136172682
2025-09-19 19:00:00+00:00,4698.099784854001,348.9469090517066,4349.152875802294,0.0,348.9469090517066
2025-09-19 20:00:00+00:00,4641.970137168003,351.7268210851259,4290.243316082877,0.0,351.7268210851259
2025-09-19 21:00:00+00:00,4558.5825852419985,354.96562532328295,4203.616959918715,0.0,354.96562532328295
2025-09-19 22:00:00+00:00,4453.094544191999,358.3090412216917,4094.785502970308,0.0,358.3090412216917
2025-09-19 23:00:00+00:00,4332.1752100620015,361.3989888399675,3970.776221222034,0.0,361.3989888399675
2025-09-20 00:00:00+00:00,3831.744077573998,363.8885956793338,3467.855481894664,0.0,363.8885956793338
2025-09-20 01:00:00+00:00,3703.7045252339994,365.4567443987324,3338.247780835267,0.0,365.4567443987324
2025-09-20 02:00:00+00:00,3584.50389255,365.82156625217334,3218.6823262978264,0.0,365.82156625217334
2025-09-20 03:00:00+00:00,3481.8298458300033,364.7523198382775,3117.077525991726,0.0,364.7523198382775
2025-09-20 04:00:00+00:00,3402.2770746299993,362.0791760788159,3040.1978985511832,0.0,362.0791760788159
2025-09-20 05:00:00+00:00,3350.9011436460014,357.7005042756428,2993.2006393703587,0.0,357.7005042756428
2025-09-20 06:00:00+00:00,3330.8763414780005,351.58735981902475,2979.288981658976,0.0,351.58735981902475
2025-09-20 07:00:00+00:00,3343.28067486,595.0176605382569,2748.263014321743,251.23266738641553,343.7849931518414
2025-09-20 08:00:00+00:00,3387.0227323380004,823.0329218340423,2563.9898105039583,488.62160838371676,334.41131345032557
2025-09-20 09:00:00+00:00,3458.915363568,1018.660208045151,2440.2551555228492,695.0078381811052,323.6523698640458
2025-09-20 10:00:00+00:00,3553.8911644320006,1167.0264358258128,2386.864728606188,855.2713977218986,311.7550381039142
2025-09-20 11:00:00+00:00,3665.345145798001,1256.5375149719152,2408.8076308260856,957.5203061240014,299.0172088479139
2025-09-20 12:00:00+00:00,3785.5813270379995,1279.8100118463096,2505.7713151916896,994.0341346457675,285.7758772005421
2025-09-20 13:00:00+00:00,3906.3328518899993,1234.2721906045456,2672.0606612854535,961.8785657468408,272.3936248577049
2025-09-20 14:00:00+00:00,4019.3203247399997,1122.3815829368023,2896.9387418031974,863.1375408585584,259.24404207824387
2025-09-20 15:00:00+00:00,4116.810486263999,951.4418573051862,3165.368628958813,704.7451615958372,246.69669570934903
2025-09-20 16:00:00+00:00,4192.137198900003,733.0385818973,3459.0986170027027,497.93633682014536,235.1022450771546
2025-09-20 17:00:00+00:00,4240.14944871,482.1475143010848,3758.001934408915,257.3691912214228,224.77832307966204
2025-09-20 18:00:00+00:00,4257.556012122,215.99676211350925,4041.5592500084904,0.0,215.99676211350925
2025-09-20 19:00:00+00:00,4243.143363228,208.97267718744885,4034.1706860405516,0.0,208.97267718744885
2025-09-20 20:00:00+00:00,4197.852220673999,203.85586682258318,3993.9963538514157,0.0,203.85586682258318
2025-09-20 21:00:00+00:00,4124.707647983999,200.72486813264825,3923.9827798513506,0.0,200.72486813264825
2025-09-20 22:00:00+00:00,4028.60754744,199.58392263044223,3829.0236248095575,0.0,199.58392263044223
2025-09-20 23:00:00+00:00,3915.9842078699994,200.36297031321743,3715.621237556782,0.0,200.36297031321743
2025-09-21 00:00:00+00:00,3800.7561912180036,202.9206661124309,3597.8355251055727,0.0,202.9206661124309
2025-09-21 01:00:00+00:00,3678.235616621999,207.05031298424495,3471.185303637754,0.0,207.05031298424495
2025-09-21 02:00:00+00:00,3562.9391765099995,212.48844548344843,3350.4507310265512,0.0,212.48844548344843
2025-09-21 03:00:00+00:00,3462.456576683999,218.92573038480796,3243.530846299191,0.0,218.92573038480796
2025-09-21 04:00:00+00:00,3383.3272885860006,226.0197296664098,3157.307558919591,0.0,226.0197296664098
2025-09-21 05:00:00+00:00,3330.5957586300005,233.40900389089296,3097.1867547391075,0.0,233.40900389089296
2025-09-21 06:00:00+00:00,3307.4694563399994,240.72798004968263,3066.7414762903168,0.0,240.72798004968263
2025-09-21 07:00:00+00:00,3315.1031431980005,498.71371964241416,2816.3894235555863,251.0917479340511,247.62197170836302
2025-09-21 08:00:00+00:00,3352.523891052,740.6665685062143,2611.857322545786,486.9048225609525,253.76174594526182
2025-09-21 09:00:00+00:00,3416.701987145999,950.8121386881455,2465.889848457853,691.9551159847383,258.85702270340727
2025-09-21 10:00:00+00:00,3502.762728696,1115.2146489619365,2387.5480797340633,852.5462739814141,262.6683749805224
2025-09-21 11:00:00+00:00,3604.3245442260004,1222.6180438605124,2381.706500365488,957.6010167450814,265.01702711543095
2025-09-21 12:00:00+00:00,3713.9403100379973,1265.1622760286125,2448.778034009385,999.3701203971036,265.7921556315089
2025-09-21 13:00:00+00:00,3823.6116545339996,1238.9373811709277,2584.6742733630717,973.9819842641144,264.9553969068132
2025-09-21 14:00:00+00:00,3925.340952708002,1144.3387064108929,2781.002246297109,881.7963369647438,262.5423694461492
2025-09-21 15:00:00+00:00,4011.6833503320004,986.1895198648962,3025.493830467104,727.5283638199373,258.66115604495883
2025-09-21 16:00:00+00:00,4076.2609749539997,773.6034593558508,3302.657515598149,520.1156580613778,253.487801294473
2025-09-21 17:00:00+00:00,4114.204154802,519.5700727780084,3594.634082023991,272.3110539071628,247.25901887084558
2025-09-21 18:00:00+00:00,4122.489417102,240.26239620605088,3882.227020895949,0.0,240.26239620605088
2025-09-21 19:00:00+00:00,4100.151117215997,232.82450021249687,3867.3266170035004,0.0,232.82450021249687
2025-09-21 20:00:00+00:00,4048.3520976359964,225.29738162769775,3823.054716008299,0.0,225.29738162769775
2025-09-21 21:00:00+00:00,3970.308549438001,218.04401546894843,3752.2645339690525,0.0,218.04401546894843
2025-09-21 22:00:00+00:00,3871.0739714639994,211.42328606323346,3659.650685400766,0.0,211.42328606323346
2025-09-21 23:00:00+00:00,3757.1970106019985,205.77512068164532,3551.4218899203534,0.0,205.77512068164532
2025-09-22 00:00:00+00:00,4020.8764981980016,201.40639429073624,3819.470103907265,0.0,201.40639429073624
2025-09-22 01:00:00+00:00,3901.0432433280002,198.5781710051321,3702.4650723228683,0.0,198.5781710051321
2025-09-22 02:00:00+00:00,3790.405787574001,197.49480790213659,3592.9109796718644,0.0,197.49480790213659
2025-09-22 03:00:00+00:00,3696.4954201560017,198.29537440511368,3498.200045750888,0.0,198.29537440511368
2025-09-22 04:00:00+00:00,3625.7501862960007,201.047726586246,3424.7024597097547,0.0,201.047726586246
2025-09-22 05:00:00+00:00,3583.0723617779995,205.7454921954366,3377.3268695825627,0.0,205.7454921954366
2025-09-22 06:00:00+00:00,3571.489805604,212.3080824895239,3359.1817231144764,0.0,212.3080824895239
2025-09-22 07:00:00+00:00,3591.94431813,520.6068447709382,3071.3374733590617,300.02311243047745,220.58373234046073
2025-09-22 08:00:00+00:00,3643.22161413,809.9555879313501,2833.26602619865,579.6001457336235,230.35544219772657
2025-09-22 09:00:00+00:00,3722.027793329999,1061.0279790435254,2660.9998142864733,819.6783885475661,241.34959049595926
2025-09-22 10:00:00+00:00,3823.207222254001,1257.1437475999876,2566.0634746540136,1003.8969014944664,253.2468461055212
2025-09-22 11:00:00+00:00,3940.087200966,1385.3964515163584,2554.6907494496418,1119.7015009780434,265.69495053831497
2025-09-22 12:00:00+00:00,4064.9260115940015,1437.5231312996475,2627.402880294354,1159.2002929661348,278.3228383335127
2025-09-22 13:00:00+00:00,4189.434001368001,1410.4570243629807,2778.9769770050207,1119.7015009780434,290.75552338493736
2025-09-22 14:00:00+00:00,4305.332368554,1303.5390258785296,3001.7933426754703,1000.9098890482718,302.6291368302577
2025-09-22 15:00:00+00:00,4404.911664173999,1124.332563846567,3280.5791003274326,810.7270595064313,313.6055043401356
2025-09-22 16:00:00+00:00,4481.552128451999,891.4633368472901,3590.088791604709,568.0776677186776,323.3856691286125
2025-09-22 17:00:00+00:00,4530.170475222001,622.8234429720164,3907.3470322499847,291.10163973902405,331.72180323299244
2025-09-22 18:00:00+00:00,4547.562819450001,338.4270213260924,4209.135798123909,0.0,338.4270213260924
2025-09-22 19:00:00+00:00,4532.620425354001,343.38269708553804,4189.237728268463,0.0,343.38269708553804
2025-09-22 20:00:00+00:00,4486.403661431999,346.5429826931069,4139.860678738893,0.0,346.5429826931069
2025-09-22 21:00:00+00:00,4412.069127143999,347.9363466326408,4064.1327805113583,0.0,347.9363466326408
2025-09-22 22:00:00+00:00,4314.654956808001,347.66406546517,3966.9908913428308,0.0,347.66406546517
2025-09-22 23:00:00+00:00,4200.73889319,345.89573981721446,3854.843153372786,0.0,345.89573981721446
2025-09-23 00:00:00+00:00,4084.499214684001,342.8620046272211,3741.6372100567796,0.0,342.8620046272211
2025-09-23 01:00:00+00:00,3961.1681253899987,338.84475156028327,3622.3233738297154,0.0,338.84475156028327
2025-09-23 02:00:00+00:00,3845.514631895999,334.1652406473616,3511.3493912486374,0.0,334.1652406473616
2025-09-23 03:00:00+00:00,3745.2592505579996,329.1706164591709,3416.0886340988286,0.0,329.1706164591709
2025-09-23 04:00:00+00:00,3667.060143978,324.2193574327661,3342.8407865452336,0.0,324.2193574327661
2025-09-23 05:00:00+00:00,3616.0653439680004,319.6662645980805,3296.39907936992,0.0,319.6662645980805
2025-09-23 06:00:00+00:00,3595.5682332779993,315.8476085202104,3279.7206247577888,0.0,315.8476085202104
2025-09-23 07:00:00+00:00,3606.7896170880013,557.4110640317788,3049.3785530562227,244.34402554505579,313.06703848672305
2025-09-23 08:00:00+00:00,3648.8010488580026,779.8302510955008,2868.9707977625017,468.24742491725283,311.58282617824796
2025-09-23 09:00:00+00:00,3718.5944966940024,969.282245757181,2749.3122509368213,657.6852666628635,311.59697909431765
2025-09-23 10:00:00+00:00,3811.293480413999,1114.2597853955858,2697.0336950184133,801.0131232408572,313.2466621547285
2025-09-23 11:00:00+00:00,3920.4910486559993,1206.1785335608415,2714.312515095158,889.5802586012389,316.59827495960246
2025-09-23 12:00:00+00:00,4038.6915492420003,1239.8209958661823,2798.870553375818,918.1765546119377,321.64444125424455
2025-09-23 13:00:00+00:00,4157.825862498002,1213.6055117821452,2944.2203507158565,885.3014925024397,328.30401927970547
2025-09-23 14:00:00+00:00,4269.804901655999,1129.671330342333,3140.133571313666,793.2461855040679,336.42514483826506
2025-09-23 15:00:00+00:00,4367.073626537999,993.7728886479151,3373.300737890084,647.9817116954416,345.7911769524735
2025-09-23 16:00:00+00:00,4443.1276385579995,814.979484837702,3628.1481537202976,458.8501826975037,356.12930214019826
2025-09-23 17:00:00+00:00,4492.9572120719995,605.1820260360404,3887.775186035959,238.06057621354663,367.1214498224938
2025-09-23 18:00:00+00:00,4513.3884063239975,378.41707305076557,4134.971333273232,0.0,378.41707305076557
2025-09-23 19:00:00+00:00,4503.298041521998,389.6472651958693,4113.650776326129,0.0,389.6472651958693
2025-09-23 20:00:00+00:00,4463.687925354,400.43963962155976,4063.2482857324403,0.0,400.43963962155976
2025-09-23 21:00:00+00:00,4397.613264996,410.4333660950333,3987.1798989009667,0.0,410.4333660950333
2025-09-23 22:00:00+00:00,4309.97028714,419.2937429007938,3890.6765442392066,0.0,419.2937429007938
2025-09-23 23:00:00+00:00,4207.157582165999,426.72571023980237,3780.4318719261964,0.0,426.72571023980237
2025-09-24 00:00:00+00:00,4103.1945486,432.48575855205667,3670.7087900479437,0.0,432.48575855205667
2025-09-24 01:00:00+00:00,3992.966106486001,436.3917312389524,3556.574375247049,0.0,436.3917312389524
2025-09-24 02:00:00+00:00,3891.0315548999993,438.3301351179716,3452.7014197820276,0.0,438.3301351179716
2025-09-24 03:00:00+00:00,3804.8317945260023,438.2606503107891,3366.5711442152133,0.0,438.2606503107891
2025-09-24 04:00:00+00:00,3740.735335722001,436.21765621197,3304.517679510031,0.0,436.21765621197
2025-09-24 05:00:00+00:00,3703.5973002,432.30871587083493,3271.288584329165,0.0,432.30871587083493
2025-09-24 06:00:00+00:00,3696.421702680005,426.71007867189445,3269.711624008111,0.0,426.71007867189445
2025-09-24 07:00:00+00:00,3720.150254436005,665.5674834124495,3054.5827710235553,245.9081046603778,419.65937875207175
2025-09-24 08:00:00+00:00,3773.592192132,885.6228728730107,2887.9693192589893,474.1770287654552,411.44584410755556
2025-09-24 09:00:00+00:00,3853.500073877999,1071.1064305144628,2782.3936433635363,668.7080304140269,402.398400100436
2025-09-24 10:00:00+00:00,3954.78646059,1208.8057632254709,2745.980697364529,815.9335982940052,392.8721649314656
2025-09-24 11:00:00+00:00,4070.866830786,1289.0608023822074,2781.8060284037924,905.8269137661251,383.23388861608225
2025-09-24 12:00:00+00:00,4194.105478416002,1306.4671393182848,2887.6383390977176,932.6202109152034,373.84692840308134
2025-09-24 13:00:00+00:00,4316.333987069999,1260.2316991175119,3056.102287952487,895.175321144434,365.05637797307793
2025-09-24 14:00:00+00:00,4429.407067722001,1154.1577110008354,3275.249356721165,796.9827528581685,357.17495814266687
2025-09-24 15:00:00+00:00,4525.75783653,996.2704952616393,3529.48734126836,645.8002421198846,350.47025314175477
2025-09-24 16:00:00+00:00,4598.914698293999,798.1278251194622,3800.786873174537,452.9740276957942,345.153797423668
2025-09-24 17:00:00+00:00,4643.944584551996,573.8849929627013,4070.0595915892945,232.51250530742493,341.3724876552763
2025-09-24 18:00:00+00:00,4657.792262676,339.20263927592885,4318.589623400071,0.0,339.20263927592885
2025-09-24 19:00:00+00:00,4639.4925207119995,338.6469574791637,4300.845563232836,0.0,338.6469574791637
2025-09-24 20:00:00+00:00,4590.240690629997,339.6345335160782,4250.606157113918,0.0,339.6345335160782
2025-09-24 21:00:00+00:00,4513.316529876,342.0238648417085,4171.292665034291,0.0,342.0238648417085
2025-09-24 22:00:00+00:00,4413.8665813200005,345.6087852482269,4068.2577960717736,0.0,345.6087852482269
2025-09-24 23:00:00+00:00,4298.559663468,350.1270491781888,3948.4326142898108,0.0,350.1270491781888
2025-09-25 00:00:00+00:00,4181.75042859,355.2712301279062,3826.4791984620942,0.0,355.2712301279062
2025-09-25 01:00:00+00:00,4058.511649458001,360.70148067348595,3697.810168784515,0.0,360.70148067348595
2025-09-25 02:00:00+00:00,3943.7449757580007,366.0596291981296,3577.685346559871,0.0,366.0596291981296
2025-09-25 03:00:00+00:00,3845.1755603520014,370.9840433004112,3474.1915170515904,0.0,370.9840433004112
2025-09-25 04:00:00+00:00,3769.442901042,375.12464476436884,3394.318256277631,0.0,375.12464476436884
2025-09-25 05:00:00+00:00,3721.653479250005,378.15746319022253,3343.4960160597825,0.0,378.15746319022253
2025-09-25 06:00:00+00:00,3705.0372089220014,379.7981309103756,3325.2390780116257,0.0,379.7981309103756
2025-09-25 07:00:00+00:00,3720.7309715100005,598.5626755839471,3122.1682959260534,218.74890497307845,379.8137706108687
2025-09-25 08:00:00+00:00,3767.7039101099995,803.2112539072143,2964.492656202785,425.17847211864387,378.0327817885705
2025-09-25 09:00:00+00:00,3842.8295264939993,980.3070662345754,2862.522460259424,605.9549372084864,374.352129026089
2025-09-25 10:00:00+00:00,3941.0995415400007,1117.785156565225,2823.3143849747757,749.0433209505172,368.7418356147077
2025-09-25 11:00:00+00:00,4055.965045356,1205.668243574629,2850.296801781371,844.4217525346945,361.24649103993454
2025-09-25 12:00:00+00:00,4179.781576403999,1236.7189669961035,2943.0626094078953,884.7352515945355,351.98371540156796
2025-09-25 13:00:00+00:00,4304.327871438,1206.991625615154,3097.3362458228466,865.8519805255189,341.13964508963494
2025-09-25 14:00:00+00:00,4421.362984332001,1116.2410743730245,3305.121909958977,787.2794586972552,328.9616156757693
2025-09-25 15:00:00+00:00,4523.183875770001,968.1443170943917,3555.039558675609,652.3959667754525,315.7483503189391
2025-09-25 16:00:00+00:00,4603.145541834003,770.2935085825152,3832.8520332514877,468.45546157560324,301.83804700691195
2025-09-25 17:00:00+00:00,4656.108383808,533.9286068395331,4122.179776968467,246.3337453790574,287.59486146047567
2025-09-25 18:00:00+00:00,4678.782421026,273.3943224510318,4405.388098574967,0.0,273.3943224510318
2025-09-25 19:00:00+00:00,4669.945053942,259.6082990866826,4410.336754855318,0.0,259.6082990866826
2025-09-25 20:00:00+00:00,4630.517678892001,246.59011004889334,4383.927568843107,0.0,246.59011004889334
2025-09-25 21:00:00+00:00,4563.496068390001,234.66040394608945,4328.835664443912,0.0,234.66040394608945
2025-09-25 22:00:00+00:00,4473.739467371997,224.09437341121122,4249.645093960786,0.0,224.09437341121122
2025-09-25 23:00:00+00:00,4367.632883333999,215.11083969384399,4152.522043640155,0.0,215.11083969384399
2025-09-26 00:00:00+00:00,4259.306884895999,207.86364099191192,4051.4432439040875,0.0,207.86364099191192
2025-09-26 01:00:00+00:00,4143.47838345,202.43568235668144,3941.042701093319,0.0,202.43568235668144
2025-09-26 02:00:00+00:00,4034.8644847139994,198.83589484525547,3836.028589868744,0.0,198.83589484525547
2025-09-26 03:00:00+00:00,3940.9846893900017,196.99921925540335,3743.9854701345985,0.0,196.99921925540335
2025-09-26 04:00:00+00:00,3868.306125852,196.78961444272585,3671.5165114092742,0.0,196.78961444272585
2025-09-26 05:00:00+00:00,3821.800341744,198.00598079991894,3623.794360944081,0.0,198.00598079991894
2025-09-26 06:00:00+00:00,3804.602981046,200.3907342194581,3604.212246826542,0.0,200.3907342194581
2025-09-26 07:00:00+00:00,3817.79963943,492.96467446444683,3324.834964965553,289.32397957871217,203.6406948857347
2025-09-26 08:00:00+00:00,3860.352422514,768.4289460068647,3091.923476507135,561.0091053597037,207.41984064716112
2025-09-26 09:00:00+00:00,3929.1723186240006,1006.6778533098277,2922.494465314173,795.3044554809645,211.37339782886318
2025-09-26 10:00:00+00:00,4019.332270212,1190.301863164973,2829.030407047027,975.1591659172741,215.1426972476988
2025-09-26 11:00:00+00:00,4124.406512646004,1305.9331885790023,2818.473324067001,1087.5530038326083,218.38018474639392
2025-09-26 12:00:00+00:00,4236.912836646,1345.2579566191293,2891.6548800268706,1124.4939884488022,220.7639681703272
2025-09-26 13:00:00+00:00,4348.827668892,1305.6121029887381,3043.2155659032614,1083.600789965881,222.01131302285728
2025-09-26 14:00:00+00:00,4452.138622218,1190.1176757266296,3262.0209464913705,968.2271552510897,221.89052047553983
2025-09-26 15:00:00+00:00,4539.396825222001,1007.3589361635318,3532.0378890584693,787.1282179022578,220.230718261274
2025-09-26 16:00:00+00:00,4604.231196894,770.6387965712743,3833.592400322726,553.7096527973423,216.9291437739319
2025-09-26 17:00:00+00:00,4641.789478871998,496.89154626412585,4144.897932607872,284.9359085728309,211.95563769129492
2025-09-26 18:00:00+00:00,4649.07580956,205.3541514606028,4443.721658099397,0.0,205.3541514606028
2025-09-26 19:00:00+00:00,4625.161695755999,197.2412161545752,4427.920479601424,0.0,197.2412161545752
2025-09-26 20:00:00+00:00,4571.255802036001,187.80142445071996,4383.454377585281,0.0,187.80142445071996
2025-09-26 21:00:00+00:00,4490.627722014,177.28011943731886,4313.347602576681,0.0,177.28011943731886
2025-09-26 22:00:00+00:00,4388.390728554,165.9735867157846,4222.417141838216,0.0,165.9735867157846
2025-09-26 23:00:00+00:00,4271.158188737999,154.21714607808173,4116.941042659917,0.0,154.21714607808173
2025-09-27 00:00:00+00:00,3775.15697685,142.37163515027297,3632.785341699727,0.0,142.37163515027297
2025-09-27 01:00:00+00:00,3651.4683039240003,130.80883801797972,3520.6594659060206,0.0,130.80883801797972
2025-09-27 02:00:00+00:00,3536.8309433520003,119.89645325179421,3416.934490100206,0.0,119.89645325179421
2025-09-27 03:00:00+00:00,3438.8452610819995,109.98321201585374,3328.8620490661456,0.0,109.98321201585374
2025-09-27 04:00:00+00:00,3364.0154902619997,101.38476655402232,3262.6307237079773,0.0,101.38476655402232
2025-09-27 05:00:00+00:00,3317.3056998899983,94.37091463800846,3222.93478525199,0.0,94.37091463800846
2025-09-27 06:00:00+00:00,3301.7997815460003,89.15469155275439,3212.645089993246,0.0,89.15469155275439
2025-09-27 07:00:00+00:00,3318.4885434120006,346.40665330663,2972.081890105371,260.5228860065888,85.88376730004117
2025-09-27 08:00:00+00:00,3366.1986143520003,587.0776849635788,2779.1209293884212,502.443170716265,84.63451424731382
2025-09-27 09:00:00+00:00,3441.668027868,795.3941982461239,2646.2738296218763,709.9852290086444,85.40896923747947
2025-09-27 10:00:00+00:00,3539.763459162001,957.7139939331057,2582.0494652288953,869.5791603441982,88.1348335889075
2025-09-27 11:00:00+00:00,3653.824433741999,1063.3586384291348,2590.4657953128644,970.6901429693478,92.66849545978687
2025-09-27 12:00:00+00:00,3776.111197782001,1105.2875651232016,2670.8236326587994,1006.4866007059228,98.80096441727885
2025-09-27 13:00:00+00:00,3898.325860548002,1080.575062654213,2817.750797893789,974.3086039461455,106.26645870806765
2025-09-27 14:00:00+00:00,4012.171481514,990.6558630571297,3021.51561845687,875.9025490448329,114.75331401229687
2025-09-27 15:00:00+00:00,4109.911089606002,841.3122595729975,3268.5988300330046,717.3955168427157,123.91674273028185
2025-09-27 16:00:00+00:00,4184.888812901998,642.3866800721651,3542.5021328298326,508.9937308792077,133.3929491929574
2025-09-27 17:00:00+00:00,4231.977600521999,407.21853724798655,3824.7590632740125,264.4045412205273,142.81399602745927
2025-09-27 18:00:00+00:00,4247.923325184001,151.82283243508246,4096.100492748919,0.0,151.82283243508246
2025-09-27 19:00:00+00:00,4231.561842102001,160.08785891188745,4071.4739831901134,0.0,160.08785891188745
2025-09-27 20:00:00+00:00,4183.8943608419995,167.31643916919833,4016.577921672801,0.0,167.31643916919833
2025-09-27 21:00:00+00:00,4108.01611185,173.266797366293,3934.749314483707,0.0,173.266797366293
2025-09-27 22:00:00+00:00,4008.9032198879995,177.7578237900686,3831.145396097931,0.0,177.7578237900686
2025-09-27 23:00:00+00:00,3893.072415036,180.67637791647064,3712.3960371195294,0.0,180.67637791647064
2025-09-28 00:00:00+00:00,3774.8908973999983,181.98180199522898,3592.9090954047692,0.0,181.98180199522898
2025-09-28 01:00:00+00:00,3649.0416635819993,181.70744406125138,3467.334219520748,0.0,181.70744406125138
2025-09-28 02:00:00+00:00,3530.4922500119987,179.95914527379296,3350.533104738206,0.0,179.95914527379296
2025-09-28 03:00:00+00:00,3426.9211136160006,176.91074555419385,3250.0103680618067,0.0,176.91074555419385
2025-09-28 04:00:00+00:00,3344.9523282839996,172.79678643905757,3172.155541844942,0.0,172.79678643905757
2025-09-28 05:00:00+00:00,3289.7087707680002,167.90272388373353,3121.806046884267,0.0,167.90272388373353
2025-09-28 06:00:00+00:00,3264.468378696,162.55303990153791,3101.915338794462,0.0,162.55303990153791
2025-09-28 07:00:00+00:00,3270.446726862002,418.63722522907926,2851.8095016329225,261.5394797993053,157.09774542977394
2025-09-28 08:00:00+00:00,3306.7206839520004,653.2196448224892,2653.5010391295114,501.3218166448231,151.897828177666
2025-09-28 09:00:00+00:00,3370.298095878001,849.9676619173125,2520.3304339606884,702.6574264790219,147.31023543829062
2025-09-28 10:00:00+00:00,3456.3287531640012,995.6465609621121,2460.682192201889,851.9735428885547,143.6730180735574
2025-09-28 11:00:00+00:00,3558.441914160001,1081.0735923703564,2477.3683217896446,939.7823578441211,141.29123452623537
2025-09-28 12:00:00+00:00,3669.1874221379994,1101.720617626897,2567.4668045111025,961.2964231363526,140.4241944905444
2025-09-28 13:00:00+00:00,3780.550026581999,1057.9245950594652,2722.625431522534,916.6500286360764,141.27456642338885
2025-09-28 14:00:00+00:00,3884.501835815998,954.7029967571498,2929.7988390588484,810.7231968721059,143.97979988504386
2025-09-28 15:00:00+00:00,3973.5550453620003,801.207780272706,3172.3472650892945,652.6015767341626,148.6062035385434
2025-09-28 16:00:00+00:00,4041.2771585339997,609.88292441558,3431.3942341184197,454.7369927583462,155.14593165723377
2025-09-28 17:00:00+00:00,4082.733499152001,395.41345754191065,3687.3200416100904,231.89646084859632,163.51699669331433
2025-09-28 18:00:00+00:00,4094.8267581899995,173.5663138219723,3921.260444368027,0.0,173.5663138219723
2025-09-28 19:00:00+00:00,4076.5103494080013,185.0756443824467,3891.4347050255546,0.0,185.0756443824467
2025-09-28 20:00:00+00:00,4028.860998455999,197.7702090249861,3831.090789431013,0.0,197.7702090249861
2025-09-28 21:00:00+00:00,3955.005610794001,211.32960459737012,3743.6760061966306,0.0,211.32960459737012
2025-09-28 22:00:00+00:00,3859.9073646,225.40058487207344,3634.5067797279266,0.0,225.40058487207344
2025-09-28 23:00:00+00:00,3750.025667807999,239.6111853679505,3510.4144824400487,0.0,239.6111853679505
2025-09-29 00:00:00+00:00,4017.819556044,253.58560745963914,3764.233948584361,0.0,253.58560745963914
2025-09-29 01:00:00+00:00,3901.446483605999,266.9592599633852,3634.487223642614,0.0,266.9592599633852
2025-09-29 02:00:00+00:00,3793.8875660279996,279.39333716551556,3514.494228862484,0.0,279.39333716551556
2025-09-29 03:00:00+00:00,3702.609270527999,290.5883433114767,3412.020927216522,0.0,290.5883433114767
2025-09-29 04:00:00+00:00,3633.9952344360017,300.29600166773963,3333.699232768262,0.0,300.29600166773963
2025-09-29 05:00:00+00:00,3592.905033564,308.3290712913544,3284.5759622726455,0.0,308.3290712913544
2025-09-29 06:00:00+00:00,3582.336531732,314.56866265991937,3267.7678690720804,0.0,314.56866265991937
2025-09-29 07:00:00+00:00,3603.2149939799992,522.1739629383646,3081.0410310416346,203.20520428878797,318.96875864957667
2025-09-29 08:00:00+00:00,3654.32343717,715.329337388653,2938.994099781347,393.7715872737066,321.55775011494643
2025-09-29 09:00:00+00:00,3732.379189602001,882.0695704159923,2850.3096191860086,559.6326390551112,322.43693136088115
2025-09-29 10:00:00+00:00,3832.251526824001,1011.7831076889602,2820.4684191350407,690.0070982121271,321.77600947683317
2025-09-29 11:00:00+00:00,3947.30577843,1095.8246231752853,2851.4811552547144,776.0188019380602,319.80582123722513
2025-09-29 12:00:00+00:00,4069.8504772800006,1128.07266594783,2941.7778113321706,811.2641185642452,316.80854738358494
2025-09-29 13:00:00+00:00,4191.657326892,1105.3998043442364,3086.257522547764,792.2939719478852,313.1058323963511
2025-09-29 14:00:00+00:00,4304.518523885999,1028.0163842459324,3276.502139640066,718.9710939277353,309.04529031819703
2025-09-29 15:00:00+00:00,4400.803639259999,899.6464525318979,3501.157186728101,594.6604940153253,304.98595851657257
2025-09-29 16:00:00+00:00,4473.978109565999,727.4973237670063,3746.4807857989927,426.21403883541615,301.2832849315902
2025-09-29 17:00:00+00:00,4519.048044546001,521.9937121720441,3997.0543323739566,223.7194408503637,298.2742713216803
2025-09-29 18:00:00+00:00,4532.901080316003,296.26338171157295,4236.63769860443,0.0,296.26338171157295
2025-09-29 19:00:00+00:00,4514.519998002002,295.5097845842375,4219.010213417764,0.0,295.5097845842375
2025-09-29 20:00:00+00:00,4465.054545042,296.2164655673975,4168.838079474603,0.0,296.2164655673975
2025-09-29 21:00:00+00:00,4387.746491772001,298.5216431202841,4089.2248486517165,0.0,298.5216431202841
2025-09-29 22:00:00+00:00,4287.712954307999,302.49284727234965,3985.2201070356496,0.0,302.49284727234965
2025-09-29 23:00:00+00:00,4171.602639834,308.12390687014715,3863.478732963853,0.0,308.12390687014715
2025-09-30 00:00:00+00:00,4053.987564942001,315.3349532739602,3738.6526116680407,0.0,315.3349532739602
2025-09-30 01:00:00+00:00,3929.4852255119995,323.9754671199154,3605.509758392084,0.0,323.9754671199154
2025-09-30 02:00:00+00:00,3813.235022604,333.8302128891352,3479.4048097148648,0.0,333.8302128891352
2025-09-30 03:00:00+00:00,3712.9823094840012,344.6278483580661,3368.354461125935,0.0,344.6278483580661
2025-09-30 04:00:00+00:00,3635.396371277999,356.051835570393,3279.344535707606,0.0,356.051835570393
2025-09-30 05:00:00+00:00,3585.622444319999,367.75321269229175,3217.8692316277074,0.0,367.75321269229175
2025-09-30 06:00:00+00:00,3566.937248784003,379.364712919507,3187.572535864496,0.0,379.364712919507
2025-09-30 07:00:00+00:00,3580.531488617998,647.8564599643381,2932.67502865366,257.34081877084196,390.51564119349615
2025-09-30 08:00:00+00:00,3625.4338730820004,899.5429199148366,2725.890953167164,498.696015217471,400.8469046973656
2025-09-30 09:00:00+00:00,3698.581826646001,1116.7547864343996,2581.8270402116013,706.7292066399451,410.0255797944546
2025-09-30 10:00:00+00:00,3795.033894413999,1284.2719003920279,2510.761994021971,866.5134712679129,417.758429124115
2025-09-30 11:00:00+00:00,3908.309271803998,1390.4596983147553,2517.8495734892426,966.6559009590055,423.8037973557498
2025-09-30 12:00:00+00:00,4030.8313141319986,1428.1119950644206,2602.719319067578,1000.130576717291,427.9814183471296
2025-09-30 13:00:00+00:00,4154.444666106,1394.9371112015695,2759.5075549044304,964.7573959530507,430.17971524851873
2025-09-30 14:00:00+00:00,4270.970823840002,1293.6580299133648,2977.312793926637,863.2977195225828,430.3603103907819
2025-09-30 15:00:00+00:00,4372.7642228760005,1131.7320189265188,3241.0322039494818,703.1724713690678,428.55954755745097
2025-09-30 16:00:00+00:00,4453.230983880001,920.7273462580778,3532.503637621923,495.8403758060937,424.8869704519841
2025-09-30 17:00:00+00:00,4507.275060749999,675.4211334195311,3831.853927330468,255.90031247728734,419.5208209422437
2025-09-30 18:00:00+00:00,4531.641350544001,412.70073895637177,4118.94061158763,0.0,412.70073895637177
2025-09-30 19:00:00+00:00,4525.132620876002,404.71796123907905,4120.414659636923,0.0,404.71796123907905
2025-09-30 20:00:00+00:00,4488.685441715999,395.9034233796299,4092.782018336369,0.0,395.9034233796299
2025-09-30 21:00:00+00:00,4425.300166938004,386.6142530666248,4038.685913871379,0.0,386.6142530666248
2025-09-30 22:00:00+00:00,4339.8298227059995,377.2192016707651,3962.6106210352345,0.0,377.2192016707651
2025-09-30 23:00:00+00:00,4238.642490935998,368.08361892419776,3870.5588720118,0.0,368.08361892419776
2025-10-01 00:00:00+00:00,4136.058998190003,359.55457620437176,3776.5044219856313,0.0,359.55457620437176
2025-10-01 01:00:00+00:00,4026.3238624979977,351.94675502021937,3674.3771074777783,0.0,351.94675502021937
2025-10-01 02:00:00+00:00,3924.3255027479995,345.5296766355553,3578.795826112444,0.0,345.5296766355553
2025-10-01 03:00:00+00:00,3837.529041444,340.51678961851053,3497.0122518254893,0.0,340.51678961851053
2025-10-01 04:00:00+00:00,3772.3402973340008,337.056871481093,3435.283425852908,0.0,337.056871481093
2025-10-01 05:00:00+00:00,3733.663883544001,335.2280896740793,3398.4357938699213,0.0,335.2280896740793
2025-10-01 06:00:00+00:00,3724.5643651020005,335.03496073950936,3389.5294043624913,0.0,335.03496073950936
2025-10-01 07:00:00+00:00,3746.053632929999,592.1484863823993,3153.9051465475995,255.74013681103884,336.4083495713604
2025-10-01 08:00:00+00:00,3797.019074058,836.3763458561446,2960.642728201856,497.1678629481509,339.2084829079936
2025-10-01 09:00:00+00:00,3874.297552103999,1051.268427272562,2823.029124831437,708.0375529824927,343.2308742900692
2025-10-01 10:00:00+00:00,3972.8900948940004,1221.9976400832436,2750.892454810757,873.7827302307973,348.21490985244634
2025-10-01 11:00:00+00:00,4086.30275613,1336.3501592509524,2749.9525968790476,982.4954191773301,353.85474007362234
2025-10-01 12:00:00+00:00,4206.9903498,1385.5989352288636,2821.391414571137,1025.7868983843957,359.81203684446797
2025-10-01 13:00:00+00:00,4326.8728458059995,1365.1962923504216,2961.676553455578,999.4662051121986,365.730087238223
2025-10-01 14:00:00+00:00,4437.889082466001,1275.2245924392635,3162.6644900267374,903.9759369991405,371.24865544012295
2025-10-01 15:00:00+00:00,4532.550101477999,1120.5531435695705,3411.996957908429,744.5341502880361,376.0189932815343
2025-10-01 16:00:00+00:00,4604.454190349998,910.6655238822906,3693.788666467707,530.9471322295956,379.718391652695
2025-10-01 17:00:00+00:00,4648.728453389999,659.1437697324325,3989.5846836575665,277.08009727102007,382.06367246141235
2025-10-01 18:00:00+00:00,4662.366742152002,382.82307625451654,4279.543665897486,0.0,382.82307625451654
2025-10-01 19:00:00+00:00,4644.440656757999,381.82603980314104,4262.614616954858,0.0,381.82603980314104
2025-10-01 20:00:00+00:00,4596.169178327999,378.97049177089224,4217.198686557107,0.0,378.97049177089224
2025-10-01 21:00:00+00:00,4520.842041492001,374.22733524689727,4146.614706245104,0.0,374.22733524689727
2025-10-01 22:00:00+00:00,4423.601793156,367.6419581886569,4055.9598349673433,0.0,367.6419581886569
2025-10-01 23:00:00+00:00,4311.099384522,359.33269562413324,3951.766688897867,0.0,359.33269562413324
2025-10-02 00:00:00+00:00,4197.962712048,349.48631310971047,3848.4763989382895,0.0,349.48631310971047
2025-10-02 01:00:00+00:00,4078.611390798,338.35068740359526,3740.2607033944046,0.0,338.35068740359526
2025-10-02 02:00:00+00:00,3968.1958383059996,326.2249941322181,3641.9708441737816,0.0,326.2249941322181
2025-10-02 03:00:00+00:00,3874.375006782001,313.44779503169883,3560.9272117503024,0.0,313.44779503169883
2025-10-02 04:00:00+00:00,3803.7133021439986,300.3835171554376,3503.329784988561,0.0,300.3835171554376
2025-10-02 05:00:00+00:00,3761.234961917999,287.40787188833804,3473.827090029661,0.0,287.40787188833804
2025-10-02 06:00:00+00:00,3750.082434251999,274.89281631828663,3475.1896179337123,0.0,274.89281631828663
2025-10-02 07:00:00+00:00,3771.301936332,543.4615634595389,3227.840372872461,280.2698987687457,263.1916646907932
2025-10-02 08:00:00+00:00,3823.770856794,789.7291063921168,3034.0417504018833,537.1041383688549,252.62496802326183
2025-10-02 09:00:00+00:00,3904.271969514,996.0472601305885,2908.224709383411,752.5795304493909,243.46772968119765
2025-10-02 10:00:00+00:00,4007.709448973999,1148.1090604408394,2859.6003885331593,912.1705734278065,235.93848701303284
2025-10-02 11:00:00+00:00,4127.452009884,1235.9675926572345,2891.484417226766,1005.7768922360874,230.19070042114708
2025-10-02 12:00:00+00:00,4255.7799036900005,1254.6707809247812,3001.1091227652196,1028.3639739612813,226.30680696349992
2025-10-02 13:00:00+00:00,4384.40544591,1204.4732167414227,3179.932229168577,980.1780409319268,224.29517580949573
2025-10-02 14:00:00+00:00,4505.03163663,1090.6266618458303,3414.40497478417,866.5365691316907,224.09009271413956
2025-10-02 15:00:00+00:00,4609.911056730002,922.7890134118976,3687.1220433181047,697.2342384227624,225.55477498913524
2025-10-02 16:00:00+00:00,4692.367031520001,714.1233786772909,3978.2436528427097,485.6360918277266,228.4872868495643
2025-10-02 17:00:00+00:00,4747.241691989999,480.1813721031932,4267.060319886806,247.5522483760604,232.62912372713282
2025-10-02 18:00:00+00:00,4771.240620341998,237.67609514770078,4533.564525194297,0.0,237.67609514770078
2025-10-02 19:00:00+00:00,4763.1506851740005,243.29108327866854,4519.859601895332,0.0,243.29108327866854
2025-10-02 20:00:00+00:00,4723.916414448,249.11813595964662,4474.798278488353,0.0,249.11813595964662
2025-10-02 21:00:00+00:00,4656.569811599998,254.79732197814917,4401.772489621849,0.0,254.79732197814917
2025-10-02 22:00:00+00:00,4566.018586415999,259.97974308238116,4306.038843333618,0.0,259.97974308238116
2025-10-02 23:00:00+00:00,4458.707274378002,264.3420876119564,4194.365186766046,0.0,264.3420876119564
2025-10-03 00:00:00+00:00,4349.126080865999,267.60012245659567,4081.5259584094033,0.0,267.60012245659567
2025-10-03 01:00:00+00:00,4231.48819674,269.5205799382542,3961.9676168017454,0.0,269.5205799382542
2025-10-03 02:00:00+00:00,4120.884562451998,269.9309442683129,3850.953618183685,0.0,269.9309442683129
2025-10-03 03:00:00+00:00,4024.9222293419984,268.726742040467,3756.1954873015316,0.0,268.726742040467
2025-10-03 04:00:00+00:00,3950.158035599999,265.87603659298844,3684.2819990070107,0.0,265.87603659298844
2025-10-03 05:00:00+00:00,3901.653213233998,261.42093993023013,3640.232273303768,0.0,261.42093993023013
2025-10-03 06:00:00+00:00,3882.630978072,255.47608231797366,3627.1548957540263,0.0,255.47608231797366
2025-10-03 07:00:00+00:00,3894.2602810860003,461.10249572041005,3433.1577853655904,212.878396282391,248.22409943801904
2025-10-03 08:00:00+00:00,3935.5804322940003,650.9398620899003,3284.6405702041,411.0315386777523,239.90832341214798
2025-10-03 09:00:00+00:00,4003.571581589999,812.6333118646696,3190.9382697253295,581.8103340028848,230.82297786178478
2025-10-03 10:00:00+00:00,4093.3662121380016,935.4597856467584,3157.906426491243,714.1585123647117,221.3012732820467
2025-10-03 11:00:00+00:00,4198.587002946001,1010.97613517317,3187.610867772831,799.2742393125981,211.70189586057194
2025-10-03 12:00:00+00:00,4311.787971414,1033.5763747080755,3278.2115967059244,831.1819386050956,202.39443610297974
2025-10-03 13:00:00+00:00,4424.9686716060005,1000.9212588726764,3424.047412733324,807.1768953604601,193.7443635122163
2025-10-03 14:00:00+00:00,4530.126167532,914.201988550245,3615.924178981755,728.1038423744646,186.09814617578036
2025-10-03 15:00:00+00:00,4619.807150658,778.2025433176852,3841.604607340315,598.4333974118466,179.76914590583863
2025-10-03 16:00:00+00:00,4687.622256954,601.1332751116508,4086.488981842349,426.1084316849817,175.02484342666907
2025-10-03 17:00:00+00:00,4728.687540317998,394.22204763264637,4334.465492685352,222.14611209731467,172.0759355353317
2025-10-03 18:00:00+00:00,4739.9627508660005,171.06773748055522,4568.895013385445,0.0,171.06773748055522
2025-10-03 19:00:00+00:00,4720.4633288820005,172.0742520902139,4548.3890767917865,0.0,172.0742520902139
2025-10-03 20:00:00+00:00,4671.331496496002,175.09513779573294,4496.236358700269,0.0,175.09513779573294
2025-10-03 21:00:00+00:00,4595.761556063998,180.0557101107409,4415.705845953257,0.0,180.0557101107409
2025-10-03 22:00:00+00:00,4498.784383842001,186.80997286733745,4311.974410974663,0.0,186.80997286733745
2025-10-03 23:00:00+00:00,4386.925779305999,195.1465505672689,4191.77922873873,0.0,195.1465505672689
2025-10-04 00:00:00+00:00,3896.5981575779997,204.79728452438928,3691.8008730536103,0.0,204.79728452438928
2025-10-04 01:00:00+00:00,3778.2384038279993,215.4481416185976,3562.7902622094016,0.0,215.4481416185976
2025-10-04 02:00:00+00:00,3668.77088319,226.75198393311217,3442.018899256888,0.0,226.75198393311217
2025-10-04 03:00:00+00:00,3575.7084746039995,238.34267952896334,3337.365795075036,0.0,238.34267952896334
2025-10-04 04:00:00+00:00,3505.4731503540006,249.84997842181204,3255.6231719321886,0.0,249.84997842181204
2025-10-04 05:00:00+00:00,3462.9538748279992,260.9145430778853,3202.039331750114,0.0,260.9145430778853
2025-10-04 06:00:00+00:00,3451.168313502,271.20251978851616,3179.9657937134834,0.0,271.20251978851616
2025-10-04 07:00:00+00:00,3471.0514752899994,511.6711627798222,2959.380312510177,231.25211588580993,280.4190468940123
2025-10-04 08:00:00+00:00,3521.3859146759996,733.7618072699405,2787.624107406059,445.4416419457282,288.3201653242123
2025-10-04 09:00:00+00:00,3598.878325266002,922.3980237144781,2676.4803015515236,627.6754038722818,294.7226198421963
2025-10-04 10:00:00+00:00,3698.3775064740016,1065.0234718909337,2633.354034583068,765.5123001739828,299.511171716951
2025-10-04 11:00:00+00:00,3813.218970876,1152.4690927459071,2660.749878130093,849.825982655778,302.6431100901291
2025-10-04 12:00:00+00:00,3935.6729078939993,1179.539854090126,2756.1330538038733,875.3900687521212,304.14978533800485
2025-10-04 13:00:00+00:00,4057.4650717020013,1145.2871050369768,2912.1779666650245,841.1520108443108,304.13509419266603
2025-10-04 14:00:00+00:00,4170.335304156,1052.9618084418203,3117.37349571418,750.1908186261131,302.7709898157072
2025-10-04 15:00:00+00:00,4266.595692911999,909.671164510153,3356.924528401846,609.3809739441375,300.2901905660154
2025-10-04 16:00:00+00:00,4339.650530333999,725.7837566601496,3613.8667736738494,428.8073638568971,296.9763928032525
2025-10-04 17:00:00+00:00,4384.442622797999,514.1441957142297,3870.2984270837696,220.99181096917576,293.1523847450539
2025-10-04 18:00:00+00:00,4397.795751594002,289.1665574656342,4108.629194128367,0.0,289.1665574656342
2025-10-04 19:00:00+00:00,4378.629882312,285.37834830776524,4093.2515340042346,0.0,285.37834830776524
2025-10-04 20:00:00+00:00,4328.034581136002,282.1432325666186,4045.8913485693834,0.0,282.1432325666186
2025-10-04 21:00:00+00:00,4249.195594308001,279.79786673542054,3969.3977275725806,0.0,279.79786673542054
2025-10-04 22:00:00+00:00,4147.179596322005,278.6459939961299,3868.5336023258747,0.0,278.6459939961299
2025-10-04 23:00:00+00:00,4028.5917671999996,278.9456930653113,3749.646074134688,0.0,278.9456930653113
2025-10-05 00:00:00+00:00,3908.1456196860017,280.8984857053683,3627.2471339806334,0.0,280.8984857053683
2025-10-05 01:00:00+00:00,3780.0782483099997,284.6407612832083,3495.4374870267916,0.0,284.6407612832083
2025-10-05 02:00:00+00:00,3659.689372038001,290.2378569876074,3369.4515150503935,0.0,290.2378569876074
2025-10-05 03:00:00+00:00,3554.7179768939995,297.6810435974386,3257.036933296561,0.0,297.6810435974386
2025-10-05 04:00:00+00:00,3471.8376281820006,306.8875454434714,3164.950082738529,0.0,306.8875454434714
2025-10-05 05:00:00+00:00,3416.208494076,317.70357755924783,3098.504916516752,0.0,317.70357755924783
2025-10-05 06:00:00+00:00,3391.132717055999,329.9102994727085,3061.2224175832903,0.0,329.9102994727085
2025-10-05 07:00:00+00:00,3397.836442979998,574.8399973706896,2822.9964456093085,231.60757567147164,343.232421699218
2025-10-05 08:00:00+00:00,3435.393219048,810.4595085994113,2624.9337104485885,453.11038153537027,357.349127064041
2025-10-05 09:00:00+00:00,3500.793778944,1021.2983871613087,2479.4953917826915,649.3915342531498,371.906852908159
2025-10-05 10:00:00+00:00,3589.1573750340026,1192.9811982372573,2396.1761767967455,806.4477852846067,386.5334129526506
2025-10-05 11:00:00+00:00,3694.070082108001,1313.227616808115,2380.8424652998856,912.3747309640638,400.85288584405123
2025-10-05 12:00:00+00:00,3808.0268646840004,1372.7874410174172,2435.239423666583,958.2867879738699,414.50065304354746
2025-10-05 13:00:00+00:00,3922.9472557380004,1366.234509470344,2556.7127462676563,939.0965296575894,427.1379798127546
2025-10-05 14:00:00+00:00,4030.729298274,1292.5434501691893,2738.1858481048107,854.0779141630644,438.4655360061249
2025-10-05 15:00:00+00:00,4123.804034111998,1155.3814319004996,2968.422602211498,707.1461223316909,448.2353095688086
2025-10-05 16:00:00+00:00,4195.652637624,963.0640660646795,3232.5885715593204,506.80364719442736,456.2604188702522
2025-10-05 17:00:00+00:00,4241.250964607999,728.1495200990715,3513.101444508927,265.7270910255771,462.4224290734944
2025-10-05 18:00:00+00:00,4257.411194484,466.6758723738354,3790.7353221101644,0.0,466.6758723738354
2025-10-05 19:00:00+00:00,4242.99731541,469.0497813607928,3773.947534049207,0.0,469.0497813607928
2025-10-05 20:00:00+00:00,4198.999838628,469.6461844898571,3729.353654138143,0.0,469.6461844898571
2025-10-05 21:00:00+00:00,4128.464689818001,468.63561467753215,3659.829075140469,0.0,468.63561467753215
2025-10-05 22:00:00+00:00,4036.281202421999,466.24982176575065,3570.031380656248,0.0,466.24982176575065
2025-10-05 23:00:00+00:00,3928.8438266280004,462.77198976131297,3466.0718368666876,0.0,462.77198976131297
2025-10-06 00:00:00+00:00,4198.804749048,458.52484921443255,3740.279899833568,0.0,458.52484921443255
2025-10-06 01:00:00+00:00,4083.783249923999,453.85718599936473,3629.926063924634,0.0,453.85718599936473
2025-10-06 02:00:00+00:00,3976.9780254540005,449.1292906409922,3527.8487348130084,0.0,449.1292906409922
2025-10-06 03:00:00+00:00,3885.8389227000007,444.6979433447338,3441.140979355267,0.0,444.6979433447338
2025-10-06 04:00:00+00:00,3816.7467962400005,440.9015542848957,3375.845241955105,0.0,440.9015542848957
2025-10-06 05:00:00+00:00,3774.5723783459985,438.0460720526537,3336.5263062933445,0.0,438.0460720526537
2025-10-06 06:00:00+00:00,3762.338399442,436.3922199333849,3325.9461795086154,0.0,436.3922199333849
2025-10-06 07:00:00+00:00,3781.008094710001,715.8812599762491,3065.126834733752,279.73665138306586,436.1446085931833
2025-10-06 08:00:00+00:00,3829.414719018001,977.8528568274152,2851.561862190586,540.4097109764101,437.44314585100506
2025-10-06 09:00:00+00:00,3904.3369187759995,1201.239860960941,2703.097057815058,760.8827433255807,440.35711763536034
2025-10-06 10:00:00+00:00,4000.7149721279993,1370.2613274036282,2630.453644724371,925.379162522998,444.8821648806302
2025-10-06 11:00:00+00:00,4111.993224402,1474.9485773505414,2637.044647051459,1024.0082864302162,450.94029092032514
2025-10-06 12:00:00+00:00,4230.56543448,1509.362218855083,2721.2032156249165,1050.9793202171213,458.3828986379618
2025-10-06 13:00:00+00:00,4348.292722998002,1472.7476557324471,2875.545067265555,1005.750926999603,466.99672873284413
2025-10-06 14:00:00+00:00,4457.058854388,1369.4188832505863,3087.6399711374142,892.9064244307566,476.51245881982976
2025-10-06 15:00:00+00:00,4549.324971702,1208.2656123597005,3341.059359342299,721.6499979584567,486.6156144012438
2025-10-06 16:00:00+00:00,4618.645949819999,1001.9456237530071,3616.700326066992,504.98628598817885,496.9593377648282
2025-10-06 17:00:00+00:00,4660.113162684,765.8455380703169,3894.2676246136825,258.66703635477984,507.17850171553715
2025-10-06 18:00:00+00:00,4670.693313048002,516.9045803770749,4153.788732670927,0.0,516.9045803770749
2025-10-06 19:00:00+00:00,4649.440244022002,525.7806804271573,4123.659563594844,0.0,525.7806804271573
2025-10-06 20:00:00+00:00,4597.565110236,533.4761028608143,4064.0890073751852,0.0,533.4761028608143
2025-10-06 21:00:00+00:00,4518.360017597999,539.6998526929102,3978.660164905089,0.0,539.6998526929102
2025-10-06 22:00:00+00:00,4416.9801584159995,544.2125361908346,3872.767622225165,0.0,544.2125361908346
2025-10-06 23:00:00+00:00,4300.099225253999,546.8361584215819,3753.2630668324173,0.0,546.8361584215819
2025-10-07 00:00:00+00:00,4182.533802971999,547.4614240952026,3635.0723788767964,0.0,547.4614240952026
2025-10-07 01:00:00+00:00,4058.4322137659997,546.0522422776293,3512.3799714883703,0.0,546.0522422776293
2025-10-07 02:00:00+00:00,3943.150680041998,542.6472412694839,3400.503438772514,0.0,542.6472412694839
2025-10-07 03:00:00+00:00,3844.4046277559983,537.3582485519887,3307.0463792040096,0.0,537.3582485519887
2025-10-07 04:00:00+00:00,3768.8207269020018,530.3657823775112,3238.4549445244907,0.0,530.3657823775112
2025-10-07 05:00:00+00:00,3721.4898780360004,521.9117450115057,3199.5781330244945,0.0,521.9117450115057
2025-10-07 06:00:00+00:00,3705.6240811379985,512.2896229674552,3193.3344581705433,0.0,512.2896229674552
2025-10-07 07:00:00+00:00,3722.340411761999,738.084884406719,2984.25552735528,236.25230276512326,501.8325816415957
2025-10-07 08:00:00+00:00,3770.5868496659996,947.5572592172726,2823.029590448727,456.65730508552787,490.8999541317448
2025-10-07 09:00:00+00:00,3847.214850948,1126.4910115780278,2720.7238393699718,646.6283387579631,479.86267282006474
2025-10-07 10:00:00+00:00,3947.193810839998,1262.5153574279946,2684.6784534120034,793.4271207688447,469.08823665914986
2025-10-07 11:00:00+00:00,4063.95269742,1345.9338784346637,2718.018818985336,887.0080484147379,458.92583001992574
2025-10-07 12:00:00+00:00,4189.825673712,1370.420278551239,2819.405395160761,920.7280651554298,449.69221339580923
2025-10-07 13:00:00+00:00,4316.571365147998,1333.5260659202438,2983.045299227754,891.8671239840253,441.6589419362185
2025-10-07 14:00:00+00:00,4435.9304238059985,1236.9514568241268,3198.978966981872,801.910002349468,435.0414544746589
2025-10-07 15:00:00+00:00,4540.183542299996,1086.5420751949805,3453.641467105015,656.5516037233266,429.9904714716538
2025-10-07 16:00:00+00:00,4622.671955664001,891.9912289245715,3730.6807267394297,465.40517956886833,426.5860493557031
2025-10-07 17:00:00+00:00,4678.245082644001,666.2495200088306,4011.9955626351702,241.41497959372683,424.8345404151038
2025-10-07 18:00:00+00:00,4703.604980339999,424.668586144017,4278.936394195982,0.0,424.668586144017
2025-10-07 19:00:00+00:00,4697.524247261999,425.9501299955878,4271.574117266411,0.0,425.9501299955878
2025-10-07 20:00:00+00:00,4660.922701722001,428.47633642525415,4232.446365296747,0.0,428.47633642525415
2025-10-07 21:00:00+00:00,4596.797749404001,431.98817816129736,4164.809571242703,0.0,431.98817816129736
2025-10-07 22:00:00+00:00,4510.013377800003,436.181320561023,4073.83205723898,0.0,436.181320561023
2025-10-07 23:00:00+00:00,4406.962255457998,440.71887941882216,3966.243376039176,0.0,440.71887941882216
2025-10-08 00:00:00+00:00,4302.221692985999,445.24551251818843,3856.97618046781,0.0,445.24551251818843
2025-10-08 01:00:00+00:00,4189.648515066001,449.40227638606393,3740.246238679937,0.0,449.40227638606393
2025-10-08 02:00:00+00:00,4084.4108792759994,452.8416368269744,3631.569242449025,0.0,452.8416368269744
2025-10-08 03:00:00+00:00,3994.0444737899998,455.24201885711784,3538.802454932882,0.0,455.24201885711784
2025-10-08 04:00:00+00:00,3925.033679196002,456.32129570575836,3468.7123834902436,0.0,456.32129570575836
2025-10-08 05:00:00+00:00,3882.36782136,455.8486734793766,3426.5191478806237,0.0,455.8486734793766
2025-10-08 06:00:00+00:00,3869.200347935999,453.65447244357927,3415.54587549242,0.0,453.65447244357927
2025-10-08 07:00:00+00:00,3886.634123778,676.1180956149822,3210.516028163018,226.4806817956239,449.63741381935824
2025-10-08 08:00:00+00:00,3933.6474843959986,876.4712905560606,3057.176193839938,432.70218380396733,443.76910675209325
2025-10-08 09:00:00+00:00,4007.1660911939994,1040.9277891754018,2966.2383020185976,604.8322326389742,436.0955565364276
2025-10-08 10:00:00+00:00,4102.275519300001,1158.5830154098298,2943.6925038901713,731.8473915487779,426.73562386105186
2025-10-08 11:00:00+00:00,4212.560167913998,1222.095061097754,2990.465106816244,806.2185513524375,415.8765097453166
2025-10-08 12:00:00+00:00,4330.545157932,1228.0642439100995,3102.4809140219004,824.2978099154448,403.76643399465485
2025-10-08 13:00:00+00:00,4448.211051984002,1177.10194612523,3271.1091058587717,786.3971203009423,390.7048258242876
2025-10-08 14:00:00+00:00,4557.546201011998,1073.6074741402608,3483.9387268717373,696.5770674755279,377.030406664733
2025-10-08 15:00:00+00:00,4651.098866022003,925.29511800021,3725.8037480217927,562.1874471521601,363.1076708480499
2025-10-08 16:00:00+00:00,4722.491420597999,742.5300969940902,3979.9613236039095,393.21779163270355,349.3123053613867
2025-10-08 17:00:00+00:00,4766.861353463997,537.540432078303,4229.320921385694,201.52428085984255,336.01615121846044
2025-10-08 18:00:00+00:00,4781.19894441,323.5723149141977,4457.626629495802,0.0,323.5723149141977
2025-10-08 19:00:00+00:00,4764.55834197,312.30105025698316,4452.2572917130165,0.0,312.30105025698316
2025-10-08 20:00:00+00:00,4718.127641262001,302.4769717268884,4415.650669535113,0.0,302.4769717268884
2025-10-08 21:00:00+00:00,4645.152918252003,294.31813980712786,4350.834778444874,0.0,294.31813980712786
2025-10-08 22:00:00+00:00,4550.721353261999,287.9774507944049,4262.743902467594,0.0,287.9774507944049
2025-10-08 23:00:00+00:00,4441.418108315999,283.5366889218924,4157.881419394107,0.0,283.5366889218924
2025-10-09 00:00:00+00:00,4332.000617825998,281.0034869903793,4050.997130835619,0.0,281.0034869903793
2025-10-09 01:00:00+00:00,4216.398168318001,280.3113115817524,3936.0868567362486,0.0,280.3113115817524
2025-10-09 02:00:00+00:00,4109.878358333999,281.32247581211635,3828.5558825218827,0.0,281.32247581211635
2025-10-09 03:00:00+00:00,4020.009849114,283.83406281105806,3736.175786302942,0.0,283.83406281105806
2025-10-09 04:00:00+00:00,3953.2656738959986,287.5865055989378,3665.6791682970606,0.0,287.5865055989378
2025-10-09 05:00:00+00:00,3914.579736815998,292.2744803149815,3622.3052565010166,0.0,292.2744803149815
2025-10-09 06:00:00+00:00,3907.007295954,297.55965811073406,3609.4476378432655,0.0,297.55965811073406
2025-10-09 07:00:00+00:00,3931.5125536679993,509.357885077299,3422.1546685907006,206.27308024263667,303.0848048346623
2025-10-09 08:00:00+00:00,3986.897980632003,712.5061638546385,3274.3918167773645,404.0175238501607,308.4886400044779
2025-10-09 09:00:00+00:00,4069.8802773300004,893.1998755619938,3176.6804017680065,579.7790245240914,313.4208510379025
2025-10-09 10:00:00+00:00,4175.307908057998,1038.539902735291,3136.7680053227073,720.9832551125793,317.55664762271175
2025-10-09 11:00:00+00:00,4296.505547082002,1137.439486200991,3159.0660608810103,816.8292288289281,320.6102573720629
2025-10-09 12:00:00+00:00,4425.722101710002,1181.4874225732997,3244.234679136702,859.1406061700479,322.34681640325164
2025-10-09 13:00:00+00:00,4554.651935315998,1165.693821136792,3388.9581141792064,843.1016609059325,322.59216023085935
2025-10-09 14:00:00+00:00,4674.993933246,1089.0435636382583,3585.950369607742,767.803449378617,321.24011425964136
2025-10-09 15:00:00+00:00,4779.010449948003,954.7902563203561,3824.220193627647,636.5332622589593,318.2569940613968
2025-10-09 16:00:00+00:00,4860.048230813998,770.4398720601395,4089.6083587538587,456.7567518063629,313.68312025377656
2025-10-09 17:00:00+00:00,4912.985938938,547.3977059709989,4365.588232967001,239.7664156573901,307.63129031360876
2025-10-09 18:00:00+00:00,4934.577884375997,300.28226942811796,4634.29561494788,0.0,300.28226942811796
2025-10-09 19:00:00+00:00,4923.670743684,291.87748891214784,4631.793254771852,0.0,291.87748891214784
2025-10-09 20:00:00+00:00,4881.2784821219975,282.7092390498443,4598.569243072153,0.0,282.7092390498443
2025-10-09 21:00:00+00:00,4810.510557804,273.1087718619647,4537.4017859420355,0.0,273.1087718619647
2025-10-09 22:00:00+00:00,4716.358281852002,263.432793621336,4452.925488230666,0.0,263.432793621336
2025-10-09 23:00:00+00:00,4605.353986421998,254.04889643561793,4351.30508998638,0.0,254.04889643561793
2025-10-10 00:00:00+00:00,4492.267445903999,245.32053662327897,4246.94690928072,0.0,245.32053662327897
2025-10-10 01:00:00+00:00,4371.022470402001,237.59216021542915,4133.430310186572,0.0,237.59216021542915
2025-10-10 02:00:00+00:00,4256.987405958,231.17509809593528,4025.8123078620642,0.0,231.17509809593528
2025-10-10 03:00:00+00:00,4157.852867070001,226.3347993214496,3931.518067748551,0.0,226.3347993214496
2025-10-10 04:00:00+00:00,4080.253061766,223.27992976073233,3856.973132005268,0.0,223.27992976073233
2025-10-10 05:00:00+00:00,4029.3185745120004,222.15377964881966,3807.1647948631808,0.0,222.15377964881966
2025-10-10 06:00:00+00:00,4008.3323060759994,223.02833493247843,3785.303971143521,0.0,223.02833493247843
2025-10-10 07:00:00+00:00,4018.5118165080016,485.08073863851297,3533.4310778694885,259.1794881686197,225.90125046989328
2025-10-10 08:00:00+00:00,4058.9327782500013,730.3247820192798,3328.6079962307213,499.6289245953542,230.69585742392562
2025-10-10 09:00:00+00:00,4126.598604324,941.8248909684849,3184.773713355515,704.5606979487545,237.26419301973036
2025-10-10 10:00:00+00:00,4216.651347845999,1105.3037155533023,3111.347632292697,859.9107737854604,245.39294176784196
2025-10-10 11:00:00+00:00,4322.709352499999,1210.1209727938392,3112.5883797061597,955.3089382298995,254.81203456393965
2025-10-10 12:00:00+00:00,4437.308475684001,1249.9479783174995,3187.3604973665015,984.7424201353897,265.2055581821099
2025-10-10 13:00:00+00:00,4552.416655836002,1223.1016200948375,3329.3150357411646,946.8770877894567,276.22453230538065
2025-10-10 14:00:00+00:00,4659.986666243997,1132.531917912363,3527.454748331634,845.0308976121494,287.5010203002137
2025-10-10 15:00:00+00:00,4752.50919549,985.485198673576,3767.023996816424,686.8221860869935,298.6630125865825
2025-10-10 16:00:00+00:00,4823.528496486001,792.8878439610631,4030.640652524938,483.5383846091778,309.34945935188534
2025-10-10 17:00:00+00:00,4868.085387018,568.5118710340768,4299.573515983923,249.28702984791724,319.22484118615955
2025-10-10 18:00:00+00:00,4883.05727574,327.9926883958387,4555.064587344161,0.0,327.9926883958387
2025-10-10 19:00:00+00:00,4867.372052298,335.4074863690276,4531.964565928973,0.0,335.4074863690276
2025-10-10 20:00:00+00:00,4822.081236378001,341.28448790910136,4480.7967484689,0.0,341.28448790910136
2025-10-10 21:00:00+00:00,4750.287371634001,345.50702368939346,4404.7803479446075,0.0,345.50702368939346
2025-10-10 22:00:00+00:00,4656.930665814,348.0310173165839,4308.899648497417,0.0,348.0310173165839
2025-10-10 23:00:00+00:00,4548.449414417999,348.8865223892848,4199.5628920287145,0.0,348.8865223892848
2025-10-11 00:00:00+00:00,4061.3487584459995,348.1762098372101,3713.1725486087894,0.0,348.1762098372101
2025-10-11 01:00:00+00:00,3945.6404880059995,346.0708816914982,3599.5696063145015,0.0,346.0708816914982
2025-10-11 02:00:00+00:00,3838.3577076600013,342.80217985249783,3495.5555278075035,0.0,342.80217985249783
2025-10-11 03:00:00+00:00,3746.9574589020017,338.65280332920617,3408.3046555727956,0.0,338.65280332920617
2025-10-11 04:00:00+00:00,3677.817597216001,333.94462505377066,3343.8729721622303,0.0,333.94462505377066
2025-10-11 05:00:00+00:00,3635.795708916002,329.0251999227913,3306.7705089932106,0.0,329.0251999227913
2025-10-11 06:00:00+00:00,3623.8915158179993,324.253216341884,3299.638299476115,0.0,324.253216341884
2025-10-11 07:00:00+00:00,3643.0359630000016,571.9146611174804,3071.121301882521,251.93117616526135,319.983484952219
2025-10-11 08:00:00+00:00,3692.0214803219983,806.0460362486579,2885.9754440733404,489.4939491972005,316.55208705145736
2025-10-11 09:00:00+00:00,3767.5783341839997,1010.5902713689397,2756.98806281506,696.3279927631623,314.2622786057774
2025-10-11 10:00:00+00:00,3864.5920257840007,1171.2209708318496,2693.371054952151,857.8492317361023,313.3717390957472
2025-10-11 11:00:00+00:00,3976.44704583,1276.3912491524181,2700.0557966775823,962.3095619922742,314.0816871601439
2025-10-11 12:00:00+00:00,4095.4736547059993,1318.2347805796983,2777.238874126301,1001.7064835576664,316.52829702203195
2025-10-11 13:00:00+00:00,4213.467374759999,1293.2404965255362,2920.2268782344627,972.4637111654732,320.77678536006295
2025-10-11 14:00:00+00:00,4322.245854612002,1202.6331225174263,3119.612732094576,875.8147247013978,326.81839781602855
2025-10-11 15:00:00+00:00,4414.20519897,1052.4104441086818,3361.7947548613183,717.8400210666285,334.57042304205316
2025-10-11 16:00:00+00:00,4482.837942282001,853.0140231953094,3629.8239190866916,509.1347837326024,343.87923946270695
2025-10-11 17:00:00+00:00,4523.177304912002,618.6408902391829,3904.536414672819,264.114629305136,354.52626093404683
2025-10-11 18:00:00+00:00,4532.137503348003,366.23654767259694,4165.900955675405,0.0,366.23654767259694
2025-10-11 19:00:00+00:00,4508.726847071998,378.68972683849955,4130.037120233499,0.0,378.68972683849955
2025-10-11 20:00:00+00:00,4454.11906779,391.53277252335334,4062.586295266647,0.0,391.53277252335334
2025-10-11 21:00:00+00:00,4371.577934849999,404.39412909324585,3967.1838057567534,0.0,404.39412909324585
2025-10-11 22:00:00+00:00,4266.2401708920015,416.8985975161355,3849.341573375866,0.0,416.8985975161355
2025-10-11 23:00:00+00:00,4144.771357775999,428.6823725117201,3716.0889852642786,0.0,428.6823725117201
2025-10-12 00:00:00+00:00,4022.094652128,439.40762353721374,3582.687028590786,0.0,439.40762353721374
2025-10-12 01:00:00+00:00,3892.1637786360006,448.77601336177827,3443.387765274222,0.0,448.77601336177827
2025-10-12 02:00:00+00:00,3770.4628093439997,456.54061082505757,3313.922198518942,0.0,456.54061082505757
2025-10-12 03:00:00+00:00,3664.741186805998,462.51570021347266,3202.225486592525,0.0,462.51570021347266
2025-10-12 04:00:00+00:00,3581.669027579999,466.5840976295174,3115.0849299504816,0.0,466.5840976295174
2025-10-12 05:00:00+00:00,3526.389264594,468.7016690124498,3057.6875955815503,0.0,468.7016690124498
2025-10-12 06:00:00+00:00,3502.173400361998,468.8988598036195,3033.2745405583787,0.0,468.8988598036195
2025-10-12 07:00:00+00:00,3510.204265679999,707.1528095215086,2803.0514561584905,239.87361762463564,467.279191896873
2025-10-12 08:00:00+00:00,3549.500427186,920.6973044645767,2628.8031227214233,456.68254036356575,464.01476410101105
2025-10-12 09:00:00+00:00,3616.987279038001,1095.4240367927616,2521.563242245239,636.0850662739509,459.3389705188107
2025-10-12 10:00:00+00:00,3707.7099107159993,1220.4426714360732,2487.267239279926,766.9059662181502,453.53670521792293
2025-10-12 11:00:00+00:00,3815.1731372579998,1288.7276409578412,2526.4454963001585,841.7951596944888,446.9324812633523
2025-10-12 12:00:00+00:00,3931.785496674,1297.435665121011,2634.349831552989,857.5587337555107,439.8769313655001
2025-10-12 13:00:00+00:00,4049.376952109999,1247.894384652834,2801.482567457165,815.1621311427137,432.7322535101204
2025-10-12 14:00:00+00:00,4159.754937450001,1145.2912327002496,3014.4637047497517,719.4340359726949,425.8571967275546
2025-10-12 15:00:00+00:00,4255.260996797998,998.1144368529602,3257.1465599450376,578.5222384291811,419.5921984237791
2025-10-12 16:00:00+00:00,4329.289996793998,817.4127502214321,3511.877246572566,403.16746700428155,414.2452832171506
2025-10-12 17:00:00+00:00,4376.736741342001,615.946570465855,3760.7901708761456,205.8672668141617,410.0793036516933
2025-10-12 18:00:00+00:00,4394.339480286,407.3010440117032,3987.038436274297,0.0,407.3010440117032
2025-10-12 19:00:00+00:00,4380.897197376002,406.05263083322,3974.8445665427816,0.0,406.05263083322
2025-10-12 20:00:00+00:00,4337.345813556,406.40560572813297,3930.940207827867,0.0,406.40560572813297
2025-10-12 21:00:00+00:00,4266.688367886001,408.3579015411724,3858.330466344829,0.0,408.3579015411724
2025-10-12 22:00:00+00:00,4173.784071365998,411.8338460465386,3761.9502253194596,0.0,411.8338460465386
2025-10-12 23:00:00+00:00,4065.0107031240004,416.6871946628228,3648.323508461178,0.0,416.6871946628228
2025-10-13 00:00:00+00:00,4333.163142168,422.7070642828329,3910.4560778851674,0.0,422.7070642828329
2025-10-13 01:00:00+00:00,4215.580798548,429.6265301553825,3785.954268392617,0.0,429.6265301553825
2025-10-13 02:00:00+00:00,4105.632714456001,437.1335302032706,3668.49918425273,0.0,437.1335302032706
2025-10-13 03:00:00+00:00,4010.8066986120007,444.88363318190557,3565.923065430095,0.0,444.88363318190557
2025-10-13 04:00:00+00:00,3937.533847841999,452.5141450178416,3485.0197028241573,0.0,452.5141450178416
2025-10-13 05:00:00+00:00,3890.7462294960005,459.658981088968,3431.0872484070323,0.0,459.658981088968
2025-10-13 06:00:00+00:00,3873.5375765940025,465.9636848912297,3407.573891702773,0.0,465.9636848912297
2025-10-13 07:00:00+00:00,3886.95017823,669.9644489132218,3216.985729316778,198.86445467533557,471.0999942378862
2025-10-13 08:00:00+00:00,3929.9025407459985,862.3979304914652,3067.5046102545334,387.61858766201885,474.77934282944636
2025-10-13 09:00:00+00:00,3999.2627828160007,1030.2679565117664,2968.9948263042343,553.5032034613632,476.7647530504031
2025-10-13 10:00:00+00:00,4090.0627970580013,1161.7453311373465,2928.3174659206547,684.8646998390102,476.8806312983362
2025-10-13 11:00:00+00:00,4195.838560241999,1247.00273120337,2948.8358290386295,771.9826653333106,475.02006587005957
2025-10-13 12:00:00+00:00,4309.073350176001,1278.9766725931904,3030.096677582811,807.8273497906546,471.1493228025358
2025-10-13 13:00:00+00:00,4421.713628052,1253.9893608720365,3167.724267179963,788.6799986417008,465.30936223033575
2025-10-13 14:00:00+00:00,4525.722314021999,1172.1661749565717,3353.5561390654275,714.5518625396296,457.6143124169421
2025-10-13 15:00:00+00:00,4613.631723414,1037.595210576949,3576.0365128370504,589.3482551462624,448.24695543068657
2025-10-13 16:00:00+00:00,4679.058248592,858.1936127248688,3820.8646358671317,420.7421893808733,437.4514233439955
2025-10-13 17:00:00+00:00,4717.1437008779985,645.2697258996567,4071.8739749783417,219.7463414785175,425.5233844211392
2025-10-13 18:00:00+00:00,4724.893011929999,412.79814440688966,4312.094867523109,0.0,412.79814440688966
2025-10-13 19:00:00+00:00,4701.385145982002,399.63712647343766,4301.748019508564,0.0,399.63712647343766
2025-10-13 20:00:00+00:00,4647.842702580002,386.41329910652695,4261.429403473475,0.0,386.41329910652695
2025-10-13 21:00:00+00:00,4567.5553187880005,373.49614191288885,4194.059176875112,0.0,373.49614191288885
2025-10-13 22:00:00+00:00,4465.6618976340005,361.23676151083896,4104.425136123162,0.0,361.23676151083896
2025-10-13 23:00:00+00:00,4348.806395261999,349.95377705915456,3998.852618202844,0.0,349.95377705915456
2025-10-14 00:00:00+00:00,4231.893668309999,339.92053731193374,3891.9731309980652,0.0,339.92053731193374
2025-10-14 01:00:00+00:00,4108.756510529999,331.3542074287029,3777.402303101296,0.0,331.3542074287029
2025-10-14 02:00:00+00:00,3994.8173110439993,324.4071610027406,3670.410150041259,0.0,324.4071610027406
2025-10-14 03:00:00+00:00,3897.718113449997,319.16103440203597,3578.557079047961,0.0,319.16103440203597
2025-10-14 04:00:00+00:00,3824.005070340001,315.62368666110916,3508.381383678892,0.0,315.62368666110916
2025-10-14 05:00:00+00:00,3778.6833556919996,313.7291824765154,3464.9541732154844,0.0,313.7291824765154
2025-10-14 06:00:00+00:00,3764.876061408002,313.3408093959209,3451.535252012081,0.0,313.3408093959209
2025-10-14 07:00:00+00:00,3783.610298706,540.0668963282867,3243.5434023777134,225.80990094552735,314.2569953827594
2025-10-14 08:00:00+00:00,3833.745113814001,751.1407175129737,3082.604396301027,434.92083029810203,316.2198872148716
2025-10-14 09:00:00+00:00,3912.046219283998,932.0433533715698,2980.002865912428,613.1171126162757,318.9262407552941
2025-10-14 10:00:00+00:00,4013.4024462840002,1070.5482439164437,2942.8542023675564,748.5080725493835,322.04017136706017
2025-10-14 11:00:00+00:00,4131.169316903999,1157.4927313323128,2973.6765855716862,832.2854843884425,325.2072469438703
2025-10-14 12:00:00+00:00,4257.616392749999,1187.306224409465,3070.3101683405343,859.2368797450284,328.0693446644366
2025-10-14 13:00:00+00:00,4384.448082252001,1158.2752881261517,3226.172794125849,827.9956325141403,330.2796556120115
2025-10-14 14:00:00+00:00,4503.362502954,1072.5474607649378,3430.8150421890623,741.0302238384841,331.51723692645373
2025-10-14 15:00:00+00:00,4606.610504999998,935.8935195559288,3670.716985444069,604.3930194896321,331.5005000662967
2025-10-14 16:00:00+00:00,4687.516894158,757.2612280117371,3930.2556661462622,427.2621347568165,329.9990932549206
2025-10-14 17:00:00+00:00,4740.928476102001,548.1617371927861,4192.766738909215,221.3180544303237,326.8436827624624
2025-10-14 18:00:00+00:00,4763.558608620001,321.9332397020744,4441.625368917927,0.0,321.9332397020744
2025-10-14 19:00:00+00:00,4754.204837424002,315.2395269989277,4438.965310425075,0.0,315.2395269989277
2025-10-14 20:00:00+00:00,4713.825010356,306.80860613643534,4407.016404219565,0.0,306.80860613643534
2025-10-14 21:00:00+00:00,4645.466792316,296.75929935834023,4348.707492957659,0.0,296.75929935834023
2025-10-14 22:00:00+00:00,4554.055471938001,285.27867090869785,4268.776801029303,0.0,285.27867090869785
2025-10-14 23:00:00+00:00,4446.054665219998,272.61470992325445,4173.439955296743,0.0,272.61470992325445
2025-10-15 00:00:00+00:00,4336.236466926,259.0665166171969,4077.1699503088025,0.0,259.0665166171969
2025-10-15 01:00:00+00:00,4218.311072766,244.97239248392148,3973.3386802820783,0.0,244.97239248392148
2025-10-15 02:00:00+00:00,4107.651770711996,230.6963172846473,3876.9554534273484,0.0,230.6963172846473
2025-10-15 03:00:00+00:00,4011.8856131339994,216.61337028061712,3795.2722428533825,0.0,216.61337028061712
2025-10-15 04:00:00+00:00,3937.5883066380034,203.0946953012063,3734.493611336797,0.0,203.0946953012063
2025-10-15 05:00:00+00:00,3889.838373624002,190.49261071991174,3699.3457629040904,0.0,190.49261071991174
2025-10-15 06:00:00+00:00,3871.8741950699996,179.12649350457795,3692.7477015654217,0.0,179.12649350457795
2025-10-15 07:00:00+00:00,3884.87738856,415.5395517533168,3469.3378368066833,246.2695540024092,169.2699977509076
2025-10-15 08:00:00+00:00,3927.8969867759997,642.6184964910697,3285.27849028493,481.47835943445597,161.14013705661364
2025-10-15 09:00:00+00:00,3997.9196468400014,843.8384569220524,3154.081189917949,688.9497796329833,154.88867728906908
2025-10-15 10:00:00+00:00,4090.08085101,1004.0226950674574,3086.0581559425427,853.4265004445624,150.596194622895
2025-10-15 11:00:00+00:00,4198.002625026,1110.5146833416836,3087.487941684316,962.2456479099025,148.26903543178116
2025-10-15 12:00:00+00:00,4314.234574608,1154.221671036622,3160.012903571378,1006.3823695346543,147.8393015019675
2025-10-15 13:00:00+00:00,4430.768049792001,1130.4335604070675,3300.3344893849335,981.2656880104659,149.16787239660158
2025-10-15 14:00:00+00:00,4539.588215777998,1039.3329414522468,3500.255274325751,887.2826162138738,152.05032523837306
2025-10-15 15:00:00+00:00,4633.226306183999,886.134232369933,3747.0920738140667,729.9087133471726,156.22551902276035
2025-10-15 16:00:00+00:00,4705.274181888002,677.8123880047574,4027.461793883245,516.4258949833528,161.38649302140462
2025-10-15 17:00:00+00:00,4750.826084423999,434.514933155726,4316.3111512682735,267.3217144801635,167.1932186755625
2025-10-15 18:00:00+00:00,4766.817308777999,173.28670593464304,4593.530602843356,0.0,173.28670593464304
2025-10-15 19:00:00+00:00,4752.23660457,179.30386074987823,4572.932743820122,0.0,179.30386074987823
2025-10-15 20:00:00+00:00,4708.197759804001,184.89250743767363,4523.305252366327,0.0,184.89250743767363
2025-10-15 21:00:00+00:00,4637.86539132,189.72594231032625,4448.139449009674,0.0,189.72594231032625
2025-10-15 22:00:00+00:00,4546.239985686001,193.51643746393708,4352.723548222064,0.0,193.51643746393708
2025-10-15 23:00:00+00:00,4439.816795736,196.02713061784254,4243.789665118157,0.0,196.02713061784254
2025-10-16 00:00:00+00:00,4333.36324155,197.0818211830428,4136.281420366957,0.0,197.0818211830428
2025-10-16 01:00:00+00:00,4220.516675214,196.57226666969743,4023.944408544303,0.0,196.57226666969743
2025-10-16 02:00:00+00:00,4116.558838098001,194.46268222466915,3922.0961558733316,0.0,194.46268222466915
2025-10-16 03:00:00+00:00,4028.9767541520023,190.7912643822434,3838.185489769759,0.0,190.7912643822434
2025-10-16 04:00:00+00:00,3964.1688695279995,185.66866139880142,3778.500208129198,0.0,185.66866139880142
2025-10-16 05:00:00+00:00,3927.0033585720007,179.2734737152765,3747.7298848567243,0.0,179.2734737152765
2025-10-16 06:00:00+00:00,3920.480108538001,171.84495163505105,3748.63515690295,0.0,171.84495163505105
2025-10-16 07:00:00+00:00,3945.519612216001,416.89132295991135,3528.6282892560894,253.21812887966485,163.67319408024653
2025-10-16 08:00:00+00:00,4000.8933100500003,638.3596110102928,3362.5336990397072,483.27235447597803,155.08725653431478
2025-10-16 09:00:00+00:00,4083.300272772003,821.2923027570376,3262.0079700149654,674.8506577208904,146.44164503614726
2025-10-16 10:00:00+00:00,4187.585146878001,953.9267013390909,3233.65844553891,815.8249484009705,138.10175293812046
2025-10-16 11:00:00+00:00,4307.082677142001,1028.40706142382,3278.675615718181,897.9782191844453,130.42884223937475
2025-10-16 12:00:00+00:00,4434.065483652,1041.1704730465447,3392.8950106054554,917.4052973049636,123.76517574158107
2025-10-16 13:00:00+00:00,4560.264733374,993.0022796516117,3567.262453722388,874.5823659839041,118.41991366770769
2025-10-16 14:00:00+00:00,4677.428315238002,888.7843563714307,3788.6439588665717,774.1280042141003,114.65635215733035
2025-10-16 15:00:00+00:00,4777.878641928001,736.9813766947784,4040.897265233223,624.3003533101717,112.68102338460673
2025-10-16 16:00:00+00:00,4855.032163379998,548.9249306551518,4306.107232724846,436.2898201494483,112.63511050570354
2025-10-16 17:00:00+00:00,4903.845205223999,337.9623125289988,4565.882892695,223.3737927854216,114.58851974357715
2025-10-16 18:00:00+00:00,4921.155937613999,118.53685950226799,4802.619078111731,0.0,118.53685950226799
2025-10-16 19:00:00+00:00,4905.89904588,124.40144997813752,4781.497595901862,0.0,124.40144997813752
2025-10-16 20:00:00+00:00,4859.178625055999,132.03235883209214,4727.146266223906,0.0,132.03235883209214
2025-10-16 21:00:00+00:00,4784.194224852,141.21434019469152,4642.9798846573085,0.0,141.21434019469152
2025-10-16 22:00:00+00:00,4686.025114259999,151.67544485580245,4534.349669404197,0.0,151.67544485580245
2025-10-16 23:00:00+00:00,4571.287362515999,163.09792753988393,4408.189434976115,0.0,163.09792753988393
2025-10-17 00:00:00+00:00,4454.914345223999,175.1310291118025,4279.783316112196,0.0,175.1310291118025
2025-10-17 01:00:00+00:00,4330.727233056,187.40509104795433,4143.322142008045,0.0,187.40509104795433
2025-10-17 02:00:00+00:00,4214.240258676,199.54644176364658,4014.693816912353,0.0,199.54644176364658
2025-10-17 03:00:00+00:00,4113.1927856460015,211.19242858768496,3902.0003570583167,0.0,211.19242858768496
2025-10-17 04:00:00+00:00,4034.2554904680005,222.00599800882478,3812.2494924591756,0.0,222.00599800882478
2025-10-17 05:00:00+00:00,3982.5823140600005,231.68921351087576,3750.893100549125,0.0,231.68921351087576
2025-10-17 06:00:00+00:00,3961.4658374339997,239.9951624166299,3721.47067501737,0.0,239.9951624166299
2025-10-17 07:00:00+00:00,3972.1193531880003,460.471305517051,3511.6480476709494,213.73353285963574,246.73777265741526
2025-10-17 08:00:00+00:00,4013.6004246659995,666.2390964198356,3347.361328246164,414.4399709740737,251.79912544576192
2025-10-17 09:00:00+00:00,4082.880921378,843.5482383662392,3239.3326830117608,588.4142650701452,255.13397329609396
2025-10-17 10:00:00+00:00,4175.05863117,980.3030134867781,3194.7556176832218,723.531736403463,256.7712770833151
2025-10-17 11:00:00+00:00,4283.6959287779955,1066.942020303565,3216.7539084744303,810.1293239642831,256.8126963392819
2025-10-17 12:00:00+00:00,4401.2623055099975,1097.1813275690258,3304.080977940972,841.7532238065734,255.4281037624525
2025-10-17 13:00:00+00:00,4519.650463691999,1068.5536093211053,3451.0968543708937,815.7053101601516,252.84829916095373
2025-10-17 14:00:00+00:00,4630.73081394,982.6868216763526,3648.043992263648,733.3315994202889,249.35522225606368
2025-10-17 15:00:00+00:00,4726.906481472002,845.284206062604,3881.6222754093983,600.0141291726308,245.27007688997324
2025-10-17 16:00:00+00:00,4801.630987061997,665.7912703768864,4135.839716685111,424.8514357457543,240.939834631132
2025-10-17 17:00:00+00:00,4849.853334647999,456.76304434662904,4393.09029030137,220.04035285253514,236.7226914940939
2025-10-17 18:00:00+00:00,4868.360192261999,232.97305740538093,4635.387134856618,0.0,232.97305740538093
2025-10-17 19:00:00+00:00,4855.991894670004,230.02669944913862,4625.965195220865,0.0,230.02669944913862
2025-10-17 20:00:00+00:00,4813.717615853999,228.18665327242124,4585.530962581577,0.0,228.18665327242124
2025-10-17 21:00:00+00:00,4744.564667598001,227.71047119173892,4516.8541964062615,0.0,227.71047119173892
2025-10-17 22:00:00+00:00,4653.406895802002,228.79933340092083,4424.607562401081,0.0,228.79933340092083
2025-10-17 23:00:00+00:00,4546.626665196002,231.58946883314968,4315.037196362852,0.0,231.58946883314968
2025-10-18 00:00:00+00:00,4060.7559940919987,236.14623981428295,3824.6097542777156,0.0,236.14623981428295
2025-10-18 01:00:00+00:00,3945.6328651319986,242.46112857040646,3703.1717365615923,0.0,242.46112857040646
2025-10-18 02:00:00+00:00,3838.343441814,250.45175053570094,3587.8916912782993,0.0,250.45175053570094
2025-10-18 03:00:00+00:00,3746.340536357998,259.96490259320666,3486.3756337647915,0.0,259.96490259320666
2025-10-18 04:00:00+00:00,3676.011692976001,270.78250281925745,3405.2291901567437,0.0,270.78250281925745
2025-10-18 05:00:00+00:00,3632.2378926119995,282.6302080663942,3349.6076845456055,0.0,282.6302080663942
2025-10-18 06:00:00+00:00,3618.055363734001,295.1883234566269,3322.867040277374,0.0,295.1883234566269
2025-10-18 07:00:00+00:00,3634.443825935995,510.3744279960373,3124.0693979399575,202.26983823350483,308.10458976253244
2025-10-18 08:00:00+00:00,3680.255563698002,708.3331034355297,2971.922460262472,387.32480112119833,321.00830231433133
2025-10-18 09:00:00+00:00,3752.290386768,876.6744731512379,2875.6159136167626,543.1492809992498,333.52519215198805
2025-10-18 10:00:00+00:00,3845.5113740399993,1005.2808640901605,2840.230509949839,659.988396479125,345.29246761103565
2025-10-18 11:00:00+00:00,3953.3867829960013,1086.8556072615356,2866.5311757344657,730.8822186071168,355.97338865441895
2025-10-18 12:00:00+00:00,4068.33487431,1117.2569068842063,2951.0779674257938,751.9861206979542,365.27078618625194
2025-10-18 13:00:00+00:00,4182.241321314,1095.6180576355725,3086.623263678427,722.6790894791536,372.9389681564189
2025-10-18 14:00:00+00:00,4287.013940579999,1024.2704945937733,3262.743445986226,645.4769619602739,378.79353263349935
2025-10-18 15:00:00+00:00,4375.136904977999,908.496294973919,3466.6406100040795,525.7776159751376,382.71867899878146
2025-10-18 16:00:00+00:00,4440.186638748,756.1418267144197,3684.0448120335805,371.47010666207234,384.6717200523474
2025-10-18 17:00:00+00:00,4477.274101146,577.1245926072302,3900.14950853877,192.43997797152738,384.68461463570276
2025-10-18 18:00:00+00:00,4483.383242898,382.86245718892434,4100.520785709076,0.0,382.86245718892434
2025-10-18 19:00:00+00:00,4457.582495352,379.3789789524423,4078.2035163995574,0.0,379.3789789524423
2025-10-18 20:00:00+00:00,4401.094653186001,374.46925821347725,4026.6253949725237,0.0,374.46925821347725
2025-10-18 21:00:00+00:00,4317.220336002,368.41992867356794,3948.8004073284324,0.0,368.41992867356794
2025-10-18 22:00:00+00:00,4211.120038608001,361.55728886981365,3849.5627497381874,0.0,361.55728886981365
2025-10-18 23:00:00+00:00,4089.4694727599995,354.23380208359146,3735.235670676408,0.0,354.23380208359146
2025-10-19 00:00:00+00:00,3967.2442134780017,346.8135397525344,3620.4306737254674,0.0,346.8135397525344
2025-10-19 01:00:00+00:00,3838.2680445059987,339.6571605858328,3498.610883920166,0.0,339.6571605858328
2025-10-19 02:00:00+00:00,3718.0502523360024,333.1070478952825,3384.94320444072,0.0,333.1070478952825
2025-10-19 03:00:00+00:00,3614.296620858001,327.473200299444,3286.823420558557,0.0,327.473200299444
2025-10-19 04:00:00+00:00,3533.6219594339996,323.0204739155824,3210.601485518417,0.0,323.0204739155824
2025-10-19 05:00:00+00:00,3481.1035136219994,319.95767952033805,3161.1458341016614,0.0,319.95767952033805
2025-10-19 06:00:00+00:00,3459.938275206,318.42898640726503,3141.509288798735,0.0,318.42898640726503
2025-10-19 07:00:00+00:00,3471.2274801119966,542.4604471507087,2928.767032961288,223.9524489824674,318.5079981682413
2025-10-19 08:00:00+00:00,3513.9029163840028,759.7076206962247,2754.195295687778,439.51290145700256,320.1947192392222
2025-10-19 09:00:00+00:00,3584.8000605060015,954.6148009061981,2630.1852595998034,631.1992430486533,323.41555785754474
2025-10-19 10:00:00+00:00,3678.8730534779975,1112.6452104701384,2566.227843007859,784.6188590865504,328.026351383588
2025-10-19 11:00:00+00:00,3789.5368562939993,1221.4249751662728,2568.1118811277265,887.6066742963463,333.81830086992636
2025-10-19 12:00:00+00:00,3909.1133598719994,1271.7832315906476,2637.330128281352,931.2566725194417,340.5265590712058
2025-10-19 13:00:00+00:00,4029.3511233779996,1258.5900264305224,2770.761096947477,910.7488916683976,347.84113476212485
2025-10-19 14:00:00+00:00,4141.9833202439995,1181.305284139377,2960.6780361046226,825.8856284186002,355.41965572077663
2025-10-19 15:00:00+00:00,4239.286125354001,1044.1740262292763,3195.1120991247253,681.2725563373722,362.901469891904
2025-10-19 16:00:00+00:00,4314.599488416002,856.0332466435962,3458.5662417724056,486.11073119448525,369.9225154491109
2025-10-19 17:00:00+00:00,4362.774987354002,629.7313900738691,3733.0435972801333,253.60105578756725,376.1303342863018
2025-10-19 18:00:00+00:00,4380.520418694,381.19863599896223,3999.3217826950377,0.0,381.19863599896223
2025-10-19 19:00:00+00:00,4366.617747282001,384.84079280016107,3981.7769544818398,0.0,384.84079280016107
2025-10-19 20:00:00+00:00,4321.999763466,386.8217323172849,3935.1780311487155,0.0,386.8217323172849
2025-10-19 21:00:00+00:00,4249.680323406001,386.96772700653327,3862.7125963994677,0.0,386.96772700653327
2025-10-19 22:00:00+00:00,4154.543148378,385.17368760311075,3769.3694607748894,0.0,385.17368760311075
2025-10-19 23:00:00+00:00,4043.003669501999,381.4076574834895,3661.5960120185096,0.0,381.4076574834895
2025-10-20 00:00:00+00:00,4307.947909398002,375.71232532623935,3932.2355840717623,0.0,375.71232532623935
2025-10-20 01:00:00+00:00,4186.693868742001,368.2034947073755,3818.4903740346253,0.0,368.2034947073755
2025-10-20 02:00:00+00:00,4072.7225148960006,359.06556829764463,3713.6569465983557,0.0,359.06556829764463
2025-10-20 03:00:00+00:00,3973.6004177939994,348.54423518985857,3625.0561826041408,0.0,348.54423518985857
2025-10-20 04:00:00+00:00,3895.8436245540015,336.9366637405776,3558.906960813424,0.0,336.9366637405776
2025-10-20 05:00:00+00:00,3844.4733905759977,324.5795917688789,3519.893798807119,0.0,324.5795917688789
2025-10-20 06:00:00+00:00,3822.6748003499974,311.83580724260014,3510.838993107397,0.0,311.83580724260014
2025-10-20 07:00:00+00:00,3831.5814944399995,547.9499317023178,3283.6315627376816,248.87035997380028,299.0795717285175
2025-10-20 08:00:00+00:00,3870.2012393520004,764.1174177913749,3106.0838215606254,477.435833070246,286.6815847211289
2025-10-20 09:00:00+00:00,3935.487227069999,945.3718192108096,2990.1154078591894,670.3777196775592,274.9940995332504
2025-10-20 10:00:00+00:00,4022.5502768640004,1079.4875260772899,2943.0627507867102,815.1507276029589,264.33679847433103
2025-10-20 11:00:00+00:00,4124.997283259998,1157.7354385014569,2967.261844758541,902.7514204635601,254.9840180378969
2025-10-20 12:00:00+00:00,4235.372812481999,1175.3623315440689,3060.01048093793,928.2085054436473,247.15382610042155
2025-10-20 13:00:00+00:00,4345.673542518002,1131.7810799709137,3213.8924625470886,890.7816652819376,240.99941468897603
2025-10-20 14:00:00+00:00,4447.900406081999,1030.4807164304711,3417.4196896515277,793.8775635869358,236.6031528435353
2025-10-20 15:00:00+00:00,4534.610619042,878.6829729414262,3655.9276461005734,644.7094293899312,233.97354355149508
2025-10-20 16:00:00+00:00,4599.431832030001,686.7846670672523,3912.6471649627483,453.7394603240764,233.0452067431759
2025-10-20 17:00:00+00:00,4637.503205118002,467.63280066561424,4169.870404452388,233.95090566336717,233.68189500224705
2025-10-20 18:00:00+00:00,4645.813181309999,235.68240891240546,4410.130772397593,0.0,235.68240891240546
2025-10-20 19:00:00+00:00,4623.410827224001,238.78917471668936,4384.621652507311,0.0,238.78917471668936
2025-10-20 20:00:00+00:00,4571.476148483999,242.69913458826693,4328.777013895732,0.0,242.69913458826693
2025-10-20 21:00:00+00:00,4493.244497279998,247.07649704523723,4246.16800023476,0.0,247.07649704523723
2025-10-20 22:00:00+00:00,4393.790111592001,251.5668255453452,4142.223286046656,0.0,251.5668255453452
2025-10-20 23:00:00+00:00,4279.683412493999,255.8118989369558,4023.871513557043,0.0,255.8118989369558
2025-10-21 00:00:00+00:00,4165.774852973998,259.4647160785824,3906.310136895416,0.0,259.4647160785824
2025-10-21 01:00:00+00:00,4045.7589206160005,262.20404503364944,3783.554875582351,0.0,262.20404503364944
2025-10-21 02:00:00+00:00,3934.9952271840007,263.74791207188645,3671.2473151121144,0.0,263.74791207188645
2025-10-21 03:00:00+00:00,3841.0357331639993,263.8654885514557,3577.1702446125437,0.0,263.8654885514557
2025-10-21 04:00:00+00:00,3770.3375939880007,262.38686628625504,3507.9507277017456,0.0,262.38686628625504
2025-10-21 05:00:00+00:00,3727.8201510059957,259.2103495174578,3468.609801488538,0.0,259.2103495174578
2025-10-21 06:00:00+00:00,3716.5258641839996,254.306942621842,3462.2189215621574,0.0,254.306942621842
2025-10-21 07:00:00+00:00,3737.40833088,485.0404490670795,3252.3678818129206,237.3185936877176,247.7218553793619
2025-10-21 08:00:00+00:00,3789.2619577259993,699.5257868086221,3089.7361709173774,459.9528201547345,239.5729666538876
2025-10-21 09:00:00+00:00,3868.7981936100023,882.3513910123426,2986.44680259766,652.3050802038734,230.04631080846914
2025-10-21 10:00:00+00:00,3970.8632969879995,1020.1041762665036,2950.759120721496,800.7154201057441,219.38875616075956
2025-10-21 11:00:00+00:00,4088.7829262700016,1102.3987787963165,2986.384147473685,894.5005802322931,207.8981985640234
2025-10-21 12:00:00+00:00,4214.810205311998,1122.7117150081472,3092.098490303851,926.8000663595451,195.91164864860215
2025-10-21 13:00:00+00:00,4340.646920987997,1078.942655718242,3261.704265269755,895.1509417314328,183.79171398680901
2025-10-21 14:00:00+00:00,4458.002487288,973.6445453443915,3484.3579419436087,801.7325250192617,171.91202032512982
2025-10-21 15:00:00+00:00,4559.152714284001,813.8911455480727,3745.2615687359284,653.2489659384372,160.64217960963552
2025-10-21 16:00:00+00:00,4637.460458484003,610.7822222028378,4026.6782362811646,460.4493178049112,150.3329043979266
2025-10-21 17:00:00+00:00,4687.822810230002,378.61991154321674,4309.202898686785,237.3180211125091,141.30189043070763
2025-10-21 18:00:00+00:00,4707.01446663,133.82104034057875,4573.193426289421,0.0,133.82104034057875
2025-10-21 19:00:00+00:00,4693.903950540001,128.10554824416604,4565.798402295834,0.0,128.10554824416604
2025-10-21 20:00:00+00:00,4649.528104325998,124.30529546707469,4525.222808858924,0.0,124.30529546707469
2025-10-21 21:00:00+00:00,4577.019729828001,122.49891227810663,4454.520817549895,0.0,122.49891227810663
2025-10-21 22:00:00+00:00,4481.393439474,122.69073778108117,4358.702701692919,0.0,122.69073778108117
2025-10-21 23:00:00+00:00,4369.204294055999,124.81081400022764,4244.393480055771,0.0,124.81081400022764
2025-10-22 00:00:00+00:00,4255.327036254001,128.717905287239,4126.609130966762,0.0,128.717905287239
2025-10-22 01:00:00+00:00,4133.538647825999,134.2054247578396,3999.3332230681594,0.0,134.2054247578396
2025-10-22 02:00:00+00:00,4019.308693176,141.01002451963936,3878.2986686563604,0.0,141.01002451963936
2025-10-22 03:00:00+00:00,3920.3430580019995,148.822489639552,3771.5205683624476,0.0,148.822489639552
2025-10-22 04:00:00+00:00,3843.28824789,157.3005040844404,3685.9877438055596,0.0,157.3005040844404
2025-10-22 05:00:00+00:00,3793.2838912500006,166.082752623698,3627.2011386263025,0.0,166.082752623698
2025-10-22 06:00:00+00:00,3773.618386482,174.80378497685257,3598.8146015051475,0.0,174.80378497685257
2025-10-22 07:00:00+00:00,3785.511075275997,383.5965876030818,3401.914487672915,200.4875435115576,183.1090440915242
2025-10-22 08:00:00+00:00,3828.035610881999,572.27322929871,3255.7623815832894,381.60381100321877,190.66941829549123
2025-10-22 09:00:00+00:00,3898.1895438780007,729.1835233789665,3169.006020499034,531.9887679438006,197.19475543516594
2025-10-22 10:00:00+00:00,3991.105315008001,845.1945534484407,3145.9107615595603,642.7488014727409,202.44575197569986
2025-10-22 11:00:00+00:00,4100.388024432,914.1248862753284,3186.2631381566716,707.8811320306351,206.2437542446934
2025-10-22 12:00:00+00:00,4218.556909392,932.9578812977951,3285.599028094205,724.4798220221477,208.4780592756474
2025-10-22 13:00:00+00:00,4337.5601957519975,901.8483889694787,3435.7118067825186,692.7379701880166,209.1104187814621
2025-10-22 14:00:00+00:00,4449.328212377999,823.9501351630632,3625.3780772149357,615.7735693006028,208.17656586246036
2025-10-22 15:00:00+00:00,4546.326912750001,705.0980961940484,3841.228816555952,499.313405677706,205.7846905163424
2025-10-22 16:00:00+00:00,4622.073990618,553.381679320493,4068.6923112975064,351.27073700187344,202.1109423186196
2025-10-22 17:00:00+00:00,4671.5823726180015,378.64140309350626,4292.940969524495,181.24926981771318,197.3921332757931
2025-10-22 18:00:00+00:00,4691.700787242001,191.91594175692518,4499.7848454850755,0.0,191.91594175692518
2025-10-22 19:00:00+00:00,4681.3282276320015,186.00902265420837,4495.319204977794,0.0,186.00902265420837
2025-10-22 20:00:00+00:00,4641.487605426,180.02350359505226,4461.4641018309485,0.0,180.02350359505226
2025-10-22 21:00:00+00:00,4575.253704630001,174.3224305720401,4400.931274057961,0.0,174.3224305720401
2025-10-22 22:00:00+00:00,4487.540326542,169.26474927620777,4318.275577265792,0.0,169.26474927620777
2025-10-22 23:00:00+00:00,4384.7611885139995,165.1904409494397,4219.5707475645595,0.0,165.1904409494397
2025-10-23 00:00:00+00:00,4281.605534807999,162.40642417851748,4119.199110629482,0.0,162.40642417851748
2025-10-23 01:00:00+00:00,4171.652602109999,161.17379708705926,4010.47880502294,0.0,161.17379708705926
2025-10-23 02:00:00+00:00,4070.1251425379983,161.69694041079808,3908.4282021272,0.0,161.69694041079808
2025-10-23 03:00:00+00:00,3984.4665850079996,164.1149354023126,3820.351649605687,0.0,164.1149354023126
2025-10-23 04:00:00+00:00,3921.0444811859998,168.49563961243734,3752.5488415735626,0.0,168.49563961243734
2025-10-23 05:00:00+00:00,3884.7094859579984,174.83266970118663,3709.8768162568117,0.0,174.83266970118663
2025-10-23 06:00:00+00:00,3878.457774828,183.04541474562114,3695.4123600823787,0.0,183.04541474562114
2025-10-23 07:00:00+00:00,3903.2200213860006,396.2323440050923,3506.9876773809083,203.25027135369436,192.98207265139789
2025-10-23 08:00:00+00:00,3957.7914933899997,602.4776354130593,3355.31385797694,398.05203812259583,204.42559729046337
2025-10-23 09:00:00+00:00,4038.908154245999,787.5763821056112,3251.331772140388,570.4740793295107,217.10230277610052
2025-10-23 10:00:00+00:00,4141.463743115999,938.3771907866266,3203.0865523293724,707.6844074798727,230.69278330675388
2025-10-23 11:00:00+00:00,4258.853160576,1043.8074800723807,3215.045680503619,798.9627898758168,244.84469019656396
2025-10-23 12:00:00+00:00,4383.418807613999,1095.789250905855,3287.6295567081443,836.6023956874549,259.18685521840007
2025-10-23 13:00:00+00:00,4506.969594329997,1089.9584630462764,3417.0111312837203,816.614291290316,273.3441717559603
2025-10-23 14:00:00+00:00,4621.337324898,1026.114174818697,3595.2231500793027,739.1615362111231,286.95263860757393
2025-10-23 15:00:00+00:00,4718.93249289,908.3451788281517,3810.587314061848,608.6712459887585,299.67393283939316
2025-10-23 16:00:00+00:00,4793.261716194,744.8104493677452,4048.4512668262546,433.6015150933139,311.2089342744312
2025-10-23 17:00:00+00:00,4839.371484149999,547.1817168476257,4292.189767302373,225.8720808145059,321.3096360331198
2025-10-23 18:00:00+00:00,4854.187945991997,329.78895686690726,4524.39898912509,0.0,329.78895686690726
2025-10-23 19:00:00+00:00,4836.729558065999,336.5280619635101,4500.201496102489,0.0,336.5280619635101
2025-10-23 20:00:00+00:00,4788.177959165998,341.4808772709746,4446.697081895023,0.0,341.4808772709746
2025-10-23 21:00:00+00:00,4711.802225381999,344.675628774241,4367.126596607758,0.0,344.675628774241
2025-10-23 22:00:00+00:00,4612.741454873998,346.21333722757174,4266.528117646426,0.0,346.21333722757174
2025-10-23 23:00:00+00:00,4497.660440490002,346.2633297068966,4151.397110783105,0.0,346.2633297068966
2025-10-24 00:00:00+00:00,4381.5102851520005,345.05595355287994,4036.4543315991205,0.0,345.05595355287994
2025-10-24 01:00:00+00:00,4258.172968601999,342.8727943496847,3915.3001742523143,0.0,342.8727943496847
2025-10-24 02:00:00+00:00,4143.153632897998,340.0347942181262,3803.118838679872,0.0,340.0347942181262
2025-10-24 03:00:00+00:00,4044.187331730001,336.88876133562604,3707.298570394375,0.0,336.88876133562604
2025-10-24 04:00:00+00:00,3967.926581598,333.79282443807944,3634.1337571599206,0.0,333.79282443807944
2025-10-24 05:00:00+00:00,3919.493720519999,331.1014178497638,3588.392302670235,0.0,331.1014178497638
2025-10-24 06:00:00+00:00,3902.1369751560005,329.1504343402308,3572.98654081577,0.0,329.1504343402308
2025-10-24 07:00:00+00:00,3917.0136055260004,552.5370405896474,3364.476564936353,224.29391514994416,328.2431254397032
2025-10-24 08:00:00+00:00,3963.114702833999,760.792346984309,3202.32235584969,432.1549922634059,328.63735472090303
2025-10-24 09:00:00+00:00,4037.3368029119993,940.2999094353062,3097.036893476693,609.7652033856949,330.53470604961126
2025-10-24 10:00:00+00:00,4134.695216399999,1079.5452017045982,3055.1500146954004,745.4732950399178,334.0719066646802
2025-10-24 11:00:00+00:00,4248.664631652002,1169.8076947995464,3078.8569368524554,830.4927888827995,339.314905916747
2025-10-24 12:00:00+00:00,4371.623655125997,1205.6541635023023,3165.969491623695,859.3983009871887,346.2558625151135
2025-10-24 13:00:00+00:00,4495.373043798,1185.2183764061353,3310.1546673918647,830.4052163525449,354.8131600535905
2025-10-24 14:00:00+00:00,4611.692319192,1110.265239731495,3501.4270794605045,745.4307955701219,364.8344441613732
2025-10-24 15:00:00+00:00,4712.896864998,986.0475623407556,3726.849302657244,609.9449890033909,376.10257333736473
2025-10-24 16:00:00+00:00,4792.357678122,820.9708796032181,3971.3867985187817,432.6266593352994,388.34422026791873
2025-10-24 17:00:00+00:00,4844.948352468001,626.0870485200348,4218.861303947966,224.84625537071818,401.24079314931663
2025-10-24 18:00:00+00:00,4867.388994845999,414.4412105003245,4452.947784345674,0.0,414.4412105003245
2025-10-24 19:00:00+00:00,4858.463780184,427.5760222872473,4430.887757896752,0.0,427.5760222872473
2025-10-24 20:00:00+00:00,4819.097409336002,440.27228885805255,4378.825120477949,0.0,440.27228885805255
2025-10-24 21:00:00+00:00,4752.285442715998,452.16861735291184,4300.116825363087,0.0,452.16861735291184
2025-10-24 22:00:00+00:00,4662.883396542001,462.9297360360457,4199.953660505955,0.0,462.9297360360457
2025-10-24 23:00:00+00:00,4557.269139024002,472.26000769487234,4085.009131329129,0.0,472.26000769487234
2025-10-25 00:00:00+00:00,4071.950403024,479.91533648393545,3592.0350665400647,0.0,479.91533648393545
2025-10-25 01:00:00+00:00,3956.855746368,485.7129758225474,3471.1427705454525,0.0,485.7129758225474
2025-10-25 02:00:00+00:00,3849.0738268500004,489.5388344135215,3359.534992436479,0.0,489.5388344135215
2025-10-25 03:00:00+00:00,3756.105925781998,491.3519883492568,3264.753937432741,0.0,491.3519883492568
2025-10-25 04:00:00+00:00,3684.3991620240004,491.1862115163906,3193.21295050761,0.0,491.1862115163906
2025-10-25 05:00:00+00:00,3638.9037332339994,489.14845554170836,3149.755277692291,0.0,489.14845554170836
2025-10-25 06:00:00+00:00,3622.733127426001,485.41435395123017,3137.3187734747708,0.0,485.41435395123017
2025-10-25 07:00:00+00:00,3636.9505000919994,729.8795224465306,2907.0709776454687,249.65859668381623,480.22092576271433
2025-10-25 08:00:00+00:00,3680.4958008840003,959.3356416531512,2721.160159230849,485.4788629752475,473.85677867790366
2025-10-25 09:00:00+00:00,3750.258638448001,1157.1423328841418,2593.116305563859,690.4921143803739,466.65021850376786
2025-10-25 10:00:00+00:00,3841.291907544001,1308.63781307073,2532.6540944732706,849.6820699241168,458.95574314661326
2025-10-25 11:00:00+00:00,3947.151569004001,1401.060551558116,2546.091017445885,949.92106997001,451.139481588106
2025-10-25 12:00:00+00:00,4060.33940424,1426.9948300883816,2633.3445741516184,983.4306578271348,443.5641722612468
2025-10-25 13:00:00+00:00,4172.818439453999,1386.4953600008666,2786.323079453133,949.92106997001,436.57429003085673
2025-10-25 14:00:00+00:00,4276.565847918001,1282.1578740181876,2994.4079738998134,851.675932684496,430.4819413336916
2025-10-25 15:00:00+00:00,4364.125529862,1120.9445830549885,3243.1809468070114,695.3904862958432,425.55409675914535
2025-10-25 16:00:00+00:00,4429.122569508001,913.717011938088,3515.405557569913,491.7153281641234,422.00168377396466
2025-10-25 17:00:00+00:00,4466.704369133999,673.875957876247,3792.8284112577517,253.90496581780735,419.97099205843966
2025-10-25 18:00:00+00:00,4473.878252885998,419.53773967657685,4054.3405132094213,0.0,419.53773967657685
2025-10-25 19:00:00+00:00,4449.722345081999,420.7040374038755,4029.0183076781236,0.0,420.7040374038755
2025-10-25 20:00:00+00:00,4395.455266271999,423.3983894666528,3972.0568768053463,0.0,423.3983894666528
2025-10-25 21:00:00+00:00,4314.359633010003,427.47871442775073,3886.880918582252,0.0,427.47871442775073
2025-10-25 22:00:00+00:00,4211.564536578002,432.738272362428,3778.826264215574,0.0,432.738272362428
2025-10-25 23:00:00+00:00,4093.701601626001,438.9142543468897,3654.787347279111,0.0,438.9142543468897
2025-10-26 00:00:00+00:00,3975.6419396819997,445.6986793830086,3529.943260298991,0.0,445.6986793830086
2025-10-26 01:00:00+00:00,3851.2406277240016,452.751155163689,3398.4894725603126,0.0,452.751155163689
2025-10-26 02:00:00+00:00,3735.883276734001,459.71297480016716,3276.170301933834,0.0,459.71297480016716
2025-10-26 03:00:00+00:00,3637.193630322001,466.2219817089404,3170.9716486130606,0.0,466.2219817089404
2025-10-26 04:00:00+00:00,3561.699273845999,471.92758679983666,3089.7716870461622,0.0,471.92758679983666
2025-10-26 05:00:00+00:00,3514.3870770539993,476.5053169314511,3037.8817601225483,0.0,476.5053169314511
2025-10-26 06:00:00+00:00,3498.3626335980007,479.67031869905804,3018.6923148989426,0.0,479.67031869905804
2025-10-26 07:00:00+00:00,3514.636867224,695.6182667768851,2819.018600447115,214.42902737475296,481.18923940213216
2025-10-26 08:00:00+00:00,3562.054460747998,888.985414948455,2673.069045799543,408.0953984896122,480.8900164588427
2025-10-26 09:00:00+00:00,3637.3690370219997,1047.4917769483227,2589.877260073677,568.8226090493799,478.66916789894265
2025-10-26 10:00:00+00:00,3735.460009974001,1161.563778601917,2573.896231372084,687.0674940938643,474.49628450805255
2025-10-26 11:00:00+00:00,3849.6765302100007,1224.8029934161102,2624.8735367938907,756.387455363574,468.4155380525362
2025-10-26 12:00:00+00:00,3972.285105096,1234.2224542811155,2738.0626508148844,773.6783078422235,460.5441464388921
2025-10-26 13:00:00+00:00,4094.990618165999,1190.2623006886479,2904.728317477351,739.1944412989566,451.06785938969136
2025-10-26 14:00:00+00:00,4209.495335639999,1096.6093288097904,3112.8860068302088,656.375686735508,440.23364207428244
2025-10-26 15:00:00+00:00,4308.057980814002,959.8525846357466,3348.2053961782553,531.5127211212284,428.33986351451813
2025-10-26 16:00:00+00:00,4384.014906179998,789.0096595405164,3595.005246639482,373.2852734963176,415.72438604419875
2025-10-26 17:00:00+00:00,4432.228065594001,594.9571240368628,3837.2709415571385,192.20608099885135,402.75104303801135
2025-10-26 18:00:00+00:00,4449.429337416,389.7950631010344,4059.6342743149653,0.0,389.7950631010344
2025-10-26 19:00:00+00:00,4434.437897315999,377.2280292222394,4057.2098680937597,0.0,377.2280292222394
2025-10-26 20:00:00+00:00,4388.236022814001,365.4029931864347,4022.8330296275667,0.0,365.4029931864347
2025-10-26 21:00:00+00:00,4313.898175524,354.64035370988523,3959.257821814115,0.0,354.64035370988523
2025-10-26 22:00:00+00:00,4216.378358178,345.2150742344964,3871.1632839435033,0.0,345.2150742344964
2025-10-26 23:00:00+00:00,4102.170351636001,337.3457616053368,3764.8245900306642,0.0,337.3457616053368
2025-10-27 00:00:00+00:00,4364.181044916001,331.18605957761406,4032.994985338387,0.0,331.18605957761406
2025-10-27 01:00:00+00:00,4239.944560109999,326.8186994610035,3913.125860648995,0.0,326.8186994610035
2025-10-27 02:00:00+00:00,4122.969144882,324.25245335753544,3798.7166915244647,0.0,324.25245335753544
2025-10-27 03:00:00+00:00,4020.912326129999,323.4221230717065,3697.4902030582925,0.0,323.4221230717065
2025-10-27 04:00:00+00:00,3940.3790335979998,324.19154842764436,3616.1874851703556,0.0,324.19154842764436
2025-10-27 05:00:00+00:00,3886.475226941999,326.3595277910683,3560.115699150931,0.0,326.3595277910683
2025-10-27 06:00:00+00:00,3862.464522798001,329.66839277129884,3532.796130026702,0.0,329.66839277129884
2025-10-27 07:00:00+00:00,3869.5511358840013,534.2663352910445,3335.284800592957,200.45143679899797,333.81489849204655
2025-10-27 08:00:00+00:00,3906.803760552,728.1289039517173,3178.6748566002825,389.6659262488746,338.4629777028428
2025-10-27 09:00:00+00:00,3971.225470464001,897.5220227998982,3073.703447664103,554.2641963834475,343.2578264164507
2025-10-27 10:00:00+00:00,4057.9647496079983,1030.2092123989685,3027.75553720903,682.3684472998033,347.84076509916525
2025-10-27 11:00:00+00:00,4160.653074899998,1116.3865886278857,3044.266486272112,764.5223431195658,351.8642455083198
2025-10-27 12:00:00+00:00,4271.845952682001,1149.4598144920565,3122.386138189944,794.4534138656824,355.0064006263742
2025-10-27 13:00:00+00:00,4383.537095784001,1126.5907959999645,3256.946299784037,769.6062593803518,356.98453661961275
2025-10-27 14:00:00+00:00,4487.710659810001,1048.9598789425386,3438.7507808674623,691.3928666155258,357.56701232701266
2025-10-27 15:00:00+00:00,4576.893678797997,921.7137949086673,3655.17988388933,565.1307640159504,356.5830308927169
2025-10-27 16:00:00+00:00,4644.670925244,753.5980657862908,3891.0728594577085,399.6681451386052,353.92992064768566
2025-10-27 17:00:00+00:00,4686.127011341999,556.301871259591,4129.825140082407,206.72424252695836,349.57762873263266
2025-10-27 18:00:00+00:00,4698.185460528,343.5702293229003,4354.615231205099,0.0,343.5702293229003
2025-10-27 19:00:00+00:00,4679.821562556001,336.0243902665031,4343.797172289497,0.0,336.0243902665031
2025-10-27 20:00:00+00:00,4632.13444932,327.1248558027624,4305.009593517238,0.0,327.1248558027624
2025-10-27 21:00:00+00:00,4558.273419798001,317.11713610761774,4241.156283690383,0.0,317.11713610761774
2025-10-27 22:00:00+00:00,4463.223481499999,306.2976971780061,4156.925784321993,0.0,306.2976971780061
2025-10-27 23:00:00+00:00,4353.464789982,295.00205029130495,4058.4627396906953,0.0,295.00205029130495
2025-10-28 00:00:00+00:00,4243.6799931959995,283.5912408241604,3960.0887523718393,0.0,283.5912408241604
2025-10-28 01:00:00+00:00,4127.63478918,272.4372702240141,3855.1975189559853,0.0,272.4372702240141
2025-10-28 02:00:00+00:00,4020.5293923059985,261.90806699181906,3758.6213253141796,0.0,261.90806699181906
2025-10-28 03:00:00+00:00,3929.842109214001,252.35260331196216,3677.489505902039,0.0,252.35260331196216
2025-10-28 04:00:00+00:00,3861.9652987860004,244.08678279912004,3617.8785159868803,0.0,244.08678279912004
2025-10-28 05:00:00+00:00,3821.763915690001,237.38066494637647,3584.3832507436246,0.0,237.38066494637647
2025-10-28 06:00:00+00:00,3812.2377453720005,232.4475556319601,3579.79018974004,0.0,232.4475556319601
2025-10-28 07:00:00+00:00,3834.3104154599987,423.1899999639984,3411.1204154960005,193.75459416249703,229.43540580150133
2025-10-28 08:00:00+00:00,3886.759793028001,601.8780496441384,3284.881743383862,373.45717496323664,228.42087468090173
2025-10-28 09:00:00+00:00,3966.29464602,756.9372058154383,3209.3574402045615,527.5309117113281,229.40629410411015
2025-10-28 10:00:00+00:00,4067.7724572240013,878.440822549609,3189.3316346743923,646.1211540364862,232.3196685131228
2025-10-28 11:00:00+00:00,4184.543789832001,958.6517306653905,3225.89205916661,721.6340363003535,237.01769436503696
2025-10-28 12:00:00+00:00,4308.899776020001,992.430613967548,3316.4691620524527,749.1389185270185,243.2916954405295
2025-10-28 13:00:00+00:00,4432.592461878,977.5036193493157,3455.0888425286844,726.6274092349081,250.87621011440766
2025-10-28 14:00:00+00:00,4547.392579506,914.5860846671103,3632.80649483889,655.1261897328465,259.45989493426384
2025-10-28 15:00:00+00:00,4645.646924603999,807.3614350285748,3838.285489575424,538.6631422494754,268.6982927790993
2025-10-28 16:00:00+00:00,4720.797335477998,662.3149894353128,4058.482346042685,384.08705319475587,278.22793624055686
2025-10-28 17:00:00+00:00,4767.826069104,488.42325960485834,4279.402809499142,200.74203970174815,287.68121990311016
2025-10-28 18:00:00+00:00,4783.597171836001,296.7014278826953,4486.895743953305,0.0,296.7014278826953
2025-10-28 19:00:00+00:00,4767.070653744002,304.9572963293402,4462.113357414662,0.0,304.9572963293402
2025-10-28 20:00:00+00:00,4719.374810472002,312.1565238690102,4407.218286602992,0.0,312.1565238690102
2025-10-28 21:00:00+00:00,4643.73178038,318.05767031495054,4325.674110065049,0.0,318.05767031495054
2025-10-28 22:00:00+00:00,4545.241283141998,322.47995939004795,4222.76132375195,0.0,322.47995939004795
2025-10-28 23:00:00+00:00,4430.537297717998,325.3105854848892,4105.226712233109,0.0,325.3105854848892
2025-10-29 00:00:00+00:00,4314.471927234,326.5092198492382,3987.9627073847614,0.0,326.5092198492382
2025-10-29 01:00:00+00:00,4191.070429224,326.1095380393848,3864.960891184615,0.0,326.1095380393848
2025-10-29 02:00:00+00:00,4075.7589554639976,324.2177079966405,3751.541247467357,0.0,324.2177079966405
2025-10-29 03:00:00+00:00,3976.2812557440016,321.0078875524907,3655.273368191511,0.0,321.0078875524907
2025-10-29 04:00:00+00:00,3899.308583478,316.7149361536839,3582.593647324316,0.0,316.7149361536839
2025-10-29 05:00:00+00:00,3849.991600518,311.6246195331298,3538.3669809848698,0.0,311.6246195331298
2025-10-29 06:00:00+00:00,3831.6158079780002,306.06172578507505,3525.5540821929253,0.0,306.06172578507505
2025-10-29 07:00:00+00:00,3845.383795890001,541.0121478595133,3304.3716480304874,240.63558332501924,300.37656453449415
2025-10-29 08:00:00+00:00,3890.33900598,764.6782497932935,3125.6607561867063,469.7478342689438,294.9304155243497
2025-10-29 09:00:00+00:00,3963.436042818001,960.6400971792948,3002.795945638706,670.559585751772,290.0805114275228
2025-10-29 10:00:00+00:00,4059.7526889780006,1114.1695169097852,2945.5831720682154,828.0043365566424,286.16518035314283
2025-10-29 11:00:00+00:00,4172.8289680980015,1213.4394812328712,2959.3894868651305,929.9497306349318,283.48975059793935
2025-10-29 12:00:00+00:00,4295.110132698001,1247.4362055271292,3047.673927170871,965.1224156462513,282.3137898808779
2025-10-29 13:00:00+00:00,4418.463301602,1215.0768881917581,3203.3864134102414,932.2366664654531,282.84022172630495
2025-10-29 14:00:00+00:00,4534.732453524002,1121.027265986337,3413.7051875376656,835.8205307502435,285.2067352360935
2025-10-29 15:00:00+00:00,4636.293989082001,971.9244784983548,3664.369510583646,682.444605798087,289.4798727002679
2025-10-29 16:00:00+00:00,4716.5749547279975,778.2132187625198,3938.3617359654777,482.5612085725696,295.6520101899502
2025-10-29 17:00:00+00:00,4770.498669089999,553.4334337708067,4217.065235319192,249.79206216625414,303.6413716045526
2025-10-29 18:00:00+00:00,4794.827404458002,313.2950709979346,4481.532333460067,0.0,313.2950709979346
2025-10-29 19:00:00+00:00,4788.378860285999,324.39506267340016,4463.983797612598,0.0,324.39506267340016
2025-10-29 20:00:00+00:00,4752.101751390003,336.6667439800924,4415.435007409911,0.0,336.6667439800924
2025-10-29 21:00:00+00:00,4689.005501039998,349.78987811412287,4339.215622925875,0.0,349.78987811412287
2025-10-29 22:00:00+00:00,4603.948904519998,363.4113733670833,4240.537531152915,0.0,363.4113733670833
2025-10-29 23:00:00+00:00,4503.302351394,377.1594086870564,4126.142942706943,0.0,377.1594086870564
2025-10-30 00:00:00+00:00,4401.615999228001,390.6583170486936,4010.957682179307,0.0,390.6583170486936
2025-10-30 01:00:00+00:00,4292.668679291999,403.54362408173597,3889.125055210263,0.0,403.54362408173597
2025-10-30 02:00:00+00:00,4191.571265196001,415.4766312747688,3776.0946339212323,0.0,415.4766312747688
2025-10-30 03:00:00+00:00,4105.777616934,426.1579367676301,3679.6196801663705,0.0,426.1579367676301
2025-10-30 04:00:00+00:00,4041.6793722480015,435.33934367399024,3606.3400285740113,0.0,435.33934367399024
2025-10-30 05:00:00+00:00,4004.1643332180024,442.83367980820975,3561.330653409793,0.0,442.83367980820975
2025-10-30 06:00:00+00:00,3996.2780437439988,448.5221140546345,3547.755929689364,0.0,448.5221140546345
2025-10-30 07:00:00+00:00,4019.0115792539978,678.2856572717739,3340.725921982224,225.9269865801156,452.3586706916583
2025-10-30 08:00:00+00:00,4071.230234442,886.6981145044639,3184.532119937536,432.3263421395483,454.3717723649156
2025-10-30 09:00:00+00:00,4149.74799582,1060.584228120489,3089.1637676995115,605.9214955187559,454.66273260173296
2025-10-30 10:00:00+00:00,4249.542763830001,1189.3135771842367,3060.229186645764,735.9123112994148,453.4012658848218
2025-10-30 11:00:00+00:00,4364.097770213999,1265.3839349230796,3098.7138352909196,814.5657311097561,450.81820381332335
2025-10-30 12:00:00+00:00,4485.845838432,1284.7888872747665,3201.056951157234,837.5931786291488,447.1957086456176
2025-10-30 13:00:00+00:00,4606.686292571999,1247.1664160512607,3359.519876520738,804.3110185441768,442.85539750708386
2025-10-30 14:00:00+00:00,4718.539161923999,1155.736433154677,3562.802728769322,717.5915893772066,438.1448437774702
2025-10-30 15:00:00+00:00,4813.898957111998,1017.0434159454151,3796.855541166583,583.620382134677,433.423033810738
2025-10-30 16:00:00+00:00,4886.350081577999,840.5255040579159,4045.824577520083,411.48015135361936,429.04535270429653
2025-10-30 17:00:00+00:00,4931.00878011,637.9349665369913,4293.073813573009,212.58623603502917,425.3487305019621
2025-10-30 18:00:00+00:00,4944.861260178004,422.6375469453101,4522.223713232694,0.0,422.6375469453101
2025-10-30 19:00:00+00:00,4926.974939291999,421.1708781015697,4505.80406119043,0.0,421.1708781015697
2025-10-30 20:00:00+00:00,4878.568145303999,421.151606092836,4457.416539211163,0.0,421.151606092836
2025-10-30 21:00:00+00:00,4802.933501646,422.71783847945227,4380.2156631665475,0.0,422.71783847945227
2025-10-30 22:00:00+00:00,4705.219956401998,425.9369847807459,4279.282971621253,0.0,425.9369847807459
2025-10-30 23:00:00+00:00,4592.088213132001,430.80274372190826,4161.285469410093,0.0,430.80274372190826
2025-10-31 00:00:00+00:00,4478.348128883997,437.23511210590567,4041.113016778091,0.0,437.23511210590567
2025-10-31 01:00:00+00:00,4358.096833398001,445.0834234430068,3913.013409954994,0.0,445.0834234430068
2025-10-31 02:00:00+00:00,4246.6720369919985,454.13229287049836,3792.5397441215,0.0,454.13229287049836
2025-10-31 03:00:00+00:00,4151.752921974,464.11022142773214,3687.642700546268,0.0,464.11022142773214
2025-10-31 04:00:00+00:00,4079.9257193519998,474.70050481006115,3605.225214541939,0.0,474.70050481006115
2025-10-31 05:00:00+00:00,4036.2375904200003,485.55401483532944,3550.683575584671,0.0,485.55401483532944
2025-10-31 06:00:00+00:00,4023.854462795999,496.30331095769066,3527.551151838308,0.0,496.30331095769066
2025-10-31 07:00:00+00:00,4043.8460416200014,723.1207445605919,3320.7252970594095,216.5432253588621,506.5775192017298
2025-10-31 08:00:00+00:00,4095.112698684001,934.377543962133,3160.7351547218677,418.3601790857558,516.0173648763772
2025-10-31 09:00:00+00:00,4174.459143246002,1115.4829158990624,3058.9762273469396,591.1931749069183,524.2897409921442
2025-10-31 10:00:00+00:00,4276.809928356001,1253.9344477657662,3022.8754805902354,722.8332246268412,531.101223138925
2025-10-31 11:00:00+00:00,4395.552128100001,1340.2671575767126,3055.2849705232884,804.0571908580255,536.2099667186872
2025-10-31 12:00:00+00:00,4522.981939602,1368.7747625339807,3154.2071770680195,829.3392476908664,539.4355148431144
2025-10-31 13:00:00+00:00,4650.824798885999,1337.9382670388982,3312.886531847101,797.2721656438622,540.6661013950359
2025-10-31 14:00:00+00:00,4770.793768062001,1250.5225590823798,3520.271208979621,710.6594033411285,539.8631557412511
2025-10-31 15:00:00+00:00,4875.148160064,1113.331788768778,3761.816371295222,576.2689556315955,537.0628331371827
2025-10-31 16:00:00+00:00,4957.214579267999,936.6457593747766,4020.568819893223,404.2712720952491,532.3744872795276
2025-10-31 17:00:00+00:00,5011.8349233539975,733.3889079634479,4278.446015390549,207.4127342374312,525.9761737260167
2025-10-31 18:00:00+00:00,5035.71103308,518.1073483126377,4517.603684767362,0.0,518.1073483126377
2025-10-31 19:00:00+00:00,5027.622646242002,509.05906443127407,4518.563581810728,0.0,509.05906443127407
2025-10-31 20:00:00+00:00,4988.503944564,499.1620824509468,4489.341862113054,0.0,499.1620824509468
2025-10-31 21:00:00+00:00,4921.373624328003,488.7733548400139,4432.600269487989,0.0,488.7733548400139
2025-10-31 22:00:00+00:00,4831.123466609997,478.2614673601705,4352.861999249827,0.0,478.2614673601705
2025-10-31 23:00:00+00:00,4724.179817196004,467.991604873884,4256.188212322119,0.0,467.991604873884
2025-11-01 00:00:00+00:00,4236.971881044,458.3106842394859,3778.661196804514,0.0,458.3106842394859
2025-11-01 01:00:00+00:00,4119.773633556,449.5332368827471,3670.240396673253,0.0,449.5332368827471
2025-11-01 02:00:00+00:00,4009.612881036001,441.9286428562316,3567.6842381797696,0.0,441.9286428562316
2025-11-01 03:00:00+00:00,3914.074327968001,435.7102169100792,3478.364111057922,0.0,435.7102169100792
2025-11-01 04:00:00+00:00,3839.692715964,431.0266123495433,3408.6661036144565,0.0,431.0266123495433
2025-11-01 05:00:00+00:00,3791.5080034019984,427.9558798119054,3363.552123590093,0.0,427.9558798119054
2025-11-01 06:00:00+00:00,3772.7234517419997,426.5024308549248,3346.2210208870747,0.0,426.5024308549248
2025-11-01 07:00:00+00:00,3784.4898604379996,602.9127997270807,3181.577060710919,176.31576546687145,426.5970342602093
2025-11-01 08:00:00+00:00,3825.8306362499998,766.518505884663,3059.312130365337,338.4186734016978,428.09983248296516
2025-11-01 09:00:00+00:00,3893.7126685800004,907.0966412517784,2986.616027328222,476.2903753811914,430.80626587058697
2025-11-01 10:00:00+00:00,3983.2581325320007,1016.0057000674303,2967.25243246457,581.5500416128741,434.4556584545562
2025-11-01 11:00:00+00:00,4088.082622974005,1086.5954993166365,3001.4871236573686,647.8533873987765,438.7421119178599
2025-11-01 12:00:00+00:00,4200.736487976,1114.5089161657925,3086.2275718102073,671.1816542413939,443.32726192439856
2025-11-01 13:00:00+00:00,4313.219099196001,1097.877157558848,3215.3419416371526,650.0227849305395,447.85437262830857
2025-11-01 14:00:00+00:00,4417.530880308,1037.4102815155197,3380.12059879248,585.4470829119313,451.96319860358847
2025-11-01 15:00:00+00:00,4506.225322703999,936.3822995939909,3569.8430231100083,481.0773034764307,455.30499611756017
2025-11-01 16:00:00+00:00,4572.9232049759985,800.5070436730309,3772.4161613029673,342.9499676507694,457.5570760222616
2025-11-01 17:00:00+00:00,4612.753794852001,637.698662887169,3975.055131964832,179.26236939200268,458.43629349516635
2025-11-01 18:00:00+00:00,4622.692877208,457.71093713928946,4164.98194006871,0.0,457.71093713928946
2025-11-01 19:00:00+00:00,4601.774349270002,455.2105095257709,4146.563839744231,0.0,455.2105095257709
2025-11-01 20:00:00+00:00,4551.160926269999,450.8330184260907,4100.327907843909,0.0,450.8330184260907
2025-11-01 21:00:00+00:00,4474.068947754,444.5494623024194,4029.5194854515807,0.0,444.5494623024194
2025-11-01 22:00:00+00:00,4375.552383426001,436.4053422291234,3939.1470411968776,0.0,436.4053422291234
2025-11-01 23:00:00+00:00,4262.160652217997,426.51912187687486,3835.6415303411222,0.0,426.51912187687486
2025-11-02 00:00:00+00:00,4148.524577567998,415.0777109706121,3733.4468665973855,0.0,415.0777109706121
2025-11-02 01:00:00+00:00,4028.714479775999,402.329148180918,3626.385331595081,0.0,402.329148180918
2025-11-02 02:00:00+00:00,3917.8714991220004,388.5727873117698,3529.2987118102305,0.0,388.5727873117698
2025-11-02 03:00:00+00:00,3823.5288888719992,374.14738675998154,3449.3815021120176,0.0,374.14738675998154
2025-11-02 04:00:00+00:00,3752.126946749999,359.4175842868405,3392.709362463159,0.0,359.4175842868405
2025-11-02 05:00:00+00:00,3708.5705022240004,344.75932120761115,3363.811181016389,0.0,344.75932120761115
2025-11-02 06:00:00+00:00,3695.890239468,330.544800066385,3365.345439401615,0.0,330.544800066385
2025-11-02 07:00:00+00:00,3715.0310767079986,534.7455727947928,3180.285503913206,217.61797300744178,317.127599787351
2025-11-02 08:00:00+00:00,3764.7821180759993,729.9791196731117,3034.8029984028876,425.1505688200009,304.82855085311076
2025-11-02 09:00:00+00:00,3841.8531283860007,901.2995862960759,2940.553542089925,607.3766324578872,293.9229538381887
2025-11-02 10:00:00+00:00,3941.09241498,1035.2237225257966,2905.8686924542035,750.5940629605898,284.6296595652068
2025-11-02 11:00:00+00:00,4055.831477502,1120.832586304011,2934.998891197989,843.7301266494546,277.1024596545565
2025-11-02 12:00:00+00:00,4178.333039454,1150.6881276121344,3027.6449118418655,879.263989704081,271.42413790805347
2025-11-02 13:00:00+00:00,4300.312160927997,1121.4788656428116,3178.833295285185,853.8754398780093,267.60342576480235
2025-11-02 14:00:00+00:00,4413.494994846001,1034.3330141755873,3379.1619806704134,768.7580251822567,265.57498899333063
2025-11-02 15:00:00+00:00,4510.177280196002,894.7679727975853,3615.409307398417,629.5655330922023,265.20243970538303
2025-11-02 16:00:00+00:00,4583.744678477999,712.2792013709395,3871.465477107059,445.99494745036156,266.28425392057795
2025-11-02 17:00:00+00:00,4629.119541143999,499.604961021612,4129.514580122387,231.04261031723877,268.5623507043732
2025-11-02 18:00:00+00:00,4643.103845604,271.73298169952835,4371.370863904472,0.0,271.73298169952835
2025-11-02 19:00:00+00:00,4624.594930620002,275.4594852375358,4349.135445382466,0.0,275.4594852375358
2025-11-02 20:00:00+00:00,4574.659430123999,279.386377151313,4295.273052972686,0.0,279.386377151313
2025-11-02 21:00:00+00:00,4496.460404142,283.15421048685096,4213.3061936551485,0.0,283.15421048685096
2025-11-02 22:00:00+00:00,4395.042629964,286.41458381937247,4108.628046144628,0.0,286.41458381937247
2025-11-02 23:00:00+00:00,4276.990671492002,288.8446948840495,3988.145976607952,0.0,288.8446948840495
2025-11-03 00:00:00+00:00,4535.13250806,290.1608340133536,4244.9716740466465,0.0,290.1608340133536
2025-11-03 01:00:00+00:00,4407.422045838,290.13026658322764,4117.291779254772,0.0,290.13026658322764
2025-11-03 02:00:00+00:00,4287.278293535999,288.58102242758093,3998.697271108418,0.0,288.58102242758093
2025-11-03 03:00:00+00:00,4182.429195252001,285.4091855918517,3897.020009660149,0.0,285.4091855918517
2025-11-03 04:00:00+00:00,4099.540451622,280.58338721661767,3818.957064405382,0.0,280.58338721661767
2025-11-03 05:00:00+00:00,4043.7677639940016,274.1463159804488,3769.6214480135527,0.0,274.1463159804488
2025-11-03 06:00:00+00:00,4018.4122822199997,266.21318843458045,3752.1990937854193,0.0,266.21318843458045
2025-11-03 07:00:00+00:00,4024.7026846320014,477.0438733509419,3547.6588112810596,220.07663793276444,256.9672354181775
2025-11-03 08:00:00+00:00,4061.7184614720004,670.9247312186139,3390.7937302533865,424.2723388756423,246.65239234297172
2025-11-03 09:00:00+00:00,4126.459623677999,834.7725422326498,3291.687081445349,599.2090494583791,235.56349277427069
2025-11-03 10:00:00+00:00,4214.0577678360005,957.5168030374056,3256.540964798595,733.4824370144196,224.03436602298595
2025-11-03 11:00:00+00:00,4318.114087223999,1030.7610974136874,3287.352989810312,818.3367758851817,212.42432152850554
2025-11-03 12:00:00+00:00,4431.1411167239985,1049.2832610030976,3381.857855720901,848.1796820402917,201.10357896280584
2025-11-03 13:00:00+00:00,4545.077944932001,1011.3543344903055,3533.723610441695,820.9160937984858,190.43824069181977
2025-11-03 14:00:00+00:00,4651.843731528,918.8629290836179,3732.980802444382,738.0875140243259,180.77541505929213
2025-11-03 15:00:00+00:00,4743.891670055999,777.2375546563509,3966.6541153996486,604.8084497833894,172.42910487296146
2025-11-03 16:00:00+00:00,4814.725612620001,595.1657605447429,4219.559852075258,429.49832573476164,165.66743480998124
2025-11-03 17:00:00+00:00,4859.344054571997,384.11612449440736,4475.22793007759,223.41437517749068,160.70174931691668
2025-11-03 18:00:00+00:00,4874.581263426003,157.67801203132754,4716.903251394675,0.0,157.67801203132754
2025-11-03 19:00:00+00:00,4859.322237965999,156.67087269126725,4702.651365274732,0.0,156.67087269126725
2025-11-03 20:00:00+00:00,4814.576900825999,157.68063885631815,4656.89626196968,0.0,157.68063885631815
2025-11-03 21:00:00+00:00,4743.408531708003,160.63327590759158,4582.775255800411,0.0,160.63327590759158
2025-11-03 22:00:00+00:00,4650.721353473999,165.38343236938871,4485.33792110461,0.0,165.38343236938871
2025-11-03 23:00:00+00:00,4542.921889043999,171.7203774356573,4371.201511608341,0.0,171.7203774356573
2025-11-04 00:00:00+00:00,4434.445698353999,179.3765948944752,4255.069103459524,0.0,179.3765948944752
2025-11-04 01:00:00+00:00,4319.368769016,188.0386896640095,4131.330079351991,0.0,188.0386896640095
2025-11-04 02:00:00+00:00,4212.666362141999,197.36015669046526,4015.306205451534,0.0,197.36015669046526
2025-11-04 03:00:00+00:00,4121.786878272001,206.97549320123017,3914.8113850707705,0.0,206.97549320123017
2025-11-04 04:00:00+00:00,4053.106213086,216.51507320304069,3836.5911398829594,0.0,216.51507320304069
2025-11-04 05:00:00+00:00,4011.4867166639997,225.62017723859233,3785.866539425407,0.0,225.62017723859233
2025-11-04 06:00:00+00:00,3999.9394963499985,233.95755932512373,3765.9819370248747,0.0,233.95755932512373
2025-11-04 07:00:00+00:00,4019.4131863620005,478.06999053114583,3541.3431958308547,236.83702795960164,241.2329625715442
2025-11-04 08:00:00+00:00,4068.723793595998,704.3492512007072,3364.3745423952905,457.1462303536275,247.2030208470797
2025-11-04 09:00:00+00:00,4144.630455504001,896.8652585719623,3247.765196932038,645.1801926323724,251.6850659395899
2025-11-04 10:00:00+00:00,4242.052129938001,1042.1519249830683,3199.9002049549326,787.5874906694414,254.56443431362678
2025-11-04 11:00:00+00:00,4354.410501462,1130.2467570104156,3224.1637444515845,874.4477748365928,255.79898217382288
2025-11-04 12:00:00+00:00,4474.075857972,1155.4503053356807,3318.6255526363198,900.029690205463,255.42061513021773
2025-11-04 13:00:00+00:00,4592.885586114003,1116.738806085753,3476.14678002825,863.2050312876514,253.53377479810155
2025-11-04 14:00:00+00:00,4702.6999623659985,1017.7952483068989,3684.9047140590997,767.4843016531681,250.31094665373072
2025-11-04 15:00:00+00:00,4795.957447806,866.6596055550093,3929.297842250991,620.6742360135702,245.98536954143916
2025-11-04 16:00:00+00:00,4866.191563085999,675.0342390170513,4191.157324068949,434.192991279256,240.8412477377953
2025-11-04 17:00:00+00:00,4908.474113802004,457.3117240418592,4451.162389760144,222.10985849373293,235.20186554812625
2025-11-04 18:00:00+00:00,4919.754491106,229.4160931298421,4690.338397976158,0.0,229.4160931298421
2025-11-04 19:00:00+00:00,4899.071865030001,223.84383581902173,4675.22802921098,0.0,223.84383581902173
2025-11-04 20:00:00+00:00,4847.625673799999,218.84102137829902,4628.7846524217,0.0,218.84102137829902
2025-11-04 21:00:00+00:00,4768.699539324,214.74474398184438,4553.954795342156,0.0,214.74474398184438
2025-11-04 22:00:00+00:00,4667.4435762360035,211.8591697060424,4455.584406529961,0.0,211.8591697060424
2025-11-04 23:00:00+00:00,4550.529916043999,210.44278167873537,4340.087134365263,0.0,210.44278167873537
2025-11-05 00:00:00+00:00,4432.638750582,210.69749498371604,4221.941255598284,0.0,210.69749498371604
2025-11-05 01:00:00+00:00,4308.200579885995,212.76007308680676,4095.440506799188,0.0,212.76007308680676
2025-11-05 02:00:00+00:00,4192.44202902,216.69621027120252,3975.7458187487973,0.0,216.69621027120252
2025-11-05 03:00:00+00:00,4093.0904269920006,222.49752036300285,3870.5929066289978,0.0,222.49752036300285
2025-11-05 04:00:00+00:00,4016.7871423259994,230.08155077840397,3786.7055915475953,0.0,230.08155077840397
2025-11-05 05:00:00+00:00,3968.640242952,239.2948248498559,3729.345418102144,0.0,239.2948248498559
2025-11-05 06:00:00+00:00,3951.8809281420004,249.91879192105995,3701.9621362209405,0.0,249.91879192105995
2025-11-05 07:00:00+00:00,3967.6470719760005,442.0681101066972,3525.5789618693034,180.3896740487268,261.6784360579704
2025-11-05 08:00:00+00:00,4014.9085089959995,619.268205516418,3395.6403034795812,345.0150111024496,274.2531944139684
2025-11-05 09:00:00+00:00,4090.539114269997,771.1091467544886,3319.429967515508,483.81940362218137,287.2897431323072
2025-11-05 10:00:00+00:00,4189.530702,888.9679904917124,3300.5627115082875,588.551874977849,300.41611551386336
2025-11-05 11:00:00+00:00,4305.334145951998,966.4066283548675,3338.9275175971306,653.1500348350675,313.2565935198
2025-11-05 12:00:00+00:00,4430.304458580001,999.4497642825572,3430.8546942974435,674.0030215790994,325.4467427034578
2025-11-05 13:00:00+00:00,4556.21955369,986.7452765559262,3569.4742771340734,650.097279663165,336.64799689276134
2025-11-05 14:00:00+00:00,4674.8373737520005,929.609381655695,3745.2279920963056,583.0482056303704,346.56117602532464
2025-11-05 15:00:00+00:00,4778.453449896002,831.9573807174328,3946.496069178569,477.0189803317955,354.9384003856373
2025-11-05 16:00:00+00:00,4860.421060194001,700.1186801203261,4160.3023800736755,338.5257764423366,361.59290367798945
2025-11-05 17:00:00+00:00,4915.5985994640005,542.5338702605069,4373.064729203494,176.12752012541418,366.40635013509274
2025-11-05 18:00:00+00:00,4940.693775149997,369.33335253877254,4571.360422611225,0.0,369.33335253877254
2025-11-05 19:00:00+00:00,4934.481391602,370.4030092785535,4564.078382323447,0.0,370.4030092785535
2025-11-05 20:00:00+00:00,4897.87996908,369.71739612678476,4528.162572953215,0.0,369.71739612678476
2025-11-05 21:00:00+00:00,4833.882115565998,367.4470785303105,4466.435037035688,0.0,367.4470785303105
2025-11-05 22:00:00+00:00,4747.343631492001,363.8238240748857,4383.519807417115,0.0,363.8238240748857
2025-11-05 23:00:00+00:00,4644.645816846002,359.13081528865865,4285.515001557344,0.0,359.13081528865865
2025-11-06 00:00:00+00:00,4540.151829108,353.6907686746506,4186.461060433349,0.0,353.6907686746506
2025-11-06 01:00:00+00:00,4428.101172264001,347.85244201273184,4080.2487302512695,0.0,347.85244201273184
2025-11-06 02:00:00+00:00,4323.4430360940005,341.97607925025216,3981.4669568437484,0.0,341.97607925025216
2025-11-06 03:00:00+00:00,4233.692144807998,336.41840440386045,3897.273740404138,0.0,336.41840440386045
2025-11-06 04:00:00+00:00,4165.31064243,331.517755193923,3833.792887236077,0.0,331.517755193923
2025-11-06 05:00:00+00:00,4123.264820766002,327.57999444980885,3795.6848263161933,0.0,327.57999444980885
2025-11-06 06:00:00+00:00,4110.6848558579995,324.86574860519977,3785.8191072527998,0.0,324.86574860519977
2025-11-06 07:00:00+00:00,4128.650629404002,522.264599438698,3606.386029965304,198.68508275072222,323.57951668797585
2025-11-06 08:00:00+00:00,4176.1183464,710.0477657564502,3466.0705806435494,386.18668048880767,323.8610852676426
2025-11-06 09:00:00+00:00,4249.992848513998,874.7631320286223,3375.229716485376,548.9835240952516,325.77960793337076
2025-11-06 10:00:00+00:00,4345.340753376,1004.5235072848959,3340.817246091104,675.1929287912126,329.3305784936833
2025-11-06 11:00:00+00:00,4455.729772157999,1089.9376231673423,3365.7921489906566,755.5017744470649,334.4358487202775
2025-11-06 12:00:00+00:00,4573.670984736001,1124.8482648393874,3448.8227198966133,783.9016082123977,340.94665662698964
2025-11-06 13:00:00+00:00,4691.133928781998,1106.8125038134076,3584.3214249685907,758.1629346418745,348.6495691715332
2025-11-06 14:00:00+00:00,4800.099166925997,1037.2827942950328,3762.816372630965,680.0077107217915,357.27508357324126
2025-11-06 15:00:00+00:00,4893.110612124,921.4757026997249,3971.634909424275,554.967168850699,366.508533849026
2025-11-06 16:00:00+00:00,4963.789827737999,767.9438557327277,4195.8459720052715,391.9409878888153,376.0028678439124
2025-11-06 17:00:00+00:00,5007.277047065998,587.8932294539609,4419.383817612037,202.50047662371153,385.3927528302493
2025-11-06 18:00:00+00:00,5020.568785638001,394.3094551811579,4626.259330456843,0.0,394.3094551811579
2025-11-06 19:00:00+00:00,5002.728800117996,402.3958649518593,4600.332935166137,0.0,402.3958649518593
2025-11-06 20:00:00+00:00,4954.957903139997,409.32106503623754,4545.636838103759,0.0,409.32106503623754
2025-11-06 21:00:00+00:00,4880.517730326001,414.79383495475173,4465.723895371249,0.0,414.79383495475173
2025-11-06 22:00:00+00:00,4784.513511708001,418.57455474106,4365.938956966941,0.0,418.57455474106
2025-11-06 23:00:00+00:00,4673.5504909380015,420.48499805314407,4253.065492884857,0.0,420.48499805314407
2025-11-07 00:00:00+00:00,4562.14662456,420.4156396706938,4141.7309848893065,0.0,420.4156396706938
2025-11-07 01:00:00+00:00,4444.776347003999,418.33015059669555,4026.4461964073034,0.0,418.33015059669555
2025-11-07 02:00:00+00:00,4336.469420598003,414.26692772275874,3922.2024928752444,0.0,414.26692772275874
2025-11-07 03:00:00+00:00,4244.817880001999,408.3375619458115,3836.480318056187,0.0,408.3375619458115
2025-11-07 04:00:00+00:00,4176.317610108,400.7223356732532,3775.5952744347464,0.0,400.7223356732532
2025-11-07 05:00:00+00:00,4135.9243359,391.6629182828736,3744.2614176171264,0.0,391.6629182828736
2025-11-07 06:00:00+00:00,4126.713579492,381.45256266116496,3745.2610168308347,0.0,381.45256266116496
2025-11-07 07:00:00+00:00,4149.667800810001,567.7788103404729,3581.888990469528,197.35460532714407,370.4242050133288
2025-11-07 08:00:00+00:00,4203.605310156001,741.7331735819464,3461.872136574055,382.79622285714714,358.9369507247992
2025-11-07 09:00:00+00:00,4285.255839437999,891.5291546395445,3393.7266847984547,544.1676464775591,347.36150816198534
2025-11-07 10:00:00+00:00,4389.477817410003,1006.7606286562177,3382.717188753785,670.6954734371863,336.06515521903145
2025-11-07 11:00:00+00:00,4509.602565552002,1079.0381101271037,3430.564455424898,753.6412482647571,325.39686186234667
2025-11-07 12:00:00+00:00,4637.8822023660005,1102.5331960162853,3535.349006349715,786.8600188781504,315.673177138135
2025-11-07 13:00:00+00:00,4766.010773075999,1074.4027520447403,3691.608021031259,767.2372999028795,307.16545214186084
2025-11-07 14:00:00+00:00,4885.683362196,995.064312585799,3890.6190496102013,694.9753857574417,300.08892682835733
2025-11-07 15:00:00+00:00,4989.155133983997,868.295789732191,4120.859344251806,573.701660298782,294.59412943340897
2025-11-07 16:00:00+00:00,5069.762436689997,701.1368401616335,4368.6255965283635,410.3759100862495,290.7609300753839
2025-11-07 17:00:00+00:00,5122.370575350001,503.5773230640214,4618.793252285979,214.98181576303313,288.5955073009883
2025-11-07 18:00:00+00:00,5143.717897374001,288.0303310807698,4855.687566293232,0.0,288.0303310807698
2025-11-07 19:00:00+00:00,5132.632868411997,288.9271836948234,4843.705684717173,0.0,288.9271836948234
2025-11-07 20:00:00+00:00,5090.109456935999,291.083080994077,4799.026375941922,0.0,291.083080994077
2025-11-07 21:00:00+00:00,5019.235813494,294.2388500596061,4724.996963434393,0.0,294.2388500596061
2025-11-07 22:00:00+00:00,4924.981148387999,298.0900268666804,4626.891121521319,0.0,298.0900268666804
2025-11-07 23:00:00+00:00,4813.855438434001,302.2996022636104,4511.555836170391,0.0,302.2996022636104
2025-11-08 00:00:00+00:00,4322.135210526002,306.5121231350021,4015.623087391,0.0,306.5121231350021
2025-11-08 01:00:00+00:00,4200.665345394,310.36854545947267,3890.2967999345274,0.0,310.36854545947267
2025-11-08 02:00:00+00:00,4086.3230922779994,313.5212441044596,3772.80184817354,0.0,313.5212441044596
2025-11-08 03:00:00+00:00,3986.780948094001,315.6485649782875,3671.1323831157133,0.0,315.6485649782875
2025-11-08 04:00:00+00:00,3908.657251548,316.4683147708879,3592.1889367771123,0.0,316.4683147708879
2025-11-08 05:00:00+00:00,3857.069369034001,315.74964339997166,3541.319725634029,0.0,315.74964339997166
2025-11-08 06:00:00+00:00,3835.2899526480005,313.3228260322643,3521.967126615736,0.0,313.3228260322643
2025-11-08 07:00:00+00:00,3844.5295461720007,548.1733299557243,3296.356216216276,239.08677637932945,309.08655357639486
2025-11-08 08:00:00+00:00,3883.860207864,764.8925977275935,3118.9676101364066,461.8801832509759,303.01241447661766
2025-11-08 09:00:00+00:00,3950.285261664,948.3436249641186,3001.941636699881,653.1972183298021,295.1464066343165
2025-11-08 10:00:00+00:00,4038.9501882239997,1085.6073398284238,2953.342848395576,799.9999439149601,285.60739591346373
2025-11-08 11:00:00+00:00,4143.48024993,1166.8665957863632,2976.613654143637,892.2839947091315,274.58260107723174
2025-11-08 12:00:00+00:00,4256.421523157999,1186.0806357678284,3070.340887390171,923.7603650030638,262.3202707647645
2025-11-08 13:00:00+00:00,4369.755287436,1141.4038703026658,3228.351417133334,892.2839947091315,249.11987559353432
2025-11-08 14:00:00+00:00,4475.45045262,1035.3201363584635,3440.1303162615363,799.9999439149601,235.32019244350346
2025-11-08 15:00:00+00:00,4566.016299978,870.5238910251024,3695.492408952897,649.238109578365,221.28578144673747
2025-11-08 16:00:00+00:00,4635.017698542,662.587985494879,3972.4297130471214,455.1955775359468,207.39240795893224
2025-11-08 17:00:00+00:00,4677.517651758003,427.4091888976559,4250.108462860348,233.39718496676318,194.01200393089275
2025-11-08 18:00:00+00:00,4690.416793230001,181.4977793631744,4508.919013866826,0.0,181.4977793631744
2025-11-08 19:00:00+00:00,4672.666797497999,170.1701011810275,4502.496696316972,0.0,170.1701011810275
2025-11-08 20:00:00+00:00,4625.342943690001,160.30371102858152,4465.03923266142,0.0,160.30371102858152
2025-11-08 21:00:00+00:00,4551.570991926001,152.1168054250202,4399.4541865009805,0.0,152.1168054250202
2025-11-08 22:00:00+00:00,4456.313280468001,145.76242779290473,4310.550852675096,0.0,145.76242779290473
2025-11-08 23:00:00+00:00,4346.028670032001,141.3225235384584,4204.706146493543,0.0,141.3225235384584
2025-11-09 00:00:00+00:00,4235.0057776740005,138.80489402877976,4096.2008836452205,0.0,138.80489402877976
2025-11-09 01:00:00+00:00,4117.742504568002,138.14318402330196,3979.5993205447003,0.0,138.14318402330196
2025-11-09 02:00:00+00:00,4009.050154283999,139.1998973842169,3869.850256899782,0.0,139.1998973842169
2025-11-09 03:00:00+00:00,3916.3958727600016,141.77231611978368,3774.623556640218,0.0,141.77231611978368
2025-11-09 04:00:00+00:00,3846.164281470001,145.60107952229401,3700.5632019477066,0.0,145.60107952229401
2025-11-09 05:00:00+00:00,3803.2162415520006,150.38108109279415,3652.8351604592062,0.0,150.38108109279415
2025-11-09 06:00:00+00:00,3790.5512033339987,155.77421525925638,3634.7769880747423,0.0,155.77421525925638
2025-11-09 07:00:00+00:00,3809.096323788001,358.8795570438907,3450.2167667441104,197.4560755467526,161.42348149713814
2025-11-09 08:00:00+00:00,3857.6367959220006,545.4584655494837,3312.178330372517,378.49062816238677,166.9678373870969
2025-11-09 09:00:00+00:00,3932.8924211219996,703.7797445086691,3229.1126766133307,531.7225279662836,172.05721654238553
2025-11-09 10:00:00+00:00,4029.735253446,824.0597274126774,3205.675526033323,647.6926466517593,176.36708076091807
2025-11-09 11:00:00+00:00,4141.533664002,898.9802216580141,3242.5534423439854,719.3683052380908,179.61191641992332
2025-11-09 12:00:00+00:00,4260.599532587999,924.0687875995076,3336.5307449884917,742.5116647627832,181.55712283672435
2025-11-09 13:00:00+00:00,4378.708168422,897.9303836310073,3480.777784790993,715.9015826871,182.02880094390736
2025-11-09 14:00:00+00:00,4487.655666521998,822.32214852531,3665.333517996688,641.4010988284922,180.92104969681787
2025-11-09 15:00:00+00:00,4579.815755045999,702.065388187609,3877.7503668583904,523.8649284911121,178.20045969649684
2025-11-09 16:00:00+00:00,4648.658286467998,544.7921379226043,4103.866148545393,370.8845091147894,173.90762880781486
2025-11-09 17:00:00+00:00,4689.1940621819995,360.5286311371452,4328.665431044854,192.37299716434768,168.15563397279752
2025-11-09 18:00:00+00:00,4698.315643265997,161.12552354049632,4537.190119725501,0.0,161.12552354049632
2025-11-09 19:00:00+00:00,4675.010986086003,153.0590097696043,4521.951976316399,0.0,153.0590097696043
2025-11-09 20:00:00+00:00,4620.435259355998,144.24866610609428,4476.186593249904,0.0,144.24866610609428
2025-11-09 21:00:00+00:00,4537.835883756,135.02602847187666,4402.809855284123,0.0,135.02602847187666
2025-11-09 22:00:00+00:00,4432.33584633,125.74808408362752,4306.587762246372,0.0,125.74808408362752
2025-11-09 23:00:00+00:00,4310.589937289999,116.78270525353014,4193.807232036469,0.0,116.78270525353014
2025-11-10 00:00:00+00:00,4565.217586524004,108.49362554727252,4456.723960976732,0.0,108.49362554727252
2025-11-10 01:00:00+00:00,4434.760573529999,101.22556602520665,4333.535007504793,0.0,101.22556602520665
2025-11-10 02:00:00+00:00,4312.406102928001,95.29012964313755,4217.115973284864,0.0,95.29012964313755
2025-11-10 03:00:00+00:00,4205.906387297999,90.95303235437427,4114.953354943625,0.0,90.95303235437427
2025-11-10 04:00:00+00:00,4121.9377789380005,88.42320248837832,4033.5145764496224,0.0,88.42320248837832
2025-11-10 05:00:00+00:00,4065.652712856,87.8441875656058,3977.8085252903943,0.0,87.8441875656058
2025-11-10 06:00:00+00:00,4040.3352945479996,89.28822342498417,3951.0470711230155,0.0,89.28822342498417
2025-11-10 07:00:00+00:00,4047.183736301999,290.2405819693604,3756.9431543326386,197.48737232778316,92.75320964157724
2025-11-10 08:00:00+00:00,4085.2344041879983,478.719275916068,3606.5151282719303,380.55656195352736,98.16271396254062
2025-11-10 09:00:00+00:00,4151.4325067459995,641.6852319800449,3509.7472747659544,536.3162299153067,105.36900206473821
2025-11-10 10:00:00+00:00,4240.844474958001,768.0997129958635,3472.744761962138,653.9407342180351,114.15897877782837
2025-11-10 11:00:00+00:00,4346.997517380001,849.7360541931603,3497.261463186841,725.473268487783,124.26278570537721
2025-11-10 12:00:00+00:00,4462.323083063999,881.7568578048802,3580.5662252591183,746.392146347433,135.36471145744719
2025-11-10 13:00:00+00:00,4578.674008020001,863.011784447317,3715.6622235726836,715.8958194628154,147.11596498450155
2025-11-10 14:00:00+00:00,4687.880039051999,796.0376897012551,3891.842349350744,636.8888989134028,159.14879078785228
2025-11-10 15:00:00+00:00,4782.303934505999,686.7707111862856,4095.533223319713,515.6793633325033,171.0913478537823
2025-11-10 16:00:00+00:00,4855.360201482,544.0057354672482,4311.354466014752,361.42299457844115,182.58274088880705
2025-11-10 17:00:00+00:00,4901.96119728,378.6597237145142,4523.301473565486,185.37212758434416,193.28759613017004
2025-11-10 18:00:00+00:00,4918.860277506002,202.90957400566634,4715.950703500335,0.0,202.90957400566634
2025-11-10 19:00:00+00:00,4904.868676806,211.20327819554805,4693.665398610452,0.0,211.20327819554805
2025-11-10 20:00:00+00:00,4860.9314406660005,217.984064269493,4642.947376396508,0.0,217.984064269493
2025-11-10 21:00:00+00:00,4790.057402718001,223.13535161994494,4566.922051098056,0.0,223.13535161994494
2025-11-10 22:00:00+00:00,4697.108051916,226.61313852550165,4470.4949133904975,0.0,226.61313852550165
2025-11-10 23:00:00+00:00,4588.459907513998,228.44753773084884,4360.012369783149,0.0,228.44753773084884
2025-11-11 00:00:00+00:00,4478.248611564001,228.7412645252555,4249.507347038746,0.0,228.7412645252555
2025-11-11 01:00:00+00:00,4361.114218902,227.66514681626734,4133.449072085733,0.0,227.66514681626734
2025-11-11 02:00:00+00:00,4251.759862097999,225.4508390727737,4026.309023025225,0.0,225.4508390727737
2025-11-11 03:00:00+00:00,4157.658897378,222.38103512849017,3935.27786224951,0.0,222.38103512849017
2025-11-11 04:00:00+00:00,4085.2252923720002,218.77758573578677,3866.4477066362133,0.0,218.77758573578677
2025-11-11 05:00:00+00:00,4039.371741215999,214.98800734631567,3824.3837338696835,0.0,214.98800734631567
2025-11-11 06:00:00+00:00,4023.1707669300017,211.37093069827108,3811.7998362317308,0.0,211.37093069827108
2025-11-11 07:00:00+00:00,4037.642112378001,381.0742980612682,3656.567814316733,172.79320334305916,208.28109471820906
2025-11-11 08:00:00+00:00,4081.6809147240024,541.7574974313081,3539.9234172926945,335.7030091432573,206.05448828805086
2025-11-11 09:00:00+00:00,4152.131639249999,683.2441251152673,3468.887514134732,478.24986864018047,204.99425647508681
2025-11-11 10:00:00+00:00,4244.002783944001,796.347814298837,3447.654969645164,590.9898597457062,205.35795455313075
2025-11-11 11:00:00+00:00,4350.8077199579975,873.4156058720461,3477.3921140859516,666.0689518369444,207.34665403510164
2025-11-11 12:00:00+00:00,4465.008417534002,908.8266176649213,3556.1817998690804,697.7302504332333,211.09636723168796
2025-11-11 13:00:00+00:00,4578.531841631999,899.4183072497685,3679.1135343822302,682.7461775630776,216.6721296866909
2025-11-11 14:00:00+00:00,4683.323638980001,844.8078470461165,3838.515791933885,620.7428611008644,224.06498594525218
2025-11-11 15:00:00+00:00,4771.901485763998,747.5738095259766,4024.327676238021,514.3818014889746,233.192008037002
2025-11-11 16:00:00+00:00,4837.870096122001,613.2652275550047,4224.604868566997,369.36588827413664,243.8993392808681
2025-11-11 17:00:00+00:00,4876.362805860001,450.2120288404831,4426.150777019518,194.2438881570399,255.96814068344315
2025-11-11 18:00:00+00:00,4884.37948593,269.12320038931296,4615.256285540687,0.0,269.12320038931296
2025-11-11 19:00:00+00:00,4860.997531026001,283.0438572215115,4577.953673804489,0.0,283.0438572215115
2025-11-11 20:00:00+00:00,4807.441504739999,297.3767784513808,4510.064726288618,0.0,297.3767784513808
2025-11-11 21:00:00+00:00,4727.0064654120015,311.75008535958204,4415.256380052419,0.0,311.75008535958204
2025-11-11 22:00:00+00:00,4624.840071557999,325.7882366061728,4299.051834951826,0.0,325.7882366061728
2025-11-11 23:00:00+00:00,4507.5981272280005,339.12707055575794,4168.471056672242,0.0,339.12707055575794
2025-11-12 00:00:00+00:00,4389.633566682001,351.4283818273107,4038.2051848546907,0.0,351.4283818273107
2025-11-12 01:00:00+00:00,4265.9294486339995,362.39344430455935,3903.5360043294404,0.0,362.39344430455935
2025-11-12 02:00:00+00:00,4151.360723622001,371.7749179799145,3779.585805642087,0.0,371.7749179799145
2025-11-12 03:00:00+00:00,4053.5901362040004,379.3866657240234,3674.203470479977,0.0,379.3866657240234
2025-11-12 04:00:00+00:00,3979.1856301259977,385.11106817641326,3594.0745619495847,0.0,385.11106817641326
2025-11-12 05:00:00+00:00,3933.174692285998,388.9035358515763,3544.2711564344218,0.0,388.9035358515763
2025-11-12 06:00:00+00:00,3918.7027359899994,390.7940513728364,3527.908684617163,0.0,390.7940513728364
2025-11-12 07:00:00+00:00,3936.818655125999,620.223093251886,3316.595561874113,229.33744087632255,390.8856523755634
2025-11-12 08:00:00+00:00,3986.4022308180015,834.2306980644994,3152.171532753502,444.88075056902596,389.3499474954735
2025-11-12 09:00:00+00:00,4064.2383409739987,1017.3712795792984,3046.8670613947,630.9514588788389,386.41982070045947
2025-11-12 10:00:00+00:00,4165.232954441997,1156.3649286306365,3008.868025811361,773.9852801006075,382.37964853002904
2025-11-12 11:00:00+00:00,4282.756279116,1241.1449088046004,3041.6113703113997,863.5914970700754,377.55341173452496
2025-11-12 12:00:00+00:00,4409.089788138,1265.6422279404,3143.4475601975996,893.3510275812762,372.29120035912393
2025-11-12 13:00:00+00:00,4535.946679362,1228.2419444304846,3307.7047349315158,861.2872850566922,366.9546593737925
2025-11-12 14:00:00+00:00,4655.030555238001,1131.876994001147,3523.1535612368543,769.9750202979515,361.9019737031956
2025-11-12 15:00:00+00:00,4758.594302069998,983.759028686359,3774.835273383639,626.2860216499622,357.4730070363967
2025-11-12 16:00:00+00:00,4839.961223958001,794.7782781834919,4045.182945774509,440.8030767805639,353.97520140292806
2025-11-12 17:00:00+00:00,4893.973146467998,578.6325175561435,4315.340628911855,226.96169893073903,351.6708186254045
2025-11-12 18:00:00+00:00,4917.335036711999,350.7660441341276,4566.5689925778715,0.0,350.7660441341276
2025-11-12 19:00:00+00:00,4908.832855499997,351.40239821788333,4557.430457282114,0.0,351.40239821788333
2025-11-12 20:00:00+00:00,4869.409900613997,353.65080958737406,4515.759091026623,0.0,353.65080958737406
2025-11-12 21:00:00+00:00,4802.096678064005,357.5085944895135,4444.588083574491,0.0,357.5085944895135
2025-11-12 22:00:00+00:00,4711.7990735759995,362.8994574467522,4348.899616129247,0.0,362.8994574467522
2025-11-12 23:00:00+00:00,4604.959527083997,369.67652471132396,4235.283002372673,0.0,369.67652471132396
2025-11-13 00:00:00+00:00,4495.700411664002,377.62828253102816,4118.072129132974,0.0,377.62828253102816
2025-11-13 01:00:00+00:00,4378.963116863999,386.4871718130393,3992.4759450509596,0.0,386.4871718130393
2025-11-13 02:00:00+00:00,4269.470165436001,395.9404931812145,3873.529672254786,0.0,395.9404931812145
2025-11-13 03:00:00+00:00,4174.825380558,405.6431780920195,3769.1822024659805,0.0,405.6431780920195
2025-11-13 04:00:00+00:00,4101.582071076,415.2318922157629,3686.350178860237,0.0,415.2318922157629
2025-11-13 05:00:00+00:00,4054.797685134,424.33991067408766,3630.4577744599123,0.0,424.33991067408766
2025-11-13 06:00:00+00:00,4037.6913789659993,432.61213966399674,3605.0792393020024,0.0,432.61213966399674
2025-11-13 07:00:00+00:00,4051.427797914,649.377533811119,3402.050264102881,209.65785558996353,439.7196782211554
2025-11-13 08:00:00+00:00,4095.041674877996,849.9767124252862,3245.0649624527096,404.6033881995042,445.373324225782
2025-11-13 09:00:00+00:00,4165.508357807998,1021.4201683744566,3144.0881894335416,572.0847019143998,449.3354664600568
2025-11-13 10:00:00+00:00,4257.955256436,1152.5271873427328,3105.4280690932674,701.0973059268562,451.42988141587665
2025-11-13 11:00:00+00:00,4365.999768480001,1234.6114539820421,3131.388314497959,783.0624228010403,451.5490311810018
2025-11-13 12:00:00+00:00,4482.190405224,1262.0357430651266,3220.154662158873,812.3771837851556,449.658559279971
2025-11-13 13:00:00+00:00,4598.52096858,1232.6031174389977,3365.9178511410023,786.8043067108074,445.79881072819035
2025-11-13 14:00:00+00:00,4706.982588000001,1147.7558363952253,3559.2267516047755,707.672533289292,440.0833031059333
2025-11-13 15:00:00+00:00,4800.115787082,1012.5594265138715,3787.556360568128,579.8652105829638,432.6942159309077
2025-11-13 16:00:00+00:00,4871.524876974003,835.4585948520785,4036.0662821219244,411.5835131698591,423.8750816822194
2025-11-13 17:00:00+00:00,4916.319357684,627.8042840853211,4288.515073598679,213.8833017466364,413.9209823386847
2025-11-13 18:00:00+00:00,4931.452285451998,403.1666425349033,4528.285642917095,0.0,403.1666425349033
2025-11-13 19:00:00+00:00,4915.932207311999,391.9729146834564,4523.959292628543,0.0,391.9729146834564
2025-11-13 20:00:00+00:00,4870.894312158002,380.71220464306316,4490.182107514939,0.0,380.71220464306316
2025-11-13 21:00:00+00:00,4799.525712156,369.7534404833195,4429.77227167268,0.0,369.7534404833195
2025-11-13 22:00:00+00:00,4706.849957628003,359.4471891146198,4347.402768513383,0.0,359.4471891146198
2025-11-13 23:00:00+00:00,4599.385377888003,350.11153885973164,4249.273839028271,0.0,350.11153885973164
2025-11-14 00:00:00+00:00,4491.234281351999,342.0193209446096,4149.214960407389,0.0,342.0193209446096
2025-11-14 01:00:00+00:00,4377.430914947998,335.3871933511996,4042.043721596798,0.0,335.3871933511996
2025-11-14 02:00:00+00:00,4272.589337729999,330.3670380210439,3942.2222997089552,0.0,330.3670380210439
2025-11-14 03:00:00+00:00,4184.214530033999,327.04001076028436,3857.1745192737144,0.0,327.04001076028436
2025-11-14 04:00:00+00:00,4118.720510394001,325.41350187080826,3793.307008523193,0.0,325.41350187080826
2025-11-14 05:00:00+00:00,4080.9882173340015,325.4211250603603,3755.5670922736413,0.0,325.4211250603603
2025-11-14 06:00:00+00:00,4074.027222594001,326.92572797768474,3747.1014946163164,0.0,326.92572797768474
2025-11-14 07:00:00+00:00,4098.764403174001,542.0164499421496,3556.747953231851,212.2911364683378,329.72531347381175
2025-11-14 08:00:00+00:00,4153.974143465998,740.4699938577603,3413.5041496082376,406.90837363908537,333.5616202186749
2025-11-14 09:00:00+00:00,4236.354945774002,908.4241496029017,3327.9307961711,570.2931410669578,338.13100853594386
2025-11-14 10:00:00+00:00,4340.747397,1034.5199262278848,3306.2274707721153,691.4227109741034,343.09721525378137
2025-11-14 11:00:00+00:00,4460.478805692,1110.7035452256353,3349.7752604663647,762.5981007080997,348.10544451753566
2025-11-14 12:00:00+00:00,4587.811148759999,1132.7417947086726,3455.0693540513266,779.9445694252615,352.7972252834111
2025-11-14 13:00:00+00:00,4714.462006044,1100.416420182569,3614.0455858614314,743.5910035052468,356.8254166773222
2025-11-14 14:00:00+00:00,4832.16305355,1017.3941112107582,3814.7689423392417,657.5253518031236,359.86875940763457
2025-11-14 15:00:00+00:00,4933.218276714,890.7985986025521,4042.419678111448,529.1532316180162,361.645366984536
2025-11-14 16:00:00+00:00,5011.023899616004,730.5370849746112,4280.486814641393,368.61248272300907,361.92460225160204
2025-11-14 17:00:00+00:00,5060.514736703999,548.4521763671817,4512.062560336817,187.9153103062171,360.5368660609646
2025-11-14 18:00:00+00:00,5078.506636728,357.3808781549635,4721.125758573036,0.0,357.3808781549635
2025-11-14 19:00:00+00:00,5063.911730303999,352.4281678317795,4711.48356247222,0.0,352.4281678317795
2025-11-14 20:00:00+00:00,5017.811837724002,345.7245784736793,4672.087259250322,0.0,345.7245784736793
2025-11-14 21:00:00+00:00,4943.3850569040005,337.38872974910413,4605.996327154897,0.0,337.38872974910413
2025-11-14 22:00:00+00:00,4845.690549755998,327.6075018099556,4518.083047946043,0.0,327.6075018099556
2025-11-14 23:00:00+00:00,4731.326081286,316.6287137470185,4414.697367538982,0.0,316.6287137470185
2025-11-15 00:00:00+00:00,4236.312381546002,304.7513142136663,3931.561067332336,0.0,304.7513142136663
2025-11-15 01:00:00+00:00,4112.2504720080005,292.3134649706966,3819.937007037304,0.0,292.3134649706966
2025-11-15 02:00:00+00:00,3995.7475774019995,279.67902526920363,3716.068552132796,0.0,279.67902526920363
2025-11-15 03:00:00+00:00,3894.535888067999,267.2229686468238,3627.312919421175,0.0,267.2229686468238
2025-11-15 04:00:00+00:00,3815.2823390640006,255.31634651719258,3559.965992546808,0.0,255.31634651719258
2025-11-15 05:00:00+00:00,3763.1406464819997,244.31140258188893,3518.8292439001107,0.0,244.31140258188893
2025-11-15 06:00:00+00:00,3741.4067000940017,234.52745170538023,3506.8792483886214,0.0,234.52745170538023
2025-11-15 07:00:00+00:00,3751.300596665999,389.60367859113194,3361.696918074867,163.3655786639475,226.2380999271844
2025-11-15 08:00:00+00:00,3791.8900209539966,535.9519496967915,3255.938071257205,316.2916213821176,219.66032831467393
2025-11-15 09:00:00+00:00,3860.160077508,664.0695752589539,3196.090502249046,449.12369174620596,214.94588351274794
2025-11-15 10:00:00+00:00,3951.2246101440005,765.4507210204299,3185.7738891235704,553.2753859783356,212.17533504209433
2025-11-15 11:00:00+00:00,4058.6645014440014,833.0725189626899,3225.591982481312,621.7174830323539,211.35503593033596
2025-11-15 12:00:00+00:00,4174.969786722001,861.8389976782776,3313.130789043724,649.4218912314167,212.41710644686083
2025-11-15 13:00:00+00:00,4292.05528185,848.9575878892309,3443.097693960769,633.7351306827258,215.22245720650517
2025-11-15 14:00:00+00:00,4401.8145927,794.2179350316533,3607.5966576683463,574.6512268187914,219.56670821286184
2025-11-15 15:00:00+00:00,4496.6745530279995,700.1405037087717,3796.534049319228,474.9517320158962,225.18877169287552
2025-11-15 16:00:00+00:00,4570.112417598,571.9646682754756,3998.1477493225248,340.18291851458514,231.7817497608904
2025-11-15 17:00:00+00:00,4617.100368635999,417.45308402803744,4199.647284607961,178.44739401930457,239.0056900087329
2025-11-15 18:00:00+00:00,4634.447191962,246.50168371166308,4387.945508250337,0.0,246.50168371166308
2025-11-15 19:00:00+00:00,4621.013762106,253.9067307153047,4367.107031390696,0.0,253.9067307153047
2025-11-15 20:00:00+00:00,4577.787756653998,260.86875440573647,4316.919002248262,0.0,260.86875440573647
2025-11-15 21:00:00+00:00,4507.812539118001,267.0611619941433,4240.751377123857,0.0,267.0611619941433
2025-11-15 22:00:00+00:00,4415.975194680002,272.19633943281764,4143.778855247184,0.0,272.19633943281764
2025-11-15 23:00:00+00:00,4308.668196756,276.03754716919855,4032.630649586801,0.0,276.03754716919855
2025-11-16 00:00:00+00:00,4199.771055438001,278.40871399632204,3921.362341441679,0.0,278.40871399632204
2025-11-16 01:00:00+00:00,4084.4436741779987,279.2017297636872,3805.2419444143115,0.0,279.2017297636872
2025-11-16 02:00:00+00:00,3977.1126665340025,278.3809508294073,3698.7317157045954,0.0,278.3809508294073
2025-11-16 03:00:00+00:00,3885.2270990399998,275.9847127210406,3609.2423863189592,0.0,275.9847127210406
2025-11-16 04:00:00+00:00,3815.16735117,272.12381377812983,3543.0435373918704,0.0,272.12381377812983
2025-11-16 05:00:00+00:00,3771.8039770319992,266.97700230679226,3504.826974725207,0.0,266.97700230679226
2025-11-16 06:00:00+00:00,3758.159830067998,260.7836801722235,3497.3761498957747,0.0,260.7836801722235
2025-11-16 07:00:00+00:00,3775.198578143999,458.3176339769767,3316.8809441670223,204.4835339006403,253.8341000763364
2025-11-16 08:00:00+00:00,3821.7542057519995,642.6594934251805,3179.094712326819,396.2020221428066,246.45747128237383
2025-11-16 09:00:00+00:00,3894.6063901079997,800.413289357517,3094.1931007504827,561.4048342698466,239.00845508767037
2025-11-16 10:00:00+00:00,3988.6967455859995,920.11206389912,3068.5846816868793,688.2594652747264,231.85259862439366
2025-11-16 11:00:00+00:00,4097.4712506840015,993.0916765763112,3104.37957410769,767.7403566868583,225.35131988945298
2025-11-16 12:00:00+00:00,4213.325585909999,1014.1333301157654,3199.1922557942335,794.2862983480845,219.84703176768082
2025-11-16 13:00:00+00:00,4328.12309895,981.8263556098877,3346.2967433401122,766.1773103053547,215.649045304533
2025-11-16 14:00:00+00:00,4433.7500655,898.6292173458997,3535.1208481541007,685.6084135804566,213.02080376544316
2025-11-16 15:00:00+00:00,4522.670432574,770.634131945194,3752.036300628806,558.4651477127449,212.16898423244908
2025-11-16 16:00:00+00:00,4588.442158986001,607.0658430791564,3981.376315906845,393.8309327455142,213.23491033364218
2025-11-16 17:00:00+00:00,4626.159986826001,419.56564183876435,4206.594344987237,203.27701751081648,216.2886243279479
2025-11-16 18:00:00+00:00,4632.794258483999,221.32586621942025,4411.468392264579,0.0,221.32586621942025
2025-11-16 19:00:00+00:00,4607.402740919999,228.2680804111752,4379.134660508824,0.0,228.2680804111752
2025-11-16 20:00:00+00:00,4551.200767134002,236.96545359559204,4314.235313538409,0.0,236.96545359559204
2025-11-16 21:00:00+00:00,4467.484880166002,247.20285523807382,4220.282024927928,0.0,247.20285523807382
2025-11-16 22:00:00+00:00,4361.4149809440005,258.7084396341161,4102.706541309884,0.0,258.7084396341161
2025-11-16 23:00:00+00:00,4239.669703962,271.1645613171768,3968.5051426448235,0.0,271.1645613171768
2025-11-17 00:00:00+00:00,4494.511875378001,284.22054839258107,4210.29132698542,0.0,284.22054839258107
2025-11-17 01:00:00+00:00,4365.21315321,297.5068266198797,4067.7063265901206,0.0,297.5068266198797
2025-11-17 02:00:00+00:00,4244.576455055998,310.6497961289942,3933.9266589270037,0.0,310.6497961289942
2025-11-17 03:00:00+00:00,4140.323094768,323.2868670914333,3817.0362276765673,0.0,323.2868670914333
2025-11-17 04:00:00+00:00,4059.0858338519993,335.08103996674436,3724.004793885255,0.0,335.08103996674436
2025-11-17 05:00:00+00:00,4005.9618764760003,345.7344211196405,3660.2274553563598,0.0,345.7344211196405
2025-11-17 06:00:00+00:00,3984.169712880001,355.00013040325416,3629.1695824767467,0.0,355.00013040325416
2025-11-17 07:00:00+00:00,3994.833116735999,567.3156517038016,3427.5174650321974,204.62353303578476,362.6921186680168
2025-11-17 08:00:00+00:00,4036.906927115997,766.7434543869272,3270.16347272907,398.0509769099057,368.69247747702144
2025-11-17 09:00:00+00:00,4107.249654564001,940.2089696338804,3167.0406849301203,567.2530110285142,372.9559586053663
2025-11-17 10:00:00+00:00,4200.837888744,1076.0193396168943,3124.818549127106,700.5078292574799,375.5115103594143
2025-11-17 11:00:00+00:00,4311.107957603999,1164.6519371554625,3146.456020448537,788.1911678035439,376.4607693519186
2025-11-17 12:00:00+00:00,4430.401532508001,1199.44890616166,3230.952626346341,823.4753341072928,375.9735720543673
2025-11-17 13:00:00+00:00,4550.484866004,1177.1659795117034,3373.3188864922963,802.8853107716526,374.2806687400507
2025-11-17 14:00:00+00:00,4663.106377271998,1098.326088945803,3564.780288326195,726.6621489616296,371.6639399841734
2025-11-17 15:00:00+00:00,4760.554640561997,967.335606806995,3793.219033755002,598.8910918499868,368.4445149570082
2025-11-17 16:00:00+00:00,4836.178857383999,792.3338669525765,4043.844990431422,427.36458674805215,364.9692802045243
2025-11-17 17:00:00+00:00,4884.836523252001,584.7645889438248,4300.071934308176,223.16825627222252,361.59633267160234
2025-11-17 18:00:00+00:00,4903.237848390001,358.6799706465505,4544.55787774345,0.0,358.6799706465505
2025-11-17 19:00:00+00:00,4890.163669272003,356.55583774608584,4533.607831525917,0.0,356.55583774608584
2025-11-17 20:00:00+00:00,4846.542080352,355.52683358129354,4491.015246770707,0.0,355.52683358129354
2025-11-17 21:00:00+00:00,4775.378835569998,355.85035890687027,4419.528476663128,0.0,355.85035890687027
2025-11-17 22:00:00+00:00,4681.5463003680015,357.7274327435949,4323.818867624406,0.0,357.7274327435949
2025-11-17 23:00:00+00:00,4571.445546695997,361.29411028305907,4210.151436412938,0.0,361.29411028305907
2025-11-18 00:00:00+00:00,4458.869607234001,366.6155653230109,4092.25404191099,0.0,366.6155653230109
2025-11-18 01:00:00+00:00,4339.269153324,373.6830819501899,3965.5860713738107,0.0,373.6830819501899
2025-11-18 02:00:00+00:00,4227.028068857998,382.414064151564,3844.6140047064337,0.0,382.414064151564
2025-11-18 03:00:00+00:00,4129.6904496539955,392.65508405509394,3737.0353655989015,0.0,392.65508405509394
2025-11-18 04:00:00+00:00,4053.7490627340007,404.1878268494491,3649.5612358845515,0.0,404.1878268494491
2025-11-18 05:00:00+00:00,4004.201586461999,416.7377017129873,3587.4638847490114,0.0,416.7377017129873
2025-11-18 06:00:00+00:00,3984.2097700860013,429.98475722162493,3554.2250128643764,0.0,429.98475722162493
2025-11-18 07:00:00+00:00,3994.884712182001,671.4689239163263,3323.4157882656746,227.89245740437045,443.57646651195586
2025-11-18 08:00:00+00:00,4035.212939562001,894.0875730033549,3141.125366558646,436.94572903300343,457.1418439703515
2025-11-18 09:00:00+00:00,4102.128186156002,1082.8447871997737,3019.283398956228,612.5384534214539,470.30633377831964
2025-11-18 10:00:00+00:00,4190.724035988,1225.4952447780988,2965.228791209901,742.7883984550508,482.7068463230479
2025-11-18 11:00:00+00:00,4294.592791104002,1313.4035476783476,2981.1892434256542,819.3972151491006,494.00633252924706
2025-11-18 12:00:00+00:00,4406.267352227999,1342.089642165597,3064.177710062402,838.1823360353853,503.9073061302116
2025-11-18 13:00:00+00:00,4517.735951526,1311.4266814538596,3206.30927007214,799.262930202786,512.1637512510734
2025-11-18 14:00:00+00:00,4620.99446949,1225.490762819165,3395.5037066708346,706.8998295554169,518.5909332637482
2025-11-18 15:00:00+00:00,4708.5985609320005,1092.0933131594475,3616.505247772553,569.0206046571496,523.0727085022978
2025-11-18 16:00:00+00:00,4774.1778362879995,922.0532518266699,3852.1245844613295,396.48720806439565,525.5660437622743
2025-11-18 17:00:00+00:00,4812.876859938003,728.2848214424222,4084.5920384955807,202.18227769435433,526.1025437480679
2025-11-18 18:00:00+00:00,4821.692821890001,524.7869413693811,4296.9058805206205,0.0,524.7869413693811
2025-11-18 19:00:00+00:00,4799.686598490001,521.7926041182916,4277.89399437171,0.0,521.7926041182916
2025-11-18 20:00:00+00:00,4748.052817536,517.3542398797348,4230.698577656265,0.0,517.3542398797348
2025-11-18 21:00:00+00:00,4670.043901025999,511.75810603835646,4158.2857949876425,0.0,511.75810603835646
2025-11-18 22:00:00+00:00,4570.753167456,505.33012407503725,4065.4230433809626,0.0,505.33012407503725
2025-11-18 23:00:00+00:00,4456.771696440001,498.4223750396538,3958.349321400347,0.0,498.4223750396538
2025-11-19 00:00:00+00:00,4341.985072614,491.39854813833927,3850.586524475661,0.0,491.39854813833927
2025-11-19 01:00:00+00:00,4222.083169458001,484.61891541282813,3737.4642540451728,0.0,484.61891541282813
2025-11-19 02:00:00+00:00,4111.461264875999,478.42547276813457,3633.035792107865,0.0,478.42547276813457
2025-11-19 03:00:00+00:00,4017.693017184,473.1278336340153,3544.565183549985,0.0,473.1278336340153
2025-11-19 04:00:00+00:00,3947.256202176,468.9904659816279,3478.265736194372,0.0,468.9904659816279
2025-11-19 05:00:00+00:00,3905.089216266002,466.2217924415051,3438.867423824497,0.0,466.2217924415051
2025-11-19 06:00:00+00:00,3894.2515468079987,464.9656008150268,3429.285945992972,0.0,464.9656008150268
2025-11-19 07:00:00+00:00,3915.7113581879994,639.4819151998724,3276.2294429881267,174.18680643393145,465.29510876594105
2025-11-19 08:00:00+00:00,3968.274815862,803.387323143726,3164.887492718274,336.1773802090674,467.20994293465867
2025-11-19 09:00:00+00:00,4048.6620266400014,946.25686145338,3102.405165186621,475.6207276904081,470.63613376297195
2025-11-19 10:00:00+00:00,4151.724589656,1058.9257814126645,3092.7988082433353,583.4966339430159,475.4291474696486
2025-11-19 11:00:00+00:00,4270.7900297999995,1134.0362484807724,3136.753781319227,652.6564330364689,481.3798154443034
2025-11-19 12:00:00+00:00,4398.109808064001,1166.5092244845896,3231.6005835794117,678.2862948340559,488.2229296505337
2025-11-19 13:00:00+00:00,4525.380561534,1153.9109187185495,3371.4696428154502,658.2627762106043,495.6481425079452
2025-11-19 14:00:00+00:00,4644.303131118002,1096.6824767111386,3547.6206544068637,593.3697446176675,503.3127320934712
2025-11-19 15:00:00+00:00,4747.141555338,998.2040842709416,3748.9374710670586,487.3483794876617,510.8557047832799
2025-11-19 16:00:00+00:00,4827.243945509999,864.6716161150886,3962.572329394911,346.7589522787546,517.912663836334
2025-11-19 17:00:00+00:00,4879.490029470002,704.7751077390872,4174.714921730914,180.6442811566279,524.1308265824592
2025-11-19 18:00:00+00:00,4900.634897802,529.183585446322,4371.451312355677,0.0,529.183585446322
2025-11-19 19:00:00+00:00,4889.525676713998,532.7840080387125,4356.741668675286,0.0,532.7840080387125
2025-11-19 20:00:00+00:00,4847.176496903999,534.6967247779978,4312.479772126001,0.0,534.6967247779978
2025-11-19 21:00:00+00:00,4776.696663773999,534.7477242192246,4241.948939554774,0.0,534.7477242192246
2025-11-19 22:00:00+00:00,4683.077030310001,532.8316435470073,4150.245386762994,0.0,532.8316435470073
2025-11-19 23:00:00+00:00,4572.849186317999,528.9162651557685,4043.9329211622303,0.0,528.9162651557685
2025-11-20 00:00:00+00:00,4459.8196794899995,523.0440300498952,3936.775649440104,0.0,523.0440300498952
2025-11-20 01:00:00+00:00,4339.835265192001,515.3305059604346,3824.504759231567,0.0,515.3305059604346
2025-11-20 02:00:00+00:00,4227.300468888001,505.9598744996834,3721.3405943883176,0.0,505.9598744996834
2025-11-20 03:00:00+00:00,4129.903957998,495.1776184885219,3634.726339509478,0.0,495.1776184885219
2025-11-20 04:00:00+00:00,4054.277671079997,483.2807133194456,3570.9969577605516,0.0,483.2807133194456
2025-11-20 05:00:00+00:00,4005.5496516420003,470.6057193733113,3534.943932268689,0.0,470.6057193733113
2025-11-20 06:00:00+00:00,3986.9999583120007,457.5152634449059,3529.4846948670947,0.0,457.5152634449059
2025-11-20 07:00:00+00:00,3999.843029027998,630.7926464091306,3369.0503826188674,186.40918569465688,444.38346071447376
2025-11-20 08:00:00+00:00,4043.1511341479995,790.3835918522218,3252.7675422957777,358.80271055774483,431.580881294477
2025-11-20 09:00:00+00:00,4113.924004638001,924.6862440967334,3189.2377605412676,505.2265787158673,419.4596653808661
2025-11-20 10:00:00+00:00,4207.299740069997,1024.0731332445584,3183.2266068254385,615.73373185586,408.3394013886983
2025-11-20 11:00:00+00:00,4316.89246758,1081.5637272639378,3235.328740316062,683.0693827782893,398.4943444856485
2025-11-20 12:00:00+00:00,4435.23355653,1093.272859776274,3341.960696753726,703.1303571134828,390.142502662791
2025-11-20 13:00:00+00:00,4554.286215528002,1058.609550994317,3495.6766645336847,675.1725259280236,383.4370250662934
2025-11-20 14:00:00+00:00,4665.998233512,980.2241656155568,3685.7740678964437,601.7639100165073,378.46025559904945
2025-11-20 15:00:00+00:00,4762.855064435999,863.7235855513034,3899.1314788846958,488.50289495678186,375.22069059452156
2025-11-20 16:00:00+00:00,4838.395506,717.1918657933918,4121.203640206608,343.53890472047266,373.6529610729191
2025-11-20 17:00:00+00:00,4887.654683226002,550.5660928900544,4337.088590335948,176.94524295978036,373.62084993027406
2025-11-20 18:00:00+00:00,4907.5040871779975,374.92320654579396,4532.580880632204,0.0,374.92320654579396
2025-11-20 19:00:00+00:00,4896.865490538002,377.3025244411757,4519.562966096826,0.0,377.3025244411757
2025-11-20 20:00:00+00:00,4856.784075443999,380.4558322907199,4476.32824315328,0.0,380.4558322907199
2025-11-20 21:00:00+00:00,4790.355861354,384.04744285748046,4406.308418496519,0.0,384.04744285748046
2025-11-20 22:00:00+00:00,4702.514336688004,387.72304602393433,4314.7912906640695,0.0,387.72304602393433
2025-11-20 23:00:00+00:00,4599.690907937998,391.124561849697,4208.5663460883015,0.0,391.124561849697
2025-11-21 00:00:00+00:00,4495.485859787998,393.9051511056582,4101.580708682341,0.0,393.9051511056582
2025-11-21 01:00:00+00:00,4385.699328024,395.7437615114407,3989.9555665125595,0.0,395.7437615114407
2025-11-21 02:00:00+00:00,4284.459251226001,396.35862043342394,3888.100630792577,0.0,396.35862043342394
2025-11-21 03:00:00+00:00,4199.2151583059995,395.5191128949609,3803.6960454110385,0.0,395.5191128949609
2025-11-21 04:00:00+00:00,4136.337243696,393.05556951222127,3743.2816741837787,0.0,393.05556951222127
2025-11-21 05:00:00+00:00,4100.675326608,388.86654811516877,3711.8087784928316,0.0,388.86654811516877
2025-11-21 06:00:00+00:00,4095.2212387379986,382.9233221952158,3712.297916542783,0.0,382.9233221952158
2025-11-21 07:00:00+00:00,4120.897941719999,560.5782048684395,3560.3197368515594,185.30681204171063,375.2713928267288
2025-11-21 08:00:00+00:00,4176.489784403999,728.648321201812,3447.841463202187,362.6193769866295,366.0289442151825
2025-11-21 09:00:00+00:00,4258.718871581998,875.2370287179314,3383.481842864067,519.8546941695519,355.3823345483795
2025-11-21 10:00:00+00:00,4362.462483455999,989.3785272151868,3373.0839562408123,645.799754981291,343.5787722338957
2025-11-21 11:00:00+00:00,4481.096817624,1061.814869611866,3419.2819480121343,730.8983601317775,330.9165094800885
2025-11-21 12:00:00+00:00,4606.943803182,1085.7222095491006,3521.2215936328994,767.9892800115379,317.73292953756277
2025-11-21 13:00:00+00:00,4731.79058877,1057.3263511331597,3674.46423763684,752.9353244870723,304.3910266460873
2025-11-21 14:00:00+00:00,4847.446419606002,976.3471603236246,3871.099259282377,685.082327881547,291.26483244207765
2025-11-21 15:00:00+00:00,4946.299001238002,846.2176174138925,4100.08138382411,567.4932423017954,278.72437511209716
2025-11-21 16:00:00+00:00,5021.832435018001,674.0365404131542,4347.795894604847,406.91574217239696,267.12079824075715
2025-11-21 17:00:00+00:00,5069.071542150003,470.23374078367976,4598.837801366323,213.46149518341065,256.7722456002691
2025-11-21 18:00:00+00:00,5084.922139962,247.9510767266514,4836.971063235349,0.0,247.9510767266514
2025-11-21 19:00:00+00:00,5068.384176953999,240.87295816579223,4827.511218788206,0.0,240.87295816579223
2025-11-21 20:00:00+00:00,5020.623066269998,235.68825550177385,4784.934810768224,0.0,235.68825550177385
2025-11-21 21:00:00+00:00,4944.894292632002,232.4760936124381,4712.418199019564,0.0,232.4760936124381
2025-11-21 22:00:00+00:00,4846.326378893999,231.24131877918484,4615.085060114815,0.0,231.24131877918484
2025-11-21 23:00:00+00:00,4731.576766518002,231.91448907573488,4499.662277442267,0.0,231.91448907573488
2025-11-22 00:00:00+00:00,4236.281427672,234.35489525383568,4001.9265324181642,0.0,234.35489525383568
2025-11-22 01:00:00+00:00,4112.944382610001,238.3564871798288,3874.5878954301725,0.0,238.3564871798288
2025-11-22 02:00:00+00:00,3997.762709808001,243.65646036587472,3754.106249442126,0.0,243.65646036587472
2025-11-22 03:00:00+00:00,3898.478118654001,249.9461528946747,3648.5319657593263,0.0,249.9461528946747
2025-11-22 04:00:00+00:00,3821.753102832,256.88380692416047,3564.8692959078394,0.0,256.88380692416047
2025-11-22 05:00:00+00:00,3772.723112381998,264.10867280805365,3508.6144395739443,0.0,264.10867280805365
2025-11-22 06:00:00+00:00,3754.652306916001,271.25587472212123,3483.39643219388,0.0,271.25587472212123
2025-11-22 07:00:00+00:00,3768.716335524,505.2850948989769,3263.431240625023,227.31366630740644,277.9714285915705
2025-11-22 08:00:00+00:00,3813.926740092001,723.0630901600294,3090.863649931972,439.13628186972164,283.9268082903078
2025-11-22 09:00:00+00:00,3887.202063947999,906.7939733146848,2980.408090633314,617.961529061115,288.8324442535697
2025-11-22 10:00:00+00:00,3983.580723906,1044.4763027959689,2939.104421110031,752.0266806067036,292.4496221892652
2025-11-22 11:00:00+00:00,4096.561053227999,1127.3042350723163,2969.2568181556826,832.7039559259119,294.6002791464042
2025-11-22 12:00:00+00:00,4218.545320247999,1150.3563953367998,3068.1889249111996,855.1820909782512,295.17430435854857
2025-11-22 13:00:00+00:00,4341.357400841999,1113.042763258927,3228.314637583072,818.9087185629633,294.1340446959636
2025-11-22 14:00:00+00:00,4456.798879175999,1019.018394915716,3437.7804842602827,727.5025694566827,291.51582545903335
2025-11-22 15:00:00+00:00,4557.205653251999,875.7855375393981,3681.420115712601,588.3571064759011,287.42843106349693
2025-11-22 16:00:00+00:00,4635.967185402,694.0334467093116,3941.933738692688,411.98484342438474,282.04860328492697
2025-11-22 17:00:00+00:00,4687.973104289999,486.7828879622881,4201.190216327711,211.1691423717282,275.61374559055986
2025-11-22 18:00:00+00:00,4709.95673904,268.4121241135638,4441.544614926436,0.0,268.4121241135638
2025-11-22 19:00:00+00:00,4700.712390234,260.7709778136071,4439.941412420393,0.0,260.7709778136071
2025-11-22 20:00:00+00:00,4661.171541683999,253.0430183855757,4408.128523298423,0.0,253.0430183855757
2025-11-22 21:00:00+00:00,4594.333092258,245.5918677569437,4348.741224501056,0.0,245.5918677569437
2025-11-22 22:00:00+00:00,4505.052346074,238.77704385700847,4266.275302216991,0.0,238.77704385700847
2025-11-22 23:00:00+00:00,4399.7034595919995,232.93909425130846,4166.764365340691,0.0,232.93909425130846
2025-11-23 00:00:00+00:00,4291.715179500002,228.38549793567188,4063.32968156433,0.0,228.38549793567188
2025-11-23 01:00:00+00:00,4177.149419645999,225.37790604950445,3951.7715135964945,0.0,225.37790604950445
2025-11-23 02:00:00+00:00,4070.0096540879995,224.1212442117416,3845.888409876258,0.0,224.1212442117416
2025-11-23 03:00:00+00:00,3977.7812057339997,224.75513264355706,3753.026073090443,0.0,224.75513264355706
2025-11-23 04:00:00+00:00,3906.8929570860005,227.34795825314336,3679.5449988328573,0.0,227.34795825314336
2025-11-23 05:00:00+00:00,3862.2750665940016,231.893857446636,3630.3812091473656,0.0,231.893857446636
2025-11-23 06:00:00+00:00,3847.019668044001,238.31272869665392,3608.706939347347,0.0,238.31272869665392
2025-11-23 07:00:00+00:00,3862.167735509998,441.15208981757155,3421.015645692426,194.69881864574424,246.45327117182734
2025-11-23 08:00:00+00:00,3906.6367487699986,632.5313403435547,3274.105408426444,376.43241364434533,256.09892669920936
2025-11-23 09:00:00+00:00,3977.2941265679983,800.1153636384126,3177.178762929586,533.1388736844823,266.9764899539303
2025-11-23 10:00:00+00:00,4069.171345806001,933.0439122340492,3136.1274335719518,654.2768913242854,278.76702090976374
2025-11-23 11:00:00+00:00,4175.804281445999,1022.6473580271012,3153.1569234188973,731.5287324608107,291.11862556629046
2025-11-23 12:00:00+00:00,4289.676402185996,1063.0516652929746,3226.6247368930217,759.3910874796951,303.6605778132795
2025-11-23 13:00:00+00:00,4402.734665531999,1051.6260075125242,3351.1086580194747,735.6078047117586,316.0182028007656
2025-11-23 14:00:00+00:00,4506.9427976160005,989.2314339532124,3517.7113636627882,661.4035206036197,327.82791334959285
2025-11-23 15:00:00+00:00,4594.834203960002,880.238742192656,3714.595461767346,541.486949776813,338.7517924158429
2025-11-23 16:00:00+00:00,4660.026681029999,732.298279046804,3927.728401983195,383.80717033884144,348.49110870796255
2025-11-23 17:00:00+00:00,4697.663736948002,555.8629153097085,4141.800821638294,199.06468512508405,356.7982301846244
2025-11-23 18:00:00+00:00,4704.752280144001,363.48643934562915,4341.265840798372,0.0,363.48643934562915
2025-11-23 19:00:00+00:00,4680.37356129,368.4372473832233,4311.936313906776,0.0,368.4372473832233
2025-11-23 20:00:00+00:00,4625.752750584003,371.6049122027909,4254.147838381212,0.0,371.6049122027909
2025-11-23 21:00:00+00:00,4544.182331471999,373.0179799173952,4171.164351554604,0.0,373.0179799173952
2025-11-23 22:00:00+00:00,4440.804350303997,372.7777729262735,4068.0265773777237,0.0,372.7777729262735
2025-11-23 23:00:00+00:00,4322.266165308,371.05390664246426,3951.212258665536,0.0,371.05390664246426
2025-11-24 00:00:00+00:00,4580.327573556001,368.0770019572217,4212.250571598779,0.0,368.0770019572217
2025-11-24 01:00:00+00:00,4455.122805588,364.12890247945455,4090.9939031085455,0.0,364.12890247945455
2025-11-24 02:00:00+00:00,4338.929716968001,359.53079282887967,3979.3989241391214,0.0,359.53079282887967
2025-11-24 03:00:00+00:00,4239.394813878,354.62971111327954,3884.7651027647203,0.0,354.62971111327954
2025-11-24 04:00:00+00:00,4163.068970256,349.7839952977845,3813.2849749582156,0.0,349.7839952977845
2025-11-24 05:00:00+00:00,4114.962318977999,345.3482815426477,3769.614037435351,0.0,345.3482815426477
2025-11-24 06:00:00+00:00,4098.203148396,341.6586430129453,3756.5445053830545,0.0,341.6586430129453
2025-11-24 07:00:00+00:00,4113.823991003998,525.316339107355,3588.5076518966434,186.29783930214558,339.01849980520944
2025-11-24 08:00:00+00:00,4160.6895518579995,693.4263734095174,3467.263178448482,355.740503398238,337.6858700112794
2025-11-24 09:00:00+00:00,4235.571397470001,834.8352921432474,3400.7361053267537,496.9728156530386,337.8624764902089
2025-11-24 10:00:00+00:00,4333.36442931,940.6612666805063,3392.7031626294934,600.9760959929018,339.6851706876045
2025-11-24 11:00:00+00:00,4447.430443386002,1004.8476044590136,3442.582838926988,661.6275908666962,343.2200135923174
2025-11-24 12:00:00+00:00,4570.045457628,1024.4709158863081,3545.574541741692,676.0116543816376,348.45926150467056
2025-11-24 13:00:00+00:00,4692.920519195998,999.7967693672229,3693.1237498287755,644.4753900228969,355.321379344326
2025-11-24 14:00:00+00:00,4807.760562528001,934.0987668339701,3873.661795694031,570.4446816395513,363.6540851944189
2025-11-24 15:00:00+00:00,4906.823415858002,833.2761822692302,4073.5472335887716,460.0358885266078,373.2402937426224
2025-11-24 16:00:00+00:00,4983.441011513999,705.3187941029723,4278.122217411026,321.51206985014943,383.80672425282285
2025-11-24 17:00:00+00:00,5032.467434442001,559.6742590412605,4472.79317540074,164.6394415896183,395.0348174516422
2025-11-24 18:00:00+00:00,5050.623453203997,406.5735110803203,4644.049942123676,0.0,406.5735110803203
2025-11-24 19:00:00+00:00,5036.714143061999,418.0533661950513,4618.660776866947,0.0,418.0533661950513
2025-11-24 20:00:00+00:00,4991.705008668002,429.10144240447636,4562.603566263526,0.0,429.10144240447636
2025-11-24 21:00:00+00:00,4918.651465056001,439.35633354090083,4479.2951315151,0.0,439.35633354090083
2025-11-24 22:00:00+00:00,4822.486657043998,448.48274790674515,4374.003909137253,0.0,448.48274790674515
2025-11-24 23:00:00+00:00,4709.682124686001,456.1850150197613,4253.497109666239,0.0,456.1850150197613
2025-11-25 00:00:00+00:00,4593.637641809999,462.2190013288711,4131.418640481128,0.0,462.2190013288711
2025-11-25 01:00:00+00:00,4470.832140557998,466.40190850057263,4004.4302320574257,0.0,466.40190850057263
2025-11-25 02:00:00+00:00,4355.26668129,468.6195905275611,3886.6470907624384,0.0,468.6195905275611
2025-11-25 03:00:00+00:00,4254.576482226003,468.8310591808808,3785.7454230451217,0.0,468.8310591808808
2025-11-25 04:00:00+00:00,4175.345449758001,467.07001663255454,3708.275433125447,0.0,467.07001663255454
2025-11-25 05:00:00+00:00,4122.6602975880005,463.4433376194724,3659.216959968528,0.0,463.4433376194724
2025-11-25 06:00:00+00:00,4099.767640416002,458.1265721238255,3641.6410682921764,0.0,458.1265721238255
2025-11-25 07:00:00+00:00,4107.8572956120015,618.4400895807528,3489.4172060312485,167.08343839716483,451.3566511835879
2025-11-25 08:00:00+00:00,4145.986495644,770.5236930803471,3375.4628025636525,327.1016029955847,443.4220900847625
2025-11-25 09:00:00+00:00,4211.150067726001,903.8535961343256,3307.2964715916755,469.20249835170216,434.6510977826234
2025-11-25 10:00:00+00:00,4298.491642998,1008.6572075170011,3289.834435480999,583.259135142523,425.3980723744782
2025-11-25 11:00:00+00:00,4401.641319726003,1076.6138448215384,3325.0274749044643,660.5848040065225,416.0290408150159
2025-11-25 12:00:00+00:00,4513.156746461998,1101.5211073320502,3411.6356391299482,694.6144715184194,406.90663581363094
2025-11-25 13:00:00+00:00,4625.037226992,1079.8690449352373,3545.168182056763,681.4938176843735,398.37522725086376
2025-11-25 14:00:00+00:00,4729.275816635997,1011.2631912500256,3718.0126253859717,620.5163776281394,390.7468136218862
2025-11-25 15:00:00+00:00,4818.411537324001,898.6432844072525,3919.7682529167487,514.355025354093,384.28825905315955
2025-11-25 16:00:00+00:00,4886.043940680001,748.2574218770063,4137.786518802995,369.047037328508,379.2103845484983
2025-11-25 17:00:00+00:00,4927.274848692,569.3706346362442,4357.904214055756,193.71126131098393,375.6593733252602
2025-11-25 18:00:00+00:00,4939.047022266004,373.71083994182317,4565.336182324181,0.0,373.71083994182317
2025-11-25 19:00:00+00:00,4920.356532714001,373.36679462536136,4546.98973808864,0.0,373.36679462536136
2025-11-25 20:00:00+00:00,4872.324362472001,374.55564105386713,4497.768721418133,0.0,374.55564105386713
2025-11-25 21:00:00+00:00,4798.122157374,377.13520241713843,4420.986954956862,0.0,377.13520241713843
2025-11-25 22:00:00+00:00,4702.757288753999,380.8986485926725,4321.858640161327,0.0,380.8986485926725
2025-11-25 23:00:00+00:00,4592.731716048,385.5830841555413,4207.148631892458,0.0,385.5830841555413
2025-11-26 00:00:00+00:00,4481.356546799998,390.88044678176686,4090.476100018231,0.0,390.88044678176686
2025-11-26 01:00:00+00:00,4365.201152592001,396.4502672743578,3968.7508853176428,0.0,396.4502672743578
2025-11-26 02:00:00+00:00,4258.090588962,401.93377072656585,3856.156818235434,0.0,401.93377072656585
2025-11-26 03:00:00+00:00,4167.517810175999,406.968738451511,3760.5490717244884,0.0,406.968738451511
2025-11-26 04:00:00+00:00,4099.887006054,411.2045251702515,3688.6824808837487,0.0,411.2045251702515
2025-11-26 05:00:00+00:00,4060.071857058001,414.31661264250124,3645.7552444155,0.0,414.31661264250124
2025-11-26 06:00:00+00:00,4051.077531732,416.02010753993517,3635.057424192065,0.0,416.02010753993517
2025-11-26 07:00:00+00:00,4073.8295750880006,626.3173539789348,3447.5122211090656,210.23572786859557,416.08162611033913
2025-11-26 08:00:00+00:00,4127.104233756,819.7255558446452,3307.378677911355,405.39646781658473,414.3290880280605
2025-11-26 09:00:00+00:00,4207.605142859998,982.5174202851895,3225.087722574808,571.8584207915521,410.65899949363734
2025-11-26 10:00:00+00:00,4310.181254526,1103.2297617819909,3206.951492744009,698.1888112286263,405.0409505533645
2025-11-26 11:00:00+00:00,4428.171351911999,1173.4531399242917,3254.718211987708,775.9340173394493,397.5191225848425
2025-11-26 12:00:00+00:00,4553.851847453999,1188.3719139849266,3365.4799334690724,800.161158310579,388.2107556743476
2025-11-26 13:00:00+00:00,4678.95741201,1147.0255032196485,3531.9319087903514,769.723872623509,377.3016305961395
2025-11-26 14:00:00+00:00,4795.239175397999,1052.286397822685,3742.952777575314,687.2476409435635,365.03875687912165
2025-11-26 15:00:00+00:00,4895.022502734002,910.5729031875322,3984.44959954647,558.8523434536154,351.72055973391684
2025-11-26 16:00:00+00:00,4971.726512171999,731.3332762676415,4240.393235904357,393.6483082339834,337.6849680336581
2025-11-26 17:00:00+00:00,5020.309926072001,526.3510395772785,4493.958886494723,203.05514161974318,323.2958979575353
2025-11-26 18:00:00+00:00,5037.612993167998,308.92866904771523,4728.684324120282,0.0,308.92866904771523
2025-11-26 19:00:00+00:00,5022.572210124003,294.9549707561014,4727.617239367901,0.0,294.9549707561014
2025-11-26 20:00:00+00:00,4976.293165157998,281.7279746383013,4694.565190519697,0.0,281.7279746383013
2025-11-26 21:00:00+00:00,4901.976621192,269.5682110105934,4632.408410181406,0.0,269.5682110105934
2025-11-26 22:00:00+00:00,4804.7027507640005,258.7507882227632,4545.951962541238,0.0,258.7507882227632
2025-11-26 23:00:00+00:00,4691.088229716001,249.49447355360383,4441.593756162397,0.0,249.49447355360383
2025-11-27 00:00:00+00:00,4574.521811159999,241.95308302126196,4332.568728138737,0.0,241.95308302126196
2025-11-27 01:00:00+00:00,4451.914487664001,236.2095327668928,4215.704954897108,0.0,236.2095327668928
2025-11-27 02:00:00+00:00,4337.2352840039985,232.27279598917661,4104.962488014822,0.0,232.27279598917661
2025-11-27 03:00:00+00:00,4238.22294441,230.0778866791488,4008.1450577308515,0.0,230.0778866791488
2025-11-27 04:00:00+00:00,4161.547237596001,229.48887237332016,3932.0583652226805,0.0,229.48887237332016
2025-11-27 05:00:00+00:00,4112.360891268,230.3047895003559,3882.056101767644,0.0,230.3047895003559
2025-11-27 06:00:00+00:00,4093.954967802,232.26822399769276,3861.6867438043073,0.0,232.26822399769276
2025-11-27 07:00:00+00:00,4107.540952703999,442.66986287100616,3664.871089832993,207.5936635066562,235.07619936434995
2025-11-27 08:00:00+00:00,4152.174301044,641.9929634184989,3510.1813376255004,403.60003708209445,238.39292633640443
2025-11-27 09:00:00+00:00,4224.824472876002,816.3524462059627,3408.472026670039,574.4885525062796,241.86389369968316
2025-11-27 10:00:00+00:00,4320.586566618002,953.2942647771064,3367.292301840895,708.1635375150205,245.13072726208586
2025-11-27 11:00:00+00:00,4433.019983364,1042.6931533286788,3390.326830035321,794.8469558982619,247.84619743041705
2025-11-27 12:00:00+00:00,4554.590943840002,1077.5283045070328,3477.0626393329694,827.8395383198624,249.68876618717044
2025-11-27 13:00:00+00:00,4677.188612544002,1054.4701237851164,3622.718488758886,804.0940425179114,250.37608126720505
2025-11-27 14:00:00+00:00,4792.6795822919985,974.2200978574253,3818.459484434573,724.543241471486,249.67685638593937
2025-11-27 15:00:00+00:00,4893.4628847720005,841.5614894872804,4051.90139528472,594.1408310514119,247.42065843586846
2025-11-27 16:00:00+00:00,4972.987696949996,665.1001932477058,4307.88750370229,421.5950011828604,243.50519206484532
2025-11-27 17:00:00+00:00,5026.198411710002,456.7009700343871,4569.497441675615,218.80018043199962,237.9007896023875
2025-11-27 18:00:00+00:00,5049.876827268,230.65192298118197,4819.224904286818,0.0,230.65192298118197
2025-11-27 19:00:00+00:00,5042.8581710220005,221.875665199847,4820.982505822153,0.0,221.875665199847
2025-11-27 20:00:00+00:00,5006.106259307998,211.75717599887034,4794.349083309127,0.0,211.75717599887034
2025-11-27 21:00:00+00:00,4942.64282568,200.54239066659505,4742.100435013405,0.0,200.54239066659505
2025-11-27 22:00:00+00:00,4857.335904498003,188.52820622696902,4668.8076982710345,0.0,188.52820622696902
2025-11-27 23:00:00+00:00,4756.561819883999,176.05057533494337,4580.511244549056,0.0,176.05057533494337
2025-11-28 00:00:00+00:00,4653.368505701999,163.4709899200194,4489.89751578198,0.0,163.4709899200194
2025-11-28 01:00:00+00:00,4544.543202653999,151.16190685440486,4393.381295799594,0.0,151.16190685440486
2025-11-28 02:00:00+00:00,4443.687582557997,139.49171376044856,4304.195868797548,0.0,139.49171376044856
2025-11-28 03:00:00+00:00,4358.247623772001,128.80985007651836,4229.437773695483,0.0,128.80985007651836
2025-11-28 04:00:00+00:00,4294.603879692001,119.43268888924942,4175.171190802752,0.0,119.43268888924942
2025-11-28 05:00:00+00:00,4257.630149556001,111.63076729626935,4145.999382259732,0.0,111.63076729626935
2025-11-28 06:00:00+00:00,4250.355344381999,105.6178687803505,4144.737475601649,0.0,105.6178687803505
2025-11-28 07:00:00+00:00,4273.75168815,301.6402417169487,3972.111446433051,200.09781465000023,101.54242706694846
2025-11-28 08:00:00+00:00,4326.663859434,480.5009412490187,3846.1629181849817,381.0193556085769,99.48158564044179
2025-11-28 09:00:00+00:00,4405.883909364,630.2100225546067,3775.6738868093935,530.7718582647207,99.43816428988605
2025-11-28 10:00:00+00:00,4506.367047923997,741.3417194419162,3765.025328482081,640.0010655081841,101.34065393373217
2025-11-28 11:00:00+00:00,4621.573557636,807.5928661243353,3813.980691511665,702.5466241828475,105.04624194148775
2025-11-28 12:00:00+00:00,4743.913626648001,826.0703230737231,3917.843303574278,715.7235852427647,110.34673783095847
2025-11-28 13:00:00+00:00,4865.264753958001,797.3062439739473,4067.9585099840538,680.3290753025632,116.97716867138409
2025-11-28 14:00:00+00:00,4977.526505448,725.0239711309719,4252.502534317027,600.397292904834,124.62667822613786
2025-11-28 15:00:00+00:00,5073.174752394002,615.6965094713145,4457.478242922688,482.7452180565943,132.95129141472015
2025-11-28 16:00:00+00:00,5145.7775495700025,477.952033378117,4667.825516191886,336.3640112481698,141.5880221299472
2025-11-28 17:00:00+00:00,5190.43743162,321.8862729033508,4868.551158716649,171.71652812453672,150.16974477881405
2025-11-28 18:00:00+00:00,5204.129911931997,158.34021442786747,5045.78969750413,0.0,158.34021442786747
2025-11-28 19:00:00+00:00,5185.914942095999,165.76863669909386,5020.1463053969055,0.0,165.76863669909386
2025-11-28 20:00:00+00:00,5137.006828548,172.16317377580995,4964.84365477219,0.0,172.16317377580995
2025-11-28 21:00:00+00:00,5060.697702648001,177.28284089602712,4883.414861751974,0.0,177.28284089602712
2025-11-28 22:00:00+00:00,4962.139583687998,180.94731351076865,4781.19227017723,0.0,180.94731351076865
2025-11-28 23:00:00+00:00,4847.999729118002,183.0442266488691,4664.955502469133,0.0,183.0442266488691
2025-11-29 00:00:00+00:00,4353.388943022,183.5336862837329,4169.855256738267,0.0,183.5336862837329
2025-11-29 01:00:00+00:00,4231.8352983899995,182.44979456270522,4049.385503827294,0.0,182.44979456270522
2025-11-29 02:00:00+00:00,4118.983412586001,179.89913271028627,3939.0842798757144,0.0,179.89913271028627
2025-11-29 03:00:00+00:00,4022.530806084,176.05626740519466,3846.474538678805,0.0,176.05626740519466
2025-11-29 04:00:00+00:00,3949.084088460001,171.15645067624214,3777.927637783759,0.0,171.15645067624214
2025-11-29 05:00:00+00:00,3903.7124072939946,165.48583492379402,3738.2265723702008,0.0,165.48583492379402
2025-11-29 06:00:00+00:00,3889.6047327480014,159.36957716573053,3730.235155582271,0.0,159.36957716573053
2025-11-29 07:00:00+00:00,3907.8544021439993,318.00921802930696,3589.8451841146925,164.8508687325803,153.15834929672667
2025-11-29 08:00:00+00:00,3957.385410972,468.26401556569454,3489.1213954063055,321.0502399800713,147.2137755856232
2025-11-29 09:00:00+00:00,4035.0255789060006,599.955794552291,3435.0697843537096,458.0623716716742,141.89342288061675
2025-11-29 10:00:00+00:00,4135.721513154001,703.8392370364425,3431.882276117558,566.3032976174827,137.5359394189597
2025-11-29 11:00:00+00:00,4252.880802114,772.2654673587375,3480.6153347552627,637.8185107377292,134.44695662100833
2025-11-29 12:00:00+00:00,4378.818116819999,799.785466168782,3579.032650651217,666.8991319293157,132.88633423946638
2025-11-29 13:00:00+00:00,4505.2749492660005,783.6395719560321,3721.635377309968,650.5823048247396,133.05726713129255
2025-11-29 14:00:00+00:00,4623.977605086004,724.0817359834266,3899.8958691025773,588.9840298636914,135.0977061197352
2025-11-29 15:00:00+00:00,4727.19554832,624.496049722355,4102.699498597645,485.4216159466125,139.07443377574245
2025-11-29 16:00:00+00:00,4808.262229932002,491.2779002746265,4316.984329657375,346.29784787045895,144.98005240416757
2025-11-29 17:00:00+00:00,4862.022915749996,333.4717886718893,4528.551127078107,180.73879353823145,152.73299513365788
2025-11-29 18:00:00+00:00,4885.179315029999,162.18056898213774,4722.9987460478615,0.0,162.18056898213774
2025-11-29 19:00:00+00:00,4876.507504722002,173.10489903719846,4703.402605684803,0.0,173.10489903719846
2025-11-29 20:00:00+00:00,4836.934620588,185.23154086372983,4651.7030797242705,0.0,185.23154086372983
2025-11-29 21:00:00+00:00,4769.469101754002,198.24039517246433,4571.228706581537,0.0,198.24039517246433
2025-11-29 22:00:00+00:00,4678.989477288,211.77849076511856,4467.210986522881,0.0,211.77849076511856
2025-11-29 23:00:00+00:00,4571.906244864001,225.47410639877427,4346.432138465227,0.0,225.47410639877427
2025-11-30 00:00:00+00:00,4461.163774158,238.95165711326,4222.21211704474,0.0,238.95165711326
2025-11-30 01:00:00+00:00,4343.949564024003,251.84673359899767,4092.1028304250053,0.0,251.84673359899767
2025-11-30 02:00:00+00:00,4233.803454888,263.8206809648016,3969.982773923198,0.0,263.8206809648016
2025-11-30 03:00:00+00:00,4138.288114043997,274.5741224875913,3863.7139915564053,0.0,274.5741224875913
2025-11-30 04:00:00+00:00,4063.915978668001,283.8588679349704,3780.0571107330306,0.0,283.8588679349704
2025-11-30 05:00:00+00:00,4015.70495298,291.4877332920846,3724.2172196879155,0.0,291.4877332920846
2025-11-30 06:00:00+00:00,3996.837058746,297.3418534342876,3699.495205311712,0.0,297.3418534342876
2025-11-30 07:00:00+00:00,4008.4431707460003,486.194341450211,3522.248829295789,184.8191383450746,301.37520310513645
2025-11-30 08:00:00+00:00,4049.5285654319996,659.4582334994143,3390.0703319325853,355.84209952443683,303.6161339749775
2025-11-30 09:00:00+00:00,4117.044254400001,805.639734693581,3311.4045197064197,501.4738638415539,304.16587085202707
2025-11-30 10:00:00+00:00,4206.099156503999,915.2272405497761,3290.8719159542234,612.0332217510157,303.1940187987604
2025-11-30 11:00:00+00:00,4310.298579761999,981.2959314005886,3329.00264836141,680.3646484110019,300.9312829895867
2025-11-30 12:00:00+00:00,4422.185792345999,999.9099080934966,3422.2758842525027,702.2502265791651,297.65968151433157
2025-11-30 13:00:00+00:00,4533.756483858,970.3078089800719,3563.448674877928,676.6071430907032,293.7006658893687
2025-11-30 14:00:00+00:00,4637.010899808,894.8752973591122,3742.135602448888,605.4736682601906,289.40162909892166
2025-11-30 15:00:00+00:00,4724.505878525999,778.922332489846,3945.583546036153,493.80097682887003,285.1213556609759
2025-11-30 16:00:00+00:00,4789.868990046,630.2937068220613,4159.57528322394,349.0786927716147,281.21501405044654
2025-11-30 17:00:00+00:00,4828.239619266001,458.84748342511347,4369.392135840887,180.828184219606,278.0192992055075
2025-11-30 18:00:00+00:00,4836.606747924002,275.8383380182698,4560.768409905732,0.0,275.8383380182698
2025-11-30 19:00:00+00:00,4814.020278312,274.930939659306,4539.089338652694,0.0,274.930939659306
2025-11-30 20:00:00+00:00,4761.661348668,275.4997001315803,4486.161648536419,0.0,275.4997001315803
2025-11-30 21:00:00+00:00,4682.7667534619995,277.682426089787,4405.084327372213,0.0,277.682426089787
2025-11-30 22:00:00+00:00,4582.41246141,281.54621062176005,4300.86625078824,0.0,281.54621062176005
2025-11-30 23:00:00+00:00,4467.170946713999,287.08442123467916,4180.08652547932,0.0,287.08442123467916
2025-12-01 00:00:00+00:00,4728.175263671999,294.21670798765433,4433.958555684345,0.0,294.21670798765433
2025-12-01 01:00:00+00:00,4606.561951068002,302.7920450785578,4303.769905989444,0.0,302.7920450785578
2025-12-01 02:00:00+00:00,4493.973807372002,312.5946742850871,4181.379133086914,0.0,312.5946742850871
2025-12-01 03:00:00+00:00,4397.965987295998,323.35270923981227,4074.613278056186,0.0,323.35270923981227
2025-12-01 04:00:00+00:00,4324.999116228,334.74904640209,3990.25006982591,0.0,334.74904640209
2025-12-01 05:00:00+00:00,4279.99627272,346.4341472638794,3933.5621254561206,0.0,346.4341472638794
2025-12-01 06:00:00+00:00,4266.003933912,358.0401476455823,3907.963786266418,0.0,358.0401476455823
2025-12-01 07:00:00+00:00,4283.9799730979985,572.1040231404336,3711.875949957565,202.90828207431247,369.19574106612106
2025-12-01 08:00:00+00:00,4332.723323123999,776.4869616108953,3556.2363615131035,396.94575237202076,379.5412092388745
2025-12-01 09:00:00+00:00,4408.950222095999,957.0858669299416,3451.864355166058,568.3428749623761,388.7429919675656
2025-12-01 10:00:00+00:00,4507.511967966001,1100.9721600019584,3406.5398079640427,704.464957977895,396.5072020240633
2025-12-01 11:00:00+00:00,4621.739479223998,1197.378257416474,3424.361221807524,794.7867320780978,402.59152533837636
2025-12-01 12:00:00+00:00,4743.891377358002,1238.5773377071978,3505.314039650804,831.7623110288789,406.8150266783189
2025-12-01 13:00:00+00:00,4865.675188668003,1220.5756429351272,3645.099545732876,811.5101880062102,409.065454928917
2025-12-01 14:00:00+00:00,4978.806270186002,1143.5464537586072,3835.2598164273945,734.2427044747213,409.3037492838859
2025-12-01 15:00:00+00:00,5075.566578642002,1011.9529698695846,4063.6136087724176,604.3874046552577,407.56556521432697
2025-12-01 16:00:00+00:00,5149.32532506,832.8506265164401,4316.4746985435595,428.8908684051727,403.9597581112675
2025-12-01 17:00:00+00:00,5194.986153672,620.674125508528,4574.312028163472,222.01024989299606,398.66387561553205
2025-12-01 18:00:00+00:00,5209.330476671997,391.91686268889833,4817.413613983098,0.0,391.91686268889833
2025-12-01 19:00:00+00:00,5191.2337398599975,384.0092618490395,4807.224478010958,0.0,384.0092618490395
2025-12-01 20:00:00+00:00,5141.739848531999,375.27131667615913,4766.46853185584,0.0,375.27131667615913
2025-12-01 21:00:00+00:00,5063.988824412002,366.05946506777553,4697.929359344226,0.0,366.05946506777553
2025-12-01 22:00:00+00:00,4963.002669492002,356.7417737787887,4606.260895713212,0.0,356.7417737787887
2025-12-01 23:00:00+00:00,4845.343944420001,347.68291162217423,4497.661032797827,0.0,347.68291162217423
2025-12-02 00:00:00+00:00,4723.947101076002,339.2292764494688,4384.717824626533,0.0,339.2292764494688
2025-12-02 01:00:00+00:00,4596.49274112,331.69488585492917,4264.79785526507,0.0,331.69488585492917
2025-12-02 02:00:00+00:00,4476.510354498002,325.34860384162806,4151.161750656374,0.0,325.34860384162806
2025-12-02 03:00:00+00:00,4371.713784900001,320.40323428549493,4051.310550614506,0.0,320.40323428549493
2025-12-02 04:00:00+00:00,4288.757593469999,317.00692257487697,3971.750670895122,0.0,317.00692257487697
2025-12-02 05:00:00+00:00,4232.789510838002,315.2372136481268,3917.552297189875,0.0,315.2372136481268
2025-12-02 06:00:00+00:00,4207.106126706001,315.0980192786825,3892.008107427319,0.0,315.0980192786825
2025-12-02 07:00:00+00:00,4212.935024970002,528.8503754696615,3684.0846495003407,212.3307625698754,316.519612899786
2025-12-02 08:00:00+00:00,4249.358122295999,724.8439177132556,3524.514204582744,405.4822716590222,319.36164605423335
2025-12-02 09:00:00+00:00,4313.381296307998,889.9804944284037,3423.4008018795944,566.5614181188099,323.41907630959383
2025-12-02 10:00:00+00:00,4400.14530207,1013.7488620267595,3386.3964400432405,685.3181104553024,328.43075157145717
2025-12-02 11:00:00+00:00,4503.263600724,1088.8559678758686,3414.4076328481315,754.765664564343,334.09030331152564
2025-12-02 12:00:00+00:00,4615.263752316,1111.5881223598194,3503.6756299561807,771.5292172448188,340.05890511500047
2025-12-02 13:00:00+00:00,4728.102313998001,1081.8960769659789,3646.206237032022,735.9167090367492,345.9793679292297
2025-12-02 14:00:00+00:00,4833.717924713999,1003.221004585097,3830.4969201289023,651.7300018524369,351.4910027326601
2025-12-02 15:00:00+00:00,4924.584805602,882.0968639462249,4042.4879416557756,525.8522336165773,356.2446303296475
2025-12-02 16:00:00+00:00,4994.2288714080005,727.5773322013777,4266.651539206623,367.66019722020326,359.91713498117434
2025-12-02 17:00:00+00:00,5037.671214618002,550.5418561914387,4487.129358426563,188.31689687058736,362.2249593208514
2025-12-02 18:00:00+00:00,5051.768670185999,362.9359845831122,4688.832685602887,0.0,362.9359845831122
2025-12-02 19:00:00+00:00,5035.428252876001,361.87932223568566,4673.548930640316,0.0,361.87932223568566
2025-12-02 20:00:00+00:00,4989.680806866,358.9525963398996,4630.7282105261,0.0,358.9525963398996
2025-12-02 21:00:00+00:00,4917.608959619999,354.12643791294295,4563.482521707056,0.0,354.12643791294295
2025-12-02 22:00:00+00:00,4824.134228633997,347.44598723813345,4476.688241395864,0.0,347.44598723813345
2025-12-02 23:00:00+00:00,4715.677954134001,339.02936346026496,4376.648590673736,0.0,339.02936346026496
2025-12-03 00:00:00+00:00,4604.909946587997,329.0631428682864,4275.846803719711,0.0,329.0631428682864
2025-12-03 01:00:00+00:00,4489.470589253998,317.7950447439834,4171.675544510014,0.0,317.7950447439834
2025-12-03 02:00:00+00:00,4382.5629247259985,305.5241153317509,4077.0388093942474,0.0,305.5241153317509
2025-12-03 03:00:00+00:00,4291.637410914001,292.5888187766873,3999.0485921373133,0.0,292.5888187766873
2025-12-03 04:00:00+00:00,4223.068467282,279.35351411420817,3943.7149531677915,0.0,279.35351411420817
2025-12-03 05:00:00+00:00,4181.713438350001,266.1938757629212,3915.5195625870792,0.0,266.1938757629212
2025-12-03 06:00:00+00:00,4170.575002608,253.48185341745372,3917.0931491905467,0.0,253.48185341745372
2025-12-03 07:00:00+00:00,4190.590145741999,422.3927300700144,3768.1974156719843,180.82194434894362,241.57078572107082
2025-12-03 08:00:00+00:00,4240.560231263999,581.2822382379566,3659.277993026043,350.500959097336,230.78127914062057
2025-12-03 09:00:00+00:00,4317.227127444,718.8314823443274,3598.3956450996725,497.4430602802386,221.38842206408876
2025-12-03 10:00:00+00:00,4415.490257724,825.0248900268291,3590.465367697171,611.4140206341003,213.61086939272874
2025-12-03 11:00:00+00:00,4528.749965166001,891.8859925083605,3636.8639726576403,684.2837653322342,207.6022271761263
2025-12-03 12:00:00+00:00,4649.353872659997,914.099617123884,3735.2542555361133,710.6545064740966,203.44511064978735
2025-12-03 13:00:00+00:00,4769.115878897999,889.463976414906,3879.651902483093,688.3158804205323,201.1480959943737
2025-12-03 14:00:00+00:00,4879.872513642002,819.1256475016374,4060.746866140364,618.4799419524529,200.64570554918456
2025-12-03 15:00:00+00:00,4974.038754258001,707.5657680320626,4266.472986225938,505.764345248808,201.8014227832546
2025-12-03 16:00:00+00:00,5045.125447908,562.3260551827127,4482.799392725287,357.91244754067964,204.41360764203304
2025-12-03 17:00:00+00:00,5088.1830374759975,393.486361001152,4694.696676474846,185.26228457647716,208.2240764246748
2025-12-03 18:00:00+00:00,5100.141371220002,212.92899279415514,4887.2123784258465,0.0,212.92899279415514
2025-12-03 19:00:00+00:00,5080.022311812002,218.19161671341902,4861.830695098583,0.0,218.19161671341902
2025-12-03 20:00:00+00:00,5029.010645610001,223.65639969402898,4805.354245915973,0.0,223.65639969402898
2025-12-03 21:00:00+00:00,4950.378303570001,228.96384155050984,4721.414462019491,0.0,228.96384155050984
2025-12-03 22:00:00+00:00,4849.266954504001,233.76550167381055,4615.50145283019,0.0,233.76550167381055
2025-12-03 23:00:00+00:00,4732.343673456001,237.7385482260665,4494.605125229935,0.0,237.7385482260665
2025-12-04 00:00:00+00:00,4612.456282182004,240.59925157794936,4371.857030604055,0.0,240.59925157794936
2025-12-04 01:00:00+00:00,4487.698990068001,242.1148719301205,4245.58411813788,0.0,242.1148719301205
2025-12-04 02:00:00+00:00,4371.47307261,242.11344059514107,4129.359632014859,0.0,242.11344059514107
2025-12-04 03:00:00+00:00,4271.514673692002,240.49105492631594,4031.0236187656865,0.0,240.49105492631594
2025-12-04 04:00:00+00:00,4194.47710731,237.2163675046744,3957.2607398053256,0.0,237.2163675046744
2025-12-04 05:00:00+00:00,4145.483212038001,232.33209879980095,3913.1511132381997,0.0,232.33209879980095
2025-12-04 06:00:00+00:00,4127.781413909999,225.95350454720474,3901.8279093627943,0.0,225.95350454720474
2025-12-04 07:00:00+00:00,4142.528849928001,387.38704502153337,3755.1418049064678,169.123182118624,218.26386290290938
2025-12-04 08:00:00+00:00,4188.71621679,533.0942051650144,3655.622011624985,323.58704043692376,209.5071647280906
2025-12-04 09:00:00+00:00,4263.239324945999,653.3734549586461,3609.865869987353,453.39514926721284,199.97830569143323
2025-12-04 10:00:00+00:00,4361.1124796819995,740.4838209489556,3620.628658733044,550.4726378271223,190.01118312183328
2025-12-04 11:00:00+00:00,4475.809058574,789.0681653345752,3686.740893239425,609.1029856826303,179.96517965194482
2025-12-04 12:00:00+00:00,4599.706064604,796.3941172143445,3803.3119473896554,626.1835201954233,170.21059701892128
2025-12-04 13:00:00+00:00,4724.602345847999,762.4161749477917,3962.186170900207,601.302555293919,161.1136196538726
2025-12-04 14:00:00+00:00,4842.275226473999,689.6752173530307,4152.600009120969,536.6537719940509,153.0214453589798
2025-12-04 15:00:00+00:00,4945.0376086020015,583.0600814494096,4361.977527152592,436.81191430966607,146.2481671397435
2025-12-04 16:00:00+00:00,5026.257723354001,449.45973809550355,4576.797985258498,308.397730831165,141.06200726433855
2025-12-04 17:00:00+00:00,5080.806097667999,297.3344655874085,4783.47163208059,159.66006077436072,137.67440481304777
2025-12-04 18:00:00+00:00,5105.399521110005,136.23142249310413,4969.1680986169,0.0,136.23142249310413
2025-12-04 19:00:00+00:00,5098.818558666001,136.80781133021196,4962.010747335789,0.0,136.80781133021196
2025-12-04 20:00:00+00:00,5061.984034002,139.40397869295268,4922.580055309048,0.0,139.40397869295268
2025-12-04 21:00:00+00:00,4997.887367339999,143.94598903211073,4853.941378307889,0.0,143.94598903211073
2025-12-04 22:00:00+00:00,4911.379684428001,150.2885906809865,4761.091093747015,0.0,150.2885906809865
2025-12-04 23:00:00+00:00,4808.834204244,158.22115190320076,4650.613052340799,0.0,158.22115190320076
2025-12-05 00:00:00+00:00,4702.719428904001,167.47625185987502,4535.243177044125,0.0,167.47625185987502
2025-12-05 01:00:00+00:00,4591.027450128,177.7405871455903,4413.28686298241,0.0,177.7405871455903
2025-12-05 02:00:00+00:00,4486.807224102001,188.66774512229162,4298.13947897971,0.0,188.66774512229162
2025-12-05 03:00:00+00:00,4397.554445424,199.89230803984725,4197.662137384153,0.0,199.89230803984725
2025-12-05 04:00:00+00:00,4329.710412930002,211.0447319701708,4118.665680959832,0.0,211.0447319701708
2025-12-05 05:00:00+00:00,4288.21930488,221.76637286720143,4066.4529320127986,0.0,221.76637286720143
2025-12-05 06:00:00+00:00,4276.188390516001,231.72405720211788,4044.4643333138833,0.0,231.72405720211788
2025-12-05 07:00:00+00:00,4294.674407184001,426.4231990841981,3868.251208099803,185.79960593968767,240.6235931445104
2025-12-05 08:00:00+00:00,4342.610703983997,612.9171050195644,3729.6935989644326,364.6954342671896,248.22167075237476
2025-12-05 09:00:00+00:00,4416.880106604001,778.1883291627136,3638.6917774412877,523.8526555963286,254.33567356638488
2025-12-05 10:00:00+00:00,4512.528561407999,910.1764831413911,3602.3520782666083,651.3255029487208,258.85098019267036
2025-12-05 11:00:00+00:00,4623.10492812,998.7260387577655,3624.378889362235,737.0005564342579,261.7254823235076
2025-12-05 12:00:00+00:00,4741.1037343319995,1036.4452531158956,3704.6584812161036,773.454143149204,262.99110996669157
2025-12-05 13:00:00+00:00,4858.4806081980005,1019.3946997395217,3839.085908458479,756.642378736839,262.7523210026828
2025-12-05 14:00:00+00:00,4967.205201924001,947.5334051282182,4019.671796795783,686.3517975665474,261.1816075616708
2025-12-05 15:00:00+00:00,5059.813775898,824.8687339368144,4234.945041961186,566.3565306241063,258.5122033127081
2025-12-05 16:00:00+00:00,5129.92366845,659.2811702315724,4470.642498218428,404.25287174640175,255.02829848517067
2025-12-05 17:00:00+00:00,5172.674425674001,462.02483789184606,4710.649587782155,210.97168786251942,251.05315002932664
2025-12-05 18:00:00+00:00,5185.065430692003,246.93559187561607,4938.129838816387,0.0,246.93559187561607
2025-12-05 19:00:00+00:00,5166.166803168002,243.03547834662936,4923.131324821373,0.0,243.03547834662936
2025-12-05 20:00:00+00:00,5117.189069915999,239.7086765802751,4877.480393335724,0.0,239.7086765802751
2025-12-05 21:00:00+00:00,5041.406715575998,237.29220460015392,4804.114510975844,0.0,237.29220460015392
2025-12-05 22:00:00+00:00,4943.940648612004,236.09014050286615,4707.850508109138,0.0,236.09014050286615
2025-12-05 23:00:00+00:00,4831.4142684359995,236.36086834658087,4595.053400089419,0.0,236.36086834658087
2025-12-06 00:00:00+00:00,4338.281670870001,238.30618714092154,4099.975483729079,0.0,238.30618714092154
2025-12-06 01:00:00+00:00,4219.207233444,242.06273170900056,3977.1445017349993,0.0,242.06273170900056
2025-12-06 02:00:00+00:00,4109.159538708001,247.6960551227624,3861.463483585238,0.0,247.6960551227624
2025-12-06 03:00:00+00:00,4015.754075339999,255.19761521053763,3760.5564601294614,0.0,255.19761521053763
2025-12-06 04:00:00+00:00,3945.510207702,264.4847871255833,3681.0254205764168,0.0,264.4847871255833
2025-12-06 05:00:00+00:00,3903.4066142400006,275.40391084752156,3628.002703392479,0.0,275.40391084752156
2025-12-06 06:00:00+00:00,3892.5407269980014,287.73623462340356,3604.804492374598,0.0,287.73623462340356
2025-12-06 07:00:00+00:00,3913.915375986,510.2802820475523,3403.635093938448,209.073753932885,301.20652811466726
2025-12-06 08:00:00+00:00,3966.367213914,716.8239592474372,3249.5432546665625,401.32995774580064,315.49400150163655
2025-12-06 09:00:00+00:00,4046.641897157998,894.1085809294268,3152.533316228571,563.8634961973933,330.2450847320335
2025-12-06 10:00:00+00:00,4149.610974978001,1031.1557685168502,3118.4552064611507,686.0682139562093,345.08755456064085
2025-12-06 11:00:00+00:00,4268.615809668002,1119.9349148723136,3148.6808947956883,760.2894969529337,359.64541791937984
2025-12-06 12:00:00+00:00,4395.915239057998,1155.8000196758485,3240.11521938215,782.2460639547362,373.5539557211122
2025-12-06 13:00:00+00:00,4523.206595922003,1137.6831470438867,3385.523448878116,751.2088498524029,386.4742971914838
2025-12-06 14:00:00+00:00,4642.1847229800005,1068.0499467703237,3574.1347762096766,669.9430001943824,398.1069465759413
2025-12-06 15:00:00+00:00,4745.101038804001,952.6376063760223,3792.463432427979,544.4339134350597,408.2036929409626
2025-12-06 16:00:00+00:00,4825.284760842002,800.0063851368106,4025.278375705191,383.4289589325254,416.57742620428525
2025-12-06 17:00:00+00:00,4877.590852133998,620.9426005833159,4256.648251550682,197.83314929709155,423.10945128622427
2025-12-06 18:00:00+00:00,4898.744365662,427.75400908766784,4470.990356574332,0.0,427.75400908766784
2025-12-06 19:00:00+00:00,4887.557834124003,430.53981133068476,4457.018022793319,0.0,430.53981133068476
2025-12-06 20:00:00+00:00,4845.007065989999,431.56853676960554,4413.438529220393,0.0,431.56853676960554
2025-12-06 21:00:00+00:00,4774.160240472001,431.01033830741176,4343.149902164589,0.0,431.01033830741176
2025-12-06 22:00:00+00:00,4679.96531121,429.09655767812876,4250.868753531871,0.0,429.09655767812876
2025-12-06 23:00:00+00:00,4568.910171168,426.1099441649163,4142.800227003083,0.0,426.1099441649163
2025-12-07 00:00:00+00:00,4453.410870132,422.37276476063687,4031.038105371363,0.0,422.37276476063687
2025-12-07 01:00:00+00:00,4331.966516388,418.2333173844389,3913.733199003561,0.0,418.2333173844389
2025-12-07 02:00:00+00:00,4217.594959535999,414.0513779903656,3803.543581545633,0.0,414.0513779903656
2025-12-07 03:00:00+00:00,4117.94877606,410.1831878152405,3707.765588244759,0.0,410.1831878152405
2025-12-07 04:00:00+00:00,4039.628187083999,406.9665951456715,3632.6615919383275,0.0,406.9665951456715
2025-12-07 05:00:00+00:00,3987.73468968,404.7069622873803,3583.0277273926195,0.0,404.7069622873803
2025-12-07 06:00:00+00:00,3965.5277136299983,403.6644062784906,3561.8633073515075,0.0,403.6644062784906
2025-12-07 07:00:00+00:00,3974.2075328339997,606.8850792409003,3367.3224535930995,202.84217062216132,404.0429086187389
2025-12-07 08:00:00+00:00,4012.8391765560004,799.2355326130987,3213.6036439429017,393.2538009175445,405.98173169555423
2025-12-07 09:00:00+00:00,4078.422324858001,967.4163828848332,3111.005941973168,557.8668890586915,409.5494938261417
2025-12-07 10:00:00+00:00,4166.102348100001,1099.7019343842985,3066.4004137157026,684.9607830552171,414.7411513290813
2025-12-07 11:00:00+00:00,4269.507898026,1186.8346330443414,3082.673264981658,765.3566241694514,421.47800887488995
2025-12-07 12:00:00+00:00,4381.191923051999,1222.7573942957827,3158.4345287562164,793.1466413555141,429.6107529402685
2025-12-07 13:00:00+00:00,4493.145891989999,1205.116125098608,3288.029766891391,766.1907298494432,438.92539524916486
2025-12-07 14:00:00+00:00,4597.351992156002,1135.4814087143645,3461.8705834416373,686.3295375811505,449.15187113321394
2025-12-07 15:00:00+00:00,4686.335598965999,1019.2612737291072,3667.074325236892,559.2863224861298,459.9749512429773
2025-12-07 16:00:00+00:00,4753.680106266,865.3041264468268,3888.375979819173,394.25711156497874,471.0470148818481
2025-12-07 17:00:00+00:00,4794.469069992001,685.2194925719809,4109.24957742002,203.21733179143732,482.0021607805436
2025-12-07 18:00:00+00:00,4805.625237294002,492.47108307392335,4313.154154220078,0.0,492.47108307392335
2025-12-07 19:00:00+00:00,4786.123444032001,502.09610031827316,4284.027343713728,0.0,502.09610031827316
2025-12-07 20:00:00+00:00,4737.062665145998,510.5457216905637,4226.516943455435,0.0,510.5457216905637
2025-12-07 21:00:00+00:00,4661.592331116001,517.5281552123187,4144.064175903683,0.0,517.5281552123187
2025-12-07 22:00:00+00:00,4564.69791183,522.8032079396088,4041.8947038903907,0.0,522.8032079396088
2025-12-07 23:00:00+00:00,4452.860313677999,526.1920864674361,3926.668227210563,0.0,526.1920864674361
2025-12-08 00:00:00+00:00,4716.49964226,527.5846955552064,4188.914946704794,0.0,527.5846955552064
2025-12-08 01:00:00+00:00,4597.910146031999,526.9441457968597,4070.9660002351393,0.0,526.9441457968597
2025-12-08 02:00:00+00:00,4488.030103620001,524.308271456981,3963.72183216302,0.0,524.308271456981
2025-12-08 03:00:00+00:00,4394.339768742,519.7881081987327,3874.5516605432676,0.0,519.7881081987327
2025-12-08 04:00:00+00:00,4323.233757024,513.5633891103569,3809.6703679136426,0.0,513.5633891103569
2025-12-08 05:00:00+00:00,4279.579576818,505.87523794711444,3773.7043388708853,0.0,505.87523794711444
2025-12-08 06:00:00+00:00,4266.379834499999,497.01637084488084,3769.363463655118,0.0,497.01637084488084
2025-12-08 07:00:00+00:00,4284.561284052002,659.2579217078231,3625.3033623441784,171.93872927430178,487.3191924335213
2025-12-08 08:00:00+00:00,4332.905194632002,804.2688493721677,3528.636345259835,327.1265639771221,477.1422853950456
2025-12-08 09:00:00+00:00,4408.124007755999,922.6832930173091,3485.4407147386896,455.8274487529605,466.85584426434866
2025-12-08 10:00:00+00:00,4505.079172481998,1007.2690307447622,3497.8101417372363,550.4423887687901,456.8266419759721
2025-12-08 11:00:00+00:00,4617.125460066,1053.2754896376225,3563.8499704283777,605.8723364896631,447.4031531479594
2025-12-08 12:00:00+00:00,4736.558499204002,1058.5924747771041,3677.966024426898,619.6910329483928,438.90144182871137
2025-12-08 13:00:00+00:00,4855.135065816001,1023.7329052807193,3831.402160535282,592.1405200749407,431.59238520577856
2025-12-08 14:00:00+00:00,4964.6308975619995,951.6640959273595,4012.96680163464,525.9733347720651,425.6907611552944
2025-12-08 15:00:00+00:00,5057.398012043999,847.5183541450706,4209.879657898929,426.17170574218596,421.3466484028847
2025-12-08 16:00:00+00:00,5126.883736716001,718.214865722706,4408.668870993295,299.5753855974068,418.63948012529926
2025-12-08 17:00:00+00:00,5168.076021318003,572.0221727214891,4596.0538485965135,154.44716370397416,417.57500901751496
2025-12-08 18:00:00+00:00,5177.844851004002,418.0852962028462,4759.759554801155,0.0,418.0852962028462
2025-12-08 19:00:00+00:00,5155.156374018002,420.03172768269525,4735.124646335306,0.0,420.03172768269525
2025-12-08 20:00:00+00:00,5101.1452447619995,423.2109378158158,4677.934306946184,0.0,423.2109378158158
2025-12-08 21:00:00+00:00,5019.040142759999,427.3633877169533,4591.676755043046,0.0,427.3633877169533
2025-12-08 22:00:00+00:00,4913.947549433999,432.184262181566,4481.763287252433,0.0,432.184262181566
2025-12-08 23:00:00+00:00,4792.508353962003,437.3362193613006,4355.1721346007025,0.0,437.3362193613006
2025-12-09 00:00:00+00:00,4667.094480846002,442.4634867519664,4224.6309940940355,0.0,442.4634867519664
2025-12-09 01:00:00+00:00,4536.713017871999,447.206718687205,4089.506299184794,0.0,447.206718687205
2025-12-09 02:00:00+00:00,4414.310256342001,451.2180068726275,3963.092249469373,0.0,451.2180068726275
2025-12-09 03:00:00+00:00,4307.637509531999,454.1754295805753,3853.4620799514237,0.0,454.1754295805753
2025-12-09 04:00:00+00:00,4223.3737258440015,455.79654508747143,3767.57718075653,0.0,455.79654508747143
2025-12-09 05:00:00+00:00,4166.677393620001,455.8502704233619,3710.8271231966387,0.0,455.8502704233619
2025-12-09 06:00:00+00:00,4140.841963482002,454.1666700470855,3686.6752934349165,0.0,454.1666700470855
2025-12-09 07:00:00+00:00,4147.0780640520015,622.5402559083154,3524.537808143686,171.89601696241255,450.6442389459029
2025-12-09 08:00:00+00:00,4184.437281696,781.713340417347,3402.7239412786535,336.4589508128477,445.2543896044993
2025-12-09 09:00:00+00:00,4249.882446222002,919.9927318847806,3329.8897143372214,481.9497686976168,438.0429631871638
2025-12-09 10:00:00+00:00,4338.499633313999,1026.7067353166667,3311.792897997332,597.5780494913967,429.12868582526994
2025-12-09 11:00:00+00:00,4443.837236076,1093.0490341279688,3350.7882019480317,674.3503768774513,418.6986572505174
2025-12-09 12:00:00+00:00,4558.348918914,1112.8250207667763,3445.523898147224,705.8239952130515,407.00102555372484
2025-12-09 13:00:00+00:00,4673.910250715998,1083.0288814031612,3590.881369312837,688.6937021159735,394.3351792871877
2025-12-09 14:00:00+00:00,4782.373702680002,1004.1907500605821,3778.1829526194197,623.150917572417,381.03983248816513
2025-12-09 15:00:00+00:00,4876.124172149997,880.45162898967,3995.672543160327,512.9721273211766,367.4795016684934
2025-12-09 16:00:00+00:00,4948.597223514002,719.3476553761216,4229.2495681378805,365.31772759000853,354.02992778611303
2025-12-09 17:00:00+00:00,4994.724684852001,531.312300132129,4463.412384719872,190.24926325490728,341.0630368772218
2025-12-09 18:00:00+00:00,5011.2773166960005,328.9320507715897,4682.345265924411,0.0,328.9320507715897
2025-12-09 19:00:00+00:00,4997.0812897740025,317.95736818548147,4679.123921588521,0.0,317.95736818548147
2025-12-09 20:00:00+00:00,4953.0937562399995,308.4137802978634,4644.6799759421365,0.0,308.4137802978634
2025-12-09 21:00:00+00:00,4882.332525798001,300.51955238522953,4581.8129734127715,0.0,300.51955238522953
2025-12-09 22:00:00+00:00,4789.664720778001,294.4278136319477,4495.2369071460525,0.0,294.4278136319477
2025-12-09 23:00:00+00:00,4681.468994159997,290.22061368919583,4391.248380470802,0.0,290.22061368919583
2025-12-10 00:00:00+00:00,4569.742116450002,287.90587369487133,4281.836242755131,0.0,287.90587369487133
2025-12-10 01:00:00+00:00,4453.394135442001,287.417378880332,4165.976756561669,0.0,287.417378880332
2025-12-10 02:00:00+00:00,4344.9823595220005,288.61778762688687,4056.364571895114,0.0,288.61778762688687
2025-12-10 03:00:00+00:00,4251.968530320001,291.3045542057342,3960.663976114267,0.0,291.3045542057342
2025-12-10 04:00:00+00:00,4180.752027228001,295.2185064372749,3885.533520790726,0.0,295.2185064372749
2025-12-10 05:00:00+00:00,4136.228296409999,300.0547396585314,3836.173556751467,0.0,300.0547396585314
2025-12-10 06:00:00+00:00,4121.450360412001,305.4753708345775,3815.9749895774235,0.0,305.4753708345775
2025-12-10 07:00:00+00:00,4137.416633322001,500.54624613182716,3636.870387190174,189.4226145426179,311.12363158920925
2025-12-10 08:00:00+00:00,4182.999587298,681.6780063269222,3501.3215809710778,365.03927767100333,316.63872865591884
2025-12-10 09:00:00+00:00,4255.020208152001,836.8603720985062,3418.159836053495,515.1895132505198,321.67085884798644
2025-12-10 10:00:00+00:00,4348.463234429999,955.923456206868,3392.539778223131,630.0276972143,325.895758992568
2025-12-10 11:00:00+00:00,4456.818528119999,1031.138759484253,3425.6797686357468,702.1105542016004,329.0282052826525
2025-12-10 12:00:00+00:00,4572.525364764,1057.6506392113633,3514.874725552637,726.8167412701512,330.8338979412121
2025-12-10 13:00:00+00:00,4687.489299948001,1033.7253472537097,3653.763952694291,702.5860944000351,331.1392528536747
2025-12-10 14:00:00+00:00,4793.636399328,960.8154911398478,3832.8209081881523,630.9767990790355,329.8386920608123
2025-12-10 15:00:00+00:00,4883.466976584001,843.4461461902397,4040.020830393761,516.5470036332805,326.89914255695913
2025-12-10 16:00:00+00:00,4950.57101763,688.934894282934,4261.636123347066,366.5733475500699,322.36154673286416
2025-12-10 17:00:00+00:00,4990.070112173999,506.9624530210602,4483.107659152939,190.6231143960884,316.3393386249718
2025-12-10 18:00:00+00:00,4998.955579296001,309.0139288520339,4689.941650443967,0.0,309.0139288520339
2025-12-10 19:00:00+00:00,4976.299676627996,300.62740229300687,4675.672274334989,0.0,300.62740229300687
2025-12-10 20:00:00+00:00,4923.325347317999,291.4727138860377,4631.852633431961,0.0,291.4727138860377
2025-12-10 21:00:00+00:00,4843.329550121999,281.8817840025148,4561.447766119484,0.0,281.8817840025148
2025-12-10 22:00:00+00:00,4741.465309685998,272.2119946591549,4469.253315026844,0.0,272.2119946591549
2025-12-10 23:00:00+00:00,4624.397134643999,262.8316166648119,4361.5655179791875,0.0,262.8316166648119
2025-12-11 00:00:00+00:00,4504.303314924,254.10478799645148,4250.198526927548,0.0,254.10478799645148
2025-12-11 01:00:00+00:00,4380.554418324001,246.37663856165884,4134.177779762342,0.0,246.37663856165884
2025-12-11 02:00:00+00:00,4265.856019614,239.95918164212415,4025.8968379718754,0.0,239.95918164212415
2025-12-11 03:00:00+00:00,4167.889982045998,235.118548692323,3932.771433353675,0.0,235.118548692323
2025-12-11 04:00:00+00:00,4093.244916390001,232.06408650018713,3861.180829889814,0.0,232.06408650018713
2025-12-11 05:00:00+00:00,4046.970083730002,230.93976104464286,3816.0303226853594,0.0,230.93976104464286
2025-12-11 06:00:00+00:00,4032.2331890820005,231.8182273624138,3800.4149617195867,0.0,231.8182273624138
2025-12-11 07:00:00+00:00,4050.1054392540013,449.056640155643,3601.0487990983584,214.35883445063126,234.69780570501175
2025-12-11 08:00:00+00:00,4099.4883937979985,656.5961287194614,3442.892265078537,417.09364422342117,239.5024844960402
2025-12-11 09:00:00+00:00,4177.187657034002,839.6736410513486,3337.5140159826533,593.5886931805152,246.08494787083342
2025-12-11 10:00:00+00:00,4278.128358924001,984.964738008887,3293.163620915114,730.7322188913671,254.23251911751987
2025-12-11 11:00:00+00:00,4395.697866252,1078.7016405841407,3316.996225667859,815.0258867219602,263.67575386218044
2025-12-11 12:00:00+00:00,4522.192342205997,1117.8762407165193,3404.3161014894777,843.7768874577789,274.09935325874045
2025-12-11 13:00:00+00:00,4649.336904659998,1100.1808225661825,3549.1560820938157,815.0258867219602,285.1549358442223
2025-12-11 14:00:00+00:00,4768.843979424003,1027.2073686832568,3741.636610740746,730.7322188913671,296.4751497918898
2025-12-11 15:00:00+00:00,4872.971946192,904.3289127242041,3968.643033467796,596.6403586608559,307.6885540633482
2025-12-11 16:00:00+00:00,4955.046174918001,740.323091883925,4214.723083034076,421.8884429794455,318.43464890447956
2025-12-11 17:00:00+00:00,5009.907031919998,546.7639774990652,4463.143054420933,218.38552806110428,328.3784494379609
2025-12-11 18:00:00+00:00,5034.254525412003,337.2239975837616,4697.030527828241,0.0,337.2239975837616
2025-12-11 19:00:00+00:00,5026.866267948005,344.7262740783525,4682.139993869652,0.0,344.7262740783525
2025-12-11 20:00:00+00:00,4988.674023312,350.7010011970672,4637.973022114933,0.0,350.7010011970672
2025-12-11 21:00:00+00:00,4922.693785631997,355.0319591233981,4567.661826508599,0.0,355.0319591233981
2025-12-11 22:00:00+00:00,4833.814332647998,357.6754980550805,4476.138834592917,0.0,357.6754980550805
2025-12-11 23:00:00+00:00,4728.458756531998,358.66207304470043,4369.796683487298,0.0,358.66207304470043
2025-12-12 00:00:00+00:00,4618.493539002002,358.09473429616855,4260.398804705834,0.0,358.09473429616855
2025-12-12 01:00:00+00:00,4503.307174547999,356.1446328024571,4147.1625417455425,0.0,356.1446328024571
2025-12-12 02:00:00+00:00,4395.364211742,353.0437365066451,4042.3204752353554,0.0,353.0437365066451
2025-12-12 03:00:00+00:00,4302.24501126,349.0750438447268,3953.1699674152733,0.0,349.0750438447268
2025-12-12 04:00:00+00:00,4230.479716385999,344.5606968634844,3885.919019522515,0.0,344.5606968634844
2025-12-12 05:00:00+00:00,4185.103436892001,339.8484929584193,3845.2549439335817,0.0,339.8484929584193
2025-12-12 06:00:00+00:00,4169.31434808,335.29733420033807,3834.017013879662,0.0,335.29733420033807
2025-12-12 07:00:00+00:00,4184.257925694001,518.3140964234315,3665.943829270569,187.0518788828889,331.2622175405425
2025-12-12 08:00:00+00:00,4228.952015232,684.1775446259519,3544.7744706060485,356.09816804811885,328.0793765778331
2025-12-12 09:00:00+00:00,4300.357741218,822.5263330824208,3477.8314081355793,496.4741401186265,326.0521929637943
2025-12-12 10:00:00+00:00,4393.59128481,925.2448083628187,3468.346476447181,599.8063668107808,325.4384415520379
2025-12-12 11:00:00+00:00,4502.26205604,986.8682372844289,3515.3938187555714,660.428832721059,326.43940456336986
2025-12-12 12:00:00+00:00,4618.914014526001,1004.7894606338882,3614.1245538921125,675.5981711433669,329.1912894905213
2025-12-12 13:00:00+00:00,4735.539952584003,979.2763874327504,3756.263565151253,645.5170722026292,333.75931523012133
2025-12-12 14:00:00+00:00,4844.133549108,913.3210449384762,3930.812504169524,573.1863456088996,340.1346993295767
2025-12-12 15:00:00+00:00,4937.241364062001,812.3475853510749,4124.893778710926,464.11291479546236,348.2346705556125
2025-12-12 16:00:00+00:00,5008.4770918979975,683.8091848744853,4324.667907023512,325.90366773944857,357.9055171350367
2025-12-12 17:00:00+00:00,5052.962771976003,536.7028809872934,4516.259890988709,167.774349312838,368.9285316744554
2025-12-12 18:00:00+00:00,5067.666803850001,381.0286228285794,4686.638181021422,0.0,381.0286228285794
2025-12-12 19:00:00+00:00,5051.615584889999,393.88523366539715,4657.730351224602,0.0,393.88523366539715
2025-12-12 20:00:00+00:00,5005.964190486001,407.1451260899684,4598.819064396032,0.0,407.1451260899684
2025-12-12 21:00:00+00:00,4933.921218534,420.43650123015357,4513.484717303847,0.0,420.43650123015357
2025-12-12 22:00:00+00:00,4840.532808006002,433.38388798197246,4407.148920024029,0.0,433.38388798197246
2025-12-12 23:00:00+00:00,4732.340432567999,445.62317794149635,4286.717254626503,0.0,445.62317794149635
2025-12-13 00:00:00+00:00,4243.038458568001,456.8162115659052,3786.222247002096,0.0,456.8162115659052
2025-12-13 01:00:00+00:00,4128.546017442,466.6642923119642,3661.881725130036,0.0,466.6642923119642
2025-12-13 02:00:00+00:00,4023.067660878,474.9201008732096,3548.14756000479,0.0,474.9201008732096
2025-12-13 03:00:00+00:00,3934.128450839998,481.3975097315256,3452.7309411084725,0.0,481.3975097315256
2025-12-13 04:00:00+00:00,3868.160464056,485.9788936118323,3382.181570444168,0.0,485.9788936118323
2025-12-13 05:00:00+00:00,3830.0602708200013,488.61965267805874,3341.4406181419427,0.0,488.61965267805874
2025-12-13 06:00:00+00:00,3822.850291890001,489.34974219846987,3333.500549691531,0.0,489.34974219846987
2025-12-13 07:00:00+00:00,3847.467173592001,662.5183828764553,3184.948790715546,174.24621485903424,488.2721680174211
2025-12-13 08:00:00+00:00,3902.6917651259996,824.0298530061921,3078.6619121198073,338.4713608130965,485.5584921930956
2025-12-13 09:00:00+00:00,3985.2255721319975,962.5242651599499,3022.701306972048,481.0827189587039,481.44154620124607
2025-12-13 10:00:00+00:00,4089.908697923999,1068.0318500019057,3021.8768479220935,591.8262062632288,476.20564373867694
2025-12-13 11:00:00+00:00,4210.064455085999,1132.753023337987,3077.3114317480117,662.5783280182183,470.1746953197687
2025-12-13 12:00:00+00:00,4337.947447931998,1151.6966744448505,3186.2507734871474,687.9979647810035,463.698709663847
2025-12-13 13:00:00+00:00,4465.264676753997,1123.1161398533625,3342.148536900635,665.9768931349648,457.1392467183976
2025-12-13 14:00:00+00:00,4583.734298303999,1048.6981399087306,3535.036158395268,597.8437438736887,450.85439603504193
2025-12-13 15:00:00+00:00,4685.644144482002,933.4813908551378,3752.1627536268643,488.2974693612933,445.1839214938444
2025-12-13 16:00:00+00:00,4764.372058781998,785.5061060250687,3978.8659527569293,345.0709481029898,440.4351579220789
2025-12-13 17:00:00+00:00,4814.832689184001,615.2207516717447,4199.611937512256,178.3504969069242,436.8702547648205
2025-12-13 18:00:00+00:00,4833.820419918001,434.6952813782018,4399.125138539799,0.0,434.6952813782018
2025-12-13 19:00:00+00:00,4820.225111099999,434.0516353229058,4386.173475777093,0.0,434.0516353229058
2025-12-13 20:00:00+00:00,4775.106066486001,435.0101218422067,4340.095944643794,0.0,435.0101218422067
2025-12-13 21:00:00+00:00,4701.619147428001,437.56792558300435,4264.051221844997,0.0,437.56792558300435
2025-12-13 22:00:00+00:00,4604.802097980001,441.6486216857135,4163.153476294287,0.0,441.6486216857135
2025-12-13 23:00:00+00:00,4491.232605762001,447.1052033239027,4044.1274024380987,0.0,447.1052033239027
2025-12-14 00:00:00+00:00,4372.732382424,453.72602218805383,3919.0063602359464,0.0,453.72602218805383
2025-12-14 01:00:00+00:00,4249.247936346,461.24338241004654,3788.004553935953,0.0,461.24338241004654
2025-12-14 02:00:00+00:00,4133.192381850003,469.3444500564205,3663.847931793582,0.0,469.3444500564205
2025-12-14 03:00:00+00:00,4032.2875291020005,477.68402054767245,3554.603508554328,0.0,477.68402054767245
2025-12-14 04:00:00+00:00,3953.193152663999,485.8986264754454,3467.294526188554,0.0,485.8986264754454
2025-12-14 05:00:00+00:00,3901.0592441520007,493.621410622043,3407.4378335299575,0.0,493.621410622043
2025-12-14 06:00:00+00:00,3879.181455786,500.49714758445447,3378.6843082015453,0.0,500.49714758445447
2025-12-14 07:00:00+00:00,3888.7832058179993,672.4057214190566,3216.3774843989427,166.2089107061178,506.1968107129388
2025-12-14 08:00:00+00:00,3928.938961962001,830.6355526281039,3098.303409333897,320.2044789471439,510.43107368096
2025-12-14 09:00:00+00:00,3996.643945938001,965.06801882082,3031.575927117181,452.1058133209205,512.9622054998996
2025-12-14 10:00:00+00:00,4087.0252281180015,1067.1359829769121,3019.8892451410893,553.5221134321238,513.6138695447884
2025-12-14 11:00:00+00:00,4193.679721602,1130.2832114671683,3063.396510134832,618.004794462669,512.2784170044991
2025-12-14 12:00:00+00:00,4309.115944098,1150.3043329143052,3158.811611183695,641.3829427983857,508.92139011591945
2025-12-14 13:00:00+00:00,4425.269238516002,1125.5602114110447,3299.709027104957,621.9771743682845,503.5830370427602
2025-12-14 14:00:00+00:00,4534.055277612,1057.0673753325152,3476.987902279485,560.6905901649826,496.37678516753266
2025-12-14 15:00:00+00:00,4627.924056461999,948.4618336866699,3679.462222775329,460.97710174390244,487.48473194276755
2025-12-14 16:00:00+00:00,4700.376500189998,805.8379924225317,3894.5385077674664,328.6876528109233,477.15033961160844
2025-12-14 17:00:00+00:00,4746.408478349999,637.4637279426718,4108.944750407328,171.79510432913276,465.66862361353907
2025-12-14 18:00:00+00:00,4762.851899903999,453.37425461236677,4309.477645291632,0.0,453.37425461236677
2025-12-14 19:00:00+00:00,4748.589702024001,440.62803918246595,4307.961662841535,0.0,440.62803918246595
2025-12-14 20:00:00+00:00,4704.630046914001,427.8023506522153,4276.827696261786,0.0,427.8023506522153
2025-12-14 21:00:00+00:00,4634.034742301999,415.2660912148035,4218.768651087195,0.0,415.2660912148035
2025-12-14 22:00:00+00:00,4541.706848741999,403.36981743006226,4138.337031311937,0.0,403.36981743006226
2025-12-14 23:00:00+00:00,4434.052002575999,392.4316168814329,4041.620385694566,0.0,392.4316168814329
2025-12-15 00:00:00+00:00,4700.7327178979995,382.72433188475907,4318.00838601324,0.0,382.72433188475907
2025-12-15 01:00:00+00:00,4585.369682627998,374.4646477770456,4210.905034850953,0.0,374.4646477770456
2025-12-15 02:00:00+00:00,4478.1657059160025,367.8044812481531,4110.3612246678495,0.0,367.8044812481531
2025-12-15 03:00:00+00:00,4386.569523420001,362.8250413356892,4023.744482084312,0.0,362.8250413356892
2025-12-15 04:00:00+00:00,4316.957662878001,359.53378266289656,3957.423880215105,0.0,359.53378266289656
2025-12-15 05:00:00+00:00,4274.193424578,357.86439804539305,3916.3290265326073,0.0,357.86439804539305
2025-12-15 06:00:00+00:00,4261.289141801999,357.6798290263146,3903.6093127756844,0.0,357.6798290263146
2025-12-15 07:00:00+00:00,4279.194988613999,566.5622985914844,3712.632690022515,207.7841107145567,358.77818787692763
2025-12-15 08:00:00+00:00,4326.728800211999,766.7278632725347,3560.0009369394647,405.82652875591856,360.9013345166162
2025-12-15 09:00:00+00:00,4400.651843532,943.3604067438287,3457.2914367881717,579.6146384815058,363.7457682623229
2025-12-15 10:00:00+00:00,4495.885490123999,1083.058928149247,3412.826561974752,716.0835476879195,366.97538046132763
2025-12-15 11:00:00+00:00,4605.854126706002,1174.9137389624693,3430.9403877435325,804.6781951371813,370.23554382528806
2025-12-15 12:00:00+00:00,4722.931036026002,1211.4091680093754,3511.521868016627,838.2411958674872,373.16797214188824
2025-12-15 13:00:00+00:00,4838.956866828001,1187.6284373590431,3651.3284294689574,812.2027117253501,375.425725633693
2025-12-15 14:00:00+00:00,4945.795437660001,1104.888791143113,3840.906646516888,728.2010287722252,376.6877623708878
2025-12-15 15:00:00+00:00,5035.889031642002,971.2460772173029,4064.6429544246994,594.5736499446294,376.6724272726734
2025-12-15 16:00:00+00:00,5102.775250230003,795.5763932488858,4307.1988569811165,420.4270601740999,375.14933307478594
2025-12-15 17:00:00+00:00,5141.530234343999,589.5782033718913,4551.952030972107,217.62906028183272,371.94914309005856
2025-12-15 18:00:00+00:00,5149.107977705999,366.97085948333216,4782.137118222667,0.0,366.97085948333216
2025-12-15 19:00:00+00:00,5124.552498954001,360.18630728315526,4764.366191670845,0.0,360.18630728315526
2025-12-15 20:00:00+00:00,5069.068322471999,351.6416411280064,4717.426681343993,0.0,351.6416411280064
2025-12-15 21:00:00+00:00,4985.944389636,341.4558111650128,4644.488578470987,0.0,341.4558111650128
2025-12-15 22:00:00+00:00,4880.336384825999,329.8160383753246,4550.520346450674,0.0,329.8160383753246
2025-12-15 23:00:00+00:00,4758.922204428,316.9705019014493,4441.951702526551,0.0,316.9705019014493
2025-12-16 00:00:00+00:00,4633.397462399999,303.2185244956755,4330.178937904324,0.0,303.2185244956755
2025-12-16 01:00:00+00:00,4504.179995742002,288.89865828288595,4215.281337459116,0.0,288.89865828288595
2025-12-16 02:00:00+00:00,4383.512254632,274.375164707475,4109.137089924525,0.0,274.375164707475
2025-12-16 03:00:00+00:00,4279.128147420002,260.02343724420103,4019.1047101758013,0.0,260.02343724420103
2025-12-16 04:00:00+00:00,4197.675812862001,246.21495907303637,3951.460853788965,0.0,246.21495907303637
2025-12-16 05:00:00+00:00,4144.270250316001,233.30242044841503,3910.967829867586,0.0,233.30242044841503
2025-12-16 06:00:00+00:00,4122.149764404,221.60559757417803,3900.544166829822,0.0,221.60559757417803
2025-12-16 07:00:00+00:00,4132.459470299999,410.0850950989528,3722.3743752010464,198.6865261798473,211.3985689191055
2025-12-16 08:00:00+00:00,4174.176609077998,583.3483119021046,3590.8282971758936,380.44950987507985,202.89880202702477
2025-12-16 09:00:00+00:00,4244.182581114002,729.8172503191925,3514.365330794809,533.5587092100138,196.25854110917857
2025-12-16 10:00:00+00:00,4337.476857420002,839.9934679985074,3497.4833894214944,648.4346006987167,191.55886729979065
2025-12-16 11:00:00+00:00,4447.518074622001,906.9851660533953,3540.5329085686058,718.1785119414642,188.80665411193118
2025-12-16 12:00:00+00:00,4566.669122568002,926.8514695436868,3639.8176530243154,738.9169131960593,187.9345563476275
2025-12-16 13:00:00+00:00,4686.71588154,898.7591833667084,3787.9566981732914,709.9551568190938,188.80402654761463
2025-12-16 14:00:00+00:00,4799.424332598001,824.9571184385941,3974.4672141594065,633.7458807073211,191.2112377312729
2025-12-16 15:00:00+00:00,4897.098130302,710.5801445290778,4186.517985772922,515.6844790371804,194.89566549189735
2025-12-16 16:00:00+00:00,4973.098735542001,563.2999658791713,4409.79876966283,363.74898243640354,199.55098344276772
2025-12-16 17:00:00+00:00,5022.292772615999,392.84291775969945,4629.4498548563,188.00509969179444,204.837818067905
2025-12-16 18:00:00+00:00,5041.396216626003,210.39784840667502,4830.998368219328,0.0,210.39784840667502
2025-12-16 19:00:00+00:00,5029.192181999999,215.8686694620664,4813.323512537932,0.0,215.8686694620664
2025-12-16 20:00:00+00:00,4986.607490591999,220.89880421347831,4765.708686378521,0.0,220.89880421347831
2025-12-16 21:00:00+00:00,4916.643085913999,225.16226611934917,4691.4808197946495,0.0,225.16226611934917
2025-12-16 22:00:00+00:00,4824.163086960002,228.37205477248455,4595.791032187518,0.0,228.37205477248455
2025-12-16 23:00:00+00:00,4715.557091069996,230.29204573948806,4485.265045330508,0.0,230.29204573948806
2025-12-17 00:00:00+00:00,4602.137451744,230.74678736851592,4371.3906643754835,0.0,230.74678736851592
2025-12-17 01:00:00+00:00,4484.270088143999,229.62879423946887,4254.641293904529,0.0,229.62879423946887
2025-12-17 02:00:00+00:00,4373.853280020001,226.90304596221017,4146.950234057791,0.0,226.90304596221017
2025-12-17 03:00:00+00:00,4278.409908947999,222.60850796998093,4055.8014009780177,0.0,222.60850796998093
2025-12-17 04:00:00+00:00,4204.410157542001,216.85660629002942,3987.5535512519714,0.0,216.85660629002942
2025-12-17 05:00:00+00:00,4156.828313778002,209.82671691617801,3947.0015968618236,0.0,209.82671691617801
2025-12-17 06:00:00+00:00,4138.802439575999,201.75887161930567,3937.0435679566936,0.0,201.75887161930567
2025-12-17 07:00:00+00:00,4151.4202134299985,385.50191822459817,3765.9182952054,192.5579674355678,192.94395078903037
2025-12-17 08:00:00+00:00,4193.645501388,555.6695717754811,3637.9759296125194,371.95778335648436,183.71178841899678
2025-12-17 09:00:00+00:00,4262.390712846003,699.935288663674,3562.4554241823294,525.5176188660589,174.41766979761508
2025-12-17 10:00:00+00:00,4352.729888934,807.818217919654,3544.911671014346,642.390454828829,165.427763090825
2025-12-17 11:00:00+00:00,4458.238011612001,871.50144211378,3586.7365694982213,714.3973421777312,157.10409993604875
2025-12-17 12:00:00+00:00,4571.433300042001,886.4478183313255,3684.9854817106757,736.658109994042,149.78970833728354
2025-12-17 13:00:00+00:00,4684.292253018,851.7568788655351,3832.535374152465,707.9623747569482,143.79450410858698
2025-12-17 14:00:00+00:00,4788.802224611998,770.2290713053526,4018.5731533066455,630.8465397179876,139.38253158736498
2025-12-17 15:00:00+00:00,4877.513758026001,648.1303732185836,4229.383384807417,511.3693109448894,136.76106227369425
2025-12-17 16:00:00+00:00,4944.0548347680015,494.67817419287405,4449.376660575127,358.6061673724281,136.07200682044598
2025-12-17 17:00:00+00:00,4983.571928117998,321.295202291999,4662.276725825999,183.9092159132586,137.38598637874037
2025-12-17 18:00:00+00:00,4993.067577246002,140.69931097291501,4852.368266273087,0.0,140.69931097291501
2025-12-17 19:00:00+00:00,4971.611350355999,145.93398763311032,4825.677362722889,0.0,145.93398763311032
2025-12-17 20:00:00+00:00,4920.409655279999,152.94075384951535,4767.468901430484,0.0,152.94075384951535
2025-12-17 21:00:00+00:00,4842.729493770001,161.50502027410587,4681.224473495895,0.0,161.50502027410587
2025-12-17 22:00:00+00:00,4743.681215952,171.35547129906155,4572.325744652938,0.0,171.35547129906155
2025-12-17 23:00:00+00:00,4629.874960746,182.1749797253096,4447.699981020691,0.0,182.1749797253096
2025-12-18 00:00:00+00:00,4512.706615116001,193.61338305373337,4319.093232062267,0.0,193.61338305373337
2025-12-18 01:00:00+00:00,4392.9084034080015,205.30159795629407,4187.606805451707,0.0,205.30159795629407
2025-12-18 02:00:00+00:00,4282.387500845999,216.8665058640864,4065.5209949819127,0.0,216.8665058640864
2025-12-18 03:00:00+00:00,4188.7398023099995,227.94598642057787,3960.7938158894217,0.0,227.94598642057787
2025-12-18 04:00:00+00:00,4118.46477294,238.2034910741264,3880.261281865874,0.0,238.2034910741264
2025-12-18 05:00:00+00:00,4076.5214379959993,247.3415646097152,3829.1798733862843,0.0,247.3415646097152
2025-12-18 06:00:00+00:00,4065.9883526219996,255.11375273220608,3810.8745998897934,0.0,255.11375273220608
2025-12-18 07:00:00+00:00,4087.8507128339998,416.89357313904054,3670.957139694959,155.5591602177545,261.33441292128606
2025-12-18 08:00:00+00:00,4140.929276568,564.2058571734258,3576.723419394574,298.31982859064055,265.8860285827853
2025-12-18 09:00:00+00:00,4221.955939152,688.2117001684201,3533.7442389835796,419.4879708810735,268.7237292873466
2025-12-18 10:00:00+00:00,4325.790991578,781.622747190348,3544.168244387652,511.7459245366183,269.87682265372973
2025-12-18 11:00:00+00:00,4445.767320624,839.0429121545434,3606.724408469456,569.5956245519551,269.4472876025883
2025-12-18 12:00:00+00:00,4574.138304666,857.2073462376727,3716.9309584283274,589.602058850206,267.60528738746666
2025-12-18 13:00:00+00:00,4702.5989603459975,835.1220301326878,3867.47693021331,570.5401488127984,264.5818813198893
2025-12-18 14:00:00+00:00,4822.845033929999,774.1076837344062,4048.7373501955926,513.4484439435852,260.6592397908211
2025-12-18 15:00:00+00:00,4927.132037519998,677.7497526819741,4249.382284838024,421.59098716084895,256.1587655211251
2025-12-18 16:00:00+00:00,5008.796378754005,551.753379986558,4457.042998767447,300.32577838369383,251.42760160286414
2025-12-18 17:00:00+00:00,5062.703112390001,403.7000845619141,4659.0030278280865,156.876002257375,246.82408230453908
2025-12-18 18:00:00+00:00,5085.590021651999,242.70272401560422,4842.8872976363955,0.0,242.70272401560422
2025-12-18 19:00:00+00:00,5076.284715305998,239.39937144942664,4836.885343856572,0.0,239.39937144942664
2025-12-18 20:00:00+00:00,5035.779995273999,237.21710756991942,4798.562887704079,0.0,237.21710756991942
2025-12-18 21:00:00+00:00,4967.162544371999,236.41349726213335,4730.749047109865,0.0,236.41349726213335
2025-12-18 22:00:00+00:00,4875.399812471998,237.1897044547273,4638.210108017271,0.0,237.1897044547273
2025-12-18 23:00:00+00:00,4766.9997147779995,239.68191224267707,4527.317802535323,0.0,239.68191224267707
2025-12-19 00:00:00+00:00,4653.191694900003,243.95540458329265,4409.23629031671,0.0,243.95540458329265
2025-12-19 01:00:00+00:00,4534.907427540001,250.00155502174974,4284.905872518251,0.0,250.00155502174974
2025-12-19 02:00:00+00:00,4423.976493257998,257.7378407382823,4166.238652519716,0.0,257.7378407382823
2025-12-19 03:00:00+00:00,4328.068177775999,267.0108900496209,4061.0572877263785,0.0,267.0108900496209
2025-12-19 04:00:00+00:00,4253.797307424,277.60242363207914,3976.194883791921,0.0,277.60242363207914
2025-12-19 05:00:00+00:00,4206.2774732160005,289.2378706258146,3917.039602590186,0.0,289.2378706258146
2025-12-19 06:00:00+00:00,4188.7772718960005,301.59728182472134,3887.179990071279,0.0,301.59728182472134
2025-12-19 07:00:00+00:00,4202.502933131998,504.7449492740001,3697.757983857998,190.4168344344511,314.32811483954896
2025-12-19 08:00:00+00:00,4246.5219338219995,699.0604062596826,3547.461527562317,372.0010532547023,327.0593530049803
2025-12-19 09:00:00+00:00,4317.832762025999,870.8654827952595,3446.967279230739,531.4490918275728,339.41639096768665
2025-12-19 10:00:00+00:00,4411.575824964001,1007.8186339319598,3403.757191032041,656.7825598777852,351.03607405417466
2025-12-19 11:00:00+00:00,4521.371048586002,1099.8987437624573,3421.4723048235446,738.3174704205015,361.5812733419558
2025-12-19 12:00:00+00:00,4639.758960732,1140.2246260198808,3499.534334712119,769.4702203072515,370.75440571262925
2025-12-19 13:00:00+00:00,4758.7150506,1125.6345095365778,3633.080541063422,747.3251651441389,378.3093443924389
2025-12-19 14:00:00+00:00,4870.202221374,1056.9709782823365,3813.2312430916636,672.909752171746,384.0612261105906
2025-12-19 15:00:00+00:00,4966.723531308001,939.0436665575955,4027.6798647504056,551.1498968710702,387.89376968652545
2025-12-19 16:00:00+00:00,5041.837431287996,780.2718856215652,4261.565545666431,390.50810044286493,389.7637851787002
2025-12-19 17:00:00+00:00,5090.600294514002,592.0388442527252,4498.561450261276,202.33613404887754,389.7027102038477
2025-12-19 18:00:00+00:00,5109.905958906,387.815098015472,4722.090860890527,0.0,387.815098015472
2025-12-19 19:00:00+00:00,5098.699103945999,384.2741209236082,4714.424983022391,0.0,384.2741209236082
2025-12-19 20:00:00+00:00,5058.047856749998,379.31428201991207,4678.733574730086,0.0,379.31428201991207
2025-12-19 21:00:00+00:00,4991.070651504001,373.22162428451276,4617.849027219489,0.0,373.22162428451276
2025-12-19 22:00:00+00:00,4902.722364791999,366.32183926793016,4536.400525524069,0.0,366.32183926793016
2025-12-19 23:00:00+00:00,4799.454251424001,358.9667729143987,4440.487478509603,0.0,358.9667729143987
2025-12-20 00:00:00+00:00,4314.139384127999,351.5198660165425,3962.6195181114563,0.0,351.5198660165425
2025-12-20 01:00:00+00:00,4204.083400524001,344.3411362879801,3859.742264236021,0.0,344.3411362879801
2025-12-20 02:00:00+00:00,4102.6818307859985,337.7723134763946,3764.909517309604,0.0,337.7723134763946
2025-12-20 03:00:00+00:00,4017.393752568,332.1227396789305,3685.2710128890694,0.0,332.1227396789305
2025-12-20 04:00:00+00:00,3954.5956130100017,327.65660414087387,3626.939008869128,0.0,327.65660414087387
2025-12-20 05:00:00+00:00,3919.140039528,324.5820426343008,3594.5579968936995,0.0,324.5820426343008
2025-12-20 06:00:00+00:00,3914.018163887999,323.04255240550503,3590.975611482494,0.0,323.04255240550503
2025-12-20 07:00:00+00:00,3940.1487735960022,517.7388807235441,3422.409892872458,194.627826814329,323.11105390921506
2025-12-20 08:00:00+00:00,3996.308645532,700.2252285328427,3296.083416999157,375.4383571313019,324.7868714015408
2025-12-20 09:00:00+00:00,4079.209122533999,858.5682188986688,3220.6409036353302,530.5724881766729,327.99573072199587
2025-12-20 10:00:00+00:00,4183.7137831439995,982.4780502701265,3201.235732873873,649.8852619583387,332.59278831178784
2025-12-20 11:00:00+00:00,4303.182501744002,1063.916843861283,3239.265657882719,725.5482773389857,338.3685665222973
2025-12-20 12:00:00+00:00,4429.918661406001,1097.5713210946353,3332.3473403113658,752.5137787303552,345.05754236428015
2025-12-20 13:00:00+00:00,4555.689083106001,1081.170429083384,3474.518654022617,728.8213750395576,352.3490540438264
2025-12-20 14:00:00+00:00,4672.281386346002,1015.6339553268781,3656.6474310191243,655.7338913811762,359.9000639457019
2025-12-20 15:00:00+00:00,4772.060866188,905.0431475717389,3867.017718616261,537.6938833391797,367.34926423255916
2025-12-20 16:00:00+00:00,4848.488967461996,756.4298244249486,4092.0591430370478,382.0978819537551,374.3319424711935
2025-12-20 17:00:00+00:00,4896.568147548001,579.386917559703,4317.181229988299,198.8919143031363,380.4950032565667
2025-12-20 18:00:00+00:00,4913.182674413998,385.51152775713354,4527.671146656865,0.0,385.51152775713354
2025-12-20 19:00:00+00:00,4897.312300397998,389.09427306679794,4508.218027331201,0.0,389.09427306679794
2025-12-20 20:00:00+00:00,4850.104062300002,391.0075650016483,4459.096497298354,0.0,391.0075650016483
2025-12-20 21:00:00+00:00,4774.79734221,391.07708973243035,4383.72025247757,0.0,391.07708973243035
2025-12-20 22:00:00+00:00,4676.507203116,389.19718575608744,4287.310017359912,0.0,389.19718575608744
2025-12-20 23:00:00+00:00,4561.880621465996,385.3353434333039,4176.545278032692,0.0,385.3353434333039
2025-12-21 00:00:00+00:00,4442.056758384001,379.5337161706843,4062.523042213317,0.0,379.5337161706843
2025-12-21 01:00:00+00:00,4318.5149901600025,371.90758927677444,3946.607400883228,0.0,371.90758927677444
2025-12-21 02:00:00+00:00,4202.962536864,362.64086859530346,3840.3216682686966,0.0,362.64086859530346
2025-12-21 03:00:00+00:00,4103.14436574,351.97876931116906,3751.1655964288307,0.0,351.97876931116906
2025-12-21 04:00:00+00:00,4025.7297279780014,340.21800583481706,3685.511722143184,0.0,340.21800583481706
2025-12-21 05:00:00+00:00,3975.864152610001,327.6948864369658,3648.169266173035,0.0,327.6948864369658
2025-12-21 06:00:00+00:00,3956.8250003519993,314.7717909775454,3642.053209374454,0.0,314.7717909775454
2025-12-21 07:00:00+00:00,3969.803942327999,515.2240447249378,3454.579897603061,213.40144223647627,301.82260248846154
2025-12-21 08:00:00+00:00,4013.831002818,701.2984693600206,3312.5325334579793,412.0808067295533,289.2176626304674
2025-12-21 09:00:00+00:00,4085.8452521879985,859.1185507432106,3226.726701444788,581.8096565055176,277.30889423769287
2025-12-21 10:00:00+00:00,4180.90720383,976.9167537581361,3203.990450071864,710.5010743048718,266.4156794532642
2025-12-21 11:00:00+00:00,4292.538365051999,1045.9617122438683,3246.5766528081303,789.1496347203807,256.8120775234876
2025-12-21 12:00:00+00:00,4413.164712726001,1061.2385220218707,3351.9261907041305,812.5226118925651,248.7159101293056
2025-12-21 13:00:00+00:00,4534.633856718002,1021.8216868710713,3512.8121698469304,779.5415349351022,242.2801519359691
2025-12-21 14:00:00+00:00,4648.770559481999,930.9087735297344,3717.8617859522647,693.3217915530428,237.58698197669167
2025-12-21 15:00:00+00:00,4747.93284105,795.5147288567123,3952.418112193288,560.8699845729157,234.64474428379657
2025-12-21 16:00:00+00:00,4825.530724727998,625.8584639054038,4199.672260822594,392.47053302118354,233.3879308842203
2025-12-21 17:00:00+00:00,4876.472359751999,434.5015411567496,4441.9708185952495,200.82134586479066,233.68019529195897
2025-12-21 18:00:00+00:00,4897.507143942002,235.32026859407313,4662.186875347928,0.0,235.32026859407313
2025-12-21 19:00:00+00:00,4887.442642614,238.05054154595686,4649.392101068043,0.0,238.05054154595686
2025-12-21 20:00:00+00:00,4847.220503412001,241.56794966684504,4605.652553745155,0.0,241.56794966684504
2025-12-21 21:00:00+00:00,4779.8464336140005,245.53672661191808,4534.309707002082,0.0,245.53672661191808
2025-12-21 22:00:00+00:00,4690.179097001999,249.60249350634257,4440.576603495657,0.0,249.60249350634257
2025-12-21 23:00:00+00:00,4584.5924633879995,253.40711569961593,4331.185347688383,0.0,253.40711569961593
2025-12-22 00:00:00+00:00,4851.9809182320005,256.60371108172455,4595.377207150276,0.0,256.60371108172455
2025-12-22 01:00:00+00:00,4737.460585956,258.87119779925456,4478.589388156745,0.0,258.87119779925456
2025-12-22 02:00:00+00:00,4630.493932176001,259.9277839961114,4370.56614817989,0.0,259.9277839961114
2025-12-22 03:00:00+00:00,4538.552947194003,259.5428509990185,4279.010096194984,0.0,259.5428509990185
2025-12-22 04:00:00+00:00,4468.050550865999,257.54673459942705,4210.503816266571,0.0,257.54673459942705
2025-12-22 05:00:00+00:00,4423.898669526,253.83801037112258,4170.060659154878,0.0,253.83801037112258
2025-12-22 06:00:00+00:00,4409.169389267999,248.38798433585825,4160.7814049321405,0.0,248.38798433585825
2025-12-22 07:00:00+00:00,4424.882300243999,405.11088390171756,4019.771416342282,163.86868641011762,241.2421974915999
2025-12-22 08:00:00+00:00,4469.932692329999,545.8204347021574,3924.1122576278412,313.3015452088911,232.5188894932663
2025-12-22 09:00:00+00:00,4541.165488943999,661.5623157513548,3879.603173192644,439.1578343799917,222.40448137136318
2025-12-22 10:00:00+00:00,4633.589955875999,745.1054480184165,3888.4845078575827,533.9591895950546,211.14625842336196
2025-12-22 11:00:00+00:00,4740.720516293999,791.2808826137398,3949.4396336802592,592.2383225156613,199.04256009807858
2025-12-22 12:00:00+00:00,4855.020514847997,797.2062334670247,4057.8142813809727,610.7753684478635,186.43086501916133
2025-12-22 13:00:00+00:00,4968.418562393998,762.3987540518685,4206.01980834213,588.724479423231,173.67427462863753
2025-12-22 14:00:00+00:00,5072.8622781899985,688.7808406988905,4384.081437491108,527.6339048011247,161.14693589776584
2025-12-22 15:00:00+00:00,5160.871573956,580.5806575158726,4580.290916440128,431.36165333870474,149.21900417716785
2025-12-22 16:00:00+00:00,5226.0536963039995,444.12899646491644,4781.924699839083,305.88723885614434,138.2417576087721
2025-12-22 17:00:00+00:00,5263.544818938,287.55272760813483,4975.992091329866,159.01924569276815,128.53348191536668
2025-12-22 18:00:00+00:00,5270.347905227999,120.36668819478314,5149.981217033216,0.0,120.36668819478314
2025-12-22 19:00:00+00:00,5245.5437349839995,113.95720120865656,5131.586533775343,0.0,113.95720120865656
2025-12-22 20:00:00+00:00,5190.360528402,109.45555288940093,5080.9049755126,0.0,109.45555288940093
2025-12-22 21:00:00+00:00,5108.097271914001,106.94103889914545,5001.156233014855,0.0,106.94103889914545
2025-12-22 22:00:00+00:00,5003.905798164,106.41868443616234,4897.487113727838,0.0,106.41868443616234
2025-12-22 23:00:00+00:00,4884.446365301999,107.8192309270004,4776.627134374999,0.0,107.8192309270004
2025-12-23 00:00:00+00:00,4760.626114019999,111.00215839084234,4649.623955629157,0.0,111.00215839084234
2025-12-23 01:00:00+00:00,4634.334006917996,115.76160891876874,4518.572397999227,0.0,115.76160891876874
2025-12-23 02:00:00+00:00,4516.999680311998,121.83497394430862,4395.16470636769,0.0,121.83497394430862
2025-12-23 03:00:00+00:00,4416.291300036,128.9137933861391,4287.377506649861,0.0,128.9137933861391
2025-12-23 04:00:00+00:00,4338.782426244,136.65651049884207,4202.125915745158,0.0,136.65651049884207
2025-12-23 05:00:00+00:00,4289.506399794003,144.70258190807047,4144.803817885932,0.0,144.70258190807047
2025-12-23 06:00:00+00:00,4271.614691568,152.68733584354493,4118.927355724455,0.0,152.68733584354493
2025-12-23 07:00:00+00:00,4286.162443920001,338.4885448749584,3947.673899045043,178.23154815457636,160.256996720382
2025-12-23 08:00:00+00:00,4332.035881571999,513.285195200781,3818.7506863712183,346.20195051636153,167.0832446844195
2025-12-23 09:00:00+00:00,4406.0265126780005,664.704086483483,3741.3224261945174,491.8273700406576,172.87671644282534
2025-12-23 10:00:00+00:00,4503.047110254,781.9187856066305,3721.128324647369,604.5198823705165,177.39890323611405
2025-12-23 11:00:00+00:00,4616.474851799998,856.4858181435358,3759.989033656462,676.0138712369607,180.47194690657514
2025-12-23 12:00:00+00:00,4738.5983200499995,883.0007516719498,3855.59756837805,701.0148146268552,181.98593704509463
2025-12-23 13:00:00+00:00,4861.137987888001,859.5167217854722,4001.6212661025284,677.6133031241882,181.903418661284
2025-12-23 14:00:00+00:00,4975.804872780001,787.6897209860547,4188.115151793946,607.4288087484846,180.26091223757004
2025-12-23 15:00:00+00:00,5074.859369369999,672.6401882086757,4402.219181161323,495.4727960122226,177.16739219645305
2025-12-23 16:00:00+00:00,5151.632438567999,522.5463748859863,4629.0860636820125,349.746588262349,172.79978662363735
2025-12-23 17:00:00+00:00,5200.973660315997,348.0087207354603,4852.964939580537,180.6130428322286,167.39567790323173
2025-12-23 18:00:00+00:00,5219.595845184001,161.24350664932112,5058.35233853468,0.0,161.24350664932112
2025-12-23 19:00:00+00:00,5206.292873796001,154.6706789092318,5051.62219488677,0.0,154.6706789092318
2025-12-23 20:00:00+00:00,5162.016069797997,148.0300653329222,5013.986004465075,0.0,148.0300653329222
2025-12-23 21:00:00+00:00,5089.8039905159985,141.68543940967987,4948.118551106319,0.0,141.68543940967987
2025-12-23 22:00:00+00:00,4994.570653590002,135.99646249803047,4858.574191091971,0.0,135.99646249803047
2025-12-23 23:00:00+00:00,4882.76665632,131.3038159815038,4751.462840338496,0.0,131.3038159815038
2025-12-24 00:00:00+00:00,4765.01032707,127.9151030626825,4637.0952240073175,0.0,127.9151030626825
2025-12-24 01:00:00+00:00,4643.275748412,126.09208799783795,4517.183660414163,0.0,126.09208799783795
2025-12-24 02:00:00+00:00,4528.781423838001,126.03980212951195,4402.741621708488,0.0,126.03980212951195
2025-12-24 03:00:00+00:00,4429.139397522,127.89795439798854,4301.241443124011,0.0,127.89795439798854
2025-12-24 04:00:00+00:00,4350.9111865800005,131.73501229798546,4219.176174282015,0.0,131.73501229798546
2025-12-24 05:00:00+00:00,4299.162417732,137.5451817322746,4161.617235999725,0.0,137.5451817322746
2025-12-24 06:00:00+00:00,4277.120400336003,145.24841440494112,4131.871985931061,0.0,145.24841440494112
2025-12-24 07:00:00+00:00,4285.957873469999,331.01225234122427,3954.9456211287747,176.31880071503176,154.6934516261925
2025-12-24 08:00:00+00:00,4324.717617107998,507.7183095180685,3816.9993075899297,342.0545454612757,165.6637640567928
2025-12-24 09:00:00+00:00,4390.382954159999,664.2494902317935,3726.1334639282054,486.3633312913806,177.88615894041294
2025-12-24 10:00:00+00:00,4478.089197204001,790.6628642200882,3687.4263329839127,599.6211687085876,191.0416955115006
2025-12-24 11:00:00+00:00,4581.461549237997,878.7810233855955,3702.680525852402,674.0025569238255,204.77846646177
2025-12-24 12:00:00+00:00,4693.056225017998,922.7051363248204,3770.351088693178,703.979421695519,218.72571462930142
2025-12-24 13:00:00+00:00,4804.874636603999,919.2234096838629,3885.6512269201357,686.7146918365918,232.50871784727104
2025-12-24 14:00:00+00:00,4908.915383610005,868.0882358089452,4040.8271478010597,622.3244067578219,245.7638290511234
2025-12-24 15:00:00+00:00,4997.726349504001,772.1362565356299,4225.59009296837,513.9832037072372,258.1530528283927
2025-12-24 16:00:00+00:00,5064.919044108,637.2291977075408,4427.689846400459,367.8516351930588,269.37756251448207
2025-12-24 17:00:00+00:00,5105.610038844001,472.00033854551737,4633.609700298483,192.81072041903718,279.1896181264802
2025-12-24 18:00:00+00:00,5116.759278960001,287.40237352147756,4829.356905438523,0.0,287.40237352147756
2025-12-24 19:00:00+00:00,5097.382052028003,293.8971964624925,4803.484855565511,0.0,293.8971964624925
2025-12-24 20:00:00+00:00,5048.620105074001,298.6281836818588,4749.991921392142,0.0,298.6281836818588
2025-12-24 21:00:00+00:00,4973.666913264003,301.6237038544188,4672.043209409584,0.0,301.6237038544188
2025-12-24 22:00:00+00:00,4877.552203271999,302.9848834580415,4574.5673198139575,0.0,302.9848834580415
2025-12-24 23:00:00+00:00,4766.800281389998,302.8811264585524,4463.919154931446,0.0,302.8811264585524
2025-12-25 00:00:00+00:00,4651.946247941998,301.54282381684493,4350.403424125153,0.0,301.54282381684493
2025-12-25 01:00:00+00:00,4535.175827364001,299.25157146764496,4235.924255896356,0.0,299.25157146764496
2025-12-25 02:00:00+00:00,4427.535416723999,296.3282915699679,4131.207125154031,0.0,296.3282915699679
2025-12-25 03:00:00+00:00,4336.535099483999,293.1197390697693,4043.41536041423,0.0,293.1197390697693
2025-12-25 04:00:00+00:00,4268.593721574,289.98395694113776,3978.6097646328617,0.0,289.98395694113776
2025-12-25 05:00:00+00:00,4228.596824088,287.2752634341812,3941.321560653819,0.0,287.2752634341812
2025-12-25 06:00:00+00:00,4219.558318332,285.32939975663817,3934.2289185753625,0.0,285.32939975663817
2025-12-25 07:00:00+00:00,4242.409166351999,501.9522047204415,3740.456961631558,217.50276398060498,284.4494407398365
2025-12-25 08:00:00+00:00,4295.927583066002,705.0761097384097,3590.851473327592,420.18307418642786,284.8930355519818
2025-12-25 09:00:00+00:00,4376.815608606001,881.0901314510248,3495.725477154976,594.2286029337675,286.8615285172573
2025-12-25 10:00:00+00:00,4479.917117423998,1018.2698071178468,3461.6473103061517,727.7784337939217,290.4913733239251
2025-12-25 11:00:00+00:00,4598.562404436001,1107.57958459202,3490.982819843981,811.7313669143726,295.84821767764737
2025-12-25 12:00:00+00:00,4725.016169915999,1143.2900404201098,3581.726129495889,840.3661498717437,302.9238905483661
2025-12-25 13:00:00+00:00,4850.9984201279985,1123.367781653216,3727.6306384747822,811.7313669143726,311.6364147388434
2025-12-25 14:00:00+00:00,4968.242969046,1049.6114830047409,3918.6314860412594,727.7784337939217,321.83304921081907
2025-12-25 15:00:00+00:00,5069.055655860004,926.1336889856607,4142.921966874343,592.8374520236312,333.29623696202947
2025-12-25 16:00:00+00:00,5146.834240254005,761.6594019684471,4385.174838285558,415.9071904492149,345.7522115192323
2025-12-25 17:00:00+00:00,5196.514800792,572.2656616885959,4624.249139103404,213.38374786386777,358.88191382472814
2025-12-25 18:00:00+00:00,5214.914140673999,372.3337722241986,4842.5803684498005,0.0,372.3337722241986
2025-12-25 19:00:00+00:00,5200.945039542,385.7378198951315,4815.207219646868,0.0,385.7378198951315
2025-12-25 20:00:00+00:00,5155.6896697739985,398.72058043487664,4756.969089339122,0.0,398.72058043487664
2025-12-25 21:00:00+00:00,5082.32618019,410.9201005745592,4671.406079615441,0.0,410.9201005745592
2025-12-25 22:00:00+00:00,4985.913473940002,422.0005274682271,4563.912946471775,0.0,422.0005274682271
2025-12-25 23:00:00+00:00,4873.04876457,431.6656235706524,4441.383140999347,0.0,431.6656235706524
2025-12-26 00:00:00+00:00,4754.2679753520015,439.67067348125846,4314.597301870743,0.0,439.67067348125846
2025-12-26 01:00:00+00:00,4632.1388737259995,445.83229258108946,4186.30658114491,0.0,445.83229258108946
2025-12-26 02:00:00+00:00,4517.783266794001,450.0357352695204,4067.7475315244806,0.0,450.0357352695204
2025-12-26 03:00:00+00:00,4418.931601434001,452.2394085489934,3966.692192885008,0.0,452.2394085489934
2025-12-26 04:00:00+00:00,4342.248759576001,452.4764024296706,3889.7723571463307,0.0,452.4764024296706
2025-12-26 05:00:00+00:00,4292.886111486001,450.8529713539959,3842.033140132005,0.0,450.8529713539959
2025-12-26 06:00:00+00:00,4274.136921138001,447.5440405737584,3826.592880564242,0.0,447.5440405737584
2025-12-26 07:00:00+00:00,4287.218362559998,625.5348634502194,3661.683499109779,182.74895370762167,442.7859097425977
2025-12-26 08:00:00+00:00,4331.19492204,787.2799805527878,3543.914941487212,350.41352296588786,436.86645758689997
2025-12-26 09:00:00+00:00,4403.0482256880005,922.5268626570158,3480.5213630309845,492.4136091119962,430.11325354501963
2025-12-26 10:00:00+00:00,4497.888363150002,1022.822932033197,3475.065431116805,599.9428795324828,422.8800525007142
2025-12-26 11:00:00+00:00,4609.292199834001,1081.9766952467257,3527.315504587275,666.4444607482318,415.53223449849384
2025-12-26 12:00:00+00:00,4729.745478149996,1096.391305140768,3633.3541730092284,687.9595198031944,408.43178533757356
2025-12-26 13:00:00+00:00,4851.1584792720005,1065.2604389409948,3785.8980403310056,663.3380139099838,401.922425031011
2025-12-26 14:00:00+00:00,4965.419998644002,990.6191611963186,3974.800837447683,594.3036582504976,396.3155029458209
2025-12-26 15:00:00+00:00,5064.951843252001,877.2449073271921,4187.706935924809,485.3676754648622,391.8772318623299
2025-12-26 16:00:00+00:00,5143.225973843999,732.4069977921679,4410.818976051831,343.58921339664647,388.81778439552147
2025-12-26 17:00:00+00:00,5195.209066530003,565.467954849652,4629.7411116803505,178.18525799707794,387.28269685257396
2025-12-26 18:00:00+00:00,5217.704159220001,387.3469376210121,4830.357221598989,0.0,387.3469376210121
2025-12-26 19:00:00+00:00,5209.5661749180035,389.01187519311213,4820.554299724891,0.0,389.01187519311213
2025-12-26 20:00:00+00:00,5171.776619099996,392.2052752085984,4779.571343891398,0.0,392.2052752085984
2025-12-26 21:00:00+00:00,5107.372488035998,396.78432503697843,4710.588162999019,0.0,396.78432503697843
2025-12-26 22:00:00+00:00,5021.234296049998,402.5415661287178,4618.69272992128,0.0,402.5415661287178
2025-12-26 23:00:00+00:00,4919.7477717779975,409.21347906781335,4510.534292710184,0.0,409.21347906781335
2025-12-27 00:00:00+00:00,4434.94560957,416.4913841931441,4018.454225376856,0.0,416.4913841931441
2025-12-27 01:00:00+00:00,4325.660384639999,424.0342016245099,3901.6261830154895,0.0,424.0342016245099
2025-12-27 02:00:00+00:00,4224.471589380003,431.48255390453795,3792.9890354754652,0.0,431.48255390453795
2025-12-27 03:00:00+00:00,4138.8208795499995,438.4736286676355,3700.347250882364,0.0,438.4736286676355
2025-12-27 04:00:00+00:00,4075.0810881059997,444.6561936100811,3630.4248944959186,0.0,444.6561936100811
2025-12-27 05:00:00+00:00,4038.115112346,449.7051545566975,3588.4099577893026,0.0,449.7051545566975
2025-12-27 06:00:00+00:00,4030.938013157997,453.33505185550547,3577.6029613024916,0.0,453.33505185550547
2025-12-27 07:00:00+00:00,4054.505559804,637.9791508574608,3416.526408946539,182.66720285828316,455.3119479991777
2025-12-27 08:00:00+00:00,4107.643740606,807.245977932846,3300.3977626731544,351.7827616326389,455.4632163002071
2025-12-27 09:00:00+00:00,4187.12415177,949.1378180924698,3237.98633367753,495.4529867086737,453.6848313837961
2025-12-27 10:00:00+00:00,4287.880250304001,1053.6693919928791,3234.2108583111212,603.7235291820867,449.94586281079233
2025-12-27 11:00:00+00:00,4403.349776742,1113.606056351818,3289.7437203901823,669.3160723099281,444.28998404189
2025-12-27 12:00:00+00:00,4525.920139692001,1124.9771813157263,3400.9429583762744,688.1432415007268,436.8339398149994
2025-12-27 13:00:00+00:00,4647.44635131,1087.3245345112787,3560.1218167987213,659.5615026900938,427.76303182118477
2025-12-27 14:00:00+00:00,4759.806322067999,1003.6705822653138,3756.135739802685,586.3467799299451,417.32380233536867
2025-12-27 15:00:00+00:00,4855.455616788001,880.2176231829671,3975.237993605034,474.4033998215817,405.8142233613854
2025-12-27 16:00:00+00:00,4927.943803608003,725.812606060269,4202.131197547734,332.24081922951916,393.5717868307498
2025-12-27 17:00:00+00:00,4972.3572127319985,551.2319706145512,4421.125242117448,170.27198532565086,380.9599852889003
2025-12-27 18:00:00+00:00,4985.657808599998,368.3537338667255,4617.3040747332725,0.0,368.3537338667255
2025-12-27 19:00:00+00:00,4966.894980221997,356.1243294340662,4610.77065078793,0.0,356.1243294340662
2025-12-27 20:00:00+00:00,4917.275729309999,344.6245687082889,4572.65116060171,0.0,344.6245687082889
2025-12-27 21:00:00+00:00,4840.088305793996,334.17462417192706,4505.913681622069,0.0,334.17462417192706
2025-12-27 22:00:00+00:00,4740.484368395997,325.04926186686566,4415.435106529131,0.0,325.04926186686566
2025-12-27 23:00:00+00:00,4625.134377276001,317.4669237684935,4307.667453507507,0.0,317.4669237684935
2025-12-28 00:00:00+00:00,4504.395680231999,311.5811183353748,4192.814561896625,0.0,311.5811183353748
2025-12-28 01:00:00+00:00,4381.326682908,307.47446967492675,4073.8522132330736,0.0,307.47446967492675
2025-12-28 02:00:00+00:00,4266.824998464001,305.15567743523957,3961.6693210287613,0.0,305.15567743523957
2025-12-28 03:00:00+00:00,4168.604139714,304.55949906125466,3864.0446406527453,0.0,304.55949906125466
2025-12-28 04:00:00+00:00,4093.289173175998,305.54976254788517,3787.7394106281126,0.0,305.54976254788517
2025-12-28 05:00:00+00:00,4045.969731047999,307.9252832653463,3738.0444477826527,0.0,307.9252832653463
2025-12-28 06:00:00+00:00,4029.856880069996,311.42844235779535,3718.4284377122003,0.0,311.42844235779535
2025-12-28 07:00:00+00:00,4046.0671104000003,473.51859584840724,3572.548514551593,157.76252105226519,315.75607479614206
2025-12-28 08:00:00+00:00,4093.548138792001,626.9079746162327,3466.6401641757684,306.3357526054047,320.5722220108279
2025-12-28 09:00:00+00:00,4169.151518909998,761.7251253579959,3407.426393552002,436.20290413212933,325.52222122586653
2025-12-28 10:00:00+00:00,4267.847048976,869.0530171415242,3398.7940318344763,538.8054556676616,330.2475614738625
2025-12-28 11:00:00+00:00,4383.06446487,941.4404109328029,3441.624053937197,607.0395160633295,334.40089486947335
2025-12-28 12:00:00+00:00,4507.139028294001,973.3701154879975,3533.7689128060038,635.7095333804557,337.66058210754187
2025-12-28 13:00:00+00:00,4631.830789991999,961.6591204644692,3670.17166952753,621.9149360426748,339.7441844217945
2025-12-28 14:00:00+00:00,4748.882170956,905.761053270589,3843.121117685411,565.3407057609237,340.4203475096652
2025-12-28 15:00:00+00:00,4850.575963590002,807.9392041971198,4042.6367593928826,468.42061842561105,339.5185857715087
2025-12-28 16:00:00+00:00,4930.255820867998,673.279790079888,4256.976030788111,336.34322466965773,336.93656541023034
2025-12-28 17:00:00+00:00,4982.773914594002,509.5213298219585,4473.2525847720435,176.8767302890847,332.64459953287377
2025-12-28 18:00:00+00:00,5004.835373076,326.6871519395406,4678.148221136459,0.0,326.6871519395406
2025-12-28 19:00:00+00:00,4995.216192665998,319.1813059794123,4676.034886686586,0.0,319.1813059794123
2025-12-28 20:00:00+00:00,4954.839894942004,310.31224431207994,4644.527650629924,0.0,310.31224431207994
2025-12-28 21:00:00+00:00,4886.707898520001,300.32593919218255,4586.381959327819,0.0,300.32593919218255
2025-12-28 22:00:00+00:00,4795.688505006002,289.5193393964823,4506.16916560952,0.0,289.5193393964823
2025-12-28 23:00:00+00:00,4688.179006728,278.22846116195944,4409.95054556604,0.0,278.22846116195944
2025-12-29 00:00:00+00:00,4952.312494374003,266.81487552598867,4685.497618848014,0.0,266.81487552598867
2025-12-29 01:00:00+00:00,4834.84923642,255.6511280798879,4579.198108340112,0.0,255.6511280798879
2025-12-29 02:00:00+00:00,4724.513738952,245.105707733657,4479.408031218342,0.0,245.105707733657
2025-12-29 03:00:00+00:00,4628.847438053999,235.52816778185522,4393.319270272144,0.0,235.52816778185522
2025-12-29 04:00:00+00:00,4554.340725228,227.23500477854634,4327.105720449454,0.0,227.23500477854634
2025-12-29 05:00:00+00:00,4505.989191774002,220.49688963934923,4285.492302134653,0.0,220.49688963934923
2025-12-29 06:00:00+00:00,4486.952801057999,215.52775075491644,4271.425050303083,0.0,215.52775075491644
2025-12-29 07:00:00+00:00,4498.3411711980025,422.99192127515914,4075.3492499228432,210.5157471233162,212.4761741518429
2025-12-29 08:00:00+00:00,4539.139632762,619.941807708156,3919.1978250538436,408.52234174194666,211.4194659662094
2025-12-29 09:00:00+00:00,4606.281041586001,791.9722485038121,3814.3087930821894,579.6116332111052,212.36061529270688
2025-12-29 10:00:00+00:00,4694.858409023999,926.5225808087657,3768.3358282152335,711.2942903207587,215.22829048800702
2025-12-29 11:00:00+00:00,4798.463757150001,1013.8555528012312,3784.6082043487695,793.97568978746,219.87986301377111
2025-12-29 12:00:00+00:00,4909.630016382001,1047.8015648947442,3861.8284514872566,821.694232500178,226.1073323945662
2025-12-29 13:00:00+00:00,5020.345754004,1026.2069451841257,3994.138808819874,792.5610228237995,233.64592236032638
2025-12-29 14:00:00+00:00,5122.6074995339995,951.0532347174062,4171.554264816594,708.8682576856571,242.18497703174907
2025-12-29 15:00:00+00:00,5208.971841024,828.2451779567152,4380.726663067285,576.864451835101,251.38072612161426
2025-12-29 16:00:00+00:00,5273.069644541996,667.0948410326998,4605.974803509296,406.22444754140076,260.8703934912991
2025-12-29 17:00:00+00:00,5310.047022797997,479.5550613403998,4830.491961457597,209.26799782403984,270.2870635163599
2025-12-29 18:00:00+00:00,5316.903006827998,279.2747078858374,5037.628298942161,0.0,279.2747078858374
2025-12-29 19:00:00+00:00,5292.700619430001,287.50274736556077,5005.19787206444,0.0,287.50274736556077
2025-12-29 20:00:00+00:00,5238.636936036,294.6795615006668,4943.957374535334,0.0,294.6795615006668
2025-12-29 21:00:00+00:00,5157.967093524003,300.5643828909871,4857.402710633016,0.0,300.5643828909871
2025-12-29 22:00:00+00:00,5055.787430694005,304.9771043493652,4750.810326344639,0.0,304.9771043493652
2025-12-29 23:00:00+00:00,4938.692327436001,307.8055790057818,4630.886748430219,0.0,307.8055790057818
2025-12-30 00:00:00+00:00,4816.710601373999,309.0101264988319,4507.700474875168,0.0,309.0101264988319
2025-12-30 01:00:00+00:00,4693.256668002001,308.6250633803773,4384.631604621623,0.0,308.6250633803773
2025-12-30 02:00:00+00:00,4578.869581188002,306.75718232213103,4272.112398865871,0.0,306.75718232213103
2025-12-30 03:00:00+00:00,4481.127389717998,303.58125627474317,4177.546133443255,0.0,303.58125627474317
2025-12-30 04:00:00+00:00,4406.512501649997,299.332742060305,4107.1797595896915,0.0,299.332742060305
2025-12-30 05:00:00+00:00,4359.968221392,294.2979902185282,4065.6702311734716,0.0,294.2979902185282
2025-12-30 06:00:00+00:00,4344.5591733599995,288.8023544279875,4055.756818932012,0.0,288.8023544279875
2025-12-30 07:00:00+00:00,4361.258896554001,479.1975183249502,3882.0613782290507,196.0008246921348,283.19669363281537
2025-12-30 08:00:00+00:00,4408.879172838001,656.3398850780452,3752.539287759956,378.4970688840386,277.84281619400656
2025-12-30 09:00:00+00:00,4484.145954498001,808.6147075821767,3675.531246915824,535.5162419235245,273.09846565865223
2025-12-30 10:00:00+00:00,4581.916881275999,925.9941148891907,3655.9227663868082,656.6916553195504,269.3024595696403
2025-12-30 11:00:00+00:00,4695.525747738001,1000.6670539511216,3694.8586937868795,733.9064634307442,266.7605905203774
2025-12-30 12:00:00+00:00,4817.230475441998,1027.552690895846,3789.6777845461525,761.8198181131614,265.73287278268435
2025-12-30 13:00:00+00:00,4938.734361414003,1004.666163647163,3934.0681977668396,738.243516786437,266.422646860726
2025-12-30 14:00:00+00:00,5051.745088908,933.3089599211223,4118.4361289868775,664.3409588287508,268.9680010923716
2025-12-30 15:00:00+00:00,5148.533699988001,818.0618943630154,4330.471805624986,544.626049889714,273.4358444733014
2025-12-30 16:00:00+00:00,5222.455500402001,666.5673403199422,4555.888160082059,386.7484427194264,279.8188976005158
2025-12-30 17:00:00+00:00,5268.397548161998,489.09918077116527,4779.298367390833,201.06347922691896,288.0357015442463
2025-12-30 18:00:00+00:00,5283.122412498001,297.93366017411273,4985.188752323888,0.0,297.93366017411273
2025-12-30 19:00:00+00:00,5265.484850975999,309.2949865574906,4956.189864418508,0.0,309.2949865574906
2025-12-30 20:00:00+00:00,5216.506731701996,321.8453124098395,4894.661419292156,0.0,321.8453124098395
2025-12-30 21:00:00+00:00,5139.305224746003,335.26460202392093,4804.040622722082,0.0,335.26460202392093
2025-12-30 22:00:00+00:00,5038.879162296002,349.19993743291764,4689.679224863084,0.0,349.19993743291764
2025-12-30 23:00:00+00:00,4921.768189715999,363.2796410141406,4558.488548701858,0.0,363.2796410141406
2025-12-31 00:00:00+00:00,4797.872553851999,377.1281559018033,4420.744397950196,0.0,377.1281559018033
2025-12-31 01:00:00+00:00,4670.876155974002,390.3810912694757,4280.495064704527,0.0,390.3810912694757
2025-12-31 02:00:00+00:00,4551.277352202,402.69979814057945,4148.57755406142,0.0,402.69979814057945
2025-12-31 03:00:00+00:00,4446.773149728,413.7848923987748,4032.9882573292252,0.0,413.7848923987748
2025-12-31 04:00:00+00:00,4364.003877786001,423.3881660678433,3940.6157117181574,0.0,423.3881660678433
2025-12-31 05:00:00+00:00,4308.105996011999,431.3224033419162,3876.783592670083,0.0,431.3224033419162
2025-12-31 06:00:00+00:00,4282.368004614,437.46869473679203,3844.899309877208,0.0,437.46869473679203
2025-12-31 07:00:00+00:00,4288.012791594,642.9467581030342,3645.066033490966,201.1657978171244,441.7809602859098
2025-12-31 08:00:00+00:00,4324.121064648003,829.8879438053184,3494.233120842685,385.60046090301284,444.2874829023056
2025-12-31 09:00:00+00:00,4387.700987837997,985.5292979138014,3402.1716899241956,540.4398925847831,445.08940532901835
2025-12-31 10:00:00+00:00,4473.899081105998,1099.581173667766,3374.3179074382324,655.2249319763307,444.35624169143546
2025-12-31 11:00:00+00:00,4576.337841054,1164.9694965894923,3411.3683444645076,722.6509058884584,442.3185907010338
2025-12-31 12:00:00+00:00,4687.556968332,1178.3024856868647,3509.2544826451353,739.044131313395,439.2583543734696
2025-12-31 13:00:00+00:00,4799.527943448002,1140.0299170548146,3659.498026393187,704.53306295106,435.4968541037548
2025-12-31 14:00:00+00:00,4904.206755126001,1054.2925533141174,3849.9142018118832,622.9112109099291,431.38134240418833
2025-12-31 15:00:00+00:00,4994.086993476003,928.4878360939456,4065.5991573820575,501.21738312367734,427.27045297026825
2025-12-31 16:00:00+00:00,5062.715494787996,772.602556450893,4290.1129383371035,349.0833663043376,423.5191901465554
2025-12-31 17:00:00+00:00,5105.1353166240015,598.3812622474079,4506.754054376594,177.91718637844895,420.4640758689589
2025-12-31 18:00:00+00:00,5118.225789264,418.40905219810975,4699.81673706589,0.0,418.40905219810975
2025-12-31 19:00:00+00:00,5100.916388861998,417.61273238321206,4683.303656478785,0.0,417.61273238321206
2025-12-31 20:00:00+00:00,5054.259886494001,418.27750911260244,4635.982377381399,0.0,418.27750911260244
2025-12-31 21:00:00+00:00,4981.359742085999,420.5409724184805,4560.818769667519,0.0,420.5409724184805
2025-12-31 22:00:00+00:00,4887.156727572,424.4699943302307,4462.68673324177,0.0,424.4699943302307
2025-12-31 23:00:00+00:00,4778.089397214,430.05770798871623,4348.031689225284,0.0,430.05770798871623
