regime,rank,start,stop,score_rms_fraction,device_id,capacity_mwh,start_fraction,end_fraction,start_deviation_fraction,end_deviation_fraction
Large surplus,1,3308,3332,0.023824841021726263,storage_bus_1,419.9146834955919,0.5019895626989235,0.5272925079849963,0.001989562698923475,0.027292507984996273
Large surplus,1,3308,3332,0.023824841021726263,storage_bus_9,2511.888039456894,0.4286349865332683,0.5346150840995209,-0.07136501346673169,0.034615084099520854
Large surplus,1,3308,3332,0.023824841021726263,storage_bus_11,576.3534871508124,0.4941142139096793,0.5228601192960751,-0.005885786090320699,0.02286011929607512
Large surplus,1,3308,3332,0.023824841021726263,storage_bus_15,741.0259120510444,0.4827972731079863,0.5184778545462375,-0.017202726892013687,0.018477854546237515
Large surplus,1,3308,3332,0.023824841021726263,storage_bus_16,205.8405311252901,0.5045904049132404,0.5353826888621362,0.004590404913240365,0.03538268886213625
Large surplus,1,3308,3332,0.023824841021726263,storage_bus_22,82.33621245011605,0.4884963675749066,0.5361335817620722,-0.01150363242509339,0.03613358176207215
Large surplus,1,3308,3332,0.023824841021726263,storage_bus_24,107.03707618515088,0.485368359162404,0.5312027129457546,-0.014631640837595994,0.031202712945754607
Large surplus,1,3308,3332,0.023824841021726263,storage_bus_29,197.60690988027852,0.49658594418698854,0.5229281561514775,-0.003414055813011463,0.022928156151477475
Large surplus,1,3308,3332,0.023824841021726263,storage_bus_32,485.7836534556847,0.49043071574970715,0.5153279540574525,-0.009569284250292853,0.015327954057452464
Large surplus,1,3308,3332,0.023824841021726263,storage_bus_41,304.6439860654294,0.4894697859952211,0.5145564978418613,-0.010530214004778882,0.014556497841861304
Large surplus,1,3308,3332,0.023824841021726263,storage_bus_44,131.73793992018568,0.47974450723138146,0.5220200046739785,-0.020255492768618544,0.022020004673978466
Large surplus,1,3308,3332,0.023824841021726263,storage_bus_54,1235.2029462319156,0.46584238517295956,0.5306954378175377,-0.03415761482704044,0.030695437817537696
Large surplus,1,3308,3332,0.023824841021726263,storage_bus_58,98.80345494013926,0.5026061733530719,0.5525650545799721,0.0026061733530718945,0.05256505457997207
Large surplus,1,3308,3332,0.023824841021726263,storage_bus_61,875.5614874907134,0.4686050418868664,0.5162983462847431,-0.031394958113133586,0.016298346284743137
Large surplus,1,3308,3332,0.023824841021726263,storage_bus_71,890.5328010216309,0.46439920166306187,0.5193534637473377,-0.03560079833693813,0.019353463747337707
Large surplus,1,3308,3332,0.023824841021726263,storage_bus_72,98.80345494013926,0.47597855494541075,0.5287743148223402,-0.024021445054589252,0.028774314822340163
Large surplus,1,3308,3332,0.023824841021726263,storage_bus_76,559.8862446607892,0.48821207423530466,0.5120928613592707,-0.01178792576469534,0.012092861359270679
Large surplus,1,3308,3332,0.023824841021726263,storage_bus_79,321.1112285554526,0.5009169882231128,0.5239128777537089,0.0009169882231128135,0.023912877753708872
Large surplus,1,3308,3332,0.023824841021726263,storage_bus_80,1510.0936477937455,0.4555285368935813,0.5237850489781045,-0.044471463106418696,0.023785048978104517
Large surplus,1,3308,3332,0.023824841021726263,storage_bus_82,444.61554723062665,0.48700539047280345,0.5068071296005087,-0.012994609527196554,0.006807129600508666
Large surplus,1,3308,3332,0.023824841021726263,storage_bus_86,172.9060461452437,0.48461199562225,0.5155110237929112,-0.015388004377750009,0.01551102379291125
Large surplus,1,3308,3332,0.023824841021726263,storage_bus_88,395.21381976055704,0.48631416067766914,0.5030335819341106,-0.013685839322330862,0.0030335819341106296
Large surplus,1,3308,3332,0.023824841021726263,storage_bus_92,535.1853809257543,0.48382024874773516,0.5007716430911356,-0.01617975125226484,0.0007716430911356431
Large surplus,1,3308,3332,0.023824841021726263,storage_bus_97,123.50431867517408,0.4992993593533338,0.5369687834159815,-0.0007006406466661952,0.03696878341598153
Large surplus,1,3308,3332,0.023824841021726263,storage_bus_98,279.9431223303946,0.4965544952701207,0.5185216328422924,-0.0034455047298793118,0.018521632842292357
Large surplus,1,3308,3332,0.023824841021726263,storage_bus_112,559.8862446607892,0.48021038203541505,0.5039888051734833,-0.01978961796458495,0.003988805173483323
Large surplus,1,3308,3332,0.023824841021726263,storage_bus_115,181.1396673902553,0.49593082954568796,0.5236752907341673,-0.004069170454312043,0.023675290734167298
Large surplus,2,3309,3333,0.024703964965311888,storage_bus_1,419.9146834955919,0.5019899772356223,0.5272929034357039,0.001989977235622331,0.027292903435703897
Large surplus,2,3309,3333,0.024703964965311888,storage_bus_9,2511.888039456894,0.43248472508157,0.5380609624401261,-0.06751527491843001,0.038060962440126134
Large surplus,2,3309,3333,0.024703964965311888,storage_bus_11,576.3534871508124,0.4941144539450005,0.5228603339691592,-0.005885546054999524,0.022860333969159208
Large surplus,2,3309,3333,0.024703964965311888,storage_bus_15,741.0259120510444,0.4854488132096169,0.5207846091434578,-0.014551186790383086,0.02078460914345781
Large surplus,2,3309,3333,0.024703964965311888,storage_bus_16,205.8405311252901,0.5045910490320014,0.535383270275984,0.00459104903200136,0.03538327027598398
Large surplus,2,3309,3333,0.024703964965311888,storage_bus_22,82.33621245011605,0.50088620214259,0.5486145269073098,0.0008862021425900535,0.04861452690730983
Large surplus,2,3309,3333,0.024703964965311888,storage_bus_24,107.03707618515088,0.49520828561414226,0.5406623289858893,-0.004791714385857737,0.040662328985889284
Large surplus,2,3309,3333,0.024703964965311888,storage_bus_29,197.60690988027852,0.5057192247577817,0.5318017486927756,0.005719224757781749,0.03180174869277563
Large surplus,2,3309,3333,0.024703964965311888,storage_bus_32,485.7836534556847,0.4961656655721516,0.5206653842258315,-0.003834334427848418,0.02066538422583153
Large surplus,2,3309,3333,0.024703964965311888,storage_bus_41,304.6439860654294,0.4985076737770217,0.5225648218446327,-0.0014923262229782908,0.02256482184463271
Large surplus,2,3309,3333,0.024703964965311888,storage_bus_44,131.73793992018568,0.4942082746431585,0.534129571561299,-0.005791725356841526,0.03412957156129903
Large surplus,2,3309,3333,0.024703964965311888,storage_bus_54,1235.2029462319156,0.46618451307187986,0.5306978838117197,-0.03381548692812014,0.030697883811719673
Large surplus,2,3309,3333,0.024703964965311888,storage_bus_58,98.80345494013926,0.5026080853398787,0.552566805261724,0.002608085339878663,0.05256680526172397
Large surplus,2,3309,3333,0.024703964965311888,storage_bus_61,875.5614874907134,0.4707093583147234,0.5177980618138697,-0.02929064168527662,0.01779806181386967
Large surplus,2,3309,3333,0.024703964965311888,storage_bus_71,890.5328010216309,0.4677952852348686,0.5222060361000453,-0.032204714765131426,0.022206036100045345
Large surplus,2,3309,3333,0.024703964965311888,storage_bus_72,98.80345494013926,0.48726845421266957,0.5395803318192781,-0.012731545787330434,0.039580331819278114
Large surplus,2,3309,3333,0.024703964965311888,storage_bus_76,559.8862446607892,0.4931349364844926,0.5163538087756333,-0.006865063515507419,0.016353808775633305
Large surplus,2,3309,3333,0.024703964965311888,storage_bus_79,321.1112285554526,0.5009178008027984,0.5239135296535049,0.000917800802798352,0.023913529653504906
Large surplus,2,3309,3333,0.024703964965311888,storage_bus_80,1510.0936477937455,0.4582978496387573,0.5258097078912258,-0.041702150361242696,0.02580970789122583
Large surplus,2,3309,3333,0.024703964965311888,storage_bus_82,444.61554723062665,0.49212708340697997,0.5093975091320625,-0.00787291659302003,0.009397509132062498
Large surplus,2,3309,3333,0.024703964965311888,storage_bus_86,172.9060461452437,0.4949195081665061,0.5232708855598156,-0.005080491833493905,0.0232708855598156
Large surplus,2,3309,3333,0.024703964965311888,storage_bus_88,395.21381976055704,0.4960916583883022,0.5076051278352018,-0.003908341611697785,0.0076051278352018414
Large surplus,2,3309,3333,0.024703964965311888,storage_bus_92,535.1853809257543,0.49322396319314865,0.5047747484836721,-0.006776036806851349,0.004774748483672098
Large surplus,2,3309,3333,0.024703964965311888,storage_bus_97,123.50431867517408,0.49930197446461555,0.5369706771168627,-0.00069802553538445,0.03697067711686275
Large surplus,2,3309,3333,0.024703964965311888,storage_bus_98,279.9431223303946,0.4977770614141096,0.5185424795032283,-0.0022229385858903994,0.018542479503228293
Large surplus,2,3309,3333,0.024703964965311888,storage_bus_112,559.8862446607892,0.4903371462192992,0.5099964468858691,-0.009662853780700809,0.009996446885869092
Large surplus,2,3309,3333,0.024703964965311888,storage_bus_115,181.1396673902553,0.505847125319383,0.533231974630621,0.005847125319383029,0.033231974630621
Large surplus,3,3307,3331,0.025227777511841208,storage_bus_1,419.9146834955919,0.5019888111338008,0.5272918914016553,0.001988811133800783,0.027291891401655333
Large surplus,3,3307,3331,0.025227777511841208,storage_bus_9,2511.888039456894,0.42416230148472994,0.5308034850439545,-0.07583769851527006,0.03080348504395447
Large surplus,3,3307,3331,0.025227777511841208,storage_bus_11,576.3534871508124,0.4941138366048338,0.5228598104179151,-0.005886163395166177,0.022859810417915072
Large surplus,3,3307,3331,0.025227777511841208,storage_bus_15,741.0259120510444,0.4786765080282072,0.5153649589081902,-0.021323491971792785,0.01536495890819023
Large surplus,3,3307,3331,0.025227777511841208,storage_bus_16,205.8405311252901,0.5045893627353916,0.5353818297480618,0.004589362735391567,0.03538182974806181
Large surplus,3,3307,3331,0.025227777511841208,storage_bus_22,82.33621245011605,0.47228767066650784,0.5232826266610582,-0.02771232933349216,0.02328262666105818
Large surplus,3,3307,3331,0.025227777511841208,storage_bus_24,107.03707618515088,0.47425487370680586,0.521655281502873,-0.025745126293194143,0.02165528150287299
Large surplus,3,3307,3331,0.025227777511841208,storage_bus_29,197.60690988027852,0.48562562714485313,0.5148245149081315,-0.014374372855146866,0.014824514908131525
Large surplus,3,3307,3331,0.025227777511841208,storage_bus_32,485.7836534556847,0.4836765814927278,0.510029376358704,-0.016323418507272203,0.010029376358704045
Large surplus,3,3307,3331,0.025227777511841208,storage_bus_41,304.6439860654294,0.47929574727557683,0.5073128735016481,-0.020704252724423167,0.0073128735016481095
Large surplus,3,3307,3331,0.025227777511841208,storage_bus_44,131.73793992018568,0.46316100964527607,0.5108726033740765,-0.03683899035472393,0.010872603374076473
Large surplus,3,3307,3331,0.025227777511841208,storage_bus_54,1235.2029462319156,0.4634531127811878,0.5296867935175553,-0.03654688721881222,0.02968679351755532
Large surplus,3,3307,3331,0.025227777511841208,storage_bus_58,98.80345494013926,0.5026026913835608,0.5525619463571598,0.00260269138356084,0.05256194635715983
Large surplus,3,3307,3331,0.025227777511841208,storage_bus_61,875.5614874907134,0.4659981859918119,0.5143843454039194,-0.03400181400818808,0.014384345403919419
Large surplus,3,3307,3331,0.025227777511841208,storage_bus_71,890.5328010216309,0.46017440119024056,0.5161337027463312,-0.039825598809759444,0.01613370274633119
Large surplus,3,3307,3331,0.025227777511841208,storage_bus_72,98.80345494013926,0.4647955082400024,0.5187857253834586,-0.035204491759997625,0.018785725383458574
Large surplus,3,3307,3331,0.025227777511841208,storage_bus_76,559.8862446607892,0.4824441217519236,0.5078821424739582,-0.017555878248076418,0.007882142473958242
Large surplus,3,3307,3331,0.025227777511841208,storage_bus_79,321.1112285554526,0.5009143455562417,0.5239119701205203,0.0009143455562417024,0.023911970120520265
Large surplus,3,3307,3331,0.025227777511841208,storage_bus_80,1510.0936477937455,0.4520953874004928,0.5216737160173015,-0.04790461259950718,0.021673716017301503
Large surplus,3,3307,3331,0.025227777511841208,storage_bus_82,444.61554723062665,0.4803696160838888,0.503989249306467,-0.019630383916111216,0.0039892493064670465
Large surplus,3,3307,3331,0.025227777511841208,storage_bus_86,172.9060461452437,0.47398432661714457,0.5088402115287582,-0.02601567338285543,0.008840211528758246
Large surplus,3,3307,3331,0.025227777511841208,storage_bus_88,395.21381976055704,0.47520767965114646,0.5000094395740617,-0.024792320348853536,9.439574061742562e-06
Large surplus,3,3307,3331,0.025227777511841208,storage_bus_92,535.1853809257543,0.47275226385483593,0.49757626290752033,-0.02724773614516407,-0.002423737092479672
Large surplus,3,3307,3331,0.025227777511841208,storage_bus_97,123.50431867517408,0.49927520873153025,0.5369660526737297,-0.0007247912684697488,0.036966052673729655
Large surplus,3,3307,3331,0.025227777511841208,storage_bus_98,279.9431223303946,0.4932411871961613,0.5183667225206501,-0.006758812803838721,0.01836672252065008
Large surplus,3,3307,3331,0.025227777511841208,storage_bus_112,559.8862446607892,0.4689801975622586,0.499305983038022,-0.031019802437741384,-0.0006940169619780168
Large surplus,3,3307,3331,0.025227777511841208,storage_bus_115,181.1396673902553,0.4841955918866445,0.5150890898032545,-0.015804408113355484,0.015089089803254518
Large surplus,4,3310,3334,0.026722425857030194,storage_bus_1,419.9146834955919,0.5019903519896849,0.5272932892386201,0.001990351989684891,0.027293289238620067
Large surplus,4,3310,3334,0.026722425857030194,storage_bus_9,2511.888039456894,0.4363871943014346,0.5416306069335787,-0.06361280569856542,0.04163060693357867
Large surplus,4,3310,3334,0.026722425857030194,storage_bus_11,576.3534871508124,0.4941146863683642,0.5228605490164255,-0.005885313631635802,0.022860549016425535
Large surplus,4,3310,3334,0.026722425857030194,storage_bus_15,741.0259120510444,0.4888893317711157,0.5242116542364743,-0.01111066822888429,0.02421165423647431
Large surplus,4,3310,3334,0.026722425857030194,storage_bus_16,205.8405311252901,0.504591666001175,0.5353838499148638,0.004591666001174999,0.03538384991486376
Large surplus,4,3310,3334,0.026722425857030194,storage_bus_22,82.33621245011605,0.5089126101633022,0.5588824126228447,0.008912610163302248,0.05888241262284466
Large surplus,4,3310,3334,0.026722425857030194,storage_bus_24,107.03707618515088,0.5042583478757835,0.5499605841810861,0.004258347875783497,0.049960584181086065
Large surplus,4,3310,3334,0.026722425857030194,storage_bus_29,197.60690988027852,0.5109167478319736,0.5385976197365026,0.010916747831973606,0.03859761973650255
Large surplus,4,3310,3334,0.026722425857030194,storage_bus_32,485.7836534556847,0.5010307505745167,0.5258491935099465,0.0010307505745167367,0.025849193509946522
Large surplus,4,3310,3334,0.026722425857030194,storage_bus_41,304.6439860654294,0.5054604865209757,0.5296083430662135,0.005460486520975749,0.029608343066213516
Large surplus,4,3310,3334,0.026722425857030194,storage_bus_44,131.73793992018568,0.5056842391399301,0.5450865320171197,0.005684239139930103,0.04508653201711965
Large surplus,4,3310,3334,0.026722425857030194,storage_bus_54,1235.2029462319156,0.4680325568325337,0.5322312518390963,-0.0319674431674663,0.03223125183909625
Large surplus,4,3310,3334,0.026722425857030194,storage_bus_58,98.80345494013926,0.5026097662179995,0.5525684213618336,0.002609766217999465,0.052568421361833595
Large surplus,4,3310,3334,0.026722425857030194,storage_bus_61,875.5614874907134,0.47239493542202055,0.5187463587462573,-0.027605064577979455,0.018746358746257297
Large surplus,4,3310,3334,0.026722425857030194,storage_bus_71,890.5328010216309,0.470582536710911,0.5249607208897233,-0.029417463289089008,0.024960720889723342
Large surplus,4,3310,3334,0.026722425857030194,storage_bus_72,98.80345494013926,0.4979254115829049,0.5502268422334812,-0.0020745884170951245,0.05022684223348117
Large surplus,4,3310,3334,0.026722425857030194,storage_bus_76,559.8862446607892,0.49721383796101776,0.520679867029576,-0.002786162038982243,0.020679867029576027
Large surplus,4,3310,3334,0.026722425857030194,storage_bus_79,321.1112285554526,0.5009185328300456,0.5239141587828122,0.0009185328300456153,0.023914158782812223
Large surplus,4,3310,3334,0.026722425857030194,storage_bus_80,1510.0936477937455,0.46172787201665344,0.5290455906457581,-0.03827212798334656,0.029045590645758068
Large surplus,4,3310,3334,0.026722425857030194,storage_bus_82,444.61554723062665,0.49516265061230713,0.510978078960511,-0.004837349387692869,0.01097807896051095
Large surplus,4,3310,3334,0.026722425857030194,storage_bus_86,172.9060461452437,0.5031177730856273,0.5303164568479541,0.003117773085627329,0.030316456847954143
Large surplus,4,3310,3334,0.026722425857030194,storage_bus_88,395.21381976055704,0.5000056754713236,0.5085436179765388,5.675471323574044e-06,0.008543617976538798
Large surplus,4,3310,3334,0.026722425857030194,storage_bus_92,535.1853809257543,0.49756899352260103,0.505657584053293,-0.002431006477398967,0.005657584053292974
Large surplus,4,3310,3334,0.026722425857030194,storage_bus_97,123.50431867517408,0.4993041494160666,0.5369724324771671,-0.0006958505839333995,0.03697243247716708
Large surplus,4,3310,3334,0.026722425857030194,storage_bus_98,279.9431223303946,0.49791248147666856,0.5185488018128573,-0.002087518523331444,0.01854880181285734
Large surplus,4,3310,3334,0.026722425857030194,storage_bus_112,559.8862446607892,0.49735474291560733,0.5153479336666967,-0.0026452570843926715,0.015347933666696734
Large surplus,4,3310,3334,0.026722425857030194,storage_bus_115,181.1396673902553,0.5113809485733277,0.5404172901983358,0.01138094857332772,0.04041729019833584
Large surplus,5,3311,3335,0.027680970247537302,storage_bus_1,419.9146834955919,0.5019906556070817,0.5272936079139128,0.0019906556070816706,0.027293607913912776
Large surplus,5,3311,3335,0.027680970247537302,storage_bus_9,2511.888039456894,0.44064517239501344,0.5454174380230616,-0.05935482760498656,0.04541743802306164
Large surplus,5,3311,3335,0.027680970247537302,storage_bus_11,576.3534871508124,0.4941148955990853,0.5228607455926342,-0.00588510440091472,0.02286074559263418
Large surplus,5,3311,3335,0.027680970247537302,storage_bus_15,741.0259120510444,0.4924169320434559,0.5281741491598962,-0.007583067956544121,0.028174149159896245
Large surplus,5,3311,3335,0.027680970247537302,storage_bus_16,205.8405311252901,0.5045922107825984,0.5353843756095997,0.004592210782598416,0.03538437560959973
Large surplus,5,3311,3335,0.027680970247537302,storage_bus_22,82.33621245011605,0.5089215123017317,0.558930695468862,0.00892151230173166,0.05893069546886198
Large surplus,5,3311,3335,0.027680970247537302,storage_bus_24,107.03707618515088,0.509400068182653,0.5555087508522324,0.009400068182653043,0.05550875085223239
Large surplus,5,3311,3335,0.027680970247537302,storage_bus_29,197.60690988027852,0.5109192729353317,0.538601470804936,0.01091927293533168,0.03860147080493603
Large surplus,5,3311,3335,0.027680970247537302,storage_bus_32,485.7836534556847,0.5028536786951301,0.5286224836529991,0.0028536786951300908,0.02862248365299913
Large surplus,5,3311,3335,0.027680970247537302,storage_bus_41,304.6439860654294,0.5073063029233341,0.5329317516328188,0.007306302923334118,0.032931751632818806
Large surplus,5,3311,3335,0.027680970247537302,storage_bus_44,131.73793992018568,0.5108526203262526,0.5518083948089113,0.01085262032625256,0.05180839480891131
Large surplus,5,3311,3335,0.027680970247537302,storage_bus_54,1235.2029462319156,0.47009492380079454,0.5344808184427627,-0.02990507619920546,0.03448081844276274
Large surplus,5,3311,3335,0.027680970247537302,storage_bus_58,98.80345494013926,0.502611136672546,0.5525697538870328,0.0026111366725459773,0.05256975388703278
Large surplus,5,3311,3335,0.027680970247537302,storage_bus_61,875.5614874907134,0.47431842594123486,0.519844309728635,-0.025681574058765144,0.019844309728635046
Large surplus,5,3311,3335,0.027680970247537302,storage_bus_71,890.5328010216309,0.4730399768806541,0.5279277747584605,-0.02696002311934592,0.027927774758460533
Large surplus,5,3311,3335,0.027680970247537302,storage_bus_72,98.80345494013926,0.5074475591247467,0.5593444499184499,0.0074475591247467055,0.05934444991844989
Large surplus,5,3311,3335,0.027680970247537302,storage_bus_76,559.8862446607892,0.4974417922406824,0.5218013683130904,-0.002558207759317588,0.02180136831309043
Large surplus,5,3311,3335,0.027680970247537302,storage_bus_79,321.1112285554526,0.5009190551911751,0.5239146506136954,0.0009190551911750777,0.023914650613695354
Large surplus,5,3311,3335,0.027680970247537302,storage_bus_80,1510.0936477937455,0.4649563340568262,0.5328012093062283,-0.03504366594317382,0.03280120930622832
Large surplus,5,3311,3335,0.027680970247537302,storage_bus_82,444.61554723062665,0.4951632684082978,0.5109787037081586,-0.004836731591702226,0.010978703708158566
Large surplus,5,3311,3335,0.027680970247537302,storage_bus_86,172.9060461452437,0.5032193228622672,0.5303198594417913,0.0032193228622672265,0.030319859441791275
Large surplus,5,3311,3335,0.027680970247537302,storage_bus_88,395.21381976055704,0.5000061894036375,0.5085440764639347,6.189403637502089e-06,0.008544076463934736
Large surplus,5,3311,3335,0.027680970247537302,storage_bus_92,535.1853809257543,0.49756934895154775,0.5056578974508037,-0.002430651048452248,0.005657897450803695
Large surplus,5,3311,3335,0.027680970247537302,storage_bus_97,123.50431867517408,0.4993055621268161,0.5369736802990653,-0.0006944378731839063,0.03697368029906534
Large surplus,5,3311,3335,0.027680970247537302,storage_bus_98,279.9431223303946,0.49791351807826273,0.5185496457421076,-0.002086481921737271,0.0185496457421076
Large surplus,5,3311,3335,0.027680970247537302,storage_bus_112,559.8862446607892,0.4978325919370443,0.5156118475004604,-0.002167408062955678,0.015611847500460407
Large surplus,5,3311,3335,0.027680970247537302,storage_bus_115,181.1396673902553,0.5113837279626274,0.5404212187896733,0.011383727962627432,0.04042121878967331
Large surplus,6,3312,3336,0.027808141039739404,storage_bus_1,419.9146834955919,0.5019908811158406,0.5272938353693966,0.0019908811158405593,0.027293835369396557
Large surplus,6,3312,3336,0.027808141039739404,storage_bus_9,2511.888039456894,0.44529401793222256,0.54935662722921,-0.05470598206777744,0.04935662722920997
Large surplus,6,3312,3336,0.027808141039739404,storage_bus_11,576.3534871508124,0.49411506754852863,0.5228609050032146,-0.00588493245147137,0.022860905003214582
Large surplus,6,3312,3336,0.027808141039739404,storage_bus_15,741.0259120510444,0.4944972563311866,0.5312648631359801,-0.005502743668813426,0.03126486313598009
Large surplus,6,3312,3336,0.027808141039739404,storage_bus_16,205.8405311252901,0.5045926511607718,0.5353847986131369,0.004592651160771788,0.035384798613136925
Large surplus,6,3312,3336,0.027808141039739404,storage_bus_22,82.33621245011605,0.508924347898872,0.5589338727186357,0.008924347898871976,0.058933872718635705
Large surplus,6,3312,3336,0.027808141039739404,storage_bus_24,107.03707618515088,0.5094045190220389,0.5555132834307303,0.00940451902203887,0.055513283430730254
Large surplus,6,3312,3336,0.027808141039739404,storage_bus_29,197.60690988027852,0.5109201046350391,0.5386023607774781,0.010920104635039118,0.03860236077747814
Large surplus,6,3312,3336,0.027808141039739404,storage_bus_32,485.7836534556847,0.5028541302254038,0.5286229496262578,0.002854130225403817,0.028622949626257777
Large surplus,6,3312,3336,0.027808141039739404,storage_bus_41,304.6439860654294,0.5073071361636864,0.5329327182769493,0.00730713616368639,0.032932718276949324
Large surplus,6,3312,3336,0.027808141039739404,storage_bus_44,131.73793992018568,0.5108557888581482,0.5518146878641443,0.010855788858148196,0.05181468786414434
Large surplus,6,3312,3336,0.027808141039739404,storage_bus_54,1235.2029462319156,0.471049605144537,0.5358399160326016,-0.028950394855463024,0.035839916032601615
Large surplus,6,3312,3336,0.027808141039739404,storage_bus_58,98.80345494013926,0.5026122134478622,0.5525707786381789,0.0026122134478622216,0.05257077863817894
Large surplus,6,3312,3336,0.027808141039739404,storage_bus_61,875.5614874907134,0.4766302079312804,0.5213267384052773,-0.023369792068719586,0.021326738405277323
Large surplus,6,3312,3336,0.027808141039739404,storage_bus_71,890.5328010216309,0.47477508914300365,0.530924247459163,-0.025224910856996352,0.030924247459163
Large surplus,6,3312,3336,0.027808141039739404,storage_bus_72,98.80345494013926,0.5101772663961944,0.5604535707423282,0.010177266396194429,0.060453570742328155
Large surplus,6,3312,3336,0.027808141039739404,storage_bus_76,559.8862446607892,0.4974420946087894,0.5218016884136025,-0.002557905391210591,0.021801688413602527
Large surplus,6,3312,3336,0.027808141039739404,storage_bus_79,321.1112285554526,0.5009193945057081,0.5239149904364143,0.0009193945057081043,0.02391499043641432
Large surplus,6,3312,3336,0.027808141039739404,storage_bus_80,1510.0936477937455,0.466531349646749,0.5361820580293996,-0.03346865035325097,0.036182058029399555
Large surplus,6,3312,3336,0.027808141039739404,storage_bus_82,444.61554723062665,0.4951635004977225,0.5109789348803245,-0.0048364995022774915,0.010978934880324531
Large surplus,6,3312,3336,0.027808141039739404,storage_bus_86,172.9060461452437,0.5032204468464502,0.5303208269937804,0.0032204468464501756,0.03032082699378036
Large surplus,6,3312,3336,0.027808141039739404,storage_bus_88,395.21381976055704,0.5000063674455545,0.508544239710133,6.367445554489315e-06,0.008544239710132961
Large surplus,6,3312,3336,0.027808141039739404,storage_bus_92,535.1853809257543,0.49756947641710236,0.505658012661995,-0.002430523582897637,0.005658012661994949
Large surplus,6,3312,3336,0.027808141039739404,storage_bus_97,123.50431867517408,0.499306390620124,0.5369744633831016,-0.0006936093798760035,0.03697446338310162
Large surplus,6,3312,3336,0.027808141039739404,storage_bus_98,279.9431223303946,0.49791396023927237,0.5185500510873764,-0.0020860397607276315,0.018550051087376396
Large surplus,6,3312,3336,0.027808141039739404,storage_bus_112,559.8862446607892,0.49783283441601867,0.5156121019358981,-0.002167165583981334,0.015612101935898126
Large surplus,6,3312,3336,0.027808141039739404,storage_bus_115,181.1396673902553,0.5113846514215004,0.5404221997928784,0.011384651421500358,0.04042219979287842
Large surplus,7,3313,3337,0.027818987058500774,storage_bus_1,419.9146834955919,0.501991016363617,0.5272939725331914,0.001991016363616982,0.027293972533191435
Large surplus,7,3313,3337,0.027818987058500774,storage_bus_9,2511.888039456894,0.4509887434999014,0.5544656303526849,-0.04901125650009858,0.054465630352684924
Large surplus,7,3313,3337,0.027818987058500774,storage_bus_11,576.3534871508124,0.4941151814681433,0.5228610141401125,-0.005884818531856684,0.022861014140112546
Large surplus,7,3313,3337,0.027818987058500774,storage_bus_15,741.0259120510444,0.49449747317244197,0.5312651234969092,-0.00550252682755803,0.03126512349690924
Large surplus,7,3313,3337,0.027818987058500774,storage_bus_16,205.8405311252901,0.5045929414065444,0.5353850829827549,0.004592941406544426,0.03538508298275489
Large surplus,7,3313,3337,0.027818987058500774,storage_bus_22,82.33621245011605,0.5089254196436135,0.5589349742174204,0.008925419643613486,0.058934974217420444
Large surplus,7,3313,3337,0.027818987058500774,storage_bus_24,107.03707618515088,0.5094058927163028,0.555514639528599,0.009405892716302766,0.05551463952859903
Large surplus,7,3313,3337,0.027818987058500774,storage_bus_29,197.60690988027852,0.5109204189763324,0.5386026785272325,0.010920418976332447,0.03860267852723254
Large surplus,7,3313,3337,0.027818987058500774,storage_bus_32,485.7836534556847,0.5028542793239138,0.5286230980753744,0.0028542793239138,0.028623098075374442
Large surplus,7,3313,3337,0.027818987058500774,storage_bus_41,304.6439860654294,0.5073074183040718,0.5329330100380562,0.007307418304071778,0.032933010038056154
Large surplus,7,3313,3337,0.027818987058500774,storage_bus_44,131.73793992018568,0.5108567520885652,0.5518157173114996,0.01085675208856518,0.05181571731149959
Large surplus,7,3313,3337,0.027818987058500774,storage_bus_54,1235.2029462319156,0.4710496977902482,0.5358400251918984,-0.02895030220975181,0.03584002519189844
Large surplus,7,3313,3337,0.027818987058500774,storage_bus_58,98.80345494013926,0.5026129142125461,0.5525714601724909,0.002612914212546058,0.052571460172490925
Large surplus,7,3313,3337,0.027818987058500774,storage_bus_61,875.5614874907134,0.48098459379234865,0.5243883387056274,-0.019015406207651353,0.0243883387056274
Large surplus,7,3313,3337,0.027818987058500774,storage_bus_71,890.5328010216309,0.4747764223666742,0.5330554730130023,-0.025223577633325778,0.03305547301300227
Large surplus,7,3313,3337,0.027818987058500774,storage_bus_72,98.80345494013926,0.5101797705563322,0.5604559698922643,0.010179770556332235,0.060455969892264316
Large surplus,7,3313,3337,0.027818987058500774,storage_bus_76,559.8862446607892,0.4974421992409362,0.5218017924958858,-0.0025578007590638108,0.021801792495885763
Large surplus,7,3313,3337,0.027818987058500774,storage_bus_79,321.1112285554526,0.5009195759232757,0.5239151694360791,0.0009195759232757394,0.023915169436079076
Large surplus,7,3313,3337,0.027818987058500774,storage_bus_80,1510.0936477937455,0.46653142313140206,0.5361822708127564,-0.03346857686859794,0.03618227081275638
Large surplus,7,3313,3337,0.027818987058500774,storage_bus_82,444.61554723062665,0.4951635926897546,0.5109790236293676,-0.0048364073102454275,0.010979023629367646
Large surplus,7,3313,3337,0.027818987058500774,storage_bus_86,172.9060461452437,0.5032208413158727,0.5303211872383055,0.0032208413158727467,0.030321187238305458
Large surplus,7,3313,3337,0.027818987058500774,storage_bus_88,395.21381976055704,0.5000064363028514,0.5085443033786995,6.436302851353659e-06,0.008544303378699492
Large surplus,7,3313,3337,0.027818987058500774,storage_bus_92,535.1853809257543,0.4975695257742632,0.5056580576565154,-0.0024304742257367784,0.005658057656515392
Large surplus,7,3313,3337,0.027818987058500774,storage_bus_97,123.50431867517408,0.4993067968713837,0.5369748471416291,-0.0006932031286163154,0.03697484714162913
Large surplus,7,3313,3337,0.027818987058500774,storage_bus_98,279.9431223303946,0.49791413950371005,0.5185502162831019,-0.0020858604962899485,0.01855021628310194
Large surplus,7,3313,3337,0.027818987058500774,storage_bus_112,559.8862446607892,0.497832894260488,0.5156121543544483,-0.0021671057395120097,0.015612154354448293
Large surplus,7,3313,3337,0.027818987058500774,storage_bus_115,181.1396673902553,0.5113849986770443,0.5404225498215497,0.011384998677044345,0.04042254982154969
Large surplus,8,3314,3338,0.02792694033440501,storage_bus_1,419.9146834955919,0.5019910718351556,0.5272940760151115,0.0019910718351555667,0.027294076015111468
Large surplus,8,3314,3338,0.02792694033440501,storage_bus_9,2511.888039456894,0.4509887724211353,0.5590560081398673,-0.049011227578864724,0.05905600813986733
Large surplus,8,3314,3338,0.02792694033440501,storage_bus_11,576.3534871508124,0.49411522640049343,0.5228611011546033,-0.005884773599506565,0.02286110115460327
Large surplus,8,3314,3338,0.02792694033440501,storage_bus_15,741.0259120510444,0.49449751545769116,0.5312652925688357,-0.005502484542308839,0.0312652925688357
Large surplus,8,3314,3338,0.02792694033440501,storage_bus_16,205.8405311252901,0.5045930581716084,0.5353853117097267,0.004593058171608377,0.0353853117097267
Large surplus,8,3314,3338,0.02792694033440501,storage_bus_22,82.33621245011605,0.50892573875168,0.55893573538577,0.008925738751680012,0.058935735385770016
Large surplus,8,3314,3338,0.02792694033440501,storage_bus_24,107.03707618515088,0.5094062175547193,0.5555155760332112,0.009406217554719265,0.05551557603321122
Large surplus,8,3314,3338,0.02792694033440501,storage_bus_29,197.60690988027852,0.5109205277764617,0.5386028953345628,0.010920527776461686,0.03860289533456285
Large surplus,8,3314,3338,0.02792694033440501,storage_bus_32,485.7836534556847,0.5028543270891055,0.5286231979172629,0.0028543270891054906,0.028623197917262866
Large surplus,8,3314,3338,0.02792694033440501,storage_bus_41,304.6439860654294,0.5073074967214102,0.532933215038171,0.007307496721410178,0.03293321503817104
Large surplus,8,3314,3338,0.02792694033440501,storage_bus_44,131.73793992018568,0.5108569721943861,0.5518164235661861,0.010856972194386083,0.0518164235661861
Large surplus,8,3314,3338,0.02792694033440501,storage_bus_54,1235.2029462319156,0.4710497284759327,0.5358400810855871,-0.028950271524067317,0.03584008108558712
Large surplus,8,3314,3338,0.02792694033440501,storage_bus_58,98.80345494013926,0.5026132221590985,0.5525719853625031,0.0026132221590985383,0.05257198536250307
Large surplus,8,3314,3338,0.02792694033440501,storage_bus_61,875.5614874907134,0.4809847540019609,0.5274443346961749,-0.01901524599803911,0.02744433469617491
Large surplus,8,3314,3338,0.02792694033440501,storage_bus_71,890.5328010216309,0.48613224354476264,0.5343708340221992,-0.013867756455237357,0.034370834022199204
Large surplus,8,3314,3338,0.02792694033440501,storage_bus_72,98.80345494013926,0.5101804579720528,0.5604575103764367,0.010180457972052803,0.06045751037643665
Large surplus,8,3314,3338,0.02792694033440501,storage_bus_76,559.8862446607892,0.49744223522131864,0.5218018623299296,-0.0025577647786813595,0.021801862329929644
Large surplus,8,3314,3338,0.02792694033440501,storage_bus_79,321.1112285554526,0.5009196414358148,0.5239153039828941,0.0009196414358147997,0.0239153039828941
Large surplus,8,3314,3338,0.02792694033440501,storage_bus_80,1510.0936477937455,0.46653144065321256,0.536182320626841,-0.03346855934678744,0.036182320626841014
Large surplus,8,3314,3338,0.02792694033440501,storage_bus_82,444.61554723062665,0.4951636289884331,0.5109790825932533,-0.00483637101156692,0.010979082593253309
Large surplus,8,3314,3338,0.02792694033440501,storage_bus_86,172.9060461452437,0.5032210030343707,0.5303214256584713,0.003221003034370673,0.03032142565847129
Large surplus,8,3314,3338,0.02792694033440501,storage_bus_88,395.21381976055704,0.5000064671188409,0.5085443449139103,6.4671188408915725e-06,0.008544344913910318
Large surplus,8,3314,3338,0.02792694033440501,storage_bus_92,535.1853809257543,0.4975695474429217,0.5056580867987177,-0.0024304525570782998,0.00565808679871771
Large surplus,8,3314,3338,0.02792694033440501,storage_bus_97,123.50431867517408,0.49930694916170265,0.536975121405651,-0.0006930508382973488,0.03697512140565096
Large surplus,8,3314,3338,0.02792694033440501,storage_bus_98,279.9431223303946,0.49791420301838896,0.5185503263134892,-0.0020857969816110433,0.018550326313489185
Large surplus,8,3314,3338,0.02792694033440501,storage_bus_112,559.8862446607892,0.4978329132478173,0.5156121810695383,-0.0021670867521826898,0.015612181069538322
Large surplus,8,3314,3338,0.02792694033440501,storage_bus_115,181.1396673902553,0.5113851185986705,0.5404227886100869,0.01138511859867053,0.04042278861008686
Large surplus,9,3315,3339,0.027933895136561734,storage_bus_1,419.9146834955919,0.5019911504845499,0.5272941680270843,0.0019911504845498973,0.027294168027084287
Large surplus,9,3315,3339,0.027933895136561734,storage_bus_9,2511.888039456894,0.4572245014840612,0.5637153171510798,-0.042775498515938815,0.06371531715107981
Large surplus,9,3315,3339,0.027933895136561734,storage_bus_11,576.3534871508124,0.494115295859626,0.5228611800327136,-0.005884704140374009,0.022861180032713646
Large surplus,9,3315,3339,0.027933895136561734,storage_bus_15,741.0259120510444,0.494497594521642,0.5312654360009089,-0.005502405478358008,0.03126543600090892
Large surplus,9,3315,3339,0.027933895136561734,storage_bus_16,205.8405311252901,0.504593233348426,0.535385518654855,0.004593233348425985,0.03538551865485495
Large surplus,9,3315,3339,0.027933895136561734,storage_bus_22,82.33621245011605,0.5089261993798919,0.5589363662136503,0.00892619937989192,0.05893636621365028
Large surplus,9,3315,3339,0.027933895136561734,storage_bus_24,107.03707618515088,0.509406679271102,0.5555163032990831,0.009406679271101948,0.05551630329908308
Large surplus,9,3315,3339,0.027933895136561734,storage_bus_29,197.60690988027852,0.5109206720062066,0.5386030777999355,0.010920672006206611,0.03860307779993555
Large surplus,9,3315,3339,0.027933895136561734,storage_bus_32,485.7836534556847,0.5028543917829502,0.5286232811625078,0.0028543917829502163,0.028623281162507785
Large surplus,9,3315,3339,0.027933895136561734,storage_bus_41,304.6439860654294,0.5073076194006482,0.5329333886109743,0.007307619400648169,0.03293338861097428
Large surplus,9,3315,3339,0.027933895136561734,storage_bus_44,131.73793992018568,0.5108573639055951,0.5518170183597141,0.010857363905595108,0.051817018359714084
Large surplus,9,3315,3339,0.027933895136561734,storage_bus_54,1235.2029462319156,0.4710497677705425,0.5358401264647611,-0.028950232229457473,0.03584012646476109
Large surplus,9,3315,3339,0.027933895136561734,storage_bus_58,98.80345494013926,0.5026136394898514,0.5525724583022625,0.0026136394898513826,0.05257245830226254
Large surplus,9,3315,3339,0.027933895136561734,storage_bus_61,875.5614874907134,0.4865541628580901,0.5308819865131148,-0.013445837141909889,0.0308819865131148
Large surplus,9,3315,3339,0.027933895136561734,storage_bus_71,890.5328010216309,0.4861364310483923,0.534387333225825,-0.013863568951607674,0.03438733322582499
Large surplus,9,3315,3339,0.027933895136561734,storage_bus_72,98.80345494013926,0.5101813570118064,0.5604586794348251,0.010181357011806447,0.06045867943482508
Large surplus,9,3315,3339,0.027933895136561734,storage_bus_76,559.8862446607892,0.49744226985246215,0.5218019078782667,-0.002557730147537851,0.021801907878266746
Large surplus,9,3315,3339,0.027933895136561734,storage_bus_79,321.1112285554526,0.5009196966516553,0.5239153764926712,0.0009196966516552552,0.02391537649267117
Large surplus,9,3315,3339,0.027933895136561734,storage_bus_80,1510.0936477937455,0.46653145390175976,0.536182338909791,-0.03346854609824024,0.036182338909790945
Large surplus,9,3315,3339,0.027933895136561734,storage_bus_82,444.61554723062665,0.49516365782513033,0.5109791185779047,-0.004836342174869668,0.010979118577904678
Large surplus,9,3315,3339,0.027933895136561734,storage_bus_86,172.9060461452437,0.5032211011182102,0.5303215580288985,0.003221101118210168,0.030321558028898465
Large surplus,9,3315,3339,0.027933895136561734,storage_bus_88,395.21381976055704,0.5000064906415299,0.5085443728170332,6.4906415299104125e-06,0.008544372817033241
Large surplus,9,3315,3339,0.027933895136561734,storage_bus_92,535.1853809257543,0.49756956419197607,0.5056581063671336,-0.002430435808023934,0.005658106367133597
Large surplus,9,3315,3339,0.027933895136561734,storage_bus_97,123.50431867517408,0.499307069456177,0.5369752730253565,-0.0006929305438230227,0.036975273025356525
Large surplus,9,3315,3339,0.027933895136561734,storage_bus_98,279.9431223303946,0.4979142524067598,0.5185503878488253,-0.002085747593240206,0.018550387848825345
Large surplus,9,3315,3339,0.027933895136561734,storage_bus_112,559.8862446607892,0.4978329273875119,0.5156121982049741,-0.002167072612488108,0.01561219820497406
Large surplus,9,3315,3339,0.027933895136561734,storage_bus_115,181.1396673902553,0.5113852766270038,0.5404229891650957,0.011385276627003837,0.04042298916509568
Large surplus,10,3306,3330,0.027984588530029112,storage_bus_1,419.9146834955919,0.49298446766937626,0.5196470857012664,-0.007015532330623742,0.019647085701266387
Large surplus,10,3306,3330,0.027984588530029112,storage_bus_9,2511.888039456894,0.41808519124785126,0.5254954253279213,-0.08191480875214874,0.02549542532792126
Large surplus,10,3306,3330,0.027984588530029112,storage_bus_11,576.3534871508124,0.488494085352792,0.5186317876265947,-0.011505914647208015,0.018631787626594676
Large surplus,10,3306,3330,0.027984588530029112,storage_bus_15,741.0259120510444,0.47238357294470346,0.5106571846372993,-0.027616427055296544,0.010657184637299255
Large surplus,10,3306,3330,0.027984588530029112,storage_bus_16,205.8405311252901,0.49817492026820503,0.5305297110950441,-0.0018250797317949652,0.0305297110950441
Large surplus,10,3306,3330,0.027984588530029112,storage_bus_22,82.33621245011605,0.45087562223537686,0.5126154137509804,-0.04912437776462314,0.012615413750980409
Large surplus,10,3306,3330,0.027984588530029112,storage_bus_24,107.03707618515088,0.4646363903442733,0.5151771240636118,-0.03536360965572671,0.015177124063611824
Large surplus,10,3306,3330,0.027984588530029112,storage_bus_29,197.60690988027852,0.47227350853981925,0.5109420116499208,-0.027726491460180747,0.010942011649920813
Large surplus,10,3306,3330,0.027984588530029112,storage_bus_32,485.7836534556847,0.4756422486942498,0.5059998212071674,-0.024357751305750186,0.005999821207167355
Large surplus,10,3306,3330,0.027984588530029112,storage_bus_41,304.6439860654294,0.4736913024622633,0.5073110987951297,-0.02630869753773668,0.0073110987951297
Large surplus,10,3306,3330,0.027984588530029112,storage_bus_44,131.73793992018568,0.45853656917400715,0.51086800911172,-0.04146343082599285,0.010868009111720034
Large surplus,10,3306,3330,0.027984588530029112,storage_bus_54,1235.2029462319156,0.455450483501119,0.5223956039312968,-0.044549516498881,0.022395603931296804
Large surplus,10,3306,3330,0.027984588530029112,storage_bus_58,98.80345494013926,0.48694799312215487,0.5391374803555268,-0.013052006877845135,0.03913748035552678
Large surplus,10,3306,3330,0.027984588530029112,storage_bus_61,875.5614874907134,0.46506242527018554,0.5138656700646348,-0.03493757472981446,0.013865670064634794
Large surplus,10,3306,3330,0.027984588530029112,storage_bus_71,890.5328010216309,0.4579781702753708,0.514691630029469,-0.0420218297246292,0.01469163002946905
Large surplus,10,3306,3330,0.027984588530029112,storage_bus_72,98.80345494013926,0.45812337618473803,0.5138731560528598,-0.04187662381526197,0.01387315605285977
Large surplus,10,3306,3330,0.027984588530029112,storage_bus_76,559.8862446607892,0.4743521678421268,0.5033980058825295,-0.025647832157873196,0.0033980058825294757
Large surplus,10,3306,3330,0.027984588530029112,storage_bus_79,321.1112285554526,0.49484803815550127,0.520675728902558,-0.005151961844498731,0.020675728902557977
Large surplus,10,3306,3330,0.027984588530029112,storage_bus_80,1510.0936477937455,0.4461911599503416,0.5170078109544815,-0.05380884004965841,0.01700781095448145
Large surplus,10,3306,3330,0.027984588530029112,storage_bus_82,444.61554723062665,0.4689832456370637,0.4993215615324867,-0.031016754362936327,-0.0006784384675133093
Large surplus,10,3306,3330,0.027984588530029112,storage_bus_86,172.9060461452437,0.4614151945169125,0.503919011624729,-0.038584805483087514,0.003919011624728963
Large surplus,10,3306,3330,0.027984588530029112,storage_bus_88,395.21381976055704,0.46144910393272126,0.5000078881048502,-0.03855089606727874,7.888104850195532e-06
Large surplus,10,3306,3330,0.027984588530029112,storage_bus_92,535.1853809257543,0.4586303510247789,0.49757064904684334,-0.04136964897522111,-0.0024293509531566615
Large surplus,10,3306,3330,0.027984588530029112,storage_bus_97,123.50431867517408,0.4810409608527113,0.5273221648254866,-0.018959039147288692,0.02732216482548655
Large surplus,10,3306,3330,0.027984588530029112,storage_bus_98,279.9431223303946,0.48109451208980814,0.5107736692332118,-0.018905487910191865,0.010773669233211769
Large surplus,10,3306,3330,0.027984588530029112,storage_bus_112,559.8862446607892,0.455979359927516,0.4978344962962671,-0.04402064007248402,-0.0021655037037329183
Large surplus,10,3306,3330,0.027984588530029112,storage_bus_115,181.1396673902553,0.47016805472040035,0.511395900644461,-0.029831945279599648,0.011395900644461054
Large surplus,11,3316,3340,0.02814904088534145,storage_bus_1,419.9146834955919,0.5019912093761207,0.5272942430873055,0.0019912093761207394,0.027294243087305547
Large surplus,11,3316,3340,0.02814904088534145,storage_bus_9,2511.888039456894,0.4604118260023967,0.567594397669904,-0.03958817399760328,0.06759439766990405
Large surplus,11,3316,3340,0.02814904088534145,storage_bus_11,576.3534871508124,0.49411534748222186,0.5228612455242155,-0.005884652517778144,0.022861245524215534
Large surplus,11,3316,3340,0.02814904088534145,storage_bus_15,741.0259120510444,0.49449764359382864,0.5312655345043458,-0.00550235640617136,0.03126553450434577
Large surplus,11,3316,3340,0.02814904088534145,storage_bus_16,205.8405311252901,0.5045933629454565,0.535385689529334,0.004593362945456536,0.035385689529333963
Large surplus,11,3316,3340,0.02814904088534145,storage_bus_22,82.33621245011605,0.5089264816110468,0.558936786894516,0.00892648161104681,0.05893678689451598
Large surplus,11,3316,3340,0.02814904088534145,storage_bus_24,107.03707618515088,0.5094068961578825,0.5555166520558841,0.009406896157882483,0.055516652055884075
Large surplus,11,3316,3340,0.02814904088534145,storage_bus_29,197.60690988027852,0.5109207691106212,0.5386032110687021,0.010920769110621231,0.038603211068702126
Large surplus,11,3316,3340,0.02814904088534145,storage_bus_32,485.7836534556847,0.5028544337403519,0.5286233399303784,0.0028544337403518805,0.028623339930378355
Large surplus,11,3316,3340,0.02814904088534145,storage_bus_41,304.6439860654294,0.5073077044819561,0.5329335238350462,0.007307704481956057,0.03293352383504622
Large surplus,11,3316,3340,0.02814904088534145,storage_bus_44,131.73793992018568,0.5108576294674623,0.5518174795147208,0.01085762946746227,0.05181747951472082
Large surplus,11,3316,3340,0.02814904088534145,storage_bus_54,1235.2029462319156,0.4710497969117375,0.5358401622754853,-0.028950203088262516,0.035840162275485254
Large surplus,11,3316,3340,0.02814904088534145,storage_bus_58,98.80345494013926,0.5026139690500203,0.5525728637373326,0.002613969050020315,0.05257286373733261
Large surplus,11,3316,3340,0.02814904088534145,storage_bus_61,875.5614874907134,0.48856136528747324,0.5347665736621499,-0.011438634712526763,0.03476657366214986
Large surplus,11,3316,3340,0.02814904088534145,storage_bus_71,890.5328010216309,0.48959474671229214,0.5382845466217452,-0.01040525328770786,0.038284546621745186
Large surplus,11,3316,3340,0.02814904088534145,storage_bus_72,98.80345494013926,0.5101818114540413,0.5604593751081313,0.01018181145404129,0.060459375108131264
Large surplus,11,3316,3340,0.02814904088534145,storage_bus_76,559.8862446607892,0.4974422835862069,0.5218019265059334,-0.0025577164137930986,0.021801926505933378
Large surplus,11,3316,3340,0.02814904088534145,storage_bus_79,321.1112285554526,0.500919714212459,0.5239154001939236,0.0009197142124589552,0.023915400193923575
Large surplus,11,3316,3340,0.02814904088534145,storage_bus_80,1510.0936477937455,0.46653145763124004,0.5361823439840185,-0.03346854236875996,0.03618234398401854
Large surplus,11,3316,3340,0.02814904088534145,storage_bus_82,444.61554723062665,0.4951636680994833,0.5109791320939264,-0.004836331900516688,0.010979132093926425
Large surplus,11,3316,3340,0.02814904088534145,storage_bus_86,172.9060461452437,0.5032211284673745,0.5303215947755041,0.0032211284673745455,0.030321594775504113
Large surplus,11,3316,3340,0.02814904088534145,storage_bus_88,395.21381976055704,0.5000064997709662,0.5085443845036259,6.499770966228446e-06,0.008544384503625935
Large surplus,11,3316,3340,0.02814904088534145,storage_bus_92,535.1853809257543,0.49756957081518893,0.5056581147690613,-0.002430429184811067,0.0056581147690613065
Large surplus,11,3316,3340,0.02814904088534145,storage_bus_97,123.50431867517408,0.49930710932349864,0.5369753257214152,-0.0006928906765013565,0.03697532572141515
Large surplus,11,3316,3340,0.02814904088534145,storage_bus_98,279.9431223303946,0.49791426914159653,0.518550409842437,-0.0020857308584034673,0.018550409842437054
Large surplus,11,3316,3340,0.02814904088534145,storage_bus_112,559.8862446607892,0.4978329330127536,0.5156122055367507,-0.002167066987246391,0.01561220553675069
Large surplus,11,3316,3340,0.02814904088534145,storage_bus_115,181.1396673902553,0.5113853815453832,0.5404231335530381,0.011385381545383155,0.04042313355303806
Large surplus,12,3317,3341,0.028475840097334656,storage_bus_1,419.9146834955919,0.501991262535375,0.5272943190216789,0.0019912625353749602,0.027294319021678892
Large surplus,12,3317,3341,0.028475840097334656,storage_bus_9,2511.888039456894,0.4612595182529493,0.5714642728131234,-0.03874048174705069,0.0714642728131234
Large surplus,12,3317,3341,0.028475840097334656,storage_bus_11,576.3534871508124,0.49411539393748244,0.5228613119875953,-0.005884606062517561,0.022861311987595334
Large surplus,12,3317,3341,0.028475840097334656,storage_bus_15,741.0259120510444,0.49449768550203166,0.5312656408607832,-0.005502314497968341,0.031265640860783206
Large surplus,12,3317,3341,0.028475840097334656,storage_bus_16,205.8405311252901,0.5045934790837432,0.5353858627184901,0.0045934790837431905,0.03538586271849009
Large surplus,12,3317,3341,0.028475840097334656,storage_bus_22,82.33621245011605,0.5089267163094106,0.5589372101828788,0.008926716309410554,0.058937210182878785
Large surplus,12,3317,3341,0.028475840097334656,storage_bus_24,107.03707618515088,0.5094070610392203,0.5555170059160607,0.009407061039220288,0.05551700591606068
Large surplus,12,3317,3341,0.028475840097334656,storage_bus_29,197.60690988027852,0.5109208530243821,0.538603344991097,0.01092085302438206,0.038603344991096966
Large surplus,12,3317,3341,0.028475840097334656,storage_bus_32,485.7836534556847,0.5028544694681514,0.5286233990432975,0.002854469468151377,0.02862339904329747
Large surplus,12,3317,3341,0.028475840097334656,storage_bus_41,304.6439860654294,0.5073077800079322,0.5329336593781837,0.007307780007932196,0.03293365937818371
Large surplus,12,3317,3341,0.028475840097334656,storage_bus_44,131.73793992018568,0.5108578666339171,0.5518179414345632,0.01085786663391708,0.0518179414345632
Large surplus,12,3317,3341,0.028475840097334656,storage_bus_54,1235.2029462319156,0.4710498236055344,0.5358401963176577,-0.02895017639446562,0.03584019631765767
Large surplus,12,3317,3341,0.028475840097334656,storage_bus_58,98.80345494013926,0.5026142827541347,0.5525732703885502,0.002614282754134667,0.0525732703885502
Large surplus,12,3317,3341,0.028475840097334656,storage_bus_61,875.5614874907134,0.49003628617200873,0.5389975473067816,-0.009963713827991272,0.03899754730678162
Large surplus,12,3317,3341,0.028475840097334656,storage_bus_71,890.5328010216309,0.49449316373986396,0.5423117862064817,-0.005506836260136039,0.04231178620648168
Large surplus,12,3317,3341,0.028475840097334656,storage_bus_72,98.80345494013926,0.5101821654768093,0.5604600793306483,0.01018216547680928,0.06046007933064834
Large surplus,12,3317,3341,0.028475840097334656,storage_bus_76,559.8862446607892,0.49744229331790774,0.5218019454776144,-0.0025577066820922645,0.02180194547761438
Large surplus,12,3317,3341,0.028475840097334656,storage_bus_79,321.1112285554526,0.5009197262776106,0.5239154244608046,0.0009197262776106108,0.023915424460804635
Large surplus,12,3317,3341,0.028475840097334656,storage_bus_80,1510.0936477937455,0.46653146013941676,0.5361823491271482,-0.033468539860583235,0.03618234912714824
Large surplus,12,3317,3341,0.028475840097334656,storage_bus_82,444.61554723062665,0.49516367510365383,0.5109791458824827,-0.004836324896346167,0.010979145882482721
Large surplus,12,3317,3341,0.028475840097334656,storage_bus_86,172.9060461452437,0.5032211466754964,0.5303216324143001,0.0032211466754964446,0.03032163241430008
Large surplus,12,3317,3341,0.028475840097334656,storage_bus_88,395.21381976055704,0.5000065061109549,0.5085443963946723,6.506110954873634e-06,0.008544396394672304
Large surplus,12,3317,3341,0.028475840097334656,storage_bus_92,535.1853809257543,0.4975695754364031,0.5056581233064134,-0.002430424563596878,0.005658123306413354
Large surplus,12,3317,3341,0.028475840097334656,storage_bus_97,123.50431867517408,0.4993071366525958,0.5369753795909658,-0.0006928633474042045,0.03697537959096575
Large surplus,12,3317,3341,0.028475840097334656,storage_bus_98,279.9431223303946,0.49791428067707333,0.5185504323025115,-0.0020857193229266713,0.01855043230251152
Large surplus,12,3317,3341,0.028475840097334656,storage_bus_112,559.8862446607892,0.4978329369337027,0.5156122130324752,-0.0021670630662973256,0.015612213032475175
Large surplus,12,3317,3341,0.028475840097334656,storage_bus_115,181.1396673902553,0.5113854716274894,0.5404232786982067,0.011385471627489374,0.04042327869820672
Large surplus,13,3318,3342,0.02877025274502973,storage_bus_1,419.9146834955919,0.5019913217206387,0.5272943945615984,0.00199132172063865,0.027294394561598434
Large surplus,13,3318,3342,0.02877025274502973,storage_bus_9,2511.888039456894,0.46314914566244036,0.5739096841910972,-0.036850854337559635,0.07390968419109722
Large surplus,13,3318,3342,0.02877025274502973,storage_bus_11,576.3534871508124,0.4941154473555706,0.5228613803156013,-0.005884552644429386,0.022861380315601254
Large surplus,13,3318,3342,0.02877025274502973,storage_bus_15,741.0259120510444,0.49449773438466055,0.5312657427809906,-0.005502265615339452,0.03126574278099059
Large surplus,13,3318,3342,0.02877025274502973,storage_bus_16,205.8405311252901,0.5045936128143002,0.5353860416273073,0.004593612814300152,0.035386041627307296
Large surplus,13,3318,3342,0.02877025274502973,storage_bus_22,82.33621245011605,0.5089269782548694,0.5589375911042566,0.008926978254869433,0.05893759110425656
Large surplus,13,3318,3342,0.02877025274502973,storage_bus_24,107.03707618515088,0.5094072531758326,0.555517314731638,0.009407253175832575,0.05551731473163801
Large surplus,13,3318,3342,0.02877025274502973,storage_bus_29,197.60690988027852,0.5109209438719007,0.5386034660740617,0.010920943871900679,0.03860346607406173
Large surplus,13,3318,3342,0.02877025274502973,storage_bus_32,485.7836534556847,0.5028545084964181,0.5286234522623035,0.0028545084964181067,0.02862345226230345
Large surplus,13,3318,3342,0.02877025274502973,storage_bus_41,304.6439860654294,0.507307861466784,0.5329337843097924,0.007307861466783971,0.032933784309792435
Large surplus,13,3318,3342,0.02877025274502973,storage_bus_44,131.73793992018568,0.510858122817869,0.5518183757142932,0.01085812281786902,0.05181837571429315
Large surplus,13,3318,3342,0.02877025274502973,storage_bus_54,1235.2029462319156,0.4710498531064344,0.5358402337303776,-0.02895014689356562,0.03584023373037759
Large surplus,13,3318,3342,0.02877025274502973,storage_bus_58,98.80345494013926,0.5026146303160597,0.5525737131569263,0.002614630316059685,0.05257371315692627
Large surplus,13,3318,3342,0.02877025274502973,storage_bus_61,875.5614874907134,0.4905254360379096,0.541821002861945,-0.009474563962090399,0.04182100286194501
Large surplus,13,3318,3342,0.02877025274502973,storage_bus_71,890.5328010216309,0.49956729657815835,0.5479463955692295,-0.00043270342184165145,0.04794639556922953
Large surplus,13,3318,3342,0.02877025274502973,storage_bus_72,98.80345494013926,0.5101825760897691,0.5604607116776198,0.010182576089769135,0.060460711677619794
Large surplus,13,3318,3342,0.02877025274502973,storage_bus_76,559.8862446607892,0.49744230500142333,0.5218019617937775,-0.002557694998576665,0.02180196179377747
Large surplus,13,3318,3342,0.02877025274502973,storage_bus_79,321.1112285554526,0.5009197410564624,0.5239154451024591,0.0009197410564624198,0.023915445102459132
Large surplus,13,3318,3342,0.02877025274502973,storage_bus_80,1510.0936477937455,0.466531463220867,0.5361823534625063,-0.033468536779132974,0.03618235346250631
Large surplus,13,3318,3342,0.02877025274502973,storage_bus_82,444.61554723062665,0.4951636835653586,0.5109791575166479,-0.004836316434641386,0.010979157516647908
Large surplus,13,3318,3342,0.02877025274502973,storage_bus_86,172.9060461452437,0.5032211686601137,0.5303216629479479,0.0032211686601136824,0.030321662947947914
Large surplus,13,3318,3342,0.02877025274502973,storage_bus_88,395.21381976055704,0.5000065136484467,0.5085444063725257,6.513648446726528e-06,0.008544406372525737
Large surplus,13,3318,3342,0.02877025274502973,storage_bus_92,535.1853809257543,0.49756958092867143,0.5056581304961388,-0.002430419071328571,0.005658130496138836
Large surplus,13,3318,3342,0.02877025274502973,storage_bus_97,123.50431867517408,0.4993071699921212,0.5369754254071991,-0.0006928300078787863,0.036975425407199114
Large surplus,13,3318,3342,0.02877025274502973,storage_bus_98,279.9431223303946,0.49791429467884224,0.5185504513754957,-0.0020857053211577603,0.018550451375495713
Large surplus,13,3318,3342,0.02877025274502973,storage_bus_112,559.8862446607892,0.49783294156377583,0.5156122192974998,-0.0021670584362241674,0.015612219297499785
Large surplus,13,3318,3342,0.02877025274502973,storage_bus_115,181.1396673902553,0.5113855694389238,0.5404234097160908,0.01138556943892377,0.04042340971609082
Large surplus,14,3319,3343,0.028986521863390798,storage_bus_1,419.9146834955919,0.5019915328385516,0.5272946263453328,0.0019915328385515796,0.02729462634533275
Large surplus,14,3319,3343,0.028986521863390798,storage_bus_9,2511.888039456894,0.4691477056394917,0.579378253364952,-0.030852294360508292,0.07937825336495197
Large surplus,14,3319,3343,0.028986521863390798,storage_bus_11,576.3534871508124,0.4941159753777157,0.5228618704997164,-0.005884024622284323,0.02286187049971644
Large surplus,14,3319,3343,0.028986521863390798,storage_bus_15,741.0259120510444,0.49449794331845975,0.531266892408074,-0.005502056681540246,0.03126689240807401
Large surplus,14,3319,3343,0.028986521863390798,storage_bus_16,205.8405311252901,0.5045946546611725,0.5353871473806749,0.0045946546611724814,0.035387147380674944
Large surplus,14,3319,3343,0.028986521863390798,storage_bus_22,82.33621245011605,0.5089275687320782,0.558938179413458,0.008927568732078228,0.058938179413458025
Large surplus,14,3319,3343,0.028986521863390798,storage_bus_24,107.03707618515088,0.5094079890846543,0.5555180583868972,0.009407989084654345,0.05551805838689716
Large surplus,14,3319,3343,0.028986521863390798,storage_bus_29,197.60690988027852,0.5109211018437617,0.538603622027149,0.010921101843761716,0.038603622027148954
Large surplus,14,3319,3343,0.028986521863390798,storage_bus_32,485.7836534556847,0.502854581492939,0.528623524173715,0.0028545814929390456,0.028623524173715054
Large surplus,14,3319,3343,0.028986521863390798,storage_bus_41,304.6439860654294,0.5073079863148776,0.5329339120705224,0.0073079863148776125,0.03293391207052243
Large surplus,14,3319,3343,0.028986521863390798,storage_bus_44,131.73793992018568,0.510858537597347,0.5518188165292154,0.010858537597347007,0.051818816529215384
Large surplus,14,3319,3343,0.028986521863390798,storage_bus_54,1235.2029462319156,0.47321146665227565,0.5384655830856243,-0.026788533347724353,0.03846558308562431
Large surplus,14,3319,3343,0.028986521863390798,storage_bus_58,98.80345494013926,0.5026158895813926,0.5525749109337337,0.002615889581392583,0.052574910933733676
Large surplus,14,3319,3343,0.028986521863390798,storage_bus_61,875.5614874907134,0.49353648439462816,0.5441250520692732,-0.006463515605371839,0.044125052069273196
Large surplus,14,3319,3343,0.028986521863390798,storage_bus_71,890.5328010216309,0.4995958049327768,0.5481229373965655,-0.00040419506722322307,0.04812293739656548
Large surplus,14,3319,3343,0.028986521863390798,storage_bus_72,98.80345494013926,0.5101838141996502,0.5604618850661919,0.010183814199650199,0.06046188506619188
Large surplus,14,3319,3343,0.028986521863390798,storage_bus_76,559.8862446607892,0.4974423581186645,0.5218020155984797,-0.002557641881335504,0.021802015598479718
Large surplus,14,3319,3343,0.028986521863390798,storage_bus_79,321.1112285554526,0.5009198747948588,0.5239155876350733,0.0009198747948587771,0.023915587635073288
Large surplus,14,3319,3343,0.028986521863390798,storage_bus_80,1510.0936477937455,0.4665315092608433,0.5361824053054345,-0.0334684907391567,0.036182405305434484
Large surplus,14,3319,3343,0.028986521863390798,storage_bus_82,444.61554723062665,0.495163727457683,0.5109792008536208,-0.0048362725423169994,0.010979200853620807
Large surplus,14,3319,3343,0.028986521863390798,storage_bus_86,172.9060461452437,0.5032213049387022,0.5303217902577599,0.0032213049387022075,0.03032179025775994
Large surplus,14,3319,3343,0.028986521863390798,storage_bus_88,395.21381976055704,0.5000065419256872,0.5085444331758733,6.541925687164607e-06,0.008544433175873278
Large surplus,14,3319,3343,0.028986521863390798,storage_bus_92,535.1853809257543,0.49756960125439303,0.5056581494863358,-0.0024303987456069653,0.005658149486335806
Large surplus,14,3319,3343,0.028986521863390798,storage_bus_97,123.50431867517408,0.4993074198292652,0.5369756746623087,-0.0006925801707348134,0.036975674662308666
Large surplus,14,3319,3343,0.028986521863390798,storage_bus_98,279.9431223303946,0.49791438597129706,0.5185505414779839,-0.0020856140287029423,0.01855054147798385
Large surplus,14,3319,3343,0.028986521863390798,storage_bus_112,559.8862446607892,0.497832957089325,0.5156122349711898,-0.0021670429106749878,0.015612234971189798
Large surplus,14,3319,3343,0.028986521863390798,storage_bus_115,181.1396673902553,0.5113857432069671,0.5404235812816323,0.011385743206967058,0.04042358128163226
Large surplus,15,3320,3344,0.029449732309922007,storage_bus_1,419.9146834955919,0.5019918006306062,0.5272950127367789,0.001991800630606222,0.027295012736778923
Large surplus,15,3320,3344,0.029449732309922007,storage_bus_9,2511.888039456894,0.4741383636959873,0.5845066211920601,-0.025861636304012725,0.0845066211920601
Large surplus,15,3320,3344,0.029449732309922007,storage_bus_11,576.3534871508124,0.4959396892582891,0.5247559049749257,-0.004060310741710926,0.024755904974925746
Large surplus,15,3320,3344,0.029449732309922007,storage_bus_15,741.0259120510444,0.4944982306300569,0.532847023699943,-0.005501769369943121,0.03284702369994297
Large surplus,15,3320,3344,0.029449732309922007,storage_bus_16,205.8405311252901,0.5045975208365554,0.5353911195843304,0.004597520836555402,0.03539111958433039
Large surplus,15,3320,3344,0.029449732309922007,storage_bus_22,82.33621245011605,0.5089281844839998,0.5589388169261419,0.00892818448399979,0.05893881692614189
Large surplus,15,3320,3344,0.029449732309922007,storage_bus_24,107.03707618515088,0.509408849831842,0.5555189479458592,0.009408849831841981,0.05551894794585921
Large surplus,15,3320,3344,0.029449732309922007,storage_bus_29,197.60690988027852,0.5109212617516413,0.5386037879104362,0.01092126175164132,0.03860378791043617
Large surplus,15,3320,3344,0.029449732309922007,storage_bus_32,485.7836534556847,0.5028546558514339,0.528623601184599,0.0028546558514338516,0.028623601184598946
Large surplus,15,3320,3344,0.029449732309922007,storage_bus_41,304.6439860654294,0.5073081039272719,0.5329340364041513,0.007308103927271881,0.03293403640415127
Large surplus,15,3320,3344,0.029449732309922007,storage_bus_44,131.73793992018568,0.5108589112688662,0.5518192218101758,0.010858911268866178,0.05181922181017584
Large surplus,15,3320,3344,0.029449732309922007,storage_bus_54,1235.2029462319156,0.47990299484314064,0.5451624566793297,-0.02009700515685936,0.04516245667932972
Large surplus,15,3320,3344,0.029449732309922007,storage_bus_58,98.80345494013926,0.5026175347409043,0.5525766096115595,0.002617534740904315,0.05257660961155952
Large surplus,15,3320,3344,0.029449732309922007,storage_bus_61,875.5614874907134,0.4949933308764954,0.5459283421180409,-0.005006669123504615,0.045928342118040866
Large surplus,15,3320,3344,0.029449732309922007,storage_bus_71,890.5328010216309,0.49959679977391536,0.5499417843075165,-0.00040320022608464345,0.0499417843075165
Large surplus,15,3320,3344,0.029449732309922007,storage_bus_72,98.80345494013926,0.5101850841682406,0.5604632169683729,0.010185084168240599,0.06046321696837287
Large surplus,15,3320,3344,0.029449732309922007,storage_bus_76,559.8862446607892,0.4974424308052223,0.5218020905156912,-0.0025575691947776757,0.021802090515691153
Large surplus,15,3320,3344,0.029449732309922007,storage_bus_79,321.1112285554526,0.5009202056291168,0.5239159330819518,0.000920205629116766,0.023915933081951835
Large surplus,15,3320,3344,0.029449732309922007,storage_bus_80,1510.0936477937455,0.4706043971797259,0.5415292105768894,-0.02939560282027409,0.04152921057688941
Large surplus,15,3320,3344,0.029449732309922007,storage_bus_82,444.61554723062665,0.49516378823935836,0.5109792627409309,-0.00483621176064164,0.010979262740930862
Large surplus,15,3320,3344,0.029449732309922007,storage_bus_86,172.9060461452437,0.5032215053318041,0.5303219955097126,0.0032215053318040976,0.030321995509712596
Large surplus,15,3320,3344,0.029449732309922007,storage_bus_88,395.21381976055704,0.5000065758009119,0.5085444669109254,6.57580091190102e-06,0.008544466910925363
Large surplus,15,3320,3344,0.029449732309922007,storage_bus_92,535.1853809257543,0.4975696255682644,0.5056581731421266,-0.0024303744317356046,0.005658173142126577
Large surplus,15,3320,3344,0.029449732309922007,storage_bus_97,123.50431867517408,0.49930789130181186,0.5369761342223237,-0.000692108698188143,0.03697613422232371
Large surplus,15,3320,3344,0.029449732309922007,storage_bus_98,279.9431223303946,0.49791453589195833,0.5185506899934175,-0.002085464108041668,0.01855068999341747
Large surplus,15,3320,3344,0.029449732309922007,storage_bus_112,559.8862446607892,0.49783297495530043,0.5156122547171825,-0.0021670250446995665,0.015612254717182528
Large surplus,15,3320,3344,0.029449732309922007,storage_bus_115,181.1396673902553,0.5113859196024959,0.5404237642201133,0.011385919602495909,0.04042376422011329
Large surplus,16,3321,3345,0.030074357207431058,storage_bus_1,419.9146834955919,0.5019920903786,0.5272959142085226,0.001992090378600042,0.02729591420852262
Large surplus,16,3321,3345,0.030074357207431058,storage_bus_9,2511.888039456894,0.479061027392183,0.5898540049055987,-0.02093897260781702,0.0898540049055987
Large surplus,16,3321,3345,0.030074357207431058,storage_bus_11,576.3534871508124,0.49796638443668506,0.5277389000669291,-0.002033615563314939,0.02773890006692914
Large surplus,16,3321,3345,0.030074357207431058,storage_bus_15,741.0259120510444,0.4945000083703348,0.5335001636291693,-0.005499991629665191,0.0335001636291693
Large surplus,16,3321,3345,0.030074357207431058,storage_bus_16,205.8405311252901,0.5046632781428342,0.5358004973933235,0.004663278142834182,0.03580049739332347
Large surplus,16,3321,3345,0.030074357207431058,storage_bus_22,82.33621245011605,0.5089288168204539,0.5589394179156856,0.008928816820453878,0.05893941791568558
Large surplus,16,3321,3345,0.030074357207431058,storage_bus_24,107.03707618515088,0.5094097466914628,0.5555197794974446,0.009409746691462773,0.05551977949744458
Large surplus,16,3321,3345,0.030074357207431058,storage_bus_29,197.60690988027852,0.5109214249905986,0.538603944084004,0.01092142499059856,0.03860394408400403
Large surplus,16,3321,3345,0.030074357207431058,storage_bus_32,485.7836534556847,0.5028547318468214,0.5286236735856482,0.00285473184682139,0.028623673585648213
Large surplus,16,3321,3345,0.030074357207431058,storage_bus_41,304.6439860654294,0.5073082234869668,0.5329341475132063,0.007308223486966803,0.032934147513206335
Large surplus,16,3321,3345,0.030074357207431058,storage_bus_44,131.73793992018568,0.5108592913623099,0.5518195625742175,0.010859291362309897,0.05181956257421749
Large surplus,16,3321,3345,0.030074357207431058,storage_bus_54,1235.2029462319156,0.4851047866708959,0.5514135492180506,-0.014895213329104096,0.051413549218050636
Large surplus,16,3321,3345,0.030074357207431058,storage_bus_58,98.80345494013926,0.502619382325903,0.5525782450722251,0.0026193823259029747,0.05257824507222508
Large surplus,16,3321,3345,0.030074357207431058,storage_bus_61,875.5614874907134,0.49653677266642876,0.5480779113773003,-0.0034632273335712394,0.04807791137730033
Large surplus,16,3321,3345,0.030074357207431058,storage_bus_71,890.5328010216309,0.4995984184527824,0.5515168072696492,-0.00040158154721758876,0.051516807269649245
Large surplus,16,3321,3345,0.030074357207431058,storage_bus_72,98.80345494013926,0.5101863988228289,0.560464418400774,0.010186398822828902,0.06046441840077399
Large surplus,16,3321,3345,0.030074357207431058,storage_bus_76,559.8862446607892,0.4974425076399845,0.5218021634715503,-0.002557492360015512,0.021802163471550284
Large surplus,16,3321,3345,0.030074357207431058,storage_bus_79,321.1112285554526,0.500920606343742,0.5239163459816654,0.0009206063437420253,0.023916345981665366
Large surplus,16,3321,3345,0.030074357207431058,storage_bus_80,1510.0936477937455,0.47545054649450097,0.5479925952580236,-0.02454945350549903,0.047992595258023574
Large surplus,16,3321,3345,0.030074357207431058,storage_bus_82,444.61554723062665,0.4951638522930027,0.5109793228554387,-0.004836147706997307,0.010979322855438678
Large surplus,16,3321,3345,0.030074357207431058,storage_bus_86,172.9060461452437,0.5032217145122937,0.5303221816759079,0.003221714512293694,0.030322181675907944
Large surplus,16,3321,3345,0.030074357207431058,storage_bus_88,395.21381976055704,0.5000066107239822,0.5085444987350238,6.610723982225508e-06,0.008544498735023831
Large surplus,16,3321,3345,0.030074357207431058,storage_bus_92,535.1853809257543,0.49756965066450715,0.5056581955069406,-0.002430349335492854,0.005658195506940578
Large surplus,16,3321,3345,0.030074357207431058,storage_bus_97,123.50431867517408,0.4993084209078279,0.5369766189105699,-0.000691579092172101,0.036976618910569914
Large surplus,16,3321,3345,0.030074357207431058,storage_bus_98,279.9431223303946,0.4979146989095899,0.5185508399693866,-0.0020853010904101077,0.018550839969386557
Large surplus,16,3321,3345,0.030074357207431058,storage_bus_112,559.8862446607892,0.4978329933516989,0.5156122731470365,-0.0021670066483011063,0.015612273147036504
Large surplus,16,3321,3345,0.030074357207431058,storage_bus_115,181.1396673902553,0.5113860996631224,0.5404239363948893,0.011386099663122429,0.04042393639488928
Large surplus,17,3322,3346,0.030808706380915683,storage_bus_1,419.9146834955919,0.5019924292409498,0.5272962089247362,0.001992429240949778,0.027296208924736165
Large surplus,17,3322,3346,0.030808706380915683,storage_bus_9,2511.888039456894,0.483921905314674,0.5954171758066381,-0.016078094685326005,0.09541717580663811
Large surplus,17,3322,3346,0.030808706380915683,storage_bus_11,576.3534871508124,0.5004193313020588,0.5311431723145572,0.00041933130205884517,0.03114317231455721
Large surplus,17,3322,3346,0.030808706380915683,storage_bus_15,741.0259120510444,0.4946014689742884,0.5335004474910295,-0.005398531025711584,0.03350044749102954
Large surplus,17,3322,3346,0.030808706380915683,storage_bus_16,205.8405311252901,0.5060509739701406,0.5376425971945538,0.0060509739701406495,0.03764259719455376
Large surplus,17,3322,3346,0.030808706380915683,storage_bus_22,82.33621245011605,0.508929496522653,0.5589399167586135,0.008929496522652958,0.05893991675861354
Large surplus,17,3322,3346,0.030808706380915683,storage_bus_24,107.03707618515088,0.509410719670113,0.5555203777545298,0.009410719670112977,0.05552037775452978
Large surplus,17,3322,3346,0.030808706380915683,storage_bus_29,197.60690988027852,0.5109215994809466,0.5386040774311179,0.01092159948094662,0.038604077431117934
Large surplus,17,3322,3346,0.030808706380915683,storage_bus_32,485.7836534556847,0.5028548132762071,0.5286237347294256,0.002854813276207069,0.028623734729425587
Large surplus,17,3322,3346,0.030808706380915683,storage_bus_41,304.6439860654294,0.5073083506494659,0.5329342369122385,0.007308350649465889,0.03293423691223851
Large surplus,17,3322,3346,0.030808706380915683,storage_bus_44,131.73793992018568,0.510859696541495,0.551819813479479,0.01085969654149499,0.05181981347947895
Large surplus,17,3322,3346,0.030808706380915683,storage_bus_54,1235.2029462319156,0.48939269018444387,0.558355219649275,-0.010607309815556132,0.058355219649275036
Large surplus,17,3322,3346,0.030808706380915683,storage_bus_58,98.80345494013926,0.5026215270770987,0.552579378225412,0.0026215270770987287,0.05257937822541203
Large surplus,17,3322,3346,0.030808706380915683,storage_bus_61,875.5614874907134,0.4980508754079774,0.5493562133640786,-0.001949124592022622,0.04935621336407858
Large surplus,17,3322,3346,0.030808706380915683,storage_bus_71,890.5328010216309,0.5004607547892093,0.5515170154138399,0.00046075478920926116,0.051517015413839906
Large surplus,17,3322,3346,0.030808706380915683,storage_bus_72,98.80345494013926,0.5101878172880301,0.560465173807702,0.010187817288030088,0.060465173807702
Large surplus,17,3322,3346,0.030808706380915683,storage_bus_76,559.8862446607892,0.4974425918808745,0.5218022236207926,-0.002557408119125526,0.02180222362079265
Large surplus,17,3322,3346,0.030808706380915683,storage_bus_79,321.1112285554526,0.5009210909121471,0.523916695319052,0.0009210909121470934,0.02391669531905205
Large surplus,17,3322,3346,0.030808706380915683,storage_bus_80,1510.0936477937455,0.480453865959599,0.5545186629983829,-0.01954613404040101,0.05451866299838293
Large surplus,17,3322,3346,0.030808706380915683,storage_bus_82,444.61554723062665,0.4951639221501981,0.5109793711989385,-0.00483607784980189,0.010979371198938548
Large surplus,17,3322,3346,0.030808706380915683,storage_bus_86,172.9060461452437,0.5032219394712893,0.5303223005828657,0.003221939471289348,0.03032230058286567
Large surplus,17,3322,3346,0.030808706380915683,storage_bus_88,395.21381976055704,0.5000066482116532,0.508544524164064,6.648211653192959e-06,0.008544524164064038
Large surplus,17,3322,3346,0.030808706380915683,storage_bus_92,535.1853809257543,0.49756967766384774,0.5056582135483589,-0.0024303223361522575,0.005658213548358937
Large surplus,17,3322,3346,0.030808706380915683,storage_bus_97,123.50431867517408,0.49930902693053675,0.5369770137694775,-0.0006909730694632521,0.036977013769477485
Large surplus,17,3322,3346,0.030808706380915683,storage_bus_98,279.9431223303946,0.49791488172876636,0.5185509587327077,-0.0020851182712336436,0.018550958732707734
Large surplus,17,3322,3346,0.030808706380915683,storage_bus_112,559.8862446607892,0.49783301340099056,0.5156122875118536,-0.002166986599009435,0.015612287511853618
Large surplus,17,3322,3346,0.030808706380915683,storage_bus_115,181.1396673902553,0.5113862920644298,0.5404240828590658,0.01138629206442976,0.040424082859065846
Large surplus,18,3323,3347,0.03158193342491133,storage_bus_1,419.9146834955919,0.5019927027896116,0.5272964496575524,0.001992702789611611,0.027296449657552402
Large surplus,18,3323,3347,0.03158193342491133,storage_bus_9,2511.888039456894,0.4890806833910623,0.6010490722345405,-0.01091931660893769,0.10104907223454052
Large surplus,18,3323,3347,0.03158193342491133,storage_bus_11,576.3534871508124,0.5015484974239733,0.5327050851534707,0.0015484974239733384,0.0327050851534707
Large surplus,18,3323,3347,0.03158193342491133,storage_bus_15,741.0259120510444,0.49460169216392436,0.5335006199039831,-0.005398307836075644,0.03350061990398312
Large surplus,18,3323,3347,0.03158193342491133,storage_bus_16,205.8405311252901,0.506056725204521,0.5376476672503383,0.006056725204521052,0.0376476672503383
Large surplus,18,3323,3347,0.03158193342491133,storage_bus_22,82.33621245011605,0.5089300695410851,0.5589403597769658,0.008930069541085106,0.05894035977696577
Large surplus,18,3323,3347,0.03158193342491133,storage_bus_24,107.03707618515088,0.509411523899395,0.5555209167887314,0.009411523899395036,0.05552091678873139
Large surplus,18,3323,3347,0.03158193342491133,storage_bus_29,197.60690988027852,0.5109217468835868,0.5386041956729783,0.010921746883586825,0.03860419567297835
Large surplus,18,3323,3347,0.03158193342491133,storage_bus_32,485.7836534556847,0.502854881647971,0.5286237888566878,0.002854881647970986,0.028623788856687815
Large surplus,18,3323,3347,0.03158193342491133,storage_bus_41,304.6439860654294,0.5073084598157779,0.5329343171693308,0.007308459815777879,0.03293431716933082
Large surplus,18,3323,3347,0.03158193342491133,storage_bus_44,131.73793992018568,0.5108600456080269,0.5518200389477517,0.010860045608026891,0.05182003894775167
Large surplus,18,3323,3347,0.03158193342491133,storage_bus_54,1235.2029462319156,0.49345475696947527,0.5641219437162597,-0.006545243030524728,0.06412194371625968
Large surplus,18,3323,3347,0.03158193342491133,storage_bus_58,98.80345494013926,0.5026233029833803,0.5525803748211818,0.0026233029833803156,0.05258037482118183
Large surplus,18,3323,3347,0.03158193342491133,storage_bus_61,875.5614874907134,0.500274284075989,0.5513632703683837,0.0002742840759889509,0.05136327036838373
Large surplus,18,3323,3347,0.03158193342491133,storage_bus_71,890.5328010216309,0.5007037014999656,0.5515172227073795,0.00070370149996557,0.05151722270737946
Large surplus,18,3323,3347,0.03158193342491133,storage_bus_72,98.80345494013926,0.5101889934628343,0.5604658708951816,0.010188993462834306,0.06046587089518163
Large surplus,18,3323,3347,0.03158193342491133,storage_bus_76,559.8862446607892,0.49744265863035264,0.5218022750793551,-0.002557341369647359,0.02180227507935506
Large surplus,18,3323,3347,0.03158193342491133,storage_bus_79,321.1112285554526,0.5009214315056371,0.5239169684901065,0.0009214315056370603,0.023916968490106494
Large surplus,18,3323,3347,0.03158193342491133,storage_bus_80,1510.0936477937455,0.48399834190863483,0.5587460437478525,-0.016001658091365167,0.05874604374785253
Large surplus,18,3323,3347,0.03158193342491133,storage_bus_82,444.61554723062665,0.49516397542137464,0.5109793345821094,-0.004836024578625364,0.010979334582109423
Large surplus,18,3323,3347,0.03158193342491133,storage_bus_86,172.9060461452437,0.5032220819344835,0.5303221901989379,0.0032220819344834783,0.030322190198937893
Large surplus,18,3323,3347,0.03158193342491133,storage_bus_88,395.21381976055704,0.500006677163063,0.508505741216412,6.677163063018021e-06,0.00850574121641201
Large surplus,18,3323,3347,0.03158193342491133,storage_bus_92,535.1853809257543,0.4975696986162398,0.4989320753823827,-0.002430301383760214,-0.0010679246176172885
Large surplus,18,3323,3347,0.03158193342491133,storage_bus_97,123.50431867517408,0.49930946538491117,0.5369769300091957,-0.0006905346150888336,0.03697693000919566
Large surplus,18,3323,3347,0.03158193342491133,storage_bus_98,279.9431223303946,0.4979150142673895,0.5185509122269959,-0.0020849857326105115,0.018550912226995897
Large surplus,18,3323,3347,0.03158193342491133,storage_bus_112,559.8862446607892,0.49783302840352256,0.47505727344614646,-0.0021669715964774405,-0.024942726553853545
Large surplus,18,3323,3347,0.03158193342491133,storage_bus_115,181.1396673902553,0.5113864545440227,0.540424212800363,0.01138645454402265,0.04042421280036301
Large surplus,19,3324,3348,0.03246525863874583,storage_bus_1,419.9146834955919,0.5019929936364165,0.5272967814930716,0.0019929936364164735,0.027296781493071576
Large surplus,19,3324,3348,0.03246525863874583,storage_bus_9,2511.888039456894,0.4942873697334152,0.6068845509048938,-0.005712630266584806,0.1068845509048938
Large surplus,19,3324,3348,0.03246525863874583,storage_bus_11,576.3534871508124,0.5020804688177228,0.5350879049633077,0.002080468817722836,0.035087904963307714
Large surplus,19,3324,3348,0.03246525863874583,storage_bus_15,741.0259120510444,0.49460190700125206,0.5335008693036878,-0.005398092998747939,0.033500869303687786
Large surplus,19,3324,3348,0.03246525863874583,storage_bus_16,205.8405311252901,0.5060604490051315,0.5383659280639944,0.006060449005131474,0.038365928063994414
Large surplus,19,3324,3348,0.03246525863874583,storage_bus_22,82.33621245011605,0.5089306649000572,0.558940905562956,0.008930664900057228,0.05894090556295595
Large surplus,19,3324,3348,0.03246525863874583,storage_bus_24,107.03707618515088,0.5094123669027534,0.5555216240256895,0.009412366902753377,0.0555216240256895
Large surplus,19,3324,3348,0.03246525863874583,storage_bus_29,197.60690988027852,0.5109218993998716,0.5386043386531787,0.010921899399871648,0.038604338653178694
Large surplus,19,3324,3348,0.03246525863874583,storage_bus_32,485.7836534556847,0.5028549524698777,0.5286238548760611,0.0028549524698776585,0.028623854876061117
Large surplus,19,3324,3348,0.03246525863874583,storage_bus_41,304.6439860654294,0.5073085741297929,0.5329344148757508,0.007308574129792911,0.03293441487575077
Large surplus,19,3324,3348,0.03246525863874583,storage_bus_44,131.73793992018568,0.510860417804833,0.5518203209625215,0.010860417804833045,0.05182032096252154
Large surplus,19,3324,3348,0.03246525863874583,storage_bus_54,1235.2029462319156,0.49695739812839135,0.5697881112063669,-0.0030426018716086523,0.06978811120636685
Large surplus,19,3324,3348,0.03246525863874583,storage_bus_58,98.80345494013926,0.5026252620937051,0.5525817944857343,0.002625262093705061,0.0525817944857343
Large surplus,19,3324,3348,0.03246525863874583,storage_bus_61,875.5614874907134,0.5029048295618852,0.5544610113592761,0.0029048295618852027,0.05446101135927606
Large surplus,19,3324,3348,0.03246525863874583,storage_bus_71,890.5328010216309,0.5012644345461146,0.551517637126671,0.001264434546114579,0.05151763712667101
Large surplus,19,3324,3348,0.03246525863874583,storage_bus_72,98.80345494013926,0.5101902327479789,0.5604668127080918,0.010190232747978922,0.060466812708091844
Large surplus,19,3324,3348,0.03246525863874583,storage_bus_76,559.8862446607892,0.4974427279752602,0.5218023413395684,-0.0025572720247398206,0.021802341339568376
Large surplus,19,3324,3348,0.03246525863874583,storage_bus_79,321.1112285554526,0.5009217906028739,0.5239174095909472,0.0009217906028738954,0.023917409590947236
Large surplus,19,3324,3348,0.03246525863874583,storage_bus_80,1510.0936477937455,0.48741709554961843,0.5647748779117603,-0.012582904450381571,0.06477487791176029
Large surplus,19,3324,3348,0.03246525863874583,storage_bus_82,444.61554723062665,0.4951640310577507,0.5109793876998764,-0.004835968942249302,0.010979387699876386
Large surplus,19,3324,3348,0.03246525863874583,storage_bus_86,172.9060461452437,0.5032222367333782,0.5303223308311212,0.003222236733378181,0.030322330831121236
Large surplus,19,3324,3348,0.03246525863874583,storage_bus_88,395.21381976055704,0.5000067073932407,0.5085057689334139,6.707393240712456e-06,0.008505768933413926
Large surplus,19,3324,3348,0.03246525863874583,storage_bus_92,535.1853809257543,0.4975697204730209,0.49893209498627034,-0.0024302795269791067,-0.0010679050137296642
Large surplus,19,3324,3348,0.03246525863874583,storage_bus_97,123.50431867517408,0.4993099276141612,0.5369773834245704,-0.0006900723858387914,0.036977383424570354
Large surplus,19,3324,3348,0.03246525863874583,storage_bus_98,279.9431223303946,0.497915153475708,0.5185510459183711,-0.0020848465242919723,0.01855104591837109
Large surplus,19,3324,3348,0.03246525863874583,storage_bus_112,559.8862446607892,0.4978330440822066,0.47505728918912893,-0.0021669559177934228,-0.02494271081087107
Large surplus,19,3324,3348,0.03246525863874583,storage_bus_115,181.1396673902553,0.5113866226265812,0.5404243700860981,0.011386622626581189,0.040424370086098116
Large deficit,1,1165,1189,0.1896666246760559,storage_bus_1,419.9146834955919,0.5650921963735432,0.28604148688192765,0.06509219637354324,-0.21395851311807235
Large deficit,1,1165,1189,0.1896666246760559,storage_bus_9,2511.888039456894,0.5420767758013885,0.17997653083545484,0.042076775801388466,-0.32002346916454516
Large deficit,1,1165,1189,0.1896666246760559,storage_bus_11,576.3534871508124,0.5578228698610365,0.27206250745098476,0.05782286986103646,-0.22793749254901524
Large deficit,1,1165,1189,0.1896666246760559,storage_bus_15,741.0259120510444,0.5641103373982278,0.24385211886819952,0.0641103373982278,-0.2561478811318005
Large deficit,1,1165,1189,0.1896666246760559,storage_bus_16,205.8405311252901,0.5535468180161429,0.3246372669405413,0.053546818016142916,-0.1753627330594587
Large deficit,1,1165,1189,0.1896666246760559,storage_bus_22,82.33621245011605,0.5871963343428576,0.25395217127766545,0.08719633434285756,-0.24604782872233455
Large deficit,1,1165,1189,0.1896666246760559,storage_bus_24,107.03707618515088,0.5715991743450446,0.21648420573090452,0.07159917434504459,-0.28351579426909546
Large deficit,1,1165,1189,0.1896666246760559,storage_bus_29,197.60690988027852,0.5937339629313929,0.2644424080313114,0.09373396293139291,-0.23555759196868858
Large deficit,1,1165,1189,0.1896666246760559,storage_bus_32,485.7836534556847,0.581516542748973,0.23720629298024803,0.08151654274897302,-0.26279370701975197
Large deficit,1,1165,1189,0.1896666246760559,storage_bus_41,304.6439860654294,0.58257325051612,0.2759834986162047,0.08257325051611997,-0.2240165013837953
Large deficit,1,1165,1189,0.1896666246760559,storage_bus_44,131.73793992018568,0.5886350079130528,0.3032497559632282,0.08863500791305279,-0.19675024403677183
Large deficit,1,1165,1189,0.1896666246760559,storage_bus_54,1235.2029462319156,0.5336476258974057,0.25069232231207433,0.033647625897405664,-0.24930767768792567
Large deficit,1,1165,1189,0.1896666246760559,storage_bus_58,98.80345494013926,0.5588516487907023,0.30732756377617954,0.05885164879070226,-0.19267243622382046
Large deficit,1,1165,1189,0.1896666246760559,storage_bus_61,875.5614874907134,0.5369516468149892,0.24514856585583072,0.03695164681498919,-0.2548514341441693
Large deficit,1,1165,1189,0.1896666246760559,storage_bus_71,890.5328010216309,0.5780977000508567,0.1282455266957204,0.0780977000508567,-0.3717544733042796
Large deficit,1,1165,1189,0.1896666246760559,storage_bus_72,98.80345494013926,0.5690106046003204,0.13381266277982984,0.06901060460032038,-0.36618733722017016
Large deficit,1,1165,1189,0.1896666246760559,storage_bus_76,559.8862446607892,0.5765006692234294,0.2775220247567461,0.07650066922342935,-0.2224779752432539
Large deficit,1,1165,1189,0.1896666246760559,storage_bus_79,321.1112285554526,0.5509014265613306,0.3276565544301138,0.050901426561330565,-0.17234344556988618
Large deficit,1,1165,1189,0.1896666246760559,storage_bus_80,1510.0936477937455,0.534139053065849,0.34840245418014903,0.03413905306584897,-0.15159754581985097
Large deficit,1,1165,1189,0.1896666246760559,storage_bus_82,444.61554723062665,0.6651121989516394,0.26824205510645666,0.16511219895163942,-0.23175794489354334
Large deficit,1,1165,1189,0.1896666246760559,storage_bus_86,172.9060461452437,0.5940691684367008,0.09551776734510058,0.09406916843670077,-0.4044822326548994
Large deficit,1,1165,1189,0.1896666246760559,storage_bus_88,395.21381976055704,0.6663850751559862,0.25652631277240046,0.16638507515598622,-0.24347368722759954
Large deficit,1,1165,1189,0.1896666246760559,storage_bus_92,535.1853809257543,0.709117241633859,0.27189862744085735,0.20911724163385903,-0.22810137255914265
Large deficit,1,1165,1189,0.1896666246760559,storage_bus_97,123.50431867517408,0.5563703920245104,0.3360268743901157,0.05637039202451044,-0.1639731256098843
Large deficit,1,1165,1189,0.1896666246760559,storage_bus_98,279.9431223303946,0.6372914418866716,0.2921116590272377,0.13729144188667164,-0.20788834097276232
Large deficit,1,1165,1189,0.1896666246760559,storage_bus_112,559.8862446607892,0.6405823122457851,0.27217534592609155,0.1405823122457851,-0.22782465407390845
Large deficit,1,1165,1189,0.1896666246760559,storage_bus_115,181.1396673902553,0.5943535279653239,0.2580501516916564,0.09435352796532392,-0.2419498483083436
Large deficit,2,1166,1190,0.1971890223930624,storage_bus_1,419.9146834955919,0.6601041745534388,0.36049913161557523,0.16010417455343884,-0.13950086838442477
Large deficit,2,1166,1190,0.1971890223930624,storage_bus_9,2511.888039456894,0.6536536944438031,0.22664565321559207,0.15365369444380306,-0.27335434678440795
Large deficit,2,1166,1190,0.1971890223930624,storage_bus_11,576.3534871508124,0.6534167165196436,0.3433398306951679,0.15341671651964361,-0.15666016930483212
Large deficit,2,1166,1190,0.1971890223930624,storage_bus_15,741.0259120510444,0.6723099929960628,0.3172935341679014,0.17230999299606276,-0.1827064658320986
Large deficit,2,1166,1190,0.1971890223930624,storage_bus_16,205.8405311252901,0.6394871689010913,0.40184377806316746,0.13948716890109125,-0.09815622193683254
Large deficit,2,1166,1190,0.1971890223930624,storage_bus_22,82.33621245011605,0.7103862949110274,0.34586640077721903,0.21038629491102745,-0.15413359922278097
Large deficit,2,1166,1190,0.1971890223930624,storage_bus_24,107.03707618515088,0.6963433470180325,0.29116026119497984,0.19634334701803247,-0.20883973880502016
Large deficit,2,1166,1190,0.1971890223930624,storage_bus_29,197.60690988027852,0.707816485030143,0.34850566244096814,0.20781648503014305,-0.15149433755903186
Large deficit,2,1166,1190,0.1971890223930624,storage_bus_32,485.7836534556847,0.6951373702586406,0.31179136252277256,0.19513737025864064,-0.18820863747722744
Large deficit,2,1166,1190,0.1971890223930624,storage_bus_41,304.6439860654294,0.6979629587744273,0.36977846475682963,0.19796295877442727,-0.13022153524317037
Large deficit,2,1166,1190,0.1971890223930624,storage_bus_44,131.73793992018568,0.7148522522018278,0.40776927465473267,0.2148522522018278,-0.09223072534526733
Large deficit,2,1166,1190,0.1971890223930624,storage_bus_54,1235.2029462319156,0.6427586845526178,0.32898805690185007,0.14275868455261775,-0.17101194309814993
Large deficit,2,1166,1190,0.1971890223930624,storage_bus_58,98.80345494013926,0.6519817087603663,0.4225156084655445,0.15198170876036632,-0.07748439153445552
Large deficit,2,1166,1190,0.1971890223930624,storage_bus_61,875.5614874907134,0.6516842104308226,0.31958609437534585,0.15168421043082259,-0.18041390562465415
Large deficit,2,1166,1190,0.1971890223930624,storage_bus_71,890.5328010216309,0.7061685996990181,0.16548038646268995,0.20616859969901813,-0.3345196135373101
Large deficit,2,1166,1190,0.1971890223930624,storage_bus_72,98.80345494013926,0.688504271914152,0.17374871561012584,0.18850427191415198,-0.32625128438987416
Large deficit,2,1166,1190,0.1971890223930624,storage_bus_76,559.8862446607892,0.7087115390354556,0.38771347474188583,0.20871153903545558,-0.11228652525811417
Large deficit,2,1166,1190,0.1971890223930624,storage_bus_79,321.1112285554526,0.6906965009443354,0.4553302481215337,0.19069650094433543,-0.04466975187846628
Large deficit,2,1166,1190,0.1971890223930624,storage_bus_80,1510.0936477937455,0.7143855303246179,0.4857697010747378,0.21438553032461793,-0.014230298925262175
Large deficit,2,1166,1190,0.1971890223930624,storage_bus_82,444.61554723062665,0.8020441630928247,0.38211446490089856,0.30204416309282467,-0.11788553509910144
Large deficit,2,1166,1190,0.1971890223930624,storage_bus_86,172.9060461452437,0.7074137697600655,0.09551806642663058,0.20741376976006554,-0.4044819335733694
Large deficit,2,1166,1190,0.1971890223930624,storage_bus_88,395.21381976055704,0.7985887325345773,0.3558512101918489,0.2985887325345773,-0.1441487898081511
Large deficit,2,1166,1190,0.1971890223930624,storage_bus_92,535.1853809257543,0.8472346491813002,0.3881692898148033,0.3472346491813002,-0.11183071018519669
Large deficit,2,1166,1190,0.1971890223930624,storage_bus_97,123.50431867517408,0.717175680500654,0.47872459478994284,0.21717568050065394,-0.021275405210057163
Large deficit,2,1166,1190,0.1971890223930624,storage_bus_98,279.9431223303946,0.7804241349777978,0.4144478823042491,0.28042413497779783,-0.08555211769575088
Large deficit,2,1166,1190,0.1971890223930624,storage_bus_112,559.8862446607892,0.7695757473479589,0.3826617899563261,0.26957574734795886,-0.1173382100436739
Large deficit,2,1166,1190,0.1971890223930624,storage_bus_115,181.1396673902553,0.7097647977517298,0.3410637616149118,0.20976479775172985,-0.1589362383850882
Large deficit,3,1167,1191,0.23663591549861854,storage_bus_1,419.9146834955919,0.7548218054686492,0.43008546565963174,0.2548218054686492,-0.06991453434036826
Large deficit,3,1167,1191,0.23663591549861854,storage_bus_9,2511.888039456894,0.7521951053611983,0.2639224185205157,0.25219510536119827,-0.23607758147948432
Large deficit,3,1167,1191,0.23663591549861854,storage_bus_11,576.3534871508124,0.7489272864362118,0.40921732238950886,0.24892728643621176,-0.09078267761049114
Large deficit,3,1167,1191,0.23663591549861854,storage_bus_15,741.0259120510444,0.7691053108231464,0.3743231339005063,0.26910531082314637,-0.1256768660994937
Large deficit,3,1167,1191,0.23663591549861854,storage_bus_16,205.8405311252901,0.7302736722722252,0.4834889134360183,0.23027367227222517,-0.016511086563981703
Large deficit,3,1167,1191,0.23663591549861854,storage_bus_22,82.33621245011605,0.7964263716993127,0.402734130511588,0.29642637169931274,-0.09726586948841198
Large deficit,3,1167,1191,0.23663591549861854,storage_bus_24,107.03707618515088,0.7822415588100563,0.3086885937743069,0.2822415588100563,-0.1913114062256931
Large deficit,3,1167,1191,0.23663591549861854,storage_bus_29,197.60690988027852,0.7994027304849525,0.41125621998033324,0.2994027304849525,-0.08874378001966676
Large deficit,3,1167,1191,0.23663591549861854,storage_bus_32,485.7836534556847,0.7921272055411941,0.3661977371377481,0.2921272055411941,-0.1338022628622519
Large deficit,3,1167,1191,0.23663591549861854,storage_bus_41,304.6439860654294,0.7851399784002072,0.4323050890733203,0.2851399784002072,-0.06769491092667967
Large deficit,3,1167,1191,0.23663591549861854,storage_bus_44,131.73793992018568,0.7933988429707685,0.4651199579947217,0.29339884297076846,-0.03488004200527828
Large deficit,3,1167,1191,0.23663591549861854,storage_bus_54,1235.2029462319156,0.7409181671070451,0.3883900708652468,0.24091816710704506,-0.1116099291347532
Large deficit,3,1167,1191,0.23663591549861854,storage_bus_58,98.80345494013926,0.7407176137305332,0.5269102095591507,0.24071761373053324,0.02691020955915069
Large deficit,3,1167,1191,0.23663591549861854,storage_bus_61,875.5614874907134,0.7463436616862561,0.3696594324421535,0.2463436616862561,-0.1303405675578465
Large deficit,3,1167,1191,0.23663591549861854,storage_bus_71,890.5328010216309,0.8106056156709175,0.1817396345847945,0.3106056156709175,-0.3182603654152055
Large deficit,3,1167,1191,0.23663591549861854,storage_bus_72,98.80345494013926,0.7860034336970568,0.17376144382478492,0.28600343369705683,-0.3262385561752151
Large deficit,3,1167,1191,0.23663591549861854,storage_bus_76,559.8862446607892,0.8050319360791203,0.4605985648076465,0.30503193607912027,-0.03940143519235351
Large deficit,3,1167,1191,0.23663591549861854,storage_bus_79,321.1112285554526,0.7758279129090964,0.5307415375122917,0.27582791290909636,0.030741537512291695
Large deficit,3,1167,1191,0.23663591549861854,storage_bus_80,1510.0936477937455,0.7940918529232541,0.5412093982325302,0.2940918529232541,0.041209398232530225
Large deficit,3,1167,1191,0.23663591549861854,storage_bus_82,444.61554723062665,0.8855060155035922,0.4572291617988925,0.3855060155035922,-0.0427708382011075
Large deficit,3,1167,1191,0.23663591549861854,storage_bus_86,172.9060461452437,0.8032057447546984,0.09551825966449241,0.3032057447546984,-0.4044817403355076
Large deficit,3,1167,1191,0.23663591549861854,storage_bus_88,395.21381976055704,0.8803333837891866,0.4204941830944166,0.3803333837891866,-0.07950581690558339
Large deficit,3,1167,1191,0.23663591549861854,storage_bus_92,535.1853809257543,0.9157524279851276,0.4647474309558346,0.41575242798512757,-0.035252569044165405
Large deficit,3,1167,1191,0.23663591549861854,storage_bus_97,123.50431867517408,0.7965449534529873,0.5483093483514692,0.29654495345298726,0.04830934835146916
Large deficit,3,1167,1191,0.23663591549861854,storage_bus_98,279.9431223303946,0.8601246650712039,0.4920118698482386,0.3601246650712039,-0.007988130151761419
Large deficit,3,1167,1191,0.23663591549861854,storage_bus_112,559.8862446607892,0.8606898412803056,0.4741224297301128,0.36068984128030557,-0.025877570269887185
Large deficit,3,1167,1191,0.23663591549861854,storage_bus_115,181.1396673902553,0.8020563389756471,0.40164029931430384,0.3020563389756471,-0.09835970068569616
Large deficit,4,1164,1188,0.253233067833259,storage_bus_1,419.9146834955919,0.4672206438279981,0.19711249704285302,-0.032779356172001894,-0.30288750295714695
Large deficit,4,1164,1188,0.253233067833259,storage_bus_9,2511.888039456894,0.42941913619555455,0.12211032078657379,-0.07058086380444545,-0.3778896792134262
Large deficit,4,1164,1188,0.253233067833259,storage_bus_11,576.3534871508124,0.46102819402194084,0.1856477693967418,-0.03897180597805916,-0.31435223060325823
Large deficit,4,1164,1188,0.253233067833259,storage_bus_15,741.0259120510444,0.4497827358941701,0.15170248221105276,-0.050217264105829884,-0.34829751778894724
Large deficit,4,1164,1188,0.253233067833259,storage_bus_16,205.8405311252901,0.4688101505242334,0.23455212585822902,-0.031189849475766585,-0.26544787414177096
Large deficit,4,1164,1188,0.253233067833259,storage_bus_22,82.33621245011605,0.44235008139930865,0.1332688420027493,-0.05764991860069135,-0.3667311579972507
Large deficit,4,1164,1188,0.253233067833259,storage_bus_24,107.03707618515088,0.4293978084201282,0.1156083249487296,-0.0706021915798718,-0.3843916750512704
Large deficit,4,1164,1188,0.253233067833259,storage_bus_29,197.60690988027852,0.46359359395645927,0.15878622498537268,-0.03640640604354073,-0.34121377501462735
Large deficit,4,1164,1188,0.253233067833259,storage_bus_32,485.7836534556847,0.45672912500088747,0.14314723529890433,-0.04327087499911253,-0.35685276470109567
Large deficit,4,1164,1188,0.253233067833259,storage_bus_41,304.6439860654294,0.4506700431013766,0.1528094747071886,-0.049329956898623406,-0.3471905252928114
Large deficit,4,1164,1188,0.253233067833259,storage_bus_44,131.73793992018568,0.43577045658503466,0.16453910435932725,-0.06422954341496534,-0.3354608956406727
Large deficit,4,1164,1188,0.253233067833259,storage_bus_54,1235.2029462319156,0.4231257181523387,0.15295467400514512,-0.07687428184766132,-0.3470453259948549
Large deficit,4,1164,1188,0.253233067833259,storage_bus_58,98.80345494013926,0.45078897181868616,0.1677355924460964,-0.04921102818131384,-0.33226440755390363
Large deficit,4,1164,1188,0.253233067833259,storage_bus_61,875.5614874907134,0.42063254717655096,0.14982735256848492,-0.07936745282344904,-0.3501726474315151
Large deficit,4,1164,1188,0.253233067833259,storage_bus_71,890.5328010216309,0.43670413818835674,0.07654867776975395,-0.06329586181164326,-0.42345132223024606
Large deficit,4,1164,1188,0.253233067833259,storage_bus_72,98.80345494013926,0.43463190816904557,0.07009173913839913,-0.06536809183095443,-0.4299082608616009
Large deficit,4,1164,1188,0.253233067833259,storage_bus_76,559.8862446607892,0.4307488142663423,0.1479813517419702,-0.06925118573365768,-0.3520186482580298
Large deficit,4,1164,1188,0.253233067833259,storage_bus_79,321.1112285554526,0.40473582506966804,0.18035591921909025,-0.09526417493033196,-0.3196440807809098
Large deficit,4,1164,1188,0.253233067833259,storage_bus_80,1510.0936477937455,0.35235628757914444,0.19295840803128922,-0.14764371242085556,-0.3070415919687108
Large deficit,4,1164,1188,0.253233067833259,storage_bus_82,444.61554723062665,0.49520873555279943,0.13541896013122223,-0.004791264447200572,-0.36458103986877777
Large deficit,4,1164,1188,0.253233067833259,storage_bus_86,172.9060461452437,0.44713948171395046,0.09339104805635841,-0.05286051828604954,-0.4066089519436416
Large deficit,4,1164,1188,0.253233067833259,storage_bus_88,395.21381976055704,0.4983702586230407,0.13540223640782145,-0.001629741376959315,-0.36459776359217855
Large deficit,4,1164,1188,0.253233067833259,storage_bus_92,535.1853809257543,0.5133330691265315,0.13260628684234715,0.013333069126531538,-0.36739371315765285
Large deficit,4,1164,1188,0.253233067833259,storage_bus_97,123.50431867517408,0.3875661946159494,0.1771696381609529,-0.11243380538405062,-0.3228303618390471
Large deficit,4,1164,1188,0.253233067833259,storage_bus_98,279.9431223303946,0.4679855362423924,0.15057364549452135,-0.03201446375760758,-0.34942635450547865
Large deficit,4,1164,1188,0.253233067833259,storage_bus_112,559.8862446607892,0.48815004304121984,0.14983877669598675,-0.011849956958780161,-0.3501612233040132
Large deficit,4,1164,1188,0.253233067833259,storage_bus_115,181.1396673902553,0.46256226482913887,0.15407787190674838,-0.03743773517086113,-0.3459221280932516
Large deficit,5,1177,1201,0.2851053671019629,storage_bus_1,419.9146834955919,0.8428405817383825,0.3803973208308148,0.3428405817383825,-0.11960267916918521
Large deficit,5,1177,1201,0.2851053671019629,storage_bus_9,2511.888039456894,0.92672383599506,0.3057969284063127,0.42672383599506003,-0.19420307159368733
Large deficit,5,1177,1201,0.2851053671019629,storage_bus_11,576.3534871508124,0.8893863952468757,0.36539888334446974,0.3893863952468757,-0.13460111665553026
Large deficit,5,1177,1201,0.2851053671019629,storage_bus_15,741.0259120510444,0.9301364353815628,0.3576104054546601,0.43013643538156277,-0.1423895945453399
Large deficit,5,1177,1201,0.2851053671019629,storage_bus_16,205.8405311252901,0.7323266178029114,0.38410077641874313,0.23232661780291142,-0.11589922358125687
Large deficit,5,1177,1201,0.2851053671019629,storage_bus_22,82.33621245011605,0.6149459323258861,0.35810138382955947,0.11494593232588612,-0.14189861617044053
Large deficit,5,1177,1201,0.2851053671019629,storage_bus_24,107.03707618515088,0.6302564789071963,0.36848064707570266,0.13025647890719627,-0.13151935292429734
Large deficit,5,1177,1201,0.2851053671019629,storage_bus_29,197.60690988027852,0.7880442763610279,0.39537372720975705,0.2880442763610279,-0.10462627279024295
Large deficit,5,1177,1201,0.2851053671019629,storage_bus_32,485.7836534556847,0.9009504501957731,0.3686404981903015,0.40095045019577313,-0.13135950180969852
Large deficit,5,1177,1201,0.2851053671019629,storage_bus_41,304.6439860654294,0.9105966383999952,0.38460580705193104,0.41059663839999516,-0.11539419294806896
Large deficit,5,1177,1201,0.2851053671019629,storage_bus_44,131.73793992018568,0.8682314050291726,0.38787177117787613,0.3682314050291726,-0.11212822882212387
Large deficit,5,1177,1201,0.2851053671019629,storage_bus_54,1235.2029462319156,0.9818742729004498,0.32468577266658444,0.4818742729004498,-0.17531422733341556
Large deficit,5,1177,1201,0.2851053671019629,storage_bus_58,98.80345494013926,0.7311141869180794,0.33828744986585774,0.2311141869180794,-0.16171255013414226
Large deficit,5,1177,1201,0.2851053671019629,storage_bus_61,875.5614874907134,0.9795825450163901,0.31195480933730485,0.4795825450163901,-0.18804519066269515
Large deficit,5,1177,1201,0.2851053671019629,storage_bus_71,890.5328010216309,0.9396116588963562,0.29656440381119953,0.4396116588963562,-0.20343559618880047
Large deficit,5,1177,1201,0.2851053671019629,storage_bus_72,98.80345494013926,0.5922446979157122,0.3536718512313907,0.09224469791571221,-0.14632814876860928
Large deficit,5,1177,1201,0.2851053671019629,storage_bus_76,559.8862446607892,0.9163536751643465,0.4861111857893819,0.4163536751643465,-0.013888814210618106
Large deficit,5,1177,1201,0.2851053671019629,storage_bus_79,321.1112285554526,0.8828143999768202,0.5337574438143317,0.3828143999768202,0.033757443814331656
Large deficit,5,1177,1201,0.2851053671019629,storage_bus_80,1510.0936477937455,0.9939068484902793,0.5815142784669103,0.4939068484902793,0.08151427846691028
Large deficit,5,1177,1201,0.2851053671019629,storage_bus_82,444.61554723062665,0.929675161624613,0.6579598022591915,0.42967516162461294,0.15795980225919148
Large deficit,5,1177,1201,0.2851053671019629,storage_bus_86,172.9060461452437,0.93821341275541,0.5404620626878225,0.43821341275541004,0.040462062687822486
Large deficit,5,1177,1201,0.2851053671019629,storage_bus_88,395.21381976055704,0.9432685218885923,0.7024017465459292,0.44326852188859234,0.20240174654592924
Large deficit,5,1177,1201,0.2851053671019629,storage_bus_92,535.1853809257543,0.9692434676084126,0.7681232364193965,0.4692434676084126,0.2681232364193965
Large deficit,5,1177,1201,0.2851053671019629,storage_bus_97,123.50431867517408,0.7746298563741647,0.5430945695880385,0.2746298563741647,0.04309456958803848
Large deficit,5,1177,1201,0.2851053671019629,storage_bus_98,279.9431223303946,0.8827994831455784,0.5935126530040505,0.38279948314557843,0.09351265300405054
Large deficit,5,1177,1201,0.2851053671019629,storage_bus_112,559.8862446607892,0.9473059687991923,0.6902345741807941,0.44730596879919227,0.19023457418079415
Large deficit,5,1177,1201,0.2851053671019629,storage_bus_115,181.1396673902553,0.7622545233209853,0.394849993329874,0.2622545233209853,-0.10515000667012597
Large deficit,6,1168,1192,0.2999070524749348,storage_bus_1,419.9146834955919,0.8594339518601817,0.489637004693663,0.3594339518601817,-0.010362995306336997
Large deficit,6,1168,1192,0.2999070524749348,storage_bus_9,2511.888039456894,0.8717887347278787,0.2998968186999734,0.37178873472787866,-0.20010318130002658
Large deficit,6,1168,1192,0.2999070524749348,storage_bus_11,576.3534871508124,0.8571897985659033,0.46947893234149674,0.35718979856590327,-0.030521067658503265
Large deficit,6,1168,1192,0.2999070524749348,storage_bus_15,741.0259120510444,0.8783355673582403,0.4278319160087034,0.37833556735824025,-0.0721680839912966
Large deficit,6,1168,1192,0.2999070524749348,storage_bus_16,205.8405311252901,0.8366890716974872,0.5603234467182672,0.3366890716974872,0.06032344671826717
Large deficit,6,1168,1192,0.2999070524749348,storage_bus_22,82.33621245011605,0.8900356553881178,0.45233460117399515,0.3900356553881178,-0.047665398826004846
Large deficit,6,1168,1192,0.2999070524749348,storage_bus_24,107.03707618515088,0.8853607568266104,0.3417293642514273,0.3853607568266104,-0.1582706357485727
Large deficit,6,1168,1192,0.2999070524749348,storage_bus_29,197.60690988027852,0.8931758763469341,0.45971084378881666,0.3931758763469341,-0.04028915621118334
Large deficit,6,1168,1192,0.2999070524749348,storage_bus_32,485.7836534556847,0.8937627900152267,0.4123035296428449,0.39376279001522674,-0.08769647035715511
Large deficit,6,1168,1192,0.2999070524749348,storage_bus_41,304.6439860654294,0.886870310246236,0.4926912071410903,0.38687031024623597,-0.007308792858909674
Large deficit,6,1168,1192,0.2999070524749348,storage_bus_44,131.73793992018568,0.8914872032564015,0.5276235432144818,0.3914872032564015,0.027623543214481794
Large deficit,6,1168,1192,0.2999070524749348,storage_bus_54,1235.2029462319156,0.864949702249403,0.45229550963750415,0.36494970224940304,-0.047704490362495855
Large deficit,6,1168,1192,0.2999070524749348,storage_bus_58,98.80345494013926,0.8411059551621713,0.6316487803248815,0.34110595516217135,0.13164878032488148
Large deficit,6,1168,1192,0.2999070524749348,storage_bus_61,875.5614874907134,0.8712540342522118,0.4270907912694689,0.3712540342522118,-0.07290920873053108
Large deficit,6,1168,1192,0.2999070524749348,storage_bus_71,890.5328010216309,0.9143228105840756,0.19798961709037335,0.4143228105840756,-0.3020103829096267
Large deficit,6,1168,1192,0.2999070524749348,storage_bus_72,98.80345494013926,0.8884204068868015,0.17378445349211505,0.38842040688680146,-0.326215546507885
Large deficit,6,1168,1192,0.2999070524749348,storage_bus_76,559.8862446607892,0.9091209480920954,0.5388772152015548,0.4091209480920954,0.03887721520155485
Large deficit,6,1168,1192,0.2999070524749348,storage_bus_79,321.1112285554526,0.8973434762601554,0.646248246350184,0.3973434762601554,0.14624824635018396
Large deficit,6,1168,1192,0.2999070524749348,storage_bus_80,1510.0936477937455,0.9313432610520691,0.6499872208038973,0.4313432610520691,0.14998722080389726
Large deficit,6,1168,1192,0.2999070524749348,storage_bus_82,444.61554723062665,0.9525131481781542,0.5427015841613546,0.45251314817815425,0.04270158416135461
Large deficit,6,1168,1192,0.2999070524749348,storage_bus_86,172.9060461452437,0.9007707241528435,0.095518520518106,0.40077072415284354,-0.404481479481894
Large deficit,6,1168,1192,0.2999070524749348,storage_bus_88,395.21381976055704,0.9453290976515706,0.49261877879452187,0.4453290976515706,-0.007381221205478128
Large deficit,6,1168,1192,0.2999070524749348,storage_bus_92,535.1853809257543,0.964266230088449,0.543272172336204,0.46426623008844903,0.04327217233620395
Large deficit,6,1168,1192,0.2999070524749348,storage_bus_97,123.50431867517408,0.9171215358224848,0.695929724209676,0.4171215358224848,0.19592972420967603
Large deficit,6,1168,1192,0.2999070524749348,storage_bus_98,279.9431223303946,0.941847436354827,0.596103668405902,0.44184743635482704,0.09610366840590201
Large deficit,6,1168,1192,0.2999070524749348,storage_bus_112,559.8862446607892,0.9355598941953004,0.5605907981971424,0.4355598941953004,0.060590798197142415
Large deficit,6,1168,1192,0.2999070524749348,storage_bus_115,181.1396673902553,0.8950006442549493,0.4462845304152512,0.3950006442549493,-0.05371546958474882
Large deficit,7,1176,1200,0.3262622220289895,storage_bus_1,419.9146834955919,0.9123269479531122,0.3803972407136195,0.4123269479531122,-0.11960275928638048
Large deficit,7,1176,1200,0.3262622220289895,storage_bus_9,2511.888039456894,0.9902593849475528,0.2917070003618936,0.49025938494755283,-0.20829299963810638
Large deficit,7,1176,1200,0.3262622220289895,storage_bus_11,576.3534871508124,0.9377269735062442,0.3653987868027355,0.43772697350624423,-0.13460121319726448
Large deficit,7,1176,1200,0.3262622220289895,storage_bus_15,741.0259120510444,0.9659156526476915,0.35761031141730387,0.4659156526476915,-0.14238968858269613
Large deficit,7,1176,1200,0.3262622220289895,storage_bus_16,205.8405311252901,0.8369577212278989,0.3841006286819398,0.3369577212278989,-0.11589937131806022
Large deficit,7,1176,1200,0.3262622220289895,storage_bus_22,82.33621245011605,0.7655226606447771,0.3581010618234336,0.26552266064477714,-0.1418989381765664
Large deficit,7,1176,1200,0.3262622220289895,storage_bus_24,107.03707618515088,0.7815137052023058,0.36848044342614633,0.2815137052023058,-0.13151955657385367
Large deficit,7,1176,1200,0.3262622220289895,storage_bus_29,197.60690988027852,0.8847161982120954,0.3953735979272917,0.38471619821209535,-0.10462640207270829
Large deficit,7,1176,1200,0.3262622220289895,storage_bus_32,485.7836534556847,0.9534863420128066,0.36864043732385104,0.4534863420128066,-0.13135956267614896
Large deficit,7,1176,1200,0.3262622220289895,storage_bus_41,304.6439860654294,0.9569733735421743,0.384605554492462,0.45697337354217427,-0.11539444550753802
Large deficit,7,1176,1200,0.3262622220289895,storage_bus_44,131.73793992018568,0.926043280367625,0.38787083233514896,0.42604328036762495,-0.11212916766485104
Large deficit,7,1176,1200,0.3262622220289895,storage_bus_54,1235.2029462319156,0.999431683643766,0.31221527852352976,0.499431683643766,-0.18778472147647024
Large deficit,7,1176,1200,0.3262622220289895,storage_bus_58,98.80345494013926,0.8586087670644353,0.33828685543811526,0.35860876706443534,-0.16171314456188474
Large deficit,7,1176,1200,0.3262622220289895,storage_bus_61,875.5614874907134,0.9932382423358255,0.2886429155761576,0.49323824233582547,-0.21135708442384238
Large deficit,7,1176,1200,0.3262622220289895,storage_bus_71,890.5328010216309,0.9747458547048903,0.2737500704967965,0.4747458547048903,-0.2262499295032035
Large deficit,7,1176,1200,0.3262622220289895,storage_bus_72,98.80345494013926,0.7636341667652121,0.3536713226973467,0.2636341667652121,-0.1463286773026533
Large deficit,7,1176,1200,0.3262622220289895,storage_bus_76,559.8862446607892,0.9683605642501776,0.4861112530813653,0.4683605642501776,-0.013888746918634676
Large deficit,7,1176,1200,0.3262622220289895,storage_bus_79,321.1112285554526,0.9477191619550668,0.5551895534230438,0.4477191619550668,0.05518955342304377
Large deficit,7,1176,1200,0.3262622220289895,storage_bus_80,1510.0936477937455,0.9999990619799821,0.6177878046571833,0.4999990619799821,0.1177878046571833
Large deficit,7,1176,1200,0.3262622220289895,storage_bus_82,444.61554723062665,0.9745122128261079,0.7049878677447902,0.4745122128261079,0.20498786774479016
Large deficit,7,1176,1200,0.3262622220289895,storage_bus_86,172.9060461452437,0.9382139840245534,0.5976391835121573,0.43821398402455336,0.09763918351215728
Large deficit,7,1176,1200,0.3262622220289895,storage_bus_88,395.21381976055704,0.9820746856658293,0.7610369181249945,0.48207468566582934,0.2610369181249945
Large deficit,7,1176,1200,0.3262622220289895,storage_bus_92,535.1853809257543,0.9963263737396435,0.8135124412431539,0.4963263737396435,0.3135124412431539
Large deficit,7,1176,1200,0.3262622220289895,storage_bus_97,123.50431867517408,0.8841891377979809,0.6116279982743323,0.3841891377979809,0.11162799827433234
Large deficit,7,1176,1200,0.3262622220289895,storage_bus_98,279.9431223303946,0.9479263928880757,0.6479653197365036,0.4479263928880757,0.14796531973650362
Large deficit,7,1176,1200,0.3262622220289895,storage_bus_112,559.8862446607892,0.9778286479166017,0.7559752215558581,0.47782864791660173,0.25597522155585806
Large deficit,7,1176,1200,0.3262622220289895,storage_bus_115,181.1396673902553,0.8708653520119083,0.39484986255200716,0.3708653520119083,-0.10515013744799284
Large deficit,8,1173,1197,0.3395289495218047,storage_bus_1,419.9146834955919,0.9752532842678397,0.37996956889928596,0.47525328426783975,-0.12003043110071404
Large deficit,8,1173,1197,0.3395289495218047,storage_bus_9,2511.888039456894,0.9999693597470851,0.23477506418900165,0.4999693597470851,-0.2652249358109984
Large deficit,8,1173,1197,0.3395289495218047,storage_bus_11,576.3534871508124,0.9802566549215269,0.3391273573234488,0.4802566549215269,-0.16087264267655121
Large deficit,8,1173,1197,0.3395289495218047,storage_bus_15,741.0259120510444,0.988309819214989,0.3027904593625938,0.48830981921498895,-0.1972095406374062
Large deficit,8,1173,1197,0.3395289495218047,storage_bus_16,205.8405311252901,0.9302067611926638,0.3840993667596181,0.43020676119266377,-0.11590063324038191
Large deficit,8,1173,1197,0.3395289495218047,storage_bus_22,82.33621245011605,0.854153586989009,0.35809659480102796,0.354153586989009,-0.14190340519897204
Large deficit,8,1173,1197,0.3395289495218047,storage_bus_24,107.03707618515088,0.8134168841950106,0.3128626734281441,0.31341688419501057,-0.1871373265718559
Large deficit,8,1173,1197,0.3395289495218047,storage_bus_29,197.60690988027852,0.9557159098078238,0.39526639033535754,0.45571590980782384,-0.10473360966464246
Large deficit,8,1173,1197,0.3395289495218047,storage_bus_32,485.7836534556847,0.9887266638150846,0.3403190744117973,0.48872666381508456,-0.15968092558820268
Large deficit,8,1173,1197,0.3395289495218047,storage_bus_41,304.6439860654294,0.9502380371178804,0.29632319551008246,0.45023803711788035,-0.20367680448991754
Large deficit,8,1173,1197,0.3395289495218047,storage_bus_44,131.73793992018568,0.8757470651904558,0.23545151860112043,0.37574706519045575,-0.26454848139887954
Large deficit,8,1173,1197,0.3395289495218047,storage_bus_54,1235.2029462319156,0.9921153039262254,0.2549521202840228,0.4921153039262254,-0.2450478797159772
Large deficit,8,1173,1197,0.3395289495218047,storage_bus_58,98.80345494013926,0.7893208822399179,0.31190543044317,0.2893208822399179,-0.18809456955683002
Large deficit,8,1173,1197,0.3395289495218047,storage_bus_61,875.5614874907134,0.9739932377878591,0.19779509703298037,0.47399323778785907,-0.30220490296701963
Large deficit,8,1173,1197,0.3395289495218047,storage_bus_71,890.5328010216309,0.9849313519143237,0.1893961537420677,0.4849313519143237,-0.3106038462579323
Large deficit,8,1173,1197,0.3395289495218047,storage_bus_72,98.80345494013926,0.8384148007219411,0.2328661714648519,0.3384148007219411,-0.2671338285351481
Large deficit,8,1173,1197,0.3395289495218047,storage_bus_76,559.8862446607892,0.9841123824324982,0.48611115846130737,0.4841123824324982,-0.013888841538692631
Large deficit,8,1173,1197,0.3395289495218047,storage_bus_79,321.1112285554526,0.9414482409222332,0.5551893796540888,0.4414482409222332,0.055189379654088766
Large deficit,8,1173,1197,0.3395289495218047,storage_bus_80,1510.0936477937455,0.9962714230756426,0.6177877664675887,0.49627142307564265,0.1177877664675887
Large deficit,8,1173,1197,0.3395289495218047,storage_bus_82,444.61554723062665,0.9712862157575901,0.704987640606489,0.4712862157575901,0.204987640606489
Large deficit,8,1173,1197,0.3395289495218047,storage_bus_86,172.9060461452437,0.76289965144033,0.5607942525932244,0.26289965144033,0.06079425259322435
Large deficit,8,1173,1197,0.3395289495218047,storage_bus_88,395.21381976055704,0.971148713478844,0.7454625891354608,0.471148713478844,0.24546258913546082
Large deficit,8,1173,1197,0.3395289495218047,storage_bus_92,535.1853809257543,0.9824049459909895,0.799139422965952,0.4824049459909895,0.299139422965952
Large deficit,8,1173,1197,0.3395289495218047,storage_bus_97,123.50431867517408,0.842345021552459,0.6116275072771856,0.34234502155245905,0.11162750727718562
Large deficit,8,1173,1197,0.3395289495218047,storage_bus_98,279.9431223303946,0.9382551187303495,0.6479650696628795,0.4382551187303495,0.14796506966287948
Large deficit,8,1173,1197,0.3395289495218047,storage_bus_112,559.8862446607892,0.9583945515319439,0.7424643932985175,0.45839455153194386,0.24246439329851754
Large deficit,8,1173,1197,0.3395289495218047,storage_bus_115,181.1396673902553,0.9500419143808894,0.3948481584835228,0.45004191438088936,-0.10515184151647722
Large deficit,9,1172,1196,0.35311800029274243,storage_bus_1,419.9146834955919,0.9826207133965251,0.3777517880345904,0.4826207133965251,-0.12224821196540958
Large deficit,9,1172,1196,0.35311800029274243,storage_bus_9,2511.888039456894,0.9999944901570246,0.21795525485096026,0.4999944901570246,-0.28204474514903977
Large deficit,9,1172,1196,0.35311800029274243,storage_bus_11,576.3534871508124,0.9901069767251406,0.32490616358802105,0.4901069767251406,-0.17509383641197895
Large deficit,9,1172,1196,0.35311800029274243,storage_bus_15,741.0259120510444,0.9966374157322779,0.28118505759164636,0.49663741573227793,-0.21881494240835364
Large deficit,9,1172,1196,0.35311800029274243,storage_bus_16,205.8405311252901,0.9415737833861149,0.3840882809369939,0.44157378338611486,-0.11591171906300612
Large deficit,9,1172,1196,0.35311800029274243,storage_bus_22,82.33621245011605,0.859825076194644,0.3426876591446672,0.359825076194644,-0.1573123408553328
Large deficit,9,1172,1196,0.35311800029274243,storage_bus_24,107.03707618515088,0.8455700244894753,0.21721346844989012,0.34557002448947527,-0.2827865315501099
Large deficit,9,1172,1196,0.35311800029274243,storage_bus_29,197.60690988027852,0.957353649742302,0.3812866418545651,0.45735364974230197,-0.11871335814543488
Large deficit,9,1172,1196,0.35311800029274243,storage_bus_32,485.7836534556847,0.9936397098396333,0.3198112199449736,0.49363970983963334,-0.18018878005502642
Large deficit,9,1172,1196,0.35311800029274243,storage_bus_41,304.6439860654294,0.9620830824233507,0.24373617641710627,0.4620830824233507,-0.25626382358289373
Large deficit,9,1172,1196,0.35311800029274243,storage_bus_44,131.73793992018568,0.8949071490261381,0.14240394389525093,0.3949071490261381,-0.3575960561047491
Large deficit,9,1172,1196,0.35311800029274243,storage_bus_54,1235.2029462319156,0.999947675702146,0.23434638896344437,0.49994767570214604,-0.2656536110365556
Large deficit,9,1172,1196,0.35311800029274243,storage_bus_58,98.80345494013926,0.8213008033091685,0.25998627925275253,0.32130080330916855,-0.24001372074724747
Large deficit,9,1172,1196,0.35311800029274243,storage_bus_61,875.5614874907134,0.9910370894519209,0.15409728915815693,0.4910370894519209,-0.3459027108418431
Large deficit,9,1172,1196,0.35311800029274243,storage_bus_71,890.5328010216309,0.9962451204650692,0.14643186119461307,0.4962451204650692,-0.35356813880538696
Large deficit,9,1172,1196,0.35311800029274243,storage_bus_72,98.80345494013926,0.8586399624068275,0.13105698597136378,0.3586399624068275,-0.3689430140286362
Large deficit,9,1172,1196,0.35311800029274243,storage_bus_76,559.8862446607892,0.9902269921906828,0.48611106658464387,0.4902269921906828,-0.01388893341535613
Large deficit,9,1172,1196,0.35311800029274243,storage_bus_79,321.1112285554526,0.9568152188987301,0.5551891923430516,0.4568152188987301,0.05518919234305164
Large deficit,9,1172,1196,0.35311800029274243,storage_bus_80,1510.0936477937455,0.9999872198132906,0.617787723588823,0.49998721981329064,0.11778772358882295
Large deficit,9,1172,1196,0.35311800029274243,storage_bus_82,444.61554723062665,0.9796346689631392,0.6757178761376508,0.4796346689631392,0.17571787613765077
Large deficit,9,1172,1196,0.35311800029274243,storage_bus_86,172.9060461452437,0.8431283758127592,0.45271769165767306,0.34312837581275923,-0.04728230834232694
Large deficit,9,1172,1196,0.35311800029274243,storage_bus_88,395.21381976055704,0.9769672683265579,0.6720141467390606,0.4769672683265579,0.17201414673906057
Large deficit,9,1172,1196,0.35311800029274243,storage_bus_92,535.1853809257543,0.988353095640734,0.7196834493494642,0.48835309564073404,0.21968344934946415
Large deficit,9,1172,1196,0.35311800029274243,storage_bus_97,123.50431867517408,0.8650772243025611,0.6116269920427737,0.36507722430256107,0.11162699204277371
Large deficit,9,1172,1196,0.35311800029274243,storage_bus_98,279.9431223303946,0.9514824378957621,0.6479391936021186,0.45148243789576215,0.1479391936021186
Large deficit,9,1172,1196,0.35311800029274243,storage_bus_112,559.8862446607892,0.9747285985250659,0.6853283430778456,0.4747285985250659,0.18532834307784563
Large deficit,9,1172,1196,0.35311800029274243,storage_bus_115,181.1396673902553,0.9509177328167013,0.3875738726920225,0.45091773281670133,-0.11242612730797752
Large deficit,10,1171,1195,0.35870417702073254,storage_bus_1,419.9146834955919,0.9910772256070054,0.45038517800599065,0.4910772256070054,-0.04961482199400935
Large deficit,10,1171,1195,0.35870417702073254,storage_bus_9,2511.888039456894,0.9999965640588386,0.22840792836743984,0.49999656405883863,-0.27159207163256016
Large deficit,10,1171,1195,0.35870417702073254,storage_bus_11,576.3534871508124,0.9968433932089509,0.3860030218028567,0.4968433932089509,-0.11399697819714327
Large deficit,10,1171,1195,0.35870417702073254,storage_bus_15,741.0259120510444,0.9999923277366931,0.3145245185605598,0.4999923277366931,-0.1854754814394402
Large deficit,10,1171,1195,0.35870417702073254,storage_bus_16,205.8405311252901,0.9646816584426811,0.541825369652817,0.46468165844268106,0.041825369652817024
Large deficit,10,1171,1195,0.35870417702073254,storage_bus_22,82.33621245011605,0.9089092444098945,0.38601721441482273,0.4089092444098945,-0.11398278558517727
Large deficit,10,1171,1195,0.35870417702073254,storage_bus_24,107.03707618515088,0.9067593850718394,0.21721393694580293,0.4067593850718394,-0.28278606305419707
Large deficit,10,1171,1195,0.35870417702073254,storage_bus_29,197.60690988027852,0.9726107418189882,0.4241330414635941,0.4726107418189882,-0.0758669585364059
Large deficit,10,1171,1195,0.35870417702073254,storage_bus_32,485.7836534556847,0.998000346146858,0.3299801945818609,0.49800034614685795,-0.1700198054181391
Large deficit,10,1171,1195,0.35870417702073254,storage_bus_41,304.6439860654294,0.9788016865573886,0.3128425978386299,0.47880168655738864,-0.1871574021613701
Large deficit,10,1171,1195,0.35870417702073254,storage_bus_44,131.73793992018568,0.9367881869262573,0.2639835393874506,0.4367881869262573,-0.23601646061254938
Large deficit,10,1171,1195,0.35870417702073254,storage_bus_54,1235.2029462319156,0.9999815246775622,0.26492120561456484,0.4999815246775622,-0.23507879438543516
Large deficit,10,1171,1195,0.35870417702073254,storage_bus_58,98.80345494013926,0.8932137184505008,0.5148805580177482,0.3932137184505008,0.014880558017748235
Large deficit,10,1171,1195,0.35870417702073254,storage_bus_61,875.5614874907134,0.9995438180872147,0.18461303769834625,0.4995438180872147,-0.31538696230165375
Large deficit,10,1171,1195,0.35870417702073254,storage_bus_71,890.5328010216309,0.999989326936094,0.14643186864074573,0.499989326936094,-0.35356813135925425
Large deficit,10,1171,1195,0.35870417702073254,storage_bus_72,98.80345494013926,0.9138504396181769,0.13105710414986257,0.4138504396181769,-0.3689428958501374
Large deficit,10,1171,1195,0.35870417702073254,storage_bus_76,559.8862446607892,0.9961127623450076,0.5102958934071682,0.49611276234500756,0.010295893407168188
Large deficit,10,1171,1195,0.35870417702073254,storage_bus_79,321.1112285554526,0.9764969038872788,0.5890767138088299,0.47649690388727883,0.08907671380882987
Large deficit,10,1171,1195,0.35870417702073254,storage_bus_80,1510.0936477937455,0.9999975056981243,0.6278068072552525,0.4999975056981243,0.1278068072552525
Large deficit,10,1171,1195,0.35870417702073254,storage_bus_82,444.61554723062665,0.9897653933993139,0.6757179874468349,0.4897653933993139,0.17571798744683487
Large deficit,10,1171,1195,0.35870417702073254,storage_bus_86,172.9060461452437,0.9191396297221092,0.4527177813662273,0.41913962972210916,-0.04728221863377269
Large deficit,10,1171,1195,0.35870417702073254,storage_bus_88,395.21381976055704,0.9872375886892611,0.6720141966809815,0.48723758868926115,0.1720141966809815
Large deficit,10,1171,1195,0.35870417702073254,storage_bus_92,535.1853809257543,0.9947542207454564,0.7196834915619538,0.4947542207454564,0.21968349156195377
Large deficit,10,1171,1195,0.35870417702073254,storage_bus_97,123.50431867517408,0.9174773174279384,0.611639283889794,0.41747731742793837,0.11163928388979405
Large deficit,10,1171,1195,0.35870417702073254,storage_bus_98,279.9431223303946,0.9723978856011909,0.6479396054684473,0.4723978856011909,0.1479396054684473
Large deficit,10,1171,1195,0.35870417702073254,storage_bus_112,559.8862446607892,0.9882776776829032,0.6853283720619208,0.4882776776829032,0.18532837206192077
Large deficit,10,1171,1195,0.35870417702073254,storage_bus_115,181.1396673902553,0.968054911977823,0.429042579884404,0.468054911977823,-0.07095742011559603
Large deficit,11,1163,1187,0.3631318567767623,storage_bus_1,419.9146834955919,0.36802552276718437,0.08932118395832575,-0.13197447723281563,-0.4106788160416742
Large deficit,11,1163,1187,0.3631318567767623,storage_bus_9,2511.888039456894,0.32468312734392285,0.036181588718262006,-0.17531687265607715,-0.463818411281738
Large deficit,11,1163,1187,0.3631318567767623,storage_bus_11,576.3534871508124,0.3628861367531768,0.07000815490292435,-0.13711386324682318,-0.42999184509707566
Large deficit,11,1163,1187,0.3631318567767623,storage_bus_15,741.0259120510444,0.3375281708358523,0.030199429540852075,-0.1624718291641477,-0.4698005704591479
Large deficit,11,1163,1187,0.3631318567767623,storage_bus_16,205.8405311252901,0.3800034380032965,0.12034357491024764,-0.1199965619967035,-0.3796564250897524
Large deficit,11,1163,1187,0.3631318567767623,storage_bus_22,82.33621245011605,0.3077157213420625,0.011109836536834866,-0.1922842786579375,-0.48889016346316516
Large deficit,11,1163,1187,0.3631318567767623,storage_bus_24,107.03707618515088,0.30635955768174233,1.3516760480250466e-06,-0.19364044231825767,-0.49999864832395197
Large deficit,11,1163,1187,0.3631318567767623,storage_bus_29,197.60690988027852,0.337693264063318,0.0502120450418306,-0.162306735936682,-0.4497879549581694
Large deficit,11,1163,1187,0.3631318567767623,storage_bus_32,485.7836534556847,0.3357175906172897,0.03116277098113596,-0.16428240938271033,-0.46883722901886404
Large deficit,11,1163,1187,0.3631318567767623,storage_bus_41,304.6439860654294,0.3259032201555438,4.25523774578506e-05,-0.1740967798444562,-0.49995744762254213
Large deficit,11,1163,1187,0.3631318567767623,storage_bus_44,131.73793992018568,0.2989105407637405,8.650698342987547e-07,-0.20108945923625948,-0.4999991349301657
Large deficit,11,1163,1187,0.3631318567767623,storage_bus_54,1235.2029462319156,0.3169868677095153,0.004366430489605679,-0.18301313229048471,-0.49563356951039433
Large deficit,11,1163,1187,0.3631318567767623,storage_bus_58,98.80345494013926,0.342604396674981,2.281656676921548e-06,-0.157395603325019,-0.49999771834332307
Large deficit,11,1163,1187,0.3631318567767623,storage_bus_61,875.5614874907134,0.3124733683363101,1.1792049925119135e-07,-0.18752663166368988,-0.49999988207950075
Large deficit,11,1163,1187,0.3631318567767623,storage_bus_71,890.5328010216309,0.3080845580117523,0.0018266384973325196,-0.19191544198824773,-0.4981733615026675
Large deficit,11,1163,1187,0.3631318567767623,storage_bus_72,98.80345494013926,0.31596790599109154,1.8410989123393895e-06,-0.18403209400890846,-0.4999981589010877
Large deficit,11,1163,1187,0.3631318567767623,storage_bus_76,559.8862446607892,0.29982467671897556,0.005137233212264876,-0.20017532328102444,-0.4948627667877351
Large deficit,11,1163,1187,0.3631318567767623,storage_bus_79,321.1112285554526,0.2823680516608928,2.433385098172558e-07,-0.2176319483391072,-0.49999975666149016
Large deficit,11,1163,1187,0.3631318567767623,storage_bus_80,1510.0936477937455,0.23392623091333212,4.017956573497504e-08,-0.2660737690866679,-0.49999995982043427
Large deficit,11,1163,1187,0.3631318567767623,storage_bus_82,444.61554723062665,0.33509271311948585,3.0252373064246937e-07,-0.16490728688051415,-0.4999996974762694
Large deficit,11,1163,1187,0.3631318567767623,storage_bus_86,172.9060461452437,0.34002624122372843,5.711726113251674e-07,-0.15997375877627157,-0.4999994288273887
Large deficit,11,1163,1187,0.3631318567767623,storage_bus_88,395.21381976055704,0.3419014842604133,0.009483960120253869,-0.15809851573958672,-0.4905160398797461
Large deficit,11,1163,1187,0.3631318567767623,storage_bus_92,535.1853809257543,0.3333658372685233,0.0018460773956750125,-0.1666341627314767,-0.498153922604325
Large deficit,11,1163,1187,0.3631318567767623,storage_bus_97,123.50431867517408,0.24928549454123056,6.474054843431692e-07,-0.25071450545876944,-0.49999935259451567
Large deficit,11,1163,1187,0.3631318567767623,storage_bus_98,279.9431223303946,0.3129357964443313,3.423180606589052e-07,-0.18706420355566872,-0.4999996576819393
Large deficit,11,1163,1187,0.3631318567767623,storage_bus_112,559.8862446607892,0.340843331565627,0.03734486406231254,-0.15915666843437298,-0.4626551359376875
Large deficit,11,1163,1187,0.3631318567767623,storage_bus_115,181.1396673902553,0.335488855558198,0.05267287063970063,-0.16451114444180198,-0.4473271293602994
Large deficit,12,1175,1199,0.37328226301545886,storage_bus_1,419.9146834955919,0.9999999999661614,0.3803970937217087,0.4999999999661614,-0.11960290627829129
Large deficit,12,1175,1199,0.37328226301545886,storage_bus_9,2511.888039456894,0.999999999994343,0.27362456940666136,0.49999999999434297,-0.22637543059333864
Large deficit,12,1175,1199,0.37328226301545886,storage_bus_11,576.3534871508124,0.9999999999753473,0.3647453336744664,0.4999999999753473,-0.13525466632553362
Large deficit,12,1175,1199,0.37328226301545886,storage_bus_15,741.0259120510444,0.9999999999808279,0.34565077002551237,0.4999999999808279,-0.15434922997448763
Large deficit,12,1175,1199,0.37328226301545886,storage_bus_16,205.8405311252901,0.9999999999309725,0.3841003972485185,0.49999999993097255,-0.11589960275148148
Large deficit,12,1175,1199,0.37328226301545886,storage_bus_22,82.33621245011605,0.9999999998274489,0.3581004446088052,0.4999999998274489,-0.1418995553911948
Large deficit,12,1175,1199,0.37328226301545886,storage_bus_24,107.03707618515088,0.9999999998672777,0.36848004109308263,0.4999999998672777,-0.13151995890691737
Large deficit,12,1175,1199,0.37328226301545886,storage_bus_29,197.60690988027852,0.9999999999281005,0.39537333448158807,0.4999999999281005,-0.10462666551841193
Large deficit,12,1175,1199,0.37328226301545886,storage_bus_32,485.7836534556847,0.999999999970753,0.3686402883758132,0.49999999997075295,-0.1313597116241868
Large deficit,12,1175,1199,0.37328226301545886,storage_bus_41,304.6439860654294,0.9999999999533777,0.37196487959146673,0.49999999995337774,-0.12803512040853327
Large deficit,12,1175,1199,0.37328226301545886,storage_bus_44,131.73793992018568,0.9999999998921894,0.36550408221712744,0.49999999989218935,-0.13449591778287256
Large deficit,12,1175,1199,0.37328226301545886,storage_bus_54,1235.2029462319156,0.9999999999885021,0.2948911697989106,0.4999999999885021,-0.2051088302010894
Large deficit,12,1175,1199,0.37328226301545886,storage_bus_58,98.80345494013926,0.9999999998562578,0.33828587190593745,0.49999999985625776,-0.16171412809406255
Large deficit,12,1175,1199,0.37328226301545886,storage_bus_61,875.5614874907134,0.9999999999837791,0.26523506860745233,0.4999999999837791,-0.23476493139254767
Large deficit,12,1175,1199,0.37328226301545886,storage_bus_71,890.5328010216309,0.9999999999840468,0.25031266772645466,0.49999999998404676,-0.24968733227354534
Large deficit,12,1175,1199,0.37328226301545886,storage_bus_72,98.80345494013926,0.9999999998562038,0.35366999125666154,0.4999999998562038,-0.14633000874333846
Large deficit,12,1175,1199,0.37328226301545886,storage_bus_76,559.8862446607892,0.9999999999746298,0.48611124095647473,0.49999999997462985,-0.013888759043525267
Large deficit,12,1175,1199,0.37328226301545886,storage_bus_79,321.1112285554526,0.9999999999557686,0.5551895369436561,0.4999999999557686,0.05518953694365614
Large deficit,12,1175,1199,0.37328226301545886,storage_bus_80,1510.0936477937455,0.9999999999905942,0.6177878012350222,0.4999999999905942,0.1177878012350222
Large deficit,12,1175,1199,0.37328226301545886,storage_bus_82,444.61554723062665,0.9999999999680573,0.7049878556974363,0.49999999996805733,0.20498785569743627
Large deficit,12,1175,1199,0.37328226301545886,storage_bus_86,172.9060461452437,0.9999999999178761,0.5976391518071341,0.49999999991787614,0.09763915180713412
Large deficit,12,1175,1199,0.37328226301545886,storage_bus_88,395.21381976055704,0.9999999999640674,0.761036904411221,0.4999999999640674,0.26103690441122096
Large deficit,12,1175,1199,0.37328226301545886,storage_bus_92,535.1853809257543,0.999999999973466,0.8135124310244036,0.499999999973466,0.3135124310244036
Large deficit,12,1175,1199,0.37328226301545886,storage_bus_97,123.50431867517408,0.9999999998850021,0.6116279564678134,0.4999999998850021,0.11162795646781343
Large deficit,12,1175,1199,0.37328226301545886,storage_bus_98,279.9431223303946,0.9999999999492662,0.6479653011771662,0.49999999994926625,0.14796530117716622
Large deficit,12,1175,1199,0.37328226301545886,storage_bus_112,559.8862446607892,0.9999999999746386,0.7559752124987231,0.4999999999746386,0.2559752124987231
Large deficit,12,1175,1199,0.37328226301545886,storage_bus_115,181.1396673902553,0.9999999999215642,0.394849608651014,0.4999999999215642,-0.10515039134898602
Large deficit,13,1169,1193,0.37400230610196644,storage_bus_1,419.9146834955919,0.9999999999980426,0.5380585970929591,0.49999999999804257,0.03805859709295911
Large deficit,13,1169,1193,0.37400230610196644,storage_bus_9,2511.888039456894,0.9999999999996728,0.3338941005525047,0.4999999999996728,-0.16610589944749532
Large deficit,13,1169,1193,0.37400230610196644,storage_bus_11,576.3534871508124,0.9999999999985739,0.5246331987642525,0.4999999999985739,0.024633198764252517
Large deficit,13,1169,1193,0.37400230610196644,storage_bus_15,741.0259120510444,0.9999999999988909,0.4754307170440249,0.4999999999988909,-0.024569282955975102
Large deficit,13,1169,1193,0.37400230610196644,storage_bus_16,205.8405311252901,0.9999999999960071,0.6328729945981615,0.4999999999960071,0.1328729945981615
Large deficit,13,1169,1193,0.37400230610196644,storage_bus_22,82.33621245011605,0.9999999999900178,0.4969135625301726,0.49999999999001776,-0.0030864374698273966
Large deficit,13,1169,1193,0.37400230610196644,storage_bus_24,107.03707618515088,0.9999999999923213,0.43112054398102295,0.49999999999232125,-0.06887945601897705
Large deficit,13,1169,1193,0.37400230610196644,storage_bus_29,197.60690988027852,0.9999999999958405,0.4902200647120621,0.49999999999584055,-0.009779935287937913
Large deficit,13,1169,1193,0.37400230610196644,storage_bus_32,485.7836534556847,0.9999999999983081,0.4489117556350808,0.49999999999830813,-0.05108824436491921
Large deficit,13,1169,1193,0.37400230610196644,storage_bus_41,304.6439860654294,0.999999999997302,0.5486278918131153,0.49999999999730205,0.04862789181311533
Large deficit,13,1169,1193,0.37400230610196644,storage_bus_44,131.73793992018568,0.9999999999937611,0.5971633330753049,0.4999999999937611,0.09716333307530489
Large deficit,13,1169,1193,0.37400230610196644,storage_bus_54,1235.2029462319156,0.9999999999993345,0.5182411298466585,0.49999999999933453,0.018241129846658488
Large deficit,13,1169,1193,0.37400230610196644,storage_bus_58,98.80345494013926,0.9999999999916817,0.7442276191843225,0.49999999999168165,0.24422761918432245
Large deficit,13,1169,1193,0.37400230610196644,storage_bus_61,875.5614874907134,0.9999999999990612,0.4880299654742816,0.4999999999990612,-0.011970034525718376
Large deficit,13,1169,1193,0.37400230610196644,storage_bus_71,890.5328010216309,0.9999999999990768,0.2311291521760007,0.49999999999907685,-0.2688708478239993
Large deficit,13,1169,1193,0.37400230610196644,storage_bus_72,98.80345494013926,0.9999999999916814,0.22060491716709973,0.49999999999168143,-0.27939508283290027
Large deficit,13,1169,1193,0.37400230610196644,storage_bus_76,559.8862446607892,0.999999999998532,0.6175485719184788,0.49999999999853195,0.11754857191847878
Large deficit,13,1169,1193,0.37400230610196644,storage_bus_79,321.1112285554526,0.9999999999974403,0.7910984499949615,0.49999999999744027,0.2910984499949615
Large deficit,13,1169,1193,0.37400230610196644,storage_bus_80,1510.0936477937455,0.9999999999994557,0.8185741169642347,0.49999999999945566,0.31857411696423465
Large deficit,13,1169,1193,0.37400230610196644,storage_bus_82,444.61554723062665,0.9999999999981513,0.6492135656810503,0.49999999999815126,0.14921356568105026
Large deficit,13,1169,1193,0.37400230610196644,storage_bus_86,172.9060461452437,0.9999999999952464,0.27371502747297266,0.49999999999524636,-0.22628497252702734
Large deficit,13,1169,1193,0.37400230610196644,storage_bus_88,395.21381976055704,0.9999999999979203,0.5944765646450554,0.49999999999792033,0.09447656464505538
Large deficit,13,1169,1193,0.37400230610196644,storage_bus_92,535.1853809257543,0.9999999999984641,0.6453056941840045,0.4999999999984641,0.14530569418400452
Large deficit,13,1169,1193,0.37400230610196644,storage_bus_97,123.50431867517408,0.9999999999933453,0.8928337065125158,0.4999999999933453,0.3928337065125158
Large deficit,13,1169,1193,0.37400230610196644,storage_bus_98,279.9431223303946,0.9999999999970645,0.7182647926905218,0.49999999999706446,0.2182647926905218
Large deficit,13,1169,1193,0.37400230610196644,storage_bus_112,559.8862446607892,0.999999999998532,0.6393922807296452,0.49999999999853195,0.13939228072964516
Large deficit,13,1169,1193,0.37400230610196644,storage_bus_115,181.1396673902553,0.9999999999954626,0.4715752082626167,0.49999999999546263,-0.028424791737383326
Large deficit,14,1174,1198,0.37580013587729255,storage_bus_1,419.9146834955919,0.9999999999792132,0.38039680192604597,0.4999999999792132,-0.11960319807395403
Large deficit,14,1174,1198,0.37580013587729255,storage_bus_9,2511.888039456894,0.999999999996525,0.2542615993982349,0.499999999996525,-0.2457384006017651
Large deficit,14,1174,1198,0.37580013587729255,storage_bus_11,576.3534871508124,0.9999999999848548,0.3533359472112039,0.4999999999848548,-0.14666405278879607
Large deficit,14,1174,1198,0.37580013587729255,storage_bus_15,741.0259120510444,0.9999999999882205,0.32426822838856956,0.49999999998822053,-0.17573177161143044
Large deficit,14,1174,1198,0.37580013587729255,storage_bus_16,205.8405311252901,0.9999999999575944,0.38410010326652094,0.49999999995759437,-0.11589989673347906
Large deficit,14,1174,1198,0.37580013587729255,storage_bus_22,82.33621245011605,0.9999999998939841,0.3580991617745041,0.49999999989398414,-0.14190083822549587
Large deficit,14,1174,1198,0.37580013587729255,storage_bus_24,107.03707618515088,0.9999999999184482,0.3684782380904657,0.49999999991844823,-0.1315217619095343
Large deficit,14,1174,1198,0.37580013587729255,storage_bus_29,197.60690988027852,0.9999999999558277,0.3953728393337086,0.49999999995582767,-0.10462716066629141
Large deficit,14,1174,1198,0.37580013587729255,storage_bus_32,485.7836534556847,0.9999999999820314,0.3574983250894436,0.4999999999820314,-0.14250167491055638
Large deficit,14,1174,1198,0.37580013587729255,storage_bus_41,304.6439860654294,0.999999999971348,0.3384354665396959,0.49999999997134803,-0.16156453346030408
Large deficit,14,1174,1198,0.37580013587729255,storage_bus_44,131.73793992018568,0.9999999999337404,0.3118664930891043,0.49999999993374045,-0.1881335069108957
Large deficit,14,1174,1198,0.37580013587729255,storage_bus_54,1235.2029462319156,0.9999999999929334,0.2758506925075767,0.49999999999293343,-0.2241493074924233
Large deficit,14,1174,1198,0.37580013587729255,storage_bus_58,98.80345494013926,0.9999999999116539,0.33826369876267026,0.4999999999116539,-0.16173630123732974
Large deficit,14,1174,1198,0.37580013587729255,storage_bus_61,875.5614874907134,0.9999999999900304,0.23547809826901128,0.4999999999900304,-0.2645219017309887
Large deficit,14,1174,1198,0.37580013587729255,storage_bus_71,890.5328010216309,0.9999999999901977,0.22295622352984795,0.49999999999019773,-0.27704377647015205
Large deficit,14,1174,1198,0.37580013587729255,storage_bus_72,98.80345494013926,0.9999999999116516,0.3093935988602834,0.49999999991165156,-0.1906064011397166
Large deficit,14,1174,1198,0.37580013587729255,storage_bus_76,559.8862446607892,0.9999999999844096,0.486111213389268,0.4999999999844096,-0.013888786610732007
Large deficit,14,1174,1198,0.37580013587729255,storage_bus_79,321.1112285554526,0.9999999999728156,0.5551894928478146,0.49999999997281563,0.0551894928478146
Large deficit,14,1174,1198,0.37580013587729255,storage_bus_80,1510.0936477937455,0.9999999999942196,0.6177877918409482,0.4999999999942196,0.11778779184094823
Large deficit,14,1174,1198,0.37580013587729255,storage_bus_82,444.61554723062665,0.9999999999803667,0.7049878167718706,0.4999999999803667,0.2049878167718706
Large deficit,14,1174,1198,0.37580013587729255,storage_bus_86,172.9060461452437,0.9999999999495116,0.5976390212642574,0.4999999999495116,0.09763902126425739
Large deficit,14,1174,1198,0.37580013587729255,storage_bus_88,395.21381976055704,0.9999999999779118,0.7610368515034888,0.4999999999779118,0.26103685150348876
Large deficit,14,1174,1198,0.37580013587729255,storage_bus_92,535.1853809257543,0.9999999999836889,0.8135123923910694,0.49999999998368894,0.3135123923910694
Large deficit,14,1174,1198,0.37580013587729255,storage_bus_97,123.50431867517408,0.9999999999293198,0.6116278382720379,0.49999999992931976,0.11162783827203793
Large deficit,14,1174,1198,0.37580013587729255,storage_bus_98,279.9431223303946,0.9999999999688179,0.6479652466061389,0.49999999996881794,0.14796524660613886
Large deficit,14,1174,1198,0.37580013587729255,storage_bus_112,559.8862446607892,0.9999999999844098,0.7559751777575558,0.4999999999844098,0.25597517775755585
Large deficit,14,1174,1198,0.37580013587729255,storage_bus_115,181.1396673902553,0.9999999999518117,0.394849163078932,0.49999999995181166,-0.10515083692106802
Large deficit,15,1170,1194,0.3803485155736031,storage_bus_1,419.9146834955919,0.9999999999981035,0.5871483265738615,0.4999999999981035,0.08714832657386151
Large deficit,15,1170,1194,0.3803485155736031,storage_bus_9,2511.888039456894,0.9999999999996831,0.3584641827464629,0.49999999999968314,-0.1415358172535371
Large deficit,15,1170,1194,0.3803485155736031,storage_bus_11,576.3534871508124,0.9999999999986182,0.5843179577807003,0.4999999999986182,0.08431795778070028
Large deficit,15,1170,1194,0.3803485155736031,storage_bus_15,741.0259120510444,0.9999999999989254,0.5058383541719061,0.4999999999989254,0.005838354171906146
Large deficit,15,1170,1194,0.3803485155736031,storage_bus_16,205.8405311252901,0.999999999996131,0.7267128746080034,0.499999999996131,0.22671287460800338
Large deficit,15,1170,1194,0.3803485155736031,storage_bus_22,82.33621245011605,0.9999999999903267,0.4969219013157191,0.49999999999032674,-0.0030780986842808833
Large deficit,15,1170,1194,0.3803485155736031,storage_bus_24,107.03707618515088,0.9999999999925586,0.4313427818917156,0.4999999999925586,-0.0686572181082844
Large deficit,15,1170,1194,0.3803485155736031,storage_bus_29,197.60690988027852,0.9999999999959696,0.4916432295832269,0.49999999999596956,-0.008356770416773074
Large deficit,15,1170,1194,0.3803485155736031,storage_bus_32,485.7836534556847,0.9999999999983603,0.46153463515665355,0.4999999999983603,-0.03846536484334645
Large deficit,15,1170,1194,0.3803485155736031,storage_bus_41,304.6439860654294,0.9999999999973859,0.5629004535344766,0.49999999999738587,0.0629004535344766
Large deficit,15,1170,1194,0.3803485155736031,storage_bus_44,131.73793992018568,0.9999999999939542,0.5973159061996438,0.49999999999395417,0.09731590619964381
Large deficit,15,1170,1194,0.3803485155736031,storage_bus_54,1235.2029462319156,0.999999999999355,0.5593975429413254,0.49999999999935496,0.059397542941325376
Large deficit,15,1170,1194,0.3803485155736031,storage_bus_58,98.80345494013926,0.9999999999919389,0.8482104259435131,0.4999999999919389,0.34821042594351315
Large deficit,15,1170,1194,0.3803485155736031,storage_bus_61,875.5614874907134,0.9999999999990902,0.5179463371538426,0.49999999999909017,0.01794633715384264
Large deficit,15,1170,1194,0.3803485155736031,storage_bus_71,890.5328010216309,0.9999999999991056,0.2403473918060371,0.4999999999991056,-0.2596526081939629
Large deficit,15,1170,1194,0.3803485155736031,storage_bus_72,98.80345494013926,0.9999999999919387,0.2206119406138548,0.49999999999193867,-0.2793880593861452
Large deficit,15,1170,1194,0.3803485155736031,storage_bus_76,559.8862446607892,0.9999999999985772,0.6328438266717931,0.49999999999857725,0.13284382667179306
Large deficit,15,1170,1194,0.3803485155736031,storage_bus_79,321.1112285554526,0.9999999999975192,0.839001178496921,0.4999999999975192,0.339001178496921
Large deficit,15,1170,1194,0.3803485155736031,storage_bus_80,1510.0936477937455,0.9999999999994728,0.8424995666702577,0.49999999999947276,0.3424995666702577
Large deficit,15,1170,1194,0.3803485155736031,storage_bus_82,444.61554723062665,0.9999999999982085,0.711469344878175,0.49999999999820854,0.21146934487817504
Large deficit,15,1170,1194,0.3803485155736031,storage_bus_86,172.9060461452437,0.9999999999953931,0.45271841629178683,0.49999999999539313,-0.04728158370821317
Large deficit,15,1170,1194,0.3803485155736031,storage_bus_88,395.21381976055704,0.9999999999979845,0.6720143910659816,0.4999999999979845,0.1720143910659816
Large deficit,15,1170,1194,0.3803485155736031,storage_bus_92,535.1853809257543,0.9999999999985115,0.7196837181115623,0.4999999999985115,0.2196837181115623
Large deficit,15,1170,1194,0.3803485155736031,storage_bus_97,123.50431867517408,0.9999999999935508,0.9431019957370882,0.4999999999935508,0.4431019957370882
Large deficit,15,1170,1194,0.3803485155736031,storage_bus_98,279.9431223303946,0.9999999999971548,0.772504228615729,0.49999999999715483,0.272504228615729
Large deficit,15,1170,1194,0.3803485155736031,storage_bus_112,559.8862446607892,0.9999999999985772,0.6984363627618512,0.49999999999857725,0.19843636276185117
Large deficit,15,1170,1194,0.3803485155736031,storage_bus_115,181.1396673902553,0.9999999999956031,0.47157736693472324,0.4999999999956031,-0.02842263306527676
Large deficit,16,1159,1183,0.396580848529579,storage_bus_1,419.9146834955919,0.1289609301530104,0.09477663279620278,-0.3710390698469896,-0.4052233672037972
Large deficit,16,1159,1183,0.396580848529579,storage_bus_9,2511.888039456894,0.128283920980664,0.08719059803831042,-0.371716079019336,-0.4128094019616896
Large deficit,16,1159,1183,0.396580848529579,storage_bus_11,576.3534871508124,0.1132317272054199,0.07833298668688177,-0.3867682727945801,-0.42166701331311823
Large deficit,16,1159,1183,0.396580848529579,storage_bus_15,741.0259120510444,0.09360830016896686,0.06379477704289085,-0.4063916998310331,-0.4362052229571092
Large deficit,16,1159,1183,0.396580848529579,storage_bus_16,205.8405311252901,0.14806941839999668,0.11832387637355121,-0.35193058160000334,-0.38167612362644876
Large deficit,16,1159,1183,0.396580848529579,storage_bus_22,82.33621245011605,0.1144230598646581,0.1097419342088996,-0.3855769401353419,-0.3902580657911004
Large deficit,16,1159,1183,0.396580848529579,storage_bus_24,107.03707618515088,0.14955681927994,0.16451864148761064,-0.35044318072006,-0.33548135851238936
Large deficit,16,1159,1183,0.396580848529579,storage_bus_29,197.60690988027852,0.12538630327630754,0.10231064992403734,-0.3746136967236925,-0.3976893500759627
Large deficit,16,1159,1183,0.396580848529579,storage_bus_32,485.7836534556847,0.1079620751627726,0.07739853168565251,-0.3920379248372274,-0.4226014683143475
Large deficit,16,1159,1183,0.396580848529579,storage_bus_41,304.6439860654294,0.10099178452758065,0.07540627438757845,-0.3990082154724194,-0.42459372561242154
Large deficit,16,1159,1183,0.396580848529579,storage_bus_44,131.73793992018568,0.09454129252064564,0.06921072607092575,-0.40545870747935436,-0.43078927392907423
Large deficit,16,1159,1183,0.396580848529579,storage_bus_54,1235.2029462319156,0.06870456134173583,0.04268568079349105,-0.43129543865826414,-0.45731431920650895
Large deficit,16,1159,1183,0.396580848529579,storage_bus_58,98.80345494013926,0.19120851026494262,0.13086134425956922,-0.3087914897350574,-0.3691386557404308
Large deficit,16,1159,1183,0.396580848529579,storage_bus_61,875.5614874907134,0.07180001823305303,0.047851776864651134,-0.42819998176694696,-0.45214822313534886
Large deficit,16,1159,1183,0.396580848529579,storage_bus_71,890.5328010216309,0.20356524193403325,0.07245386777945276,-0.29643475806596675,-0.42754613222054727
Large deficit,16,1159,1183,0.396580848529579,storage_bus_72,98.80345494013926,0.2736411197140816,0.1755703599601419,-0.22635888028591838,-0.3244296400398581
Large deficit,16,1159,1183,0.396580848529579,storage_bus_76,559.8862446607892,0.11209580279136623,0.08290701608108698,-0.3879041972086338,-0.41709298391891303
Large deficit,16,1159,1183,0.396580848529579,storage_bus_79,321.1112285554526,0.1359222815836522,0.10076984310943361,-0.36407771841634784,-0.3992301568905664
Large deficit,16,1159,1183,0.396580848529579,storage_bus_80,1510.0936477937455,0.047254644003276024,0.03126545854478537,-0.452745355996724,-0.46873454145521465
Large deficit,16,1159,1183,0.396580848529579,storage_bus_82,444.61554723062665,0.10606449146753733,0.07942450366475888,-0.3939355085324627,-0.4205754963352411
Large deficit,16,1159,1183,0.396580848529579,storage_bus_86,172.9060461452437,0.11087676264234426,0.09744156091436341,-0.38912323735765575,-0.4025584390856366
Large deficit,16,1159,1183,0.396580848529579,storage_bus_88,395.21381976055704,0.09356028507014733,0.07585320365643848,-0.40643971492985265,-0.4241467963435615
Large deficit,16,1159,1183,0.396580848529579,storage_bus_92,535.1853809257543,0.07377640188381786,0.05922920714722328,-0.42622359811618216,-0.4407707928527767
Large deficit,16,1159,1183,0.396580848529579,storage_bus_97,123.50431867517408,0.14981375184750967,0.11916829136401748,-0.35018624815249033,-0.38083170863598254
Large deficit,16,1159,1183,0.396580848529579,storage_bus_98,279.9431223303946,0.12494749789874952,0.09757440927065682,-0.37505250210125046,-0.4024255907293432
Large deficit,16,1159,1183,0.396580848529579,storage_bus_112,559.8862446607892,0.07662505898421348,0.06631039265322017,-0.42337494101578654,-0.43368960734677986
Large deficit,16,1159,1183,0.396580848529579,storage_bus_115,181.1396673902553,0.13281352760649848,0.11046066018015123,-0.36718647239350155,-0.3895393398198488
Large deficit,17,1162,1186,0.4159647197008537,storage_bus_1,419.9146834955919,0.26342609736906797,1.4101634161924168e-12,-0.23657390263093203,-0.49999999999858985
Large deficit,17,1162,1186,0.4159647197008537,storage_bus_9,2511.888039456894,0.2119755161519866,2.3573938772581007e-13,-0.2880244838480134,-0.49999999999976424
Large deficit,17,1162,1186,0.4159647197008537,storage_bus_11,576.3534871508124,0.25817148182324956,1.02740195360593e-12,-0.24182851817675044,-0.4999999999989726
Large deficit,17,1162,1186,0.4159647197008537,storage_bus_15,741.0259120510444,0.21773608953227505,7.990833427253121e-13,-0.2822639104677249,-0.4999999999992009
Large deficit,17,1162,1186,0.4159647197008537,storage_bus_16,205.8405311252901,0.28526087603022965,2.8767212112509167e-12,-0.21473912396977035,-0.4999999999971233
Large deficit,17,1162,1186,0.4159647197008537,storage_bus_22,82.33621245011605,0.17522508372684656,7.191723912696821e-12,-0.32477491627315347,-0.49999999999280825
Large deficit,17,1162,1186,0.4159647197008537,storage_bus_24,107.03707618515088,0.18447330134639978,5.532060647767273e-12,-0.3155266986536002,-0.4999999999944679
Large deficit,17,1162,1186,0.4159647197008537,storage_bus_29,197.60690988027852,0.21078616781906315,2.9965610129566458e-12,-0.2892138321809369,-0.49999999999700345
Large deficit,17,1162,1186,0.4159647197008537,storage_bus_32,485.7836534556847,0.21050167236532724,1.2189399434183202e-12,-0.28949832763467276,-0.4999999999987811
Large deficit,17,1162,1186,0.4159647197008537,storage_bus_41,304.6439860654294,0.19263309022600728,1.943684137716676e-12,-0.3073669097739927,-0.49999999999805633
Large deficit,17,1162,1186,0.4159647197008537,storage_bus_44,131.73793992018568,0.15342561056372614,4.494766101088054e-12,-0.34657438943627383,-0.4999999999955052
Large deficit,17,1162,1186,0.4159647197008537,storage_bus_54,1235.2029462319156,0.19773584653905732,4.793753827856604e-13,-0.3022641534609427,-0.4999999999995206
Large deficit,17,1162,1186,0.4159647197008537,storage_bus_58,98.80345494013926,0.22708456906307936,5.992981885354747e-12,-0.2729154309369206,-0.499999999994007
Large deficit,17,1162,1186,0.4159647197008537,storage_bus_61,875.5614874907134,0.18926965044097513,6.762856326715138e-13,-0.3107303495590249,-0.4999999999993237
Large deficit,17,1162,1186,0.4159647197008537,storage_bus_71,890.5328010216309,0.1811069652056123,6.649228637033338e-13,-0.3188930347943877,-0.4999999999993351
Large deficit,17,1162,1186,0.4159647197008537,storage_bus_72,98.80345494013926,0.20600482050459384,5.993066444974882e-12,-0.29399517949540616,-0.49999999999400696
Large deficit,17,1162,1186,0.4159647197008537,storage_bus_76,559.8862446607892,0.1667796240786989,1.0575969845336862e-12,-0.3332203759213011,-0.4999999999989424
Large deficit,17,1162,1186,0.4159647197008537,storage_bus_79,321.1112285554526,0.14389405147606557,1.844010704649333e-12,-0.3561059485239344,-0.499999999998156
Large deficit,17,1162,1186,0.4159647197008537,storage_bus_80,1510.0936477937455,0.10090660619508476,3.921158066533738e-13,-0.39909339380491526,-0.49999999999960787
Large deficit,17,1162,1186,0.4159647197008537,storage_bus_82,444.61554723062665,0.18030389910731906,1.331807040609626e-12,-0.31969610089268097,-0.4999999999986682
Large deficit,17,1162,1186,0.4159647197008537,storage_bus_86,172.9060461452437,0.23934501775473177,3.424680831630706e-12,-0.26065498224526823,-0.4999999999965753
Large deficit,17,1162,1186,0.4159647197008537,storage_bus_88,395.21381976055704,0.19150432373488394,1.4983100352116013e-12,-0.3084956762651161,-0.4999999999985017
Large deficit,17,1162,1186,0.4159647197008537,storage_bus_92,535.1853809257543,0.16464008585408085,1.1064498317733013e-12,-0.33535991414591915,-0.49999999999889355
Large deficit,17,1162,1186,0.4159647197008537,storage_bus_97,123.50431867517408,0.09665557362159939,4.794468533208077e-12,-0.4033444263784006,-0.49999999999520556
Large deficit,17,1162,1186,0.4159647197008537,storage_bus_98,279.9431223303946,0.1548804771070285,2.1152350739120347e-12,-0.3451195228929715,-0.49999999999788475
Large deficit,17,1162,1186,0.4159647197008537,storage_bus_112,559.8862446607892,0.19760468767194186,1.0576621275502291e-12,-0.30239531232805816,-0.49999999999894235
Large deficit,17,1162,1186,0.4159647197008537,storage_bus_115,181.1396673902553,0.20930994909294307,3.2689763570792593e-12,-0.2906900509070569,-0.499999999996731
Large deficit,18,1161,1185,0.4386240559831101,storage_bus_1,419.9146834955919,0.1449407469945607,0.025726234647033743,-0.3550592530054393,-0.4742737653529663
Large deficit,18,1161,1185,0.4386240559831101,storage_bus_9,2511.888039456894,0.14458320666691726,0.051132200129225314,-0.35541679333308274,-0.4488677998707747
Large deficit,18,1161,1185,0.4386240559831101,storage_bus_11,576.3534871508124,0.15164410320466967,0.028728349984044506,-0.3483558967953303,-0.4712716500159555
Large deficit,18,1161,1185,0.4386240559831101,storage_bus_15,741.0259120510444,0.13526654768180632,0.012457340713382207,-0.36473345231819365,-0.4875426592866178
Large deficit,18,1161,1185,0.4386240559831101,storage_bus_16,205.8405311252901,0.1630488064337358,0.064084661201614,-0.33695119356626424,-0.435915338798386
Large deficit,18,1161,1185,0.4386240559831101,storage_bus_22,82.33621245011605,0.07595158325610422,0.01733521722266904,-0.42404841674389576,-0.48266478277733094
Large deficit,18,1161,1185,0.4386240559831101,storage_bus_24,107.03707618515088,0.10080525024422453,0.010392215676887325,-0.39919474975577546,-0.4896077843231127
Large deficit,18,1161,1185,0.4386240559831101,storage_bus_29,197.60690988027852,0.09922339252544882,0.00016955272918400902,-0.4007766074745512,-0.499830447270816
Large deficit,18,1161,1185,0.4386240559831101,storage_bus_32,485.7836534556847,0.11596795648204353,0.0007135771977664927,-0.3840320435179565,-0.4992864228022335
Large deficit,18,1161,1185,0.4386240559831101,storage_bus_41,304.6439860654294,0.1211605107946812,0.008470731395780867,-0.3788394892053188,-0.49152926860421914
Large deficit,18,1161,1185,0.4386240559831101,storage_bus_44,131.73793992018568,0.10612723899045487,0.01969908244895057,-0.39387276100954516,-0.4803009175510494
Large deficit,18,1161,1185,0.4386240559831101,storage_bus_54,1235.2029462319156,0.15469959225977703,0.017029443391424908,-0.34530040774022297,-0.4829705566085751
Large deficit,18,1161,1185,0.4386240559831101,storage_bus_58,98.80345494013926,0.13265015341155748,0.10722916483592604,-0.3673498465884425,-0.39277083516407396
Large deficit,18,1161,1185,0.4386240559831101,storage_bus_61,875.5614874907134,0.15772874737752485,0.02141941584413254,-0.34227125262247515,-0.47858058415586746
Large deficit,18,1161,1185,0.4386240559831101,storage_bus_71,890.5328010216309,0.10912142117991061,0.0010813174139237707,-0.39087857882008936,-0.49891868258607625
Large deficit,18,1161,1185,0.4386240559831101,storage_bus_72,98.80345494013926,0.09433401794861121,1.0045281896831271e-05,-0.4056659820513888,-0.49998995471810315
Large deficit,18,1161,1185,0.4386240559831101,storage_bus_76,559.8862446607892,0.10204474979457155,7.138724495742678e-07,-0.39795525020542843,-0.4999992861275504
Large deficit,18,1161,1185,0.4386240559831101,storage_bus_79,321.1112285554526,0.12936104879640678,0.014392020604815236,-0.37063895120359325,-0.48560797939518474
Large deficit,18,1161,1185,0.4386240559831101,storage_bus_80,1510.0936477937455,0.09637556243303559,0.006602795391452612,-0.4036244375669644,-0.4933972046085474
Large deficit,18,1161,1185,0.4386240559831101,storage_bus_82,444.61554723062665,0.08139888991234143,4.2521875457699257e-07,-0.41860111008765855,-0.4999995747812454
Large deficit,18,1161,1185,0.4386240559831101,storage_bus_86,172.9060461452437,0.17152865799796757,5.267089635544368e-07,-0.32847134200203243,-0.49999947329103644
Large deficit,18,1161,1185,0.4386240559831101,storage_bus_88,395.21381976055704,0.08676835709857623,2.255650355599071e-07,-0.4132316429014238,-0.49999977443496446
Large deficit,18,1161,1185,0.4386240559831101,storage_bus_92,535.1853809257543,0.06459676805753096,1.7411576683433224e-07,-0.43540323194246905,-0.49999982588423314
Large deficit,18,1161,1185,0.4386240559831101,storage_bus_97,123.50431867517408,0.0965878744647883,0.0024870217041796693,-0.4034121255352117,-0.4975129782958203
Large deficit,18,1161,1185,0.4386240559831101,storage_bus_98,279.9431223303946,0.08730254584097605,1.149549068453598e-06,-0.4126974541590239,-0.49999885045093156
Large deficit,18,1161,1185,0.4386240559831101,storage_bus_112,559.8862446607892,0.08626004003649818,1.1842980946470197e-07,-0.4137399599635018,-0.49999988157019054
Large deficit,18,1161,1185,0.4386240559831101,storage_bus_115,181.1396673902553,0.09344113154978406,1.5352514395644435e-05,-0.40655886845021594,-0.49998464748560434
Large deficit,19,1160,1184,0.4999999999967905,storage_bus_1,419.9146834955919,1.2763643156707078e-12,2.4589245966373396e-12,-0.49999999999872363,-0.4999999999975411
Large deficit,19,1160,1184,0.4999999999967905,storage_bus_9,2511.888039456894,2.1337108960963158e-13,4.1106504085071534e-13,-0.4999999999997866,-0.49999999999958894
Large deficit,19,1160,1184,0.4999999999967905,storage_bus_11,576.3534871508124,9.2991452460517e-13,1.7914937900815827e-12,-0.4999999999990701,-0.4999999999982085
Large deficit,19,1160,1184,0.4999999999967905,storage_bus_15,741.0259120510444,7.232711214352336e-13,1.3934279033824387e-12,-0.49999999999927675,-0.49999999999860656
Large deficit,19,1160,1184,0.4999999999967905,storage_bus_16,205.8405311252901,2.60375988548172e-12,5.01620939585756e-12,-0.49999999999739625,-0.4999999999949838
Large deficit,19,1160,1184,0.4999999999967905,storage_bus_22,82.33621245011605,6.509516269819129e-12,1.2541239875948468e-11,-0.4999999999934905,-0.49999999998745875
Large deficit,19,1160,1184,0.4999999999967905,storage_bus_24,107.03707618515088,5.007386529516949e-12,9.647374126560277e-12,-0.4999999999949926,-0.4999999999903526
Large deficit,19,1160,1184,0.4999999999967905,storage_bus_29,197.60690988027852,2.712312382539839e-12,5.225516273569302e-12,-0.49999999999728767,-0.49999999999477446
Large deficit,19,1160,1184,0.4999999999967905,storage_bus_32,485.7836534556847,1.1033168011982888e-12,2.1256454787539247e-12,-0.49999999999889666,-0.49999999999787437
Large deficit,19,1160,1184,0.4999999999967905,storage_bus_41,304.6439860654294,1.7592868960586252e-12,3.38943473510745e-12,-0.49999999999824074,-0.49999999999661054
Large deficit,19,1160,1184,0.4999999999967905,storage_bus_44,131.73793992018568,4.0683423518477815e-12,7.838139680559612e-12,-0.49999999999593164,-0.4999999999921619
Large deficit,19,1160,1184,0.4999999999967905,storage_bus_54,1235.2029462319156,4.3389076424776843e-13,8.35936954405782e-13,-0.4999999999995661,-0.49999999999916406
Large deficit,19,1160,1184,0.4999999999967905,storage_bus_58,98.80345494013926,5.4243814254949545e-12,1.0450685258362754e-11,-0.4999999999945756,-0.4999999999895493
Large deficit,19,1160,1184,0.4999999999967905,storage_bus_61,875.5614874907134,6.121208261516985e-13,1.179345936535956e-12,-0.4999999999993879,-0.49999999999882067
Large deficit,19,1160,1184,0.4999999999967905,storage_bus_71,890.5328010216309,6.018897481990447e-13,1.159574735216228e-12,-0.4999999999993981,-0.4999999999988404
Large deficit,19,1160,1184,0.4999999999967905,storage_bus_72,98.80345494013926,5.424835692968036e-12,1.0451422830013697e-11,-0.4999999999945752,-0.4999999999895486
Large deficit,19,1160,1184,0.4999999999967905,storage_bus_76,559.8862446607892,9.572915372147828e-13,1.8443739584337166e-12,-0.4999999999990427,-0.49999999999815564
Large deficit,19,1160,1184,0.4999999999967905,storage_bus_79,321.1112285554526,1.6690894041762505e-12,3.2158167338015326e-12,-0.4999999999983309,-0.4999999999967842
Large deficit,19,1160,1184,0.4999999999967905,storage_bus_80,1510.0936477937455,3.5491756376544555e-13,6.838189856846087e-13,-0.49999999999964506,-0.49999999999931616
Large deficit,19,1160,1184,0.4999999999967905,storage_bus_82,444.61554723062665,1.2054994300594085e-12,2.3226261739958225e-12,-0.4999999999987945,-0.49999999999767736
Large deficit,19,1160,1184,0.4999999999967905,storage_bus_86,172.9060461452437,3.1000390192433933e-12,5.9729214398282105e-12,-0.4999999999969,-0.49999999999402706
Large deficit,19,1160,1184,0.4999999999967905,storage_bus_88,395.21381976055704,1.3562489726352484e-12,2.613173717523886e-12,-0.49999999999864375,-0.4999999999973868
Large deficit,19,1160,1184,0.4999999999967905,storage_bus_92,535.1853809257543,1.0015308961300716e-12,1.929680900148998e-12,-0.49999999999899847,-0.4999999999980703
Large deficit,19,1160,1184,0.4999999999967905,storage_bus_97,123.50431867517408,4.339686179878276e-12,8.36123171945598e-12,-0.4999999999956603,-0.49999999999163874
Large deficit,19,1160,1184,0.4999999999967905,storage_bus_98,279.9431223303946,1.914597210184323e-12,3.688779342099883e-12,-0.4999999999980854,-0.49999999999631123
Large deficit,19,1160,1184,0.4999999999967905,storage_bus_112,559.8862446607892,9.57357989552186e-13,1.844342859828859e-12,-0.49999999999904265,-0.49999999999815564
Large deficit,19,1160,1184,0.4999999999967905,storage_bus_115,181.1396673902553,2.9588962593433977e-12,5.7006007832336135e-12,-0.4999999999970411,-0.4999999999942994
Surplus to deficit,1,8580,8604,0.10198016463859817,storage_bus_1,419.9146834955919,0.4005155330401152,0.5886131229610331,-0.09948446695988478,0.08861312296103308
Surplus to deficit,1,8580,8604,0.10198016463859817,storage_bus_9,2511.888039456894,0.35982549719152784,0.5935718241836633,-0.14017450280847216,0.09357182418366328
Surplus to deficit,1,8580,8604,0.10198016463859817,storage_bus_11,576.3534871508124,0.39819481331824785,0.5939137800304605,-0.10180518668175215,0.09391378003046047
Surplus to deficit,1,8580,8604,0.10198016463859817,storage_bus_15,741.0259120510444,0.392166442547681,0.5580029383948362,-0.10783355745231898,0.05800293839483617
Surplus to deficit,1,8580,8604,0.10198016463859817,storage_bus_16,205.8405311252901,0.40258075167877516,0.6216973264825377,-0.09741924832122484,0.12169732648253773
Surplus to deficit,1,8580,8604,0.10198016463859817,storage_bus_22,82.33621245011605,0.38873656172225735,0.49776094819721173,-0.11126343827774265,-0.002239051802788272
Surplus to deficit,1,8580,8604,0.10198016463859817,storage_bus_24,107.03707618515088,0.3834340913627932,0.4764217747411292,-0.11656590863720678,-0.023578225258870822
Surplus to deficit,1,8580,8604,0.10198016463859817,storage_bus_29,197.60690988027852,0.40190843844841406,0.49949026860573514,-0.09809156155158594,-0.0005097313942648563
Surplus to deficit,1,8580,8604,0.10198016463859817,storage_bus_32,485.7836534556847,0.396331814937469,0.5164788973140048,-0.103668185062531,0.01647889731400476
Surplus to deficit,1,8580,8604,0.10198016463859817,storage_bus_41,304.6439860654294,0.403228147560582,0.49588787499278797,-0.096771852439418,-0.004112125007212031
Surplus to deficit,1,8580,8604,0.10198016463859817,storage_bus_44,131.73793992018568,0.3985608366909867,0.4630816712165551,-0.10143916330901331,-0.03691832878344492
Surplus to deficit,1,8580,8604,0.10198016463859817,storage_bus_54,1235.2029462319156,0.3658391859621716,0.6072860275312387,-0.13416081403782842,0.10728602753123873
Surplus to deficit,1,8580,8604,0.10198016463859817,storage_bus_58,98.80345494013926,0.4003263395156256,0.586751135880363,-0.09967366048437443,0.08675113588036298
Surplus to deficit,1,8580,8604,0.10198016463859817,storage_bus_61,875.5614874907134,0.38495706495005705,0.493091373662762,-0.11504293504994295,-0.006908626337237989
Surplus to deficit,1,8580,8604,0.10198016463859817,storage_bus_71,890.5328010216309,0.3680561322387204,0.501886823100608,-0.1319438677612796,0.0018868231006079483
Surplus to deficit,1,8580,8604,0.10198016463859817,storage_bus_72,98.80345494013926,0.37419914379636865,0.4377759943194724,-0.12580085620363135,-0.062224005680527605
Surplus to deficit,1,8580,8604,0.10198016463859817,storage_bus_76,559.8862446607892,0.37731007425427476,0.5786061182947613,-0.12268992574572524,0.07860611829476127
Surplus to deficit,1,8580,8604,0.10198016463859817,storage_bus_79,321.1112285554526,0.36880525648590723,0.6125776226673886,-0.13119474351409277,0.11257762266738858
Surplus to deficit,1,8580,8604,0.10198016463859817,storage_bus_80,1510.0936477937455,0.2987910256582016,0.7871099706675209,-0.2012089743417984,0.28710997066752086
Surplus to deficit,1,8580,8604,0.10198016463859817,storage_bus_82,444.61554723062665,0.389726308554031,0.544435957665817,-0.11027369144596899,0.04443595766581698
Surplus to deficit,1,8580,8604,0.10198016463859817,storage_bus_86,172.9060461452437,0.3856698231654201,0.4715421388849471,-0.11433017683457991,-0.028457861115052885
Surplus to deficit,1,8580,8604,0.10198016463859817,storage_bus_88,395.21381976055704,0.3996135908666092,0.5130844354304775,-0.10038640913339081,0.013084435430477548
Surplus to deficit,1,8580,8604,0.10198016463859817,storage_bus_92,535.1853809257543,0.40342450824210496,0.5384990585718851,-0.09657549175789504,0.03849905857188507
Surplus to deficit,1,8580,8604,0.10198016463859817,storage_bus_97,123.50431867517408,0.35330309201992177,0.5959525244077779,-0.14669690798007823,0.0959525244077779
Surplus to deficit,1,8580,8604,0.10198016463859817,storage_bus_98,279.9431223303946,0.38505563577575097,0.5556031815369141,-0.11494436422424903,0.055603181536914126
Surplus to deficit,1,8580,8604,0.10198016463859817,storage_bus_112,559.8862446607892,0.3949269319874795,0.4831695933883372,-0.10507306801252048,-0.016830406611662796
Surplus to deficit,1,8580,8604,0.10198016463859817,storage_bus_115,181.1396673902553,0.4005112073722986,0.49377109328136765,-0.09948879262770138,-0.006228906718632354
Surplus to deficit,2,8581,8605,0.11717024902782354,storage_bus_1,419.9146834955919,0.5207901751338578,0.684545144294658,0.020790175133857836,0.18454514429465796
Surplus to deficit,2,8581,8605,0.11717024902782354,storage_bus_9,2511.888039456894,0.5080630909760845,0.7301568125225876,0.008063090976084486,0.23015681252258757
Surplus to deficit,2,8581,8605,0.11717024902782354,storage_bus_11,576.3534871508124,0.519239749847684,0.692963245315062,0.01923974984768395,0.19296324531506204
Surplus to deficit,2,8581,8605,0.11717024902782354,storage_bus_15,741.0259120510444,0.5246699007966432,0.6721851648376362,0.024669900796643218,0.17218516483763624
Surplus to deficit,2,8581,8605,0.11717024902782354,storage_bus_16,205.8405311252901,0.5142685614937923,0.7066148809798231,0.014268561493792298,0.20661488097982306
Surplus to deficit,2,8581,8605,0.11717024902782354,storage_bus_22,82.33621245011605,0.5307827636616671,0.614437089803036,0.0307827636616671,0.11443708980303602
Surplus to deficit,2,8581,8605,0.11717024902782354,storage_bus_24,107.03707618515088,0.5224699878808784,0.5996509029971749,0.022469987880878395,0.09965090299717494
Surplus to deficit,2,8581,8605,0.11717024902782354,storage_bus_29,197.60690988027852,0.5362406185507559,0.6074191189950809,0.03624061855075589,0.10741911899508094
Surplus to deficit,2,8581,8605,0.11717024902782354,storage_bus_32,485.7836534556847,0.5310460877815008,0.6301901562524789,0.031046087781500753,0.13019015625247887
Surplus to deficit,2,8581,8605,0.11717024902782354,storage_bus_41,304.6439860654294,0.5372038051452447,0.6122706869075378,0.037203805145244684,0.11227068690753783
Surplus to deficit,2,8581,8605,0.11717024902782354,storage_bus_44,131.73793992018568,0.5381426982562107,0.5885638525656212,0.03814269825621075,0.08856385256562116
Surplus to deficit,2,8581,8605,0.11717024902782354,storage_bus_54,1235.2029462319156,0.5102667603575437,0.7059157587152971,0.010266760357543703,0.2059157587152971
Surplus to deficit,2,8581,8605,0.11717024902782354,storage_bus_58,98.80345494013926,0.5200205332131381,0.6538552919424523,0.020020533213138125,0.1538552919424523
Surplus to deficit,2,8581,8605,0.11717024902782354,storage_bus_61,875.5614874907134,0.5169117557030946,0.6015088745261571,0.016911755703094555,0.10150887452615709
Surplus to deficit,2,8581,8605,0.11717024902782354,storage_bus_71,890.5328010216309,0.5121591080121877,0.5873678009518962,0.01215910801218767,0.08736780095189622
Surplus to deficit,2,8581,8605,0.11717024902782354,storage_bus_72,98.80345494013926,0.515274971514114,0.5306460911369827,0.015274971514114055,0.03064609113698269
Surplus to deficit,2,8581,8605,0.11717024902782354,storage_bus_76,559.8862446607892,0.5266086044187086,0.6924849118297964,0.026608604418708603,0.19248491182979643
Surplus to deficit,2,8581,8605,0.11717024902782354,storage_bus_79,321.1112285554526,0.5185797607143009,0.7021762506029123,0.018579760714300897,0.20217625060291233
Surplus to deficit,2,8581,8605,0.11717024902782354,storage_bus_80,1510.0936477937455,0.4973812762269185,0.8710174660970978,-0.002618723773081477,0.37101746609709785
Surplus to deficit,2,8581,8605,0.11717024902782354,storage_bus_82,444.61554723062665,0.5508602259770279,0.6583798071448319,0.050860225977027884,0.1583798071448319
Surplus to deficit,2,8581,8605,0.11717024902782354,storage_bus_86,172.9060461452437,0.5300548807549016,0.5751810711533998,0.03005488075490159,0.07518107115339978
Surplus to deficit,2,8581,8605,0.11717024902782354,storage_bus_88,395.21381976055704,0.5575755653488311,0.6277040587882803,0.057575565348831126,0.12770405878828028
Surplus to deficit,2,8581,8605,0.11717024902782354,storage_bus_92,535.1853809257543,0.5741850280285179,0.6600735985807201,0.0741850280285179,0.16007359858072012
Surplus to deficit,2,8581,8605,0.11717024902782354,storage_bus_97,123.50431867517408,0.5183134202833163,0.6653329203050289,0.018313420283316284,0.16533292030502889
Surplus to deficit,2,8581,8605,0.11717024902782354,storage_bus_98,279.9431223303946,0.5439159359135756,0.6538810629687973,0.043915935913575566,0.15388106296879733
Surplus to deficit,2,8581,8605,0.11717024902782354,storage_bus_112,559.8862446607892,0.5455557917249008,0.6000815898770723,0.04555579172490076,0.10008158987707227
Surplus to deficit,2,8581,8605,0.11717024902782354,storage_bus_115,181.1396673902553,0.5358778289880891,0.6007487376391741,0.03587782898808911,0.10074873763917414
Surplus to deficit,3,8579,8603,0.2068804777701014,storage_bus_1,419.9146834955919,0.2689705472677689,0.43726791677927535,-0.23102945273223108,-0.06273208322072465
Surplus to deficit,3,8579,8603,0.2068804777701014,storage_bus_9,2511.888039456894,0.20615744073658288,0.47018019980013037,-0.2938425592634171,-0.02981980019986963
Surplus to deficit,3,8579,8603,0.2068804777701014,storage_bus_11,576.3534871508124,0.2668844181013551,0.44587559391032444,-0.2331155818986449,-0.05412440608967556
Surplus to deficit,3,8579,8603,0.2068804777701014,storage_bus_15,741.0259120510444,0.24798776550474264,0.42894561128480524,-0.25201223449525734,-0.07105438871519476
Surplus to deficit,3,8579,8603,0.2068804777701014,storage_bus_16,205.8405311252901,0.2789633437622086,0.45216936875903574,-0.2210366562377914,-0.04783063124096426
Surplus to deficit,3,8579,8603,0.2068804777701014,storage_bus_22,82.33621245011605,0.22257669452312995,0.36616740492430305,-0.27742330547687005,-0.13383259507569695
Surplus to deficit,3,8579,8603,0.2068804777701014,storage_bus_24,107.03707618515088,0.22335723673682,0.38683873533045354,-0.27664276326318,-0.11316126466954646
Surplus to deficit,3,8579,8603,0.2068804777701014,storage_bus_29,197.60690988027852,0.24907583835305436,0.3718481613902402,-0.25092416164694564,-0.12815183860975982
Surplus to deficit,3,8579,8603,0.2068804777701014,storage_bus_32,485.7836534556847,0.24795238023638638,0.39595397468819704,-0.2520476197636136,-0.10404602531180296
Surplus to deficit,3,8579,8603,0.2068804777701014,storage_bus_41,304.6439860654294,0.24861253406687175,0.39649408214656695,-0.2513874659331282,-0.10350591785343305
Surplus to deficit,3,8579,8603,0.2068804777701014,storage_bus_44,131.73793992018568,0.233228423852425,0.39091853598625065,-0.26677157614757496,-0.10908146401374935
Surplus to deficit,3,8579,8603,0.2068804777701014,storage_bus_54,1235.2029462319156,0.21179350851978962,0.4680090968955327,-0.2882064914802104,-0.03199090310446728
Surplus to deficit,3,8579,8603,0.2068804777701014,storage_bus_58,98.80345494013926,0.2613823414180187,0.42304915135708454,-0.2386176585819813,-0.07695084864291546
Surplus to deficit,3,8579,8603,0.2068804777701014,storage_bus_61,875.5614874907134,0.2447382613084847,0.41857264771077596,-0.2552617386915153,-0.08142735228922404
Surplus to deficit,3,8579,8603,0.2068804777701014,storage_bus_71,890.5328010216309,0.21584375480251267,0.45473182408206264,-0.28415624519748733,-0.04526817591793736
Surplus to deficit,3,8579,8603,0.2068804777701014,storage_bus_72,98.80345494013926,0.21771742734320315,0.3675703774461835,-0.28228257265679685,-0.13242962255381652
Surplus to deficit,3,8579,8603,0.2068804777701014,storage_bus_76,559.8862446607892,0.21805012969421883,0.43332591109121515,-0.28194987030578117,-0.06667408890878485
Surplus to deficit,3,8579,8603,0.2068804777701014,storage_bus_79,321.1112285554526,0.2088910112448868,0.45892731442747486,-0.2911089887551132,-0.041072685572525136
Surplus to deficit,3,8579,8603,0.2068804777701014,storage_bus_80,1510.0936477937455,0.10539242797422389,0.5413044008749027,-0.3946075720257761,0.041304400874902725
Surplus to deficit,3,8579,8603,0.2068804777701014,storage_bus_82,444.61554723062665,0.21150791235269265,0.387057258971479,-0.2884920876473074,-0.11294274102852098
Surplus to deficit,3,8579,8603,0.2068804777701014,storage_bus_86,172.9060461452437,0.231359861270457,0.3545485211377583,-0.268640138729543,-0.1454514788622417
Surplus to deficit,3,8579,8603,0.2068804777701014,storage_bus_88,395.21381976055704,0.22254204702630595,0.3674021900883502,-0.277457952973694,-0.13259780991164982
Surplus to deficit,3,8579,8603,0.2068804777701014,storage_bus_92,535.1853809257543,0.20573267546727003,0.3705645632370803,-0.29426732453272997,-0.1294354367629197
Surplus to deficit,3,8579,8603,0.2068804777701014,storage_bus_97,123.50431867517408,0.17592138571958907,0.441779972216586,-0.32407861428041096,-0.05822002778341401
Surplus to deficit,3,8579,8603,0.2068804777701014,storage_bus_98,279.9431223303946,0.20880068176819247,0.4024911195699458,-0.29119931823180756,-0.09750888043005418
Surplus to deficit,3,8579,8603,0.2068804777701014,storage_bus_112,559.8862446607892,0.23027748267586845,0.34614076596634025,-0.26972251732413155,-0.15385923403365975
Surplus to deficit,3,8579,8603,0.2068804777701014,storage_bus_115,181.1396673902553,0.24737048097756734,0.36583356798863403,-0.2526295190224327,-0.13416643201136597
Surplus to deficit,4,8571,8595,0.2278208506053891,storage_bus_1,419.9146834955919,0.7077597969146843,0.29792245268957446,0.20775979691468427,-0.20207754731042554
Surplus to deficit,4,8571,8595,0.2278208506053891,storage_bus_9,2511.888039456894,0.6959829381085868,0.15910703299905052,0.1959829381085868,-0.3408929670009495
Surplus to deficit,4,8571,8595,0.2278208506053891,storage_bus_11,576.3534871508124,0.7176809338602127,0.28640432358219037,0.2176809338602127,-0.21359567641780963
Surplus to deficit,4,8571,8595,0.2278208506053891,storage_bus_15,741.0259120510444,0.725660181537658,0.2772663935514706,0.225660181537658,-0.2227336064485294
Surplus to deficit,4,8571,8595,0.2278208506053891,storage_bus_16,205.8405311252901,0.6742721572002379,0.28569429368532406,0.17427215720023792,-0.21430570631467594
Surplus to deficit,4,8571,8595,0.2278208506053891,storage_bus_22,82.33621245011605,0.6178561246917588,0.2235858602650991,0.11785612469175877,-0.2764141397349009
Surplus to deficit,4,8571,8595,0.2278208506053891,storage_bus_24,107.03707618515088,0.5897222224094946,0.1670125423982141,0.08972222240949457,-0.33298745760178594
Surplus to deficit,4,8571,8595,0.2278208506053891,storage_bus_29,197.60690988027852,0.6866061314770067,0.2896627931699231,0.18660613147700666,-0.2103372068300769
Surplus to deficit,4,8571,8595,0.2278208506053891,storage_bus_32,485.7836534556847,0.7181631147145612,0.2796043841520957,0.21816311471456118,-0.2203956158479043
Surplus to deficit,4,8571,8595,0.2278208506053891,storage_bus_41,304.6439860654294,0.6960586682965312,0.26921303666699137,0.19605866829653118,-0.23078696333300863
Surplus to deficit,4,8571,8595,0.2278208506053891,storage_bus_44,131.73793992018568,0.6474229065758792,0.19738695074611132,0.1474229065758792,-0.30261304925388866
Surplus to deficit,4,8571,8595,0.2278208506053891,storage_bus_54,1235.2029462319156,0.7283899799897005,0.24182459727956254,0.22838997998970045,-0.2581754027204375
Surplus to deficit,4,8571,8595,0.2278208506053891,storage_bus_58,98.80345494013926,0.5499742468882135,0.1592620344413863,0.0499742468882135,-0.3407379655586137
Surplus to deficit,4,8571,8595,0.2278208506053891,storage_bus_61,875.5614874907134,0.7209547749012963,0.20739693433694179,0.22095477490129634,-0.2926030656630582
Surplus to deficit,4,8571,8595,0.2278208506053891,storage_bus_71,890.5328010216309,0.7068602443610204,0.061253019090924544,0.20686024436102035,-0.43874698090907543
Surplus to deficit,4,8571,8595,0.2278208506053891,storage_bus_72,98.80345494013926,0.5887455848635613,0.03826023639093437,0.08874558486356132,-0.46173976360906566
Surplus to deficit,4,8571,8595,0.2278208506053891,storage_bus_76,559.8862446607892,0.7040985880518653,0.28033907545250986,0.20409858805186532,-0.21966092454749014
Surplus to deficit,4,8571,8595,0.2278208506053891,storage_bus_79,321.1112285554526,0.6694711238212591,0.26653952583216156,0.16947112382125906,-0.23346047416783844
Surplus to deficit,4,8571,8595,0.2278208506053891,storage_bus_80,1510.0936477937455,0.7433899657462059,0.24757275718895727,0.24338996574620586,-0.25242724281104273
Surplus to deficit,4,8571,8595,0.2278208506053891,storage_bus_82,444.61554723062665,0.6965940189809655,0.297261520632156,0.1965940189809655,-0.202738479367844
Surplus to deficit,4,8571,8595,0.2278208506053891,storage_bus_86,172.9060461452437,0.6292298757651349,0.2642958329901243,0.1292298757651349,-0.23570416700987568
Surplus to deficit,4,8571,8595,0.2278208506053891,storage_bus_88,395.21381976055704,0.6971836402422432,0.33894841699356437,0.19718364024224322,-0.16105158300643563
Surplus to deficit,4,8571,8595,0.2278208506053891,storage_bus_92,535.1853809257543,0.7142638257257309,0.33173408926718484,0.21426382572573088,-0.16826591073281516
Surplus to deficit,4,8571,8595,0.2278208506053891,storage_bus_97,123.50431867517408,0.5898096865759611,0.25627941658135533,0.08980968657596111,-0.24372058341864467
Surplus to deficit,4,8571,8595,0.2278208506053891,storage_bus_98,279.9431223303946,0.666649629985186,0.285733234094555,0.16664962998518595,-0.21426676590544502
Surplus to deficit,4,8571,8595,0.2278208506053891,storage_bus_112,559.8862446607892,0.6964000669921698,0.3175168439116592,0.19640006699216983,-0.18248315608834081
Surplus to deficit,4,8571,8595,0.2278208506053891,storage_bus_115,181.1396673902553,0.6777385152792512,0.2882750133317554,0.17773851527925122,-0.21172498666824457
Surplus to deficit,5,8570,8594,0.2724197850988765,storage_bus_1,419.9146834955919,0.8694401988115359,0.45856036022771635,0.3694401988115359,-0.041439639772283654
Surplus to deficit,5,8570,8594,0.2724197850988765,storage_bus_9,2511.888039456894,0.8629804196992436,0.2888406841276731,0.36298041969924355,-0.2111593158723269
Surplus to deficit,5,8570,8594,0.2724197850988765,storage_bus_11,576.3534871508124,0.8867731779497751,0.4662709856449878,0.38677317794977506,-0.03372901435501219
Surplus to deficit,5,8570,8594,0.2724197850988765,storage_bus_15,741.0259120510444,0.9024405390899503,0.4735575520404197,0.40244053908995026,-0.026442447959580284
Surplus to deficit,5,8570,8594,0.2724197850988765,storage_bus_16,205.8405311252901,0.8282784237593783,0.4097170210713145,0.3282784237593783,-0.09028297892868548
Surplus to deficit,5,8570,8594,0.2724197850988765,storage_bus_22,82.33621245011605,0.7873207760432532,0.3374333449039523,0.28732077604325323,-0.16256665509604767
Surplus to deficit,5,8570,8594,0.2724197850988765,storage_bus_24,107.03707618515088,0.744637019496066,0.29088210316793184,0.24463701949606598,-0.20911789683206816
Surplus to deficit,5,8570,8594,0.2724197850988765,storage_bus_29,197.60690988027852,0.8503561526393737,0.4334199080997973,0.3503561526393737,-0.0665800919002027
Surplus to deficit,5,8570,8594,0.2724197850988765,storage_bus_32,485.7836534556847,0.8886919011904039,0.45910741224981777,0.38869190119040387,-0.04089258775018223
Surplus to deficit,5,8570,8594,0.2724197850988765,storage_bus_41,304.6439860654294,0.8748558315684758,0.4433130202066735,0.3748558315684758,-0.056686979793326486
Surplus to deficit,5,8570,8594,0.2724197850988765,storage_bus_44,131.73793992018568,0.8387433937867053,0.3479375066193394,0.33874339378670526,-0.15206249338066058
Surplus to deficit,5,8570,8594,0.2724197850988765,storage_bus_54,1235.2029462319156,0.9160526733414616,0.4457179141155192,0.41605267334146157,-0.0542820858844808
Surplus to deficit,5,8570,8594,0.2724197850988765,storage_bus_58,98.80345494013926,0.7114684740750413,0.2231941146721285,0.21146847407504132,-0.27680588532787154
Surplus to deficit,5,8570,8594,0.2724197850988765,storage_bus_61,875.5614874907134,0.9076609123945107,0.3923858270026272,0.40766091239451074,-0.1076141729973728
Surplus to deficit,5,8570,8594,0.2724197850988765,storage_bus_71,890.5328010216309,0.8779090877849401,0.1369852992771265,0.37790908778494015,-0.3630147007228735
Surplus to deficit,5,8570,8594,0.2724197850988765,storage_bus_72,98.80345494013926,0.739752586417126,0.06504055516625758,0.23975258641712605,-0.43495944483374244
Surplus to deficit,5,8570,8594,0.2724197850988765,storage_bus_76,559.8862446607892,0.8748113557133834,0.454304969273718,0.3748113557133834,-0.045695030726282004
Surplus to deficit,5,8570,8594,0.2724197850988765,storage_bus_79,321.1112285554526,0.8337952071529493,0.4071271671796757,0.3337952071529493,-0.09287283282032432
Surplus to deficit,5,8570,8594,0.2724197850988765,storage_bus_80,1510.0936477937455,0.9412490668028498,0.47986035141888134,0.4412490668028498,-0.020139648581118663
Surplus to deficit,5,8570,8594,0.2724197850988765,storage_bus_82,444.61554723062665,0.871763663868462,0.46852636705544753,0.37176366386846205,-0.031473632944552465
Surplus to deficit,5,8570,8594,0.2724197850988765,storage_bus_86,172.9060461452437,0.8198302401037773,0.36413965751277666,0.31983024010377725,-0.13586034248722334
Surplus to deficit,5,8570,8594,0.2724197850988765,storage_bus_88,395.21381976055704,0.8794433350657253,0.5198925570872315,0.37944333506572525,0.019892557087231477
Surplus to deficit,5,8570,8594,0.2724197850988765,storage_bus_92,535.1853809257543,0.9010826317058661,0.5331882985237979,0.4010826317058661,0.0331882985237979
Surplus to deficit,5,8570,8594,0.2724197850988765,storage_bus_97,123.50431867517408,0.7573162139928388,0.3525161701454893,0.25731621399283877,-0.1474838298545107
Surplus to deficit,5,8570,8594,0.2724197850988765,storage_bus_98,279.9431223303946,0.8355316540716134,0.4273631439311728,0.33553165407161345,-0.0726368560688272
Surplus to deficit,5,8570,8594,0.2724197850988765,storage_bus_112,559.8862446607892,0.8775747831989008,0.48298129541295154,0.3775747831989008,-0.01701870458704846
Surplus to deficit,5,8570,8594,0.2724197850988765,storage_bus_115,181.1396673902553,0.8384649894079842,0.42342199706374994,0.3384649894079842,-0.07657800293625006
Surplus to deficit,6,8572,8596,0.2942214515683074,storage_bus_1,419.9146834955919,0.539823582865688,0.13168985883227996,0.03982358286568799,-0.36831014116772004
Surplus to deficit,6,8572,8596,0.2942214515683074,storage_bus_9,2511.888039456894,0.5252050510677312,0.03751469662517884,0.025205051067731188,-0.4624853033748212
Surplus to deficit,6,8572,8596,0.2942214515683074,storage_bus_11,576.3534871508124,0.5338618787579607,0.10389600428480814,0.03386187875796065,-0.39610399571519184
Surplus to deficit,6,8572,8596,0.2942214515683074,storage_bus_15,741.0259120510444,0.5277636337844134,0.08244853827705506,0.027763633784413377,-0.41755146172294494
Surplus to deficit,6,8572,8596,0.2942214515683074,storage_bus_16,205.8405311252901,0.5332575739378564,0.14658809806114206,0.033257573937856444,-0.35341190193885796
Surplus to deficit,6,8572,8596,0.2942214515683074,storage_bus_22,82.33621245011605,0.4830045722469601,0.09059705080442787,-0.016995427753039916,-0.40940294919557213
Surplus to deficit,6,8572,8596,0.2942214515683074,storage_bus_24,107.03707618515088,0.47592914785017804,0.0016822305741912172,-0.024070852149821964,-0.4983177694258088
Surplus to deficit,6,8572,8596,0.2942214515683074,storage_bus_29,197.60690988027852,0.5294704699868191,0.13610585358589844,0.029470469986819126,-0.36389414641410156
Surplus to deficit,6,8572,8596,0.2942214515683074,storage_bus_32,485.7836534556847,0.5339920698639483,0.09756303409600403,0.033992069863948315,-0.40243696590399597
Surplus to deficit,6,8572,8596,0.2942214515683074,storage_bus_41,304.6439860654294,0.5131402077819465,0.08143011470312732,0.013140207781946467,-0.41856988529687267
Surplus to deficit,6,8572,8596,0.2942214515683074,storage_bus_44,131.73793992018568,0.47025469571094963,0.02308712523498052,-0.029745304289050367,-0.4769128747650195
Surplus to deficit,6,8572,8596,0.2942214515683074,storage_bus_54,1235.2029462319156,0.5153069370882996,0.04396772151080233,0.015306937088299555,-0.4560322784891977
Surplus to deficit,6,8572,8596,0.2942214515683074,storage_bus_58,98.80345494013926,0.4445110721859673,0.05552024196144928,-0.055488927814032696,-0.4444797580385507
Surplus to deficit,6,8572,8596,0.2942214515683074,storage_bus_61,875.5614874907134,0.5140870324115527,0.01419024411512333,0.014087032411552736,-0.4858097558848767
Surplus to deficit,6,8572,8596,0.2942214515683074,storage_bus_71,890.5328010216309,0.5267900832221287,2.388212271554046e-08,0.026790083222128724,-0.4999999761178773
Surplus to deficit,6,8572,8596,0.2942214515683074,storage_bus_72,98.80345494013926,0.48065065068098883,3.84066873747167e-07,-0.019349349319011167,-0.49999961593312625
Surplus to deficit,6,8572,8596,0.2942214515683074,storage_bus_76,559.8862446607892,0.524704099205898,0.10200519832789501,0.024704099205898,-0.397994801672105
Surplus to deficit,6,8572,8596,0.2942214515683074,storage_bus_79,321.1112285554526,0.5136731762855941,0.10365979269010113,0.013673176285594058,-0.3963402073098989
Surplus to deficit,6,8572,8596,0.2942214515683074,storage_bus_80,1510.0936477937455,0.5080763008437242,0.03243691208905007,0.008076300843724238,-0.4675630879109499
Surplus to deficit,6,8572,8596,0.2942214515683074,storage_bus_82,444.61554723062665,0.5149945843852173,0.11719269964500532,0.01499458438521728,-0.38280730035499466
Surplus to deficit,6,8572,8596,0.2942214515683074,storage_bus_86,172.9060461452437,0.4594791649144587,0.14698718486014944,-0.040520835085541274,-0.35301281513985056
Surplus to deficit,6,8572,8596,0.2942214515683074,storage_bus_88,395.21381976055704,0.5049064425139839,0.15372496333497793,0.004906442513983866,-0.3462750366650221
Surplus to deficit,6,8572,8596,0.2942214515683074,storage_bus_92,535.1853809257543,0.5100673402480436,0.12851257987379228,0.010067340248043566,-0.3714874201262077
Surplus to deficit,6,8572,8596,0.2942214515683074,storage_bus_97,123.50431867517408,0.46041874911251296,0.1281686237258419,-0.03958125088748704,-0.3718313762741581
Surplus to deficit,6,8572,8596,0.2942214515683074,storage_bus_98,279.9431223303946,0.5061839032681122,0.1249393298920357,0.006183903268112245,-0.3750606701079643
Surplus to deficit,6,8572,8596,0.2942214515683074,storage_bus_112,559.8862446607892,0.5048826253203095,0.14510184135655282,0.004882625320309475,-0.3548981586434472
Surplus to deficit,6,8572,8596,0.2942214515683074,storage_bus_115,181.1396673902553,0.5279834890153258,0.14323857817054095,0.02798348901532577,-0.356761421829459
Surplus to deficit,7,8568,8592,0.3100703239109882,storage_bus_1,419.9146834955919,0.9467102161440477,0.6703511451661173,0.4467102161440477,0.17035114516611727
Surplus to deficit,7,8568,8592,0.3100703239109882,storage_bus_9,2511.888039456894,0.9963534864762277,0.5959329528603386,0.4963534864762277,0.09593295286033865
Surplus to deficit,7,8568,8592,0.3100703239109882,storage_bus_11,576.3534871508124,0.9542456756290599,0.7020541426829652,0.45424567562905993,0.20205414268296518
Surplus to deficit,7,8568,8592,0.3100703239109882,storage_bus_15,741.0259120510444,0.9678757006795613,0.7357507257526705,0.4678757006795613,0.23575072575267053
Surplus to deficit,7,8568,8592,0.3100703239109882,storage_bus_16,205.8405311252901,0.873186358961277,0.573697722733215,0.37318635896127705,0.07369772273321495
Surplus to deficit,7,8568,8592,0.3100703239109882,storage_bus_22,82.33621245011605,0.7690467540327824,0.46070735179467187,0.26904675403278244,-0.03929264820532813
Surplus to deficit,7,8568,8592,0.3100703239109882,storage_bus_24,107.03707618515088,0.7261158523645334,0.4537428432335024,0.22611585236453335,-0.04625715676649761
Surplus to deficit,7,8568,8592,0.3100703239109882,storage_bus_29,197.60690988027852,0.9100221114816934,0.6173402770942116,0.41002211148169343,0.11734027709421158
Surplus to deficit,7,8568,8592,0.3100703239109882,storage_bus_32,485.7836534556847,0.9668724533341867,0.7017467752971205,0.4668724533341867,0.20174677529712048
Surplus to deficit,7,8568,8592,0.3100703239109882,storage_bus_41,304.6439860654294,0.8986435281803596,0.682417853307281,0.39864352818035964,0.182417853307281
Surplus to deficit,7,8568,8592,0.3100703239109882,storage_bus_44,131.73793992018568,0.7775836215451305,0.5781253841614211,0.2775836215451305,0.07812538416142112
Surplus to deficit,7,8568,8592,0.3100703239109882,storage_bus_54,1235.2029462319156,0.9732767511470665,0.7504966061067969,0.47327675114706647,0.2504966061067969
Surplus to deficit,7,8568,8592,0.3100703239109882,storage_bus_58,98.80345494013926,0.6668061118115963,0.4205378101867512,0.16680611181159632,-0.07946218981324882
Surplus to deficit,7,8568,8592,0.3100703239109882,storage_bus_61,875.5614874907134,0.9384229497907216,0.7027601411784474,0.4384229497907216,0.20276014117844743
Surplus to deficit,7,8568,8592,0.3100703239109882,storage_bus_71,890.5328010216309,0.9573666865512932,0.41580863015188074,0.4573666865512932,-0.08419136984811926
Surplus to deficit,7,8568,8592,0.3100703239109882,storage_bus_72,98.80345494013926,0.7286551215003381,0.12587608019452312,0.22865512150033807,-0.3741239198054769
Surplus to deficit,7,8568,8592,0.3100703239109882,storage_bus_76,559.8862446607892,0.9570575656552723,0.7106811531194412,0.45705756565527234,0.21068115311944124
Surplus to deficit,7,8568,8592,0.3100703239109882,storage_bus_79,321.1112285554526,0.8852767722657137,0.6413479433184355,0.38527677226571366,0.14134794331843548
Surplus to deficit,7,8568,8592,0.3100703239109882,storage_bus_80,1510.0936477937455,0.9844158378512374,0.7970009661641202,0.48441583785123743,0.2970009661641202
Surplus to deficit,7,8568,8592,0.3100703239109882,storage_bus_82,444.61554723062665,0.9399260628504938,0.7133759195401362,0.43992606285049385,0.21337591954013624
Surplus to deficit,7,8568,8592,0.3100703239109882,storage_bus_86,172.9060461452437,0.7286097764695185,0.5509099748481971,0.22860977646951852,0.05090997484819715
Surplus to deficit,7,8568,8592,0.3100703239109882,storage_bus_88,395.21381976055704,0.9462579099372369,0.7524618490783292,0.4462579099372369,0.25246184907832925
Surplus to deficit,7,8568,8592,0.3100703239109882,storage_bus_92,535.1853809257543,0.9617208441251758,0.778672565638271,0.4617208441251758,0.27867256563827103
Surplus to deficit,7,8568,8592,0.3100703239109882,storage_bus_97,123.50431867517408,0.7519312814028846,0.5442211416561844,0.25193128140288457,0.044221141656184404
Surplus to deficit,7,8568,8592,0.3100703239109882,storage_bus_98,279.9431223303946,0.8840026689796393,0.6525671344583855,0.3840026689796393,0.15256713445838554
Surplus to deficit,7,8568,8592,0.3100703239109882,storage_bus_112,559.8862446607892,0.9311573520779519,0.7221019129548761,0.4311573520779519,0.22210191295487614
Surplus to deficit,7,8568,8592,0.3100703239109882,storage_bus_115,181.1396673902553,0.9021430814476521,0.6005266237691821,0.4021430814476521,0.10052662376918209
Surplus to deficit,8,8578,8602,0.33050590568113414,storage_bus_1,419.9146834955919,0.15312650813578524,0.28719290405324366,-0.3468734918642148,-0.21280709594675634
Surplus to deficit,8,8578,8602,0.33050590568113414,storage_bus_9,2511.888039456894,0.1097824474259605,0.31154661698787794,-0.3902175525740395,-0.18845338301212206
Surplus to deficit,8,8578,8602,0.33050590568113414,storage_bus_11,576.3534871508124,0.15662125889535902,0.296508829652929,-0.34337874110464095,-0.20349117034707098
Surplus to deficit,8,8578,8602,0.33050590568113414,storage_bus_15,741.0259120510444,0.12436100316035524,0.28574989364457903,-0.37563899683964475,-0.21425010635542097
Surplus to deficit,8,8578,8602,0.33050590568113414,storage_bus_16,205.8405311252901,0.17761870448287648,0.2940721480060753,-0.3223812955171235,-0.20592785199392472
Surplus to deficit,8,8578,8602,0.33050590568113414,storage_bus_22,82.33621245011605,0.06320309454820458,0.22658825838116398,-0.4367969054517954,-0.273411741618836
Surplus to deficit,8,8578,8602,0.33050590568113414,storage_bus_24,107.03707618515088,0.04779595910004196,0.2640435289617924,-0.452204040899958,-0.2359564710382076
Surplus to deficit,8,8578,8602,0.33050590568113414,storage_bus_29,197.60690988027852,0.10208937289749212,0.24027929149854188,-0.3979106271025079,-0.2597207085014581
Surplus to deficit,8,8578,8602,0.33050590568113414,storage_bus_32,485.7836534556847,0.11048645640327512,0.26347247591094236,-0.38951354359672485,-0.23652752408905764
Surplus to deficit,8,8578,8602,0.33050590568113414,storage_bus_41,304.6439860654294,0.0979815243255397,0.272167021494003,-0.4020184756744603,-0.22783297850599699
Surplus to deficit,8,8578,8602,0.33050590568113414,storage_bus_44,131.73793992018568,0.06184566878086076,0.27271905142342884,-0.43815433121913927,-0.22728094857657116
Surplus to deficit,8,8578,8602,0.33050590568113414,storage_bus_54,1235.2029462319156,0.11806342636177715,0.30422283941656,-0.38193657363822286,-0.19577716058344002
Surplus to deficit,8,8578,8602,0.33050590568113414,storage_bus_58,98.80345494013926,0.1404684793799884,0.2664352666678398,-0.3595315206200116,-0.2335647333321602
Surplus to deficit,8,8578,8602,0.33050590568113414,storage_bus_61,875.5614874907134,0.11675189383669878,0.30832343341561125,-0.38324810616330124,-0.19167656658438875
Surplus to deficit,8,8578,8602,0.33050590568113414,storage_bus_71,890.5328010216309,0.05814832171838124,0.3785931454169316,-0.44185167828161875,-0.12140685458306838
Surplus to deficit,8,8578,8602,0.33050590568113414,storage_bus_72,98.80345494013926,0.034831691848349396,0.26966643251724415,-0.4651683081516506,-0.23033356748275585
Surplus to deficit,8,8578,8602,0.33050590568113414,storage_bus_76,559.8862446607892,0.092921683394758,0.2760363516901535,-0.407078316605242,-0.2239636483098465
Surplus to deficit,8,8578,8602,0.33050590568113414,storage_bus_79,321.1112285554526,0.10749041284274657,0.29937205021352836,-0.3925095871572534,-0.20062794978647164
Surplus to deficit,8,8578,8602,0.33050590568113414,storage_bus_80,1510.0936477937455,0.059273234467419084,0.2884652291379999,-0.44072676553258094,-0.21153477086200012
Surplus to deficit,8,8578,8602,0.33050590568113414,storage_bus_82,444.61554723062665,0.07880897218463033,0.23277182695850743,-0.42119102781536966,-0.2672281730414926
Surplus to deficit,8,8578,8602,0.33050590568113414,storage_bus_86,172.9060461452437,0.0912908145745346,0.23347415669584842,-0.4087091854254654,-0.2665258433041516
Surplus to deficit,8,8578,8602,0.33050590568113414,storage_bus_88,395.21381976055704,0.0766886829564419,0.223410060568548,-0.42331131704355807,-0.276589939431452
Surplus to deficit,8,8578,8602,0.33050590568113414,storage_bus_92,535.1853809257543,0.06028408058761829,0.21088583547891285,-0.4397159194123817,-0.2891141645210872
Surplus to deficit,8,8578,8602,0.33050590568113414,storage_bus_97,123.50431867517408,0.08123420091525363,0.29158835494857605,-0.41876579908474637,-0.20841164505142395
Surplus to deficit,8,8578,8602,0.33050590568113414,storage_bus_98,279.9431223303946,0.08505005198902958,0.2518703012422762,-0.4149499480109704,-0.24812969875772378
Surplus to deficit,8,8578,8602,0.33050590568113414,storage_bus_112,559.8862446607892,0.08794582358804268,0.21253717267897582,-0.4120541764119573,-0.2874628273210242
Surplus to deficit,8,8578,8602,0.33050590568113414,storage_bus_115,181.1396673902553,0.09838684939529442,0.23495048039742436,-0.4016131506047056,-0.2650495196025756
Surplus to deficit,9,8567,8591,0.33819995507624656,storage_bus_1,419.9146834955919,0.9490310293208437,0.7416760735072292,0.4490310293208437,0.2416760735072292
Surplus to deficit,9,8567,8591,0.33819995507624656,storage_bus_9,2511.888039456894,0.9999404485555784,0.755225995593407,0.4999404485555784,0.255225995593407
Surplus to deficit,9,8567,8591,0.33819995507624656,storage_bus_11,576.3534871508124,0.962229803859283,0.7794186205206658,0.46222980385928303,0.2794186205206658
Surplus to deficit,9,8567,8591,0.33819995507624656,storage_bus_15,741.0259120510444,0.9768691014065406,0.8223298341542836,0.4768691014065406,0.3223298341542836
Surplus to deficit,9,8567,8591,0.33819995507624656,storage_bus_16,205.8405311252901,0.8731934281885887,0.6315185497634722,0.3731934281885887,0.13151854976347221
Surplus to deficit,9,8567,8591,0.33819995507624656,storage_bus_22,82.33621245011605,0.7690523706984767,0.507981559761565,0.26905237069847665,0.007981559761565005
Surplus to deficit,9,8567,8591,0.33819995507624656,storage_bus_24,107.03707618515088,0.7261220922431709,0.533605918453044,0.22612209224317092,0.03360591845304395
Surplus to deficit,9,8567,8591,0.33819995507624656,storage_bus_29,197.60690988027852,0.9100252056750884,0.6854987999435516,0.4100252056750884,0.18549879994355156
Surplus to deficit,9,8567,8591,0.33819995507624656,storage_bus_32,485.7836534556847,0.966986706246387,0.7879428026289322,0.46698670624638705,0.28794280262893224
Surplus to deficit,9,8567,8591,0.33819995507624656,storage_bus_41,304.6439860654294,0.9075120003302847,0.7793262433643341,0.4075120003302847,0.2793262433643341
Surplus to deficit,9,8567,8591,0.33819995507624656,storage_bus_44,131.73793992018568,0.7778546906834264,0.6928702623503569,0.2778546906834264,0.19287026235035687
Surplus to deficit,9,8567,8591,0.33819995507624656,storage_bus_54,1235.2029462319156,0.9865107560372772,0.8556950583644986,0.4865107560372772,0.35569505836449855
Surplus to deficit,9,8567,8591,0.33819995507624656,storage_bus_58,98.80345494013926,0.6687233378926556,0.5711585475669837,0.1687233378926556,0.0711585475669837
Surplus to deficit,9,8567,8591,0.33819995507624656,storage_bus_61,875.5614874907134,0.9582741525722239,0.8191083442175189,0.4582741525722239,0.3191083442175189
Surplus to deficit,9,8567,8591,0.33819995507624656,storage_bus_71,890.5328010216309,0.96689732409281,0.581297445672287,0.46689732409281004,0.08129744567228703
Surplus to deficit,9,8567,8591,0.33819995507624656,storage_bus_72,98.80345494013926,0.728657626300323,0.17803725767572168,0.22865762630032305,-0.32196274232427835
Surplus to deficit,9,8567,8591,0.33819995507624656,storage_bus_76,559.8862446607892,0.9609129908485904,0.8122508717871461,0.4609129908485904,0.31225087178714606
Surplus to deficit,9,8567,8591,0.33819995507624656,storage_bus_79,321.1112285554526,0.8938897980627576,0.7542757727076994,0.3938897980627576,0.2542757727076994
Surplus to deficit,9,8567,8591,0.33819995507624656,storage_bus_80,1510.0936477937455,0.9950073237386227,0.8890766289515677,0.49500732373862266,0.3890766289515677
Surplus to deficit,9,8567,8591,0.33819995507624656,storage_bus_82,444.61554723062665,0.9406274930143337,0.8132437745761191,0.4406274930143337,0.31324377457611907
Surplus to deficit,9,8567,8591,0.33819995507624656,storage_bus_86,172.9060461452437,0.7286104594325091,0.6598785465387893,0.22861045943250913,0.1598785465387893
Surplus to deficit,9,8567,8591,0.33819995507624656,storage_bus_88,395.21381976055704,0.946258462534372,0.8398008915726367,0.44625846253437196,0.3398008915726367
Surplus to deficit,9,8567,8591,0.33819995507624656,storage_bus_92,535.1853809257543,0.9620316855374875,0.8628383711413486,0.4620316855374875,0.36283837114134865
Surplus to deficit,9,8567,8591,0.33819995507624656,storage_bus_97,123.50431867517408,0.7519389466414604,0.6630750134825693,0.25193894664146044,0.16307501348256925
Surplus to deficit,9,8567,8591,0.33819995507624656,storage_bus_98,279.9431223303946,0.8852537059756064,0.7608370959240867,0.3852537059756064,0.26083709592408666
Surplus to deficit,9,8567,8591,0.33819995507624656,storage_bus_112,559.8862446607892,0.9360859311031389,0.8213835490131742,0.43608593110313887,0.32138354901317423
Surplus to deficit,9,8567,8591,0.33819995507624656,storage_bus_115,181.1396673902553,0.9021461323600142,0.6679387935171731,0.4021461323600142,0.1679387935171731
Surplus to deficit,10,8566,8590,0.3497201580575009,storage_bus_1,419.9146834955919,0.924209259022398,0.8119140540469302,0.42420925902239803,0.3119140540469302
Surplus to deficit,10,8566,8590,0.3497201580575009,storage_bus_9,2511.888039456894,0.9928978635239306,0.8884362170230575,0.4928978635239306,0.38843621702305753
Surplus to deficit,10,8566,8590,0.3497201580575009,storage_bus_11,576.3534871508124,0.9362745325342307,0.852834873283573,0.43627453253423065,0.352834873283573
Surplus to deficit,10,8566,8590,0.3497201580575009,storage_bus_15,741.0259120510444,0.9558192495116117,0.8980997146911304,0.4558192495116117,0.39809971469113037
Surplus to deficit,10,8566,8590,0.3497201580575009,storage_bus_16,205.8405311252901,0.8190241072188359,0.6997287651661355,0.3190241072188359,0.19972876516613547
Surplus to deficit,10,8566,8590,0.3497201580575009,storage_bus_22,82.33621245011605,0.6742325670157922,0.575230105718248,0.17423256701579215,0.07523010571824795
Surplus to deficit,10,8566,8590,0.3497201580575009,storage_bus_24,107.03707618515088,0.585207734646958,0.6289851064298561,0.08520773464695797,0.12898510642985606
Surplus to deficit,10,8566,8590,0.3497201580575009,storage_bus_29,197.60690988027852,0.8750062282139871,0.7582457892365151,0.3750062282139871,0.2582457892365151
Surplus to deficit,10,8566,8590,0.3497201580575009,storage_bus_32,485.7836534556847,0.9501319825583605,0.8669301284197217,0.4501319825583605,0.3669301284197217
Surplus to deficit,10,8566,8590,0.3497201580575009,storage_bus_41,304.6439860654294,0.855440557986454,0.8737662739256651,0.355440557986454,0.3737662739256651
Surplus to deficit,10,8566,8590,0.3497201580575009,storage_bus_44,131.73793992018568,0.674357067012077,0.8145727395827667,0.17435706701207698,0.31457273958276666
Surplus to deficit,10,8566,8590,0.3497201580575009,storage_bus_54,1235.2029462319156,0.965182234940481,0.9307380340135077,0.46518223494048105,0.43073803401350774
Surplus to deficit,10,8566,8590,0.3497201580575009,storage_bus_58,98.80345494013926,0.5086292468178227,0.7518962377799449,0.008629246817822733,0.25189623777994485
Surplus to deficit,10,8566,8590,0.3497201580575009,storage_bus_61,875.5614874907134,0.9154248102076344,0.9038793506902828,0.41542481020763444,0.4038793506902828
Surplus to deficit,10,8566,8590,0.3497201580575009,storage_bus_71,890.5328010216309,0.9405988272228047,0.7366634918768283,0.44059882722280475,0.23666349187682834
Surplus to deficit,10,8566,8590,0.3497201580575009,storage_bus_72,98.80345494013926,0.6128659721242877,0.26111591642863563,0.11286597212428773,-0.23888408357136437
Surplus to deficit,10,8566,8590,0.3497201580575009,storage_bus_76,559.8862446607892,0.938977937315639,0.9027226875265365,0.43897793731563906,0.4027226875265365
Surplus to deficit,10,8566,8590,0.3497201580575009,storage_bus_79,321.1112285554526,0.8337743171641339,0.8657916110098299,0.33377431716413386,0.36579161100982993
Surplus to deficit,10,8566,8590,0.3497201580575009,storage_bus_80,1510.0936477937455,0.977832055960479,0.9480284529757943,0.47783205596047895,0.4480284529757943
Surplus to deficit,10,8566,8590,0.3497201580575009,storage_bus_82,444.61554723062665,0.9053307938212926,0.9041000437691366,0.40533079382129256,0.40410004376913655
Surplus to deficit,10,8566,8590,0.3497201580575009,storage_bus_86,172.9060461452437,0.4525589295872793,0.7547711242838819,-0.04744107041272072,0.25477112428388193
Surplus to deficit,10,8566,8590,0.3497201580575009,storage_bus_88,395.21381976055704,0.9079797582017465,0.9186539485202044,0.4079797582017465,0.41865394852020443
Surplus to deficit,10,8566,8590,0.3497201580575009,storage_bus_92,535.1853809257543,0.9335861261774875,0.9331367519833124,0.4335861261774875,0.43313675198331236
Surplus to deficit,10,8566,8590,0.3497201580575009,storage_bus_97,123.50431867517408,0.6313483473362255,0.7975576170782905,0.13134834733622547,0.29755761707829054
Surplus to deficit,10,8566,8590,0.3497201580575009,storage_bus_98,279.9431223303946,0.8252973140482929,0.8684438144642969,0.3252973140482929,0.36844381446429686
Surplus to deficit,10,8566,8590,0.3497201580575009,storage_bus_112,559.8862446607892,0.8834114007752885,0.9035630360973226,0.38341140077528846,0.4035630360973226
Surplus to deficit,10,8566,8590,0.3497201580575009,storage_bus_115,181.1396673902553,0.8649580306835499,0.7407818109688168,0.3649580306835499,0.2407818109688168
Surplus to deficit,11,8569,8593,0.3680353135528141,storage_bus_1,419.9146834955919,0.9999999999318795,0.5855177321685407,0.4999999999318795,0.08551773216854075
Surplus to deficit,11,8569,8593,0.3680353135528141,storage_bus_9,2511.888039456894,0.9999999999886132,0.47291508986868297,0.4999999999886132,-0.02708491013131703
Surplus to deficit,11,8569,8593,0.3680353135528141,storage_bus_11,576.3534871508124,0.9999999999503812,0.6211107343376776,0.49999999995038125,0.1211107343376776
Surplus to deficit,11,8569,8593,0.3680353135528141,storage_bus_15,741.0259120510444,0.9999999999614225,0.6558675917309925,0.4999999999614225,0.15586759173099252
Surplus to deficit,11,8569,8593,0.3680353135528141,storage_bus_16,205.8405311252901,0.999999999861068,0.5001946913032187,0.499999999861068,0.000194691303218697
Surplus to deficit,11,8569,8593,0.3680353135528141,storage_bus_22,82.33621245011605,0.9999999996528115,0.40944746985429314,0.4999999996528115,-0.09055253014570686
Surplus to deficit,11,8569,8593,0.3680353135528141,storage_bus_24,107.03707618515088,0.9999999997330358,0.39203692556436964,0.49999999973303577,-0.10796307443563036
Surplus to deficit,11,8569,8593,0.3680353135528141,storage_bus_29,197.60690988027852,0.9999999998553023,0.5384584522382069,0.4999999998553023,0.038458452238206875
Surplus to deficit,11,8569,8593,0.3680353135528141,storage_bus_32,485.7836534556847,0.9999999999411411,0.6169537176249007,0.4999999999411411,0.1169537176249007
Surplus to deficit,11,8569,8593,0.3680353135528141,storage_bus_41,304.6439860654294,0.9999999999062561,0.6105295948210125,0.4999999999062561,0.11052959482101254
Surplus to deficit,11,8569,8593,0.3680353135528141,storage_bus_44,131.73793992018568,0.9999999997832568,0.5246501768371802,0.4999999997832568,0.024650176837180182
Surplus to deficit,11,8569,8593,0.3680353135528141,storage_bus_54,1235.2029462319156,0.9999999999768886,0.6743418263580253,0.4999999999768886,0.1743418263580253
Surplus to deficit,11,8569,8593,0.3680353135528141,storage_bus_58,98.80345494013926,0.9999999997110406,0.31734316124100004,0.4999999997110406,-0.18265683875899996
Surplus to deficit,11,8569,8593,0.3680353135528141,storage_bus_61,875.5614874907134,0.9999999999674055,0.6441148922501363,0.4999999999674055,0.1441148922501363
Surplus to deficit,11,8569,8593,0.3680353135528141,storage_bus_71,890.5328010216309,0.9999999999679112,0.32343797642014427,0.4999999999679112,-0.17656202357985573
Surplus to deficit,11,8569,8593,0.3680353135528141,storage_bus_72,98.80345494013926,0.9999999997107022,0.09058689929683124,0.4999999997107022,-0.4094131007031688
Surplus to deficit,11,8569,8593,0.3680353135528141,storage_bus_76,559.8862446607892,0.9999999999489716,0.6136808133581148,0.4999999999489716,0.11368081335811475
Surplus to deficit,11,8569,8593,0.3680353135528141,storage_bus_79,321.1112285554526,0.999999999911074,0.5464631510981303,0.499999999911074,0.04646315109813026
Surplus to deficit,11,8569,8593,0.3680353135528141,storage_bus_80,1510.0936477937455,0.9999999999810931,0.7374269442258568,0.4999999999810931,0.23742694422585675
Surplus to deficit,11,8569,8593,0.3680353135528141,storage_bus_82,444.61554723062665,0.9999999999357818,0.6227005270289129,0.4999999999357818,0.12270052702891288
Surplus to deficit,11,8569,8593,0.3680353135528141,storage_bus_86,172.9060461452437,0.9999999998350625,0.5371827954010995,0.4999999998350625,0.03718279540109948
Surplus to deficit,11,8569,8593,0.3680353135528141,storage_bus_88,395.21381976055704,0.9999999999277697,0.6652967179378028,0.49999999992776967,0.16529671793780276
Surplus to deficit,11,8569,8593,0.3680353135528141,storage_bus_92,535.1853809257543,0.9999999999466679,0.6997193504623891,0.4999999999466679,0.1997193504623891
Surplus to deficit,11,8569,8593,0.3680353135528141,storage_bus_97,123.50431867517408,0.9999999997688133,0.44604779259252514,0.49999999976881326,-0.05395220740747486
Surplus to deficit,11,8569,8593,0.3680353135528141,storage_bus_98,279.9431223303946,0.9999999998980058,0.5612040149596612,0.4999999998980058,0.06120401495966121
Surplus to deficit,11,8569,8593,0.3680353135528141,storage_bus_112,559.8862446607892,0.9999999999490382,0.6550814690857895,0.4999999999490382,0.15508146908578946
Surplus to deficit,11,8569,8593,0.3680353135528141,storage_bus_115,181.1396673902553,0.9999999998421439,0.5179509416419598,0.49999999984214394,0.01795094164195976
Surplus to deficit,12,8573,8597,0.37094166499346287,storage_bus_1,419.9146834955919,0.380651663129281,3.4604730741777225e-11,-0.119348336870719,-0.4999999999653953
Surplus to deficit,12,8573,8597,0.37094166499346287,storage_bus_9,2511.888039456894,0.35232760024413334,5.7837159770817305e-12,-0.14767239975586666,-0.4999999999942163
Surplus to deficit,12,8573,8597,0.37094166499346287,storage_bus_11,576.3534871508124,0.3580177956066142,2.5208899056560103e-11,-0.14198220439338582,-0.4999999999747911
Surplus to deficit,12,8573,8597,0.37094166499346287,storage_bus_15,741.0259120510444,0.33657707237657286,1.960516711219642e-11,-0.16342292762342714,-0.49999999998039485
Surplus to deficit,12,8573,8597,0.37094166499346287,storage_bus_16,205.8405311252901,0.40566096859039236,7.058473761312144e-11,-0.09433903140960764,-0.49999999992941524
Surplus to deficit,12,8573,8597,0.37094166499346287,storage_bus_22,82.33621245011605,0.37186760147942893,1.7643475705555772e-10,-0.12813239852057107,-0.49999999982356524
Surplus to deficit,12,8573,8597,0.37094166499346287,storage_bus_24,107.03707618515088,0.3756734756817387,1.3569717564613902e-10,-0.1243265243182613,-0.4999999998643028
Surplus to deficit,12,8573,8597,0.37094166499346287,storage_bus_29,197.60690988027852,0.38459262044535936,7.352754741563611e-11,-0.11540737955464064,-0.4999999999264724
Surplus to deficit,12,8573,8597,0.37094166499346287,storage_bus_32,485.7836534556847,0.35620483570602585,2.9909348923890836e-11,-0.14379516429397415,-0.49999999997009065
Surplus to deficit,12,8573,8597,0.37094166499346287,storage_bus_41,304.6439860654294,0.33810146641149874,4.76730316947107e-11,-0.16189853358850126,-0.49999999995232697
Surplus to deficit,12,8573,8597,0.37094166499346287,storage_bus_44,131.73793992018568,0.3052968866356063,1.102269746028032e-10,-0.19470311336439372,-0.499999999889773
Surplus to deficit,12,8573,8597,0.37094166499346287,storage_bus_54,1235.2029462319156,0.30693798567989095,1.1756320174223214e-11,-0.19306201432010905,-0.4999999999882437
Surplus to deficit,12,8573,8597,0.37094166499346287,storage_bus_58,98.80345494013926,0.3491883420751202,1.4696630875760102e-10,-0.15081165792487983,-0.49999999985303367
Surplus to deficit,12,8573,8597,0.37094166499346287,storage_bus_61,875.5614874907134,0.3095204893866201,1.6582455585780198e-11,-0.19047951061337992,-0.49999999998341754
Surplus to deficit,12,8573,8597,0.37094166499346287,storage_bus_71,890.5328010216309,0.3450089564515326,5.750990396874051e-13,-0.15499104354846738,-0.4999999999994249
Surplus to deficit,12,8573,8597,0.37094166499346287,storage_bus_72,98.80345494013926,0.38442175423131547,1.4695346651251523e-10,-0.11557824576868453,-0.49999999985304655
Surplus to deficit,12,8573,8597,0.37094166499346287,storage_bus_76,559.8862446607892,0.3502514688874424,2.5949806654176362e-11,-0.1497485311125576,-0.4999999999740502
Surplus to deficit,12,8573,8597,0.37094166499346287,storage_bus_79,321.1112285554526,0.36183115110103475,4.5237511155921834e-11,-0.13816884889896525,-0.49999999995476246
Surplus to deficit,12,8573,8597,0.37094166499346287,storage_bus_80,1510.0936477937455,0.27906526710871254,9.618654149418101e-12,-0.22093473289128746,-0.49999999999038136
Surplus to deficit,12,8573,8597,0.37094166499346287,storage_bus_82,444.61554723062665,0.3377977208715804,3.268337560980861e-11,-0.1622022791284196,-0.49999999996731664
Surplus to deficit,12,8573,8597,0.37094166499346287,storage_bus_86,172.9060461452437,0.28467936866551097,8.408349763383237e-11,-0.21532063133448903,-0.4999999999159165
Surplus to deficit,12,8573,8597,0.37094166499346287,storage_bus_88,395.21381976055704,0.3175203918408498,3.6786255251704216e-11,-0.1824796081591502,-0.49999999996321376
Surplus to deficit,12,8573,8597,0.37094166499346287,storage_bus_92,535.1853809257543,0.31192411729222824,2.7161653561165678e-11,-0.18807588270777176,-0.49999999997283834
Surplus to deficit,12,8573,8597,0.37094166499346287,storage_bus_97,123.50431867517408,0.3423068799077564,1.1763058842998282e-10,-0.15769312009224362,-0.49999999988236943
Surplus to deficit,12,8573,8597,0.37094166499346287,storage_bus_98,279.9431223303946,0.35092588268361713,5.1900938660701236e-11,-0.14907411731638287,-0.49999999994809907
Surplus to deficit,12,8573,8597,0.37094166499346287,storage_bus_112,559.8862446607892,0.31517062887375114,2.5976443107548836e-11,-0.18482937112624886,-0.49999999997402356
Surplus to deficit,12,8573,8597,0.37094166499346287,storage_bus_115,181.1396673902553,0.39107368015989513,8.021263803287267e-11,-0.10892631984010487,-0.4999999999197874
Surplus to deficit,13,8574,8598,0.4144415671052626,storage_bus_1,419.9146834955919,0.24440451530208215,4.802472490391387e-12,-0.2555954846979178,-0.4999999999951975
Surplus to deficit,13,8574,8598,0.4144415671052626,storage_bus_9,2511.888039456894,0.18060108362494495,8.028415180705828e-13,-0.319398916375055,-0.49999999999919714
Surplus to deficit,13,8574,8598,0.4144415671052626,storage_bus_11,576.3534871508124,0.2112820165010418,3.4989558031040767e-12,-0.28871798349895816,-0.499999999996501
Surplus to deficit,13,8574,8598,0.4144415671052626,storage_bus_15,741.0259120510444,0.1781855718925988,2.7214162005922716e-12,-0.32181442810740124,-0.49999999999727857
Surplus to deficit,13,8574,8598,0.4144415671052626,storage_bus_16,205.8405311252901,0.29383549422031535,9.797082625661387e-12,-0.20616450577968465,-0.4999999999902029
Surplus to deficit,13,8574,8598,0.4144415671052626,storage_bus_22,82.33621245011605,0.27749602794877276,2.44929112284261e-11,-0.22250397205122724,-0.4999999999755071
Surplus to deficit,13,8574,8598,0.4144415671052626,storage_bus_24,107.03707618515088,0.2678552496784168,1.8840724858348604e-11,-0.23214475032158322,-0.4999999999811593
Surplus to deficit,13,8574,8598,0.4144415671052626,storage_bus_29,197.60690988027852,0.2580214121723892,1.0205352732217906e-11,-0.24197858782761078,-0.49999999998979466
Surplus to deficit,13,8574,8598,0.4144415671052626,storage_bus_32,485.7836534556847,0.20288376134095168,4.151340079306886e-12,-0.29711623865904835,-0.49999999999584865
Surplus to deficit,13,8574,8598,0.4144415671052626,storage_bus_41,304.6439860654294,0.18323390958068797,6.619609646378647e-12,-0.31676609041931203,-0.4999999999933804
Surplus to deficit,13,8574,8598,0.4144415671052626,storage_bus_44,131.73793992018568,0.1538673932495339,1.5307957417679545e-11,-0.3461326067504661,-0.499999999984692
Surplus to deficit,13,8574,8598,0.4144415671052626,storage_bus_54,1235.2029462319156,0.1325430799433155,1.6326329804373873e-12,-0.3674569200566845,-0.49999999999836736
Surplus to deficit,13,8574,8598,0.4144415671052626,storage_bus_58,98.80345494013926,0.2263420932026658,2.041056981563255e-11,-0.2736579067973342,-0.49999999997958944
Surplus to deficit,13,8574,8598,0.4144415671052626,storage_bus_61,875.5614874907134,0.12931528731813485,2.3032664491705278e-12,-0.37068471268186515,-0.49999999999769673
Surplus to deficit,13,8574,8598,0.4144415671052626,storage_bus_71,890.5328010216309,0.17052915436341115,0.06255072025906895,-0.32947084563658885,-0.43744927974093106
Surplus to deficit,13,8574,8598,0.4144415671052626,storage_bus_72,98.80345494013926,0.2755349804137385,2.0410685144106733e-11,-0.22446501958626153,-0.4999999999795893
Surplus to deficit,13,8574,8598,0.4144415671052626,storage_bus_76,559.8862446607892,0.1931443290988805,3.601877326729984e-12,-0.30685567090111954,-0.4999999999963981
Surplus to deficit,13,8574,8598,0.4144415671052626,storage_bus_79,321.1112285554526,0.20927065285761992,6.2802510686352994e-12,-0.2907293471423801,-0.49999999999371975
Surplus to deficit,13,8574,8598,0.4144415671052626,storage_bus_80,1510.0936477937455,0.10243916181567007,1.3354581093006804e-12,-0.3975608381843299,-0.49999999999866457
Surplus to deficit,13,8574,8598,0.4144415671052626,storage_bus_82,444.61554723062665,0.17515349927854282,4.535759362862261e-12,-0.32484650072145715,-0.49999999999546424
Surplus to deficit,13,8574,8598,0.4144415671052626,storage_bus_86,172.9060461452437,0.09614292320884857,1.1663557395898335e-11,-0.40385707679115146,-0.49999999998833644
Surplus to deficit,13,8574,8598,0.4144415671052626,storage_bus_88,395.21381976055704,0.1503700836743862,5.102841258878421e-12,-0.3496299163256138,-0.49999999999489714
Surplus to deficit,13,8574,8598,0.4144415671052626,storage_bus_92,535.1853809257543,0.14254531454953281,3.76823173573447e-12,-0.3574546854504672,-0.4999999999962318
Surplus to deficit,13,8574,8598,0.4144415671052626,storage_bus_97,123.50431867517408,0.2126243836978144,1.6328713945151703e-11,-0.2873756163021856,-0.4999999999836713
Surplus to deficit,13,8574,8598,0.4144415671052626,storage_bus_98,279.9431223303946,0.19840700904903344,7.203836547965266e-12,-0.3015929909509666,-0.49999999999279615
Surplus to deficit,13,8574,8598,0.4144415671052626,storage_bus_112,559.8862446607892,0.1415031852915575,3.6018382023805677e-12,-0.3584968147084425,-0.49999999999639816
Surplus to deficit,13,8574,8598,0.4144415671052626,storage_bus_115,181.1396673902553,0.2699410272252962,1.1133140764519453e-11,-0.23005897277470377,-0.49999999998886685
Surplus to deficit,14,8565,8589,0.4277914137256928,storage_bus_1,419.9146834955919,0.9624529212645301,0.8889410266458576,0.4624529212645301,0.3889410266458576
Surplus to deficit,14,8565,8589,0.4277914137256928,storage_bus_9,2511.888039456894,0.9999434411106656,0.9999235103480973,0.4999434411106656,0.49992351034809734
Surplus to deficit,14,8565,8589,0.4277914137256928,storage_bus_11,576.3534871508124,0.9760334893825712,0.937727567314084,0.4760334893825712,0.437727567314084
Surplus to deficit,14,8565,8589,0.4277914137256928,storage_bus_15,741.0259120510444,0.988547165645515,0.98075202032739,0.48854716564551504,0.48075202032738995
Surplus to deficit,14,8565,8589,0.4277914137256928,storage_bus_16,205.8405311252901,0.8918399479300589,0.7895325862175236,0.39183994793005894,0.28953258621752365
Surplus to deficit,14,8565,8589,0.4277914137256928,storage_bus_22,82.33621245011605,0.7638620671903904,0.671319558320062,0.2638620671903904,0.17131955832006196
Surplus to deficit,14,8565,8589,0.4277914137256928,storage_bus_24,107.03707618515088,0.7311079649549049,0.7575339665714128,0.23110796495490493,0.2575339665714128
Surplus to deficit,14,8565,8589,0.4277914137256928,storage_bus_29,197.60690988027852,0.9193684443381974,0.8375425772923208,0.4193684443381974,0.33754257729232084
Surplus to deficit,14,8565,8589,0.4277914137256928,storage_bus_32,485.7836534556847,0.9793083282822305,0.949386414449773,0.47930832828223047,0.449386414449773
Surplus to deficit,14,8565,8589,0.4277914137256928,storage_bus_41,304.6439860654294,0.9297814055014697,0.9870850331747006,0.4297814055014697,0.48708503317470064
Surplus to deficit,14,8565,8589,0.4277914137256928,storage_bus_44,131.73793992018568,0.8100729379178078,0.9808961769105807,0.31007293791780777,0.48089617691058073
Surplus to deficit,14,8565,8589,0.4277914137256928,storage_bus_54,1235.2029462319156,0.9987028596326415,0.9999999046419759,0.4987028596326415,0.49999990464197586
Surplus to deficit,14,8565,8589,0.4277914137256928,storage_bus_58,98.80345494013926,0.6966380625540959,0.9966826284821442,0.19663806255409588,0.4966826284821442
Surplus to deficit,14,8565,8589,0.4277914137256928,storage_bus_61,875.5614874907134,0.9786891929698396,0.999999897930713,0.4786891929698396,0.499999897930713
Surplus to deficit,14,8565,8589,0.4277914137256928,storage_bus_71,890.5328010216309,0.9830689611410776,0.9137465765499326,0.48306896114107756,0.41374657654993263
Surplus to deficit,14,8565,8589,0.4277914137256928,storage_bus_72,98.80345494013926,0.7264476589565404,0.39332466091310303,0.2264476589565404,-0.10667533908689697
Surplus to deficit,14,8565,8589,0.4277914137256928,storage_bus_76,559.8862446607892,0.9738746611780656,0.9908923887190412,0.47387466117806565,0.4908923887190412
Surplus to deficit,14,8565,8589,0.4277914137256928,storage_bus_79,321.1112285554526,0.91818569415132,0.9967804789704855,0.41818569415132,0.4967804789704855
Surplus to deficit,14,8565,8589,0.4277914137256928,storage_bus_80,1510.0936477937455,0.9999449532164876,0.9999999144767252,0.4999449532164876,0.4999999144767252
Surplus to deficit,14,8565,8589,0.4277914137256928,storage_bus_82,444.61554723062665,0.9555275098935327,0.9999930227782625,0.45552750989353274,0.4999930227782625
Surplus to deficit,14,8565,8589,0.4277914137256928,storage_bus_86,172.9060461452437,0.7068296867341279,0.9904827010686458,0.20682968673412794,0.4904827010686458
Surplus to deficit,14,8565,8589,0.4277914137256928,storage_bus_88,395.21381976055704,0.9513445947986521,0.9999887165710656,0.4513445947986521,0.4999887165710656
Surplus to deficit,14,8565,8589,0.4277914137256928,storage_bus_92,535.1853809257543,0.9730065738774673,0.9999997543425071,0.47300657387746725,0.4999997543425071
Surplus to deficit,14,8565,8589,0.4277914137256928,storage_bus_97,123.50431867517408,0.7678684219174571,0.9674072551310332,0.2678684219174571,0.4674072551310332
Surplus to deficit,14,8565,8589,0.4277914137256928,storage_bus_98,279.9431223303946,0.9067717879243734,0.9932245465377301,0.4067717879243734,0.49322454653773007
Surplus to deficit,14,8565,8589,0.4277914137256928,storage_bus_112,559.8862446607892,0.9468796743494848,0.9999997103624941,0.44687967434948483,0.49999971036249413
Surplus to deficit,14,8565,8589,0.4277914137256928,storage_bus_115,181.1396673902553,0.9086127007993893,0.8176140210244076,0.4086127007993893,0.3176140210244076
Surplus to deficit,15,8564,8588,0.4430725885964352,storage_bus_1,419.9146834955919,0.9779177071837257,0.9066241651151116,0.4779177071837257,0.40662416511511157
Surplus to deficit,15,8564,8588,0.4430725885964352,storage_bus_9,2511.888039456894,0.9999437080344339,0.9999242156669682,0.4999437080344339,0.4999242156669682
Surplus to deficit,15,8564,8588,0.4430725885964352,storage_bus_11,576.3534871508124,0.9858990066274043,0.9462560377570552,0.48589900662740426,0.44625603775705525
Surplus to deficit,15,8564,8588,0.4430725885964352,storage_bus_15,741.0259120510444,0.9939626017110736,0.9807522108514263,0.49396260171107365,0.4807522108514263
Surplus to deficit,15,8564,8588,0.4430725885964352,storage_bus_16,205.8405311252901,0.9329405616371982,0.8062539992636211,0.4329405616371982,0.30625399926362107
Surplus to deficit,15,8564,8588,0.4430725885964352,storage_bus_22,82.33621245011605,0.8519451341292208,0.6713209174596539,0.3519451341292208,0.17132091745965394
Surplus to deficit,15,8564,8588,0.4430725885964352,storage_bus_24,107.03707618515088,0.8266286839954783,0.7575346002260074,0.3266286839954783,0.2575346002260074
Surplus to deficit,15,8564,8588,0.4430725885964352,storage_bus_29,197.60690988027852,0.9516935578677154,0.8379737628439533,0.45169355786771537,0.3379737628439533
Surplus to deficit,15,8564,8588,0.4430725885964352,storage_bus_32,485.7836534556847,0.9889862763555113,0.9493882153865677,0.4889862763555113,0.4493882153865677
Surplus to deficit,15,8564,8588,0.4430725885964352,storage_bus_41,304.6439860654294,0.9573574874003483,0.9870851772809752,0.4573574874003483,0.4870851772809752
Surplus to deficit,15,8564,8588,0.4430725885964352,storage_bus_44,131.73793992018568,0.8822040639395973,0.980896459570533,0.38220406393959727,0.48089645957053295
Surplus to deficit,15,8564,8588,0.4430725885964352,storage_bus_54,1235.2029462319156,0.9999403698839312,0.9999999312098671,0.4999403698839312,0.4999999312098671
Surplus to deficit,15,8564,8588,0.4430725885964352,storage_bus_58,98.80345494013926,0.8079978665210739,0.9966829684234536,0.30799786652107386,0.4966829684234536
Surplus to deficit,15,8564,8588,0.4430725885964352,storage_bus_61,875.5614874907134,0.9860309914011037,0.9999999310996668,0.48603099140110373,0.4999999310996668
Surplus to deficit,15,8564,8588,0.4430725885964352,storage_bus_71,890.5328010216309,0.9898570268851338,0.9405428965858887,0.4898570268851338,0.44054289658588874
Surplus to deficit,15,8564,8588,0.4430725885964352,storage_bus_72,98.80345494013926,0.8265191552589654,0.494816944171969,0.32651915525896535,-0.005183055828031025
Surplus to deficit,15,8564,8588,0.4430725885964352,storage_bus_76,559.8862446607892,0.9856659178831307,0.9908924718180296,0.48566591788313074,0.49089247181802964
Surplus to deficit,15,8564,8588,0.4430725885964352,storage_bus_79,321.1112285554526,0.9492566548655552,0.9967805861927496,0.4492566548655552,0.49678058619274956
Surplus to deficit,15,8564,8588,0.4430725885964352,storage_bus_80,1510.0936477937455,0.9999460793567375,0.9999999359164704,0.4999460793567375,0.4999999359164704
Surplus to deficit,15,8564,8588,0.4430725885964352,storage_bus_82,444.61554723062665,0.9739607110148226,0.9999930891261195,0.4739607110148226,0.4999930891261195
Surplus to deficit,15,8564,8588,0.4430725885964352,storage_bus_86,172.9060461452437,0.7995520687095259,0.9904827996417116,0.2995520687095259,0.4904827996417116
Surplus to deficit,15,8564,8588,0.4430725885964352,storage_bus_88,395.21381976055704,0.9715346791435489,0.9999887760570766,0.47153467914354885,0.4999887760570766
Surplus to deficit,15,8564,8588,0.4430725885964352,storage_bus_92,535.1853809257543,0.9853094070496502,0.9999997978473366,0.4853094070496502,0.4999997978473366
Surplus to deficit,15,8564,8588,0.4430725885964352,storage_bus_97,123.50431867517408,0.854270509277448,0.9674075056441905,0.35427050927744796,0.46740750564419054
Surplus to deficit,15,8564,8588,0.4430725885964352,storage_bus_98,279.9431223303946,0.942804888722398,0.9932246535596463,0.442804888722398,0.4932246535596463
Surplus to deficit,15,8564,8588,0.4430725885964352,storage_bus_112,559.8862446607892,0.9662265028462705,0.9999997413509584,0.46622650284627054,0.49999974135095837
Surplus to deficit,15,8564,8588,0.4430725885964352,storage_bus_115,181.1396673902553,0.9448974819634046,0.8180646220543305,0.4448974819634046,0.3180646220543305
Surplus to deficit,16,8563,8587,0.44576478358752797,storage_bus_1,419.9146834955919,0.999999999846871,0.8978048042217638,0.49999999984687105,0.3978048042217638
Surplus to deficit,16,8563,8587,0.44576478358752797,storage_bus_9,2511.888039456894,0.9999999999744036,0.9943465868023145,0.4999999999744036,0.49434658680231447
Surplus to deficit,16,8563,8587,0.44576478358752797,storage_bus_11,576.3534871508124,0.9999999998884402,0.924597121485892,0.49999999988844024,0.424597121485892
Surplus to deficit,16,8563,8587,0.44576478358752797,storage_bus_15,741.0259120510444,0.9999999999132325,0.9541092096746742,0.4999999999132325,0.45410920967467416
Surplus to deficit,16,8563,8587,0.44576478358752797,storage_bus_16,205.8405311252901,0.9999999996875953,0.7861350066331377,0.49999999968759534,0.28613500663313773
Surplus to deficit,16,8563,8587,0.44576478358752797,storage_bus_22,82.33621245011605,0.9999999992188755,0.6463497525598093,0.4999999992188755,0.1463497525598093
Surplus to deficit,16,8563,8587,0.44576478358752797,storage_bus_24,107.03707618515088,0.9999999993991473,0.6565790780968229,0.4999999993991473,0.15657907809682292
Surplus to deficit,16,8563,8587,0.44576478358752797,storage_bus_29,197.60690988027852,0.9999999996745557,0.8342655455766956,0.49999999967455566,0.33426554557669563
Surplus to deficit,16,8563,8587,0.44576478358752797,storage_bus_32,485.7836534556847,0.9999999998676178,0.9368182209906161,0.4999999998676178,0.43681822099061607
Surplus to deficit,16,8563,8587,0.44576478358752797,storage_bus_41,304.6439860654294,0.9999999997889443,0.8936888719598863,0.49999999978894427,0.39368887195988633
Surplus to deficit,16,8563,8587,0.44576478358752797,storage_bus_44,131.73793992018568,0.9999999995118481,0.7963481460019681,0.49999999951184815,0.2963481460019681
Surplus to deficit,16,8563,8587,0.44576478358752797,storage_bus_54,1235.2029462319156,0.9999999999479551,0.9687018304585038,0.4999999999479551,0.4687018304585038
Surplus to deficit,16,8563,8587,0.44576478358752797,storage_bus_58,98.80345494013926,0.9999999993491938,0.7094583173912545,0.4999999993491938,0.20945831739125453
Surplus to deficit,16,8563,8587,0.44576478358752797,storage_bus_61,875.5614874907134,0.9999999999265748,0.9364313854319417,0.49999999992657485,0.4364313854319417
Surplus to deficit,16,8563,8587,0.44576478358752797,storage_bus_71,890.5328010216309,0.9999999999277781,0.9283565728368962,0.4999999999277781,0.4283565728368962
Surplus to deficit,16,8563,8587,0.44576478358752797,storage_bus_72,98.80345494013926,0.9999999993489107,0.49481618612032574,0.4999999993489107,-0.0051838138796742594
Surplus to deficit,16,8563,8587,0.44576478358752797,storage_bus_76,559.8862446607892,0.9999999998851461,0.9529932190734403,0.4999999998851461,0.45299321907344026
Surplus to deficit,16,8563,8587,0.44576478358752797,storage_bus_79,321.1112285554526,0.999999999799746,0.8911660056706829,0.49999999979974596,0.39116600567068294
Surplus to deficit,16,8563,8587,0.44576478358752797,storage_bus_80,1510.0936477937455,0.9999999999574226,0.9805817003142577,0.4999999999574226,0.48058170031425773
Surplus to deficit,16,8563,8587,0.44576478358752797,storage_bus_82,444.61554723062665,0.9999999998553524,0.9453468109367738,0.4999999998553524,0.44534681093677375
Surplus to deficit,16,8563,8587,0.44576478358752797,storage_bus_86,172.9060461452437,0.9999999996278183,0.8472321316855485,0.49999999962781827,0.34723213168554845
Surplus to deficit,16,8563,8587,0.44576478358752797,storage_bus_88,395.21381976055704,0.9999999998372405,0.9613170688612466,0.4999999998372405,0.46131706886124657
Surplus to deficit,16,8563,8587,0.44576478358752797,storage_bus_92,535.1853809257543,0.9999999998798281,0.9651594824946569,0.4999999998798281,0.4651594824946569
Surplus to deficit,16,8563,8587,0.44576478358752797,storage_bus_97,123.50431867517408,0.999999999479292,0.7840471752613138,0.49999999947929197,0.28404717526131384
Surplus to deficit,16,8563,8587,0.44576478358752797,storage_bus_98,279.9431223303946,0.9999999997702756,0.8965108657410454,0.49999999977027565,0.39651086574104544
Surplus to deficit,16,8563,8587,0.44576478358752797,storage_bus_112,559.8862446607892,0.9999999998851307,0.9519159712886379,0.49999999988513066,0.4519159712886379
Surplus to deficit,16,8563,8587,0.44576478358752797,storage_bus_115,181.1396673902553,0.9999999996449649,0.817661857452318,0.4999999996449649,0.317661857452318
Surplus to deficit,17,8577,8601,0.44636005882793894,storage_bus_1,419.9146834955919,1.1832322854373758e-12,0.12521361309613394,-0.4999999999988168,-0.37478638690386606
Surplus to deficit,17,8577,8601,0.44636005882793894,storage_bus_9,2511.888039456894,1.9780275031207302e-13,0.13697285525831215,-0.4999999999998022,-0.36302714474168785
Surplus to deficit,17,8577,8601,0.44636005882793894,storage_bus_11,576.3534871508124,8.620661362075184e-13,0.13242940054880406,-0.4999999999991379,-0.36757059945119597
Surplus to deficit,17,8577,8601,0.44636005882793894,storage_bus_15,741.0259120510444,6.705012956716607e-13,0.12855239547533928,-0.4999999999993295,-0.37144760452466075
Surplus to deficit,17,8577,8601,0.44636005882793894,storage_bus_16,205.8405311252901,2.4137870920153987e-12,0.12175064427648986,-0.4999999999975862,-0.37824935572351015
Surplus to deficit,17,8577,8601,0.44636005882793894,storage_bus_22,82.33621245011605,6.034548813976436e-12,0.07490858917003593,-0.49999999999396544,-0.42509141082996404
Surplus to deficit,17,8577,8601,0.44636005882793894,storage_bus_24,107.03707618515088,4.641978497044066e-12,0.11430495346193786,-0.49999999999535805,-0.38569504653806214
Surplus to deficit,17,8577,8601,0.44636005882793894,storage_bus_29,197.60690988027852,2.5144018155971364e-12,0.0985145369188785,-0.4999999999974856,-0.4014854630811215
Surplus to deficit,17,8577,8601,0.44636005882793894,storage_bus_32,485.7836534556847,1.0228090898063149e-12,0.11868570932323474,-0.4999999999989772,-0.38131429067676526
Surplus to deficit,17,8577,8601,0.44636005882793894,storage_bus_41,304.6439860654294,1.6309481397563187e-12,0.12594933296438618,-0.499999999998369,-0.37405066703561385
Surplus to deficit,17,8577,8601,0.44636005882793894,storage_bus_44,131.73793992018568,3.771575246644003e-12,0.12645349698909875,-0.4999999999962284,-0.37354650301090125
Surplus to deficit,17,8577,8601,0.44636005882793894,storage_bus_54,1235.2029462319156,4.0224655616216256e-13,0.12798891395339726,-0.49999999999959777,-0.3720110860466027
Surplus to deficit,17,8577,8601,0.44636005882793894,storage_bus_58,98.80345494013926,5.028751407011796e-12,0.09955937764770378,-0.49999999999497124,-0.4004406223522962
Surplus to deficit,17,8577,8601,0.44636005882793894,storage_bus_61,875.5614874907134,5.674788922391663e-13,0.17224583150821224,-0.4999999999994325,-0.32775416849178773
Surplus to deficit,17,8577,8601,0.44636005882793894,storage_bus_71,890.5328010216309,5.579399342195854e-13,0.289658625069997,-0.49999999999944206,-0.210341374930003
Surplus to deficit,17,8577,8601,0.44636005882793894,storage_bus_72,98.80345494013926,5.028815681216201e-12,0.1468729659289854,-0.4999999999949712,-0.3531270340710146
Surplus to deficit,17,8577,8601,0.44636005882793894,storage_bus_76,559.8862446607892,8.874459357061478e-13,0.11382882489030131,-0.49999999999911254,-0.38617117510969867
Surplus to deficit,17,8577,8601,0.44636005882793894,storage_bus_79,321.1112285554526,1.547337874713986e-12,0.12767435504901128,-0.4999999999984527,-0.37232564495098874
Surplus to deficit,17,8577,8601,0.44636005882793894,storage_bus_80,1510.0936477937455,3.2902996196007713e-13,0.061953935123021185,-0.499999999999671,-0.43804606487697884
Surplus to deficit,17,8577,8601,0.44636005882793894,storage_bus_82,444.61554723062665,1.1175515421197156e-12,0.0811884322932543,-0.49999999999888245,-0.4188115677067457
Surplus to deficit,17,8577,8601,0.44636005882793894,storage_bus_86,172.9060461452437,2.873800699796974e-12,0.10283356395692211,-0.4999999999971262,-0.3971664360430779
Surplus to deficit,17,8577,8601,0.44636005882793894,storage_bus_88,395.21381976055704,1.2572919982349104e-12,0.07848542791429952,-0.49999999999874273,-0.4215145720857005
Surplus to deficit,17,8577,8601,0.44636005882793894,storage_bus_92,535.1853809257543,9.284609580499816e-13,0.06029282422590533,-0.4999999999990715,-0.4397071757740947
Surplus to deficit,17,8577,8601,0.44636005882793894,storage_bus_97,123.50431867517408,4.023126956563826e-12,0.12262563257575133,-0.4999999999959769,-0.3773743674242487
Surplus to deficit,17,8577,8601,0.44636005882793894,storage_bus_98,279.9431223303946,1.7749320059746827e-12,0.0956371995779861,-0.4999999999982251,-0.4043628004220139
Surplus to deficit,17,8577,8601,0.44636005882793894,storage_bus_112,559.8862446607892,8.875147537147039e-13,0.08027787540768973,-0.4999999999991125,-0.4197221245923103
Surplus to deficit,17,8577,8601,0.44636005882793894,storage_bus_115,181.1396673902553,2.742988860626333e-12,0.0951495909127232,-0.499999999997257,-0.4048504090872768
Surplus to deficit,18,8575,8599,0.46773376663987754,storage_bus_1,419.9146834955919,0.12648897883865,1.494395478468856e-11,-0.37351102116135,-0.49999999998505607
Surplus to deficit,18,8575,8599,0.46773376663987754,storage_bus_9,2511.888039456894,0.03154374175221948,2.498283427670515e-12,-0.46845625824778053,-0.4999999999975017
Surplus to deficit,18,8575,8599,0.46773376663987754,storage_bus_11,576.3534871508124,0.09507353348189697,1.0887843424905973e-11,-0.40492646651810305,-0.49999999998911215
Surplus to deficit,18,8575,8599,0.46773376663987754,storage_bus_15,741.0259120510444,0.06181850461022213,8.468345678253196e-12,-0.43818149538977785,-0.49999999999153166
Surplus to deficit,18,8575,8599,0.46773376663987754,storage_bus_16,205.8405311252901,0.1823940695597788,3.0485932451939544e-11,-0.31760593044022123,-0.49999999996951405
Surplus to deficit,18,8575,8599,0.46773376663987754,storage_bus_22,82.33621245011605,0.17413005862052688,7.621475643927401e-11,-0.3258699413794731,-0.49999999992378524
Surplus to deficit,18,8575,8599,0.46773376663987754,storage_bus_24,107.03707618515088,0.12853782971069633,5.862770915491918e-11,-0.3714621702893037,-0.4999999999413723
Surplus to deficit,18,8575,8599,0.46773376663987754,storage_bus_29,197.60690988027852,0.13860659860491598,3.1755614982291954e-11,-0.361393401395084,-0.4999999999682444
Surplus to deficit,18,8575,8599,0.46773376663987754,storage_bus_32,485.7836534556847,0.07711653711990335,1.2917597022161784e-11,-0.42288346288009665,-0.4999999999870824
Surplus to deficit,18,8575,8599,0.46773376663987754,storage_bus_41,304.6439860654294,0.05014395385599709,2.059887498174994e-11,-0.44985604614400293,-0.49999999997940114
Surplus to deficit,18,8575,8599,0.46773376663987754,storage_bus_44,131.73793992018568,0.015886200574810348,4.7635918858860065e-11,-0.4841137994251897,-0.4999999999523641
Surplus to deficit,18,8575,8599,0.46773376663987754,storage_bus_54,1235.2029462319156,0.01795846643670211,5.080594989162554e-12,-0.4820415335632979,-0.4999999999949194
Surplus to deficit,18,8575,8599,0.46773376663987754,storage_bus_58,98.80345494013926,0.047165637157480796,6.351558170639749e-11,-0.4528343628425192,-0.4999999999364844
Surplus to deficit,18,8575,8599,0.46773376663987754,storage_bus_61,875.5614874907134,0.003068563767839816,7.167689258123537e-12,-0.4969314362321602,-0.4999999999928323
Surplus to deficit,18,8575,8599,0.46773376663987754,storage_bus_71,890.5328010216309,0.03318651786650561,0.13726340579689636,-0.4668134821334944,-0.36273659420310367
Surplus to deficit,18,8575,8599,0.46773376663987754,storage_bus_72,98.80345494013926,0.13461712782058935,7.292691734484476e-12,-0.3653828721794107,-0.49999999999270733
Surplus to deficit,18,8575,8599,0.46773376663987754,storage_bus_76,559.8862446607892,0.05913386438481038,1.1208243972129258e-11,-0.4408661356151896,-0.49999999998879174
Surplus to deficit,18,8575,8599,0.46773376663987754,storage_bus_79,321.1112285554526,0.052203216413267924,1.954318991663021e-11,-0.4477967835867321,-0.4999999999804568
Surplus to deficit,18,8575,8599,0.46773376663987754,storage_bus_80,1510.0936477937455,0.010603113070104931,4.155782118918473e-12,-0.4893968869298951,-0.4999999999958442
Surplus to deficit,18,8575,8599,0.46773376663987754,storage_bus_82,444.61554723062665,0.03424576544422248,1.4114505755889977e-11,-0.4657542345557775,-0.4999999999858855
Surplus to deficit,18,8575,8599,0.46773376663987754,storage_bus_86,172.9060461452437,2.2377217809348053e-07,3.629385951840763e-11,-0.4999997762278219,-0.49999999996370614
Surplus to deficit,18,8575,8599,0.46773376663987754,storage_bus_88,395.21381976055704,0.01445881733160144,1.5878690314540915e-11,-0.4855411826683986,-0.4999999999841213
Surplus to deficit,18,8575,8599,0.46773376663987754,storage_bus_92,535.1853809257543,0.014965537308463792,1.1726068223725593e-11,-0.4850344626915362,-0.49999999998827394
Surplus to deficit,18,8575,8599,0.46773376663987754,storage_bus_97,123.50431867517408,0.052170025867341964,5.0812904737682655e-11,-0.447829974132658,-0.4999999999491871
Surplus to deficit,18,8575,8599,0.46773376663987754,storage_bus_98,279.9431223303946,0.04697676041269641,2.2418030078470995e-11,-0.4530232395873036,-0.499999999977582
Surplus to deficit,18,8575,8599,0.46773376663987754,storage_bus_112,559.8862446607892,0.009265817872223078,1.120878914970583e-11,-0.4907341821277769,-0.4999999999887912
Surplus to deficit,18,8575,8599,0.46773376663987754,storage_bus_115,181.1396673902553,0.15157588491901847,3.4642519460951685e-11,-0.34842411508098153,-0.4999999999653575
Surplus to deficit,19,8576,8600,0.4972397927548826,storage_bus_1,419.9146834955919,6.763875519353439e-12,1.93825506269743e-12,-0.49999999999323613,-0.4999999999980618
Surplus to deficit,19,8576,8600,0.4972397927548826,storage_bus_9,2511.888039456894,1.1307136535858395e-12,3.240224685522166e-13,-0.4999999999988693,-0.499999999999676
Surplus to deficit,19,8576,8600,0.4972397927548826,storage_bus_11,576.3534871508124,4.927869279985934e-12,1.4121493879926574e-12,-0.4999999999950721,-0.49999999999858785
Surplus to deficit,19,8576,8600,0.4972397927548826,storage_bus_15,741.0259120510444,3.832730812770907e-12,1.0983511302857602e-12,-0.4999999999961673,-0.49999999999890166
Surplus to deficit,19,8576,8600,0.4972397927548826,storage_bus_16,205.8405311252901,1.379805571557531e-11,3.954019293212888e-12,-0.4999999999862019,-0.499999999996046
Surplus to deficit,19,8576,8600,0.4972397927548826,storage_bus_22,82.33621245011605,3.449471113556414e-11,9.88524542022263e-12,-0.4999999999655053,-0.49999999999011474
Surplus to deficit,19,8576,8600,0.4972397927548826,storage_bus_24,107.03707618515088,2.6533458490146703e-11,7.604159418470709e-12,-0.49999999997346656,-0.49999999999239586
Surplus to deficit,19,8576,8600,0.4972397927548826,storage_bus_29,197.60690988027852,1.4373223136875331e-11,4.118850842148032e-12,-0.4999999999856268,-0.49999999999588113
Surplus to deficit,19,8576,8600,0.4972397927548826,storage_bus_32,485.7836534556847,5.846732818885397e-12,1.6754701440053385e-12,-0.4999999999941533,-0.4999999999983245
Surplus to deficit,19,8576,8600,0.4972397927548826,storage_bus_41,304.6439860654294,9.322072765573109e-12,2.671663100448077e-12,-0.4999999999906779,-0.49999999999732836
Surplus to deficit,19,8576,8600,0.4972397927548826,storage_bus_44,131.73793992018568,2.1556867961608893e-11,6.17823215756152e-12,-0.49999999997844313,-0.4999999999938218
Surplus to deficit,19,8576,8600,0.4972397927548826,storage_bus_54,1235.2029462319156,2.2990515675202614e-12,6.58926357942507e-13,-0.49999999999770095,-0.4999999999993411
Surplus to deficit,19,8576,8600,0.4972397927548826,storage_bus_58,98.80345494013926,2.8741857751384604e-11,8.237666774423389e-12,-0.49999999997125816,-0.4999999999917623
Surplus to deficit,19,8576,8600,0.4972397927548826,storage_bus_61,875.5614874907134,3.2434146439484974e-12,9.29601189092757e-13,-0.4999999999967566,-0.4999999999990704
Surplus to deficit,19,8576,8600,0.4972397927548826,storage_bus_71,890.5328010216309,3.189139594782054e-12,0.18162836689995973,-0.4999999999968109,-0.31837163310004024
Surplus to deficit,19,8576,8600,0.4972397927548826,storage_bus_72,98.80345494013926,2.8744685112286924e-11,2.7542668955486013e-07,-0.4999999999712553,-0.49999972457331043
Surplus to deficit,19,8576,8600,0.4972397927548826,storage_bus_76,559.8862446607892,5.072571714372381e-12,1.453761861555331e-12,-0.49999999999492745,-0.4999999999985462
Surplus to deficit,19,8576,8600,0.4972397927548826,storage_bus_79,321.1112285554526,8.84423913328798e-12,2.5347707655454037e-12,-0.49999999999115574,-0.49999999999746525
Surplus to deficit,19,8576,8600,0.4972397927548826,storage_bus_80,1510.0936477937455,1.880658168212774e-12,5.390021109484055e-13,-0.49999999999811934,-0.499999999999461
Surplus to deficit,19,8576,8600,0.4972397927548826,storage_bus_82,444.61554723062665,6.387539973435281e-12,1.8307040442421644e-12,-0.49999999999361244,-0.4999999999981693
Surplus to deficit,19,8576,8600,0.4972397927548826,storage_bus_86,172.9060461452437,1.6423494780968737e-11,4.707629086948782e-12,-0.4999999999835765,-0.4999999999952924
Surplus to deficit,19,8576,8600,0.4972397927548826,storage_bus_88,395.21381976055704,7.186188214422164e-12,2.0595861644657106e-12,-0.4999999999928138,-0.4999999999979404
Surplus to deficit,19,8576,8600,0.4972397927548826,storage_bus_92,535.1853809257543,5.306668855498767e-12,1.5209277273378345e-12,-0.49999999999469336,-0.49999999999847905
Surplus to deficit,19,8576,8600,0.4972397927548826,storage_bus_97,123.50431867517408,2.299496864894773e-11,6.590480773506592e-12,-0.499999999977005,-0.4999999999934095
Surplus to deficit,19,8576,8600,0.4972397927548826,storage_bus_98,279.9431223303946,1.0144813921278048e-11,2.90760532907432e-12,-0.49999999998985517,-0.4999999999970924
Surplus to deficit,19,8576,8600,0.4972397927548826,storage_bus_112,559.8862446607892,5.071833838784825e-12,1.4538721025262887e-12,-0.49999999999492817,-0.4999999999985461
Surplus to deficit,19,8576,8600,0.4972397927548826,storage_bus_115,181.1396673902553,1.5679944273187804e-11,4.4933032830041576e-12,-0.49999999998432004,-0.4999999999955067
Deficit to surplus,1,2439,2463,0.060976040516756924,storage_bus_1,419.9146834955919,0.5318343035244477,0.4916273792086078,0.031834303524447716,-0.008372620791392227
Deficit to surplus,1,2439,2463,0.060976040516756924,storage_bus_9,2511.888039456894,0.5157134132244603,0.4980159703105465,0.015713413224460293,-0.0019840296894534926
Deficit to surplus,1,2439,2463,0.060976040516756924,storage_bus_11,576.3534871508124,0.5238778240573104,0.49236721050829335,0.023877824057310426,-0.0076327894917066486
Deficit to surplus,1,2439,2463,0.060976040516756924,storage_bus_15,741.0259120510444,0.516954455277934,0.4779171116907043,0.016954455277934044,-0.022082888309295723
Deficit to surplus,1,2439,2463,0.060976040516756924,storage_bus_16,205.8405311252901,0.5349722172076588,0.5090984295065311,0.03497221720765875,0.009098429506531058
Deficit to surplus,1,2439,2463,0.060976040516756924,storage_bus_22,82.33621245011605,0.5442418612430772,0.444627439422214,0.04424186124307716,-0.055372560577786
Deficit to surplus,1,2439,2463,0.060976040516756924,storage_bus_24,107.03707618515088,0.5267531820742049,0.4710852582275482,0.02675318207420485,-0.02891474177245179
Deficit to surplus,1,2439,2463,0.060976040516756924,storage_bus_29,197.60690988027852,0.5230156388486155,0.44860963005815996,0.02301563884861546,-0.05139036994184004
Deficit to surplus,1,2439,2463,0.060976040516756924,storage_bus_32,485.7836534556847,0.5097195549312595,0.45990699809055935,0.009719554931259533,-0.04009300190944065
Deficit to surplus,1,2439,2463,0.060976040516756924,storage_bus_41,304.6439860654294,0.5027343860661561,0.4637038642060445,0.002734386066156058,-0.03629613579395552
Deficit to surplus,1,2439,2463,0.060976040516756924,storage_bus_44,131.73793992018568,0.500717705887375,0.46380765601451596,0.0007177058873749642,-0.03619234398548404
Deficit to surplus,1,2439,2463,0.060976040516756924,storage_bus_54,1235.2029462319156,0.5349311675469922,0.5165238308440536,0.034931167546992214,0.016523830844053622
Deficit to surplus,1,2439,2463,0.060976040516756924,storage_bus_58,98.80345494013926,0.5269678653000703,0.511327182843346,0.026967865300070337,0.011327182843345995
Deficit to surplus,1,2439,2463,0.060976040516756924,storage_bus_61,875.5614874907134,0.48223788764868636,0.4988033126820837,-0.01776211235131364,-0.0011966873179162785
Deficit to surplus,1,2439,2463,0.060976040516756924,storage_bus_71,890.5328010216309,0.4832931977146079,0.4652418039279705,-0.01670680228539212,-0.03475819607202951
Deficit to surplus,1,2439,2463,0.060976040516756924,storage_bus_72,98.80345494013926,0.5133795413417289,0.4680830038173888,0.013379541341728918,-0.03191699618261118
Deficit to surplus,1,2439,2463,0.060976040516756924,storage_bus_76,559.8862446607892,0.5722022593687514,0.4610179306455205,0.07220225936875135,-0.03898206935447951
Deficit to surplus,1,2439,2463,0.060976040516756924,storage_bus_79,321.1112285554526,0.5916786913185116,0.4925136739233509,0.09167869131851158,-0.007486326076649119
Deficit to surplus,1,2439,2463,0.060976040516756924,storage_bus_80,1510.0936477937455,0.6468778970857366,0.5231426631161645,0.14687789708573662,0.02314266311616453
Deficit to surplus,1,2439,2463,0.060976040516756924,storage_bus_82,444.61554723062665,0.5807706423287564,0.4164166524070602,0.08077064232875641,-0.08358334759293978
Deficit to surplus,1,2439,2463,0.060976040516756924,storage_bus_86,172.9060461452437,0.5963424733716386,0.4093171862904652,0.09634247337163859,-0.09068281370953479
Deficit to surplus,1,2439,2463,0.060976040516756924,storage_bus_88,395.21381976055704,0.5837382405958546,0.3764896638561392,0.08373824059585455,-0.12351033614386081
Deficit to surplus,1,2439,2463,0.060976040516756924,storage_bus_92,535.1853809257543,0.579941068721715,0.37273017979799955,0.07994106872171503,-0.12726982020200045
Deficit to surplus,1,2439,2463,0.060976040516756924,storage_bus_97,123.50431867517408,0.6293343469389769,0.47544866757072274,0.12933434693897694,-0.02455133242927726
Deficit to surplus,1,2439,2463,0.060976040516756924,storage_bus_98,279.9431223303946,0.5895924798375392,0.43830940773449184,0.08959247983753915,-0.06169059226550816
Deficit to surplus,1,2439,2463,0.060976040516756924,storage_bus_112,559.8862446607892,0.5903636231786984,0.3473783208922848,0.0903636231786984,-0.15262167910771518
Deficit to surplus,1,2439,2463,0.060976040516756924,storage_bus_115,181.1396673902553,0.5253620723579353,0.4465129728595575,0.025362072357935306,-0.05348702714044251
Deficit to surplus,2,2440,2464,0.07506031290805461,storage_bus_1,419.9146834955919,0.5734499018574781,0.5357028414666543,0.07344990185747813,0.035702841466654256
Deficit to surplus,2,2440,2464,0.07506031290805461,storage_bus_9,2511.888039456894,0.5608266878680289,0.5466472836723797,0.06082668786802892,0.04664728367237969
Deficit to surplus,2,2440,2464,0.07506031290805461,storage_bus_11,576.3534871508124,0.5680693100021273,0.5371244390468408,0.06806931000212735,0.03712443904684082
Deficit to surplus,2,2440,2464,0.07506031290805461,storage_bus_15,741.0259120510444,0.5551287949018865,0.5216354204679724,0.05512879490188649,0.0216354204679724
Deficit to surplus,2,2440,2464,0.07506031290805461,storage_bus_16,205.8405311252901,0.5834968594199981,0.5558182597340154,0.08349685941999807,0.05581825973401544
Deficit to surplus,2,2440,2464,0.07506031290805461,storage_bus_22,82.33621245011605,0.5483553204191689,0.48810608346926415,0.0483553204191689,-0.011893916530735849
Deficit to surplus,2,2440,2464,0.07506031290805461,storage_bus_24,107.03707618515088,0.5267643870982123,0.508955051377507,0.026764387098212272,0.008955051377506962
Deficit to surplus,2,2440,2464,0.07506031290805461,storage_bus_29,197.60690988027852,0.5384079647401647,0.48878926991505156,0.038407964740164724,-0.01121073008494844
Deficit to surplus,2,2440,2464,0.07506031290805461,storage_bus_32,485.7836534556847,0.5379192797459775,0.5011105404740717,0.03791927974597753,0.001110540474071664
Deficit to surplus,2,2440,2464,0.07506031290805461,storage_bus_41,304.6439860654294,0.5198297685948644,0.5000747227166014,0.019829768594864405,7.472271660136087e-05
Deficit to surplus,2,2440,2464,0.07506031290805461,storage_bus_44,131.73793992018568,0.5012221382779143,0.4972768602038868,0.0012221382779142864,-0.0027231397961132164
Deficit to surplus,2,2440,2464,0.07506031290805461,storage_bus_54,1235.2029462319156,0.5838233918719535,0.5665429259733986,0.08382339187195353,0.06654292597339861
Deficit to surplus,2,2440,2464,0.07506031290805461,storage_bus_58,98.80345494013926,0.5655578730390444,0.5618970040258002,0.06555787303904437,0.06189700402580023
Deficit to surplus,2,2440,2464,0.07506031290805461,storage_bus_61,875.5614874907134,0.5179909472960498,0.5397418242669071,0.017990947296049775,0.03974182426690709
Deficit to surplus,2,2440,2464,0.07506031290805461,storage_bus_71,890.5328010216309,0.5008551273219836,0.4999181755898027,0.000855127321983562,-8.182441019727316e-05
Deficit to surplus,2,2440,2464,0.07506031290805461,storage_bus_72,98.80345494013926,0.513380330304642,0.5008582715620407,0.01338033030464203,0.0008582715620406578
Deficit to surplus,2,2440,2464,0.07506031290805461,storage_bus_76,559.8862446607892,0.6139481189368161,0.5076344216982419,0.11394811893681611,0.007634421698241911
Deficit to surplus,2,2440,2464,0.07506031290805461,storage_bus_79,321.1112285554526,0.6505243510694398,0.5405161082242349,0.15052435106943984,0.040516108224234904
Deficit to surplus,2,2440,2464,0.07506031290805461,storage_bus_80,1510.0936477937455,0.7179614886884338,0.5788497719429898,0.2179614886884338,0.07884977194298981
Deficit to surplus,2,2440,2464,0.07506031290805461,storage_bus_82,444.61554723062665,0.6212567760722055,0.4699069605400449,0.12125677607220553,-0.030093039459955118
Deficit to surplus,2,2440,2464,0.07506031290805461,storage_bus_86,172.9060461452437,0.6286146342518085,0.4595080590948959,0.12861463425180852,-0.04049194090510411
Deficit to surplus,2,2440,2464,0.07506031290805461,storage_bus_88,395.21381976055704,0.6106940947537447,0.43071452619410017,0.1106940947537447,-0.06928547380589983
Deficit to surplus,2,2440,2464,0.07506031290805461,storage_bus_92,535.1853809257543,0.6058386591758932,0.42791409876979175,0.10583865917589319,-0.07208590123020825
Deficit to surplus,2,2440,2464,0.07506031290805461,storage_bus_97,123.50431867517408,0.7020441624296743,0.5363696316876927,0.20204416242967427,0.036369631687692694
Deficit to surplus,2,2440,2464,0.07506031290805461,storage_bus_98,279.9431223303946,0.6402408064709965,0.4930737837148452,0.14024080647099646,-0.006926216285154774
Deficit to surplus,2,2440,2464,0.07506031290805461,storage_bus_112,559.8862446607892,0.615184324967665,0.40731674008021934,0.11518432496766495,-0.09268325991978066
Deficit to surplus,2,2440,2464,0.07506031290805461,storage_bus_115,181.1396673902553,0.538804452754305,0.4869564928741931,0.038804452754305,-0.013043507125806875
Deficit to surplus,3,2438,2462,0.07555462835155705,storage_bus_1,419.9146834955919,0.49010912742546725,0.446793329162143,-0.00989087257453275,-0.05320667083785702
Deficit to surplus,3,2438,2462,0.07555462835155705,storage_bus_9,2511.888039456894,0.4699454480687197,0.4497726597506233,-0.030054551931280316,-0.050227340249376695
Deficit to surplus,3,2438,2462,0.07555462835155705,storage_bus_11,576.3534871508124,0.4809642471086379,0.4482488418454809,-0.019035752891362112,-0.051751158154519084
Deficit to surplus,3,2438,2462,0.07555462835155705,storage_bus_15,741.0259120510444,0.47683470534727634,0.4330142439353551,-0.023165294652723656,-0.06698575606464491
Deficit to surplus,3,2438,2462,0.07555462835155705,storage_bus_16,205.8405311252901,0.49085199166472543,0.46385101817031354,-0.009148008335274571,-0.036148981829686455
Deficit to surplus,3,2438,2462,0.07555462835155705,storage_bus_22,82.33621245011605,0.528199323605803,0.3912758355004059,0.028199323605803017,-0.1087241644995941
Deficit to surplus,3,2438,2462,0.07555462835155705,storage_bus_24,107.03707618515088,0.5259816293621318,0.4276939815274193,0.025981629362131775,-0.07230601847258072
Deficit to surplus,3,2438,2462,0.07555462835155705,storage_bus_29,197.60690988027852,0.4978131260663595,0.40109764926151864,-0.0021868739336404763,-0.09890235073848136
Deficit to surplus,3,2438,2462,0.07555462835155705,storage_bus_32,485.7836534556847,0.47676212748559704,0.41538940761543397,-0.023237872514402957,-0.08461059238456603
Deficit to surplus,3,2438,2462,0.07555462835155705,storage_bus_41,304.6439860654294,0.47612330125623636,0.4215731211313559,-0.023876698743763636,-0.07842687886864408
Deficit to surplus,3,2438,2462,0.07555462835155705,storage_bus_44,131.73793992018568,0.48618456351660305,0.4220035498176061,-0.013815436483396948,-0.07799645018239387
Deficit to surplus,3,2438,2462,0.07555462835155705,storage_bus_54,1235.2029462319156,0.4869127800136406,0.467838495044102,-0.013087219986359422,-0.03216150495589798
Deficit to surplus,3,2438,2462,0.07555462835155705,storage_bus_58,98.80345494013926,0.4880471927482762,0.4619462194410727,-0.011952807251723818,-0.038053780558927275
Deficit to surplus,3,2438,2462,0.07555462835155705,storage_bus_61,875.5614874907134,0.44566535883836667,0.4578843816279681,-0.054334641161633335,-0.04211561837203193
Deficit to surplus,3,2438,2462,0.07555462835155705,storage_bus_71,890.5328010216309,0.46533961818069636,0.4296675713746961,-0.03466038181930364,-0.07033242862530392
Deficit to surplus,3,2438,2462,0.07555462835155705,storage_bus_72,98.80345494013926,0.5133787467820367,0.4302316020414709,0.013378746782036655,-0.06976839795852913
Deficit to surplus,3,2438,2462,0.07555462835155705,storage_bus_76,559.8862446607892,0.526284593643796,0.41205922559181063,0.026284593643795984,-0.08794077440818937
Deficit to surplus,3,2438,2462,0.07555462835155705,storage_bus_79,321.1112285554526,0.5342759754825896,0.4452104444449855,0.03427597548258965,-0.054789555555014524
Deficit to surplus,3,2438,2462,0.07555462835155705,storage_bus_80,1510.0936477937455,0.5771242669063792,0.46906114994512665,0.07712426690637919,-0.030938850054873346
Deficit to surplus,3,2438,2462,0.07555462835155705,storage_bus_82,444.61554723062665,0.53405874430122,0.3600387214596933,0.03405874430122002,-0.1399612785403067
Deficit to surplus,3,2438,2462,0.07555462835155705,storage_bus_86,172.9060461452437,0.5652990378256577,0.35459033309646343,0.06529903782565771,-0.14540966690353657
Deficit to surplus,3,2438,2462,0.07555462835155705,storage_bus_88,395.21381976055704,0.5456281244548187,0.3162153229592034,0.045628124454818675,-0.1837846770407966
Deficit to surplus,3,2438,2462,0.07555462835155705,storage_bus_92,535.1853809257543,0.5420901432916853,0.31223895924495126,0.042090143291685256,-0.18776104075504874
Deficit to surplus,3,2438,2462,0.07555462835155705,storage_bus_97,123.50431867517408,0.5579630588706138,0.4155650825660902,0.057963058870613815,-0.0844349174339098
Deficit to surplus,3,2438,2462,0.07555462835155705,storage_bus_98,279.9431223303946,0.5353085232461394,0.38184527373491356,0.03530852324613942,-0.11815472626508644
Deficit to surplus,3,2438,2462,0.07555462835155705,storage_bus_112,559.8862446607892,0.5539384224131788,0.28267575221452074,0.05393842241317881,-0.21732424778547926
Deficit to surplus,3,2438,2462,0.07555462835155705,storage_bus_115,181.1396673902553,0.5017416970038402,0.3982855403941656,0.0017416970038401924,-0.10171445960583442
Deficit to surplus,4,2441,2465,0.11058131578235166,storage_bus_1,419.9146834955919,0.6207485661911836,0.5845478866311306,0.12074856619118357,0.08454788663113055
Deficit to surplus,4,2441,2465,0.11058131578235166,storage_bus_9,2511.888039456894,0.6062249235941498,0.5992249239778471,0.10622492359414981,0.0992249239778471
Deficit to surplus,4,2441,2465,0.11058131578235166,storage_bus_11,576.3534871508124,0.6168447632493153,0.5850800664815419,0.11684476324931525,0.08508006648154187
Deficit to surplus,4,2441,2465,0.11058131578235166,storage_bus_15,741.0259120510444,0.5955532599412362,0.5697221789103291,0.0955532599412362,0.06972217891032906
Deficit to surplus,4,2441,2465,0.11058131578235166,storage_bus_16,205.8405311252901,0.6413959064705057,0.6074479506193309,0.1413959064705057,0.10744795061933088
Deficit to surplus,4,2441,2465,0.11058131578235166,storage_bus_22,82.33621245011605,0.5567862658789786,0.5459976010167219,0.056786265878978615,0.0459976010167219
Deficit to surplus,4,2441,2465,0.11058131578235166,storage_bus_24,107.03707618515088,0.5267662081173684,0.5512172646603829,0.026766208117368406,0.0512172646603829
Deficit to surplus,4,2441,2465,0.11058131578235166,storage_bus_29,197.60690988027852,0.5593584111913369,0.5403114458662545,0.05935841119133689,0.04031144586625446
Deficit to surplus,4,2441,2465,0.11058131578235166,storage_bus_32,485.7836534556847,0.568880315586136,0.5485008133653505,0.06888031558613605,0.048500813365350504
Deficit to surplus,4,2441,2465,0.11058131578235166,storage_bus_41,304.6439860654294,0.5381521510989882,0.546033821307934,0.038152151098988174,0.046033821307933986
Deficit to surplus,4,2441,2465,0.11058131578235166,storage_bus_44,131.73793992018568,0.5012678985768865,0.5422308658521175,0.0012678985768864726,0.04223086585211755
Deficit to surplus,4,2441,2465,0.11058131578235166,storage_bus_54,1235.2029462319156,0.63628379624128,0.6215885051391314,0.13628379624127995,0.12158850513913144
Deficit to surplus,4,2441,2465,0.11058131578235166,storage_bus_58,98.80345494013926,0.6154815701002546,0.6252828284816767,0.11548157010025462,0.1252828284816767
Deficit to surplus,4,2441,2465,0.11058131578235166,storage_bus_61,875.5614874907134,0.552089318849029,0.5816297439658549,0.05208931884902901,0.08162974396585487
Deficit to surplus,4,2441,2465,0.11058131578235166,storage_bus_71,890.5328010216309,0.5138815446423988,0.5349645959357033,0.013881544642398769,0.034964595935703335
Deficit to surplus,4,2441,2465,0.11058131578235166,storage_bus_72,98.80345494013926,0.5133811269791178,0.53385384105171,0.013381126979117752,0.033853841051709965
Deficit to surplus,4,2441,2465,0.11058131578235166,storage_bus_76,559.8862446607892,0.6602304518076625,0.5604669219648032,0.1602304518076625,0.06046692196480319
Deficit to surplus,4,2441,2465,0.11058131578235166,storage_bus_79,321.1112285554526,0.7197713073708811,0.5904645144790264,0.21977130737088113,0.09046451447902637
Deficit to surplus,4,2441,2465,0.11058131578235166,storage_bus_80,1510.0936477937455,0.7973737402901568,0.6394956754540443,0.29737374029015684,0.1394956754540443
Deficit to surplus,4,2441,2465,0.11058131578235166,storage_bus_82,444.61554723062665,0.6702893233338341,0.5320721681075539,0.17028932333383406,0.03207216810755387
Deficit to surplus,4,2441,2465,0.11058131578235166,storage_bus_86,172.9060461452437,0.6289934462890983,0.5152812406398588,0.12899344628909826,0.015281240639858806
Deficit to surplus,4,2441,2465,0.11058131578235166,storage_bus_88,395.21381976055704,0.6441577618851474,0.5001471038729218,0.1441577618851474,0.0001471038729218277
Deficit to surplus,4,2441,2465,0.11058131578235166,storage_bus_92,535.1853809257543,0.640853576476002,0.5001897775577342,0.14085357647600205,0.00018977755773419425
Deficit to surplus,4,2441,2465,0.11058131578235166,storage_bus_97,123.50431867517408,0.7951597140258853,0.6018495493976724,0.29515971402588526,0.10184954939767243
Deficit to surplus,4,2441,2465,0.11058131578235166,storage_bus_98,279.9431223303946,0.703282432603379,0.5532453734616771,0.20328243260337897,0.053245373461677126
Deficit to surplus,4,2441,2465,0.11058131578235166,storage_bus_112,559.8862446607892,0.6483856275182559,0.4773983627118432,0.1483856275182559,-0.022601637288156784
Deficit to surplus,4,2441,2465,0.11058131578235166,storage_bus_115,181.1396673902553,0.5577174643198601,0.5389632449148125,0.057717464319860134,0.03896324491481251
Deficit to surplus,5,2437,2461,0.1127276285930775,storage_bus_1,419.9146834955919,0.4445943296939947,0.399416142817944,-0.055405670306005295,-0.10058385718205598
Deficit to surplus,5,2437,2461,0.1127276285930775,storage_bus_9,2511.888039456894,0.42217197348719304,0.40174443105634283,-0.07782802651280696,-0.09825556894365717
Deficit to surplus,5,2437,2461,0.1127276285930775,storage_bus_11,576.3534871508124,0.4371027628585278,0.403134174880728,-0.06289723714147222,-0.096865825119272
Deficit to surplus,5,2437,2461,0.1127276285930775,storage_bus_15,741.0259120510444,0.43143825180897344,0.38613441465805376,-0.06856174819102656,-0.11386558534194624
Deficit to surplus,5,2437,2461,0.1127276285930775,storage_bus_16,205.8405311252901,0.4475630518267038,0.4174575934807342,-0.052436948173296194,-0.08254240651926581
Deficit to surplus,5,2437,2461,0.1127276285930775,storage_bus_22,82.33621245011605,0.4782217569072361,0.3270627956091411,-0.021778243092763883,-0.1729372043908589
Deficit to surplus,5,2437,2461,0.1127276285930775,storage_bus_24,107.03707618515088,0.4909312870074044,0.3792352826714144,-0.009068712992595596,-0.12076471732858562
Deficit to surplus,5,2437,2461,0.1127276285930775,storage_bus_29,197.60690988027852,0.4513342859505688,0.3448855971098352,-0.04866571404943121,-0.15511440289016482
Deficit to surplus,5,2437,2461,0.1127276285930775,storage_bus_32,485.7836534556847,0.432709281030254,0.36666703427179,-0.06729071896974598,-0.13333296572821002
Deficit to surplus,5,2437,2461,0.1127276285930775,storage_bus_41,304.6439860654294,0.4302769837185577,0.3735991703509189,-0.06972301628144228,-0.12640082964908111
Deficit to surplus,5,2437,2461,0.1127276285930775,storage_bus_44,131.73793992018568,0.4386690637428594,0.37300653005770196,-0.06133093625714059,-0.12699346994229804
Deficit to surplus,5,2437,2461,0.1127276285930775,storage_bus_54,1235.2029462319156,0.4379670188413008,0.41910947656898584,-0.06203298115869921,-0.08089052343101416
Deficit to surplus,5,2437,2461,0.1127276285930775,storage_bus_58,98.80345494013926,0.43488721794855006,0.41016566013114625,-0.06511278205144994,-0.08983433986885375
Deficit to surplus,5,2437,2461,0.1127276285930775,storage_bus_61,875.5614874907134,0.40711872109263864,0.41709164083464934,-0.09288127890736136,-0.08290835916535066
Deficit to surplus,5,2437,2461,0.1127276285930775,storage_bus_71,890.5328010216309,0.4387799255299214,0.3940191322017724,-0.0612200744700786,-0.10598086779822757
Deficit to surplus,5,2437,2461,0.1127276285930775,storage_bus_72,98.80345494013926,0.5133769873893037,0.38864766222146174,0.013376987389303707,-0.11135233777853826
Deficit to surplus,5,2437,2461,0.1127276285930775,storage_bus_76,559.8862446607892,0.4699414319151642,0.3594589710473977,-0.030058568084835813,-0.1405410289526023
Deficit to surplus,5,2437,2461,0.1127276285930775,storage_bus_79,321.1112285554526,0.4764166021403163,0.39626208074482866,-0.02358339785968372,-0.10373791925517134
Deficit to surplus,5,2437,2461,0.1127276285930775,storage_bus_80,1510.0936477937455,0.5082520471258428,0.4152455698780278,0.00825204712584282,-0.0847544301219722
Deficit to surplus,5,2437,2461,0.1127276285930775,storage_bus_82,444.61554723062665,0.4719274868917124,0.29892358834435406,-0.028072513108287622,-0.20107641165564594
Deficit to surplus,5,2437,2461,0.1127276285930775,storage_bus_86,172.9060461452437,0.5096607184327592,0.2944911104506479,0.009660718432759174,-0.2055088895493521
Deficit to surplus,5,2437,2461,0.1127276285930775,storage_bus_88,395.21381976055704,0.4820141921548071,0.24844212368762558,-0.01798580784519288,-0.2515578763123744
Deficit to surplus,5,2437,2461,0.1127276285930775,storage_bus_92,535.1853809257543,0.476492694387385,0.24473906826573408,-0.023507305612614993,-0.2552609317342659
Deficit to surplus,5,2437,2461,0.1127276285930775,storage_bus_97,123.50431867517408,0.4848818889282139,0.3525300308331177,-0.015118111071786122,-0.14746996916688232
Deficit to surplus,5,2437,2461,0.1127276285930775,storage_bus_98,279.9431223303946,0.4718836661767457,0.32126983830104855,-0.02811633382325429,-0.17873016169895145
Deficit to surplus,5,2437,2461,0.1127276285930775,storage_bus_112,559.8862446607892,0.49504310190751744,0.2130448291699338,-0.0049568980924825645,-0.28695517083006616
Deficit to surplus,5,2437,2461,0.1127276285930775,storage_bus_115,181.1396673902553,0.45540292123116205,0.34089284305669876,-0.04459707876883795,-0.15910715694330124
Deficit to surplus,6,2442,2466,0.15607747659897675,storage_bus_1,419.9146834955919,0.6828430318518668,0.6372336743609154,0.1828430318518668,0.13723367436091538
Deficit to surplus,6,2442,2466,0.15607747659897675,storage_bus_9,2511.888039456894,0.6481867367819261,0.653669407243864,0.14818673678192607,0.15366940724386402
Deficit to surplus,6,2442,2466,0.15607747659897675,storage_bus_11,576.3534871508124,0.6775961018988489,0.6374947981060716,0.1775961018988489,0.13749479810607157
Deficit to surplus,6,2442,2466,0.15607747659897675,storage_bus_15,741.0259120510444,0.6409663239152169,0.6196126633220794,0.1409663239152169,0.11961266332207943
Deficit to surplus,6,2442,2466,0.15607747659897675,storage_bus_16,205.8405311252901,0.7229289902845282,0.6668988576443458,0.22292899028452817,0.16689885764434575
Deficit to surplus,6,2442,2466,0.15607747659897675,storage_bus_22,82.33621245011605,0.574086749154386,0.6031077343005502,0.07408674915438596,0.1031077343005502
Deficit to surplus,6,2442,2466,0.15607747659897675,storage_bus_24,107.03707618515088,0.526767615716112,0.5902075346897695,0.02676761571611197,0.0902075346897695
Deficit to surplus,6,2442,2466,0.15607747659897675,storage_bus_29,197.60690988027852,0.596637243536668,0.5923903231992044,0.09663724353666803,0.09239032319920437
Deficit to surplus,6,2442,2466,0.15607747659897675,storage_bus_32,485.7836534556847,0.6063389919087536,0.5969359159070655,0.10633899190875362,0.09693591590706552
Deficit to surplus,6,2442,2466,0.15607747659897675,storage_bus_41,304.6439860654294,0.561487823987342,0.5920128180652706,0.06148782398734198,0.09201281806527062
Deficit to surplus,6,2442,2466,0.15607747659897675,storage_bus_44,131.73793992018568,0.5012709716940786,0.5848068035427317,0.0012709716940786375,0.08480680354273173
Deficit to surplus,6,2442,2466,0.15607747659897675,storage_bus_54,1235.2029462319156,0.6928553308153459,0.68166913960631,0.1928553308153459,0.18166913960631004
Deficit to surplus,6,2442,2466,0.15607747659897675,storage_bus_58,98.80345494013926,0.6985994630828317,0.6989859549713914,0.19859946308283172,0.19898595497139138
Deficit to surplus,6,2442,2466,0.15607747659897675,storage_bus_61,875.5614874907134,0.5804670442103246,0.6237698554841262,0.08046704421032458,0.12376985548412622
Deficit to surplus,6,2442,2466,0.15607747659897675,storage_bus_71,890.5328010216309,0.5138825657923004,0.5689981006696283,0.013882565792300405,0.0689981006696283
Deficit to surplus,6,2442,2466,0.15607747659897675,storage_bus_72,98.80345494013926,0.513381894547447,0.5620260276678801,0.013381894547446982,0.062026027667880124
Deficit to surplus,6,2442,2466,0.15607747659897675,storage_bus_76,559.8862446607892,0.7055168446532252,0.6151256232458312,0.20551684465322517,0.1151256232458312
Deficit to surplus,6,2442,2466,0.15607747659897675,storage_bus_79,321.1112285554526,0.7807226364364038,0.6436402799396524,0.2807226364364038,0.14364027993965245
Deficit to surplus,6,2442,2466,0.15607747659897675,storage_bus_80,1510.0936477937455,0.8554274453433954,0.7049279414511489,0.35542744534339543,0.2049279414511489
Deficit to surplus,6,2442,2466,0.15607747659897675,storage_bus_82,444.61554723062665,0.7194381370529334,0.5972686409143835,0.21943813705293336,0.09726864091438348
Deficit to surplus,6,2442,2466,0.15607747659897675,storage_bus_86,172.9060461452437,0.6289937559911805,0.5706703103853064,0.12899375599118046,0.07067031038530636
Deficit to surplus,6,2442,2466,0.15607747659897675,storage_bus_88,395.21381976055704,0.6760920057152726,0.5727235916219452,0.17609200571527261,0.0727235916219452
Deficit to surplus,6,2442,2466,0.15607747659897675,storage_bus_92,535.1853809257543,0.6846565261007819,0.5774291486166001,0.18465652610078187,0.07742914861660011
Deficit to surplus,6,2442,2466,0.15607747659897675,storage_bus_97,123.50431867517408,0.8739331777929822,0.673359817848394,0.3739331777929822,0.17335981784839405
Deficit to surplus,6,2442,2466,0.15607747659897675,storage_bus_98,279.9431223303946,0.7667422020076848,0.616780983468984,0.26674220200768484,0.11678098346898402
Deficit to surplus,6,2442,2466,0.15607747659897675,storage_bus_112,559.8862446607892,0.6989309377220515,0.5499497765656998,0.1989309377220515,0.049949776565699766
Deficit to surplus,6,2442,2466,0.15607747659897675,storage_bus_115,181.1396673902553,0.5921385583566098,0.591186065484068,0.09213855835660978,0.09118606548406805
Deficit to surplus,7,2436,2460,0.15968965447616829,storage_bus_1,419.9146834955919,0.39832543746773647,0.35075803743499073,-0.10167456253226353,-0.14924196256500927
Deficit to surplus,7,2436,2460,0.15968965447616829,storage_bus_9,2511.888039456894,0.37249321951003833,0.353310250803215,-0.12750678048996167,-0.146689749196785
Deficit to surplus,7,2436,2460,0.15968965447616829,storage_bus_11,576.3534871508124,0.3922661081366224,0.35679075386071063,-0.10773389186337762,-0.14320924613928937
Deficit to surplus,7,2436,2460,0.15968965447616829,storage_bus_15,741.0259120510444,0.3838969587813829,0.33828102316730285,-0.11610304121861709,-0.16171897683269715
Deficit to surplus,7,2436,2460,0.15968965447616829,storage_bus_16,205.8405311252901,0.4044851068616394,0.36987006150938817,-0.09551489313836059,-0.13012993849061183
Deficit to surplus,7,2436,2460,0.15968965447616829,storage_bus_22,82.33621245011605,0.42116480233107095,0.2625538012968815,-0.07883519766892905,-0.2374461987031185
Deficit to surplus,7,2436,2460,0.15968965447616829,storage_bus_24,107.03707618515088,0.44167442273469393,0.32874554549588303,-0.05832557726530607,-0.17125445450411697
Deficit to surplus,7,2436,2460,0.15968965447616829,storage_bus_29,197.60690988027852,0.40102153558790016,0.28759108831363983,-0.09897846441209984,-0.21240891168636017
Deficit to surplus,7,2436,2460,0.15968965447616829,storage_bus_32,485.7836534556847,0.38567162483645234,0.3167817731893946,-0.11432837516354766,-0.1832182268106054
Deficit to surplus,7,2436,2460,0.15968965447616829,storage_bus_41,304.6439860654294,0.3791079659148373,0.3244857153040408,-0.12089203408516269,-0.1755142846959592
Deficit to surplus,7,2436,2460,0.15968965447616829,storage_bus_44,131.73793992018568,0.38155683669298424,0.3223355847894179,-0.11844316330701576,-0.17766441521058213
Deficit to surplus,7,2436,2460,0.15968965447616829,storage_bus_54,1235.2029462319156,0.3873081116176002,0.3696701033834169,-0.1126918883823998,-0.13032989661658312
Deficit to surplus,7,2436,2460,0.15968965447616829,storage_bus_58,98.80345494013926,0.3784107561849879,0.3585445536678017,-0.12158924381501213,-0.1414554463321983
Deficit to surplus,7,2436,2460,0.15968965447616829,storage_bus_61,875.5614874907134,0.3659074360184151,0.37484347712117533,-0.13409256398158492,-0.12515652287882467
Deficit to surplus,7,2436,2460,0.15968965447616829,storage_bus_71,890.5328010216309,0.40847683347271263,0.3571268977747391,-0.09152316652728737,-0.1428731022252609
Deficit to surplus,7,2436,2460,0.15968965447616829,storage_bus_72,98.80345494013926,0.5133278334897251,0.34436582120835685,0.013327833489725105,-0.15563417879164315
Deficit to surplus,7,2436,2460,0.15968965447616829,storage_bus_76,559.8862446607892,0.41085688205087756,0.30598163475208967,-0.08914311794912244,-0.19401836524791033
Deficit to surplus,7,2436,2460,0.15968965447616829,storage_bus_79,321.1112285554526,0.4181042900625322,0.3458477873149668,-0.08189570993746781,-0.1541522126850332
Deficit to surplus,7,2436,2460,0.15968965447616829,storage_bus_80,1510.0936477937455,0.43909055475990605,0.36046738256551125,-0.06090944524009395,-0.13953261743448875
Deficit to surplus,7,2436,2460,0.15968965447616829,storage_bus_82,444.61554723062665,0.4067630685712201,0.2381270704323662,-0.09323693142877992,-0.2618729295676338
Deficit to surplus,7,2436,2460,0.15968965447616829,storage_bus_86,172.9060461452437,0.45305469866913006,0.2338724475081599,-0.04694530133086994,-0.2661275524918401
Deficit to surplus,7,2436,2460,0.15968965447616829,storage_bus_88,395.21381976055704,0.4145339411061452,0.1836204969110962,-0.08546605889385478,-0.31637950308890384
Deficit to surplus,7,2436,2460,0.15968965447616829,storage_bus_92,535.1853809257543,0.4055695646805948,0.18075775029185137,-0.0944304353194052,-0.31924224970814863
Deficit to surplus,7,2436,2460,0.15968965447616829,storage_bus_97,123.50431867517408,0.4132827565584171,0.29016781872868375,-0.08671724344158288,-0.20983218127131625
Deficit to surplus,7,2436,2460,0.15968965447616829,storage_bus_98,279.9431223303946,0.4069967377421879,0.26054201100295743,-0.09300326225781208,-0.23945798899704257
Deficit to surplus,7,2436,2460,0.15968965447616829,storage_bus_112,559.8862446607892,0.43306098618385874,0.14855996369086194,-0.06693901381614126,-0.35144003630913806
Deficit to surplus,7,2436,2460,0.15968965447616829,storage_bus_115,181.1396673902553,0.40524771607188026,0.2823628171155467,-0.09475228392811974,-0.21763718288445327
Deficit to surplus,8,2452,2476,0.18292811512038232,storage_bus_1,419.9146834955919,0.5342854470613969,0.6185369553558641,0.03428544706139691,0.11853695535586406
Deficit to surplus,8,2452,2476,0.18292811512038232,storage_bus_9,2511.888039456894,0.5891689024211113,0.7446211864125779,0.0891689024211113,0.2446211864125779
Deficit to surplus,8,2452,2476,0.18292811512038232,storage_bus_11,576.3534871508124,0.5691785131564022,0.6661318432494159,0.06917851315640222,0.16613184324941588
Deficit to surplus,8,2452,2476,0.18292811512038232,storage_bus_15,741.0259120510444,0.5955599882606956,0.726782133103725,0.09555998826069556,0.22678213310372497
Deficit to surplus,8,2452,2476,0.18292811512038232,storage_bus_16,205.8405311252901,0.4985441235462843,0.5611822673080411,-0.0014558764537156987,0.061182267308041105
Deficit to surplus,8,2452,2476,0.18292811512038232,storage_bus_22,82.33621245011605,0.4497988715122296,0.5891059195118424,-0.05020112848777042,0.08910591951184244
Deficit to surplus,8,2452,2476,0.18292811512038232,storage_bus_24,107.03707618515088,0.46626050583316536,0.6810467470181549,-0.03373949416683464,0.18104674701815493
Deficit to surplus,8,2452,2476,0.18292811512038232,storage_bus_29,197.60690988027852,0.49369976983262104,0.6159449267546878,-0.006300230167378962,0.11594492675468782
Deficit to surplus,8,2452,2476,0.18292811512038232,storage_bus_32,485.7836534556847,0.5631684679640612,0.6980042915129041,0.06316846796406117,0.1980042915129041
Deficit to surplus,8,2452,2476,0.18292811512038232,storage_bus_41,304.6439860654294,0.6000185229931098,0.7520762413570291,0.10001852299310976,0.2520762413570291
Deficit to surplus,8,2452,2476,0.18292811512038232,storage_bus_44,131.73793992018568,0.6066322092527137,0.8091675894577111,0.10663220925271366,0.30916758945771106
Deficit to surplus,8,2452,2476,0.18292811512038232,storage_bus_54,1235.2029462319156,0.6451896639139095,0.8374345773388795,0.14518966391390953,0.3374345773388795
Deficit to surplus,8,2452,2476,0.18292811512038232,storage_bus_58,98.80345494013926,0.5539762304132902,0.7256483892885625,0.05397623041329025,0.22564838928856246
Deficit to surplus,8,2452,2476,0.18292811512038232,storage_bus_61,875.5614874907134,0.6617841813380202,0.9033336353268698,0.1617841813380202,0.40333363532686983
Deficit to surplus,8,2452,2476,0.18292811512038232,storage_bus_71,890.5328010216309,0.6876821590202453,0.8299029395266269,0.18768215902024532,0.32990293952662686
Deficit to surplus,8,2452,2476,0.18292811512038232,storage_bus_72,98.80345494013926,0.5535149457523764,0.6588385413756619,0.053514945752376364,0.1588385413756619
Deficit to surplus,8,2452,2476,0.18292811512038232,storage_bus_76,559.8862446607892,0.586718803326881,0.729330743376205,0.08671880332688098,0.22933074337620496
Deficit to surplus,8,2452,2476,0.18292811512038232,storage_bus_79,321.1112285554526,0.5930993338419013,0.7109287988338494,0.09309933384190128,0.2109287988338494
Deficit to surplus,8,2452,2476,0.18292811512038232,storage_bus_80,1510.0936477937455,0.6557028101092667,0.8664843406940599,0.15570281010926668,0.3664843406940599
Deficit to surplus,8,2452,2476,0.18292811512038232,storage_bus_82,444.61554723062665,0.6003775698602721,0.7351877051140887,0.10037756986027213,0.2351877051140887
Deficit to surplus,8,2452,2476,0.18292811512038232,storage_bus_86,172.9060461452437,0.6666664012869039,0.8458906032275907,0.1666664012869039,0.3458906032275907
Deficit to surplus,8,2452,2476,0.18292811512038232,storage_bus_88,395.21381976055704,0.5956575246646684,0.7358568785772666,0.09565752466466837,0.23585687857726656
Deficit to surplus,8,2452,2476,0.18292811512038232,storage_bus_92,535.1853809257543,0.6074620966198097,0.7607596139318746,0.10746209661980965,0.26075961393187463
Deficit to surplus,8,2452,2476,0.18292811512038232,storage_bus_97,123.50431867517408,0.5474795828692597,0.6673282709518888,0.047479582869259684,0.16732827095188885
Deficit to surplus,8,2452,2476,0.18292811512038232,storage_bus_98,279.9431223303946,0.5860469860695581,0.7024920187901906,0.08604698606955807,0.20249201879019063
Deficit to surplus,8,2452,2476,0.18292811512038232,storage_bus_112,559.8862446607892,0.6253866666878625,0.7485593002433353,0.12538666668786247,0.24855930024333528
Deficit to surplus,8,2452,2476,0.18292811512038232,storage_bus_115,181.1396673902553,0.47641885173733345,0.6013208094587357,-0.02358114826266655,0.10132080945873567
Deficit to surplus,9,2443,2467,0.19717395689687917,storage_bus_1,419.9146834955919,0.734071067640939,0.686970717253414,0.234071067640939,0.18697071725341396
Deficit to surplus,9,2443,2467,0.19717395689687917,storage_bus_9,2511.888039456894,0.6720171439752096,0.6955649222759044,0.17201714397520962,0.19556492227590438
Deficit to surplus,9,2443,2467,0.19717395689687917,storage_bus_11,576.3534871508124,0.7227044906718105,0.6867845237553357,0.22270449067181053,0.18678452375533572
Deficit to surplus,9,2443,2467,0.19717395689687917,storage_bus_15,741.0259120510444,0.6764898407717735,0.6669743683463157,0.17648984077177354,0.16697436834631574
Deficit to surplus,9,2443,2467,0.19717395689687917,storage_bus_16,205.8405311252901,0.7802202730071051,0.7240118568754024,0.28022027300710506,0.22401185687540237
Deficit to surplus,9,2443,2467,0.19717395689687917,storage_bus_22,82.33621245011605,0.6364913703397226,0.6623240205723403,0.13649137033972258,0.1623240205723403
Deficit to surplus,9,2443,2467,0.19717395689687917,storage_bus_24,107.03707618515088,0.5857920347352479,0.6342515805359579,0.08579203473524788,0.13425158053595787
Deficit to surplus,9,2443,2467,0.19717395689687917,storage_bus_29,197.60690988027852,0.6495978115884746,0.644764263562054,0.14959781158847463,0.14476426356205396
Deficit to surplus,9,2443,2467,0.19717395689687917,storage_bus_32,485.7836534556847,0.6498853419646176,0.6446226747624291,0.14988534196461756,0.14462267476242907
Deficit to surplus,9,2443,2467,0.19717395689687917,storage_bus_41,304.6439860654294,0.5947798469907899,0.6428487807651376,0.0947798469907899,0.14284878076513763
Deficit to surplus,9,2443,2467,0.19717395689687917,storage_bus_44,131.73793992018568,0.5298646513043397,0.6394888799620111,0.029864651304339684,0.1394888799620111
Deficit to surplus,9,2443,2467,0.19717395689687917,storage_bus_54,1235.2029462319156,0.7194328342159083,0.7318461368682971,0.2194328342159083,0.23184613686829714
Deficit to surplus,9,2443,2467,0.19717395689687917,storage_bus_58,98.80345494013926,0.7547054049354677,0.7752867395749617,0.25470540493546767,0.27528673957496175
Deficit to surplus,9,2443,2467,0.19717395689687917,storage_bus_61,875.5614874907134,0.6026887304574383,0.6648189767239899,0.10268873045743832,0.16481897672398993
Deficit to surplus,9,2443,2467,0.19717395689687917,storage_bus_71,890.5328010216309,0.5592235746418172,0.6043997063443678,0.059223574641817156,0.1043997063443678
Deficit to surplus,9,2443,2467,0.19717395689687917,storage_bus_72,98.80345494013926,0.5644418700743282,0.5955717433069628,0.06444187007432822,0.09557174330696283
Deficit to surplus,9,2443,2467,0.19717395689687917,storage_bus_76,559.8862446607892,0.7442871713762417,0.6667273001202934,0.24428717137624167,0.16672730012029335
Deficit to surplus,9,2443,2467,0.19717395689687917,storage_bus_79,321.1112285554526,0.7973851533013948,0.6894714451307001,0.2973851533013948,0.18947144513070013
Deficit to surplus,9,2443,2467,0.19717395689687917,storage_bus_80,1510.0936477937455,0.8730653762405409,0.7540247943212258,0.3730653762405409,0.2540247943212258
Deficit to surplus,9,2443,2467,0.19717395689687917,storage_bus_82,444.61554723062665,0.76159968882881,0.6572369433513521,0.26159968882881,0.15723694335135208
Deficit to surplus,9,2443,2467,0.19717395689687917,storage_bus_86,172.9060461452437,0.7000389232138051,0.6264117713263647,0.20003892321380512,0.12641177132636472
Deficit to surplus,9,2443,2467,0.19717395689687917,storage_bus_88,395.21381976055704,0.7366348859465177,0.6428466450827353,0.23663488594651771,0.14284664508273526
Deficit to surplus,9,2443,2467,0.19717395689687917,storage_bus_92,535.1853809257543,0.7419228921028991,0.6504151529668677,0.24192289210289908,0.1504151529668677
Deficit to surplus,9,2443,2467,0.19717395689687917,storage_bus_97,123.50431867517408,0.874216254197613,0.7306117582011183,0.37421625419761295,0.23061175820111834
Deficit to surplus,9,2443,2467,0.19717395689687917,storage_bus_98,279.9431223303946,0.7940238394846648,0.6727885951889514,0.2940238394846648,0.1727885951889514
Deficit to surplus,9,2443,2467,0.19717395689687917,storage_bus_112,559.8862446607892,0.7567275089364894,0.6204018929262911,0.25672750893648943,0.12040189292629111
Deficit to surplus,9,2443,2467,0.19717395689687917,storage_bus_115,181.1396673902553,0.6481479883759127,0.6438762161959446,0.1481479883759127,0.1438762161959446
Deficit to surplus,10,2435,2459,0.21190458261586675,storage_bus_1,419.9146834955919,0.35184940072775334,0.29842778589491537,-0.14815059927224666,-0.20157221410508463
Deficit to surplus,10,2435,2459,0.21190458261586675,storage_bus_9,2511.888039456894,0.32058582152122655,0.3033898367389118,-0.17941417847877345,-0.1966101632610882
Deficit to surplus,10,2435,2459,0.21190458261586675,storage_bus_11,576.3534871508124,0.34599172546969675,0.3075570428243136,-0.15400827453030325,-0.19244295717568638
Deficit to surplus,10,2435,2459,0.21190458261586675,storage_bus_15,741.0259120510444,0.33478935571492846,0.2874209545494413,-0.16521064428507154,-0.21257904545055872
Deficit to surplus,10,2435,2459,0.21190458261586675,storage_bus_16,205.8405311252901,0.3609549739693651,0.31915366113082655,-0.1390450260306349,-0.18084633886917345
Deficit to surplus,10,2435,2459,0.21190458261586675,storage_bus_22,82.33621245011605,0.368774280974338,0.19294079730898317,-0.131225719025662,-0.30705920269101683
Deficit to surplus,10,2435,2459,0.21190458261586675,storage_bus_24,107.03707618515088,0.3906902769059406,0.27325752692965427,-0.1093097230940594,-0.22674247307034573
Deficit to surplus,10,2435,2459,0.21190458261586675,storage_bus_29,197.60690988027852,0.35360901988751675,0.2250354068135014,-0.14639098011248325,-0.2749645931864986
Deficit to surplus,10,2435,2459,0.21190458261586675,storage_bus_32,485.7836534556847,0.33838922116067804,0.2630511458915864,-0.16161077883932196,-0.2369488541084136
Deficit to surplus,10,2435,2459,0.21190458261586675,storage_bus_41,304.6439860654294,0.32566345834197447,0.2701881136247605,-0.17433654165802553,-0.22981188637523953
Deficit to surplus,10,2435,2459,0.21190458261586675,storage_bus_44,131.73793992018568,0.31974193246881694,0.2650469759542278,-0.18025806753118306,-0.23495302404577217
Deficit to surplus,10,2435,2459,0.21190458261586675,storage_bus_54,1235.2029462319156,0.333535057194105,0.3178020694905469,-0.16646494280589502,-0.1821979305094531
Deficit to surplus,10,2435,2459,0.21190458261586675,storage_bus_58,98.80345494013926,0.31804510434582234,0.3026006859432449,-0.18195489565417766,-0.1973993140567551
Deficit to surplus,10,2435,2459,0.21190458261586675,storage_bus_61,875.5614874907134,0.3209959016616094,0.3302761488652409,-0.1790040983383906,-0.16972385113475907
Deficit to surplus,10,2435,2459,0.21190458261586675,storage_bus_71,890.5328010216309,0.37738391621885825,0.31865465914314556,-0.12261608378114175,-0.18134534085685444
Deficit to surplus,10,2435,2459,0.21190458261586675,storage_bus_72,98.80345494013926,0.5133260522992555,0.29587525369880446,0.013326052299255542,-0.20412474630119554
Deficit to surplus,10,2435,2459,0.21190458261586675,storage_bus_76,559.8862446607892,0.3509550963530154,0.24896007643323528,-0.14904490364698458,-0.25103992356676474
Deficit to surplus,10,2435,2459,0.21190458261586675,storage_bus_79,321.1112285554526,0.3571085016947181,0.2921961994829437,-0.14289149830528192,-0.20780380051705633
Deficit to surplus,10,2435,2459,0.21190458261586675,storage_bus_80,1510.0936477937455,0.3673681120307202,0.3029632410680269,-0.13263188796927983,-0.1970367589319731
Deficit to surplus,10,2435,2459,0.21190458261586675,storage_bus_82,444.61554723062665,0.3418244763156008,0.17483388167772174,-0.1581755236843992,-0.32516611832227826
Deficit to surplus,10,2435,2459,0.21190458261586675,storage_bus_86,172.9060461452437,0.4009519684600626,0.17081564529652674,-0.09904803153993741,-0.3291843547034733
Deficit to surplus,10,2435,2459,0.21190458261586675,storage_bus_88,395.21381976055704,0.35043661277091326,0.11846466460354571,-0.14956338722908674,-0.3815353353964543
Deficit to surplus,10,2435,2459,0.21190458261586675,storage_bus_92,535.1853809257543,0.3370920146798706,0.11642826744741236,-0.1629079853201294,-0.38357173255258764
Deficit to surplus,10,2435,2459,0.21190458261586675,storage_bus_97,123.50431867517408,0.34069866782096875,0.22661375633332684,-0.15930133217903125,-0.2733862436666732
Deficit to surplus,10,2435,2459,0.21190458261586675,storage_bus_98,279.9431223303946,0.34132638290276296,0.19729202875432225,-0.15867361709723704,-0.3027079712456777
Deficit to surplus,10,2435,2459,0.21190458261586675,storage_bus_112,559.8862446607892,0.37586937805741016,0.08744389860259218,-0.12413062194258984,-0.41255610139740784
Deficit to surplus,10,2435,2459,0.21190458261586675,storage_bus_115,181.1396673902553,0.35911940948078885,0.21846292993474367,-0.14088059051921115,-0.2815370700652563
Deficit to surplus,11,2444,2468,0.23676999740458693,storage_bus_1,419.9146834955919,0.758899323065354,0.7096037413153702,0.258899323065354,0.20960374131537018
Deficit to surplus,11,2444,2468,0.23676999740458693,storage_bus_9,2511.888039456894,0.7092749178179887,0.7283269376220163,0.20927491781798868,0.22832693762201628
Deficit to surplus,11,2444,2468,0.23676999740458693,storage_bus_11,576.3534871508124,0.7451838041764303,0.7102273690504347,0.24518380417643026,0.2102273690504347
Deficit to surplus,11,2444,2468,0.23676999740458693,storage_bus_15,741.0259120510444,0.7187495334842975,0.7056319779428739,0.2187495334842975,0.2056319779428739
Deficit to surplus,11,2444,2468,0.23676999740458693,storage_bus_16,205.8405311252901,0.7808895046623875,0.7286944810636674,0.2808895046623875,0.2286944810636674
Deficit to surplus,11,2444,2468,0.23676999740458693,storage_bus_22,82.33621245011605,0.7089866821838562,0.7073658876431536,0.2089866821838562,0.20736588764315356
Deficit to surplus,11,2444,2468,0.23676999740458693,storage_bus_24,107.03707618515088,0.6545418580331482,0.6737910532833616,0.15454185803314824,0.17379105328336164
Deficit to surplus,11,2444,2468,0.23676999740458693,storage_bus_29,197.60690988027852,0.7112231329128634,0.6895080548512996,0.21122313291286343,0.18950805485129962
Deficit to surplus,11,2444,2468,0.23676999740458693,storage_bus_32,485.7836534556847,0.7028171025358176,0.6871572757749679,0.20281710253581764,0.18715727577496788
Deficit to surplus,11,2444,2468,0.23676999740458693,storage_bus_41,304.6439860654294,0.6589724099647774,0.6967215312721206,0.15897240996477735,0.19672153127212055
Deficit to surplus,11,2444,2468,0.23676999740458693,storage_bus_44,131.73793992018568,0.6132358477837183,0.7012152340574602,0.11323584778371831,0.20121523405746022
Deficit to surplus,11,2444,2468,0.23676999740458693,storage_bus_54,1235.2029462319156,0.7450501009463466,0.7641300931786243,0.2450501009463466,0.26413009317862435
Deficit to surplus,11,2444,2468,0.23676999740458693,storage_bus_58,98.80345494013926,0.7564321890037583,0.7926469225647739,0.2564321890037583,0.29264692256477387
Deficit to surplus,11,2444,2468,0.23676999740458693,storage_bus_61,875.5614874907134,0.6447333203331017,0.7075013461196494,0.1447333203331017,0.20750134611964943
Deficit to surplus,11,2444,2468,0.23676999740458693,storage_bus_71,890.5328010216309,0.609722310040106,0.6400598472129364,0.10972231004010602,0.1400598472129364
Deficit to surplus,11,2444,2468,0.23676999740458693,storage_bus_72,98.80345494013926,0.6255024626642303,0.6256568229258149,0.12550246266423026,0.12565682292581493
Deficit to surplus,11,2444,2468,0.23676999740458693,storage_bus_76,559.8862446607892,0.7968009335120465,0.71244861047025,0.2968009335120465,0.21244861047025
Deficit to surplus,11,2444,2468,0.23676999740458693,storage_bus_79,321.1112285554526,0.8345725132467361,0.7241904175953783,0.3345725132467361,0.22419041759537828
Deficit to surplus,11,2444,2468,0.23676999740458693,storage_bus_80,1510.0936477937455,0.9023876560318261,0.7919913798399755,0.40238765603182614,0.2919913798399755
Deficit to surplus,11,2444,2468,0.23676999740458693,storage_bus_82,444.61554723062665,0.8169579913946363,0.7075178759792801,0.3169579913946363,0.20751787597928006
Deficit to surplus,11,2444,2468,0.23676999740458693,storage_bus_86,172.9060461452437,0.7715492658772454,0.6776583541564302,0.27154926587724537,0.17765835415643016
Deficit to surplus,11,2444,2468,0.23676999740458693,storage_bus_88,395.21381976055704,0.8041992404495858,0.7034887627675955,0.3041992404495858,0.20348876276759553
Deficit to surplus,11,2444,2468,0.23676999740458693,storage_bus_92,535.1853809257543,0.8101281512165427,0.712519029499204,0.3101281512165427,0.21251902949920398
Deficit to surplus,11,2444,2468,0.23676999740458693,storage_bus_97,123.50431867517408,0.89888308287805,0.761204891423779,0.39888308287804997,0.261204891423779
Deficit to surplus,11,2444,2468,0.23676999740458693,storage_bus_98,279.9431223303946,0.8383809317228375,0.7153154814757388,0.33838093172283745,0.21531548147573876
Deficit to surplus,11,2444,2468,0.23676999740458693,storage_bus_112,559.8862446607892,0.8206696996197308,0.6820073708565751,0.3206696996197308,0.18200737085657515
Deficit to surplus,11,2444,2468,0.23676999740458693,storage_bus_115,181.1396673902553,0.7121072235905669,0.6889279134667211,0.21210722359056688,0.1889279134667211
Deficit to surplus,12,2434,2458,0.2656757957157478,storage_bus_1,419.9146834955919,0.30574139463024097,0.24125159741810137,-0.19425860536975903,-0.25874840258189863
Deficit to surplus,12,2434,2458,0.2656757957157478,storage_bus_9,2511.888039456894,0.2658194708469349,0.25159247240195093,-0.2341805291530651,-0.24840752759804907
Deficit to surplus,12,2434,2458,0.2656757957157478,storage_bus_11,576.3534871508124,0.2978031270932069,0.2535078662580816,-0.2021968729067931,-0.24649213374191842
Deficit to surplus,12,2434,2458,0.2656757957157478,storage_bus_15,741.0259120510444,0.2842109034037149,0.2332058427029806,-0.2157890965962851,-0.2667941572970194
Deficit to surplus,12,2434,2458,0.2656757957157478,storage_bus_16,205.8405311252901,0.3168230545010143,0.2629247474742053,-0.18317694549898572,-0.2370752525257947
Deficit to surplus,12,2434,2458,0.2656757957157478,storage_bus_22,82.33621245011605,0.330831559076016,0.12452368170189744,-0.16916844092398398,-0.3754763182981026
Deficit to surplus,12,2434,2458,0.2656757957157478,storage_bus_24,107.03707618515088,0.344517600129784,0.21388258969375507,-0.155482399870216,-0.28611741030624493
Deficit to surplus,12,2434,2458,0.2656757957157478,storage_bus_29,197.60690988027852,0.31476250748384405,0.16115744331766313,-0.18523749251615595,-0.33884255668233687
Deficit to surplus,12,2434,2458,0.2656757957157478,storage_bus_32,485.7836534556847,0.29277908723435436,0.20649063223735725,-0.20722091276564564,-0.29350936776264275
Deficit to surplus,12,2434,2458,0.2656757957157478,storage_bus_41,304.6439860654294,0.27098036417470084,0.21325168542630962,-0.22901963582529916,-0.2867483145736904
Deficit to surplus,12,2434,2458,0.2656757957157478,storage_bus_44,131.73793992018568,0.2546570711865135,0.20539340205653842,-0.24534292881348652,-0.29460659794346156
Deficit to surplus,12,2434,2458,0.2656757957157478,storage_bus_54,1235.2029462319156,0.27462036309224996,0.2618339144324749,-0.22537963690775004,-0.2381660855675251
Deficit to surplus,12,2434,2458,0.2656757957157478,storage_bus_58,98.80345494013926,0.25232371940055115,0.24176944982698811,-0.24767628059944885,-0.2582305501730119
Deficit to surplus,12,2434,2458,0.2656757957157478,storage_bus_61,875.5614874907134,0.2706558601419404,0.28251078531281687,-0.22934413985805963,-0.21748921468718313
Deficit to surplus,12,2434,2458,0.2656757957157478,storage_bus_71,890.5328010216309,0.3473399632726672,0.2790547343723381,-0.1526600367273328,-0.22094526562766192
Deficit to surplus,12,2434,2458,0.2656757957157478,storage_bus_72,98.80345494013926,0.5133245130467071,0.24384784198374307,0.01332451304670712,-0.2561521580162569
Deficit to surplus,12,2434,2458,0.2656757957157478,storage_bus_76,559.8862446607892,0.29124966581045203,0.18895117963947117,-0.20875033418954797,-0.31104882036052883
Deficit to surplus,12,2434,2458,0.2656757957157478,storage_bus_79,321.1112285554526,0.2907253118220361,0.23254765441778077,-0.2092746881779639,-0.2674523455822192
Deficit to surplus,12,2434,2458,0.2656757957157478,storage_bus_80,1510.0936477937455,0.2901156724269642,0.24001527093830344,-0.20988432757303582,-0.25998472906169656
Deficit to surplus,12,2434,2458,0.2656757957157478,storage_bus_82,444.61554723062665,0.2792344231608535,0.11159157492887853,-0.2207655768391465,-0.3884084250711215
Deficit to surplus,12,2434,2458,0.2656757957157478,storage_bus_86,172.9060461452437,0.35828696807107824,0.10825665461419175,-0.14171303192892176,-0.39174334538580824
Deficit to surplus,12,2434,2458,0.2656757957157478,storage_bus_88,395.21381976055704,0.295147697572186,0.060123772756303914,-0.204852302427814,-0.43987622724369607
Deficit to surplus,12,2434,2458,0.2656757957157478,storage_bus_92,535.1853809257543,0.2763229945954449,0.05885295795285491,-0.2236770054045551,-0.4411470420471451
Deficit to surplus,12,2434,2458,0.2656757957157478,storage_bus_97,123.50431867517408,0.26457569136388787,0.15972466507500857,-0.23542430863611213,-0.3402753349249914
Deficit to surplus,12,2434,2458,0.2656757957157478,storage_bus_98,279.9431223303946,0.27481444207151,0.13216951935172408,-0.22518555792849,-0.36783048064827595
Deficit to surplus,12,2434,2458,0.2656757957157478,storage_bus_112,559.8862446607892,0.3293741049834052,0.037007421787837884,-0.1706258950165948,-0.4629925782121621
Deficit to surplus,12,2434,2458,0.2656757957157478,storage_bus_115,181.1396673902553,0.32403312753632074,0.15349696594422413,-0.17596687246367926,-0.34650303405577587
Deficit to surplus,13,2451,2475,0.26939592609613655,storage_bus_1,419.9146834955919,0.771614696606618,0.6185369161753672,0.27161469660661797,0.11853691617536721
Deficit to surplus,13,2451,2475,0.26939592609613655,storage_bus_9,2511.888039456894,0.8047752682343918,0.7446211769386462,0.3047752682343918,0.24462117693864616
Deficit to surplus,13,2451,2475,0.26939592609613655,storage_bus_11,576.3534871508124,0.7999259243103974,0.6661318103650736,0.29992592431039744,0.16613181036507363
Deficit to surplus,13,2451,2475,0.26939592609613655,storage_bus_15,741.0259120510444,0.8242296198606425,0.7267821024976518,0.32422961986064247,0.22678210249765185
Deficit to surplus,13,2451,2475,0.26939592609613655,storage_bus_16,205.8405311252901,0.7413369803905882,0.5611821725935203,0.24133698039058815,0.06118217259352032
Deficit to surplus,13,2451,2475,0.26939592609613655,storage_bus_22,82.33621245011605,0.7024691060127665,0.5891056162591948,0.20246910601276646,0.08910561625919478
Deficit to surplus,13,2451,2475,0.26939592609613655,storage_bus_24,107.03707618515088,0.7178771024789973,0.6810464164189829,0.21787710247899728,0.1810464164189829
Deficit to surplus,13,2451,2475,0.26939592609613655,storage_bus_29,197.60690988027852,0.7393453907211175,0.6159448277098832,0.2393453907211175,0.11594482770988324
Deficit to surplus,13,2451,2475,0.26939592609613655,storage_bus_32,485.7836534556847,0.7960206751260034,0.6980042507309431,0.2960206751260034,0.19800425073094308
Deficit to surplus,13,2451,2475,0.26939592609613655,storage_bus_41,304.6439860654294,0.8143208760064147,0.7520760958205179,0.3143208760064147,0.25207609582051793
Deficit to surplus,13,2451,2475,0.26939592609613655,storage_bus_44,131.73793992018568,0.8197921831931143,0.8091666483748519,0.3197921831931143,0.30916664837485186
Deficit to surplus,13,2451,2475,0.26939592609613655,storage_bus_54,1235.2029462319156,0.8696546278961763,0.8374345024778445,0.3696546278961763,0.33743450247784446
Deficit to surplus,13,2451,2475,0.26939592609613655,storage_bus_58,98.80345494013926,0.74651747116131,0.7256471217696436,0.24651747116130995,0.22564712176964363
Deficit to surplus,13,2451,2475,0.26939592609613655,storage_bus_61,875.5614874907134,0.8895585948746152,0.8680067991151865,0.3895585948746152,0.3680067991151865
Deficit to surplus,13,2451,2475,0.26939592609613655,storage_bus_71,890.5328010216309,0.893994433563346,0.800007065929887,0.39399443356334596,0.300007065929887
Deficit to surplus,13,2451,2475,0.26939592609613655,storage_bus_72,98.80345494013926,0.7587694443849171,0.6588379488263971,0.2587694443849171,0.15883794882639712
Deficit to surplus,13,2451,2475,0.26939592609613655,storage_bus_76,559.8862446607892,0.8040755489215181,0.7293307127269579,0.3040755489215181,0.22933071272695793
Deficit to surplus,13,2451,2475,0.26939592609613655,storage_bus_79,321.1112285554526,0.7940415478352869,0.7109287342594033,0.2940415478352869,0.21092873425940328
Deficit to surplus,13,2451,2475,0.26939592609613655,storage_bus_80,1510.0936477937455,0.8917690333050733,0.8664843244967954,0.3917690333050733,0.36648432449679536
Deficit to surplus,13,2451,2475,0.26939592609613655,storage_bus_82,444.61554723062665,0.8033992685606154,0.7351876727307066,0.3033992685606154,0.23518767273070662
Deficit to surplus,13,2451,2475,0.26939592609613655,storage_bus_86,172.9060461452437,0.8159649706183886,0.8458904935788208,0.3159649706183886,0.34589049357882085
Deficit to surplus,13,2451,2475,0.26939592609613655,storage_bus_88,395.21381976055704,0.7929339746638058,0.7358568510358088,0.2929339746638058,0.23585685103580878
Deficit to surplus,13,2451,2475,0.26939592609613655,storage_bus_92,535.1853809257543,0.8085668485001511,0.7607595929940661,0.30856684850015115,0.26075959299406615
Deficit to surplus,13,2451,2475,0.26939592609613655,storage_bus_97,123.50431867517408,0.7417341801787848,0.6673281234073855,0.24173418017878479,0.16732812340738545
Deficit to surplus,13,2451,2475,0.26939592609613655,storage_bus_98,279.9431223303946,0.7855917240184266,0.7024919627666869,0.2855917240184266,0.2024919627666869
Deficit to surplus,13,2451,2475,0.26939592609613655,storage_bus_112,559.8862446607892,0.8178812306150891,0.7485592844670724,0.3178812306150891,0.24855928446707243
Deficit to surplus,13,2451,2475,0.26939592609613655,storage_bus_115,181.1396673902553,0.726342547145606,0.6013207029430443,0.22634254714560598,0.1013207029430443
Deficit to surplus,14,2445,2469,0.2806868313377153,storage_bus_1,419.9146834955919,0.7945277998925867,0.7360879499750451,0.2945277998925867,0.23608794997504512
Deficit to surplus,14,2445,2469,0.2806868313377153,storage_bus_9,2511.888039456894,0.7497773016287325,0.7612326921854055,0.24977730162873246,0.26123269218540546
Deficit to surplus,14,2445,2469,0.2806868313377153,storage_bus_11,576.3534871508124,0.78016009531392,0.7396066513951183,0.28016009531392005,0.23960665139511828
Deficit to surplus,14,2445,2469,0.2806868313377153,storage_bus_15,741.0259120510444,0.7660524176935183,0.7455413699660927,0.2660524176935183,0.24554136996609266
Deficit to surplus,14,2445,2469,0.2806868313377153,storage_bus_16,205.8405311252901,0.8029922185577711,0.7439603453159643,0.30299221855777114,0.24396034531596433
Deficit to surplus,14,2445,2469,0.2806868313377153,storage_bus_22,82.33621245011605,0.7781619845437637,0.746612111838032,0.27816198454376373,0.246612111838032
Deficit to surplus,14,2445,2469,0.2806868313377153,storage_bus_24,107.03707618515088,0.7195630157150511,0.711217444111493,0.2195630157150511,0.211217444111493
Deficit to surplus,14,2445,2469,0.2806868313377153,storage_bus_29,197.60690988027852,0.7743267462852599,0.7304515881193832,0.2743267462852599,0.23045158811938316
Deficit to surplus,14,2445,2469,0.2806868313377153,storage_bus_32,485.7836534556847,0.7592674859605147,0.7286683848382532,0.25926748596051474,0.22866838483825325
Deficit to surplus,14,2445,2469,0.2806868313377153,storage_bus_41,304.6439860654294,0.7212689157427463,0.7515764135323078,0.22126891574274632,0.25157641353230775
Deficit to surplus,14,2445,2469,0.2806868313377153,storage_bus_44,131.73793992018568,0.6873201918420714,0.7630398365168611,0.18732019184207138,0.26303983651686114
Deficit to surplus,14,2445,2469,0.2806868313377153,storage_bus_54,1235.2029462319156,0.7794802276457526,0.8019093198849014,0.27948022764575264,0.30190931988490144
Deficit to surplus,14,2445,2469,0.2806868313377153,storage_bus_58,98.80345494013926,0.777480655600586,0.8280000147870993,0.277480655600586,0.3280000147870993
Deficit to surplus,14,2445,2469,0.2806868313377153,storage_bus_61,875.5614874907134,0.6876152468851271,0.7521891875961348,0.1876152468851271,0.25218918759613485
Deficit to surplus,14,2445,2469,0.2806868313377153,storage_bus_71,890.5328010216309,0.6576049977516424,0.674390811130014,0.15760499775164238,0.17439081113001398
Deficit to surplus,14,2445,2469,0.2806868313377153,storage_bus_72,98.80345494013926,0.6882316711235065,0.6482220426565541,0.18823167112350647,0.14822204265655414
Deficit to surplus,14,2445,2469,0.2806868313377153,storage_bus_76,559.8862446607892,0.8495700841284609,0.7585099384991417,0.3495700841284609,0.2585099384991417
Deficit to surplus,14,2445,2469,0.2806868313377153,storage_bus_79,321.1112285554526,0.8742788504161757,0.7655690501505198,0.3742788504161757,0.2655690501505198
Deficit to surplus,14,2445,2469,0.2806868313377153,storage_bus_80,1510.0936477937455,0.9337557834555791,0.8324557687519692,0.4337557834555791,0.33245576875196925
Deficit to surplus,14,2445,2469,0.2806868313377153,storage_bus_82,444.61554723062665,0.8707841412053304,0.7588011348647963,0.37078414120533043,0.2588011348647963
Deficit to surplus,14,2445,2469,0.2806868313377153,storage_bus_86,172.9060461452437,0.8393960016703514,0.7272178135128541,0.33939600167035144,0.22721781351285408
Deficit to surplus,14,2445,2469,0.2806868313377153,storage_bus_88,395.21381976055704,0.8660329955805004,0.7608576682928585,0.3660329955805004,0.2608576682928585
Deficit to surplus,14,2445,2469,0.2806868313377153,storage_bus_92,535.1853809257543,0.8726714270797462,0.772652611813406,0.3726714270797462,0.27265261181340605
Deficit to surplus,14,2445,2469,0.2806868313377153,storage_bus_97,123.50431867517408,0.9226305097056839,0.8042997651124293,0.42263050970568394,0.3042997651124293
Deficit to surplus,14,2445,2469,0.2806868313377153,storage_bus_98,279.9431223303946,0.8823714387681606,0.7630436126648225,0.3823714387681606,0.26304361266482246
Deficit to surplus,14,2445,2469,0.2806868313377153,storage_bus_112,559.8862446607892,0.87892997378026,0.7407317187786513,0.37892997378026005,0.2407317187786513
Deficit to surplus,14,2445,2469,0.2806868313377153,storage_bus_115,181.1396673902553,0.7769927099146129,0.7292709020519894,0.2769927099146129,0.2292709020519894
Deficit to surplus,15,2446,2470,0.32891755509769627,storage_bus_1,419.9146834955919,0.8427277014269554,0.7617435386112426,0.3427277014269554,0.26174353861124255
Deficit to surplus,15,2446,2470,0.32891755509769627,storage_bus_9,2511.888039456894,0.7965385508928652,0.7953115134509348,0.2965385508928652,0.29531151345093476
Deficit to surplus,15,2446,2470,0.32891755509769627,storage_bus_11,576.3534871508124,0.8280060759222363,0.7715931833553793,0.3280060759222363,0.2715931833553793
Deficit to surplus,15,2446,2470,0.32891755509769627,storage_bus_15,741.0259120510444,0.8239976822095714,0.7862554634249812,0.32399768220957137,0.2862554634249812
Deficit to surplus,15,2446,2470,0.32891755509769627,storage_bus_16,205.8405311252901,0.8452094535473366,0.7626144172912354,0.34520945354733656,0.26261441729123536
Deficit to surplus,15,2446,2470,0.32891755509769627,storage_bus_22,82.33621245011605,0.85878555004726,0.7742119575580763,0.35878555004726,0.27421195755807626
Deficit to surplus,15,2446,2470,0.32891755509769627,storage_bus_24,107.03707618515088,0.795790961702002,0.7459372545436727,0.29579096170200203,0.24593725454367266
Deficit to surplus,15,2446,2470,0.32891755509769627,storage_bus_29,197.60690988027852,0.8490066433925587,0.7621814121678947,0.3490066433925587,0.2621814121678947
Deficit to surplus,15,2446,2470,0.32891755509769627,storage_bus_32,485.7836534556847,0.8266600755330585,0.7669055316934276,0.32666007553305854,0.26690553169342757
Deficit to surplus,15,2446,2470,0.32891755509769627,storage_bus_41,304.6439860654294,0.794432903020078,0.8083983600187381,0.29443290302007796,0.3083983600187381
Deficit to surplus,15,2446,2470,0.32891755509769627,storage_bus_44,131.73793992018568,0.7686849984247192,0.8277686235124767,0.26868499842471916,0.3277686235124767
Deficit to surplus,15,2446,2470,0.32891755509769627,storage_bus_54,1235.2029462319156,0.823550978536273,0.8440069936551554,0.323550978536273,0.3440069936551554
Deficit to surplus,15,2446,2470,0.32891755509769627,storage_bus_58,98.80345494013926,0.8171137452182624,0.8741238147727146,0.3171137452182624,0.3741238147727146
Deficit to surplus,15,2446,2470,0.32891755509769627,storage_bus_61,875.5614874907134,0.7334605590940203,0.8031832783252886,0.2334605590940203,0.3031832783252886
Deficit to surplus,15,2446,2470,0.32891755509769627,storage_bus_71,890.5328010216309,0.7055929308045672,0.7079357457938027,0.2055929308045672,0.2079357457938027
Deficit to surplus,15,2446,2470,0.32891755509769627,storage_bus_72,98.80345494013926,0.7607452528314029,0.6609649096445633,0.26074525283140293,0.16096490964456334
Deficit to surplus,15,2446,2470,0.32891755509769627,storage_bus_76,559.8862446607892,0.9079233759999297,0.8016161026097282,0.40792337599992967,0.30161610260972815
Deficit to surplus,15,2446,2470,0.32891755509769627,storage_bus_79,321.1112285554526,0.9200875896810508,0.811488107185343,0.42008758968105075,0.31148810718534303
Deficit to surplus,15,2446,2470,0.32891755509769627,storage_bus_80,1510.0936477937455,0.9696547169940275,0.8735277648870499,0.4696547169940275,0.37352776488704986
Deficit to surplus,15,2446,2470,0.32891755509769627,storage_bus_82,444.61554723062665,0.9284855587700996,0.8055802581842869,0.42848555877009964,0.3055802581842869
Deficit to surplus,15,2446,2470,0.32891755509769627,storage_bus_86,172.9060461452437,0.9075944392778956,0.7707692688720519,0.4075944392778956,0.2707692688720519
Deficit to surplus,15,2446,2470,0.32891755509769627,storage_bus_88,395.21381976055704,0.92932164395418,0.8055759192931903,0.42932164395418004,0.3055759192931903
Deficit to surplus,15,2446,2470,0.32891755509769627,storage_bus_92,535.1853809257543,0.9381765717691469,0.8218607623839927,0.4381765717691469,0.32186076238399275
Deficit to surplus,15,2446,2470,0.32891755509769627,storage_bus_97,123.50431867517408,0.9486121216262372,0.8528280854155382,0.4486121216262372,0.35282808541553823
Deficit to surplus,15,2446,2470,0.32891755509769627,storage_bus_98,279.9431223303946,0.930339665069877,0.8106089586713503,0.430339665069877,0.3106089586713503
Deficit to surplus,15,2446,2470,0.32891755509769627,storage_bus_112,559.8862446607892,0.9366117843831743,0.7883868964569843,0.4366117843831743,0.28838689645698434
Deficit to surplus,15,2446,2470,0.32891755509769627,storage_bus_115,181.1396673902553,0.8528408783391812,0.7588073496988393,0.3528408783391812,0.25880734969883934
Deficit to surplus,16,2447,2471,0.37640557076929365,storage_bus_1,419.9146834955919,0.8994441336294603,0.7841309852811257,0.3994441336294603,0.2841309852811257
Deficit to surplus,16,2447,2471,0.37640557076929365,storage_bus_9,2511.888039456894,0.8486414232383013,0.8285654346778757,0.3486414232383013,0.3285654346778757
Deficit to surplus,16,2447,2471,0.37640557076929365,storage_bus_11,576.3534871508124,0.886205908885145,0.8042971480890679,0.38620590888514506,0.30429714808906794
Deficit to surplus,16,2447,2471,0.37640557076929365,storage_bus_15,741.0259120510444,0.890269550479543,0.8263290777288609,0.39026955047954304,0.3263290777288609
Deficit to surplus,16,2447,2471,0.37640557076929365,storage_bus_16,205.8405311252901,0.901725228168685,0.7805083291643111,0.40172522816868494,0.2805083291643111
Deficit to surplus,16,2447,2471,0.37640557076929365,storage_bus_22,82.33621245011605,0.9371430606986556,0.787756726397849,0.4371430606986556,0.287756726397849
Deficit to surplus,16,2447,2471,0.37640557076929365,storage_bus_24,107.03707618515088,0.8892732426688458,0.7799525763671481,0.3892732426688458,0.2799525763671481
Deficit to surplus,16,2447,2471,0.37640557076929365,storage_bus_29,197.60690988027852,0.9255674746603147,0.7828327604243067,0.42556747466031475,0.2828327604243067
Deficit to surplus,16,2447,2471,0.37640557076929365,storage_bus_32,485.7836534556847,0.9018601450462623,0.8003032374543602,0.40186014504626233,0.30030323745436016
Deficit to surplus,16,2447,2471,0.37640557076929365,storage_bus_41,304.6439860654294,0.8753804832386181,0.8689350376832785,0.37538048323861806,0.3689350376832785
Deficit to surplus,16,2447,2471,0.37640557076929365,storage_bus_44,131.73793992018568,0.8576568364719398,0.8985448761803624,0.3576568364719398,0.3985448761803624
Deficit to surplus,16,2447,2471,0.37640557076929365,storage_bus_54,1235.2029462319156,0.8744193061409518,0.8906496586001243,0.37441930614095176,0.39064965860012435
Deficit to surplus,16,2447,2471,0.37640557076929365,storage_bus_58,98.80345494013926,0.8704600223844431,0.9369613189520644,0.3704600223844431,0.43696131895206436
Deficit to surplus,16,2447,2471,0.37640557076929365,storage_bus_61,875.5614874907134,0.784874592758182,0.8640537848839905,0.28487459275818205,0.36405378488399054
Deficit to surplus,16,2447,2471,0.37640557076929365,storage_bus_71,890.5328010216309,0.7552352495849912,0.7404184363305574,0.2552352495849912,0.24041843633055737
Deficit to surplus,16,2447,2471,0.37640557076929365,storage_bus_72,98.80345494013926,0.8524048667386084,0.6641495913978859,0.3524048667386084,0.16414959139788587
Deficit to surplus,16,2447,2471,0.37640557076929365,storage_bus_76,559.8862446607892,0.9600754347293731,0.839319814318707,0.46007543472937307,0.33931981431870695
Deficit to surplus,16,2447,2471,0.37640557076929365,storage_bus_79,321.1112285554526,0.9620658814129203,0.8592975386865338,0.46206588141292027,0.3592975386865338
Deficit to surplus,16,2447,2471,0.37640557076929365,storage_bus_80,1510.0936477937455,0.995000528418521,0.9118667583936249,0.49500052841852105,0.41186675839362485
Deficit to surplus,16,2447,2471,0.37640557076929365,storage_bus_82,444.61554723062665,0.9733631219445379,0.8449237527821213,0.4733631219445379,0.3449237527821213
Deficit to surplus,16,2447,2471,0.37640557076929365,storage_bus_86,172.9060461452437,0.9599800586936209,0.8088237423878712,0.4599800586936209,0.30882374238787125
Deficit to surplus,16,2447,2471,0.37640557076929365,storage_bus_88,395.21381976055704,0.9753677965541858,0.8349133897772915,0.4753677965541858,0.33491338977729146
Deficit to surplus,16,2447,2471,0.37640557076929365,storage_bus_92,535.1853809257543,0.9826527939223072,0.8579282451038248,0.4826527939223072,0.3579282451038248
Deficit to surplus,16,2447,2471,0.37640557076929365,storage_bus_97,123.50431867517408,0.9687747174718141,0.9014250630856221,0.4687747174718141,0.4014250630856221
Deficit to surplus,16,2447,2471,0.37640557076929365,storage_bus_98,279.9431223303946,0.9693688036022391,0.8541738467384904,0.4693688036022391,0.3541738467384904
Deficit to surplus,16,2447,2471,0.37640557076929365,storage_bus_112,559.8862446607892,0.9781298824768494,0.8206036634073913,0.4781298824768494,0.3206036634073913
Deficit to surplus,16,2447,2471,0.37640557076929365,storage_bus_115,181.1396673902553,0.9291705021972085,0.7752693287256278,0.42917050219720854,0.2752693287256278
Deficit to surplus,17,2449,2473,0.41770667814835655,storage_bus_1,419.9146834955919,0.9828359045315477,0.7384540168843908,0.4828359045315477,0.23845401688439083
Deficit to surplus,17,2449,2473,0.41770667814835655,storage_bus_9,2511.888039456894,0.9216299602703222,0.8615327865041129,0.4216299602703222,0.3615327865041129
Deficit to surplus,17,2449,2473,0.41770667814835655,storage_bus_11,576.3534871508124,0.9741549072865777,0.7952280734423582,0.4741549072865777,0.29522807344235824
Deficit to surplus,17,2449,2473,0.41770667814835655,storage_bus_15,741.0259120510444,0.9771564857347502,0.8488115726796082,0.4771564857347502,0.34881157267960816
Deficit to surplus,17,2449,2473,0.41770667814835655,storage_bus_16,205.8405311252901,0.9812628138731403,0.6841168356568171,0.4812628138731403,0.18411683565681713
Deficit to surplus,17,2449,2473,0.41770667814835655,storage_bus_22,82.33621245011605,0.9999988359854232,0.7149197311162337,0.49999883598542316,0.21491973111623375
Deficit to surplus,17,2449,2473,0.41770667814835655,storage_bus_24,107.03707618515088,0.9999994568825673,0.8265478969293562,0.4999994568825673,0.32654789692935615
Deficit to surplus,17,2449,2473,0.41770667814835655,storage_bus_29,197.60690988027852,0.9999994224028039,0.726909960964566,0.49999942240280393,0.22690996096456595
Deficit to surplus,17,2449,2473,0.41770667814835655,storage_bus_32,485.7836534556847,0.9957714535790093,0.8123750812791992,0.4957714535790093,0.3123750812791992
Deficit to surplus,17,2449,2473,0.41770667814835655,storage_bus_41,304.6439860654294,0.9693096199675025,0.9060687353130891,0.46930961996750253,0.40606873531308907
Deficit to surplus,17,2449,2473,0.41770667814835655,storage_bus_44,131.73793992018568,0.9642848412524198,0.9589766646117276,0.46428484125241976,0.4589766646117276
Deficit to surplus,17,2449,2473,0.41770667814835655,storage_bus_54,1235.2029462319156,0.9533209396371412,0.9447539654731982,0.45332093963714115,0.44475396547319823
Deficit to surplus,17,2449,2473,0.41770667814835655,storage_bus_58,98.80345494013926,0.9589302171884276,0.92775477222219,0.45893021718842764,0.42775477222219005
Deficit to surplus,17,2449,2473,0.41770667814835655,storage_bus_61,875.5614874907134,0.8841910883264936,0.9483385420036069,0.3841910883264936,0.4483385420036069
Deficit to surplus,17,2449,2473,0.41770667814835655,storage_bus_71,890.5328010216309,0.8820384739914109,0.7723042032850634,0.3820384739914109,0.27230420328506344
Deficit to surplus,17,2449,2473,0.41770667814835655,storage_bus_72,98.80345494013926,0.9994258025192088,0.6642099381493308,0.49942580251920876,0.16420993814933083
Deficit to surplus,17,2449,2473,0.41770667814835655,storage_bus_76,559.8862446607892,0.9999999999980631,0.8582693134960471,0.4999999999980631,0.35826931349604707
Deficit to surplus,17,2449,2473,0.41770667814835655,storage_bus_79,321.1112285554526,0.9999999999966235,0.8833909231240861,0.4999999999966235,0.38339092312408607
Deficit to surplus,17,2449,2473,0.41770667814835655,storage_bus_80,1510.0936477937455,0.9999999999992819,0.9530267343983693,0.4999999999992819,0.45302673439836927
Deficit to surplus,17,2449,2473,0.41770667814835655,storage_bus_82,444.61554723062665,0.9999999999975612,0.8602419874157524,0.4999999999975612,0.3602419874157524
Deficit to surplus,17,2449,2473,0.41770667814835655,storage_bus_86,172.9060461452437,0.999999999993729,0.8458903153194574,0.499999999993729,0.34589031531945735
Deficit to surplus,17,2449,2473,0.41770667814835655,storage_bus_88,395.21381976055704,0.9999999999972564,0.8324563913053751,0.4999999999972564,0.3324563913053751
Deficit to surplus,17,2449,2473,0.41770667814835655,storage_bus_92,535.1853809257543,0.9999999999979738,0.8669847516155195,0.49999999999797384,0.36698475161551947
Deficit to surplus,17,2449,2473,0.41770667814835655,storage_bus_97,123.50431867517408,0.9999999999912208,0.880265718606726,0.4999999999912208,0.380265718606726
Deficit to surplus,17,2449,2473,0.41770667814835655,storage_bus_98,279.9431223303946,0.9999999999961265,0.8594059129365402,0.49999999999612654,0.35940591293654023
Deficit to surplus,17,2449,2473,0.41770667814835655,storage_bus_112,559.8862446607892,0.9999999999980631,0.8206381493176395,0.4999999999980631,0.32063814931763945
Deficit to surplus,17,2449,2473,0.41770667814835655,storage_bus_115,181.1396673902553,0.9999994054410635,0.7091029197557461,0.49999940544106347,0.20910291975574613
Deficit to surplus,18,2448,2472,0.4285058640809168,storage_bus_1,419.9146834955919,0.9649424257610385,0.8025408869686367,0.4649424257610385,0.3025408869686367
Deficit to surplus,18,2448,2472,0.4285058640809168,storage_bus_9,2511.888039456894,0.9059198971241186,0.8720245962495015,0.4059198971241186,0.37202459624950146
Deficit to surplus,18,2448,2472,0.4285058640809168,storage_bus_11,576.3534871508124,0.9564354507278414,0.8420299809549722,0.4564354507278414,0.34202998095497217
Deficit to surplus,18,2448,2472,0.4285058640809168,storage_bus_15,741.0259120510444,0.9665925386805813,0.8777495160787613,0.46659253868058126,0.3777495160787613
Deficit to surplus,18,2448,2472,0.4285058640809168,storage_bus_16,205.8405311252901,0.9721100038860996,0.798939270027538,0.4721100038860996,0.29893927002753795
Deficit to surplus,18,2448,2472,0.4285058640809168,storage_bus_22,82.33621245011605,0.9999979318352592,0.8015909882567134,0.4999979318352592,0.3015909882567134
Deficit to surplus,18,2448,2472,0.4285058640809168,storage_bus_24,107.03707618515088,0.9999989900627726,0.8265485728268619,0.4999989900627726,0.3265485728268619
Deficit to surplus,18,2448,2472,0.4285058640809168,storage_bus_29,197.60690988027852,0.9999989265108007,0.7988106998972234,0.4999989265108007,0.2988106998972234
Deficit to surplus,18,2448,2472,0.4285058640809168,storage_bus_32,485.7836534556847,0.9868383220487236,0.8358959199164425,0.48683832204872357,0.3358959199164425
Deficit to surplus,18,2448,2472,0.4285058640809168,storage_bus_41,304.6439860654294,0.9692887005320968,0.9559431009931999,0.4692887005320968,0.4559431009931999
Deficit to surplus,18,2448,2472,0.4285058640809168,storage_bus_44,131.73793992018568,0.9642838299924847,0.9999995605209336,0.46428382999248474,0.49999956052093364
Deficit to surplus,18,2448,2472,0.4285058640809168,storage_bus_54,1235.2029462319156,0.9340215395940856,0.9524401923173677,0.4340215395940856,0.45244019231736765
Deficit to surplus,18,2448,2472,0.4285058640809168,storage_bus_58,98.80345494013926,0.9462835560053753,0.9998468301956043,0.4462835560053753,0.4998468301956043
Deficit to surplus,18,2448,2472,0.4285058640809168,storage_bus_61,875.5614874907134,0.845942387958696,0.9566555646247477,0.34594238795869603,0.45665556462474766
Deficit to surplus,18,2448,2472,0.4285058640809168,storage_bus_71,890.5328010216309,0.8098603457930853,0.7723042115263006,0.3098603457930853,0.2723042115263006
Deficit to surplus,18,2448,2472,0.4285058640809168,storage_bus_72,98.80345494013926,0.9768719189048078,0.6642100762937624,0.47687191890480785,0.16421007629376239
Deficit to surplus,18,2448,2472,0.4285058640809168,storage_bus_76,559.8862446607892,0.9999999608043442,0.8792581574234404,0.49999996080434417,0.3792581574234404
Deficit to surplus,18,2448,2472,0.4285058640809168,storage_bus_79,321.1112285554526,0.9999999551818796,0.9275384339870038,0.49999995518187956,0.42753843398700375
Deficit to surplus,18,2448,2472,0.4285058640809168,storage_bus_80,1510.0936477937455,0.999999991012886,0.9601169880481938,0.49999999101288595,0.4601169880481938
Deficit to surplus,18,2448,2472,0.4285058640809168,storage_bus_82,444.61554723062665,0.9999999710923829,0.8862785232168796,0.4999999710923829,0.3862785232168796
Deficit to surplus,18,2448,2472,0.4285058640809168,storage_bus_86,172.9060461452437,0.9999999312740122,0.845890527993134,0.4999999312740122,0.345890527993134
Deficit to surplus,18,2448,2472,0.4285058640809168,storage_bus_88,395.21381976055704,0.9999999712121138,0.8538968765519095,0.4999999712121138,0.3538968765519095
Deficit to surplus,18,2448,2472,0.4285058640809168,storage_bus_92,535.1853809257543,0.9999999789877682,0.8896335480549311,0.49999997898776816,0.3896335480549311
Deficit to surplus,18,2448,2472,0.4285058640809168,storage_bus_97,123.50431867517408,0.9999998949142871,0.9823099727574597,0.4999998949142871,0.4823099727574597
Deficit to surplus,18,2448,2472,0.4285058640809168,storage_bus_98,279.9431223303946,0.9999999548215759,0.9086413397836999,0.4999999548215759,0.4086413397836999
Deficit to surplus,18,2448,2472,0.4285058640809168,storage_bus_112,559.8862446607892,0.9999999811058343,0.8428514685453226,0.4999999811058343,0.34285146854532256
Deficit to surplus,18,2448,2472,0.4285058640809168,storage_bus_115,181.1396673902553,0.9999988943870666,0.7825946210702273,0.4999988943870666,0.28259462107022726
Deficit to surplus,19,2450,2474,0.4315697430146258,storage_bus_1,419.9146834955919,0.9999999999974187,0.7384540936750389,0.49999999999741873,0.2384540936750389
Deficit to surplus,19,2450,2474,0.4315697430146258,storage_bus_9,2511.888039456894,0.9745885103555193,0.8615328124509882,0.4745885103555193,0.36153281245098823
Deficit to surplus,19,2450,2474,0.4315697430146258,storage_bus_11,576.3534871508124,0.9999999999981196,0.7952281428171665,0.4999999999981196,0.2952281428171665
Deficit to surplus,19,2450,2474,0.4315697430146258,storage_bus_15,741.0259120510444,0.9999999999985371,0.8488116360110477,0.49999999999853706,0.3488116360110477
Deficit to surplus,19,2450,2474,0.4315697430146258,storage_bus_16,205.8405311252901,0.9999999999947344,0.6841170234237084,0.49999999999473443,0.1841170234237084
Deficit to surplus,19,2450,2474,0.4315697430146258,storage_bus_22,82.33621245011605,0.9999999999868356,0.7149202756731331,0.49999999998683564,0.2149202756731331
Deficit to surplus,19,2450,2474,0.4315697430146258,storage_bus_24,107.03707618515088,0.9999999999898733,0.826548556218804,0.4999999999898733,0.32654855621880396
Deficit to surplus,19,2450,2474,0.4315697430146258,storage_bus_29,197.60690988027852,0.9999999999945147,0.7269101347607267,0.4999999999945147,0.22691013476072674
Deficit to surplus,19,2450,2474,0.4315697430146258,storage_bus_32,485.7836534556847,0.9999999999977688,0.8123751540608007,0.4999999999977688,0.31237515406080074
Deficit to surplus,19,2450,2474,0.4315697430146258,storage_bus_41,304.6439860654294,0.9999999999964423,0.9060690552973489,0.4999999999964423,0.40606905529734894
Deficit to surplus,19,2450,2474,0.4315697430146258,storage_bus_44,131.73793992018568,0.9999999999917732,0.9903380973168167,0.49999999999177325,0.49033809731681666
Deficit to surplus,19,2450,2474,0.4315697430146258,storage_bus_54,1235.2029462319156,0.9999999999991227,0.9559148898120707,0.4999999999991227,0.45591488981207073
Deficit to surplus,19,2450,2474,0.4315697430146258,storage_bus_58,98.80345494013926,0.999999999989031,0.9743217344557388,0.499999999989031,0.4743217344557388
Deficit to surplus,19,2450,2474,0.4315697430146258,storage_bus_61,875.5614874907134,0.9999999999987619,0.9969998918311898,0.4999999999987619,0.49699989183118976
Deficit to surplus,19,2450,2474,0.4315697430146258,storage_bus_71,890.5328010216309,0.9997553982970079,0.8046520967554327,0.4997553982970079,0.3046520967554327
Deficit to surplus,19,2450,2474,0.4315697430146258,storage_bus_72,98.80345494013926,0.99999980281435,0.664210948994427,0.49999980281434997,0.164210948994427
Deficit to surplus,19,2450,2474,0.4315697430146258,storage_bus_76,559.8862446607892,0.9999999949419467,0.8582693751980364,0.4999999949419467,0.35826937519803637
Deficit to surplus,19,2450,2474,0.4315697430146258,storage_bus_79,321.1112285554526,0.9999999907378277,0.8833910884998778,0.49999999073782775,0.3833910884998778
Deficit to surplus,19,2450,2474,0.4315697430146258,storage_bus_80,1510.0936477937455,0.9999999980199997,0.9530267866258032,0.4999999980199997,0.4530267866258032
Deficit to surplus,19,2450,2474,0.4315697430146258,storage_bus_82,444.61554723062665,0.9999999925818107,0.8602420564798064,0.4999999925818107,0.36024205647980645
Deficit to surplus,19,2450,2474,0.4315697430146258,storage_bus_86,172.9060461452437,0.999999978611942,0.8458906889884705,0.499999978611942,0.34589068898847053
Deficit to surplus,19,2450,2474,0.4315697430146258,storage_bus_88,395.21381976055704,0.9999999907132544,0.8324564446955619,0.4999999907132544,0.3324564446955619
Deficit to surplus,19,2450,2474,0.4315697430146258,storage_bus_92,535.1853809257543,0.9999999933073497,0.866984792097374,0.4999999933073497,0.366984792097374
Deficit to surplus,19,2450,2474,0.4315697430146258,storage_bus_97,123.50431867517408,0.9999999746467366,0.8802660748878067,0.4999999746467366,0.3802660748878067
Deficit to surplus,19,2450,2474,0.4315697430146258,storage_bus_98,279.9431223303946,0.9999999885405289,0.8594060408778568,0.49999998854052885,0.35940604087785677
Deficit to surplus,19,2450,2474,0.4315697430146258,storage_bus_112,559.8862446607892,0.9999999927091238,0.8206381776059012,0.49999999270912376,0.3206381776059012
Deficit to surplus,19,2450,2474,0.4315697430146258,storage_bus_115,181.1396673902553,0.9999999999940162,0.7091031067266195,0.49999999999401623,0.20910310672661947
