shard,iteration,utc,minutes,regime,time_basis
shard-001,682,2026-09-09T23:22:44.531692+00:00,1.4062820826501896,sequential,accepted archive mtime proxy
shard-000,0,2026-09-09T23:22:58.810603+00:00,1.64044239721649,sequential,accepted archive mtime proxy
shard-001,683,2026-09-09T23:23:33.485033+00:00,0.7868287416679475,sequential,accepted archive mtime proxy
shard-000,1,2026-09-09T23:24:20.470292+00:00,1.3399555152844793,sequential,accepted archive mtime proxy
shard-001,684,2026-09-09T23:24:21.280439+00:00,0.7537394701503217,sequential,accepted archive mtime proxy
shard-000,2,2026-09-09T23:25:35.592059+00:00,1.2059027680680932,sequential,accepted archive mtime proxy
shard-001,685,2026-09-09T23:25:46.795533+00:00,1.35651802708162,sequential,accepted archive mtime proxy
shard-000,3,2026-09-09T23:26:20.149774+00:00,0.6697989486002673,sequential,accepted archive mtime proxy
shard-001,686,2026-09-09T23:27:00.035388+00:00,1.1387855590340525,sequential,accepted archive mtime proxy
shard-000,4,2026-09-09T23:27:20.167921+00:00,0.9214489187501992,sequential,accepted archive mtime proxy
shard-001,687,2026-09-09T23:27:55.996722+00:00,0.8207478722343997,sequential,accepted archive mtime proxy
shard-000,5,2026-09-09T23:28:37.436895+00:00,1.1724061777834625,sequential,accepted archive mtime proxy
shard-001,688,2026-09-09T23:29:01.793097+00:00,0.9712568111155027,sequential,accepted archive mtime proxy
shard-001,689,2026-09-09T23:30:31.807738+00:00,1.3395970770836962,sequential,accepted archive mtime proxy
shard-001,690,2026-09-09T23:31:37.919754+00:00,0.9384950437505419,sequential,accepted archive mtime proxy
shard-000,6,2026-09-09T23:33:11.575333+00:00,4.4445787611165235,sequential,accepted archive mtime proxy
shard-001,691,2026-09-09T23:33:24.398730+00:00,1.5798673090175726,sequential,accepted archive mtime proxy
shard-000,7,2026-09-09T23:34:00.695027+00:00,0.673231661816438,sequential,accepted archive mtime proxy
shard-001,692,2026-09-09T23:34:32.759084+00:00,0.924537456932012,sequential,accepted archive mtime proxy
shard-000,8,2026-09-09T23:34:51.359879+00:00,0.6724955965337964,sequential,accepted archive mtime proxy
shard-000,9,2026-09-09T23:35:47.469230+00:00,0.7397203861173087,sequential,accepted archive mtime proxy
shard-001,693,2026-09-09T23:36:28.138304+00:00,1.6982194638985675,sequential,accepted archive mtime proxy
shard-000,10,2026-09-09T23:36:46.371646+00:00,0.773602115966302,sequential,accepted archive mtime proxy
shard-001,694,2026-09-09T23:37:33.424548+00:00,0.823873700700157,sequential,accepted archive mtime proxy
shard-000,11,2026-09-09T23:37:51.003431+00:00,0.8409164409677032,sequential,accepted archive mtime proxy
shard-001,695,2026-09-09T23:38:25.359641+00:00,0.5886728513830651,sequential,accepted archive mtime proxy
shard-000,12,2026-09-09T23:38:59.057722+00:00,0.874891649299146,sequential,accepted archive mtime proxy
shard-000,13,2026-09-09T23:40:39.185087+00:00,1.3941915854171385,sequential,accepted archive mtime proxy
shard-001,696,2026-09-09T23:41:05.231201+00:00,2.3680535562491665,sequential,accepted archive mtime proxy
shard-000,14,2026-09-09T23:42:04.899354+00:00,1.1221780999990492,sequential,accepted archive mtime proxy
shard-001,697,2026-09-09T23:42:38.924574+00:00,1.2558155402657576,sequential,accepted archive mtime proxy
shard-000,15,2026-09-09T23:43:11.735145+00:00,0.8041814125007174,sequential,accepted archive mtime proxy
shard-001,698,2026-09-09T23:44:28.756413+00:00,1.4739728645829018,sequential,accepted archive mtime proxy
shard-000,16,2026-09-09T23:44:39.381137+00:00,1.1222473319328856,sequential,accepted archive mtime proxy
shard-001,699,2026-09-09T23:45:23.076117+00:00,0.5528010569493441,sequential,accepted archive mtime proxy
shard-001,700,2026-09-09T23:46:24.507876+00:00,0.6543409437503821,sequential,accepted archive mtime proxy
shard-000,17,2026-09-09T23:47:03.942105+00:00,2.0466481076495255,sequential,accepted archive mtime proxy
shard-000,18,2026-09-09T23:48:31.390514+00:00,1.075270495833441,sequential,accepted archive mtime proxy
shard-001,701,2026-09-09T23:48:44.511500+00:00,1.915994090982713,sequential,accepted archive mtime proxy
shard-001,702,2026-09-09T23:50:58.447620+00:00,1.8155447305684598,sequential,accepted archive mtime proxy
shard-001,703,2026-09-09T23:53:53.593494+00:00,2.486073695833329,sequential,accepted archive mtime proxy
shard-001,704,2026-09-09T23:55:06.730947+00:00,0.7394724590335197,sequential,accepted archive mtime proxy
shard-001,705,2026-09-09T23:56:53.616646+00:00,1.3112272826508464,sequential,accepted archive mtime proxy
shard-001,706,2026-09-09T23:58:05.394381+00:00,0.6880394805513788,sequential,accepted archive mtime proxy
shard-000,19,2026-09-09T23:58:33.396359+00:00,9.626939783317114,sequential,accepted archive mtime proxy
shard-001,707,2026-09-09T23:59:30.202050+00:00,0.8710299041665469,sequential,accepted archive mtime proxy
shard-000,20,2026-09-10T00:00:05.885618+00:00,1.1222085986169987,sequential,accepted archive mtime proxy
shard-001,708,2026-09-10T00:01:00.003608+00:00,0.9546271895834555,sequential,accepted archive mtime proxy
shard-000,21,2026-09-10T00:01:47.566874+00:00,1.2563076687491654,sequential,accepted archive mtime proxy
shard-001,709,2026-09-10T00:02:27.895717+00:00,0.8879039215331431,sequential,accepted archive mtime proxy
shard-001,710,2026-09-10T00:06:36.794693+00:00,3.560226001398405,sequential,accepted archive mtime proxy
shard-000,22,2026-09-10T00:06:43.239989+00:00,4.467999359032062,sequential,accepted archive mtime proxy
shard-001,711,2026-09-10T00:10:34.370561+00:00,3.377211732634654,sequential,accepted archive mtime proxy
shard-000,23,2026-09-10T00:10:56.019833+00:00,3.7466121270825776,sequential,accepted archive mtime proxy
shard-000,24,2026-09-10T00:12:49.433278+00:00,1.4107070465339349,sequential,accepted archive mtime proxy
shard-001,712,2026-09-10T00:12:55.566864+00:00,1.7300732840337636,sequential,accepted archive mtime proxy
shard-001,713,2026-09-10T00:15:11.328861+00:00,1.6467763923671253,sequential,accepted archive mtime proxy
shard-000,25,2026-09-10T00:15:34.739395+00:00,2.2513162562507203,sequential,accepted archive mtime proxy
shard-001,714,2026-09-10T00:17:35.983252+00:00,1.763861013900411,sequential,accepted archive mtime proxy
shard-000,26,2026-09-10T00:18:18.779162+00:00,2.2192022861000926,sequential,accepted archive mtime proxy
shard-001,715,2026-09-10T00:19:43.385183+00:00,1.4278291625009538,sequential,accepted archive mtime proxy
shard-000,27,2026-09-10T00:20:26.377190+00:00,1.5472770819324069,sequential,accepted archive mtime proxy
shard-001,716,2026-09-10T00:21:09.188678+00:00,0.7064824847174653,sequential,accepted archive mtime proxy
shard-000,28,2026-09-10T00:21:40.969606+00:00,0.6558265888830647,sequential,accepted archive mtime proxy
shard-001,717,2026-09-10T00:25:55.870914+00:00,4.066113591667575,sequential,accepted archive mtime proxy
shard-000,29,2026-09-10T00:25:59.160642+00:00,3.712120529167199,sequential,accepted archive mtime proxy
shard-001,718,2026-09-10T00:31:06.695571+00:00,4.467127501384433,sequential,accepted archive mtime proxy
shard-001,719,2026-09-10T00:34:20.678125+00:00,2.4692060375004075,sequential,accepted archive mtime proxy
shard-001,720,2026-09-10T00:38:13.954199+00:00,3.072640934033552,sequential,accepted archive mtime proxy
shard-001,721,2026-09-10T00:40:37.776902+00:00,1.5784142375011774,sequential,accepted archive mtime proxy
shard-000,30,2026-09-10T00:40:42.699201+00:00,14.133813223615288,sequential,accepted archive mtime proxy
shard-000,31,2026-09-10T00:43:52.551342+00:00,2.569617000699509,sequential,accepted archive mtime proxy
shard-001,722,2026-09-10T00:44:14.712865+00:00,2.822168249999716,sequential,accepted archive mtime proxy
shard-001,723,2026-09-10T00:49:47.083156+00:00,4.705191334717286,sequential,accepted archive mtime proxy
shard-001,724,2026-09-10T00:52:39.842388+00:00,1.9993873701508467,sequential,accepted archive mtime proxy
shard-000,32,2026-09-10T00:54:00.734377+00:00,9.466081418748946,sequential,accepted archive mtime proxy
shard-001,725,2026-09-10T00:54:29.981327+00:00,0.9414395541670577,sequential,accepted archive mtime proxy
shard-000,33,2026-09-10T00:55:22.762325+00:00,0.6900203076501688,sequential,accepted archive mtime proxy
shard-001,726,2026-09-10T00:56:17.256775+00:00,0.8741609381996871,sequential,accepted archive mtime proxy
shard-000,34,2026-09-10T00:56:48.509816+00:00,0.7234389117996519,sequential,accepted archive mtime proxy
shard-001,727,2026-09-10T00:59:07.963790+00:00,1.9148493833335427,sequential,accepted archive mtime proxy
shard-000,35,2026-09-10T01:00:08.052276+00:00,2.6024055333323,sequential,accepted archive mtime proxy
shard-001,728,2026-09-10T01:00:49.213783+00:00,0.7233088020836779,sequential,accepted archive mtime proxy
shard-000,36,2026-09-10T01:01:57.905379+00:00,1.0757850513832332,sequential,accepted archive mtime proxy
shard-001,729,2026-09-10T01:02:31.654044+00:00,0.723257151383829,sequential,accepted archive mtime proxy
shard-000,37,2026-09-10T01:03:46.750412+00:00,1.059477824999097,sequential,accepted archive mtime proxy
shard-001,730,2026-09-10T01:04:13.862215+00:00,0.7064766472341337,sequential,accepted archive mtime proxy
shard-000,38,2026-09-10T01:06:12.886191+00:00,1.6462371375004294,sequential,accepted archive mtime proxy
shard-001,731,2026-09-10T01:06:16.335442+00:00,1.0251337576502313,sequential,accepted archive mtime proxy
shard-000,39,2026-09-10T01:08:22.036589+00:00,1.3608621319503678,sequential,accepted archive mtime proxy
shard-000,40,2026-09-10T01:12:37.244723+00:00,3.40943047083371,sequential,accepted archive mtime proxy
shard-000,41,2026-09-10T01:15:11.972998+00:00,1.7133185027826887,sequential,accepted archive mtime proxy
shard-001,732,2026-09-10T01:15:31.683349+00:00,8.236751558332859,sequential,accepted archive mtime proxy
shard-000,42,2026-09-10T01:16:54.525782+00:00,0.8576048118159331,sequential,accepted archive mtime proxy
shard-001,733,2026-09-10T01:17:33.762906+00:00,1.00923254583419,sequential,accepted archive mtime proxy
shard-000,43,2026-09-10T01:18:37.946352+00:00,0.8238052451517432,sequential,accepted archive mtime proxy
shard-001,734,2026-09-10T01:21:21.669792+00:00,2.7045468284826106,sequential,accepted archive mtime proxy
shard-001,735,2026-09-10T01:23:41.694482+00:00,1.225894030565784,sequential,accepted archive mtime proxy
shard-001,736,2026-09-10T01:26:03.741943+00:00,1.226155081249696,sequential,accepted archive mtime proxy
shard-000,44,2026-09-10T01:27:40.527609+00:00,8.115651093768731,sequential,accepted archive mtime proxy
shard-001,737,2026-09-10T01:28:17.058879+00:00,1.0592824006996429,sequential,accepted archive mtime proxy
shard-000,45,2026-09-10T01:29:13.468292+00:00,0.6220499055673524,sequential,accepted archive mtime proxy
shard-001,738,2026-09-10T01:30:17.379783+00:00,0.8580813020836406,sequential,accepted archive mtime proxy
shard-000,46,2026-09-10T01:30:34.770622+00:00,0.40339996458496896,sequential,accepted archive mtime proxy
shard-000,47,2026-09-10T01:32:36.631621+00:00,1.0742705902822005,sequential,accepted archive mtime proxy
shard-000,48,2026-09-10T01:34:11.434336+00:00,0.5543056354159489,sequential,accepted archive mtime proxy
shard-001,739,2026-09-10T01:35:18.341375+00:00,3.8658508840172243,sequential,accepted archive mtime proxy
shard-000,49,2026-09-10T01:35:46.550119+00:00,0.5549689916661009,sequential,accepted archive mtime proxy
shard-000,50,2026-09-10T01:37:29.950461+00:00,0.705124044433857,sequential,accepted archive mtime proxy
shard-001,740,2026-09-10T01:38:02.863222+00:00,1.5464519492990803,sequential,accepted archive mtime proxy
shard-000,51,2026-09-10T01:38:57.938942+00:00,0.4206924791661246,sequential,accepted archive mtime proxy
shard-001,741,2026-09-10T01:40:10.553239+00:00,0.9417597243154887,sequential,accepted archive mtime proxy
shard-000,52,2026-09-10T01:40:29.598997+00:00,0.4542185881990008,sequential,accepted archive mtime proxy
shard-000,53,2026-09-10T01:43:55.983009+00:00,2.3843062889005524,sequential,accepted archive mtime proxy
shard-001,742,2026-09-10T01:44:16.817829+00:00,2.9054832180496306,sequential,accepted archive mtime proxy
shard-000,54,2026-09-10T01:45:58.502484+00:00,0.9584312333337341,sequential,accepted archive mtime proxy
shard-000,55,2026-09-10T01:48:40.263590+00:00,1.5284685534832534,sequential,accepted archive mtime proxy
shard-000,56,2026-09-10T01:51:14.149795+00:00,1.3785209270834458,sequential,accepted archive mtime proxy
shard-001,743,2026-09-10T01:52:29.952804+00:00,6.983365248617095,sequential,accepted archive mtime proxy
shard-000,57,2026-09-10T01:53:21.371951+00:00,0.9254591729181508,sequential,accepted archive mtime proxy
shard-001,744,2026-09-10T01:54:21.800589+00:00,0.5884907555494768,sequential,accepted archive mtime proxy
shard-000,58,2026-09-10T01:55:25.839139+00:00,0.8910720083338675,sequential,accepted archive mtime proxy
shard-001,745,2026-09-10T01:57:18.551028+00:00,1.6634473201314297,sequential,accepted archive mtime proxy
shard-000,59,2026-09-10T01:57:22.919354+00:00,0.722623894449013,sequential,accepted archive mtime proxy
shard-001,746,2026-09-10T02:01:34.552966+00:00,2.9902621458323364,sequential,accepted archive mtime proxy
shard-000,60,2026-09-10T02:02:19.168860+00:00,3.7458678340151286,sequential,accepted archive mtime proxy
shard-000,61,2026-09-10T02:05:59.429327+00:00,2.4345899701331897,sequential,accepted archive mtime proxy
shard-001,747,2026-09-10T02:06:06.465436+00:00,3.2079849277836425,sequential,accepted archive mtime proxy
shard-001,748,2026-09-10T02:08:24.451084+00:00,0.974917509034276,sequential,accepted archive mtime proxy
shard-000,62,2026-09-10T02:08:27.834483+00:00,1.2271794687510313,sequential,accepted archive mtime proxy
shard-000,63,2026-09-10T02:10:40.998731+00:00,0.9405768354171111,sequential,accepted archive mtime proxy
shard-001,749,2026-09-10T02:11:28.682530+00:00,1.7148383729159833,sequential,accepted archive mtime proxy
shard-000,64,2026-09-10T02:12:43.645781+00:00,0.7399850090170124,sequential,accepted archive mtime proxy
shard-001,750,2026-09-10T02:13:38.386497+00:00,0.7740181145840325,sequential,accepted archive mtime proxy
shard-000,65,2026-09-10T02:14:54.981725+00:00,0.8582686138999027,sequential,accepted archive mtime proxy
shard-001,751,2026-09-10T02:15:39.114066+00:00,0.6054800326334467,sequential,accepted archive mtime proxy
shard-000,66,2026-09-10T02:17:00.915019+00:00,0.7568644694498895,sequential,accepted archive mtime proxy
shard-001,752,2026-09-10T02:17:39.016765+00:00,0.5715707347165638,sequential,accepted archive mtime proxy
shard-001,753,2026-09-10T02:19:55.191870+00:00,0.823472670832416,sequential,accepted archive mtime proxy
shard-001,754,2026-09-10T02:22:28.682987+00:00,1.0242170131842916,sequential,accepted archive mtime proxy
shard-001,755,2026-09-10T02:25:03.490404+00:00,1.0581145319486192,sequential,accepted archive mtime proxy
shard-000,67,2026-09-10T02:26:08.068180+00:00,7.752769289584831,sequential,accepted archive mtime proxy
shard-001,756,2026-09-10T02:27:17.835659+00:00,0.6894264576490968,sequential,accepted archive mtime proxy
shard-000,68,2026-09-10T02:28:08.415469+00:00,0.6227731534667934,sequential,accepted archive mtime proxy
shard-000,69,2026-09-10T02:31:41.965393+00:00,2.14904220138366,sequential,accepted archive mtime proxy
shard-000,70,2026-09-10T02:33:55.941096+00:00,0.7724183069503245,sequential,accepted archive mtime proxy
shard-000,71,2026-09-10T02:36:13.572688+00:00,0.8065183520821544,sequential,accepted archive mtime proxy
shard-001,757,2026-09-10T02:37:03.867486+00:00,8.252606124983867,sequential,accepted archive mtime proxy
shard-000,72,2026-09-10T02:38:28.299999+00:00,0.7570618729165289,sequential,accepted archive mtime proxy
shard-000,73,2026-09-10T02:41:16.790962+00:00,1.2774128666671458,sequential,accepted archive mtime proxy
shard-000,74,2026-09-10T02:45:02.140547+00:00,2.2013029701348086,sequential,accepted archive mtime proxy
shard-000,75,2026-09-10T02:47:26.582747+00:00,0.8236086645842685,sequential,accepted archive mtime proxy
shard-001,758,2026-09-10T02:48:49.611048+00:00,10.207513131267236,sequential,accepted archive mtime proxy
shard-000,76,2026-09-10T02:49:45.051486+00:00,0.7062539937498513,sequential,accepted archive mtime proxy
shard-001,759,2026-09-10T02:51:24.968729+00:00,1.0257710493014505,sequential,accepted archive mtime proxy
shard-000,77,2026-09-10T02:51:46.312882+00:00,0.43733306596792926,sequential,accepted archive mtime proxy
shard-001,760,2026-09-10T02:53:50.484705+00:00,0.8575845194495438,sequential,accepted archive mtime proxy
shard-000,78,2026-09-10T02:54:13.748153+00:00,0.8906955694488715,sequential,accepted archive mtime proxy
shard-001,761,2026-09-10T02:56:06.014428+00:00,0.6561532541663231,sequential,accepted archive mtime proxy
shard-000,79,2026-09-10T02:56:29.924439+00:00,0.689290145150153,sequential,accepted archive mtime proxy
shard-001,762,2026-09-10T02:58:18.346115+00:00,0.5883454291673843,sequential,accepted archive mtime proxy
shard-000,80,2026-09-10T02:58:48.922879+00:00,0.689173773600487,sequential,accepted archive mtime proxy
shard-001,763,2026-09-10T03:00:23.045085+00:00,0.4374808652830931,sequential,accepted archive mtime proxy
shard-000,81,2026-09-10T03:00:56.666002+00:00,0.5046468764000261,sequential,accepted archive mtime proxy
shard-001,764,2026-09-10T03:02:31.478732+00:00,0.5041813992992199,sequential,accepted archive mtime proxy
shard-001,765,2026-09-10T03:05:28.471613+00:00,1.2102553201509485,sequential,accepted archive mtime proxy
shard-000,82,2026-09-10T03:07:15.400567+00:00,4.656894218048547,sequential,accepted archive mtime proxy
shard-001,766,2026-09-10T03:07:50.361070+00:00,0.6057064819324296,sequential,accepted archive mtime proxy
shard-000,83,2026-09-10T03:09:21.064164+00:00,0.4205387611174956,sequential,accepted archive mtime proxy
shard-001,767,2026-09-10T03:10:12.212309+00:00,0.655971469450742,sequential,accepted archive mtime proxy
shard-000,84,2026-09-10T03:11:36.343062+00:00,0.5712441520823631,sequential,accepted archive mtime proxy
shard-001,768,2026-09-10T03:12:27.827817+00:00,0.5380933937500231,sequential,accepted archive mtime proxy
shard-000,85,2026-09-10T03:14:01.875055+00:00,0.7057066986007461,sequential,accepted archive mtime proxy
shard-000,86,2026-09-10T03:16:40.292151+00:00,0.8579054361170468,sequential,accepted archive mtime proxy
shard-000,87,2026-09-10T03:19:13.589292+00:00,0.7231562111177482,sequential,accepted archive mtime proxy
shard-001,769,2026-09-10T03:21:34.168242+00:00,7.341154261816215,sequential,accepted archive mtime proxy
shard-000,88,2026-09-10T03:22:09.628490+00:00,1.076759535415719,sequential,accepted archive mtime proxy
shard-000,89,2026-09-10T03:24:43.898924+00:00,0.7567302041667668,sequential,accepted archive mtime proxy
shard-001,770,2026-09-10T03:24:56.723832+00:00,1.5972158534820968,sequential,accepted archive mtime proxy
shard-000,90,2026-09-10T03:27:06.924531+00:00,0.5883299257004789,sequential,accepted archive mtime proxy
shard-001,771,2026-09-10T03:28:21.910930+00:00,1.6308541090324675,sequential,accepted archive mtime proxy
shard-000,91,2026-09-10T03:29:24.298417+00:00,0.4036730284666798,sequential,accepted archive mtime proxy
shard-000,92,2026-09-10T03:31:58.823793+00:00,0.6896029833335585,sequential,accepted archive mtime proxy
shard-001,772,2026-09-10T03:32:43.561799+00:00,2.5555864750000183,sequential,accepted archive mtime proxy
shard-000,93,2026-09-10T03:34:18.669021+00:00,0.4205916673662917,sequential,accepted archive mtime proxy
shard-001,773,2026-09-10T03:35:21.595501+00:00,0.7905321388835242,sequential,accepted archive mtime proxy
shard-000,94,2026-09-10T03:36:39.097202+00:00,0.45416966458433305,sequential,accepted archive mtime proxy
shard-001,774,2026-09-10T03:37:57.242724+00:00,0.7736538347167273,sequential,accepted archive mtime proxy
shard-000,95,2026-09-10T03:39:45.481693+00:00,1.1941941673653977,sequential,accepted archive mtime proxy
shard-001,775,2026-09-10T03:40:27.034251+00:00,0.5888582374997592,sequential,accepted archive mtime proxy
shard-000,96,2026-09-10T03:42:11.008669+00:00,0.504659883332594,sequential,accepted archive mtime proxy
shard-001,776,2026-09-10T03:42:53.014725+00:00,0.5719598576348895,sequential,accepted archive mtime proxy
shard-001,777,2026-09-10T03:45:28.627152+00:00,0.6897405097338681,sequential,accepted archive mtime proxy
shard-000,97,2026-09-10T03:46:49.332863+00:00,2.7065483111170274,sequential,accepted archive mtime proxy
shard-001,778,2026-09-10T03:48:22.170307+00:00,0.9077883735997603,sequential,accepted archive mtime proxy
shard-001,779,2026-09-10T03:51:41.027575+00:00,1.2944649854151067,sequential,accepted archive mtime proxy
shard-000,98,2026-09-10T03:51:59.015014+00:00,3.1614849125015705,sequential,accepted archive mtime proxy
shard-001,780,2026-09-10T03:54:09.128074+00:00,0.5048005847337966,sequential,accepted archive mtime proxy
shard-000,99,2026-09-10T03:55:03.381052+00:00,1.0931874284675966,sequential,accepted archive mtime proxy
shard-001,781,2026-09-10T03:56:49.773657+00:00,0.6723410958327197,sequential,accepted archive mtime proxy
shard-000,100,2026-09-10T03:58:18.239619+00:00,1.2278497117998388,sequential,accepted archive mtime proxy
shard-001,782,2026-09-10T03:59:27.456981+00:00,0.5722048180507652,sequential,accepted archive mtime proxy
shard-000,101,2026-09-10T04:02:12.086225+00:00,1.8669449159662084,sequential,accepted archive mtime proxy
shard-001,783,2026-09-10T04:02:12.574876+00:00,0.6893069062498398,sequential,accepted archive mtime proxy
shard-000,102,2026-09-10T04:05:16.233344+00:00,1.042828393750824,sequential,accepted archive mtime proxy
shard-001,784,2026-09-10T04:05:23.729013+00:00,1.1601075868161084,sequential,accepted archive mtime proxy
shard-000,103,2026-09-10T04:08:01.383496+00:00,0.7063160458346829,sequential,accepted archive mtime proxy
shard-001,785,2026-09-10T04:08:12.568359+00:00,0.7564658326329663,sequential,accepted archive mtime proxy
shard-000,104,2026-09-10T04:10:44.709651+00:00,0.638992665966119,sequential,accepted archive mtime proxy
shard-001,786,2026-09-10T04:11:07.776184+00:00,0.8572141548657479,sequential,accepted archive mtime proxy
shard-000,105,2026-09-10T04:13:32.349406+00:00,0.7063373916666024,sequential,accepted archive mtime proxy
shard-001,787,2026-09-10T04:14:02.028223+00:00,0.8072935715317726,sequential,accepted archive mtime proxy
shard-000,106,2026-09-10T04:16:18.350649+00:00,0.6389920701330993,sequential,accepted archive mtime proxy
shard-001,788,2026-09-10T04:16:34.154144+00:00,0.4201967416680418,sequential,accepted archive mtime proxy
shard-000,107,2026-09-10T04:19:23.881735+00:00,0.9378380097157788,sequential,accepted archive mtime proxy
shard-001,789,2026-09-10T04:19:28.083137+00:00,0.7535001458347931,sequential,accepted archive mtime proxy
shard-000,108,2026-09-10T04:22:25.241436+00:00,0.8371102763999564,sequential,accepted archive mtime proxy
shard-000,109,2026-09-10T04:25:54.603462+00:00,1.1893591423654775,sequential,accepted archive mtime proxy
shard-001,790,2026-09-10T04:28:26.923467+00:00,6.784047999999408,sequential,accepted archive mtime proxy
shard-000,110,2026-09-10T04:29:06.819326+00:00,0.8876866979175247,sequential,accepted archive mtime proxy
shard-001,791,2026-09-10T04:31:04.655836+00:00,0.40196257291633325,sequential,accepted archive mtime proxy
shard-000,111,2026-09-10T04:32:19.268993+00:00,0.954843772216312,sequential,accepted archive mtime proxy
shard-001,792,2026-09-10T04:33:47.515761+00:00,0.4353657756835067,sequential,accepted archive mtime proxy
shard-000,112,2026-09-10T04:35:26.340299+00:00,0.8541254090339255,sequential,accepted archive mtime proxy
shard-001,793,2026-09-10T04:36:46.344441+00:00,0.7400394520838744,sequential,accepted archive mtime proxy
shard-000,113,2026-09-10T04:39:34.063416+00:00,1.8498961090343073,sequential,accepted archive mtime proxy
shard-001,794,2026-09-10T04:39:47.884256+00:00,0.7227811215348386,sequential,accepted archive mtime proxy
shard-000,114,2026-09-10T04:42:15.715839+00:00,0.40337801666658685,sequential,accepted archive mtime proxy
shard-001,795,2026-09-10T04:42:35.358795+00:00,0.5215118388839376,sequential,accepted archive mtime proxy
shard-000,115,2026-09-10T04:44:59.876478+00:00,0.4203878208315776,sequential,accepted archive mtime proxy
shard-001,796,2026-09-10T04:45:53.426453+00:00,1.0419822388833078,sequential,accepted archive mtime proxy
shard-000,116,2026-09-10T04:48:14.575029+00:00,0.8907446034679499,sequential,accepted archive mtime proxy
shard-001,797,2026-09-10T04:49:43.854978+00:00,1.5130161062484453,sequential,accepted archive mtime proxy
shard-000,117,2026-09-10T04:51:05.123759+00:00,0.4537582826334983,sequential,accepted archive mtime proxy
shard-001,798,2026-09-10T04:52:41.504704+00:00,0.6219746979166909,sequential,accepted archive mtime proxy
shard-000,118,2026-09-10T04:53:54.981381+00:00,0.4541929277824238,sequential,accepted archive mtime proxy
shard-001,799,2026-09-10T04:55:27.938021+00:00,0.4369477722172936,sequential,accepted archive mtime proxy
shard-000,119,2026-09-10T04:56:45.017864+00:00,0.45404824859967147,sequential,accepted archive mtime proxy
shard-001,800,2026-09-10T04:58:24.889011+00:00,0.5886021097171276,sequential,accepted archive mtime proxy
shard-000,120,2026-09-10T04:59:36.584253+00:00,0.4541684569499921,sequential,accepted archive mtime proxy
shard-001,801,2026-09-10T05:01:21.601061+00:00,0.5885570722341071,sequential,accepted archive mtime proxy
shard-000,121,2026-09-10T05:02:51.624146+00:00,0.8577153618175847,sequential,accepted archive mtime proxy
shard-001,802,2026-09-10T05:04:34.924366+00:00,0.8076571979171907,sequential,accepted archive mtime proxy
shard-000,122,2026-09-10T05:06:20.497619+00:00,1.026668928466582,sequential,accepted archive mtime proxy
shard-001,803,2026-09-10T05:07:59.017475+00:00,0.958379891666118,sequential,accepted archive mtime proxy
shard-000,123,2026-09-10T05:10:01.255194+00:00,1.2106919986176459,sequential,accepted archive mtime proxy
shard-001,804,2026-09-10T05:11:20.005733+00:00,0.8743793340167031,sequential,accepted archive mtime proxy
shard-000,124,2026-09-10T05:15:36.098992+00:00,3.0913635888835413,sequential,accepted archive mtime proxy
shard-001,805,2026-09-10T05:15:55.999542+00:00,2.1011980625005284,sequential,accepted archive mtime proxy
shard-000,125,2026-09-10T05:20:04.382808+00:00,1.9839526020824754,sequential,accepted archive mtime proxy
shard-001,806,2026-09-10T05:20:07.876025+00:00,1.7304882645820423,sequential,accepted archive mtime proxy
shard-001,807,2026-09-10T05:23:58.792003+00:00,1.373214163883434,sequential,accepted archive mtime proxy
shard-000,126,2026-09-10T05:24:05.286871+00:00,1.5068148888996802,sequential,accepted archive mtime proxy
shard-001,808,2026-09-10T05:27:14.604460+00:00,0.7535119972346972,sequential,accepted archive mtime proxy
shard-000,127,2026-09-10T05:27:21.424845+00:00,0.7536246249995505,sequential,accepted archive mtime proxy
shard-000,128,2026-09-10T05:30:32.310827+00:00,0.6390146395851237,sequential,accepted archive mtime proxy
shard-001,809,2026-09-10T05:30:42.239287+00:00,0.958755005550726,sequential,accepted archive mtime proxy
shard-000,129,2026-09-10T05:33:48.110172+00:00,0.7064789354160894,sequential,accepted archive mtime proxy
shard-001,810,2026-09-10T05:34:05.311031+00:00,0.8412207007000688,sequential,accepted archive mtime proxy
shard-000,130,2026-09-10T05:37:16.197061+00:00,0.8909522416671583,sequential,accepted archive mtime proxy
shard-001,811,2026-09-10T05:37:41.386565+00:00,1.0432770423668747,sequential,accepted archive mtime proxy
shard-000,131,2026-09-10T05:40:43.893249+00:00,0.8579108263831585,sequential,accepted archive mtime proxy
shard-001,812,2026-09-10T05:41:06.543793+00:00,0.8407396361173596,sequential,accepted archive mtime proxy
shard-000,132,2026-09-10T05:44:16.235288+00:00,0.924908997217426,sequential,accepted archive mtime proxy
shard-001,813,2026-09-10T05:44:48.673992+00:00,1.110009413183434,sequential,accepted archive mtime proxy
shard-000,133,2026-09-10T05:47:51.166400+00:00,0.9250983666667404,sequential,accepted archive mtime proxy
shard-001,814,2026-09-10T05:48:10.804940+00:00,0.7397872236169254,sequential,accepted archive mtime proxy
shard-000,134,2026-09-10T05:51:24.425676+00:00,0.9071073805505876,sequential,accepted archive mtime proxy
shard-001,815,2026-09-10T05:51:30.897260+00:00,0.7058691847176912,sequential,accepted archive mtime proxy
shard-000,135,2026-09-10T05:55:08.194435+00:00,1.0763119979179465,sequential,accepted archive mtime proxy
shard-001,816,2026-09-10T05:58:10.685005+00:00,4.035276005550986,sequential,accepted archive mtime proxy
shard-000,136,2026-09-10T05:58:43.782443+00:00,0.7238692645837242,sequential,accepted archive mtime proxy
shard-000,137,2026-09-10T06:02:14.219926+00:00,0.773733614583034,sequential,accepted archive mtime proxy
shard-001,817,2026-09-10T06:02:27.745555+00:00,1.579986629865986,sequential,accepted archive mtime proxy
shard-001,818,2026-09-10T06:05:40.158224+00:00,0.5213035861166039,sequential,accepted archive mtime proxy
shard-000,138,2026-09-10T06:05:40.379304+00:00,0.706359882633357,sequential,accepted archive mtime proxy
shard-000,139,2026-09-10T06:09:53.569848+00:00,1.4779982756823302,sequential,accepted archive mtime proxy
shard-001,819,2026-09-10T06:11:30.777677+00:00,3.1429992638994007,sequential,accepted archive mtime proxy
shard-000,140,2026-09-10T06:13:56.362043+00:00,1.1944769833333946,sequential,accepted archive mtime proxy
shard-001,820,2026-09-10T06:14:53.272759+00:00,0.5887345111172181,sequential,accepted archive mtime proxy
shard-000,141,2026-09-10T06:17:09.610564+00:00,0.4040178430499509,sequential,accepted archive mtime proxy
shard-001,821,2026-09-10T06:18:28.768796+00:00,0.8245083881833125,sequential,accepted archive mtime proxy
shard-000,142,2026-09-10T06:20:22.590637+00:00,0.3867836041667033,sequential,accepted archive mtime proxy
shard-001,822,2026-09-10T06:22:13.204800+00:00,0.9751962374992824,sequential,accepted archive mtime proxy
shard-000,143,2026-09-10T06:23:38.787329+00:00,0.40393897151613295,sequential,accepted archive mtime proxy
shard-001,823,2026-09-10T06:25:41.347064+00:00,0.6729037652665284,sequential,accepted archive mtime proxy
shard-000,144,2026-09-10T06:26:55.610564+00:00,0.4203199034653759,sequential,accepted archive mtime proxy
shard-001,824,2026-09-10T06:29:07.186163+00:00,0.623034609016031,sequential,accepted archive mtime proxy
shard-000,145,2026-09-10T06:30:15.153984+00:00,0.4371591645836209,sequential,accepted archive mtime proxy
shard-001,825,2026-09-10T06:32:29.964272+00:00,0.5550971840333659,sequential,accepted archive mtime proxy
shard-000,146,2026-09-10T06:34:01.254539+00:00,0.8581439187497987,sequential,accepted archive mtime proxy
shard-001,826,2026-09-10T06:35:57.423265+00:00,0.5722214270829379,sequential,accepted archive mtime proxy
shard-000,147,2026-09-10T06:39:18.643802+00:00,2.388541679850702,sequential,accepted archive mtime proxy
shard-001,827,2026-09-10T06:39:35.231241+00:00,0.6560036270821001,sequential,accepted archive mtime proxy
shard-000,148,2026-09-10T06:42:49.807959+00:00,0.5886295507002312,sequential,accepted archive mtime proxy
shard-001,828,2026-09-10T06:43:04.163190+00:00,0.6057170444342773,sequential,accepted archive mtime proxy
shard-001,829,2026-09-10T06:46:39.659376+00:00,0.6896765208318053,sequential,accepted archive mtime proxy
shard-000,149,2026-09-10T06:46:47.314291+00:00,1.0092521270834065,sequential,accepted archive mtime proxy
shard-001,830,2026-09-10T06:50:25.595413+00:00,0.8238433798484038,sequential,accepted archive mtime proxy
shard-000,150,2026-09-10T06:50:35.652259+00:00,0.8409154749999288,sequential,accepted archive mtime proxy
shard-001,831,2026-09-10T06:54:10.890666+00:00,0.8064634201504911,sequential,accepted archive mtime proxy
shard-000,151,2026-09-10T06:54:47.631102+00:00,1.2109029999992345,sequential,accepted archive mtime proxy
shard-001,832,2026-09-10T06:57:51.453626+00:00,0.6730223652829106,sequential,accepted archive mtime proxy
shard-000,152,2026-09-10T06:58:28.892574+00:00,0.6558386715342446,sequential,accepted archive mtime proxy
shard-001,833,2026-09-10T07:01:36.999013+00:00,0.756866218066231,sequential,accepted archive mtime proxy
shard-000,153,2026-09-10T07:02:08.193623+00:00,0.6052396104166594,sequential,accepted archive mtime proxy
shard-001,834,2026-09-10T07:05:17.790204+00:00,0.6561907749991709,sequential,accepted archive mtime proxy
shard-000,154,2026-09-10T07:05:55.354456+00:00,0.7066983486157066,sequential,accepted archive mtime proxy
shard-001,835,2026-09-10T07:08:56.844042+00:00,0.6050681104165657,sequential,accepted archive mtime proxy
shard-000,155,2026-09-10T07:09:33.060335+00:00,0.5377692152823632,sequential,accepted archive mtime proxy
shard-001,836,2026-09-10T07:12:36.274533+00:00,0.5719059006990089,sequential,accepted archive mtime proxy
shard-000,156,2026-09-10T07:13:53.016747+00:00,1.2109596757004815,sequential,accepted archive mtime proxy
shard-001,837,2026-09-10T07:16:13.150216+00:00,0.47101103471553263,sequential,accepted archive mtime proxy
shard-000,157,2026-09-10T07:19:18.978671+00:00,2.28862249791661,sequential,accepted archive mtime proxy
shard-001,838,2026-09-10T07:21:14.191260+00:00,1.7822817958328718,sequential,accepted archive mtime proxy
shard-000,158,2026-09-10T07:23:35.029260+00:00,1.042494213883765,sequential,accepted archive mtime proxy
shard-001,839,2026-09-10T07:24:57.768155+00:00,0.5551235312498951,sequential,accepted archive mtime proxy
shard-000,159,2026-09-10T07:27:45.893797+00:00,0.9926028645830229,sequential,accepted archive mtime proxy
shard-001,840,2026-09-10T07:28:41.730532+00:00,0.5382169055674846,sequential,accepted archive mtime proxy
shard-000,160,2026-09-10T07:31:55.368181+00:00,0.9758403270835212,sequential,accepted archive mtime proxy
shard-001,841,2026-09-10T07:32:21.012882+00:00,0.4875744909668962,sequential,accepted archive mtime proxy
shard-000,161,2026-09-10T07:35:57.622055+00:00,0.857546377783486,sequential,accepted archive mtime proxy
shard-001,842,2026-09-10T07:36:23.027506+00:00,0.8575370972335804,sequential,accepted archive mtime proxy
shard-000,162,2026-09-10T07:39:48.620450+00:00,0.6392014402837958,sequential,accepted archive mtime proxy
shard-001,843,2026-09-10T07:40:09.885858+00:00,0.6054363555662955,sequential,accepted archive mtime proxy
shard-000,163,2026-09-10T07:43:41.483494+00:00,0.6562400618005388,sequential,accepted archive mtime proxy
shard-001,844,2026-09-10T07:44:01.215494+00:00,0.6562148937489838,sequential,accepted archive mtime proxy
shard-000,164,2026-09-10T07:47:38.254451+00:00,0.723040445833855,sequential,accepted archive mtime proxy
shard-001,845,2026-09-10T07:48:36.319013+00:00,1.3797895493005248,sequential,accepted archive mtime proxy
shard-000,165,2026-09-10T07:51:30.390015+00:00,0.5549593430497528,sequential,accepted archive mtime proxy
shard-001,846,2026-09-10T07:53:18.059778+00:00,1.4291362013842446,sequential,accepted archive mtime proxy
shard-000,166,2026-09-10T07:55:38.416394+00:00,0.7740444409835618,sequential,accepted archive mtime proxy
shard-001,847,2026-09-10T07:57:29.471233+00:00,0.9084489492990542,sequential,accepted archive mtime proxy
shard-000,167,2026-09-10T07:59:41.458700+00:00,0.7230331131839194,sequential,accepted archive mtime proxy
shard-001,848,2026-09-10T08:01:24.449230+00:00,0.6219954902655445,sequential,accepted archive mtime proxy
shard-000,168,2026-09-10T08:03:38.011180+00:00,0.6221230055671185,sequential,accepted archive mtime proxy
shard-001,849,2026-09-10T08:05:26.217454+00:00,0.7230396569493072,sequential,accepted archive mtime proxy
shard-000,169,2026-09-10T08:07:26.470593+00:00,0.43739659583467677,sequential,accepted archive mtime proxy
shard-001,850,2026-09-10T08:09:45.986245+00:00,1.0093193020826827,sequential,accepted archive mtime proxy
shard-000,170,2026-09-10T08:11:30.174858+00:00,0.6730826409669438,sequential,accepted archive mtime proxy
shard-001,851,2026-09-10T08:13:40.253697+00:00,0.5553213826341865,sequential,accepted archive mtime proxy
shard-000,171,2026-09-10T08:15:27.599269+00:00,0.606103582631719,sequential,accepted archive mtime proxy
shard-001,852,2026-09-10T08:17:39.307081+00:00,0.6394422854161045,sequential,accepted archive mtime proxy
shard-000,172,2026-09-10T08:19:18.082198+00:00,0.43747412916660927,sequential,accepted archive mtime proxy
shard-001,853,2026-09-10T08:21:51.072105+00:00,0.8411689701509507,sequential,accepted archive mtime proxy
shard-000,173,2026-09-10T08:23:12.306765+00:00,0.4706917923661725,sequential,accepted archive mtime proxy
shard-001,854,2026-09-10T08:26:13.748839+00:00,0.9917414875002578,sequential,accepted archive mtime proxy
shard-000,174,2026-09-10T08:27:28.059231+00:00,0.8074158215332621,sequential,accepted archive mtime proxy
shard-001,855,2026-09-10T08:30:20.320063+00:00,0.6727307916657689,sequential,accepted archive mtime proxy
shard-000,175,2026-09-10T08:31:35.021330+00:00,0.6559689486011242,sequential,accepted archive mtime proxy
shard-001,856,2026-09-10T08:34:26.206362+00:00,0.6725166242996541,sequential,accepted archive mtime proxy
shard-000,176,2026-09-10T08:35:39.686951+00:00,0.5884119736166515,sequential,accepted archive mtime proxy
shard-001,857,2026-09-10T08:38:31.309861+00:00,0.6223464569503752,sequential,accepted archive mtime proxy
shard-000,177,2026-09-10T08:39:47.476470+00:00,0.6564267666661181,sequential,accepted archive mtime proxy
shard-001,858,2026-09-10T08:42:33.884691+00:00,0.5716824124994067,sequential,accepted archive mtime proxy
shard-000,178,2026-09-10T08:44:01.994639+00:00,0.7400572284668063,sequential,accepted archive mtime proxy
shard-001,859,2026-09-10T08:46:29.602013+00:00,0.4541046347178053,sequential,accepted archive mtime proxy
shard-000,179,2026-09-10T08:48:14.169281+00:00,0.6897477610987456,sequential,accepted archive mtime proxy
shard-001,860,2026-09-10T08:50:59.890541+00:00,0.9762953805504366,sequential,accepted archive mtime proxy
shard-000,180,2026-09-10T08:52:56.979133+00:00,1.14384532708209,sequential,accepted archive mtime proxy
shard-001,861,2026-09-10T08:54:58.921453+00:00,0.42037331458413973,sequential,accepted archive mtime proxy
shard-000,181,2026-09-10T08:57:20.479367+00:00,0.8408430333326881,sequential,accepted archive mtime proxy
shard-001,862,2026-09-10T08:59:09.358700+00:00,0.6056368062505498,sequential,accepted archive mtime proxy
shard-000,182,2026-09-10T09:01:39.312672+00:00,0.7234524215319349,sequential,accepted archive mtime proxy
shard-001,863,2026-09-10T09:03:17.411067+00:00,0.5553069944493473,sequential,accepted archive mtime proxy
shard-000,183,2026-09-10T09:06:01.830840+00:00,0.7571890027844347,sequential,accepted archive mtime proxy
shard-001,864,2026-09-10T09:07:18.950090+00:00,0.4203760805675605,sequential,accepted archive mtime proxy
shard-000,184,2026-09-10T09:10:22.834874+00:00,0.7064678416665022,sequential,accepted archive mtime proxy
shard-001,865,2026-09-10T09:11:19.993157+00:00,0.4035286465174674,sequential,accepted archive mtime proxy
shard-000,185,2026-09-10T09:14:47.780524+00:00,0.7738167097171148,sequential,accepted archive mtime proxy
shard-001,866,2026-09-10T09:15:32.921216+00:00,0.5883966715327309,sequential,accepted archive mtime proxy
shard-000,186,2026-09-10T09:19:15.884147+00:00,0.8073848701334403,sequential,accepted archive mtime proxy
shard-001,867,2026-09-10T09:19:46.458064+00:00,0.5551429180661216,sequential,accepted archive mtime proxy
shard-000,187,2026-09-10T09:23:52.450118+00:00,0.9254884194330467,sequential,accepted archive mtime proxy
shard-001,868,2026-09-10T09:23:56.063709+00:00,0.48785014723349984,sequential,accepted archive mtime proxy
shard-001,869,2026-09-10T09:28:20.044117+00:00,0.7566105944337324,sequential,accepted archive mtime proxy
shard-000,188,2026-09-10T09:28:27.505945+00:00,0.9080224180497074,sequential,accepted archive mtime proxy
shard-000,189,2026-09-10T09:33:00.896340+00:00,0.8570674583335252,sequential,accepted archive mtime proxy
shard-001,870,2026-09-10T09:33:24.917994+00:00,1.3952025708334985,sequential,accepted archive mtime proxy
shard-000,190,2026-09-10T09:37:25.474370+00:00,0.6561218555648035,sequential,accepted archive mtime proxy
shard-001,871,2026-09-10T09:37:47.252426+00:00,0.6562939763825852,sequential,accepted archive mtime proxy
shard-000,191,2026-09-10T09:41:40.752448+00:00,0.5047628430513821,sequential,accepted archive mtime proxy
shard-001,872,2026-09-10T09:42:09.491365+00:00,0.6393621243167824,sequential,accepted archive mtime proxy
shard-000,192,2026-09-10T09:45:58.647295+00:00,0.5217130826339902,sequential,accepted archive mtime proxy
shard-000,193,2026-09-10T09:51:02.784550+00:00,1.0249289263835333,sequential,accepted archive mtime proxy
shard-001,873,2026-09-10T09:52:29.003187+00:00,6.569649043064176,sequential,accepted archive mtime proxy
shard-000,194,2026-09-10T09:55:55.835907+00:00,0.9922125798669489,sequential,accepted archive mtime proxy
shard-001,874,2026-09-10T09:57:07.556634+00:00,0.7905827687509979,sequential,accepted archive mtime proxy
shard-000,195,2026-09-10T10:01:02.835779+00:00,1.1937679590346912,sequential,accepted archive mtime proxy
shard-001,875,2026-09-10T10:01:42.927377+00:00,0.7232119437501144,sequential,accepted archive mtime proxy
shard-001,876,2026-09-10T10:06:53.258087+00:00,1.3440123506821693,sequential,accepted archive mtime proxy
shard-000,196,2026-09-10T10:07:09.055191+00:00,2.235678977082716,sequential,accepted archive mtime proxy
shard-001,877,2026-09-10T10:11:23.419027+00:00,0.6899195222164659,sequential,accepted archive mtime proxy
shard-000,197,2026-09-10T10:13:26.864881+00:00,2.437916779166941,sequential,accepted archive mtime proxy
shard-001,878,2026-09-10T10:16:01.066187+00:00,0.6395012437501767,sequential,accepted archive mtime proxy
shard-000,198,2026-09-10T10:18:12.690079+00:00,0.8579291701336236,sequential,accepted archive mtime proxy
shard-001,879,2026-09-10T10:20:35.686001+00:00,0.673076663199269,sequential,accepted archive mtime proxy
shard-000,199,2026-09-10T10:22:53.223463+00:00,0.7403816263831686,sequential,accepted archive mtime proxy
shard-001,880,2026-09-10T10:25:21.360510+00:00,0.8579811090157212,sequential,accepted archive mtime proxy
shard-000,200,2026-09-10T10:27:32.822944+00:00,0.6894967506833685,sequential,accepted archive mtime proxy
shard-001,881,2026-09-10T10:30:00.948520+00:00,0.7403803235987046,sequential,accepted archive mtime proxy
shard-000,201,2026-09-10T10:32:10.847518+00:00,0.6389728729166867,sequential,accepted archive mtime proxy
shard-001,882,2026-09-10T10:34:41.775222+00:00,0.7069700493166844,sequential,accepted archive mtime proxy
shard-000,202,2026-09-10T10:37:02.856524+00:00,0.8911862979157983,sequential,accepted archive mtime proxy
shard-001,883,2026-09-10T10:39:19.614829+00:00,0.6391180965331539,sequential,accepted archive mtime proxy
shard-000,203,2026-09-10T10:41:38.522042+00:00,0.5889712097336693,sequential,accepted archive mtime proxy
shard-001,884,2026-09-10T10:44:05.479645+00:00,0.7909299229155294,sequential,accepted archive mtime proxy
shard-000,204,2026-09-10T10:46:39.700218+00:00,0.9928489659680053,sequential,accepted archive mtime proxy
shard-001,885,2026-09-10T10:48:37.893737+00:00,0.5046945326340695,sequential,accepted archive mtime proxy
shard-000,205,2026-09-10T10:51:43.978229+00:00,0.9924204694340005,sequential,accepted archive mtime proxy
shard-001,886,2026-09-10T10:53:11.006859+00:00,0.4879568416664066,sequential,accepted archive mtime proxy
shard-000,206,2026-09-10T10:57:02.546840+00:00,1.2617656680503084,sequential,accepted archive mtime proxy
shard-001,887,2026-09-10T10:57:45.019970+00:00,0.4875082430487964,sequential,accepted archive mtime proxy
shard-000,207,2026-09-10T11:01:50.852437+00:00,0.7401443375002903,sequential,accepted archive mtime proxy
shard-001,888,2026-09-10T11:02:19.896508+00:00,0.521622613883422,sequential,accepted archive mtime proxy
shard-001,889,2026-09-10T11:07:07.519497+00:00,0.739410117365575,sequential,accepted archive mtime proxy
shard-000,208,2026-09-10T11:07:17.835505+00:00,1.361247571517015,sequential,accepted archive mtime proxy
shard-001,890,2026-09-10T11:11:37.789989+00:00,0.45411648333344296,sequential,accepted archive mtime proxy
shard-000,209,2026-09-10T11:14:48.158324+00:00,3.4313698840346962,sequential,accepted archive mtime proxy
shard-001,891,2026-09-10T11:16:22.762895+00:00,0.4372180229169317,sequential,accepted archive mtime proxy
shard-000,210,2026-09-10T11:19:55.429487+00:00,0.9915196708325917,sequential,accepted archive mtime proxy
shard-001,892,2026-09-10T11:20:56.432070+00:00,0.40366799583425744,sequential,accepted archive mtime proxy
shard-001,893,2026-09-10T11:26:15.552967+00:00,1.142198536816674,sequential,accepted archive mtime proxy
shard-000,211,2026-09-10T11:31:11.196720+00:00,7.130290923616849,sequential,accepted archive mtime proxy
shard-001,894,2026-09-10T11:31:32.426620+00:00,0.8238249618016804,sequential,accepted archive mtime proxy
shard-001,895,2026-09-10T11:36:21.766819+00:00,0.6554253735987003,sequential,accepted archive mtime proxy
shard-000,212,2026-09-10T11:36:23.151661+00:00,1.0423905326325136,sequential,accepted archive mtime proxy
shard-001,896,2026-09-10T11:41:09.461690+00:00,0.6049300361153048,sequential,accepted archive mtime proxy
shard-000,213,2026-09-10T11:41:52.660898+00:00,1.3274921986177408,sequential,accepted archive mtime proxy
shard-001,897,2026-09-10T11:46:03.763612+00:00,0.6560300333328389,sequential,accepted archive mtime proxy
shard-000,214,2026-09-10T11:46:34.744834+00:00,0.4876219972172597,sequential,accepted archive mtime proxy
shard-001,898,2026-09-10T11:50:54.830613+00:00,0.6055548270834454,sequential,accepted archive mtime proxy
shard-000,215,2026-09-10T11:51:12.418466+00:00,0.38725605903503796,sequential,accepted archive mtime proxy
shard-001,899,2026-09-10T11:56:11.873180+00:00,1.0425610076325635,sequential,accepted archive mtime proxy
shard-000,216,2026-09-10T11:56:12.016468+00:00,0.7903604277836469,sequential,accepted archive mtime proxy
shard-000,217,2026-09-10T12:00:59.684794+00:00,0.5545129312493373,sequential,accepted archive mtime proxy
shard-001,900,2026-09-10T12:01:11.557378+00:00,0.7400230173681241,sequential,accepted archive mtime proxy
shard-000,218,2026-09-10T12:05:44.425313+00:00,0.45399445138367206,sequential,accepted archive mtime proxy
shard-001,901,2026-09-10T12:06:17.987665+00:00,0.7906158687508044,sequential,accepted archive mtime proxy
shard-000,219,2026-09-10T12:10:51.403941+00:00,0.8072556375002022,sequential,accepted archive mtime proxy
shard-001,902,2026-09-10T12:12:09.029826+00:00,1.5306364937510808,sequential,accepted archive mtime proxy
shard-000,220,2026-09-10T12:15:40.347505+00:00,0.4206642236172532,sequential,accepted archive mtime proxy
shard-001,903,2026-09-10T12:19:20.764070+00:00,2.8596306277846453,sequential,accepted archive mtime proxy
shard-000,221,2026-09-10T12:20:38.540875+00:00,0.45428846943347406,sequential,accepted archive mtime proxy
shard-001,904,2026-09-10T12:25:43.824661+00:00,1.9846516486179704,sequential,accepted archive mtime proxy
shard-000,222,2026-09-10T12:25:56.252426+00:00,0.8736004805502792,sequential,accepted archive mtime proxy
shard-001,905,2026-09-10T12:30:55.773472+00:00,0.8415736110997386,sequential,accepted archive mtime proxy
shard-000,223,2026-09-10T12:31:00.799530+00:00,0.706999643065501,sequential,accepted archive mtime proxy
shard-000,224,2026-09-10T12:36:02.597376+00:00,0.6389209597332713,sequential,accepted archive mtime proxy
shard-001,906,2026-09-10T12:37:18.099601+00:00,1.9850244208336032,sequential,accepted archive mtime proxy
shard-000,225,2026-09-10T12:41:05.948712+00:00,0.5887586472342566,sequential,accepted archive mtime proxy
shard-001,907,2026-09-10T12:42:21.396930+00:00,0.6394056930672377,sequential,accepted archive mtime proxy
shard-000,226,2026-09-10T12:46:10.048772+00:00,0.6059947493001042,sequential,accepted archive mtime proxy
shard-001,908,2026-09-10T12:47:47.875436+00:00,0.9755110472343707,sequential,accepted archive mtime proxy
shard-000,227,2026-09-10T12:51:19.523112+00:00,0.6561187499998292,sequential,accepted archive mtime proxy
shard-001,909,2026-09-10T12:53:11.586130+00:00,0.9251462194486522,sequential,accepted archive mtime proxy
shard-000,228,2026-09-10T12:56:28.998808+00:00,0.6563188340340276,sequential,accepted archive mtime proxy
shard-001,910,2026-09-10T12:58:17.234774+00:00,0.5883324930502567,sequential,accepted archive mtime proxy
shard-000,229,2026-09-10T13:01:37.890107+00:00,0.622648797215273,sequential,accepted archive mtime proxy
shard-001,911,2026-09-10T13:03:27.349213+00:00,0.6559325284848455,sequential,accepted archive mtime proxy
shard-000,230,2026-09-10T13:06:51.420175+00:00,0.6727855875001599,sequential,accepted archive mtime proxy
shard-001,912,2026-09-10T13:08:54.349688+00:00,0.9084739548658641,sequential,accepted archive mtime proxy
shard-000,231,2026-09-10T13:12:36.128290+00:00,1.1439027548670613,sequential,accepted archive mtime proxy
shard-001,913,2026-09-10T13:15:14.350183+00:00,1.698659523615303,sequential,accepted archive mtime proxy
shard-000,232,2026-09-10T13:17:53.845243+00:00,0.605363156250678,sequential,accepted archive mtime proxy
shard-000,233,2026-09-10T13:24:00.936224+00:00,1.3272587423678488,sequential,accepted archive mtime proxy
shard-001,914,2026-09-10T13:24:33.145655+00:00,4.675206877782087,sequential,accepted archive mtime proxy
shard-001,915,2026-09-10T13:30:31.769552+00:00,1.3277459715337803,sequential,accepted archive mtime proxy
shard-000,234,2026-09-10T13:31:32.929377+00:00,2.8746735895828652,sequential,accepted archive mtime proxy
shard-001,916,2026-09-10T13:35:49.145587+00:00,0.6056061889006136,sequential,accepted archive mtime proxy
shard-000,235,2026-09-10T13:37:11.185106+00:00,0.9917301736170582,sequential,accepted archive mtime proxy
shard-001,917,2026-09-10T13:40:54.713858+00:00,0.4378310000000056,sequential,accepted archive mtime proxy
shard-000,236,2026-09-10T13:42:29.504431+00:00,0.6562671013836128,sequential,accepted archive mtime proxy
shard-001,918,2026-09-10T13:47:28.007803+00:00,1.900553218065761,sequential,accepted archive mtime proxy
shard-000,237,2026-09-10T13:47:46.643885+00:00,0.5552955444494728,sequential,accepted archive mtime proxy
shard-000,238,2026-09-10T13:52:59.963125+00:00,0.537513327767374,sequential,accepted archive mtime proxy
shard-001,919,2026-09-10T13:53:03.198314+00:00,0.9252288465329912,sequential,accepted archive mtime proxy
shard-000,239,2026-09-10T13:58:31.399129+00:00,0.8399593027677231,sequential,accepted archive mtime proxy
shard-001,920,2026-09-10T13:58:37.570219+00:00,0.9077224222167085,sequential,accepted archive mtime proxy
shard-000,240,2026-09-10T14:04:35.873870+00:00,1.3770373972326828,sequential,accepted archive mtime proxy
shard-001,921,2026-09-10T14:04:37.595340+00:00,1.3272021812503225,sequential,accepted archive mtime proxy
shard-000,241,2026-09-10T14:09:51.781147+00:00,0.5720619784648685,sequential,accepted archive mtime proxy
shard-001,922,2026-09-10T14:09:55.831429+00:00,0.6221455743167704,sequential,accepted archive mtime proxy
shard-000,242,2026-09-10T14:15:08.928094+00:00,0.5543452500016428,sequential,accepted archive mtime proxy
shard-001,923,2026-09-10T14:15:10.999459+00:00,0.5545036791668584,sequential,accepted archive mtime proxy
shard-000,243,2026-09-10T14:20:57.082743+00:00,1.058983388201644,sequential,accepted archive mtime proxy
shard-001,924,2026-09-10T14:20:59.046525+00:00,1.0587437166677167,sequential,accepted archive mtime proxy
shard-000,244,2026-09-10T14:26:26.572320+00:00,0.7392208187511036,sequential,accepted archive mtime proxy
shard-001,925,2026-09-10T14:26:29.506842+00:00,0.7899519326320539,sequential,accepted archive mtime proxy
shard-000,245,2026-09-10T14:32:29.757290+00:00,1.2933427347161341,sequential,accepted archive mtime proxy
shard-000,246,2026-09-10T14:38:09.280881+00:00,0.5043255798673878,sequential,accepted archive mtime proxy
shard-001,926,2026-09-10T14:41:53.267696+00:00,10.631385552782255,sequential,accepted archive mtime proxy
shard-000,247,2026-09-10T14:44:39.710478+00:00,1.4129241298651323,sequential,accepted archive mtime proxy
shard-001,927,2026-09-10T14:47:27.237458+00:00,0.6895916229172144,sequential,accepted archive mtime proxy
shard-000,248,2026-09-10T14:50:14.854492+00:00,0.7066029256985833,sequential,accepted archive mtime proxy
shard-001,928,2026-09-10T14:53:18.222601+00:00,1.0087797868007329,sequential,accepted archive mtime proxy
shard-000,249,2026-09-10T14:55:46.418840+00:00,0.6049951465334743,sequential,accepted archive mtime proxy
shard-001,929,2026-09-10T14:58:49.622143+00:00,0.6894078923505731,sequential,accepted archive mtime proxy
shard-000,250,2026-09-10T15:01:23.060304+00:00,0.7063350000011269,sequential,accepted archive mtime proxy
shard-001,930,2026-09-10T15:05:16.867663+00:00,1.5970533534845648,sequential,accepted archive mtime proxy
shard-000,251,2026-09-10T15:06:55.350901+00:00,0.5547648618152986,sequential,accepted archive mtime proxy
shard-001,931,2026-09-10T15:10:58.106302+00:00,0.8068368826507746,sequential,accepted archive mtime proxy
shard-000,252,2026-09-10T15:12:39.435911+00:00,0.7068438777661261,sequential,accepted archive mtime proxy
shard-001,932,2026-09-10T15:16:31.980747+00:00,0.5542551854179085,sequential,accepted archive mtime proxy
shard-000,253,2026-09-10T15:18:23.070500+00:00,0.7064104215338981,sequential,accepted archive mtime proxy
shard-000,254,2026-09-10T16:29:41.472799+00:00,2.1829222618000736,sequential,accepted archive mtime proxy
shard-001,933,2026-09-10T16:30:01.615867+00:00,2.519753924316804,sequential,accepted archive mtime proxy
shard-000,255,2026-09-10T16:30:54.014716+00:00,1.1092406742992655,sequential,accepted archive mtime proxy
shard-001,934,2026-09-10T16:31:18.733809+00:00,1.1770513979174817,sequential,accepted archive mtime proxy
shard-000,256,2026-09-10T16:32:58.107419+00:00,1.9648415500007104,sequential,accepted archive mtime proxy
shard-001,935,2026-09-10T16:33:05.334956+00:00,1.6802629347347344,sequential,accepted archive mtime proxy
shard-000,257,2026-09-10T16:34:45.865169+00:00,1.694670570133409,sequential,accepted archive mtime proxy
shard-000,258,2026-09-10T16:36:19.063272+00:00,1.456611819450821,sequential,accepted archive mtime proxy
shard-000,259,2026-09-10T16:38:22.871374+00:00,1.9767025083342256,sequential,accepted archive mtime proxy
shard-000,260,2026-09-10T16:39:21.630152+00:00,0.8880238944334754,sequential,accepted archive mtime proxy
shard-000,261,2026-09-10T16:40:42.674717+00:00,1.239382848617,sequential,accepted archive mtime proxy
shard-001,936,2026-09-10T16:40:52.416685+00:00,7.678609743751197,sequential,accepted archive mtime proxy
shard-000,262,2026-09-10T16:41:26.222499+00:00,0.6217247798670239,sequential,accepted archive mtime proxy
shard-001,937,2026-09-10T16:42:44.235358+00:00,1.781057565282875,sequential,accepted archive mtime proxy
shard-000,263,2026-09-10T16:43:29.416081+00:00,1.9651916888833512,sequential,accepted archive mtime proxy
shard-001,938,2026-09-10T16:43:58.019853+00:00,1.12634380555052,sequential,accepted archive mtime proxy
shard-001,939,2026-09-10T16:45:02.754055+00:00,0.9750016930493681,sequential,accepted archive mtime proxy
shard-001,940,2026-09-10T16:45:57.672178+00:00,0.8236021201339706,sequential,accepted archive mtime proxy
shard-000,264,2026-09-10T16:47:12.307343+00:00,3.5980800264010515,sequential,accepted archive mtime proxy
shard-001,941,2026-09-10T16:47:15.181607+00:00,1.1762215513833023,sequential,accepted archive mtime proxy
shard-000,265,2026-09-10T16:47:58.326106+00:00,0.6716083382004095,sequential,accepted archive mtime proxy
shard-001,942,2026-09-10T16:48:16.345240+00:00,0.9401336881836566,sequential,accepted archive mtime proxy
shard-001,943,2026-09-10T16:49:03.439626+00:00,0.6702653208340053,sequential,accepted archive mtime proxy
shard-001,944,2026-09-10T16:50:02.223140+00:00,0.887520910417273,sequential,accepted archive mtime proxy
shard-001,945,2026-09-10T16:51:39.631421+00:00,1.5071192944499974,sequential,accepted archive mtime proxy
shard-001,946,2026-09-10T16:53:40.026126+00:00,1.909387053483321,sequential,accepted archive mtime proxy
shard-001,947,2026-09-10T16:54:31.090146+00:00,0.7536970611176609,sequential,accepted archive mtime proxy
shard-000,266,2026-09-10T16:54:53.941738+00:00,6.814439039582309,sequential,accepted archive mtime proxy
shard-001,948,2026-09-10T16:55:13.097620+00:00,0.5864365749992431,sequential,accepted archive mtime proxy
shard-001,949,2026-09-10T16:56:38.354134+00:00,1.3056261562509461,sequential,accepted archive mtime proxy
shard-000,267,2026-09-10T16:56:56.804986+00:00,1.9427930166673226,sequential,accepted archive mtime proxy
shard-000,268,2026-09-10T16:59:44.527528+00:00,2.695694856933551,sequential,accepted archive mtime proxy
shard-001,950,2026-09-10T17:00:04.658733+00:00,3.3323192513838875,sequential,accepted archive mtime proxy
shard-000,269,2026-09-10T17:00:58.230916+00:00,1.1220063270845761,sequential,accepted archive mtime proxy
shard-001,951,2026-09-10T17:01:15.882158+00:00,1.071682605550935,sequential,accepted archive mtime proxy
shard-000,270,2026-09-10T17:04:28.161855+00:00,3.382146397215547,sequential,accepted archive mtime proxy
shard-001,952,2026-09-10T17:04:40.843800+00:00,3.315392697916832,sequential,accepted archive mtime proxy
shard-001,953,2026-09-10T17:05:54.542131+00:00,1.1223146673679973,sequential,accepted archive mtime proxy
shard-000,271,2026-09-10T17:06:10.517746+00:00,1.5911842625006103,sequential,accepted archive mtime proxy
shard-001,954,2026-09-10T17:06:24.986670+00:00,0.40223755068339717,sequential,accepted archive mtime proxy
shard-000,272,2026-09-10T17:07:01.074903+00:00,0.7540144930496656,sequential,accepted archive mtime proxy
shard-001,955,2026-09-10T17:07:16.234215+00:00,0.7372923583335553,sequential,accepted archive mtime proxy
shard-001,956,2026-09-10T17:08:30.255306+00:00,1.1218836249997064,sequential,accepted archive mtime proxy
shard-000,273,2026-09-10T17:08:34.824935+00:00,1.4401838166678014,sequential,accepted archive mtime proxy
shard-001,957,2026-09-10T17:10:34.725743+00:00,1.9753500305504228,sequential,accepted archive mtime proxy
shard-000,274,2026-09-10T17:10:36.827236+00:00,1.9424403576510183,sequential,accepted archive mtime proxy
shard-000,275,2026-09-10T17:12:36.207923+00:00,1.8757160826508577,sequential,accepted archive mtime proxy
shard-000,276,2026-09-10T17:17:41.726347+00:00,4.975187835417455,sequential,accepted archive mtime proxy
shard-000,277,2026-09-10T17:21:39.927085+00:00,3.8524892750002135,sequential,accepted archive mtime proxy
shard-000,278,2026-09-10T17:23:14.445703+00:00,1.4736156437487806,sequential,accepted archive mtime proxy
shard-000,279,2026-09-10T17:27:19.786820+00:00,3.9694872881829117,sequential,accepted archive mtime proxy
shard-000,280,2026-09-10T17:31:39.927283+00:00,4.23638149444984,sequential,accepted archive mtime proxy
shard-000,281,2026-09-10T17:34:29.905027+00:00,2.695868357633784,sequential,accepted archive mtime proxy
shard-000,282,2026-09-10T17:37:27.684719+00:00,2.862362593051512,sequential,accepted archive mtime proxy
shard-001,958,2026-09-10T17:37:30.747982+00:00,26.812644642364468,sequential,accepted archive mtime proxy
shard-001,959,2026-09-10T17:38:46.830466+00:00,1.1728426270846588,sequential,accepted archive mtime proxy
shard-000,283,2026-09-10T17:39:10.172791+00:00,1.5904606159660033,sequential,accepted archive mtime proxy
shard-001,960,2026-09-10T17:40:21.964490+00:00,1.4736734416665664,sequential,accepted archive mtime proxy
shard-000,284,2026-09-10T17:40:32.570223+00:00,1.2558283541661999,sequential,accepted archive mtime proxy
shard-001,961,2026-09-10T17:41:49.483286+00:00,1.3394480375010365,sequential,accepted archive mtime proxy
shard-000,285,2026-09-10T17:43:38.349853+00:00,2.9960837562510276,sequential,accepted archive mtime proxy
shard-001,962,2026-09-10T17:43:46.122584+00:00,1.8256310374999885,sequential,accepted archive mtime proxy
shard-000,286,2026-09-10T17:47:46.431069+00:00,4.001175954866145,sequential,accepted archive mtime proxy
shard-000,287,2026-09-10T17:52:46.805223+00:00,4.894051163201221,sequential,accepted archive mtime proxy
shard-000,288,2026-09-10T17:57:32.527718+00:00,4.656106445150605,sequential,accepted archive mtime proxy
shard-000,289,2026-09-10T18:00:17.716010+00:00,2.6442137951496987,sequential,accepted archive mtime proxy
shard-000,290,2026-09-10T18:02:12.324310+00:00,1.7928788847328785,sequential,accepted archive mtime proxy
shard-000,291,2026-09-10T18:03:40.905011+00:00,1.360299684033574,sequential,accepted archive mtime proxy
shard-001,963,2026-09-10T18:05:34.888316+00:00,21.709467294431914,sequential,accepted archive mtime proxy
shard-000,292,2026-09-10T18:05:46.408304+00:00,1.99735784860095,sequential,accepted archive mtime proxy
shard-001,964,2026-09-10T18:16:41.032601+00:00,10.980839710434278,sequential,accepted archive mtime proxy
shard-001,965,2026-09-10T18:17:32.135139+00:00,0.7538174222165253,sequential,accepted archive mtime proxy
shard-000,293,2026-09-10T18:19:32.732692+00:00,13.640334554183452,sequential,accepted archive mtime proxy
shard-001,966,2026-09-10T18:20:46.564457+00:00,3.1314567604160404,sequential,accepted archive mtime proxy
shard-001,967,2026-09-10T18:22:45.766381+00:00,1.8591845263998645,sequential,accepted archive mtime proxy
shard-000,294,2026-09-10T18:22:55.180974+00:00,3.264474300683166,sequential,accepted archive mtime proxy
shard-001,968,2026-09-10T18:23:31.064590+00:00,0.6531216465324784,sequential,accepted archive mtime proxy
shard-000,295,2026-09-10T18:23:53.632075+00:00,0.8710715819324832,sequential,accepted archive mtime proxy
shard-001,969,2026-09-10T18:24:05.107969+00:00,0.452526868749798,sequential,accepted archive mtime proxy
shard-000,296,2026-09-10T18:24:29.066463+00:00,0.4691568111166513,sequential,accepted archive mtime proxy
shard-001,970,2026-09-10T18:24:41.102895+00:00,0.48588413125059254,sequential,accepted archive mtime proxy
shard-000,297,2026-09-10T18:25:03.218668+00:00,0.4523969583349147,sequential,accepted archive mtime proxy
shard-001,971,2026-09-10T18:25:42.359494+00:00,0.9212705305486452,sequential,accepted archive mtime proxy
shard-000,298,2026-09-10T18:25:51.182513+00:00,0.6870314374992934,sequential,accepted archive mtime proxy
shard-001,972,2026-09-10T18:27:25.213834+00:00,1.5906171423499473,sequential,accepted archive mtime proxy
shard-000,299,2026-09-10T18:27:43.915359+00:00,1.7580347347170269,sequential,accepted archive mtime proxy
shard-001,973,2026-09-10T18:29:21.154670+00:00,1.8259778097330126,sequential,accepted archive mtime proxy
shard-000,300,2026-09-10T18:29:40.002326+00:00,1.8092922291679618,sequential,accepted archive mtime proxy
shard-001,974,2026-09-10T18:30:52.650200+00:00,1.4071295111168487,sequential,accepted archive mtime proxy
shard-000,301,2026-09-10T18:32:01.394337+00:00,2.228530005565456,sequential,accepted archive mtime proxy
shard-001,975,2026-09-10T18:32:45.878730+00:00,1.7590473972338563,sequential,accepted archive mtime proxy
shard-001,976,2026-09-10T18:34:46.791208+00:00,1.8926760367990938,sequential,accepted archive mtime proxy
shard-000,302,2026-09-10T18:34:51.857795+00:00,2.7472911944496445,sequential,accepted archive mtime proxy
shard-001,977,2026-09-10T18:36:44.433195+00:00,1.8590351701500671,sequential,accepted archive mtime proxy
shard-000,303,2026-09-10T18:37:14.751911+00:00,2.26049390695019,sequential,accepted archive mtime proxy
shard-001,978,2026-09-10T18:37:32.462510+00:00,0.6868631541670766,sequential,accepted archive mtime proxy
shard-000,304,2026-09-10T18:38:15.751542+00:00,0.8880072333326098,sequential,accepted archive mtime proxy
shard-001,979,2026-09-10T18:38:49.153153+00:00,1.138822703467061,sequential,accepted archive mtime proxy
shard-000,305,2026-09-10T18:39:46.264608+00:00,1.3897398888831958,sequential,accepted archive mtime proxy
shard-001,980,2026-09-10T18:40:28.056448+00:00,1.5403886423659665,sequential,accepted archive mtime proxy
shard-000,306,2026-09-10T18:40:54.775537+00:00,1.0217714763828554,sequential,accepted archive mtime proxy
shard-000,307,2026-09-10T18:43:40.538582+00:00,2.6458700465174236,sequential,accepted archive mtime proxy
shard-001,981,2026-09-10T18:44:30.817903+00:00,3.91719408541685,sequential,accepted archive mtime proxy
shard-000,308,2026-09-10T18:44:33.904463+00:00,0.7872435756997826,sequential,accepted archive mtime proxy
shard-000,309,2026-09-10T18:46:00.714253+00:00,1.3226900909678079,sequential,accepted archive mtime proxy
shard-001,982,2026-09-10T18:46:02.710100+00:00,1.4236212187504862,sequential,accepted archive mtime proxy
shard-001,983,2026-09-10T18:47:33.148854+00:00,1.389717674299997,sequential,accepted archive mtime proxy
shard-000,310,2026-09-10T18:47:35.217795+00:00,1.4569482124992645,sequential,accepted archive mtime proxy
shard-001,984,2026-09-10T18:48:43.900658+00:00,1.0719139826328805,sequential,accepted archive mtime proxy
shard-000,311,2026-09-10T18:49:06.793692+00:00,1.42328324096743,sequential,accepted archive mtime proxy
shard-001,985,2026-09-10T18:49:51.939209+00:00,1.0217768125003204,sequential,accepted archive mtime proxy
shard-000,312,2026-09-10T18:50:18.831281+00:00,1.0720224131830036,sequential,accepted archive mtime proxy
shard-001,986,2026-09-10T18:53:07.434256+00:00,3.131070409717116,sequential,accepted archive mtime proxy
shard-001,987,2026-09-10T18:56:00.024738+00:00,2.7455037666659337,sequential,accepted archive mtime proxy
shard-001,988,2026-09-10T18:57:57.402102+00:00,1.842685239581624,sequential,accepted archive mtime proxy
shard-001,989,2026-09-10T19:10:30.115325+00:00,12.416835403485068,sequential,accepted archive mtime proxy
shard-001,990,2026-09-10T19:12:01.528915+00:00,1.406473872915376,sequential,accepted archive mtime proxy
shard-001,991,2026-09-10T19:13:56.286113+00:00,1.792035793051279,sequential,accepted archive mtime proxy
shard-001,992,2026-09-10T19:15:57.995253+00:00,1.8924119715171401,sequential,accepted archive mtime proxy
shard-001,993,2026-09-10T19:18:16.756467+00:00,2.2103932416668006,sequential,accepted archive mtime proxy
shard-001,994,2026-09-10T19:22:26.033243+00:00,4.020328645134578,sequential,accepted archive mtime proxy
shard-000,313,2026-09-10T19:22:29.875486+00:00,32.051509102785104,sequential,accepted archive mtime proxy
shard-001,995,2026-09-10T19:26:33.323842+00:00,4.011537742366394,sequential,accepted archive mtime proxy
shard-000,314,2026-09-10T19:26:51.820852+00:00,4.247962851383878,sequential,accepted archive mtime proxy
shard-001,996,2026-09-10T19:28:14.881357+00:00,1.561347461817786,sequential,accepted archive mtime proxy
shard-000,315,2026-09-10T19:29:08.791919+00:00,2.1669563027836074,sequential,accepted archive mtime proxy
shard-001,997,2026-09-10T19:29:56.671132+00:00,1.5786432840337512,sequential,accepted archive mtime proxy
shard-001,998,2026-09-10T19:32:13.397572+00:00,2.1483715083333665,sequential,accepted archive mtime proxy
shard-000,316,2026-09-10T19:32:30.921379+00:00,3.2573400888999458,sequential,accepted archive mtime proxy
shard-001,999,2026-09-10T19:34:09.939132+00:00,1.8300914437510074,sequential,accepted archive mtime proxy
shard-000,317,2026-09-10T19:34:49.622427+00:00,2.165788618050283,sequential,accepted archive mtime proxy
shard-001,1000,2026-09-10T19:35:27.025034+00:00,1.138858686100381,sequential,accepted archive mtime proxy
shard-001,1001,2026-09-10T19:38:08.772239+00:00,2.5796051632011463,sequential,accepted archive mtime proxy
shard-001,1002,2026-09-10T19:40:14.212254+00:00,1.8925619708335337,sequential,accepted archive mtime proxy
shard-001,1003,2026-09-10T19:43:20.456795+00:00,2.98504409098338,sequential,accepted archive mtime proxy
shard-001,1004,2026-09-10T19:45:04.427917+00:00,1.6121516680500159,sequential,accepted archive mtime proxy
shard-001,1005,2026-09-10T19:46:41.879193+00:00,1.4434841180491882,sequential,accepted archive mtime proxy
shard-001,1006,2026-09-10T19:48:45.948308+00:00,1.9267932437496105,sequential,accepted archive mtime proxy
shard-001,1007,2026-09-10T19:49:39.316778+00:00,0.7704808763985056,sequential,accepted archive mtime proxy
shard-001,1008,2026-09-10T19:51:26.394248+00:00,1.657987545832293,sequential,accepted archive mtime proxy
shard-001,1009,2026-09-10T19:53:55.375530+00:00,2.3623411722345433,sequential,accepted archive mtime proxy
shard-001,1010,2026-09-10T19:55:29.378515+00:00,1.440880265267333,sequential,accepted archive mtime proxy
shard-001,1011,2026-09-10T19:58:26.159849+00:00,2.81529016874847,sequential,accepted archive mtime proxy
shard-001,1012,2026-09-10T19:59:59.800393+00:00,1.3901786222336037,sequential,accepted archive mtime proxy
shard-000,318,2026-09-10T20:00:07.050178+00:00,25.172949956949257,sequential,accepted archive mtime proxy
shard-000,319,2026-09-10T20:02:47.258130+00:00,2.5463052034843714,sequential,accepted archive mtime proxy
shard-001,1013,2026-09-10T20:02:53.545207+00:00,2.7634230902825947,sequential,accepted archive mtime proxy
shard-000,320,2026-09-10T20:04:51.039803+00:00,1.9431938743160573,sequential,accepted archive mtime proxy
shard-000,321,2026-09-10T20:07:24.368252+00:00,2.428047536800538,sequential,accepted archive mtime proxy
shard-000,322,2026-09-10T20:09:10.591716+00:00,1.6578551972149096,sequential,accepted archive mtime proxy
shard-000,323,2026-09-10T20:10:33.623350+00:00,1.2389727159830122,sequential,accepted archive mtime proxy
shard-001,1014,2026-09-10T20:12:33.792275+00:00,9.532447776382712,sequential,accepted archive mtime proxy
shard-000,324,2026-09-10T20:12:40.198293+00:00,1.9931498715324172,sequential,accepted archive mtime proxy
shard-001,1015,2026-09-10T20:15:58.956527+00:00,3.3004457492982815,sequential,accepted archive mtime proxy
shard-000,325,2026-09-10T20:16:23.561357+00:00,3.6028144736153385,sequential,accepted archive mtime proxy
shard-001,1016,2026-09-10T20:17:01.939809+00:00,0.8882137944339774,sequential,accepted archive mtime proxy
shard-000,326,2026-09-10T20:17:57.239088+00:00,1.4237318562498937,sequential,accepted archive mtime proxy
shard-001,1017,2026-09-10T20:18:16.741603+00:00,1.122190763184335,sequential,accepted archive mtime proxy
shard-000,327,2026-09-10T20:20:37.918249+00:00,2.545084566665658,sequential,accepted archive mtime proxy
shard-001,1018,2026-09-10T20:20:43.945158+00:00,2.310727934717822,sequential,accepted archive mtime proxy
shard-000,328,2026-09-10T20:22:29.249294+00:00,1.7425418645842001,sequential,accepted archive mtime proxy
shard-001,1019,2026-09-10T20:22:39.727230+00:00,1.8089430264003263,sequential,accepted archive mtime proxy
shard-000,329,2026-09-10T20:24:33.879654+00:00,1.9088890118000563,sequential,accepted archive mtime proxy
shard-001,1020,2026-09-10T20:24:37.452686+00:00,1.8254590798654438,sequential,accepted archive mtime proxy
shard-000,330,2026-09-10T20:26:20.482559+00:00,1.641674608333657,sequential,accepted archive mtime proxy
shard-001,1021,2026-09-10T20:26:29.434582+00:00,1.7420528826497805,sequential,accepted archive mtime proxy
shard-000,331,2026-09-10T20:28:39.439689+00:00,2.1779344124991136,sequential,accepted archive mtime proxy
shard-001,1022,2026-09-10T20:31:02.770685+00:00,4.4219533569489915,sequential,accepted archive mtime proxy
shard-000,332,2026-09-10T20:31:05.622440+00:00,2.311273252083144,sequential,accepted archive mtime proxy
shard-000,333,2026-09-10T20:32:27.901282+00:00,1.256408314583435,sequential,accepted archive mtime proxy
shard-001,1023,2026-09-10T20:33:06.037765+00:00,1.9267648756989122,sequential,accepted archive mtime proxy
shard-000,334,2026-09-10T20:33:09.824895+00:00,0.569714989583008,sequential,accepted archive mtime proxy
shard-000,335,2026-09-10T20:34:41.679670+00:00,1.406703015282983,sequential,accepted archive mtime proxy
shard-001,1024,2026-09-10T20:34:49.847085+00:00,1.608046093749969,sequential,accepted archive mtime proxy
shard-000,336,2026-09-10T20:36:38.893732+00:00,1.8259774618006002,sequential,accepted archive mtime proxy
shard-001,1025,2026-09-10T20:36:53.731386+00:00,1.909184766667507,sequential,accepted archive mtime proxy
shard-000,337,2026-09-10T20:37:41.392803+00:00,0.9045008632005193,sequential,accepted archive mtime proxy
shard-001,1026,2026-09-10T20:38:02.300760+00:00,1.0217552493151743,sequential,accepted archive mtime proxy
shard-000,338,2026-09-10T20:38:20.053007+00:00,0.5194636263845799,sequential,accepted archive mtime proxy
shard-001,1027,2026-09-10T20:39:03.051948+00:00,0.8709367222346676,sequential,accepted archive mtime proxy
shard-000,339,2026-09-10T20:39:09.669299+00:00,0.6867282513839503,sequential,accepted archive mtime proxy
shard-000,340,2026-09-10T20:40:31.595804+00:00,1.240360461117234,sequential,accepted archive mtime proxy
shard-001,1028,2026-09-10T20:41:39.525554+00:00,2.461917392366255,sequential,accepted archive mtime proxy
shard-000,341,2026-09-10T20:41:56.969643+00:00,1.2897781222321403,sequential,accepted archive mtime proxy
shard-001,1029,2026-09-10T20:42:55.616387+00:00,1.1389947777652802,sequential,accepted archive mtime proxy
shard-001,1030,2026-09-10T20:44:37.901297+00:00,1.558508181249878,sequential,accepted archive mtime proxy
shard-000,342,2026-09-10T20:44:43.998712+00:00,2.646224873600295,sequential,accepted archive mtime proxy
shard-001,1031,2026-09-10T20:46:11.528755+00:00,1.440468226382897,sequential,accepted archive mtime proxy
shard-000,343,2026-09-10T20:46:19.764904+00:00,1.4733523444505408,sequential,accepted archive mtime proxy
shard-001,1032,2026-09-10T20:47:42.555235+00:00,1.3575906062498688,sequential,accepted archive mtime proxy
shard-000,344,2026-09-10T20:47:50.604517+00:00,1.3739225145836826,sequential,accepted archive mtime proxy
shard-000,345,2026-09-10T20:50:14.328465+00:00,2.2607784520834686,sequential,accepted archive mtime proxy
shard-001,1033,2026-09-10T20:50:17.794550+00:00,2.4617171382007657,sequential,accepted archive mtime proxy
shard-000,346,2026-09-10T20:52:25.947788+00:00,2.0765493506992545,sequential,accepted archive mtime proxy
shard-001,1034,2026-09-10T20:52:38.004443+00:00,2.1934929048661918,sequential,accepted archive mtime proxy
shard-000,347,2026-09-10T20:53:29.125581+00:00,0.9211795791673164,sequential,accepted archive mtime proxy
shard-000,348,2026-09-10T20:55:22.305367+00:00,1.7417581249998573,sequential,accepted archive mtime proxy
shard-001,1035,2026-09-10T20:55:22.939329+00:00,2.6121549270833686,sequential,accepted archive mtime proxy
shard-001,1036,2026-09-10T20:56:55.885418+00:00,1.4244401014002506,sequential,accepted archive mtime proxy
shard-000,349,2026-09-10T20:58:32.951652+00:00,3.0481258402830766,sequential,accepted archive mtime proxy
shard-001,1037,2026-09-10T21:00:15.045105+00:00,3.1824001875007526,sequential,accepted archive mtime proxy
shard-000,350,2026-09-10T21:02:13.682888+00:00,3.550767109034738,sequential,accepted archive mtime proxy
shard-000,351,2026-09-10T21:03:39.389687+00:00,1.2892039548683292,sequential,accepted archive mtime proxy
shard-001,1038,2026-09-10T21:10:18.984552+00:00,9.923789370834129,sequential,accepted archive mtime proxy
shard-001,1039,2026-09-10T21:11:49.101862+00:00,1.3560421944324237,sequential,accepted archive mtime proxy
shard-000,352,2026-09-10T21:13:18.590168+00:00,9.518201543749699,sequential,accepted archive mtime proxy
shard-001,1040,2026-09-10T21:13:19.733406+00:00,1.3731087013846264,sequential,accepted archive mtime proxy
shard-001,1041,2026-09-10T21:15:20.286124+00:00,1.8597550409671384,sequential,accepted archive mtime proxy
shard-000,353,2026-09-10T21:15:39.219442+00:00,2.1944593395824388,sequential,accepted archive mtime proxy
shard-001,1042,2026-09-10T21:16:15.379601+00:00,0.7874767076495724,sequential,accepted archive mtime proxy
shard-000,354,2026-09-10T21:17:51.471413+00:00,2.059299058333272,sequential,accepted archive mtime proxy
shard-001,1043,2026-09-10T21:18:08.900664+00:00,1.7417642819345929,sequential,accepted archive mtime proxy
shard-000,355,2026-09-10T21:19:07.943190+00:00,1.1554225715168287,sequential,accepted archive mtime proxy
shard-001,1044,2026-09-10T21:19:54.489808+00:00,1.6076276729155021,sequential,accepted archive mtime proxy
shard-000,356,2026-09-10T21:20:32.673630+00:00,1.2729880930506625,sequential,accepted archive mtime proxy
shard-001,1045,2026-09-10T21:22:20.053513+00:00,2.2776480007004767,sequential,accepted archive mtime proxy
shard-000,357,2026-09-10T21:24:15.199583+00:00,3.549687415266332,sequential,accepted archive mtime proxy
shard-001,1046,2026-09-10T21:25:05.633349+00:00,2.6130995374987833,sequential,accepted archive mtime proxy
shard-000,358,2026-09-10T21:26:19.781765+00:00,1.9435055618174375,sequential,accepted archive mtime proxy
shard-001,1047,2026-09-10T21:26:33.959929+00:00,1.3402541715166687,sequential,accepted archive mtime proxy
shard-000,359,2026-09-10T21:27:52.981529+00:00,1.4236330631829333,sequential,accepted archive mtime proxy
shard-001,1048,2026-09-10T21:28:13.084709+00:00,1.5081789736170321,sequential,accepted archive mtime proxy
shard-000,360,2026-09-10T21:28:30.759233+00:00,0.48586853679929237,sequential,accepted archive mtime proxy
shard-000,361,2026-09-10T21:29:50.648197+00:00,1.1894251548491108,sequential,accepted archive mtime proxy
shard-001,1049,2026-09-10T21:29:53.237133+00:00,1.5077059360997132,sequential,accepted archive mtime proxy
shard-000,362,2026-09-10T21:31:06.728744+00:00,1.1056178034671271,sequential,accepted archive mtime proxy
shard-001,1050,2026-09-10T21:31:15.850933+00:00,1.2393974145816173,sequential,accepted archive mtime proxy
shard-000,363,2026-09-10T21:31:57.708875+00:00,0.7203064958332106,sequential,accepted archive mtime proxy
shard-001,1051,2026-09-10T21:32:09.552302+00:00,0.753699493749688,sequential,accepted archive mtime proxy
shard-000,364,2026-09-10T21:32:35.020006+00:00,0.46892874444990107,sequential,accepted archive mtime proxy
shard-001,1052,2026-09-10T21:33:27.981308+00:00,1.15541760000051,sequential,accepted archive mtime proxy
shard-000,365,2026-09-10T21:33:36.996478+00:00,0.8874203673660911,sequential,accepted archive mtime proxy
shard-001,1053,2026-09-10T21:35:00.372684+00:00,1.4073376819336165,sequential,accepted archive mtime proxy
shard-001,1054,2026-09-10T21:39:04.726213+00:00,3.917888931951408,sequential,accepted archive mtime proxy
shard-001,1055,2026-09-10T21:41:04.929966+00:00,1.842040051399575,sequential,accepted archive mtime proxy
shard-000,366,2026-09-10T21:41:16.581890+00:00,7.509029978467152,sequential,accepted archive mtime proxy
shard-001,1056,2026-09-10T21:43:10.158818+00:00,1.9261254930655316,sequential,accepted archive mtime proxy
shard-000,367,2026-09-10T21:43:30.257574+00:00,2.093856905550153,sequential,accepted archive mtime proxy
shard-000,368,2026-09-10T21:45:20.332246+00:00,1.675124504166888,sequential,accepted archive mtime proxy
shard-001,1057,2026-09-10T21:45:27.222602+00:00,2.1264759701346825,sequential,accepted archive mtime proxy
shard-000,369,2026-09-10T21:48:34.244861+00:00,3.0807425354161144,sequential,accepted archive mtime proxy
shard-000,370,2026-09-10T21:49:47.723253+00:00,1.0885301472172917,sequential,accepted archive mtime proxy
shard-001,1058,2026-09-10T21:49:59.325486+00:00,4.404668718749114,sequential,accepted archive mtime proxy
shard-000,371,2026-09-10T21:51:22.911201+00:00,1.4417501465320433,sequential,accepted archive mtime proxy
shard-001,1059,2026-09-10T21:51:37.656481+00:00,1.5076946055497198,sequential,accepted archive mtime proxy
shard-000,372,2026-09-10T21:54:57.811070+00:00,3.433153705551134,sequential,accepted archive mtime proxy
shard-001,1060,2026-09-10T21:56:30.691142+00:00,4.7224764743004926,sequential,accepted archive mtime proxy
shard-000,373,2026-09-10T21:57:23.015509+00:00,2.2782557909842582,sequential,accepted archive mtime proxy
shard-001,1061,2026-09-10T21:57:51.906608+00:00,1.1892288499996841,sequential,accepted archive mtime proxy
shard-001,1062,2026-09-10T22:00:39.330424+00:00,2.6291195715331317,sequential,accepted archive mtime proxy
shard-000,374,2026-09-10T22:01:03.521220+00:00,3.5159414736165977,sequential,accepted archive mtime proxy
shard-001,1063,2026-09-10T22:02:23.030400+00:00,1.5572272381997512,sequential,accepted archive mtime proxy
shard-000,375,2026-09-10T22:03:18.437248+00:00,2.076667086801414,sequential,accepted archive mtime proxy
shard-001,1064,2026-09-10T22:03:33.423529+00:00,0.9880175055509123,sequential,accepted archive mtime proxy
shard-001,1065,2026-09-10T22:05:27.996107+00:00,1.7576324347173795,sequential,accepted archive mtime proxy
shard-000,376,2026-09-10T22:05:30.546250+00:00,2.043070385416892,sequential,accepted archive mtime proxy
shard-001,1066,2026-09-10T22:07:36.058595+00:00,1.976643840984131,sequential,accepted archive mtime proxy
shard-000,377,2026-09-10T22:08:12.899603+00:00,2.5621570152657416,sequential,accepted archive mtime proxy
shard-001,1067,2026-09-10T22:08:27.323181+00:00,0.6535615430504549,sequential,accepted archive mtime proxy
shard-000,378,2026-09-10T22:10:20.352243+00:00,1.9749133944511414,sequential,accepted archive mtime proxy
shard-001,1068,2026-09-10T22:11:24.959754+00:00,2.8292021652838835,sequential,accepted archive mtime proxy
shard-000,379,2026-09-10T22:11:39.767409+00:00,1.171726204866233,sequential,accepted archive mtime proxy
shard-001,1069,2026-09-10T22:13:33.475465+00:00,1.9748581124993507,sequential,accepted archive mtime proxy
shard-000,380,2026-09-10T22:13:52.944408+00:00,2.075800671533216,sequential,accepted archive mtime proxy
shard-001,1070,2026-09-10T22:14:33.475242+00:00,0.871035530565617,sequential,accepted archive mtime proxy
shard-001,1071,2026-09-10T22:16:40.904335+00:00,1.9576347312501943,sequential,accepted archive mtime proxy
shard-001,1072,2026-09-10T22:20:14.932512+00:00,3.4316795479157007,sequential,accepted archive mtime proxy
shard-001,1073,2026-09-10T22:25:31.894338+00:00,5.121588670149989,sequential,accepted archive mtime proxy
shard-001,1074,2026-09-10T22:28:08.192810+00:00,2.4446622451495688,sequential,accepted archive mtime proxy
shard-001,1075,2026-09-10T22:29:58.142287+00:00,1.6908592611163233,sequential,accepted archive mtime proxy
shard-001,1076,2026-09-10T22:32:09.234536+00:00,2.025430052083296,sequential,accepted archive mtime proxy
shard-001,1077,2026-09-10T22:34:55.544622+00:00,2.629747771533827,sequential,accepted archive mtime proxy
shard-001,1078,2026-09-10T22:36:59.211375+00:00,1.891953177783095,sequential,accepted archive mtime proxy
shard-001,1079,2026-09-10T22:39:47.484422+00:00,2.6453713979164606,sequential,accepted archive mtime proxy
shard-001,1080,2026-09-10T22:41:51.380763+00:00,1.9085823729168623,sequential,accepted archive mtime proxy
shard-001,1081,2026-09-10T22:52:56.082710+00:00,10.920616672217147,sequential,accepted archive mtime proxy
shard-001,1082,2026-09-10T22:53:43.914938+00:00,0.6557623111177235,sequential,accepted archive mtime proxy
shard-001,1083,2026-09-10T22:54:36.016027+00:00,0.7218868229169554,sequential,accepted archive mtime proxy
shard-001,1084,2026-09-10T22:55:16.835819+00:00,0.5039408263827985,sequential,accepted archive mtime proxy
shard-001,1085,2026-09-10T22:57:22.062738+00:00,1.9470028555486352,sequential,accepted archive mtime proxy
shard-001,1086,2026-09-10T22:58:11.745854+00:00,0.6720074798504356,sequential,accepted archive mtime proxy
shard-001,1087,2026-09-10T22:59:18.638316+00:00,0.9573696923500392,sequential,accepted archive mtime proxy
shard-001,1088,2026-09-10T23:00:24.824619+00:00,0.9573102270835079,sequential,accepted archive mtime proxy
shard-001,1089,2026-09-10T23:01:27.611772+00:00,0.8733043617995766,sequential,accepted archive mtime proxy
shard-001,1090,2026-09-10T23:02:26.334077+00:00,0.8241521298671918,sequential,accepted archive mtime proxy
shard-001,1091,2026-09-10T23:03:31.715158+00:00,0.9400157388842975,sequential,accepted archive mtime proxy
shard-001,1092,2026-09-10T23:04:38.864038+00:00,0.9562264166675353,sequential,accepted archive mtime proxy
shard-001,1093,2026-09-10T23:06:47.963451+00:00,1.9809056840177315,sequential,accepted archive mtime proxy
shard-001,1094,2026-09-10T23:08:30.908541+00:00,1.561443184032881,sequential,accepted archive mtime proxy
shard-001,1095,2026-09-10T23:10:07.040022+00:00,1.4438302020833362,sequential,accepted archive mtime proxy
shard-001,1096,2026-09-10T23:13:46.322144+00:00,3.4906929617999896,sequential,accepted archive mtime proxy
shard-001,1097,2026-09-10T23:16:38.376184+00:00,2.7008363847155126,sequential,accepted archive mtime proxy
shard-001,1098,2026-09-10T23:17:35.893812+00:00,0.8063348152829956,sequential,accepted archive mtime proxy
shard-001,1099,2026-09-10T23:18:27.125037+00:00,0.6889684104166615,sequential,accepted archive mtime proxy
shard-001,1100,2026-09-10T23:19:19.554081+00:00,0.7217717249994167,sequential,accepted archive mtime proxy
shard-001,1101,2026-09-10T23:20:01.862705+00:00,0.5544778812502045,sequential,accepted archive mtime proxy
shard-001,1102,2026-09-10T23:20:50.712939+00:00,0.6389183458348271,sequential,accepted archive mtime proxy
shard-001,1103,2026-09-10T23:22:16.812557+00:00,1.2768005458327631,sequential,accepted archive mtime proxy
shard-001,1104,2026-09-10T23:23:35.140361+00:00,1.1406822763829647,sequential,accepted archive mtime proxy
shard-001,1105,2026-09-10T23:25:51.464369+00:00,2.097602647234453,sequential,accepted archive mtime proxy
shard-001,1106,2026-09-10T23:28:17.671874+00:00,2.281889709032839,sequential,accepted archive mtime proxy
shard-001,1107,2026-09-10T23:30:51.262114+00:00,2.400337088199255,sequential,accepted archive mtime proxy
shard-000,381,2026-09-10T23:31:13.242366+00:00,77.18391532846726,sequential,accepted archive mtime proxy
shard-000,382,2026-09-10T23:31:56.675315+00:00,0.5714035354166602,sequential,accepted archive mtime proxy
shard-000,383,2026-09-10T23:32:41.457155+00:00,0.6051865944328407,sequential,accepted archive mtime proxy
shard-000,384,2026-09-10T23:33:58.546343+00:00,1.1240039659838659,sequential,accepted archive mtime proxy
shard-000,385,2026-09-10T23:34:57.274347+00:00,0.8400093333330005,sequential,accepted archive mtime proxy
shard-000,386,2026-09-10T23:35:46.597233+00:00,0.671865124317507,sequential,accepted archive mtime proxy
shard-000,387,2026-09-10T23:37:02.965977+00:00,1.1249306729160404,sequential,accepted archive mtime proxy
shard-000,388,2026-09-10T23:37:39.599211+00:00,0.4709135638840962,sequential,accepted archive mtime proxy
shard-001,1108,2026-09-10T23:39:08.540819+00:00,8.118511873600074,sequential,accepted archive mtime proxy
shard-000,389,2026-09-10T23:39:26.438136+00:00,1.627657099299055,sequential,accepted archive mtime proxy
shard-001,1109,2026-09-10T23:40:27.542907+00:00,1.1594290666670228,sequential,accepted archive mtime proxy
shard-000,390,2026-09-10T23:40:50.093475+00:00,1.243016593049591,sequential,accepted archive mtime proxy
shard-001,1110,2026-09-10T23:41:16.091288+00:00,0.6563138902672411,sequential,accepted archive mtime proxy
shard-000,391,2026-09-10T23:42:17.273534+00:00,1.2936345145843613,sequential,accepted archive mtime proxy
shard-001,1111,2026-09-10T23:42:28.919682+00:00,1.0412803430653488,sequential,accepted archive mtime proxy
shard-000,392,2026-09-10T23:43:43.026064+00:00,1.2934988048664915,sequential,accepted archive mtime proxy
shard-001,1112,2026-09-10T23:43:50.431008+00:00,1.1923323638834213,sequential,accepted archive mtime proxy
shard-000,393,2026-09-10T23:45:07.947463+00:00,1.2599136659836707,sequential,accepted archive mtime proxy
shard-001,1113,2026-09-10T23:45:18.613927+00:00,1.3094030458344301,sequential,accepted archive mtime proxy
shard-000,394,2026-09-10T23:46:58.007111+00:00,1.6783397513985012,sequential,accepted archive mtime proxy
shard-001,1114,2026-09-10T23:47:06.765709+00:00,1.6287528208340518,sequential,accepted archive mtime proxy
shard-000,395,2026-09-10T23:48:51.030213+00:00,1.7281136840349063,sequential,accepted archive mtime proxy
shard-001,1115,2026-09-10T23:48:56.515059+00:00,1.6788630319332394,sequential,accepted archive mtime proxy
shard-001,1116,2026-09-10T23:51:00.535794+00:00,1.9134811999994175,sequential,accepted archive mtime proxy
shard-000,396,2026-09-10T23:51:04.510624+00:00,2.080894457632288,sequential,accepted archive mtime proxy
shard-001,1117,2026-09-10T23:53:02.724712+00:00,1.862423021515133,sequential,accepted archive mtime proxy
shard-000,397,2026-09-10T23:53:23.340672+00:00,2.165809508333526,sequential,accepted archive mtime proxy
shard-001,1118,2026-09-10T23:54:02.326452+00:00,0.8242691833331871,sequential,accepted archive mtime proxy
shard-000,398,2026-09-10T23:54:24.396306+00:00,0.8566789166652597,sequential,accepted archive mtime proxy
shard-001,1119,2026-09-10T23:54:50.783401+00:00,0.6382927979168016,sequential,accepted archive mtime proxy
shard-000,399,2026-09-10T23:55:33.922545+00:00,0.9920281937501083,sequential,accepted archive mtime proxy
shard-001,1120,2026-09-10T23:57:15.368257+00:00,2.2489958729148687,sequential,accepted archive mtime proxy
shard-001,1121,2026-09-10T23:59:11.231793+00:00,1.7443946215324104,sequential,accepted archive mtime proxy
shard-000,400,2026-09-10T23:59:11.767983+00:00,3.492395954167781,sequential,accepted archive mtime proxy
shard-001,1122,2026-09-11T00:02:21.389436+00:00,3.0201780541664145,sequential,accepted archive mtime proxy
shard-000,401,2026-09-11T00:02:21.984449+00:00,3.0214079257003807,sequential,accepted archive mtime proxy
shard-000,402,2026-09-11T00:05:31.376246+00:00,2.9890675013981913,sequential,accepted archive mtime proxy
shard-001,1123,2026-09-11T00:07:01.492512+00:00,4.500100572217101,sequential,accepted archive mtime proxy
shard-000,403,2026-09-11T00:07:11.101954+00:00,1.528054092368499,sequential,accepted archive mtime proxy
shard-000,404,2026-09-11T00:09:03.629980+00:00,1.7289669111177015,sequential,accepted archive mtime proxy
shard-000,405,2026-09-11T00:13:22.127459+00:00,4.145580207634096,sequential,accepted archive mtime proxy
shard-000,406,2026-09-11T00:14:21.594174+00:00,0.8231751882005482,sequential,accepted archive mtime proxy
shard-000,407,2026-09-11T00:15:26.328928+00:00,0.9235559812514111,sequential,accepted archive mtime proxy
shard-000,408,2026-09-11T00:19:10.177044+00:00,3.5920679354167078,sequential,accepted archive mtime proxy
shard-001,1124,2026-09-11T00:24:35.603308+00:00,17.395505575699886,sequential,accepted archive mtime proxy
shard-001,1125,2026-09-11T00:26:30.158282+00:00,1.7456356534850783,sequential,accepted archive mtime proxy
shard-001,1126,2026-09-11T00:27:20.820734+00:00,0.6727171958346541,sequential,accepted archive mtime proxy
shard-000,409,2026-09-11T00:27:46.551300+00:00,8.430157940266266,sequential,accepted archive mtime proxy
shard-001,1127,2026-09-11T00:27:57.858064+00:00,0.4373088854171025,sequential,accepted archive mtime proxy
shard-000,410,2026-09-11T00:28:20.259263+00:00,0.4207973076341053,sequential,accepted archive mtime proxy
shard-001,1128,2026-09-11T00:28:36.419601+00:00,0.4880795909673907,sequential,accepted archive mtime proxy
shard-000,411,2026-09-11T00:29:18.454338+00:00,0.8077310770827656,sequential,accepted archive mtime proxy
shard-001,1129,2026-09-11T00:29:42.200313+00:00,0.9244567791679098,sequential,accepted archive mtime proxy
shard-000,412,2026-09-11T00:29:56.100947+00:00,0.47093288056591215,sequential,accepted archive mtime proxy
shard-000,413,2026-09-11T00:30:37.339568+00:00,0.5379680555507851,sequential,accepted archive mtime proxy
shard-001,1130,2026-09-11T00:31:02.852419+00:00,1.176934459718177,sequential,accepted archive mtime proxy
shard-000,414,2026-09-11T00:31:33.163749+00:00,0.7571358041663189,sequential,accepted archive mtime proxy
shard-001,1131,2026-09-11T00:31:52.133589+00:00,0.6396277631827009,sequential,accepted archive mtime proxy
shard-000,415,2026-09-11T00:32:26.515458+00:00,0.7402953326333469,sequential,accepted archive mtime proxy
shard-001,1132,2026-09-11T00:32:47.278207+00:00,0.7231258534651716,sequential,accepted archive mtime proxy
shard-000,416,2026-09-11T00:33:28.957183+00:00,0.8904143242999756,sequential,accepted archive mtime proxy
shard-000,417,2026-09-11T00:34:51.281970+00:00,1.2080922854171756,sequential,accepted archive mtime proxy
shard-001,1133,2026-09-11T00:36:22.759258+00:00,3.4266437215342496,sequential,accepted archive mtime proxy
shard-000,418,2026-09-11T00:36:24.800765+00:00,1.394162445133164,sequential,accepted archive mtime proxy
shard-000,419,2026-09-11T00:38:19.875880+00:00,1.7628886867993667,sequential,accepted archive mtime proxy
shard-001,1134,2026-09-11T00:39:04.102154+00:00,2.5178633666674917,sequential,accepted archive mtime proxy
shard-000,420,2026-09-11T00:39:24.687169+00:00,0.924680020834785,sequential,accepted archive mtime proxy
shard-001,1135,2026-09-11T00:39:57.841355+00:00,0.7236704208344842,sequential,accepted archive mtime proxy
shard-000,421,2026-09-11T00:40:16.304065+00:00,0.6897888062502413,sequential,accepted archive mtime proxy
shard-001,1136,2026-09-11T00:41:11.359062+00:00,1.0583361173494874,sequential,accepted archive mtime proxy
shard-000,422,2026-09-11T00:42:56.005502+00:00,2.5013899909836863,sequential,accepted archive mtime proxy
shard-001,1137,2026-09-11T00:42:59.685125+00:00,1.6290605499991215,sequential,accepted archive mtime proxy
shard-001,1138,2026-09-11T00:44:58.695359+00:00,1.796154322915633,sequential,accepted archive mtime proxy
shard-000,423,2026-09-11T00:45:17.156751+00:00,2.182951057649916,sequential,accepted archive mtime proxy
shard-001,1139,2026-09-11T00:46:26.928267+00:00,1.3077624632006821,sequential,accepted archive mtime proxy
shard-000,424,2026-09-11T00:47:23.930282+00:00,1.9598829972324894,sequential,accepted archive mtime proxy
shard-000,425,2026-09-11T00:49:18.037829+00:00,1.7419458881990673,sequential,accepted archive mtime proxy
shard-001,1140,2026-09-11T00:49:29.034824+00:00,2.846611579166104,sequential,accepted archive mtime proxy
shard-000,426,2026-09-11T00:50:25.555374+00:00,0.9553843874988767,sequential,accepted archive mtime proxy
shard-001,1141,2026-09-11T00:51:28.693480+00:00,1.8426568618005452,sequential,accepted archive mtime proxy
shard-000,427,2026-09-11T00:51:33.680064+00:00,0.9726743590164308,sequential,accepted archive mtime proxy
shard-000,428,2026-09-11T00:52:44.885475+00:00,1.0410379208333325,sequential,accepted archive mtime proxy
shard-001,1142,2026-09-11T00:53:56.180556+00:00,2.2676491694505483,sequential,accepted archive mtime proxy
shard-000,429,2026-09-11T00:53:58.697518+00:00,1.0585877805482595,sequential,accepted archive mtime proxy
shard-000,430,2026-09-11T00:55:35.496328+00:00,1.4450620923482347,sequential,accepted archive mtime proxy
shard-000,431,2026-09-11T00:56:40.619200+00:00,0.940453595132567,sequential,accepted archive mtime proxy
shard-001,1143,2026-09-11T00:56:47.209331+00:00,2.686727085416593,sequential,accepted archive mtime proxy
shard-001,1144,2026-09-11T00:59:41.809924+00:00,2.7363526888831986,sequential,accepted archive mtime proxy
shard-001,1145,2026-09-11T01:01:25.679615+00:00,1.5618250749985843,sequential,accepted archive mtime proxy
shard-000,432,2026-09-11T01:01:37.937947+00:00,4.786754004166384,sequential,accepted archive mtime proxy
shard-001,1146,2026-09-11T01:02:17.907851+00:00,0.671876283333404,sequential,accepted archive mtime proxy
shard-001,1147,2026-09-11T01:06:01.025577+00:00,3.541880099999253,sequential,accepted archive mtime proxy
shard-001,1148,2026-09-11T01:07:33.719617+00:00,1.373592661115496,sequential,accepted archive mtime proxy
shard-001,1149,2026-09-11T01:09:13.870867+00:00,1.4898216027844076,sequential,accepted archive mtime proxy
shard-001,1150,2026-09-11T01:10:08.975789+00:00,0.7371409583332328,sequential,accepted archive mtime proxy
shard-001,1151,2026-09-11T01:11:21.233167+00:00,1.0221653382002842,sequential,accepted archive mtime proxy
shard-001,1152,2026-09-11T01:12:25.447384+00:00,0.8904914284668242,sequential,accepted archive mtime proxy
shard-001,1153,2026-09-11T01:13:44.941731+00:00,1.141670936800074,sequential,accepted archive mtime proxy
shard-001,1154,2026-09-11T01:15:19.699669+00:00,1.4107448131990774,sequential,accepted archive mtime proxy
shard-001,1155,2026-09-11T01:18:01.965064+00:00,2.52034749930026,sequential,accepted archive mtime proxy
shard-000,433,2026-09-11T01:18:07.491146+00:00,16.313313790983134,sequential,accepted archive mtime proxy
shard-001,1156,2026-09-11T01:20:22.872477+00:00,2.1646430860991432,sequential,accepted archive mtime proxy
shard-001,1157,2026-09-11T01:22:08.372971+00:00,1.578179273601078,sequential,accepted archive mtime proxy
shard-000,434,2026-09-11T01:22:17.785502+00:00,4.030593141667001,sequential,accepted archive mtime proxy
shard-000,435,2026-09-11T01:25:35.481772+00:00,3.122444555549494,sequential,accepted archive mtime proxy
shard-000,436,2026-09-11T01:27:35.055490+00:00,1.8462591402834125,sequential,accepted archive mtime proxy
shard-000,437,2026-09-11T01:30:26.832782+00:00,2.702345337501417,sequential,accepted archive mtime proxy
shard-001,1158,2026-09-11T01:30:38.741821+00:00,8.309477924299426,sequential,accepted archive mtime proxy
shard-000,438,2026-09-11T01:32:21.155113+00:00,1.7284779861161952,sequential,accepted archive mtime proxy
shard-001,1159,2026-09-11T01:32:27.973152+00:00,1.6452905798660746,sequential,accepted archive mtime proxy
shard-001,1160,2026-09-11T01:34:42.584627+00:00,2.0641418597175893,sequential,accepted archive mtime proxy
shard-000,439,2026-09-11T01:34:53.439664+00:00,2.3676736729161347,sequential,accepted archive mtime proxy
shard-001,1161,2026-09-11T01:36:24.736979+00:00,1.527731869451236,sequential,accepted archive mtime proxy
shard-000,440,2026-09-11T01:36:34.103389+00:00,1.528964588183832,sequential,accepted archive mtime proxy
shard-001,1162,2026-09-11T01:37:52.510150+00:00,1.2772378687513992,sequential,accepted archive mtime proxy
shard-000,441,2026-09-11T01:37:59.316708+00:00,1.2593412590329536,sequential,accepted archive mtime proxy
shard-000,442,2026-09-11T01:40:10.263051+00:00,2.0164619937500294,sequential,accepted archive mtime proxy
shard-001,1163,2026-09-11T01:40:12.397411+00:00,2.165651045134291,sequential,accepted archive mtime proxy
shard-000,443,2026-09-11T01:42:14.470041+00:00,1.898540204866246,sequential,accepted archive mtime proxy
shard-001,1164,2026-09-11T01:42:36.368781+00:00,2.216278856934514,sequential,accepted archive mtime proxy
shard-000,444,2026-09-11T01:43:07.734491+00:00,0.723188515965982,sequential,accepted archive mtime proxy
shard-001,1165,2026-09-11T01:44:46.065198+00:00,1.9642381069328014,sequential,accepted archive mtime proxy
shard-000,445,2026-09-11T01:44:57.655579+00:00,1.6626150152840031,sequential,accepted archive mtime proxy
shard-000,446,2026-09-11T01:48:00.649330+00:00,2.888208365966178,sequential,accepted archive mtime proxy
shard-001,1166,2026-09-11T01:49:23.447534+00:00,4.433739796533094,sequential,accepted archive mtime proxy
shard-000,447,2026-09-11T01:49:27.492555+00:00,1.2766434083343483,sequential,accepted archive mtime proxy
shard-000,448,2026-09-11T01:51:36.467897+00:00,1.9798398458340671,sequential,accepted archive mtime proxy
shard-001,1167,2026-09-11T01:51:49.683246+00:00,2.2674554784685217,sequential,accepted archive mtime proxy
shard-000,449,2026-09-11T01:52:57.383914+00:00,1.1936486312498649,sequential,accepted archive mtime proxy
shard-001,1168,2026-09-11T01:53:22.801630+00:00,1.3781656638835558,sequential,accepted archive mtime proxy
shard-000,450,2026-09-11T01:55:07.729129+00:00,1.998933384734361,sequential,accepted archive mtime proxy
shard-001,1169,2026-09-11T01:55:10.959541+00:00,1.5954816347162706,sequential,accepted archive mtime proxy
shard-001,1170,2026-09-11T01:57:20.660711+00:00,1.9979363972165933,sequential,accepted archive mtime proxy
shard-000,451,2026-09-11T01:57:29.648072+00:00,2.1827510569496855,sequential,accepted archive mtime proxy
shard-000,452,2026-09-11T01:59:13.260511+00:00,1.578436441667145,sequential,accepted archive mtime proxy
shard-001,1171,2026-09-11T01:59:39.872972+00:00,2.1170721076331875,sequential,accepted archive mtime proxy
shard-000,453,2026-09-11T01:59:49.151920+00:00,0.4205128444494524,sequential,accepted archive mtime proxy
shard-001,1172,2026-09-11T02:00:18.320011+00:00,0.4371332583328088,sequential,accepted archive mtime proxy
shard-000,454,2026-09-11T02:00:34.960747+00:00,0.5887977673652737,sequential,accepted archive mtime proxy
shard-001,1173,2026-09-11T02:00:51.678281+00:00,0.3865578652825207,sequential,accepted archive mtime proxy
shard-000,455,2026-09-11T02:01:10.376628+00:00,0.40407932916617334,sequential,accepted archive mtime proxy
shard-001,1174,2026-09-11T02:01:28.158269+00:00,0.4042745055650206,sequential,accepted archive mtime proxy
shard-000,456,2026-09-11T02:01:49.237621+00:00,0.4881873520828473,sequential,accepted archive mtime proxy
shard-001,1175,2026-09-11T02:02:50.412999+00:00,1.1929476402835766,sequential,accepted archive mtime proxy
shard-000,457,2026-09-11T02:03:09.596730+00:00,1.1596690451493488,sequential,accepted archive mtime proxy
shard-001,1176,2026-09-11T02:03:35.475701+00:00,0.5715137722319923,sequential,accepted archive mtime proxy
shard-001,1177,2026-09-11T02:05:58.019282+00:00,2.182691055565374,sequential,accepted archive mtime proxy
shard-000,458,2026-09-11T02:06:49.214513+00:00,3.4929756874994684,sequential,accepted archive mtime proxy
shard-001,1178,2026-09-11T02:07:07.415074+00:00,0.9746167833334767,sequential,accepted archive mtime proxy
shard-000,459,2026-09-11T02:07:41.956373+00:00,0.6893113090346257,sequential,accepted archive mtime proxy
shard-001,1179,2026-09-11T02:08:42.106147+00:00,1.3614029812510124,sequential,accepted archive mtime proxy
shard-000,460,2026-09-11T02:08:50.340649+00:00,0.9745539208330835,sequential,accepted archive mtime proxy
shard-001,1180,2026-09-11T02:10:22.285090+00:00,1.4779245583340526,sequential,accepted archive mtime proxy
shard-000,461,2026-09-11T02:10:42.223925+00:00,1.6965009909841078,sequential,accepted archive mtime proxy
shard-001,1181,2026-09-11T02:12:20.749655+00:00,1.8136412534649329,sequential,accepted archive mtime proxy
shard-000,462,2026-09-11T02:12:34.345281+00:00,1.679190662499362,sequential,accepted archive mtime proxy
shard-001,1182,2026-09-11T02:13:31.536766+00:00,0.9746116264005347,sequential,accepted archive mtime proxy
shard-000,463,2026-09-11T02:13:37.774741+00:00,0.8908039291680325,sequential,accepted archive mtime proxy
shard-001,1183,2026-09-11T02:15:11.135485+00:00,1.4775276534666772,sequential,accepted archive mtime proxy
shard-000,464,2026-09-11T02:15:14.159195+00:00,1.443985359716074,sequential,accepted archive mtime proxy
shard-001,1184,2026-09-11T02:17:19.601626+00:00,1.9480005534850837,sequential,accepted archive mtime proxy
shard-000,465,2026-09-11T02:17:31.394000+00:00,2.1153525319338464,sequential,accepted archive mtime proxy
shard-000,466,2026-09-11T02:19:33.770148+00:00,1.880208606934563,sequential,accepted archive mtime proxy
shard-001,1185,2026-09-11T02:20:04.312359+00:00,2.5533774076320697,sequential,accepted archive mtime proxy
shard-001,1186,2026-09-11T02:21:01.016881+00:00,0.7561662673659157,sequential,accepted archive mtime proxy
shard-000,467,2026-09-11T02:21:03.600053+00:00,1.3105357604159509,sequential,accepted archive mtime proxy
shard-000,468,2026-09-11T02:24:01.512210+00:00,2.784484779848329,sequential,accepted archive mtime proxy
shard-001,1187,2026-09-11T02:24:13.702687+00:00,3.0195155173675934,sequential,accepted archive mtime proxy
shard-000,469,2026-09-11T02:26:34.754188+00:00,2.383423092365653,sequential,accepted archive mtime proxy
shard-001,1188,2026-09-11T02:26:44.788164+00:00,2.3344853687488163,sequential,accepted archive mtime proxy
shard-000,470,2026-09-11T02:29:15.614605+00:00,2.5183448541676627,sequential,accepted archive mtime proxy
shard-001,1189,2026-09-11T02:29:24.691066+00:00,2.4843971694489784,sequential,accepted archive mtime proxy
shard-001,1190,2026-09-11T02:31:52.280436+00:00,2.2659487770831523,sequential,accepted archive mtime proxy
shard-000,471,2026-09-11T02:31:56.170990+00:00,2.485216798600353,sequential,accepted archive mtime proxy
shard-000,472,2026-09-11T02:34:08.022436+00:00,2.0299773027654737,sequential,accepted archive mtime proxy
shard-001,1191,2026-09-11T02:34:25.005991+00:00,2.367364157633468,sequential,accepted archive mtime proxy
shard-000,473,2026-09-11T02:35:42.852502+00:00,1.4073057013835448,sequential,accepted archive mtime proxy
shard-001,1192,2026-09-11T02:36:05.315140+00:00,1.4573117479177502,sequential,accepted archive mtime proxy
shard-000,474,2026-09-11T02:36:32.843051+00:00,0.6534814861001602,sequential,accepted archive mtime proxy
shard-000,475,2026-09-11T02:39:02.063762+00:00,2.2952851347159595,sequential,accepted archive mtime proxy
shard-001,1193,2026-09-11T02:39:12.048600+00:00,2.916203102783766,sequential,accepted archive mtime proxy
shard-000,476,2026-09-11T02:40:39.130958+00:00,1.4452653444507935,sequential,accepted archive mtime proxy
shard-001,1194,2026-09-11T02:40:46.775724+00:00,1.3938509902664615,sequential,accepted archive mtime proxy
shard-000,477,2026-09-11T02:41:33.838593+00:00,0.7398332062507204,sequential,accepted archive mtime proxy
shard-001,1195,2026-09-11T02:41:52.999532+00:00,0.9082209249997201,sequential,accepted archive mtime proxy
shard-000,478,2026-09-11T02:42:14.238197+00:00,0.4878729937501097,sequential,accepted archive mtime proxy
shard-001,1196,2026-09-11T02:43:18.039940+00:00,1.22605372708252,sequential,accepted archive mtime proxy
shard-000,479,2026-09-11T02:43:23.440381+00:00,0.9574098506825977,sequential,accepted archive mtime proxy
shard-001,1197,2026-09-11T02:44:11.292707+00:00,0.7051768013819432,sequential,accepted archive mtime proxy
shard-000,480,2026-09-11T02:44:20.506003+00:00,0.7732853222172708,sequential,accepted archive mtime proxy
shard-001,1198,2026-09-11T02:44:46.768473+00:00,0.38671995694943084,sequential,accepted archive mtime proxy
shard-000,481,2026-09-11T02:45:08.200983+00:00,0.6386587187512002,sequential,accepted archive mtime proxy
shard-001,1199,2026-09-11T02:45:22.440048+00:00,0.4042594326330194,sequential,accepted archive mtime proxy
shard-001,1200,2026-09-11T02:46:20.972511+00:00,0.788892184032981,sequential,accepted archive mtime proxy
shard-000,482,2026-09-11T02:46:29.289129+00:00,1.1590493305683292,sequential,accepted archive mtime proxy
shard-001,1201,2026-09-11T02:47:15.896888+00:00,0.7059308500009744,sequential,accepted archive mtime proxy
shard-000,483,2026-09-11T02:47:35.675106+00:00,0.9251619305675073,sequential,accepted archive mtime proxy
shard-000,484,2026-09-11T02:48:45.770281+00:00,0.9736502861157835,sequential,accepted archive mtime proxy
shard-001,1202,2026-09-11T02:48:54.323623+00:00,1.4452610958328782,sequential,accepted archive mtime proxy
shard-001,1203,2026-09-11T02:49:54.117961+00:00,0.8063836132001597,sequential,accepted archive mtime proxy
shard-000,485,2026-09-11T02:50:11.672800+00:00,1.2597781097341794,sequential,accepted archive mtime proxy
shard-000,486,2026-09-11T02:52:20.314768+00:00,1.9659664375009016,sequential,accepted archive mtime proxy
shard-001,1204,2026-09-11T02:52:21.286633+00:00,2.2518700472156827,sequential,accepted archive mtime proxy
shard-000,487,2026-09-11T02:54:44.276759+00:00,2.2150983062495166,sequential,accepted archive mtime proxy
shard-001,1205,2026-09-11T02:55:14.642687+00:00,2.7040308888826985,sequential,accepted archive mtime proxy
shard-000,488,2026-09-11T02:55:33.794698+00:00,0.6223459708329756,sequential,accepted archive mtime proxy
shard-000,489,2026-09-11T02:58:28.177649+00:00,2.7362407236165986,sequential,accepted archive mtime proxy
shard-001,1206,2026-09-11T02:58:35.963842+00:00,3.156127669450749,sequential,accepted archive mtime proxy
shard-000,490,2026-09-11T03:00:24.005337+00:00,1.7457899395822702,sequential,accepted archive mtime proxy
shard-001,1207,2026-09-11T03:00:34.973806+00:00,1.7782521375008704,sequential,accepted archive mtime proxy
shard-000,491,2026-09-11T03:03:07.555184+00:00,2.534242133332494,sequential,accepted archive mtime proxy
shard-001,1208,2026-09-11T03:03:12.483249+00:00,2.431332298616568,sequential,accepted archive mtime proxy
shard-001,1209,2026-09-11T03:05:15.879374+00:00,1.8295728124988575,sequential,accepted archive mtime proxy
shard-000,492,2026-09-11T03:05:44.975435+00:00,2.4348728604168475,sequential,accepted archive mtime proxy
shard-001,1210,2026-09-11T03:06:38.296071+00:00,1.1422755652669971,sequential,accepted archive mtime proxy
shard-000,493,2026-09-11T03:07:01.760058+00:00,1.0754597368165075,sequential,accepted archive mtime proxy
shard-000,494,2026-09-11T03:08:19.318702+00:00,1.0921013249996274,sequential,accepted archive mtime proxy
shard-001,1211,2026-09-11T03:08:33.903540+00:00,1.7294277110990757,sequential,accepted archive mtime proxy
shard-000,495,2026-09-11T03:09:57.225510+00:00,1.4448870277827761,sequential,accepted archive mtime proxy
shard-001,1212,2026-09-11T03:10:17.063174+00:00,1.511377306949968,sequential,accepted archive mtime proxy
shard-000,496,2026-09-11T03:10:47.884640+00:00,0.6558099624991882,sequential,accepted archive mtime proxy
shard-000,497,2026-09-11T03:12:30.268200+00:00,1.5115503027821735,sequential,accepted archive mtime proxy
shard-001,1213,2026-09-11T03:12:35.614799+00:00,2.09873076598354,sequential,accepted archive mtime proxy
shard-000,498,2026-09-11T03:14:36.367366+00:00,1.9297984541665452,sequential,accepted archive mtime proxy
shard-001,1214,2026-09-11T03:15:13.882154+00:00,2.4522813263834298,sequential,accepted archive mtime proxy
shard-000,499,2026-09-11T03:15:37.752639+00:00,0.8410633291680522,sequential,accepted archive mtime proxy
shard-001,1215,2026-09-11T03:16:36.930597+00:00,1.192575983334488,sequential,accepted archive mtime proxy
shard-000,500,2026-09-11T03:16:56.195632+00:00,1.108377720832747,sequential,accepted archive mtime proxy
shard-000,501,2026-09-11T03:18:02.635565+00:00,0.9066791812501227,sequential,accepted archive mtime proxy
shard-001,1216,2026-09-11T03:18:14.087268+00:00,1.411915743748735,sequential,accepted archive mtime proxy
shard-000,502,2026-09-11T03:19:21.888785+00:00,1.1423890687486467,sequential,accepted archive mtime proxy
shard-001,1217,2026-09-11T03:19:44.642115+00:00,1.2927031076338609,sequential,accepted archive mtime proxy
shard-000,503,2026-09-11T03:20:29.157526+00:00,0.907562574299906,sequential,accepted archive mtime proxy
shard-001,1218,2026-09-11T03:21:01.259254+00:00,1.0756699701499504,sequential,accepted archive mtime proxy
shard-000,504,2026-09-11T03:21:57.904211+00:00,1.293694325000979,sequential,accepted archive mtime proxy
shard-001,1219,2026-09-11T03:22:42.960573+00:00,1.4790371757000684,sequential,accepted archive mtime proxy
shard-001,1220,2026-09-11T03:25:00.286387+00:00,2.0982224555511495,sequential,accepted archive mtime proxy
shard-000,505,2026-09-11T03:25:03.295689+00:00,2.921931056932469,sequential,accepted archive mtime proxy
shard-001,1221,2026-09-11T03:29:34.575164+00:00,4.363535695833464,sequential,accepted archive mtime proxy
shard-000,506,2026-09-11T03:29:59.857640+00:00,4.750078731949907,sequential,accepted archive mtime proxy
shard-001,1222,2026-09-11T03:30:19.569898+00:00,0.5550201479170938,sequential,accepted archive mtime proxy
shard-001,1223,2026-09-11T03:31:40.088123+00:00,1.1242791576330395,sequential,accepted archive mtime proxy
shard-000,507,2026-09-11T03:31:47.330469+00:00,1.5963523770837733,sequential,accepted archive mtime proxy
shard-001,1224,2026-09-11T03:32:21.048640+00:00,0.48782630555021267,sequential,accepted archive mtime proxy
shard-000,508,2026-09-11T03:32:34.754768+00:00,0.6049241874987881,sequential,accepted archive mtime proxy
shard-001,1225,2026-09-11T03:32:59.637096+00:00,0.43790531874983574,sequential,accepted archive mtime proxy
shard-000,509,2026-09-11T03:33:16.014060+00:00,0.48763374583407615,sequential,accepted archive mtime proxy
shard-001,1226,2026-09-11T03:33:39.254451+00:00,0.4544223458331544,sequential,accepted archive mtime proxy
shard-001,1227,2026-09-11T03:34:31.360886+00:00,0.6555758576335696,sequential,accepted archive mtime proxy
shard-000,510,2026-09-11T03:35:18.100320+00:00,1.848249406949617,sequential,accepted archive mtime proxy
shard-001,1228,2026-09-11T03:35:19.150977+00:00,0.5882173840344573,sequential,accepted archive mtime proxy
shard-001,1229,2026-09-11T03:37:44.224422+00:00,2.1999767284840344,sequential,accepted archive mtime proxy
shard-000,511,2026-09-11T03:37:51.345105+00:00,2.350643346532403,sequential,accepted archive mtime proxy
shard-000,512,2026-09-11T03:39:04.298665+00:00,1.0250642229162623,sequential,accepted archive mtime proxy
shard-001,1230,2026-09-11T03:39:20.485401+00:00,1.3948365430502843,sequential,accepted archive mtime proxy
shard-000,513,2026-09-11T03:39:57.709588+00:00,0.7067237208325726,sequential,accepted archive mtime proxy
shard-001,1231,2026-09-11T03:40:24.415772+00:00,0.8745744249996884,sequential,accepted archive mtime proxy
shard-000,514,2026-09-11T03:40:50.562143+00:00,0.6898941798504287,sequential,accepted archive mtime proxy
shard-001,1232,2026-09-11T03:41:12.720582+00:00,0.5890328631833351,sequential,accepted archive mtime proxy
shard-000,515,2026-09-11T03:41:42.185317+00:00,0.6561483257003905,sequential,accepted archive mtime proxy
shard-001,1233,2026-09-11T03:42:01.403609+00:00,0.5884764298486213,sequential,accepted archive mtime proxy
shard-000,516,2026-09-11T03:43:42.315316+00:00,1.8132666861153364,sequential,accepted archive mtime proxy
shard-001,1234,2026-09-11T03:43:56.145224+00:00,1.695727243066843,sequential,accepted archive mtime proxy
shard-000,517,2026-09-11T03:45:54.303159+00:00,2.014689488883596,sequential,accepted archive mtime proxy
shard-001,1235,2026-09-11T03:45:57.096553+00:00,1.8111069145825847,sequential,accepted archive mtime proxy
shard-001,1236,2026-09-11T03:49:00.198108+00:00,2.852911770832725,sequential,accepted archive mtime proxy
shard-000,518,2026-09-11T03:49:05.991040+00:00,2.988383807633848,sequential,accepted archive mtime proxy
shard-000,519,2026-09-11T03:51:45.757447+00:00,2.484828837501118,sequential,accepted archive mtime proxy
shard-001,1237,2026-09-11T03:53:01.389202+00:00,3.8101161812490316,sequential,accepted archive mtime proxy
shard-000,520,2026-09-11T03:53:11.292930+00:00,1.2259938374996031,sequential,accepted archive mtime proxy
shard-000,521,2026-09-11T04:02:48.237749+00:00,9.418635515284647,sequential,accepted archive mtime proxy
shard-001,1238,2026-09-11T04:03:15.005400+00:00,10.021295136818662,sequential,accepted archive mtime proxy
shard-000,522,2026-09-11T04:04:49.804618+00:00,1.8303144944327263,sequential,accepted archive mtime proxy
shard-001,1239,2026-09-11T04:06:59.983113+00:00,3.5429073090160577,sequential,accepted archive mtime proxy
shard-000,523,2026-09-11T04:09:28.891301+00:00,4.447241843749847,sequential,accepted archive mtime proxy
shard-001,1240,2026-09-11T04:09:59.063818+00:00,2.7702782034835156,sequential,accepted archive mtime proxy
shard-000,524,2026-09-11T04:10:51.550960+00:00,1.1936806006822736,sequential,accepted archive mtime proxy
shard-001,1241,2026-09-11T04:11:20.224977+00:00,1.1433452409672706,sequential,accepted archive mtime proxy
shard-000,525,2026-09-11T04:11:59.002856+00:00,0.9252810055681039,sequential,accepted archive mtime proxy
shard-001,1242,2026-09-11T04:13:06.246659+00:00,1.5462685312513107,sequential,accepted archive mtime proxy
shard-000,526,2026-09-11T04:13:13.256763+00:00,1.0407694242991663,sequential,accepted archive mtime proxy
shard-000,527,2026-09-11T04:16:48.482271+00:00,3.3906121402668457,sequential,accepted archive mtime proxy
shard-001,1243,2026-09-11T04:16:49.487086+00:00,3.5244976708335645,sequential,accepted archive mtime proxy
shard-001,1244,2026-09-11T04:19:06.490173+00:00,2.0641193736169954,sequential,accepted archive mtime proxy
shard-000,528,2026-09-11T04:19:12.594070+00:00,2.2163153812502667,sequential,accepted archive mtime proxy
shard-000,529,2026-09-11T04:21:52.616685+00:00,2.479164984032589,sequential,accepted archive mtime proxy
shard-001,1245,2026-09-11T04:23:33.235619+00:00,4.254156600000957,sequential,accepted archive mtime proxy
shard-000,530,2026-09-11T04:23:43.117732+00:00,1.6406442402667987,sequential,accepted archive mtime proxy
shard-001,1246,2026-09-11T04:24:23.691314+00:00,0.6200666652817745,sequential,accepted archive mtime proxy
shard-000,531,2026-09-11T04:24:32.553846+00:00,0.6198233263838726,sequential,accepted archive mtime proxy
shard-000,532,2026-09-11T04:25:50.394343+00:00,1.0880954110994936,sequential,accepted archive mtime proxy
shard-001,1247,2026-09-11T04:25:51.260041+00:00,1.2390593527835638,sequential,accepted archive mtime proxy
shard-001,1248,2026-09-11T04:28:31.300752+00:00,2.4608839368156623,sequential,accepted archive mtime proxy
shard-000,533,2026-09-11T04:28:32.393554+00:00,2.494238924301074,sequential,accepted archive mtime proxy
shard-000,534,2026-09-11T04:31:15.690295+00:00,2.528344003483653,sequential,accepted archive mtime proxy
shard-001,1249,2026-09-11T04:31:18.482830+00:00,2.56164847429997,sequential,accepted archive mtime proxy
shard-000,535,2026-09-11T04:33:29.104659+00:00,2.041743982633731,sequential,accepted archive mtime proxy
shard-001,1250,2026-09-11T04:33:38.198284+00:00,2.1261496312508825,sequential,accepted archive mtime proxy
shard-000,536,2026-09-11T04:35:07.464721+00:00,1.42357917916767,sequential,accepted archive mtime proxy
shard-001,1251,2026-09-11T04:36:20.088541+00:00,2.4778721368153733,sequential,accepted archive mtime proxy
shard-000,537,2026-09-11T04:36:21.002957+00:00,1.0381887451338117,sequential,accepted archive mtime proxy
shard-001,1252,2026-09-11T04:37:47.130468+00:00,1.2392826840320292,sequential,accepted archive mtime proxy
shard-000,538,2026-09-11T04:38:06.559613+00:00,1.5404495319506775,sequential,accepted archive mtime proxy
shard-000,539,2026-09-11T04:40:50.752727+00:00,2.5434074847163477,sequential,accepted archive mtime proxy
shard-001,1253,2026-09-11T04:41:13.091432+00:00,3.231541408332608,sequential,accepted archive mtime proxy
shard-001,1254,2026-09-11T04:42:19.825411+00:00,0.8707547118014191,sequential,accepted archive mtime proxy
shard-000,540,2026-09-11T04:42:36.214034+00:00,1.5577211902670873,sequential,accepted archive mtime proxy
shard-001,1255,2026-09-11T04:43:26.260353+00:00,0.9043825576334105,sequential,accepted archive mtime proxy
shard-000,541,2026-09-11T04:44:16.278978+00:00,1.4400305805495008,sequential,accepted archive mtime proxy
shard-001,1256,2026-09-11T04:44:26.008907+00:00,0.7706252382001063,sequential,accepted archive mtime proxy
shard-001,1257,2026-09-11T04:46:19.783625+00:00,1.6911279444330527,sequential,accepted archive mtime proxy
shard-000,542,2026-09-11T04:47:17.225618+00:00,2.828788913883424,sequential,accepted archive mtime proxy
shard-001,1258,2026-09-11T04:47:30.355495+00:00,0.9548790979160307,sequential,accepted archive mtime proxy
shard-000,543,2026-09-11T04:49:07.151819+00:00,1.6073331479157786,sequential,accepted archive mtime proxy
shard-001,1259,2026-09-11T04:49:07.680681+00:00,1.4057726104161703,sequential,accepted archive mtime proxy
shard-001,1260,2026-09-11T04:51:50.157164+00:00,2.4773841541667934,sequential,accepted archive mtime proxy
shard-000,544,2026-09-11T04:51:52.368776+00:00,2.561303964583203,sequential,accepted archive mtime proxy
shard-001,1261,2026-09-11T04:54:10.226311+00:00,2.126402368051155,sequential,accepted archive mtime proxy
shard-000,545,2026-09-11T04:54:28.108618+00:00,2.394271361816209,sequential,accepted archive mtime proxy
shard-001,1262,2026-09-11T04:55:58.470711+00:00,1.5740271756832953,sequential,accepted archive mtime proxy
shard-000,546,2026-09-11T04:56:39.093902+00:00,1.9928865145833696,sequential,accepted archive mtime proxy
shard-001,1263,2026-09-11T04:57:03.980970+00:00,0.8711126444492644,sequential,accepted archive mtime proxy
shard-000,547,2026-09-11T04:57:56.025069+00:00,1.055392699999114,sequential,accepted archive mtime proxy
shard-001,1264,2026-09-11T04:58:07.262541+00:00,0.821142301382497,sequential,accepted archive mtime proxy
shard-001,1265,2026-09-11T05:00:25.692796+00:00,2.0757378576342793,sequential,accepted archive mtime proxy
shard-000,548,2026-09-11T05:01:02.430054+00:00,2.8970667673682327,sequential,accepted archive mtime proxy
shard-001,1266,2026-09-11T05:01:25.495409+00:00,0.7874804062497182,sequential,accepted archive mtime proxy
shard-001,1267,2026-09-11T05:02:56.971124+00:00,1.2890822534662827,sequential,accepted archive mtime proxy
shard-001,1268,2026-09-11T05:04:09.682315+00:00,0.987692404165864,sequential,accepted archive mtime proxy
shard-000,549,2026-09-11T05:04:22.594854+00:00,3.147682372216756,sequential,accepted archive mtime proxy
shard-001,1269,2026-09-11T05:05:07.168578+00:00,0.7206307458342053,sequential,accepted archive mtime proxy
shard-001,1270,2026-09-11T05:06:21.610743+00:00,1.021701155566067,sequential,accepted archive mtime proxy
shard-000,550,2026-09-11T05:06:37.460859+00:00,2.026175130548654,sequential,accepted archive mtime proxy
shard-001,1271,2026-09-11T05:07:49.765862+00:00,1.2559181638838102,sequential,accepted archive mtime proxy
shard-001,1272,2026-09-11T05:09:43.506323+00:00,1.6570392250005777,sequential,accepted archive mtime proxy
shard-001,1273,2026-09-11T05:12:04.478024+00:00,2.126515046534284,sequential,accepted archive mtime proxy
shard-001,1274,2026-09-11T05:13:33.599441+00:00,1.2728174895843647,sequential,accepted archive mtime proxy
shard-001,1275,2026-09-11T05:15:00.164686+00:00,1.1897773076333882,sequential,accepted archive mtime proxy
shard-000,551,2026-09-11T05:15:57.324847+00:00,9.130342642365333,sequential,accepted archive mtime proxy
shard-001,1276,2026-09-11T05:23:55.142641+00:00,8.691624069450578,sequential,accepted archive mtime proxy
shard-000,552,2026-09-11T05:24:32.910545+00:00,8.385894306265982,sequential,accepted archive mtime proxy
shard-001,1277,2026-09-11T05:24:41.179119+00:00,0.5526814562481983,sequential,accepted archive mtime proxy
shard-001,1278,2026-09-11T05:29:59.494483+00:00,5.087985058332561,sequential,accepted archive mtime proxy
shard-001,1279,2026-09-11T05:31:09.566327+00:00,0.9378934472159017,sequential,accepted archive mtime proxy
shard-001,1280,2026-09-11T05:32:39.030579+00:00,1.2552867916664885,sequential,accepted archive mtime proxy
shard-000,553,2026-09-11T05:32:41.399418+00:00,7.939372915283699,sequential,accepted archive mtime proxy
shard-001,1281,2026-09-11T05:34:21.718499+00:00,1.5070106805496228,sequential,accepted archive mtime proxy
shard-001,1282,2026-09-11T05:36:15.794473+00:00,1.657253955551035,sequential,accepted archive mtime proxy
shard-001,1283,2026-09-11T05:37:46.069413+00:00,1.2723511277833799,sequential,accepted archive mtime proxy
shard-001,1284,2026-09-11T05:39:09.746322+00:00,1.1717635819339194,sequential,accepted archive mtime proxy
shard-001,1285,2026-09-11T05:40:30.146878+00:00,1.1217095909678998,sequential,accepted archive mtime proxy
shard-001,1286,2026-09-11T05:41:54.739583+00:00,1.1720129958334533,sequential,accepted archive mtime proxy
shard-000,554,2026-09-11T05:42:35.635661+00:00,9.685999717365485,sequential,accepted archive mtime proxy
shard-001,1287,2026-09-11T05:42:55.611629+00:00,0.7872213805501815,sequential,accepted archive mtime proxy
shard-000,555,2026-09-11T05:44:42.810147+00:00,1.9257293881829052,sequential,accepted archive mtime proxy
shard-001,1288,2026-09-11T05:44:47.108565+00:00,1.60734280901767,sequential,accepted archive mtime proxy
shard-001,1289,2026-09-11T05:45:58.976870+00:00,0.971791249300198,sequential,accepted archive mtime proxy
shard-000,556,2026-09-11T05:46:00.463526+00:00,1.088892572215991,sequential,accepted archive mtime proxy
shard-001,1290,2026-09-11T05:47:18.414186+00:00,1.10581526181583,sequential,accepted archive mtime proxy
shard-001,1291,2026-09-11T05:48:11.952492+00:00,0.6695669965333461,sequential,accepted archive mtime proxy
shard-000,557,2026-09-11T05:48:21.849912+00:00,2.1431691298494115,sequential,accepted archive mtime proxy
shard-001,1292,2026-09-11T05:48:53.353537+00:00,0.46931241458320677,sequential,accepted archive mtime proxy
shard-001,1293,2026-09-11T05:50:17.781503+00:00,1.1555123416668114,sequential,accepted archive mtime proxy
shard-000,558,2026-09-11T05:50:26.310290+00:00,1.8752070611168166,sequential,accepted archive mtime proxy
shard-001,1294,2026-09-11T05:51:15.784861+00:00,0.7369418895822795,sequential,accepted archive mtime proxy
shard-000,559,2026-09-11T05:51:56.328115+00:00,1.3067473381990566,sequential,accepted archive mtime proxy
shard-001,1295,2026-09-11T05:52:03.509356+00:00,0.5695995784655679,sequential,accepted archive mtime proxy
shard-001,1296,2026-09-11T05:53:27.375823+00:00,1.1723757777828723,sequential,accepted archive mtime proxy
shard-000,560,2026-09-11T05:53:32.453643+00:00,1.3731876749991594,sequential,accepted archive mtime proxy
shard-000,561,2026-09-11T05:55:41.766516+00:00,1.9597831027659898,sequential,accepted archive mtime proxy
shard-001,1297,2026-09-11T05:55:43.619158+00:00,2.0428665763834335,sequential,accepted archive mtime proxy
shard-001,1298,2026-09-11T05:57:59.518590+00:00,2.0260719743014004,sequential,accepted archive mtime proxy
shard-000,562,2026-09-11T05:58:00.708049+00:00,2.1108115326322148,sequential,accepted archive mtime proxy
shard-001,1299,2026-09-11T06:00:38.425672+00:00,2.4283566222332107,sequential,accepted archive mtime proxy
shard-000,563,2026-09-11T06:00:54.448014+00:00,2.6787833486159798,sequential,accepted archive mtime proxy
shard-001,1300,2026-09-11T06:03:10.494107+00:00,2.294398353466143,sequential,accepted archive mtime proxy
shard-000,564,2026-09-11T06:03:34.742328+00:00,2.462169563882829,sequential,accepted archive mtime proxy
shard-001,1301,2026-09-11T06:06:19.357529+00:00,2.896831420151284,sequential,accepted archive mtime proxy
shard-000,565,2026-09-11T06:06:29.269497+00:00,2.6787466868001504,sequential,accepted archive mtime proxy
shard-001,1302,2026-09-11T06:09:09.729591+00:00,2.6180888506836104,sequential,accepted archive mtime proxy
shard-000,566,2026-09-11T06:09:36.400580+00:00,2.903471997915767,sequential,accepted archive mtime proxy
shard-001,1303,2026-09-11T06:12:08.443201+00:00,2.7529977319490473,sequential,accepted archive mtime proxy
shard-000,567,2026-09-11T06:12:20.315656+00:00,2.51818949583297,sequential,accepted archive mtime proxy
shard-001,1304,2026-09-11T06:13:54.625230+00:00,1.5111087597169293,sequential,accepted archive mtime proxy
shard-001,1305,2026-09-11T06:16:02.806041+00:00,1.8965707340316535,sequential,accepted archive mtime proxy
shard-001,1306,2026-09-11T06:17:54.370688+00:00,1.6444259631990765,sequential,accepted archive mtime proxy
shard-001,1307,2026-09-11T06:19:52.801841+00:00,1.7287500354170333,sequential,accepted archive mtime proxy
shard-001,1308,2026-09-11T06:21:41.666215+00:00,1.561278429850548,sequential,accepted archive mtime proxy
shard-001,1309,2026-09-11T06:26:26.624133+00:00,4.521571399316114,sequential,accepted archive mtime proxy
shard-000,568,2026-09-11T06:28:50.274731+00:00,16.28261178403239,sequential,accepted archive mtime proxy
shard-001,1310,2026-09-11T06:30:01.534425+00:00,3.322756602083488,sequential,accepted archive mtime proxy
shard-000,569,2026-09-11T06:30:21.132771+00:00,1.3096213812493565,sequential,accepted archive mtime proxy
shard-001,1311,2026-09-11T06:31:42.689605+00:00,1.4271562590321991,sequential,accepted archive mtime proxy
shard-000,570,2026-09-11T06:32:06.113019+00:00,1.5119424222328235,sequential,accepted archive mtime proxy
shard-001,1312,2026-09-11T06:32:30.363422+00:00,0.5713870312494691,sequential,accepted archive mtime proxy
shard-001,1313,2026-09-11T06:35:51.422499+00:00,3.1049854381844244,sequential,accepted archive mtime proxy
shard-000,571,2026-09-11T06:36:02.504608+00:00,3.7271015638815395,sequential,accepted archive mtime proxy
shard-001,1314,2026-09-11T06:37:15.648506+00:00,1.1593063034679896,sequential,accepted archive mtime proxy
shard-001,1315,2026-09-11T06:38:24.286624+00:00,0.8896225673670415,sequential,accepted archive mtime proxy
shard-000,572,2026-09-11T06:38:27.966429+00:00,2.1998919333331286,sequential,accepted archive mtime proxy
shard-001,1316,2026-09-11T06:39:54.292225+00:00,1.258435732650105,sequential,accepted archive mtime proxy
shard-001,1317,2026-09-11T06:40:46.927612+00:00,0.6552074632005921,sequential,accepted archive mtime proxy
shard-000,573,2026-09-11T06:41:08.670363+00:00,2.4510110916666843,sequential,accepted archive mtime proxy
shard-001,1318,2026-09-11T06:41:32.540011+00:00,0.5214418215327896,sequential,accepted archive mtime proxy
shard-001,1319,2026-09-11T06:42:43.594206+00:00,0.9408794194498721,sequential,accepted archive mtime proxy
shard-001,1320,2026-09-11T06:43:42.920167+00:00,0.7221632722163728,sequential,accepted archive mtime proxy
shard-001,1321,2026-09-11T06:54:54.261175+00:00,10.938425247215976,sequential,accepted archive mtime proxy
shard-000,574,2026-09-11T06:56:22.375587+00:00,15.003765879848894,sequential,accepted archive mtime proxy
shard-001,1322,2026-09-11T06:57:08.750801+00:00,2.0150409493168504,sequential,accepted archive mtime proxy
shard-000,575,2026-09-11T06:57:32.093136+00:00,0.9576882430507491,sequential,accepted archive mtime proxy
shard-001,1323,2026-09-11T07:00:43.529604+00:00,3.324546553483621,sequential,accepted archive mtime proxy
shard-001,1324,2026-09-11T07:04:55.118117+00:00,3.943194984033471,sequential,accepted archive mtime proxy
shard-000,576,2026-09-11T07:12:38.153818+00:00,14.870023611114204,sequential,accepted archive mtime proxy
shard-000,577,2026-09-11T07:13:37.422481+00:00,0.7720664034830407,sequential,accepted archive mtime proxy
shard-000,578,2026-09-11T07:14:38.290677+00:00,0.7899810805509333,sequential,accepted archive mtime proxy
shard-001,1325,2026-09-11T07:14:46.721393+00:00,9.605830860415397,sequential,accepted archive mtime proxy
shard-000,579,2026-09-11T07:16:53.813733+00:00,2.0480699451329807,sequential,accepted archive mtime proxy
shard-001,1326,2026-09-11T07:18:24.150231+00:00,3.4084927867981607,sequential,accepted archive mtime proxy
shard-001,1327,2026-09-11T07:19:32.032127+00:00,0.8572210194348978,sequential,accepted archive mtime proxy
shard-001,1328,2026-09-11T07:21:04.512136+00:00,1.308684752767052,sequential,accepted archive mtime proxy
shard-001,1329,2026-09-11T07:22:21.998058+00:00,1.0414391611004248,sequential,accepted archive mtime proxy
shard-001,1330,2026-09-11T07:23:31.311242+00:00,0.9233076673680141,sequential,accepted archive mtime proxy
shard-001,1331,2026-09-11T07:24:50.630090+00:00,1.0570495979161934,sequential,accepted archive mtime proxy
shard-000,580,2026-09-11T07:24:57.820549+00:00,7.833856759016635,sequential,accepted archive mtime proxy
shard-001,1332,2026-09-11T07:26:32.756902+00:00,1.4603743326326366,sequential,accepted archive mtime proxy
shard-001,1333,2026-09-11T07:29:15.960114+00:00,2.484279214584967,sequential,accepted archive mtime proxy
shard-001,1334,2026-09-11T07:30:34.893679+00:00,1.0747560291667468,sequential,accepted archive mtime proxy
shard-001,1335,2026-09-11T07:33:03.892222+00:00,2.2319652007000212,sequential,accepted archive mtime proxy
shard-001,1336,2026-09-11T07:35:01.552433+00:00,1.6945498437504285,sequential,accepted archive mtime proxy
shard-001,1337,2026-09-11T07:37:25.405575+00:00,2.1655121902838195,sequential,accepted archive mtime proxy
shard-001,1338,2026-09-11T07:40:32.106581+00:00,2.8693507451331244,sequential,accepted archive mtime proxy
shard-001,1339,2026-09-11T07:41:55.727156+00:00,1.1414193062499787,sequential,accepted archive mtime proxy
shard-000,581,2026-09-11T07:42:01.668055+00:00,16.86212791180005,sequential,accepted archive mtime proxy
shard-001,1340,2026-09-11T07:44:53.761783+00:00,2.7202269520824,sequential,accepted archive mtime proxy
shard-001,1341,2026-09-11T07:46:35.854633+00:00,1.4598835791655196,sequential,accepted archive mtime proxy
shard-001,1342,2026-09-11T07:47:38.646459+00:00,0.8059659430504932,sequential,accepted archive mtime proxy
shard-001,1343,2026-09-11T07:48:46.593815+00:00,0.8393665736153101,sequential,accepted archive mtime proxy
shard-001,1344,2026-09-11T07:50:31.413810+00:00,1.5268976958332738,sequential,accepted archive mtime proxy
shard-001,1345,2026-09-11T07:53:07.414801+00:00,2.349569714583534,sequential,accepted archive mtime proxy
shard-001,1346,2026-09-11T07:54:58.989117+00:00,1.5939777819497976,sequential,accepted archive mtime proxy
shard-000,582,2026-09-11T07:55:20.216027+00:00,13.087899327784545,sequential,accepted archive mtime proxy
shard-001,1347,2026-09-11T07:55:47.055318+00:00,0.5384142222173978,sequential,accepted archive mtime proxy
shard-000,583,2026-09-11T07:56:08.425351+00:00,0.588644758334461,sequential,accepted archive mtime proxy
shard-001,1348,2026-09-11T07:56:39.893985+00:00,0.6226157319499179,sequential,accepted archive mtime proxy
shard-000,584,2026-09-11T07:57:01.156406+00:00,0.6386560749999869,sequential,accepted archive mtime proxy
shard-000,585,2026-09-11T07:59:34.040060+00:00,2.315647471517635,sequential,accepted archive mtime proxy
shard-001,1349,2026-09-11T07:59:36.439767+00:00,2.6872185541666114,sequential,accepted archive mtime proxy
shard-000,586,2026-09-11T08:02:50.756790+00:00,3.0540881854171555,sequential,accepted archive mtime proxy
shard-001,1350,2026-09-11T08:03:11.852787+00:00,3.338084859016817,sequential,accepted archive mtime proxy
shard-000,587,2026-09-11T08:03:37.343111+00:00,0.5555566416665291,sequential,accepted archive mtime proxy
shard-001,1351,2026-09-11T08:04:29.159184+00:00,1.0418415145851516,sequential,accepted archive mtime proxy
shard-000,588,2026-09-11T08:04:52.063773+00:00,1.00813601804936,sequential,accepted archive mtime proxy
shard-001,1352,2026-09-11T08:05:26.746527+00:00,0.7062214673496783,sequential,accepted archive mtime proxy
shard-001,1353,2026-09-11T08:07:58.764543+00:00,2.2495873416676964,sequential,accepted archive mtime proxy
shard-000,589,2026-09-11T08:08:00.149912+00:00,2.905024206933255,sequential,accepted archive mtime proxy
shard-001,1354,2026-09-11T08:10:00.844404+00:00,1.8131351895824386,sequential,accepted archive mtime proxy
shard-000,590,2026-09-11T08:10:10.470239+00:00,1.9483864111166136,sequential,accepted archive mtime proxy
shard-001,1355,2026-09-11T08:13:38.680609+00:00,3.373612167366082,sequential,accepted archive mtime proxy
shard-000,591,2026-09-11T08:13:46.210778+00:00,3.390665375701307,sequential,accepted archive mtime proxy
shard-000,592,2026-09-11T08:17:25.523762+00:00,3.441513371533559,sequential,accepted archive mtime proxy
shard-001,1356,2026-09-11T08:18:34.670031+00:00,4.701205206249142,sequential,accepted archive mtime proxy
shard-000,593,2026-09-11T08:19:41.914053+00:00,2.031682941666804,sequential,accepted archive mtime proxy
shard-001,1357,2026-09-11T08:21:26.565040+00:00,2.585568642365979,sequential,accepted archive mtime proxy
shard-000,594,2026-09-11T08:21:37.170435+00:00,1.6949485347159983,sequential,accepted archive mtime proxy
shard-000,595,2026-09-11T08:26:01.176278+00:00,4.197064444432423,sequential,accepted archive mtime proxy
shard-001,1358,2026-09-11T08:26:15.857405+00:00,4.582323941667952,sequential,accepted archive mtime proxy
shard-000,596,2026-09-11T08:27:44.329985+00:00,1.4780363847326954,sequential,accepted archive mtime proxy
shard-001,1359,2026-09-11T08:28:07.357117+00:00,1.595149307649505,sequential,accepted archive mtime proxy
shard-000,597,2026-09-11T08:28:37.261504+00:00,0.6728708798667261,sequential,accepted archive mtime proxy
shard-000,598,2026-09-11T08:32:16.573920+00:00,3.4072759840327005,sequential,accepted archive mtime proxy
shard-000,599,2026-09-11T08:33:47.970318+00:00,1.2927590458343425,sequential,accepted archive mtime proxy
shard-000,600,2026-09-11T08:36:14.889690+00:00,2.216057962499326,sequential,accepted archive mtime proxy
shard-001,1360,2026-09-11T08:36:32.592967+00:00,8.154284368051837,sequential,accepted archive mtime proxy
shard-000,601,2026-09-11T08:38:11.354702+00:00,1.7132622805501645,sequential,accepted archive mtime proxy
shard-001,1361,2026-09-11T08:38:31.502938+00:00,1.7134629312495235,sequential,accepted archive mtime proxy
shard-001,1362,2026-09-11T08:42:49.538673+00:00,4.045708892366383,sequential,accepted archive mtime proxy
shard-000,602,2026-09-11T08:42:59.817999+00:00,4.565867526384924,sequential,accepted archive mtime proxy
shard-001,1363,2026-09-11T08:45:20.766423+00:00,2.283473225000004,sequential,accepted archive mtime proxy
shard-000,603,2026-09-11T08:46:22.643071+00:00,3.1723723992996384,sequential,accepted archive mtime proxy
shard-001,1364,2026-09-11T08:47:05.960402+00:00,1.494052210417188,sequential,accepted archive mtime proxy
shard-000,604,2026-09-11T08:47:34.203363+00:00,0.9585213631993005,sequential,accepted archive mtime proxy
shard-001,1365,2026-09-11T08:47:57.587999+00:00,0.5885425277675191,sequential,accepted archive mtime proxy
shard-000,605,2026-09-11T08:48:23.236564+00:00,0.5719272895832546,sequential,accepted archive mtime proxy
shard-001,1366,2026-09-11T08:48:51.673893+00:00,0.6227982895836855,sequential,accepted archive mtime proxy
shard-000,606,2026-09-11T08:49:25.020555+00:00,0.790356343749833,sequential,accepted archive mtime proxy
shard-001,1367,2026-09-11T08:49:40.892461+00:00,0.5548503923676132,sequential,accepted archive mtime proxy
shard-000,607,2026-09-11T08:50:40.086361+00:00,1.0243158458344017,sequential,accepted archive mtime proxy
shard-001,1368,2026-09-11T08:51:01.943637+00:00,1.0754900368163363,sequential,accepted archive mtime proxy
shard-000,608,2026-09-11T08:51:32.920038+00:00,0.6563759986155977,sequential,accepted archive mtime proxy
shard-000,609,2026-09-11T08:53:36.199264+00:00,1.812519201382141,sequential,accepted archive mtime proxy
shard-001,1369,2026-09-11T08:53:40.459658+00:00,2.3845755243014235,sequential,accepted archive mtime proxy
shard-000,610,2026-09-11T08:56:15.559445+00:00,2.4341566867990574,sequential,accepted archive mtime proxy
shard-001,1370,2026-09-11T08:56:39.784551+00:00,2.7197739826495915,sequential,accepted archive mtime proxy
shard-000,611,2026-09-11T08:57:12.905211+00:00,0.7227394312503748,sequential,accepted archive mtime proxy
shard-001,1371,2026-09-11T08:59:27.762211+00:00,2.5198168180494878,sequential,accepted archive mtime proxy
shard-000,612,2026-09-11T08:59:45.078621+00:00,2.2990330604176656,sequential,accepted archive mtime proxy
shard-001,1372,2026-09-11T09:02:42.343256+00:00,2.9867857374988187,sequential,accepted archive mtime proxy
shard-000,613,2026-09-11T09:03:03.443981+00:00,3.0698478805657943,sequential,accepted archive mtime proxy
shard-001,1373,2026-09-11T09:03:33.913583+00:00,0.6050466319507298,sequential,accepted archive mtime proxy
shard-000,614,2026-09-11T09:04:39.688595+00:00,1.3601844284664064,sequential,accepted archive mtime proxy
shard-001,1374,2026-09-11T09:06:51.425291+00:00,3.0042075937497428,sequential,accepted archive mtime proxy
shard-000,615,2026-09-11T09:06:57.675977+00:00,2.063574540283298,sequential,accepted archive mtime proxy
shard-001,1375,2026-09-11T09:08:47.800025+00:00,1.713073775699983,sequential,accepted archive mtime proxy
shard-000,616,2026-09-11T09:09:19.318769+00:00,2.133635945833521,sequential,accepted archive mtime proxy
shard-001,1376,2026-09-11T09:10:03.858660+00:00,0.9918506909666273,sequential,accepted archive mtime proxy
shard-000,617,2026-09-11T09:10:09.457389+00:00,0.605607213883195,sequential,accepted archive mtime proxy
shard-001,1377,2026-09-11T09:12:05.454944+00:00,1.7626519861165435,sequential,accepted archive mtime proxy
shard-000,618,2026-09-11T09:12:18.929386+00:00,1.9300650805681168,sequential,accepted archive mtime proxy
shard-001,1378,2026-09-11T09:13:42.548052+00:00,1.358777382649714,sequential,accepted archive mtime proxy
shard-001,1379,2026-09-11T09:16:41.465455+00:00,2.73735857984866,sequential,accepted archive mtime proxy
shard-000,619,2026-09-11T09:16:52.366284+00:00,4.329366392366743,sequential,accepted archive mtime proxy
shard-001,1380,2026-09-11T09:18:29.174048+00:00,1.4945482472326452,sequential,accepted archive mtime proxy
shard-000,620,2026-09-11T09:18:34.524287+00:00,1.4613911138828068,sequential,accepted archive mtime proxy
shard-000,621,2026-09-11T09:20:34.751198+00:00,1.7640359888823391,sequential,accepted archive mtime proxy
shard-001,1381,2026-09-11T09:20:48.192990+00:00,2.0819827555659383,sequential,accepted archive mtime proxy
shard-000,622,2026-09-11T09:21:55.227031+00:00,1.109480121531912,sequential,accepted archive mtime proxy
shard-001,1382,2026-09-11T09:22:24.980258+00:00,1.3442648673662916,sequential,accepted archive mtime proxy
shard-000,623,2026-09-11T09:22:35.539704+00:00,0.4543903527839575,sequential,accepted archive mtime proxy
shard-000,624,2026-09-11T09:24:16.816260+00:00,1.4431960062511886,sequential,accepted archive mtime proxy
shard-001,1383,2026-09-11T09:24:28.206982+00:00,1.7964107576330812,sequential,accepted archive mtime proxy
shard-001,1384,2026-09-11T09:26:53.263113+00:00,2.1491701840326036,sequential,accepted archive mtime proxy
shard-000,625,2026-09-11T09:27:21.216820+00:00,2.83699893054824,sequential,accepted archive mtime proxy
shard-001,1385,2026-09-11T09:27:51.643252+00:00,0.7231515375004771,sequential,accepted archive mtime proxy
shard-000,626,2026-09-11T09:28:56.651293+00:00,1.3452645229175686,sequential,accepted archive mtime proxy
shard-001,1386,2026-09-11T09:29:52.704586+00:00,1.7462827284665157,sequential,accepted archive mtime proxy
shard-000,627,2026-09-11T09:30:40.047283+00:00,1.4775550180502857,sequential,accepted archive mtime proxy
shard-001,1387,2026-09-11T09:31:22.775979+00:00,1.2261301618166423,sequential,accepted archive mtime proxy
shard-000,628,2026-09-11T09:31:33.758505+00:00,0.6721175145842911,sequential,accepted archive mtime proxy
shard-001,1388,2026-09-11T09:34:08.658652+00:00,2.5014606312499383,sequential,accepted archive mtime proxy
shard-000,629,2026-09-11T09:34:19.246580+00:00,2.5185299465161126,sequential,accepted archive mtime proxy
shard-001,1389,2026-09-11T09:35:14.018865+00:00,0.8231900229157569,sequential,accepted archive mtime proxy
shard-000,630,2026-09-11T09:35:42.577568+00:00,1.175638231250923,sequential,accepted archive mtime proxy
shard-001,1390,2026-09-11T09:36:01.530335+00:00,0.5214937270832404,sequential,accepted archive mtime proxy
shard-001,1391,2026-09-11T09:37:48.078092+00:00,1.5106940472323913,sequential,accepted archive mtime proxy
shard-000,631,2026-09-11T09:37:59.002783+00:00,2.015992245132414,sequential,accepted archive mtime proxy
shard-001,1392,2026-09-11T09:39:32.034994+00:00,1.4609038125005707,sequential,accepted archive mtime proxy
shard-000,632,2026-09-11T09:39:52.622890+00:00,1.6777246777821953,sequential,accepted archive mtime proxy
shard-001,1393,2026-09-11T09:40:24.140575+00:00,0.588377913182679,sequential,accepted archive mtime proxy
shard-000,633,2026-09-11T09:40:42.311273+00:00,0.5552555340342223,sequential,accepted archive mtime proxy
shard-001,1394,2026-09-11T09:41:28.062047+00:00,0.7897016583340398,sequential,accepted archive mtime proxy
shard-000,634,2026-09-11T09:41:50.437837+00:00,0.9070013923512306,sequential,accepted archive mtime proxy
shard-001,1395,2026-09-11T09:42:10.648664+00:00,0.45400528265163304,sequential,accepted archive mtime proxy
shard-000,635,2026-09-11T09:42:32.505205+00:00,0.47071389930012325,sequential,accepted archive mtime proxy
shard-001,1396,2026-09-11T09:43:29.120835+00:00,1.0254722201498225,sequential,accepted archive mtime proxy
shard-000,636,2026-09-11T09:44:43.177664+00:00,1.9147025958343875,sequential,accepted archive mtime proxy
shard-000,637,2026-09-11T09:46:47.024432+00:00,1.8120909201505129,sequential,accepted archive mtime proxy
shard-000,638,2026-09-11T09:48:23.624500+00:00,1.3933424590155483,sequential,accepted archive mtime proxy
shard-001,1397,2026-09-11T09:48:53.989398+00:00,5.155158820133268,sequential,accepted archive mtime proxy
shard-000,639,2026-09-11T09:49:20.825504+00:00,0.7062086750015927,sequential,accepted archive mtime proxy
shard-001,1398,2026-09-11T09:50:57.352276+00:00,1.7808238145837094,sequential,accepted archive mtime proxy
shard-000,640,2026-09-11T09:51:05.339766+00:00,1.478084409033181,sequential,accepted archive mtime proxy
shard-001,1399,2026-09-11T09:52:59.775594+00:00,1.7471334180503617,sequential,accepted archive mtime proxy
shard-001,1400,2026-09-11T09:55:17.475096+00:00,2.0149693354149347,sequential,accepted archive mtime proxy
shard-000,641,2026-09-11T09:55:31.891747+00:00,4.212083640966254,sequential,accepted archive mtime proxy
shard-001,1401,2026-09-11T09:56:08.444130+00:00,0.6043562180673082,sequential,accepted archive mtime proxy
shard-000,642,2026-09-11T09:56:21.670215+00:00,0.5714366638994155,sequential,accepted archive mtime proxy
shard-001,1402,2026-09-11T09:57:31.997301+00:00,1.1260317999986,sequential,accepted archive mtime proxy
shard-000,643,2026-09-11T09:57:49.747164+00:00,1.2431831743005508,sequential,accepted archive mtime proxy
shard-001,1403,2026-09-11T09:59:04.272593+00:00,1.2592095354164485,sequential,accepted archive mtime proxy
shard-000,644,2026-09-11T09:59:20.832872+00:00,1.2765181472330975,sequential,accepted archive mtime proxy
shard-000,645,2026-09-11T10:00:53.522046+00:00,1.2931340249992596,sequential,accepted archive mtime proxy
shard-001,1404,2026-09-11T10:00:58.452652+00:00,1.6291263930499553,sequential,accepted archive mtime proxy
shard-000,646,2026-09-11T10:02:29.771382+00:00,1.3766627076334166,sequential,accepted archive mtime proxy
shard-001,1405,2026-09-11T10:03:01.435095+00:00,1.7800180624995847,sequential,accepted archive mtime proxy
shard-000,647,2026-09-11T10:04:10.050040+00:00,1.4279890673661915,sequential,accepted archive mtime proxy
shard-001,1406,2026-09-11T10:04:27.375231+00:00,1.1422616090334485,sequential,accepted archive mtime proxy
shard-000,648,2026-09-11T10:04:49.083077+00:00,0.4038501041669709,sequential,accepted archive mtime proxy
shard-001,1407,2026-09-11T10:05:44.141017+00:00,1.0252106673666277,sequential,accepted archive mtime proxy
shard-000,649,2026-09-11T10:05:49.177163+00:00,0.7563972083327826,sequential,accepted archive mtime proxy
shard-000,650,2026-09-11T10:07:39.569470+00:00,1.5956893360998947,sequential,accepted archive mtime proxy
shard-001,1408,2026-09-11T10:07:45.416468+00:00,1.7628911347341878,sequential,accepted archive mtime proxy
shard-000,651,2026-09-11T10:09:42.497930+00:00,1.8133166402830587,sequential,accepted archive mtime proxy
shard-001,1409,2026-09-11T10:10:29.652498+00:00,2.484908519433035,sequential,accepted archive mtime proxy
shard-000,652,2026-09-11T10:10:46.221238+00:00,0.8059704194330455,sequential,accepted archive mtime proxy
shard-001,1410,2026-09-11T10:12:25.149785+00:00,1.6288440152847519,sequential,accepted archive mtime proxy
shard-000,653,2026-09-11T10:12:50.763147+00:00,1.8312261514016428,sequential,accepted archive mtime proxy
shard-000,654,2026-09-11T10:15:42.206808+00:00,2.5848455597161473,sequential,accepted archive mtime proxy
shard-001,1411,2026-09-11T10:16:10.239514+00:00,3.4754338756999155,sequential,accepted archive mtime proxy
shard-000,655,2026-09-11T10:17:28.443744+00:00,1.544341049300662,sequential,accepted archive mtime proxy
shard-000,656,2026-09-11T10:19:02.620285+00:00,1.3087492694496177,sequential,accepted archive mtime proxy
shard-001,1412,2026-09-11T10:19:13.528477+00:00,2.786461655566624,sequential,accepted archive mtime proxy
shard-000,657,2026-09-11T10:20:39.492637+00:00,1.3765308576325574,sequential,accepted archive mtime proxy
shard-001,1413,2026-09-11T10:20:52.484134+00:00,1.359157911100192,sequential,accepted archive mtime proxy
shard-000,658,2026-09-11T10:21:50.631229+00:00,0.9406914173664215,sequential,accepted archive mtime proxy
shard-001,1414,2026-09-11T10:22:47.489220+00:00,1.6460457826343675,sequential,accepted archive mtime proxy
shard-000,659,2026-09-11T10:23:03.264595+00:00,0.9580225305670562,sequential,accepted archive mtime proxy
shard-001,1415,2026-09-11T10:23:31.474658+00:00,0.47128549026674593,sequential,accepted archive mtime proxy
shard-000,660,2026-09-11T10:23:58.311539+00:00,0.6727222854174518,sequential,accepted archive mtime proxy
shard-000,661,2026-09-11T10:26:35.008929+00:00,2.350904621533118,sequential,accepted archive mtime proxy
shard-001,1416,2026-09-11T10:26:56.085238+00:00,3.1229955826497946,sequential,accepted archive mtime proxy
shard-001,1417,2026-09-11T10:28:08.269468+00:00,0.9236959701326365,sequential,accepted archive mtime proxy
shard-000,662,2026-09-11T10:28:09.030335+00:00,1.3268739576335065,sequential,accepted archive mtime proxy
shard-001,1418,2026-09-11T10:30:01.004170+00:00,1.5942708687507547,sequential,accepted archive mtime proxy
shard-000,663,2026-09-11T10:30:05.079046+00:00,1.678757902783885,sequential,accepted archive mtime proxy
shard-001,1419,2026-09-11T10:32:17.915041+00:00,2.0151356763827306,sequential,accepted archive mtime proxy
shard-000,664,2026-09-11T10:32:18.616787+00:00,1.9808435027836822,sequential,accepted archive mtime proxy
shard-001,1420,2026-09-11T10:33:30.988509+00:00,0.9577339777664747,sequential,accepted archive mtime proxy
shard-000,665,2026-09-11T10:33:55.687561+00:00,1.3778192312495472,sequential,accepted archive mtime proxy
shard-001,1421,2026-09-11T10:34:12.787996+00:00,0.42045043333394766,sequential,accepted archive mtime proxy
shard-000,666,2026-09-11T10:34:51.495243+00:00,0.6892214437500418,sequential,accepted archive mtime proxy
shard-001,1422,2026-09-11T10:35:52.127084+00:00,1.3601825986154532,sequential,accepted archive mtime proxy
shard-000,667,2026-09-11T10:36:20.198514+00:00,1.2260260902655622,sequential,accepted archive mtime proxy
shard-001,1423,2026-09-11T10:36:35.132748+00:00,0.4538791263999883,sequential,accepted archive mtime proxy
shard-000,668,2026-09-11T10:38:14.394497+00:00,1.6110371041674323,sequential,accepted archive mtime proxy
shard-001,1424,2026-09-11T10:38:21.664123+00:00,1.4611791382000472,sequential,accepted archive mtime proxy
shard-000,669,2026-09-11T10:39:20.565626+00:00,0.8733161881837683,sequential,accepted archive mtime proxy
shard-001,1425,2026-09-11T10:39:33.722345+00:00,0.9587419632007368,sequential,accepted archive mtime proxy
shard-000,670,2026-09-11T10:39:59.505190+00:00,0.4038513013840808,sequential,accepted archive mtime proxy
shard-001,1426,2026-09-11T10:40:22.768085+00:00,0.5214330458334492,sequential,accepted archive mtime proxy
shard-000,671,2026-09-11T10:40:41.023697+00:00,0.4040564166653591,sequential,accepted archive mtime proxy
shard-001,1427,2026-09-11T10:42:01.293073+00:00,1.3431144444504752,sequential,accepted archive mtime proxy
shard-000,672,2026-09-11T10:42:28.381663+00:00,1.5451091229178322,sequential,accepted archive mtime proxy
shard-001,1428,2026-09-11T10:43:05.629376+00:00,0.7904252402678442,sequential,accepted archive mtime proxy
shard-000,673,2026-09-11T10:43:12.643828+00:00,0.47054287916592635,sequential,accepted archive mtime proxy
shard-000,674,2026-09-11T10:44:58.850019+00:00,1.5270971097168513,sequential,accepted archive mtime proxy
shard-001,1429,2026-09-11T10:45:02.054796+00:00,1.6775177722175916,sequential,accepted archive mtime proxy
shard-000,675,2026-09-11T10:46:19.129166+00:00,1.0917549180662414,sequential,accepted archive mtime proxy
shard-000,676,2026-09-11T10:47:40.665476+00:00,1.1079106263835758,sequential,accepted archive mtime proxy
shard-001,1430,2026-09-11T10:47:52.197095+00:00,2.5689046312511588,sequential,accepted archive mtime proxy
shard-001,1431,2026-09-11T10:50:59.846156+00:00,2.8375721166667063,sequential,accepted archive mtime proxy
shard-001,1432,2026-09-11T10:53:52.574002+00:00,2.6005320215345518,sequential,accepted archive mtime proxy
shard-001,1433,2026-09-11T10:55:36.145758+00:00,1.4615474847164782,sequential,accepted archive mtime proxy
shard-001,1434,2026-09-11T10:58:02.676493+00:00,2.132165492349304,sequential,accepted archive mtime proxy
shard-001,1435,2026-09-11T10:59:04.036531+00:00,0.7553133110981435,sequential,accepted archive mtime proxy
shard-000,677,2026-09-11T10:59:37.116741+00:00,11.685190307634183,sequential,accepted archive mtime proxy
shard-001,1436,2026-09-11T10:59:45.711379+00:00,0.42071597846612957,sequential,accepted archive mtime proxy
shard-001,1437,2026-09-11T11:01:12.698390+00:00,1.1750739479165835,sequential,accepted archive mtime proxy
shard-000,678,2026-09-11T11:01:17.398197+00:00,1.4279995854167888,sequential,accepted archive mtime proxy
shard-001,1438,2026-09-11T11:03:16.543983+00:00,1.780346459033899,sequential,accepted archive mtime proxy
shard-000,679,2026-09-11T11:03:25.367092+00:00,1.8619621340166002,sequential,accepted archive mtime proxy
shard-000,680,2026-09-11T11:03:59.817340+00:00,0.3361883881831697,sequential,accepted archive mtime proxy
shard-001,1439,2026-09-11T11:04:01.534209+00:00,0.4709473111162273,sequential,accepted archive mtime proxy
shard-000,681,2026-09-11T11:04:26.611878+00:00,0.18535662568368327,sequential,accepted archive mtime proxy
shard-001,1440,2026-09-11T11:04:58.724004+00:00,0.6887665319508718,sequential,accepted archive mtime proxy
shard-001,1441,2026-09-11T11:05:43.385339+00:00,0.47092997083285204,sequential,accepted archive mtime proxy
shard-001,1442,2026-09-11T11:06:25.851188+00:00,0.4206725701340474,sequential,accepted archive mtime proxy
shard-001,1443,2026-09-11T11:07:04.716853+00:00,0.3869957479163228,sequential,accepted archive mtime proxy
shard-001,1444,2026-09-11T11:07:46.397593+00:00,0.436940847915442,sequential,accepted archive mtime proxy
shard-001,1445,2026-09-11T11:08:26.452332+00:00,0.403517894433268,sequential,accepted archive mtime proxy
shard-001,1446,2026-09-11T11:09:05.567974+00:00,0.3868881395823943,sequential,accepted archive mtime proxy
shard-001,1447,2026-09-11T11:09:57.035283+00:00,0.5884917986171786,sequential,accepted archive mtime proxy
shard-001,1448,2026-09-11T11:10:42.587617+00:00,0.5048399882003044,sequential,accepted archive mtime proxy
shard-001,1449,2026-09-11T11:11:28.599805+00:00,0.5049201361155914,sequential,accepted archive mtime proxy
shard-001,1450,2026-09-11T11:11:59.341756+00:00,0.2525915305498832,sequential,accepted archive mtime proxy
shard-001,1451,2026-09-11T11:12:31.211362+00:00,0.2691109590154762,sequential,accepted archive mtime proxy
shard-003,2213,2026-09-11T11:16:29.045475+00:00,1.7814962520826763,sequential,accepted archive mtime proxy
shard-003,2214,2026-09-11T11:16:56.175249+00:00,0.4368275979165143,sequential,accepted archive mtime proxy
shard-003,2215,2026-09-11T11:17:38.264191+00:00,0.7061354979174211,sequential,accepted archive mtime proxy
shard-003,2216,2026-09-11T11:18:13.749291+00:00,0.5878940208349377,sequential,accepted archive mtime proxy
shard-003,2217,2026-09-11T11:19:01.957196+00:00,0.7890737888849496,sequential,accepted archive mtime proxy
shard-003,2218,2026-09-11T11:19:30.490557+00:00,0.4702848166654197,sequential,accepted archive mtime proxy
shard-003,2219,2026-09-11T11:20:22.305014+00:00,0.8575353805499617,sequential,accepted archive mtime proxy
shard-003,2220,2026-09-11T11:21:05.634458+00:00,0.7229780722176656,sequential,accepted archive mtime proxy
shard-003,2221,2026-09-11T11:21:45.897671+00:00,0.6554432270834999,sequential,accepted archive mtime proxy
shard-002,1452,2026-09-11T11:22:20.818958+00:00,7.631154071549342,sequential,accepted archive mtime proxy
shard-003,2222,2026-09-11T11:22:43.040875+00:00,0.9581609111162834,sequential,accepted archive mtime proxy
shard-002,1453,2026-09-11T11:22:59.547396+00:00,0.6555172236151218,sequential,accepted archive mtime proxy
shard-002,1454,2026-09-11T11:23:47.462145+00:00,0.7893674555506247,sequential,accepted archive mtime proxy
shard-002,1455,2026-09-11T11:24:36.821048+00:00,0.8058963444491383,sequential,accepted archive mtime proxy
shard-003,2223,2026-09-11T11:24:43.163243+00:00,1.9812273604174455,sequential,accepted archive mtime proxy
shard-003,2224,2026-09-11T11:25:52.263710+00:00,1.1427060437505134,sequential,accepted archive mtime proxy
shard-002,1456,2026-09-11T11:26:03.387773+00:00,1.445454641666341,sequential,accepted archive mtime proxy
shard-003,2225,2026-09-11T11:27:04.614009+00:00,1.2087387215152072,sequential,accepted archive mtime proxy
shard-002,1457,2026-09-11T11:27:32.404401+00:00,1.4770786916681875,sequential,accepted archive mtime proxy
shard-003,2226,2026-09-11T11:27:52.517266+00:00,0.7893957742994341,sequential,accepted archive mtime proxy
shard-003,2227,2026-09-11T11:28:23.850382+00:00,0.5039710736173826,sequential,accepted archive mtime proxy
shard-002,1458,2026-09-11T11:28:27.890234+00:00,0.9237907951329059,sequential,accepted archive mtime proxy
shard-002,1459,2026-09-11T11:29:05.215479+00:00,0.6047095645839969,sequential,accepted archive mtime proxy
shard-003,2228,2026-09-11T11:29:06.678572+00:00,0.7057627111149486,sequential,accepted archive mtime proxy
shard-002,1460,2026-09-11T11:29:48.481652+00:00,0.7216174298664555,sequential,accepted archive mtime proxy
shard-003,2229,2026-09-11T11:30:01.840859+00:00,0.9065033576490047,sequential,accepted archive mtime proxy
shard-002,1461,2026-09-11T11:31:06.974547+00:00,1.292391840283138,sequential,accepted archive mtime proxy
shard-003,2230,2026-09-11T11:31:07.546025+00:00,1.0910248479165603,sequential,accepted archive mtime proxy
shard-002,1462,2026-09-11T11:32:11.804614+00:00,1.0745753951351313,sequential,accepted archive mtime proxy
shard-002,1463,2026-09-11T11:32:56.257821+00:00,0.7393168708348337,sequential,accepted archive mtime proxy
shard-003,2231,2026-09-11T11:35:56.256680+00:00,4.800439966667909,sequential,accepted archive mtime proxy
shard-002,1464,2026-09-11T11:35:58.378262+00:00,3.0221249979163987,sequential,accepted archive mtime proxy
shard-002,1465,2026-09-11T11:37:03.636590+00:00,1.0738707805673282,sequential,accepted archive mtime proxy
shard-002,1466,2026-09-11T11:38:09.668432+00:00,1.0903077798507488,sequential,accepted archive mtime proxy
shard-002,1467,2026-09-11T11:39:20.721509+00:00,1.1742491284676362,sequential,accepted archive mtime proxy
shard-003,2232,2026-09-11T11:47:14.272445+00:00,11.284615972900065,sequential,accepted archive mtime proxy
shard-002,1468,2026-09-11T11:47:57.576417+00:00,8.603838216666675,sequential,accepted archive mtime proxy
shard-003,2233,2026-09-11T11:49:58.402258+00:00,2.733660988199214,sequential,accepted archive mtime proxy
shard-002,1469,2026-09-11T11:50:00.642726+00:00,2.047032973616539,sequential,accepted archive mtime proxy
shard-003,2234,2026-09-11T11:52:02.165605+00:00,2.0466153610982776,sequential,accepted archive mtime proxy
shard-002,1470,2026-09-11T11:52:05.846008+00:00,2.080274668048757,sequential,accepted archive mtime proxy
shard-002,1471,2026-09-11T11:53:22.002323+00:00,1.2581948798673692,sequential,accepted archive mtime proxy
shard-003,2235,2026-09-11T11:53:57.741758+00:00,1.912720086800012,sequential,accepted archive mtime proxy
shard-002,1472,2026-09-11T11:54:45.478008+00:00,1.3770312826498412,sequential,accepted archive mtime proxy
shard-002,1473,2026-09-11T11:55:29.328060+00:00,0.7216991249995772,sequential,accepted archive mtime proxy
shard-002,1474,2026-09-11T11:56:23.289455+00:00,0.8897943958329658,sequential,accepted archive mtime proxy
shard-003,2236,2026-09-11T11:57:18.831056+00:00,3.340814748617898,sequential,accepted archive mtime proxy
shard-002,1475,2026-09-11T11:57:24.904873+00:00,1.00710502640189,sequential,accepted archive mtime proxy
shard-003,2237,2026-09-11T11:58:04.858538+00:00,0.7551100999990012,sequential,accepted archive mtime proxy
shard-002,1476,2026-09-11T11:58:18.087133+00:00,0.8729449249998046,sequential,accepted archive mtime proxy
shard-002,1477,2026-09-11T11:59:25.924352+00:00,1.12329036250012,sequential,accepted archive mtime proxy
shard-002,1478,2026-09-11T12:01:06.420182+00:00,1.6609916062501724,sequential,accepted archive mtime proxy
shard-002,1479,2026-09-11T12:02:38.941961+00:00,1.5274053493165411,sequential,accepted archive mtime proxy
shard-002,1480,2026-09-11T12:03:52.353241+00:00,1.2085148777832122,sequential,accepted archive mtime proxy
shard-002,1481,2026-09-11T12:05:26.379065+00:00,1.5441233236168046,sequential,accepted archive mtime proxy
shard-002,1482,2026-09-11T12:06:50.423592+00:00,1.3934091298666318,sequential,accepted archive mtime proxy
shard-002,1483,2026-09-11T12:08:34.662992+00:00,1.728755754166438,sequential,accepted archive mtime proxy
shard-003,2238,2026-09-11T12:08:50.727262+00:00,10.748330561100738,sequential,accepted archive mtime proxy
shard-002,1484,2026-09-11T12:09:01.753067+00:00,0.4202443604182918,sequential,accepted archive mtime proxy
shard-002,1485,2026-09-11T12:09:50.431406+00:00,0.8049548791663256,sequential,accepted archive mtime proxy
shard-003,2239,2026-09-11T12:09:56.309099+00:00,1.0908870597331164,sequential,accepted archive mtime proxy
shard-002,1486,2026-09-11T12:10:16.743985+00:00,0.42031743471549515,sequential,accepted archive mtime proxy
shard-003,2240,2026-09-11T12:10:32.873778+00:00,0.588400844449643,sequential,accepted archive mtime proxy
shard-002,1487,2026-09-11T12:10:54.170601+00:00,0.6052598250001514,sequential,accepted archive mtime proxy
shard-003,2241,2026-09-11T12:11:08.778864+00:00,0.5880703888833523,sequential,accepted archive mtime proxy
shard-002,1488,2026-09-11T12:11:35.963412+00:00,0.6888716034843431,sequential,accepted archive mtime proxy
shard-003,2242,2026-09-11T12:12:01.306334+00:00,0.8565911444486118,sequential,accepted archive mtime proxy
shard-002,1489,2026-09-11T12:12:45.779125+00:00,1.1418337235983926,sequential,accepted archive mtime proxy
shard-003,2243,2026-09-11T12:12:49.662708+00:00,0.7895777069323231,sequential,accepted archive mtime proxy
shard-003,2244,2026-09-11T12:14:46.532783+00:00,1.9291639340323552,sequential,accepted archive mtime proxy
shard-003,2245,2026-09-11T12:15:57.643085+00:00,1.1751739340329854,sequential,accepted archive mtime proxy
shard-003,2246,2026-09-11T12:17:45.477387+00:00,1.7792342618166004,sequential,accepted archive mtime proxy
shard-003,2247,2026-09-11T12:21:23.550069+00:00,3.6258870277844837,sequential,accepted archive mtime proxy
shard-003,2248,2026-09-11T12:22:35.824450+00:00,1.1912562166670493,sequential,accepted archive mtime proxy
shard-003,2249,2026-09-11T12:23:22.362453+00:00,0.7559475500000796,sequential,accepted archive mtime proxy
shard-002,1490,2026-09-11T12:23:30.893078+00:00,10.726261390984291,sequential,accepted archive mtime proxy
shard-003,2250,2026-09-11T12:24:20.453927+00:00,0.9400848840343922,sequential,accepted archive mtime proxy
shard-003,2251,2026-09-11T12:25:38.132093+00:00,1.292820694448892,sequential,accepted archive mtime proxy
shard-003,2252,2026-09-11T12:26:36.395347+00:00,0.9397357340339416,sequential,accepted archive mtime proxy
shard-003,2253,2026-09-11T12:27:55.522918+00:00,1.3099483812499482,sequential,accepted archive mtime proxy
shard-003,2254,2026-09-11T12:29:11.207610+00:00,1.2417462583320835,sequential,accepted archive mtime proxy
shard-002,1491,2026-09-11T12:41:43.858448+00:00,18.199000951383884,sequential,accepted archive mtime proxy
shard-002,1492,2026-09-11T12:42:51.584709+00:00,1.1254193090174036,sequential,accepted archive mtime proxy
shard-003,2255,2026-09-11T12:43:31.936638+00:00,14.314681648616292,sequential,accepted archive mtime proxy
shard-002,1493,2026-09-11T12:43:38.778261+00:00,0.7562204597323823,sequential,accepted archive mtime proxy
shard-003,2256,2026-09-11T12:44:18.670743+00:00,0.7728383541669852,sequential,accepted archive mtime proxy
shard-002,1494,2026-09-11T12:44:50.375415+00:00,1.1762062770818982,sequential,accepted archive mtime proxy
shard-003,2257,2026-09-11T12:45:20.471667+00:00,1.007905629851545,sequential,accepted archive mtime proxy
shard-002,1495,2026-09-11T12:45:27.063795+00:00,0.5879122937505599,sequential,accepted archive mtime proxy
shard-002,1496,2026-09-11T12:46:02.225615+00:00,0.5717417131992988,sequential,accepted archive mtime proxy
shard-003,2258,2026-09-11T12:46:18.221953+00:00,0.941097845833671,sequential,accepted archive mtime proxy
shard-002,1497,2026-09-11T12:47:02.960301+00:00,0.9910081347178978,sequential,accepted archive mtime proxy
shard-003,2259,2026-09-11T12:47:14.418288+00:00,0.9066502187498069,sequential,accepted archive mtime proxy
shard-002,1498,2026-09-11T12:48:29.835946+00:00,1.4273344749992247,sequential,accepted archive mtime proxy
shard-002,1499,2026-09-11T12:50:41.414302+00:00,2.18058095346787,sequential,accepted archive mtime proxy
shard-003,2260,2026-09-11T12:51:04.800051+00:00,3.8252756132006955,sequential,accepted archive mtime proxy
shard-002,1500,2026-09-11T12:51:57.412538+00:00,1.2428034791664686,sequential,accepted archive mtime proxy
shard-002,1501,2026-09-11T12:53:16.731055+00:00,1.2916103388823104,sequential,accepted archive mtime proxy
shard-002,1502,2026-09-11T12:54:24.924061+00:00,1.1236443256998123,sequential,accepted archive mtime proxy
shard-003,2261,2026-09-11T12:55:25.303719+00:00,4.328663366666296,sequential,accepted archive mtime proxy
shard-002,1503,2026-09-11T12:55:33.124297+00:00,1.108630190968203,sequential,accepted archive mtime proxy
shard-002,1504,2026-09-11T12:56:21.481430+00:00,0.7894185375014786,sequential,accepted archive mtime proxy
shard-003,2262,2026-09-11T12:57:02.395085+00:00,1.5958995569342127,sequential,accepted archive mtime proxy
shard-002,1505,2026-09-11T12:57:14.345964+00:00,0.8569203708340258,sequential,accepted archive mtime proxy
shard-003,2263,2026-09-11T12:57:42.303882+00:00,0.638684113882482,sequential,accepted archive mtime proxy
shard-002,1506,2026-09-11T12:58:51.358581+00:00,1.5946815020851015,sequential,accepted archive mtime proxy
shard-003,2264,2026-09-11T12:59:25.273258+00:00,1.695813862500169,sequential,accepted archive mtime proxy
shard-003,2265,2026-09-11T13:00:32.601509+00:00,1.1067180458339863,sequential,accepted archive mtime proxy
shard-002,1507,2026-09-11T13:00:36.039317+00:00,1.7124106520825686,sequential,accepted archive mtime proxy
shard-002,1508,2026-09-11T13:01:07.647093+00:00,0.5037995590343295,sequential,accepted archive mtime proxy
shard-003,2266,2026-09-11T13:01:22.988422+00:00,0.806843084017358,sequential,accepted archive mtime proxy
shard-002,1509,2026-09-11T13:01:34.945740+00:00,0.4371591374995963,sequential,accepted archive mtime proxy
shard-003,2267,2026-09-11T13:01:59.647061+00:00,0.5882798527833074,sequential,accepted archive mtime proxy
shard-002,1510,2026-09-11T13:02:03.507293+00:00,0.45377428888265664,sequential,accepted archive mtime proxy
shard-002,1511,2026-09-11T13:03:11.241438+00:00,1.1075989756830191,sequential,accepted archive mtime proxy
shard-003,2268,2026-09-11T13:03:22.011766+00:00,1.3601010965163975,sequential,accepted archive mtime proxy
shard-002,1512,2026-09-11T13:04:30.280987+00:00,1.293368467366478,sequential,accepted archive mtime proxy
shard-003,2269,2026-09-11T13:04:40.679758+00:00,1.2756044798666457,sequential,accepted archive mtime proxy
shard-002,1513,2026-09-11T13:06:21.572215+00:00,1.8294688416664333,sequential,accepted archive mtime proxy
shard-003,2270,2026-09-11T13:06:43.203492+00:00,2.0137608041676383,sequential,accepted archive mtime proxy
shard-002,1514,2026-09-11T13:07:20.410074+00:00,0.9407496826315764,sequential,accepted archive mtime proxy
shard-003,2271,2026-09-11T13:07:25.784458+00:00,0.6887548117995418,sequential,accepted archive mtime proxy
shard-003,2272,2026-09-11T13:08:24.084536+00:00,0.9581877034661981,sequential,accepted archive mtime proxy
shard-003,2273,2026-09-11T13:09:32.622859+00:00,1.10946283818339,sequential,accepted archive mtime proxy
shard-002,1515,2026-09-11T13:09:34.722113+00:00,2.217658946515682,sequential,accepted archive mtime proxy
shard-003,2274,2026-09-11T13:10:21.373755+00:00,0.789799306250643,sequential,accepted archive mtime proxy
shard-003,2275,2026-09-11T13:11:35.414799+00:00,1.2093247423666373,sequential,accepted archive mtime proxy
shard-003,2276,2026-09-11T13:12:16.598585+00:00,0.6554063007002696,sequential,accepted archive mtime proxy
shard-003,2277,2026-09-11T13:12:49.027826+00:00,0.5212538291661379,sequential,accepted archive mtime proxy
shard-002,1516,2026-09-11T13:14:09.004710+00:00,4.553505949317089,sequential,accepted archive mtime proxy
shard-003,2278,2026-09-11T13:15:06.312388+00:00,2.2515944347173598,sequential,accepted archive mtime proxy
shard-003,2279,2026-09-11T13:15:41.756411+00:00,0.5703630791666607,sequential,accepted archive mtime proxy
shard-003,2280,2026-09-11T13:16:39.943610+00:00,0.9405824131992024,sequential,accepted archive mtime proxy
shard-003,2281,2026-09-11T13:17:23.833441+00:00,0.705655129866985,sequential,accepted archive mtime proxy
shard-003,2282,2026-09-11T13:18:22.405473+00:00,0.9410748222338347,sequential,accepted archive mtime proxy
shard-003,2283,2026-09-11T13:19:00.936763+00:00,0.6221655013835213,sequential,accepted archive mtime proxy
shard-003,2284,2026-09-11T13:19:58.608445+00:00,0.9242800930495529,sequential,accepted archive mtime proxy
shard-003,2285,2026-09-11T13:21:10.959558+00:00,1.192111717366303,sequential,accepted archive mtime proxy
shard-003,2286,2026-09-11T13:22:02.657633+00:00,0.8233927958334486,sequential,accepted archive mtime proxy
shard-002,1517,2026-09-11T13:22:28.045160+00:00,8.278992542366419,sequential,accepted archive mtime proxy
shard-003,2287,2026-09-11T13:23:03.839666+00:00,0.9914203090166362,sequential,accepted archive mtime proxy
shard-003,2288,2026-09-11T13:24:17.247360+00:00,1.1919661270842576,sequential,accepted archive mtime proxy
shard-003,2289,2026-09-11T13:25:23.434572+00:00,1.074960604866889,sequential,accepted archive mtime proxy
shard-003,2290,2026-09-11T13:26:14.892685+00:00,0.8213883770843192,sequential,accepted archive mtime proxy
shard-002,1518,2026-09-11T13:26:20.553308+00:00,3.857748473616084,sequential,accepted archive mtime proxy
shard-003,2291,2026-09-11T13:27:14.424458+00:00,0.9731422666673704,sequential,accepted archive mtime proxy
shard-002,1519,2026-09-11T13:27:27.411808+00:00,1.0913124555489049,sequential,accepted archive mtime proxy
shard-003,2292,2026-09-11T13:27:58.946582+00:00,0.7058628854147779,sequential,accepted archive mtime proxy
shard-002,1520,2026-09-11T13:28:22.255179+00:00,0.87369008193297,sequential,accepted archive mtime proxy
shard-002,1521,2026-09-11T13:29:26.353810+00:00,1.0393758402826885,sequential,accepted archive mtime proxy
shard-003,2293,2026-09-11T13:29:27.342600+00:00,1.4439066298500014,sequential,accepted archive mtime proxy
shard-003,2294,2026-09-11T13:30:22.285477+00:00,0.8738419395832655,sequential,accepted archive mtime proxy
shard-002,1522,2026-09-11T13:30:31.876617+00:00,1.0739791590332364,sequential,accepted archive mtime proxy
shard-002,1523,2026-09-11T13:31:42.201940+00:00,1.141583495833523,sequential,accepted archive mtime proxy
shard-002,1524,2026-09-11T13:32:50.012617+00:00,1.090559806249803,sequential,accepted archive mtime proxy
shard-003,2295,2026-09-11T13:32:53.201929+00:00,2.4843755694339054,sequential,accepted archive mtime proxy
shard-003,2296,2026-09-11T13:33:58.537635+00:00,1.0569403291660515,sequential,accepted archive mtime proxy
shard-002,1525,2026-09-11T13:34:10.910255+00:00,1.3266392541661238,sequential,accepted archive mtime proxy
shard-002,1526,2026-09-11T13:35:10.830709+00:00,0.9735596055494776,sequential,accepted archive mtime proxy
shard-003,2297,2026-09-11T13:35:11.939502+00:00,1.1911170284671244,sequential,accepted archive mtime proxy
shard-003,2298,2026-09-11T13:37:03.167885+00:00,1.8291761083334375,sequential,accepted archive mtime proxy
shard-002,1527,2026-09-11T13:37:03.645688+00:00,1.8471478507000332,sequential,accepted archive mtime proxy
shard-002,1528,2026-09-11T13:38:40.558635+00:00,1.5794898125013181,sequential,accepted archive mtime proxy
shard-003,2299,2026-09-11T13:38:50.593184+00:00,1.7464959944326741,sequential,accepted archive mtime proxy
shard-003,2300,2026-09-11T13:39:31.627571+00:00,0.6550908041671695,sequential,accepted archive mtime proxy
shard-002,1529,2026-09-11T13:39:44.244102+00:00,1.0416335375009416,sequential,accepted archive mtime proxy
shard-002,1530,2026-09-11T13:40:48.353954+00:00,1.0240988610991433,sequential,accepted archive mtime proxy
shard-003,2301,2026-09-11T13:40:57.493474+00:00,1.3936588743158305,sequential,accepted archive mtime proxy
shard-003,2302,2026-09-11T13:41:43.301005+00:00,0.7381382423491838,sequential,accepted archive mtime proxy
shard-002,1531,2026-09-11T13:41:45.958993+00:00,0.940657175683494,sequential,accepted archive mtime proxy
shard-003,2303,2026-09-11T13:43:21.811228+00:00,1.6102297347174803,sequential,accepted archive mtime proxy
shard-002,1532,2026-09-11T13:43:31.540641+00:00,1.7283535861157968,sequential,accepted archive mtime proxy
shard-002,1533,2026-09-11T13:44:02.517929+00:00,0.4699261632010651,sequential,accepted archive mtime proxy
shard-003,2304,2026-09-11T13:44:11.378087+00:00,0.7893811986005554,sequential,accepted archive mtime proxy
shard-002,1534,2026-09-11T13:44:26.642629+00:00,0.3868391895821939,sequential,accepted archive mtime proxy
shard-003,2305,2026-09-11T13:45:07.341220+00:00,0.8906296152679716,sequential,accepted archive mtime proxy
shard-002,1535,2026-09-11T13:45:19.374016+00:00,0.8400375020845483,sequential,accepted archive mtime proxy
shard-003,2306,2026-09-11T13:46:00.178347+00:00,0.8400700590165797,sequential,accepted archive mtime proxy
shard-002,1536,2026-09-11T13:46:13.685079+00:00,0.8730236812494695,sequential,accepted archive mtime proxy
shard-003,2307,2026-09-11T13:46:38.314832+00:00,0.6050606069504283,sequential,accepted archive mtime proxy
shard-002,1537,2026-09-11T13:48:08.956432+00:00,1.880163780551326,sequential,accepted archive mtime proxy
shard-003,2308,2026-09-11T13:48:23.000850+00:00,1.7117771381822726,sequential,accepted archive mtime proxy
shard-002,1538,2026-09-11T13:49:30.777331+00:00,1.3260860743156324,sequential,accepted archive mtime proxy
shard-002,1539,2026-09-11T13:50:41.218449+00:00,1.140861739583003,sequential,accepted archive mtime proxy
shard-002,1540,2026-09-11T13:52:08.270726+00:00,1.4102289555671936,sequential,accepted archive mtime proxy
shard-003,2309,2026-09-11T13:52:49.311787+00:00,4.396038368051328,sequential,accepted archive mtime proxy
shard-002,1541,2026-09-11T13:53:01.002893+00:00,0.8568133673494837,sequential,accepted archive mtime proxy
shard-003,2310,2026-09-11T13:53:41.939188+00:00,0.8398892979176404,sequential,accepted archive mtime proxy
shard-002,1542,2026-09-11T13:53:49.515166+00:00,0.7563186298667763,sequential,accepted archive mtime proxy
shard-003,2311,2026-09-11T13:54:22.237578+00:00,0.6385924506990704,sequential,accepted archive mtime proxy
shard-002,1543,2026-09-11T13:54:40.624481+00:00,0.8228061541662707,sequential,accepted archive mtime proxy
shard-003,2312,2026-09-11T13:55:07.794692+00:00,0.7221011902845931,sequential,accepted archive mtime proxy
shard-002,1544,2026-09-11T13:55:25.991505+00:00,0.7229927124998843,sequential,accepted archive mtime proxy
shard-003,2313,2026-09-11T13:55:42.425771+00:00,0.5378450527845416,sequential,accepted archive mtime proxy
shard-002,1545,2026-09-11T13:56:12.430386+00:00,0.7392980201344471,sequential,accepted archive mtime proxy
shard-003,2314,2026-09-11T13:56:14.218971+00:00,0.48695285694945295,sequential,accepted archive mtime proxy
shard-003,2315,2026-09-11T13:57:31.686816+00:00,1.2583640111164034,sequential,accepted archive mtime proxy
shard-002,1546,2026-09-11T13:57:37.669124+00:00,1.3757535354156667,sequential,accepted archive mtime proxy
shard-003,2316,2026-09-11T13:59:18.313976+00:00,1.728410567366518,sequential,accepted archive mtime proxy
shard-002,1547,2026-09-11T13:59:22.882836+00:00,1.7294389395819356,sequential,accepted archive mtime proxy
shard-003,2317,2026-09-11T14:00:53.580896+00:00,1.5609016881828817,sequential,accepted archive mtime proxy
shard-002,1548,2026-09-11T14:02:11.659703+00:00,2.7698984437505714,sequential,accepted archive mtime proxy
shard-003,2318,2026-09-11T14:02:17.435846+00:00,1.3429240826323319,sequential,accepted archive mtime proxy
shard-003,2319,2026-09-11T14:05:42.160405+00:00,3.3731698097176075,sequential,accepted archive mtime proxy
shard-002,1549,2026-09-11T14:05:48.219908+00:00,3.577144899298825,sequential,accepted archive mtime proxy
shard-003,2320,2026-09-11T14:07:45.419634+00:00,2.012745456950506,sequential,accepted archive mtime proxy
shard-002,1550,2026-09-11T14:07:53.909999+00:00,2.0484738451331697,sequential,accepted archive mtime proxy
shard-003,2321,2026-09-11T14:09:25.571509+00:00,1.6273038555673944,sequential,accepted archive mtime proxy
shard-002,1551,2026-09-11T14:09:26.872931+00:00,1.5110085180669557,sequential,accepted archive mtime proxy
shard-002,1552,2026-09-11T14:11:05.343037+00:00,1.6110484784663035,sequential,accepted archive mtime proxy
shard-003,2322,2026-09-11T14:11:11.686877+00:00,1.7294881590156972,sequential,accepted archive mtime proxy
shard-003,2323,2026-09-11T14:12:22.740046+00:00,1.1410206937483356,sequential,accepted archive mtime proxy
shard-002,1553,2026-09-11T14:12:38.242642+00:00,1.512402278468168,sequential,accepted archive mtime proxy
shard-003,2324,2026-09-11T14:12:56.175247+00:00,0.5212288298663528,sequential,accepted archive mtime proxy
shard-002,1554,2026-09-11T14:13:44.811644+00:00,1.0585246888843054,sequential,accepted archive mtime proxy
shard-003,2325,2026-09-11T14:13:45.371049+00:00,0.7719825201493222,sequential,accepted archive mtime proxy
shard-003,2326,2026-09-11T14:14:54.210958+00:00,1.1082816166667422,sequential,accepted archive mtime proxy
shard-003,2327,2026-09-11T14:15:42.720823+00:00,0.7726938902846693,sequential,accepted archive mtime proxy
shard-002,1555,2026-09-11T14:15:45.944507+00:00,1.980976876381707,sequential,accepted archive mtime proxy
shard-003,2328,2026-09-11T14:17:18.297020+00:00,1.5445066444498177,sequential,accepted archive mtime proxy
shard-002,1556,2026-09-11T14:17:33.159752+00:00,1.7450017020824211,sequential,accepted archive mtime proxy
shard-002,1557,2026-09-11T14:18:08.783188+00:00,0.5541221791664914,sequential,accepted archive mtime proxy
shard-003,2329,2026-09-11T14:18:15.615987+00:00,0.9072161305656967,sequential,accepted archive mtime proxy
shard-002,1558,2026-09-11T14:18:58.983112+00:00,0.8063613625010475,sequential,accepted archive mtime proxy
shard-003,2330,2026-09-11T14:19:11.117229+00:00,0.8899559361161664,sequential,accepted archive mtime proxy
shard-002,1559,2026-09-11T14:19:36.182537+00:00,0.570896810417374,sequential,accepted archive mtime proxy
shard-003,2331,2026-09-11T14:19:57.265110+00:00,0.7224947937492592,sequential,accepted archive mtime proxy
shard-002,1560,2026-09-11T14:20:09.900185+00:00,0.5211014069500379,sequential,accepted archive mtime proxy
shard-003,2332,2026-09-11T14:21:16.092058+00:00,1.2596146020824865,sequential,accepted archive mtime proxy
shard-002,1561,2026-09-11T14:21:25.457943+00:00,1.2092463639002138,sequential,accepted archive mtime proxy
shard-003,2333,2026-09-11T14:22:31.172506+00:00,1.2079886569331089,sequential,accepted archive mtime proxy
shard-002,1562,2026-09-11T14:22:46.069742+00:00,1.3096577659656758,sequential,accepted archive mtime proxy
shard-003,2334,2026-09-11T14:23:13.711210+00:00,0.6717351937511314,sequential,accepted archive mtime proxy
shard-002,1563,2026-09-11T14:23:31.624073+00:00,0.7230843590165023,sequential,accepted archive mtime proxy
shard-003,2335,2026-09-11T14:23:44.744650+00:00,0.4707133770842726,sequential,accepted archive mtime proxy
shard-002,1564,2026-09-11T14:24:11.001310+00:00,0.6048494395819337,sequential,accepted archive mtime proxy
shard-003,2336,2026-09-11T14:24:26.881463+00:00,0.6552581882007265,sequential,accepted archive mtime proxy
shard-003,2337,2026-09-11T14:26:07.394992+00:00,1.6286194576493775,sequential,accepted archive mtime proxy
shard-003,2338,2026-09-11T14:26:51.034278+00:00,0.6882731499984706,sequential,accepted archive mtime proxy
shard-003,2339,2026-09-11T14:28:05.098382+00:00,1.1918176479171962,sequential,accepted archive mtime proxy
shard-002,1565,2026-09-11T14:28:18.348351+00:00,4.080540402784633,sequential,accepted archive mtime proxy
shard-002,1566,2026-09-11T14:29:26.463520+00:00,1.0908097076326764,sequential,accepted archive mtime proxy
shard-002,1567,2026-09-11T14:30:17.150118+00:00,0.8059878500003833,sequential,accepted archive mtime proxy
shard-002,1568,2026-09-11T14:31:07.719424+00:00,0.7891443847329356,sequential,accepted archive mtime proxy
shard-002,1569,2026-09-11T14:31:55.729193+00:00,0.7552690166669588,sequential,accepted archive mtime proxy
shard-002,1570,2026-09-11T14:33:19.804186+00:00,1.3599258465343156,sequential,accepted archive mtime proxy
shard-002,1571,2026-09-11T14:35:31.662082+00:00,2.1488925548658395,sequential,accepted archive mtime proxy
shard-002,1572,2026-09-11T14:37:15.096388+00:00,1.6791627958339328,sequential,accepted archive mtime proxy
shard-002,1573,2026-09-11T14:38:26.926506+00:00,1.1580233465336884,sequential,accepted archive mtime proxy
shard-003,2340,2026-09-11T14:40:25.796395+00:00,12.284930415983156,sequential,accepted archive mtime proxy
shard-002,1574,2026-09-11T14:40:26.632393+00:00,1.9475945604169587,sequential,accepted archive mtime proxy
shard-003,2341,2026-09-11T14:42:13.033847+00:00,1.7458789902661616,sequential,accepted archive mtime proxy
shard-002,1575,2026-09-11T14:42:19.910296+00:00,1.8464252242993098,sequential,accepted archive mtime proxy
shard-002,1576,2026-09-11T14:44:23.822837+00:00,2.0134935763839166,sequential,accepted archive mtime proxy
shard-003,2342,2026-09-11T14:44:58.427733+00:00,2.7023488458343006,sequential,accepted archive mtime proxy
shard-002,1577,2026-09-11T14:45:13.916006+00:00,0.7899455791669122,sequential,accepted archive mtime proxy
shard-002,1578,2026-09-11T14:46:01.032816+00:00,0.7393520034830241,sequential,accepted archive mtime proxy
shard-003,2343,2026-09-11T14:46:09.185311+00:00,1.1422523777660294,sequential,accepted archive mtime proxy
shard-003,2344,2026-09-11T14:48:51.195815+00:00,2.6523892701506457,sequential,accepted archive mtime proxy
shard-002,1579,2026-09-11T14:49:54.420287+00:00,3.8448254229151644,sequential,accepted archive mtime proxy
shard-003,2345,2026-09-11T14:50:07.879771+00:00,1.2257284034839055,sequential,accepted archive mtime proxy
shard-003,2346,2026-09-11T14:51:00.361266+00:00,0.8222210986015852,sequential,accepted archive mtime proxy
shard-002,1580,2026-09-11T14:51:06.395989+00:00,1.1421040888992138,sequential,accepted archive mtime proxy
shard-002,1581,2026-09-11T14:52:08.954316+00:00,0.9912593374998929,sequential,accepted archive mtime proxy
shard-003,2347,2026-09-11T14:52:10.061550+00:00,1.1088291041669436,sequential,accepted archive mtime proxy
shard-003,2348,2026-09-11T14:53:29.896504+00:00,1.2931662298661346,sequential,accepted archive mtime proxy
shard-002,1582,2026-09-11T14:53:33.830700+00:00,1.376744000701001,sequential,accepted archive mtime proxy
shard-003,2349,2026-09-11T14:54:54.190220+00:00,1.3431372909845474,sequential,accepted archive mtime proxy
shard-002,1583,2026-09-11T14:55:55.369675+00:00,2.299585222218108,sequential,accepted archive mtime proxy
shard-003,2350,2026-09-11T14:56:08.792192+00:00,1.1926009645840774,sequential,accepted archive mtime proxy
shard-002,1584,2026-09-11T14:56:32.443953+00:00,0.5719484583338877,sequential,accepted archive mtime proxy
shard-003,2351,2026-09-11T14:57:01.780492+00:00,0.840023275699544,sequential,accepted archive mtime proxy
shard-002,1585,2026-09-11T14:57:13.239292+00:00,0.6383903270839558,sequential,accepted archive mtime proxy
shard-002,1586,2026-09-11T14:57:52.614806+00:00,0.60453790416553,sequential,accepted archive mtime proxy
shard-002,1587,2026-09-11T14:58:51.781508+00:00,0.9415332312501656,sequential,accepted archive mtime proxy
shard-003,2352,2026-09-11T14:59:31.544847+00:00,2.4341704270821842,sequential,accepted archive mtime proxy
shard-002,1588,2026-09-11T14:59:32.732225+00:00,0.6210965604172088,sequential,accepted archive mtime proxy
shard-003,2353,2026-09-11T15:01:16.045238+00:00,1.696703143066649,sequential,accepted archive mtime proxy
shard-002,1589,2026-09-11T15:03:10.356415+00:00,3.5739577673666645,sequential,accepted archive mtime proxy
shard-002,1590,2026-09-11T15:03:56.727159+00:00,0.7214591479181157,sequential,accepted archive mtime proxy
shard-002,1591,2026-09-11T15:07:03.261970+00:00,3.0702424229161505,sequential,accepted archive mtime proxy
shard-002,1592,2026-09-11T15:07:52.403914+00:00,0.7558336055488326,sequential,accepted archive mtime proxy
shard-002,1593,2026-09-11T15:08:38.114686+00:00,0.7057974750001449,sequential,accepted archive mtime proxy
shard-002,1594,2026-09-11T15:09:23.731037+00:00,0.7226727631835578,sequential,accepted archive mtime proxy
shard-002,1595,2026-09-11T15:10:20.753531+00:00,0.8906889548661032,sequential,accepted archive mtime proxy
shard-002,1596,2026-09-11T15:11:19.208895+00:00,0.9242222340331258,sequential,accepted archive mtime proxy
shard-003,2354,2026-09-11T15:12:09.774673+00:00,10.83383500276638,sequential,accepted archive mtime proxy
shard-002,1597,2026-09-11T15:12:33.066158+00:00,1.1753379263992731,sequential,accepted archive mtime proxy
shard-002,1598,2026-09-11T15:13:32.174786+00:00,0.9234462284677041,sequential,accepted archive mtime proxy
shard-002,1599,2026-09-11T15:14:22.032059+00:00,0.7730257173670301,sequential,accepted archive mtime proxy
shard-003,2355,2026-09-11T15:14:25.307816+00:00,2.2179610562491385,sequential,accepted archive mtime proxy
shard-003,2356,2026-09-11T15:15:18.328840+00:00,0.8233747722348198,sequential,accepted archive mtime proxy
shard-002,1600,2026-09-11T15:15:26.837114+00:00,1.024506552783229,sequential,accepted archive mtime proxy
shard-003,2357,2026-09-11T15:17:00.947950+00:00,1.661529843749789,sequential,accepted archive mtime proxy
shard-002,1601,2026-09-11T15:17:03.415244+00:00,1.5608917729152987,sequential,accepted archive mtime proxy
shard-002,1602,2026-09-11T15:19:26.443731+00:00,2.3324622472166086,sequential,accepted archive mtime proxy
shard-003,2358,2026-09-11T15:19:34.650582+00:00,2.500405420149521,sequential,accepted archive mtime proxy
shard-002,1603,2026-09-11T15:19:54.811734+00:00,0.42024691458403446,sequential,accepted archive mtime proxy
shard-003,2359,2026-09-11T15:20:20.878804+00:00,0.7223091006996886,sequential,accepted archive mtime proxy
shard-002,1604,2026-09-11T15:20:27.547544+00:00,0.4873443048660799,sequential,accepted archive mtime proxy
shard-002,1605,2026-09-11T15:21:15.819979+00:00,0.7385994652829443,sequential,accepted archive mtime proxy
shard-003,2360,2026-09-11T15:21:16.654184+00:00,0.8732011895840212,sequential,accepted archive mtime proxy
shard-003,2361,2026-09-11T15:23:04.093752+00:00,1.7453524701336087,sequential,accepted archive mtime proxy
shard-002,1606,2026-09-11T15:23:04.675187+00:00,1.7619043736000701,sequential,accepted archive mtime proxy
shard-002,1607,2026-09-11T15:23:57.600045+00:00,0.8392844131837288,sequential,accepted archive mtime proxy
shard-003,2362,2026-09-11T15:23:59.642926+00:00,0.8728929965329978,sequential,accepted archive mtime proxy
shard-003,2363,2026-09-11T15:26:19.882484+00:00,2.2813785958336665,sequential,accepted archive mtime proxy
shard-003,2364,2026-09-11T15:27:34.573442+00:00,1.1913734958332498,sequential,accepted archive mtime proxy
shard-003,2365,2026-09-11T15:28:37.789247+00:00,0.9897078722327327,sequential,accepted archive mtime proxy
shard-003,2366,2026-09-11T15:29:24.866711+00:00,0.7223139430493272,sequential,accepted archive mtime proxy
shard-003,2367,2026-09-11T15:30:32.283857+00:00,1.0754105416669821,sequential,accepted archive mtime proxy
shard-003,2368,2026-09-11T15:31:25.274938+00:00,0.8224090770837695,sequential,accepted archive mtime proxy
shard-002,1608,2026-09-11T15:32:10.989629+00:00,8.153556306951213,sequential,accepted archive mtime proxy
shard-003,2369,2026-09-11T15:32:12.669486+00:00,0.7392639486002736,sequential,accepted archive mtime proxy
shard-003,2370,2026-09-11T15:34:13.158906+00:00,1.9474571236157014,sequential,accepted archive mtime proxy
shard-003,2371,2026-09-11T15:35:22.071161+00:00,1.0902203958345733,sequential,accepted archive mtime proxy
shard-003,2372,2026-09-11T15:36:58.479611+00:00,1.5438994923509501,sequential,accepted archive mtime proxy
shard-003,2373,2026-09-11T15:37:37.063248+00:00,0.5876764569509153,sequential,accepted archive mtime proxy
shard-003,2374,2026-09-11T15:38:15.578887+00:00,0.5878994979177757,sequential,accepted archive mtime proxy
shard-003,2375,2026-09-11T15:39:28.335945+00:00,1.1410113479165982,sequential,accepted archive mtime proxy
shard-002,1609,2026-09-11T15:41:27.433578+00:00,9.215285580566464,sequential,accepted archive mtime proxy
shard-003,2376,2026-09-11T15:41:34.382175+00:00,2.0477420534666937,sequential,accepted archive mtime proxy
shard-002,1610,2026-09-11T15:43:35.843040+00:00,2.09406448888282,sequential,accepted archive mtime proxy
shard-003,2377,2026-09-11T15:44:25.469498+00:00,2.7974251541658304,sequential,accepted archive mtime proxy
shard-002,1611,2026-09-11T15:44:45.324850+00:00,1.0884956840328717,sequential,accepted archive mtime proxy
shard-003,2378,2026-09-11T15:45:05.419763+00:00,0.602710991667118,sequential,accepted archive mtime proxy
shard-002,1612,2026-09-11T15:48:06.671318+00:00,3.2974823930494797,sequential,accepted archive mtime proxy
shard-002,1613,2026-09-11T15:53:09.018231+00:00,4.969777397217695,sequential,accepted archive mtime proxy
shard-002,1614,2026-09-11T15:55:15.844790+00:00,2.058330927082958,sequential,accepted archive mtime proxy
shard-002,1615,2026-09-11T15:56:30.466068+00:00,1.188858383333233,sequential,accepted archive mtime proxy
shard-002,1616,2026-09-11T15:58:46.049181+00:00,2.192638099298347,sequential,accepted archive mtime proxy
shard-003,2379,2026-09-11T15:59:20.508273+00:00,14.174905340969174,sequential,accepted archive mtime proxy
shard-002,1617,2026-09-11T16:00:15.484926+00:00,1.4236114152842978,sequential,accepted archive mtime proxy
shard-002,1618,2026-09-11T16:03:43.367506+00:00,3.399712183334244,sequential,accepted archive mtime proxy
shard-003,2380,2026-09-11T16:04:02.229552+00:00,4.63909565624975,sequential,accepted archive mtime proxy
shard-002,1619,2026-09-11T16:04:55.298926+00:00,1.1384407354169526,sequential,accepted archive mtime proxy
shard-003,2381,2026-09-11T16:05:08.204112+00:00,1.0219419083325192,sequential,accepted archive mtime proxy
shard-002,1620,2026-09-11T16:07:06.490416+00:00,2.1280040756993306,sequential,accepted archive mtime proxy
shard-003,2382,2026-09-11T16:07:11.242043+00:00,1.9939378194336315,sequential,accepted archive mtime proxy
shard-003,2383,2026-09-11T16:09:41.328112+00:00,2.4297386548675908,sequential,accepted archive mtime proxy
shard-002,1621,2026-09-11T16:09:54.521956+00:00,2.7306352895839763,sequential,accepted archive mtime proxy
shard-003,2384,2026-09-11T16:10:39.022601+00:00,0.8876355770839534,sequential,accepted archive mtime proxy
shard-002,1622,2026-09-11T16:12:26.059789+00:00,2.4619709687501503,sequential,accepted archive mtime proxy
shard-003,2385,2026-09-11T16:14:22.521384+00:00,3.667998507649948,sequential,accepted archive mtime proxy
shard-002,1623,2026-09-11T16:15:27.746493+00:00,2.9478737437496116,sequential,accepted archive mtime proxy
shard-003,2386,2026-09-11T16:15:53.595501+00:00,1.4399822666678423,sequential,accepted archive mtime proxy
shard-003,2387,2026-09-11T16:18:21.729465+00:00,2.395895797916455,sequential,accepted archive mtime proxy
shard-002,1624,2026-09-11T16:18:31.205196+00:00,2.9984953291675387,sequential,accepted archive mtime proxy
shard-003,2388,2026-09-11T16:20:12.106247+00:00,1.758843313898736,sequential,accepted archive mtime proxy
shard-002,1625,2026-09-11T16:20:26.419594+00:00,1.8426336458321506,sequential,accepted archive mtime proxy
shard-002,1626,2026-09-11T16:21:51.647127+00:00,1.3569350354160028,sequential,accepted archive mtime proxy
shard-003,2389,2026-09-11T16:22:25.675975+00:00,2.1600732722339067,sequential,accepted archive mtime proxy
shard-002,1627,2026-09-11T16:23:00.493101+00:00,1.0720242215165248,sequential,accepted archive mtime proxy
shard-002,1628,2026-09-11T16:24:18.064207+00:00,1.2234099076498144,sequential,accepted archive mtime proxy
shard-003,2390,2026-09-11T16:24:32.363581+00:00,2.0441009611007757,sequential,accepted archive mtime proxy
shard-002,1629,2026-09-11T16:26:22.458640+00:00,1.994824421533849,sequential,accepted archive mtime proxy
shard-003,2391,2026-09-11T16:27:34.965316+00:00,2.982156559015857,sequential,accepted archive mtime proxy
shard-003,2392,2026-09-11T16:31:54.912680+00:00,4.2540313604151985,sequential,accepted archive mtime proxy
shard-003,2393,2026-09-11T16:34:36.907952+00:00,2.6131391867995264,sequential,accepted archive mtime proxy
shard-003,2394,2026-09-11T16:47:56.769338+00:00,13.253188386819481,sequential,accepted archive mtime proxy
shard-003,2395,2026-09-11T16:50:05.576993+00:00,2.0768406645821718,sequential,accepted archive mtime proxy
shard-003,2396,2026-09-11T16:53:52.751087+00:00,3.7195906416668247,sequential,accepted archive mtime proxy
shard-002,1630,2026-09-11T16:53:59.106798+00:00,27.534728124316704,sequential,accepted archive mtime proxy
shard-003,2397,2026-09-11T16:55:33.738513+00:00,1.607944558331898,sequential,accepted archive mtime proxy
shard-003,2398,2026-09-11T16:57:47.460360+00:00,2.1441628770825143,sequential,accepted archive mtime proxy
shard-002,1631,2026-09-11T16:58:16.000482+00:00,4.2214554263996735,sequential,accepted archive mtime proxy
shard-003,2399,2026-09-11T16:59:11.004570+00:00,1.3229598687496036,sequential,accepted archive mtime proxy
shard-002,1632,2026-09-11T17:00:08.836077+00:00,1.809011937501297,sequential,accepted archive mtime proxy
shard-003,2400,2026-09-11T17:01:14.343232+00:00,1.976590747917847,sequential,accepted archive mtime proxy
shard-002,1633,2026-09-11T17:02:26.792341+00:00,2.211255572916707,sequential,accepted archive mtime proxy
shard-003,2401,2026-09-11T17:02:54.230561+00:00,1.5912609048653394,sequential,accepted archive mtime proxy
shard-002,1634,2026-09-11T17:03:11.333917+00:00,0.6699636951341138,sequential,accepted archive mtime proxy
shard-003,2402,2026-09-11T17:04:03.307852+00:00,1.0717395243002101,sequential,accepted archive mtime proxy
shard-002,1635,2026-09-11T17:04:23.744381+00:00,1.1390830534665535,sequential,accepted archive mtime proxy
shard-003,2403,2026-09-11T17:05:01.440210+00:00,0.9042488847335335,sequential,accepted archive mtime proxy
shard-003,2404,2026-09-11T17:07:19.859660+00:00,2.228210672233642,sequential,accepted archive mtime proxy
shard-003,2405,2026-09-11T17:08:52.420863+00:00,1.4573165625003943,sequential,accepted archive mtime proxy
shard-003,2406,2026-09-11T17:11:18.972899+00:00,2.378323157632258,sequential,accepted archive mtime proxy
shard-003,2407,2026-09-11T17:13:27.546996+00:00,2.0608052583333727,sequential,accepted archive mtime proxy
shard-003,2408,2026-09-11T17:15:33.456476+00:00,2.0104768743001236,sequential,accepted archive mtime proxy
shard-003,2409,2026-09-11T17:17:21.995960+00:00,1.7252952097333036,sequential,accepted archive mtime proxy
shard-002,1636,2026-09-11T17:18:33.394115+00:00,14.068630613182904,sequential,accepted archive mtime proxy
shard-003,2410,2026-09-11T17:18:45.020550+00:00,1.3233266493014526,sequential,accepted archive mtime proxy
shard-003,2411,2026-09-11T17:20:34.501361+00:00,1.7420126368000637,sequential,accepted archive mtime proxy
shard-002,1637,2026-09-11T17:22:38.887955+00:00,4.019735725701321,sequential,accepted archive mtime proxy
shard-003,2412,2026-09-11T17:23:44.498326+00:00,3.0828421132018167,sequential,accepted archive mtime proxy
shard-003,2413,2026-09-11T17:25:42.884895+00:00,1.893112638881818,sequential,accepted archive mtime proxy
shard-003,2414,2026-09-11T17:27:57.715502+00:00,2.161252320833349,sequential,accepted archive mtime proxy
shard-003,2415,2026-09-11T17:30:16.805400+00:00,2.245195622233829,sequential,accepted archive mtime proxy
shard-003,2416,2026-09-11T17:34:25.177014+00:00,4.054302423616173,sequential,accepted archive mtime proxy
shard-003,2417,2026-09-11T17:36:33.574193+00:00,2.0603676402844333,sequential,accepted archive mtime proxy
shard-003,2418,2026-09-11T17:38:52.807570+00:00,2.2450378305492147,sequential,accepted archive mtime proxy
shard-002,1638,2026-09-11T17:40:51.919468+00:00,18.139898466668093,sequential,accepted archive mtime proxy
shard-003,2419,2026-09-11T17:41:01.382487+00:00,2.0605937277665363,sequential,accepted archive mtime proxy
shard-002,1639,2026-09-11T17:41:49.749122+00:00,0.8879548888828139,sequential,accepted archive mtime proxy
shard-003,2420,2026-09-11T17:42:37.350482+00:00,1.52409666388412,sequential,accepted archive mtime proxy
shard-002,1640,2026-09-11T17:43:03.448661+00:00,1.1552346333337482,sequential,accepted archive mtime proxy
shard-003,2421,2026-09-11T17:44:25.499758+00:00,1.724464322917629,sequential,accepted archive mtime proxy
shard-002,1641,2026-09-11T17:44:33.820150+00:00,1.4396024708325663,sequential,accepted archive mtime proxy
shard-002,1642,2026-09-11T17:46:33.667502+00:00,1.9249419208344383,sequential,accepted archive mtime proxy
shard-003,2422,2026-09-11T17:46:56.080028+00:00,2.4275037611000396,sequential,accepted archive mtime proxy
shard-002,1643,2026-09-11T17:48:10.833724+00:00,1.5406468972175693,sequential,accepted archive mtime proxy
shard-002,1644,2026-09-11T17:50:48.173228+00:00,2.544528747916532,sequential,accepted archive mtime proxy
shard-003,2423,2026-09-11T17:51:41.095182+00:00,4.671258717350429,sequential,accepted archive mtime proxy
shard-002,1645,2026-09-11T17:53:20.109368+00:00,2.4609324437488493,sequential,accepted archive mtime proxy
shard-003,2424,2026-09-11T17:53:22.012911+00:00,1.5902311937495446,sequential,accepted archive mtime proxy
shard-003,2425,2026-09-11T17:54:49.950197+00:00,1.3895444951330622,sequential,accepted archive mtime proxy
shard-002,1646,2026-09-11T17:55:09.166435+00:00,1.7407862805683787,sequential,accepted archive mtime proxy
shard-003,2426,2026-09-11T17:55:22.561364+00:00,0.46879135763156227,sequential,accepted archive mtime proxy
shard-003,2427,2026-09-11T17:57:20.904734+00:00,1.874884661801237,sequential,accepted archive mtime proxy
shard-002,1647,2026-09-11T17:57:25.635939+00:00,2.1932048013821865,sequential,accepted archive mtime proxy
shard-002,1648,2026-09-11T17:59:45.940947+00:00,2.2602048222150186,sequential,accepted archive mtime proxy
shard-002,1649,2026-09-11T18:01:42.033669+00:00,1.8740098583317983,sequential,accepted archive mtime proxy
shard-002,1650,2026-09-11T18:03:16.475236+00:00,1.489967529165248,sequential,accepted archive mtime proxy
shard-002,1651,2026-09-11T18:06:36.945125+00:00,3.2564072250000513,sequential,accepted archive mtime proxy
shard-002,1652,2026-09-11T18:09:17.993598+00:00,2.6052282951325956,sequential,accepted archive mtime proxy
shard-003,2428,2026-09-11T18:09:24.778201+00:00,11.973966805565093,sequential,accepted archive mtime proxy
shard-002,1653,2026-09-11T18:10:43.544715+00:00,1.3612997861152205,sequential,accepted archive mtime proxy
shard-002,1654,2026-09-11T18:12:04.080969+00:00,1.2596829652844463,sequential,accepted archive mtime proxy
shard-002,1655,2026-09-11T18:13:51.532397+00:00,1.7119470888826376,sequential,accepted archive mtime proxy
shard-003,2429,2026-09-11T18:13:54.821646+00:00,4.433587057632394,sequential,accepted archive mtime proxy
shard-002,1656,2026-09-11T18:16:39.603228+00:00,2.7310341631993653,sequential,accepted archive mtime proxy
shard-002,1657,2026-09-11T18:18:52.662410+00:00,2.126639500000359,sequential,accepted archive mtime proxy
shard-003,2430,2026-09-11T18:26:45.907505+00:00,12.758524673616437,sequential,accepted archive mtime proxy
shard-003,2431,2026-09-11T18:28:05.836769+00:00,1.256085203483235,sequential,accepted archive mtime proxy
shard-003,2432,2026-09-11T18:29:07.111649+00:00,0.9372503437509294,sequential,accepted archive mtime proxy
shard-003,2433,2026-09-11T18:30:02.945363+00:00,0.8371174562489614,sequential,accepted archive mtime proxy
shard-003,2434,2026-09-11T18:30:52.549898+00:00,0.7532116506830789,sequential,accepted archive mtime proxy
shard-003,2435,2026-09-11T18:31:45.505699+00:00,0.7871548104177539,sequential,accepted archive mtime proxy
shard-002,1658,2026-09-11T18:31:53.398148+00:00,12.932393718066548,sequential,accepted archive mtime proxy
shard-003,2436,2026-09-11T18:32:33.835179+00:00,0.7203885138830325,sequential,accepted archive mtime proxy
shard-002,1659,2026-09-11T18:33:10.553084+00:00,1.2229816451338895,sequential,accepted archive mtime proxy
shard-003,2437,2026-09-11T18:33:39.743774+00:00,1.0215340416665033,sequential,accepted archive mtime proxy
shard-003,2438,2026-09-11T18:34:23.952601+00:00,0.6549042638837516,sequential,accepted archive mtime proxy
shard-003,2439,2026-09-11T18:35:08.493070+00:00,0.6540141944501859,sequential,accepted archive mtime proxy
shard-002,1660,2026-09-11T18:35:38.185168+00:00,2.383362756948918,sequential,accepted archive mtime proxy
shard-003,2440,2026-09-11T18:36:05.708545+00:00,0.8565454291684242,sequential,accepted archive mtime proxy
shard-003,2441,2026-09-11T18:37:25.698975+00:00,1.2595809819506636,sequential,accepted archive mtime proxy
shard-003,2442,2026-09-11T18:38:25.253566+00:00,0.890387137500026,sequential,accepted archive mtime proxy
shard-002,1661,2026-09-11T18:38:42.179070+00:00,2.973876748600742,sequential,accepted archive mtime proxy
shard-003,2443,2026-09-11T18:39:00.829491+00:00,0.5209101756995854,sequential,accepted archive mtime proxy
shard-002,1662,2026-09-11T18:39:14.448895+00:00,0.45403588681753415,sequential,accepted archive mtime proxy
shard-003,2444,2026-09-11T18:40:00.386087+00:00,0.9068903979166255,sequential,accepted archive mtime proxy
shard-002,1663,2026-09-11T18:40:06.047677+00:00,0.7892466527662084,sequential,accepted archive mtime proxy
shard-003,2445,2026-09-11T18:40:49.165843+00:00,0.7220906263993432,sequential,accepted archive mtime proxy
shard-002,1664,2026-09-11T18:40:57.850290+00:00,0.7895006979175377,sequential,accepted archive mtime proxy
shard-003,2446,2026-09-11T18:41:32.119415+00:00,0.6221868944334953,sequential,accepted archive mtime proxy
shard-002,1665,2026-09-11T18:41:35.651890+00:00,0.538318174299396,sequential,accepted archive mtime proxy
shard-003,2447,2026-09-11T18:43:12.144291+00:00,1.576888145133853,sequential,accepted archive mtime proxy
shard-002,1666,2026-09-11T18:53:10.378314+00:00,11.50403312916557,sequential,accepted archive mtime proxy
shard-002,1667,2026-09-11T18:53:54.876089+00:00,0.6716073777662435,sequential,accepted archive mtime proxy
shard-002,1668,2026-09-11T18:54:57.805330+00:00,0.9570483201493819,sequential,accepted archive mtime proxy
shard-002,1669,2026-09-11T18:56:10.905768+00:00,1.141054762500183,sequential,accepted archive mtime proxy
shard-002,1670,2026-09-11T18:57:31.253085+00:00,1.2577923083328642,sequential,accepted archive mtime proxy
shard-002,1671,2026-09-11T18:58:31.107137+00:00,0.9058047395839821,sequential,accepted archive mtime proxy
shard-002,1672,2026-09-11T18:59:59.366341+00:00,1.3937536555497596,sequential,accepted archive mtime proxy
shard-002,1673,2026-09-11T19:00:50.892249+00:00,0.773504533333471,sequential,accepted archive mtime proxy
shard-002,1674,2026-09-11T19:02:11.149356+00:00,1.2426282236003316,sequential,accepted archive mtime proxy
shard-002,1675,2026-09-11T19:03:10.077721+00:00,0.9058828805515077,sequential,accepted archive mtime proxy
shard-002,1676,2026-09-11T19:04:13.990058+00:00,0.9715196882005936,sequential,accepted archive mtime proxy
shard-002,1677,2026-09-11T19:20:21.651540+00:00,16.03507227085065,sequential,accepted archive mtime proxy
shard-002,1678,2026-09-11T19:22:02.996295+00:00,1.6090110256996317,sequential,accepted archive mtime proxy
shard-002,1679,2026-09-11T19:23:28.520330+00:00,1.3407791312492918,sequential,accepted archive mtime proxy
shard-002,1680,2026-09-11T19:25:15.067739+00:00,1.6912597236165312,sequential,accepted archive mtime proxy
shard-002,1681,2026-09-11T19:28:07.400402+00:00,2.7788243527659993,sequential,accepted archive mtime proxy
shard-002,1682,2026-09-11T19:45:15.729133+00:00,17.049418445818205,sequential,accepted archive mtime proxy
shard-002,1683,2026-09-11T20:02:22.266226+00:00,17.01816991734862,sequential,accepted archive mtime proxy
shard-002,1684,2026-09-11T20:15:11.122086+00:00,12.72123554723415,sequential,accepted archive mtime proxy
shard-002,1685,2026-09-11T20:19:06.175771+00:00,3.7909440562497667,sequential,accepted archive mtime proxy
shard-002,1686,2026-09-11T20:23:28.922300+00:00,4.296161408332409,sequential,accepted archive mtime proxy
shard-002,1687,2026-09-11T20:25:43.762799+00:00,2.144649782650716,sequential,accepted archive mtime proxy
shard-002,1688,2026-09-11T20:27:35.826707+00:00,1.7913945756833225,sequential,accepted archive mtime proxy
shard-002,1689,2026-09-11T20:29:30.953872+00:00,1.8247734187500706,sequential,accepted archive mtime proxy
shard-002,1690,2026-09-11T20:31:22.377284+00:00,1.7588553999996899,sequential,accepted archive mtime proxy
shard-002,1691,2026-09-11T20:33:43.434537+00:00,2.2631549152662047,sequential,accepted archive mtime proxy
shard-002,1692,2026-09-11T20:36:22.218708+00:00,2.5665610764001032,sequential,accepted archive mtime proxy
shard-002,1693,2026-09-11T20:40:19.677931+00:00,3.8595639132002058,sequential,accepted archive mtime proxy
shard-002,1694,2026-09-11T20:44:57.729950+00:00,4.548036947918202,sequential,accepted archive mtime proxy
shard-002,1695,2026-09-11T20:47:19.328587+00:00,2.2642555104161146,sequential,accepted archive mtime proxy
shard-002,1696,2026-09-11T20:49:44.636332+00:00,2.3275214104156476,sequential,accepted archive mtime proxy
shard-002,1697,2026-09-11T20:51:56.396936+00:00,2.0922365423679974,sequential,accepted archive mtime proxy
shard-002,1699,2026-09-11T23:23:48.639415+00:00,1.7915103729174007,sequential,accepted archive mtime proxy
shard-002,1700,2026-09-11T23:24:54.359585+00:00,0.9882700007001404,sequential,accepted archive mtime proxy
shard-002,1701,2026-09-11T23:27:42.553028+00:00,2.6969334117990607,sequential,accepted archive mtime proxy
shard-002,1702,2026-09-11T23:29:02.517397+00:00,1.2229158708321242,sequential,accepted archive mtime proxy
shard-002,1703,2026-09-11T23:29:52.569341+00:00,0.7370660465327091,sequential,accepted archive mtime proxy
shard-002,1704,2026-09-11T23:34:27.272311+00:00,4.45633741041723,sequential,accepted archive mtime proxy
shard-002,1705,2026-09-11T23:35:14.006974+00:00,0.6893869562501398,sequential,accepted archive mtime proxy
shard-002,1706,2026-09-11T23:38:05.225016+00:00,2.7351727242989,sequential,accepted archive mtime proxy
shard-002,1707,2026-09-11T23:42:33.189547+00:00,4.362954981250611,sequential,accepted archive mtime proxy
shard-002,1708,2026-09-11T23:47:01.600963+00:00,4.346485344433071,sequential,accepted archive mtime proxy
shard-002,1709,2026-09-11T23:49:08.145224+00:00,1.9975019722168024,sequential,accepted archive mtime proxy
shard-002,1710,2026-09-12T00:05:52.086982+00:00,16.631529072216168,sequential,accepted archive mtime proxy
shard-002,1711,2026-09-12T00:08:00.537954+00:00,2.0280094666658743,sequential,accepted archive mtime proxy
shard-002,1712,2026-09-12T00:10:06.092572+00:00,1.9935938888830909,sequential,accepted archive mtime proxy
shard-002,1713,2026-09-12T00:12:44.101709+00:00,2.4963603770826013,sequential,accepted archive mtime proxy
shard-002,1714,2026-09-12T00:16:51.623789+00:00,4.021820630565829,sequential,accepted archive mtime proxy
shard-002,1715,2026-09-12T00:19:58.180125+00:00,2.9879431520821527,sequential,accepted archive mtime proxy
shard-002,1716,2026-09-12T00:23:45.885068+00:00,3.6758595173674014,sequential,accepted archive mtime proxy
shard-002,1717,2026-09-12T00:26:07.488490+00:00,2.2489947423668735,sequential,accepted archive mtime proxy
shard-002,1718,2026-09-12T00:29:04.094993+00:00,2.8369665812487557,sequential,accepted archive mtime proxy
shard-002,1719,2026-09-12T00:41:28.201316+00:00,12.265999693749473,sequential,accepted archive mtime proxy
shard-002,1720,2026-09-12T00:43:27.285267+00:00,1.8817231264004173,sequential,accepted archive mtime proxy
shard-002,1721,2026-09-12T00:46:18.430223+00:00,2.7373715576327715,sequential,accepted archive mtime proxy
shard-002,1722,2026-09-12T00:48:23.844523+00:00,1.980178913200507,sequential,accepted archive mtime proxy
shard-002,1723,2026-09-12T00:50:34.509035+00:00,2.060839275699497,sequential,accepted archive mtime proxy
shard-002,1724,2026-09-12T00:53:00.908661+00:00,2.311664256249787,sequential,accepted archive mtime proxy
shard-002,1725,2026-09-12T00:54:02.089230+00:00,0.9046658132011847,sequential,accepted archive mtime proxy
shard-002,1726,2026-09-12T00:55:19.680680+00:00,1.1730214743001852,sequential,accepted archive mtime proxy
shard-002,1727,2026-09-12T00:57:07.635657+00:00,1.657623998617055,sequential,accepted archive mtime proxy
shard-002,1728,2026-09-12T00:58:24.669417+00:00,1.1059916111155568,sequential,accepted archive mtime proxy
shard-002,1729,2026-09-12T01:00:55.894658+00:00,2.3794331180494432,sequential,accepted archive mtime proxy
shard-002,1730,2026-09-12T01:03:05.668756+00:00,2.047485895132801,sequential,accepted archive mtime proxy
shard-002,1731,2026-09-12T01:05:01.319745+00:00,1.8119521694316063,sequential,accepted archive mtime proxy
shard-002,1732,2026-09-12T01:06:20.713633+00:00,1.1910918229162537,sequential,accepted archive mtime proxy
shard-002,1733,2026-09-12T01:08:58.852272+00:00,2.5168496437487193,sequential,accepted archive mtime proxy
shard-002,1734,2026-09-12T01:12:03.685735+00:00,2.939012684034727,sequential,accepted archive mtime proxy
shard-002,1735,2026-09-12T01:14:11.442608+00:00,2.0147207395833298,sequential,accepted archive mtime proxy
shard-002,1736,2026-09-12T01:15:47.306102+00:00,1.4600760590168647,sequential,accepted archive mtime proxy
shard-002,1737,2026-09-12T01:16:57.299461+00:00,1.0579202923652096,sequential,accepted archive mtime proxy
shard-003,2450,2026-09-12T01:18:08.712111+00:00,103.18406842014907,sequential,accepted archive mtime proxy
shard-002,1738,2026-09-12T01:18:11.988767+00:00,1.1075150861172005,sequential,accepted archive mtime proxy
shard-002,1739,2026-09-12T01:19:33.228143+00:00,1.2245988590157746,sequential,accepted archive mtime proxy
shard-002,1740,2026-09-12T01:20:54.290042+00:00,1.2240380562492645,sequential,accepted archive mtime proxy
shard-003,2451,2026-09-12T01:21:33.083781+00:00,3.3055198347157178,sequential,accepted archive mtime proxy
shard-002,1741,2026-09-12T01:21:49.332462+00:00,0.8063387291661154,sequential,accepted archive mtime proxy
shard-002,1742,2026-09-12T01:23:21.879425+00:00,1.408876438883211,sequential,accepted archive mtime proxy
shard-002,1743,2026-09-12T01:25:27.211989+00:00,1.9635264027824937,sequential,accepted archive mtime proxy
shard-002,1744,2026-09-12T01:26:44.496810+00:00,1.1573415451333857,sequential,accepted archive mtime proxy
shard-002,1745,2026-09-12T01:28:06.212240+00:00,1.2405602062509085,sequential,accepted archive mtime proxy
shard-002,1746,2026-09-12T01:29:20.195052+00:00,1.1077794000001935,sequential,accepted archive mtime proxy
shard-002,1747,2026-09-12T01:30:52.406711+00:00,1.4096852694502255,sequential,accepted archive mtime proxy
shard-003,2452,2026-09-12T01:31:14.290228+00:00,9.584147313883296,sequential,accepted archive mtime proxy
shard-002,1748,2026-09-12T01:31:28.864322+00:00,0.47065233333269135,sequential,accepted archive mtime proxy
shard-002,1749,2026-09-12T01:32:55.555052+00:00,1.3248498770835189,sequential,accepted archive mtime proxy
shard-003,2453,2026-09-12T01:33:07.067064+00:00,1.7785954756836873,sequential,accepted archive mtime proxy
shard-002,1750,2026-09-12T01:33:36.256562+00:00,0.5544673590183569,sequential,accepted archive mtime proxy
shard-002,1751,2026-09-12T01:34:23.026564+00:00,0.655124170833733,sequential,accepted archive mtime proxy
shard-003,2454,2026-09-12T01:34:25.084239+00:00,1.20879150138353,sequential,accepted archive mtime proxy
shard-003,2455,2026-09-12T01:35:36.958895+00:00,1.0911713013832922,sequential,accepted archive mtime proxy
shard-003,2456,2026-09-12T01:36:45.893500+00:00,1.0401691423670854,sequential,accepted archive mtime proxy
shard-002,1752,2026-09-12T01:36:51.559693+00:00,2.3488414354176106,sequential,accepted archive mtime proxy
shard-003,2457,2026-09-12T01:37:49.262572+00:00,0.956106990983244,sequential,accepted archive mtime proxy
shard-002,1753,2026-09-12T01:38:01.789402+00:00,1.0407577819501361,sequential,accepted archive mtime proxy
shard-003,2458,2026-09-12T01:38:25.449661+00:00,0.48792863195024744,sequential,accepted archive mtime proxy
shard-002,1754,2026-09-12T01:38:40.241843+00:00,0.5208372402839208,sequential,accepted archive mtime proxy
shard-003,2459,2026-09-12T01:39:18.349614+00:00,0.7894481041662705,sequential,accepted archive mtime proxy
shard-002,1755,2026-09-12T01:39:30.464743+00:00,0.7050864520831965,sequential,accepted archive mtime proxy
shard-003,2460,2026-09-12T01:40:26.223050+00:00,1.023691863884839,sequential,accepted archive mtime proxy
shard-002,1756,2026-09-12T01:40:27.179022+00:00,0.8222022472162887,sequential,accepted archive mtime proxy
shard-003,2461,2026-09-12T01:41:41.995167+00:00,1.1579104562503442,sequential,accepted archive mtime proxy
shard-002,1757,2026-09-12T01:41:47.265737+00:00,1.2245455708335309,sequential,accepted archive mtime proxy
shard-003,2462,2026-09-12T01:42:52.947287+00:00,1.0903589937506089,sequential,accepted archive mtime proxy
shard-002,1758,2026-09-12T01:42:53.719568+00:00,0.9726086541680464,sequential,accepted archive mtime proxy
shard-002,1759,2026-09-12T01:44:59.963127+00:00,1.9794881264000044,sequential,accepted archive mtime proxy
shard-003,2463,2026-09-12T01:45:03.020494+00:00,2.0476919826488786,sequential,accepted archive mtime proxy
shard-002,1760,2026-09-12T01:46:34.488159+00:00,1.4587983451492619,sequential,accepted archive mtime proxy
shard-003,2464,2026-09-12T01:46:50.815708+00:00,1.6940212583343963,sequential,accepted archive mtime proxy
shard-002,1761,2026-09-12T01:47:32.761508+00:00,0.8231718972325325,sequential,accepted archive mtime proxy
shard-003,2465,2026-09-12T01:48:34.717181+00:00,1.627837977783444,sequential,accepted archive mtime proxy
shard-002,1762,2026-09-12T01:49:54.386268+00:00,2.2319728736164204,sequential,accepted archive mtime proxy
shard-002,1763,2026-09-12T01:51:14.788078+00:00,1.2079761242998452,sequential,accepted archive mtime proxy
shard-002,1764,2026-09-12T01:52:20.445153+00:00,0.9729984333350633,sequential,accepted archive mtime proxy
shard-003,2466,2026-09-12T01:53:27.607605+00:00,4.78039948263322,sequential,accepted archive mtime proxy
shard-002,1765,2026-09-12T01:53:46.453326+00:00,1.3082890006985204,sequential,accepted archive mtime proxy
shard-003,2467,2026-09-12T01:56:13.023496+00:00,2.634038496533564,sequential,accepted archive mtime proxy
shard-003,2468,2026-09-12T01:57:11.428143+00:00,0.8726950860989746,sequential,accepted archive mtime proxy
shard-002,1766,2026-09-12T01:57:13.872125+00:00,3.30339772986675,sequential,accepted archive mtime proxy
shard-003,2469,2026-09-12T01:59:27.464441+00:00,2.1632258860995837,sequential,accepted archive mtime proxy
shard-003,2470,2026-09-12T02:00:35.103070+00:00,1.0060328701336403,sequential,accepted archive mtime proxy
shard-002,1767,2026-09-12T02:00:44.879831+00:00,3.3884996361176793,sequential,accepted archive mtime proxy
shard-003,2471,2026-09-12T02:01:26.637033+00:00,0.7550504444322238,sequential,accepted archive mtime proxy
shard-003,2472,2026-09-12T02:02:09.607708+00:00,0.6047476208322526,sequential,accepted archive mtime proxy
shard-002,1768,2026-09-12T02:03:06.000102+00:00,2.215566168065804,sequential,accepted archive mtime proxy
shard-003,2473,2026-09-12T02:03:10.701709+00:00,0.9059535784666272,sequential,accepted archive mtime proxy
shard-003,2474,2026-09-12T02:06:09.336318+00:00,2.869381040284255,sequential,accepted archive mtime proxy
shard-002,1769,2026-09-12T02:06:11.845189+00:00,2.9550790492988503,sequential,accepted archive mtime proxy
shard-003,2475,2026-09-12T02:07:34.179855+00:00,1.3101862687501125,sequential,accepted archive mtime proxy
shard-002,1770,2026-09-12T02:07:57.477509+00:00,1.6451729284677035,sequential,accepted archive mtime proxy
shard-003,2476,2026-09-12T02:10:12.001731+00:00,2.5164120937503562,sequential,accepted archive mtime proxy
shard-002,1771,2026-09-12T02:10:35.032641+00:00,2.4841500777828815,sequential,accepted archive mtime proxy
shard-003,2477,2026-09-12T02:10:57.785961+00:00,0.6532833409670274,sequential,accepted archive mtime proxy
shard-002,1772,2026-09-12T02:11:59.651618+00:00,1.2729650145823446,sequential,accepted archive mtime proxy
shard-003,2478,2026-09-12T02:12:41.955980+00:00,1.607756997218045,sequential,accepted archive mtime proxy
shard-002,1773,2026-09-12T02:13:31.517338+00:00,1.4070119201322087,sequential,accepted archive mtime proxy
shard-003,2479,2026-09-12T02:13:46.824975+00:00,0.9716600444342476,sequential,accepted archive mtime proxy
shard-002,1774,2026-09-12T02:14:38.232091+00:00,0.9712578437504514,sequential,accepted archive mtime proxy
shard-003,2480,2026-09-12T02:14:46.094733+00:00,0.8878090305506097,sequential,accepted archive mtime proxy
shard-003,2481,2026-09-12T02:16:35.000037+00:00,1.6916657381846258,sequential,accepted archive mtime proxy
shard-002,1775,2026-09-12T02:16:35.978060+00:00,1.8260777743164605,sequential,accepted archive mtime proxy
shard-003,2482,2026-09-12T02:18:49.485766+00:00,2.14380422985026,sequential,accepted archive mtime proxy
shard-002,1776,2026-09-12T02:19:01.932451+00:00,2.2952550743182654,sequential,accepted archive mtime proxy
shard-003,2483,2026-09-12T02:20:35.105715+00:00,1.6414023222168908,sequential,accepted archive mtime proxy
shard-002,1777,2026-09-12T02:20:46.876732+00:00,1.607358863883807,sequential,accepted archive mtime proxy
shard-002,1778,2026-09-12T02:21:58.559862+00:00,1.0717212937500638,sequential,accepted archive mtime proxy
shard-003,2484,2026-09-12T02:22:06.246907+00:00,1.4068908381993728,sequential,accepted archive mtime proxy
shard-002,1779,2026-09-12T02:22:55.696669+00:00,0.821097686116506,sequential,accepted archive mtime proxy
shard-003,2485,2026-09-12T02:23:41.138004+00:00,1.4743664486178507,sequential,accepted archive mtime proxy
shard-002,1780,2026-09-12T02:24:00.711416+00:00,0.9380427354170631,sequential,accepted archive mtime proxy
shard-003,2486,2026-09-12T02:25:07.991815+00:00,1.3225849187506051,sequential,accepted archive mtime proxy
shard-002,1781,2026-09-12T02:25:13.700734+00:00,1.0724895451489525,sequential,accepted archive mtime proxy
shard-003,2487,2026-09-12T02:27:39.316117+00:00,2.39584180971724,sequential,accepted archive mtime proxy
shard-002,1782,2026-09-12T02:28:13.361500+00:00,2.8659283076490585,sequential,accepted archive mtime proxy
shard-002,1783,2026-09-12T02:30:11.559965+00:00,1.830036047915928,sequential,accepted archive mtime proxy
shard-003,2488,2026-09-12T02:30:23.317030+00:00,2.618605150684016,sequential,accepted archive mtime proxy
shard-002,1784,2026-09-12T02:31:32.143075+00:00,1.1923906007005523,sequential,accepted archive mtime proxy
shard-003,2489,2026-09-12T02:31:47.398675+00:00,1.2925692430658577,sequential,accepted archive mtime proxy
shard-002,1785,2026-09-12T02:33:16.880246+00:00,1.5944065784666843,sequential,accepted archive mtime proxy
shard-003,2490,2026-09-12T02:33:33.087090+00:00,1.6453656215162482,sequential,accepted archive mtime proxy
shard-003,2491,2026-09-12T02:35:22.113743+00:00,1.6965324138989673,sequential,accepted archive mtime proxy
shard-002,1786,2026-09-12T02:35:23.490638+00:00,1.980514133333539,sequential,accepted archive mtime proxy
shard-003,2492,2026-09-12T02:37:00.474042+00:00,1.5280148902675137,sequential,accepted archive mtime proxy
shard-002,1787,2026-09-12T02:38:43.780774+00:00,3.1913316374993883,sequential,accepted archive mtime proxy
shard-003,2493,2026-09-12T02:38:46.441742+00:00,1.6462069486170852,sequential,accepted archive mtime proxy
shard-003,2494,2026-09-12T02:40:19.647614+00:00,1.4278820743008207,sequential,accepted archive mtime proxy
shard-002,1788,2026-09-12T02:40:49.525657+00:00,1.9630140902649145,sequential,accepted archive mtime proxy
shard-002,1789,2026-09-12T02:43:04.376480+00:00,2.0926307979175665,sequential,accepted archive mtime proxy
shard-003,2495,2026-09-12T02:43:48.614618+00:00,3.365788023600665,sequential,accepted archive mtime proxy
shard-003,2496,2026-09-12T02:44:57.828793+00:00,1.038229406250563,sequential,accepted archive mtime proxy
shard-002,1790,2026-09-12T02:46:39.016199+00:00,3.432591911116227,sequential,accepted archive mtime proxy
shard-002,1791,2026-09-12T02:49:19.264599+00:00,2.54610036110001,sequential,accepted archive mtime proxy
shard-002,1792,2026-09-12T02:51:47.267074+00:00,2.311689271533396,sequential,accepted archive mtime proxy
shard-002,1793,2026-09-12T02:53:11.343533+00:00,1.2559103340337363,sequential,accepted archive mtime proxy
shard-003,2497,2026-09-12T02:53:17.726404+00:00,8.19950066388313,sequential,accepted archive mtime proxy
shard-002,1794,2026-09-12T02:54:02.424807+00:00,0.7035357819501465,sequential,accepted archive mtime proxy
shard-002,1795,2026-09-12T02:54:54.375689+00:00,0.7199501861158448,sequential,accepted archive mtime proxy
shard-002,1796,2026-09-12T02:56:02.278631+00:00,0.988222472233853,sequential,accepted archive mtime proxy
shard-002,1797,2026-09-12T02:58:37.684151+00:00,2.444499365283021,sequential,accepted archive mtime proxy
shard-002,1798,2026-09-12T03:01:31.401040+00:00,2.7678493965339537,sequential,accepted archive mtime proxy
shard-002,1799,2026-09-12T03:02:43.735338+00:00,1.0412387784667467,sequential,accepted archive mtime proxy
shard-003,2498,2026-09-12T03:02:48.310047+00:00,9.395255312502075,sequential,accepted archive mtime proxy
shard-002,1800,2026-09-12T03:06:25.608397+00:00,3.567918987500404,sequential,accepted archive mtime proxy
shard-002,1801,2026-09-12T03:08:10.854311+00:00,1.6071086701510164,sequential,accepted archive mtime proxy
shard-002,1802,2026-09-12T03:10:53.421305+00:00,2.582067648616309,sequential,accepted archive mtime proxy
shard-003,2499,2026-09-12T03:13:18.979922+00:00,10.390903607633664,sequential,accepted archive mtime proxy
shard-002,1803,2026-09-12T03:13:35.604036+00:00,2.5502969743004846,sequential,accepted archive mtime proxy
shard-003,2500,2026-09-12T03:14:31.069285+00:00,1.090174431949466,sequential,accepted archive mtime proxy
shard-002,1804,2026-09-12T03:14:58.271302+00:00,1.2234535194331935,sequential,accepted archive mtime proxy
shard-003,2501,2026-09-12T03:15:17.689550+00:00,0.6532516486166666,sequential,accepted archive mtime proxy
shard-003,2502,2026-09-12T03:17:18.514271+00:00,1.8756025666662026,sequential,accepted archive mtime proxy
shard-002,1805,2026-09-12T03:17:28.287662+00:00,2.34365906319969,sequential,accepted archive mtime proxy
shard-003,2503,2026-09-12T03:18:37.260644+00:00,1.1893418402818496,sequential,accepted archive mtime proxy
shard-002,1806,2026-09-12T03:19:43.565976+00:00,2.112355963883844,sequential,accepted archive mtime proxy
shard-003,2504,2026-09-12T03:19:49.232887+00:00,1.074043118749978,sequential,accepted archive mtime proxy
shard-003,2505,2026-09-12T03:21:41.398172+00:00,1.7468287527832824,sequential,accepted archive mtime proxy
shard-002,1807,2026-09-12T03:21:50.223290+00:00,1.9491709958335075,sequential,accepted archive mtime proxy
shard-003,2506,2026-09-12T03:22:57.954950+00:00,1.1598834194320564,sequential,accepted archive mtime proxy
shard-002,1808,2026-09-12T03:23:13.952301+00:00,1.2607186666670411,sequential,accepted archive mtime proxy
shard-003,2507,2026-09-12T03:24:23.539535+00:00,1.2941656062495894,sequential,accepted archive mtime proxy
shard-002,1809,2026-09-12T03:24:36.419492+00:00,1.2271920048670533,sequential,accepted archive mtime proxy
shard-003,2508,2026-09-12T03:26:51.118523+00:00,2.3333847507000125,sequential,accepted archive mtime proxy
shard-002,1810,2026-09-12T03:26:53.057734+00:00,2.115897571516689,sequential,accepted archive mtime proxy
shard-002,1811,2026-09-12T03:28:36.646314+00:00,1.5609352680679875,sequential,accepted archive mtime proxy
shard-003,2509,2026-09-12T03:28:48.005078+00:00,1.8286002333334181,sequential,accepted archive mtime proxy
shard-003,2510,2026-09-12T03:31:06.619600+00:00,2.17588014723345,sequential,accepted archive mtime proxy
shard-002,1812,2026-09-12T03:31:12.987027+00:00,2.461334927083226,sequential,accepted archive mtime proxy
shard-003,2511,2026-09-12T03:33:27.884286+00:00,2.2271705305494836,sequential,accepted archive mtime proxy
shard-002,1813,2026-09-12T03:33:47.476252+00:00,2.4451843159661317,sequential,accepted archive mtime proxy
shard-002,1814,2026-09-12T03:35:20.365813+00:00,1.3761573722333802,sequential,accepted archive mtime proxy
shard-002,1815,2026-09-12T03:38:59.572811+00:00,3.525493188200441,sequential,accepted archive mtime proxy
shard-002,1816,2026-09-12T03:40:43.993425+00:00,1.5945638138839664,sequential,accepted archive mtime proxy
shard-002,1817,2026-09-12T03:43:21.830264+00:00,2.4664017486172574,sequential,accepted archive mtime proxy
shard-002,1818,2026-09-12T03:44:26.887012+00:00,0.940134354166609,sequential,accepted archive mtime proxy
shard-003,2512,2026-09-12T03:45:15.790656+00:00,11.680815082631307,sequential,accepted archive mtime proxy
shard-002,1819,2026-09-12T03:46:12.794153+00:00,1.5950897874989702,sequential,accepted archive mtime proxy
shard-003,2513,2026-09-12T03:47:14.501839+00:00,1.8638203847163823,sequential,accepted archive mtime proxy
shard-002,1820,2026-09-12T03:47:15.407887+00:00,0.8897099111151571,sequential,accepted archive mtime proxy
shard-002,1821,2026-09-12T03:49:00.298626+00:00,1.5934952027668865,sequential,accepted archive mtime proxy
shard-003,2514,2026-09-12T03:49:32.177426+00:00,2.148422140965704,sequential,accepted archive mtime proxy
shard-002,1822,2026-09-12T03:49:40.092874+00:00,0.5032330312494498,sequential,accepted archive mtime proxy
shard-002,1823,2026-09-12T03:51:53.229366+00:00,2.0804388805661196,sequential,accepted archive mtime proxy
shard-003,2515,2026-09-12T03:53:51.715891+00:00,4.196207937501216,sequential,accepted archive mtime proxy
shard-002,1824,2026-09-12T03:54:03.006480+00:00,1.9976553993163786,sequential,accepted archive mtime proxy
shard-003,2516,2026-09-12T03:55:17.953180+00:00,1.3261765555498035,sequential,accepted archive mtime proxy
shard-002,1825,2026-09-12T03:55:28.539557+00:00,1.2753461354159905,sequential,accepted archive mtime proxy
shard-003,2517,2026-09-12T03:56:36.076443+00:00,1.1588536701339762,sequential,accepted archive mtime proxy
shard-003,2518,2026-09-12T03:58:20.476508+00:00,1.6103433868013477,sequential,accepted archive mtime proxy
shard-002,1826,2026-09-12T03:59:12.652508+00:00,3.57429482221681,sequential,accepted archive mtime proxy
shard-003,2519,2026-09-12T03:59:30.751684+00:00,1.0576232367990694,sequential,accepted archive mtime proxy
shard-002,1827,2026-09-12T04:01:11.037948+00:00,1.8297593625010147,sequential,accepted archive mtime proxy
shard-003,2520,2026-09-12T04:01:16.994543+00:00,1.6448746666661465,sequential,accepted archive mtime proxy
shard-003,2521,2026-09-12T04:13:05.207263+00:00,11.662912329864533,sequential,accepted archive mtime proxy
shard-003,2522,2026-09-12T04:15:38.336533+00:00,2.4336158479175842,sequential,accepted archive mtime proxy
shard-002,1828,2026-09-12T04:15:59.958271+00:00,14.641410309035564,sequential,accepted archive mtime proxy
shard-003,2523,2026-09-12T04:17:34.183125+00:00,1.7967971027848155,sequential,accepted archive mtime proxy
shard-002,1829,2026-09-12T04:17:36.206504+00:00,1.4433967117996265,sequential,accepted archive mtime proxy
shard-002,1830,2026-09-12T04:20:51.820960+00:00,3.105651079166758,sequential,accepted archive mtime proxy
shard-003,2524,2026-09-12T04:21:05.738716+00:00,3.407184560416499,sequential,accepted archive mtime proxy
shard-002,1831,2026-09-12T04:22:26.216363+00:00,1.4272591826331336,sequential,accepted archive mtime proxy
shard-003,2525,2026-09-12T04:22:43.581389+00:00,1.494056885415921,sequential,accepted archive mtime proxy
shard-002,1832,2026-09-12T04:23:24.367800+00:00,0.8233757777838037,sequential,accepted archive mtime proxy
shard-002,1833,2026-09-12T04:25:15.984179+00:00,1.6957072166667786,sequential,accepted archive mtime proxy
shard-002,1834,2026-09-12T04:27:29.283131+00:00,2.080736112501472,sequential,accepted archive mtime proxy
shard-002,1835,2026-09-12T04:29:09.282276+00:00,1.4944526270827434,sequential,accepted archive mtime proxy
shard-002,1836,2026-09-12T04:31:37.455916+00:00,2.316128617350478,sequential,accepted archive mtime proxy
shard-002,1837,2026-09-12T04:33:58.789469+00:00,2.1985290895817644,sequential,accepted archive mtime proxy
shard-003,2526,2026-09-12T04:34:08.115138+00:00,11.271144588200453,sequential,accepted archive mtime proxy
shard-002,1838,2026-09-12T04:35:52.673392+00:00,1.7294842847331893,sequential,accepted archive mtime proxy
shard-003,2527,2026-09-12T04:36:48.250247+00:00,2.551976104849018,sequential,accepted archive mtime proxy
shard-002,1839,2026-09-12T04:37:20.372645+00:00,1.3098149826323302,sequential,accepted archive mtime proxy
shard-003,2528,2026-09-12T04:37:37.357209+00:00,0.6888470138830598,sequential,accepted archive mtime proxy
shard-002,1840,2026-09-12T04:38:34.023525+00:00,1.0746368479158264,sequential,accepted archive mtime proxy
shard-003,2529,2026-09-12T04:38:39.494915+00:00,0.9069798402662854,sequential,accepted archive mtime proxy
shard-003,2530,2026-09-12T04:39:57.764131+00:00,1.1751900034820817,sequential,accepted archive mtime proxy
shard-002,1841,2026-09-12T04:40:18.066930+00:00,1.5785096000006889,sequential,accepted archive mtime proxy
shard-003,2531,2026-09-12T04:41:39.017138+00:00,1.5613896069504942,sequential,accepted archive mtime proxy
shard-002,1842,2026-09-12T04:42:43.280421+00:00,2.2491069208326127,sequential,accepted archive mtime proxy
shard-003,2532,2026-09-12T04:43:05.872681+00:00,1.3107938736172704,sequential,accepted archive mtime proxy
shard-002,1843,2026-09-12T04:43:58.757868+00:00,1.074713436801297,sequential,accepted archive mtime proxy
shard-003,2533,2026-09-12T04:44:11.387573+00:00,0.9413625493180007,sequential,accepted archive mtime proxy
shard-002,1844,2026-09-12T04:45:26.064161+00:00,1.3098612083335561,sequential,accepted archive mtime proxy
shard-003,2534,2026-09-12T04:45:34.694251+00:00,1.259925884033631,sequential,accepted archive mtime proxy
shard-003,2535,2026-09-12T04:48:09.191102+00:00,2.449726608333488,sequential,accepted archive mtime proxy
shard-002,1845,2026-09-12T04:48:28.948731+00:00,2.903753915283596,sequential,accepted archive mtime proxy
shard-003,2536,2026-09-12T04:49:42.571597+00:00,1.4112749694322702,sequential,accepted archive mtime proxy
shard-002,1846,2026-09-12T04:49:43.613610+00:00,1.0582752784830518,sequential,accepted archive mtime proxy
shard-002,1847,2026-09-12T04:51:37.953283+00:00,1.7629764625007132,sequential,accepted archive mtime proxy
shard-003,2537,2026-09-12T04:51:39.144429+00:00,1.8292398152834115,sequential,accepted archive mtime proxy
shard-002,1848,2026-09-12T04:53:07.150277+00:00,1.3262061611167155,sequential,accepted archive mtime proxy
shard-003,2538,2026-09-12T04:53:22.925375+00:00,1.5948378340341152,sequential,accepted archive mtime proxy
shard-002,1849,2026-09-12T04:53:43.694914+00:00,0.4539781986153685,sequential,accepted archive mtime proxy
shard-003,2539,2026-09-12T04:54:07.324421+00:00,0.5878222916663314,sequential,accepted archive mtime proxy
shard-003,2540,2026-09-12T04:56:14.089483+00:00,1.9811022763994213,sequential,accepted archive mtime proxy
shard-002,1850,2026-09-12T04:56:21.178140+00:00,2.4514506694492106,sequential,accepted archive mtime proxy
shard-003,2541,2026-09-12T04:57:41.318795+00:00,1.3097322902680995,sequential,accepted archive mtime proxy
shard-002,1851,2026-09-12T04:57:47.459275+00:00,1.27607922568374,sequential,accepted archive mtime proxy
shard-002,1852,2026-09-12T04:59:28.579282+00:00,1.5279044798672354,sequential,accepted archive mtime proxy
shard-003,2542,2026-09-12T04:59:34.834345+00:00,1.7636744097166228,sequential,accepted archive mtime proxy
shard-003,2543,2026-09-12T05:01:05.819617+00:00,1.3924691277827757,sequential,accepted archive mtime proxy
shard-002,1853,2026-09-12T05:01:22.124284+00:00,1.7301696291659028,sequential,accepted archive mtime proxy
shard-002,1854,2026-09-12T05:02:27.561644+00:00,0.9233681597164832,sequential,accepted archive mtime proxy
shard-003,2544,2026-09-12T05:02:28.269594+00:00,1.2261388715337185,sequential,accepted archive mtime proxy
shard-002,1855,2026-09-12T05:04:37.220392+00:00,1.997075029850627,sequential,accepted archive mtime proxy
shard-003,2545,2026-09-12T05:04:57.271887+00:00,2.350556149300731,sequential,accepted archive mtime proxy
shard-002,1856,2026-09-12T05:05:25.818446+00:00,0.6384564666659571,sequential,accepted archive mtime proxy
shard-002,1857,2026-09-12T05:07:21.205024+00:00,1.7792278597325397,sequential,accepted archive mtime proxy
shard-002,1858,2026-09-12T05:08:30.891729+00:00,0.9907565541681833,sequential,accepted archive mtime proxy
shard-003,2546,2026-09-12T05:08:45.369930+00:00,3.642827464583873,sequential,accepted archive mtime proxy
shard-002,1859,2026-09-12T05:10:18.616848+00:00,1.6290153250001216,sequential,accepted archive mtime proxy
shard-003,2547,2026-09-12T05:10:52.982667+00:00,1.998316931949618,sequential,accepted archive mtime proxy
shard-002,1860,2026-09-12T05:11:14.983363+00:00,0.7730304062482901,sequential,accepted archive mtime proxy
shard-002,1861,2026-09-12T05:13:32.421071+00:00,2.113948404166149,sequential,accepted archive mtime proxy
shard-003,2548,2026-09-12T05:14:08.909141+00:00,3.1207416368182748,sequential,accepted archive mtime proxy
shard-002,1862,2026-09-12T05:14:39.321003+00:00,0.9576951388987557,sequential,accepted archive mtime proxy
shard-003,2549,2026-09-12T05:16:07.931091+00:00,1.8635273354166808,sequential,accepted archive mtime proxy
shard-002,1863,2026-09-12T05:16:37.264377+00:00,1.7972947298510311,sequential,accepted archive mtime proxy
shard-003,2550,2026-09-12T05:16:53.817818+00:00,0.6047548277846848,sequential,accepted archive mtime proxy
shard-002,1864,2026-09-12T05:17:46.437142+00:00,0.9917927992995829,sequential,accepted archive mtime proxy
shard-003,2551,2026-09-12T05:18:05.648650+00:00,1.0589027013998324,sequential,accepted archive mtime proxy
shard-002,1865,2026-09-12T05:18:50.944164+00:00,0.8905130284838378,sequential,accepted archive mtime proxy
shard-003,2552,2026-09-12T05:19:08.017264+00:00,0.9076963117986452,sequential,accepted archive mtime proxy
shard-003,2553,2026-09-12T05:20:43.845783+00:00,1.4610784548664622,sequential,accepted archive mtime proxy
shard-002,1866,2026-09-12T05:20:59.627392+00:00,1.9824603132011058,sequential,accepted archive mtime proxy
shard-003,2554,2026-09-12T05:21:27.666487+00:00,0.5887256951323555,sequential,accepted archive mtime proxy
shard-002,1867,2026-09-12T05:21:41.137109+00:00,0.5379351916664745,sequential,accepted archive mtime proxy
shard-003,2555,2026-09-12T05:22:47.018760+00:00,1.1738503520823238,sequential,accepted archive mtime proxy
shard-002,1868,2026-09-12T05:22:50.557801+00:00,0.9720553604168042,sequential,accepted archive mtime proxy
shard-002,1869,2026-09-12T05:24:38.437565+00:00,1.6248802062492662,sequential,accepted archive mtime proxy
shard-003,2556,2026-09-12T05:24:52.945911+00:00,1.9600323312489005,sequential,accepted archive mtime proxy
shard-002,1870,2026-09-12T05:25:15.338262+00:00,0.4692234062492692,sequential,accepted archive mtime proxy
shard-003,2557,2026-09-12T05:26:19.323138+00:00,1.3062332257007558,sequential,accepted archive mtime proxy
shard-003,2558,2026-09-12T05:27:46.326447+00:00,1.3074979541668048,sequential,accepted archive mtime proxy
shard-003,2559,2026-09-12T05:30:38.340737+00:00,2.7346831534659333,sequential,accepted archive mtime proxy
shard-003,2560,2026-09-12T05:33:06.373533+00:00,2.3331059298497467,sequential,accepted archive mtime proxy
shard-003,2561,2026-09-12T05:35:07.905726+00:00,1.8791895604168531,sequential,accepted archive mtime proxy
shard-003,2562,2026-09-12T05:36:36.606399+00:00,1.3263010277839689,sequential,accepted archive mtime proxy
shard-002,1871,2026-09-12T05:36:39.471801+00:00,11.218556254849924,sequential,accepted archive mtime proxy
shard-002,1872,2026-09-12T05:38:09.388646+00:00,1.3260071291665858,sequential,accepted archive mtime proxy
shard-003,2563,2026-09-12T05:38:09.951731+00:00,1.4281235770826848,sequential,accepted archive mtime proxy
shard-002,1873,2026-09-12T05:39:30.246412+00:00,1.209065388183808,sequential,accepted archive mtime proxy
shard-003,2564,2026-09-12T05:39:39.366290+00:00,1.3432205805671402,sequential,accepted archive mtime proxy
shard-002,1874,2026-09-12T05:40:54.143580+00:00,1.2098098215336601,sequential,accepted archive mtime proxy
shard-003,2565,2026-09-12T05:40:55.405258+00:00,1.124023231250855,sequential,accepted archive mtime proxy
shard-002,1875,2026-09-12T05:42:17.471887+00:00,1.242377647916631,sequential,accepted archive mtime proxy
shard-003,2566,2026-09-12T05:42:22.658777+00:00,1.3102535020831663,sequential,accepted archive mtime proxy
shard-003,2567,2026-09-12T05:44:56.751959+00:00,2.431315237499075,sequential,accepted archive mtime proxy
shard-002,1876,2026-09-12T05:45:03.867131+00:00,2.6018762451324924,sequential,accepted archive mtime proxy
shard-003,2568,2026-09-12T05:48:33.852654+00:00,3.4910026631997124,sequential,accepted archive mtime proxy
shard-003,2569,2026-09-12T05:50:36.709682+00:00,1.8970203715163128,sequential,accepted archive mtime proxy
shard-003,2570,2026-09-12T05:53:49.151736+00:00,3.053837928484427,sequential,accepted archive mtime proxy
shard-003,2571,2026-09-12T05:55:31.106814+00:00,1.5613260937486,sequential,accepted archive mtime proxy
shard-003,2572,2026-09-12T05:57:27.634825+00:00,1.7799664381833282,sequential,accepted archive mtime proxy
shard-002,1877,2026-09-12T05:59:29.494149+00:00,14.245323936115406,sequential,accepted archive mtime proxy
shard-003,2573,2026-09-12T06:00:08.851781+00:00,2.550835381250363,sequential,accepted archive mtime proxy
shard-002,1878,2026-09-12T06:00:13.685302+00:00,0.5882899138824238,sequential,accepted archive mtime proxy
shard-002,1879,2026-09-12T06:04:02.496739+00:00,3.6407218277823024,sequential,accepted archive mtime proxy
shard-002,1880,2026-09-12T06:05:33.978944+00:00,1.3600422722326282,sequential,accepted archive mtime proxy
shard-002,1881,2026-09-12T06:07:00.104871+00:00,1.2590977131990562,sequential,accepted archive mtime proxy
shard-002,1882,2026-09-12T06:08:39.751467+00:00,1.4787050368167305,sequential,accepted archive mtime proxy
shard-003,2574,2026-09-12T06:10:43.038671+00:00,10.418448686099145,sequential,accepted archive mtime proxy
shard-002,1883,2026-09-12T06:11:06.347597+00:00,2.2655240430496635,sequential,accepted archive mtime proxy
shard-003,2575,2026-09-12T06:11:24.671595+00:00,0.5550341895839666,sequential,accepted archive mtime proxy
shard-002,1884,2026-09-12T06:12:03.412267+00:00,0.7730847013823222,sequential,accepted archive mtime proxy
shard-003,2576,2026-09-12T06:12:19.996324+00:00,0.7722308506995129,sequential,accepted archive mtime proxy
shard-002,1885,2026-09-12T06:14:47.385580+00:00,2.568479021518336,sequential,accepted archive mtime proxy
shard-003,2577,2026-09-12T06:14:55.442181+00:00,2.4490048548497727,sequential,accepted archive mtime proxy
shard-002,1886,2026-09-12T06:16:36.649044+00:00,1.6457114513827642,sequential,accepted archive mtime proxy
shard-003,2578,2026-09-12T06:16:42.281340+00:00,1.6274068270829352,sequential,accepted archive mtime proxy
shard-002,1887,2026-09-12T06:19:07.486425+00:00,2.332780253466141,sequential,accepted archive mtime proxy
shard-003,2579,2026-09-12T06:19:13.924851+00:00,2.382784109032946,sequential,accepted archive mtime proxy
shard-002,1888,2026-09-12T06:21:00.025327+00:00,1.7127004756999669,sequential,accepted archive mtime proxy
shard-003,2580,2026-09-12T06:21:04.099559+00:00,1.6960875333325627,sequential,accepted archive mtime proxy
shard-003,2581,2026-09-12T06:22:58.419256+00:00,1.7616591374991306,sequential,accepted archive mtime proxy
shard-002,1889,2026-09-12T06:23:05.480323+00:00,1.9145967916663116,sequential,accepted archive mtime proxy
shard-002,1890,2026-09-12T06:25:10.770629+00:00,1.9133024256986877,sequential,accepted archive mtime proxy
shard-003,2582,2026-09-12T06:25:16.471412+00:00,2.1496727742992032,sequential,accepted archive mtime proxy
shard-002,1891,2026-09-12T06:28:01.731323+00:00,2.684845622217593,sequential,accepted archive mtime proxy
shard-002,1892,2026-09-12T06:29:56.186539+00:00,1.72908834166592,sequential,accepted archive mtime proxy
shard-003,2583,2026-09-12T06:30:08.727376+00:00,4.732544811816964,sequential,accepted archive mtime proxy
shard-002,1893,2026-09-12T06:31:46.057066+00:00,1.6460524139013917,sequential,accepted archive mtime proxy
shard-002,1894,2026-09-12T06:32:46.315464+00:00,0.8227866166678723,sequential,accepted archive mtime proxy
shard-003,2584,2026-09-12T06:32:59.188020+00:00,2.68669305278454,sequential,accepted archive mtime proxy
shard-002,1895,2026-09-12T06:33:27.558826+00:00,0.5212609020837893,sequential,accepted archive mtime proxy
shard-003,2585,2026-09-12T06:34:10.516992+00:00,1.041214506950928,sequential,accepted archive mtime proxy
shard-002,1896,2026-09-12T06:34:21.116439+00:00,0.7059903902661365,sequential,accepted archive mtime proxy
shard-002,1897,2026-09-12T06:37:58.735932+00:00,3.4561481569505608,sequential,accepted archive mtime proxy
shard-002,1898,2026-09-12T06:39:30.642078+00:00,1.3596204235994567,sequential,accepted archive mtime proxy
shard-002,1899,2026-09-12T06:41:52.964015+00:00,2.199364454865766,sequential,accepted archive mtime proxy
shard-003,2586,2026-09-12T06:42:54.961905+00:00,8.576071027767224,sequential,accepted archive mtime proxy
shard-002,1900,2026-09-12T06:44:45.208600+00:00,2.683490350698897,sequential,accepted archive mtime proxy
shard-003,2587,2026-09-12T06:44:50.984782+00:00,1.796238961115402,sequential,accepted archive mtime proxy
shard-003,2588,2026-09-12T06:45:57.147626+00:00,0.9574985798661753,sequential,accepted archive mtime proxy
shard-003,2589,2026-09-12T06:46:41.074269+00:00,0.5711238458345178,sequential,accepted archive mtime proxy
shard-002,1901,2026-09-12T06:47:04.413302+00:00,2.1330810979163894,sequential,accepted archive mtime proxy
shard-003,2590,2026-09-12T06:47:26.870095+00:00,0.604949052084703,sequential,accepted archive mtime proxy
shard-002,1902,2026-09-12T06:47:56.613944+00:00,0.6899182472164588,sequential,accepted archive mtime proxy
shard-003,2591,2026-09-12T06:48:04.752566+00:00,0.4878430937494462,sequential,accepted archive mtime proxy
shard-003,2592,2026-09-12T06:49:25.841081+00:00,1.1913853104168084,sequential,accepted archive mtime proxy
shard-002,1903,2026-09-12T06:49:36.650224+00:00,1.477695242348515,sequential,accepted archive mtime proxy
shard-003,2593,2026-09-12T06:50:00.367744+00:00,0.4207016472161437,sequential,accepted archive mtime proxy
shard-002,1904,2026-09-12T06:50:24.056316+00:00,0.6388341597164982,sequential,accepted archive mtime proxy
shard-003,2594,2026-09-12T06:50:33.483973+00:00,0.40351410346726574,sequential,accepted archive mtime proxy
shard-002,1905,2026-09-12T06:51:55.679077+00:00,1.3267893909670723,sequential,accepted archive mtime proxy
shard-003,2595,2026-09-12T06:51:57.842354+00:00,1.2420427562494296,sequential,accepted archive mtime proxy
shard-003,2596,2026-09-12T06:53:06.293045+00:00,0.9911084562501249,sequential,accepted archive mtime proxy
shard-002,1906,2026-09-12T06:53:28.730039+00:00,1.3941818201332352,sequential,accepted archive mtime proxy
shard-003,2597,2026-09-12T06:53:43.006804+00:00,0.45433532221553224,sequential,accepted archive mtime proxy
shard-002,1907,2026-09-12T06:55:10.723919+00:00,1.5108501812501345,sequential,accepted archive mtime proxy
shard-003,2598,2026-09-12T06:55:20.166983+00:00,1.4613176680499842,sequential,accepted archive mtime proxy
shard-003,2599,2026-09-12T06:57:24.713178+00:00,1.9300374632002786,sequential,accepted archive mtime proxy
shard-002,1908,2026-09-12T06:57:29.986305+00:00,2.1153340868166803,sequential,accepted archive mtime proxy
shard-003,2600,2026-09-12T06:58:58.088932+00:00,1.3930982423655223,sequential,accepted archive mtime proxy
shard-002,1909,2026-09-12T06:59:09.687045+00:00,1.4938460687505237,sequential,accepted archive mtime proxy
shard-003,2601,2026-09-12T07:01:09.322309+00:00,2.0478877638990527,sequential,accepted archive mtime proxy
shard-002,1910,2026-09-12T07:01:18.755004+00:00,1.9634674923669082,sequential,accepted archive mtime proxy
shard-003,2602,2026-09-12T07:02:02.696402+00:00,0.7221170881821308,sequential,accepted archive mtime proxy
shard-002,1911,2026-09-12T07:02:23.225652+00:00,0.907781565982926,sequential,accepted archive mtime proxy
shard-003,2603,2026-09-12T07:03:06.327043+00:00,0.9076162673668781,sequential,accepted archive mtime proxy
shard-002,1912,2026-09-12T07:03:50.327618+00:00,1.2434077166661155,sequential,accepted archive mtime proxy
shard-003,2604,2026-09-12T07:05:15.442722+00:00,1.9799335562507623,sequential,accepted archive mtime proxy
shard-002,1913,2026-09-12T07:05:38.216556+00:00,1.628282148616078,sequential,accepted archive mtime proxy
shard-003,2605,2026-09-12T07:06:03.733471+00:00,0.6557139368009909,sequential,accepted archive mtime proxy
shard-002,1914,2026-09-12T07:08:47.232460+00:00,2.9544451486164083,sequential,accepted archive mtime proxy
shard-003,2606,2026-09-12T07:08:48.016638+00:00,2.567981145833619,sequential,accepted archive mtime proxy
shard-002,1915,2026-09-12T07:10:49.992312+00:00,1.8628312541676375,sequential,accepted archive mtime proxy
shard-002,1916,2026-09-12T07:11:53.321785+00:00,0.8734378298666949,sequential,accepted archive mtime proxy
shard-003,2607,2026-09-12T07:11:55.040735+00:00,2.956321023616086,sequential,accepted archive mtime proxy
shard-002,1917,2026-09-12T07:13:16.350311+00:00,1.191449342367317,sequential,accepted archive mtime proxy
shard-002,1918,2026-09-12T07:14:37.359232+00:00,1.1576759979167643,sequential,accepted archive mtime proxy
shard-002,1919,2026-09-12T07:15:45.883588+00:00,0.9729145854168261,sequential,accepted archive mtime proxy
shard-003,2608,2026-09-12T07:16:06.419034+00:00,4.060474406250675,sequential,accepted archive mtime proxy
shard-002,1920,2026-09-12T07:17:16.381620+00:00,1.309767796533803,sequential,accepted archive mtime proxy
shard-003,2609,2026-09-12T07:17:34.405942+00:00,1.293836552085122,sequential,accepted archive mtime proxy
shard-002,1921,2026-09-12T07:18:03.802878+00:00,0.6053266784661294,sequential,accepted archive mtime proxy
shard-003,2610,2026-09-12T07:18:28.210491+00:00,0.7232548104172262,sequential,accepted archive mtime proxy
shard-002,1922,2026-09-12T07:18:45.177357+00:00,0.5216092513835368,sequential,accepted archive mtime proxy
shard-003,2611,2026-09-12T07:20:00.121206+00:00,1.3772451374990244,sequential,accepted archive mtime proxy
shard-002,1923,2026-09-12T07:20:04.918892+00:00,1.1256355805671774,sequential,accepted archive mtime proxy
shard-002,1924,2026-09-12T07:21:31.716274+00:00,1.2760796784675525,sequential,accepted archive mtime proxy
shard-003,2612,2026-09-12T07:21:46.172210+00:00,1.5951847472169902,sequential,accepted archive mtime proxy
shard-003,2613,2026-09-12T07:23:03.128351+00:00,1.124451509717619,sequential,accepted archive mtime proxy
shard-002,1925,2026-09-12T07:23:05.507575+00:00,1.3598505354156563,sequential,accepted archive mtime proxy
shard-002,1926,2026-09-12T07:25:24.594622+00:00,2.146256632650814,sequential,accepted archive mtime proxy
shard-002,1927,2026-09-12T07:26:12.168288+00:00,0.6044255840339853,sequential,accepted archive mtime proxy
shard-002,1928,2026-09-12T07:27:42.356831+00:00,1.325111315267471,sequential,accepted archive mtime proxy
shard-002,1929,2026-09-12T07:28:32.741501+00:00,0.6385195736171833,sequential,accepted archive mtime proxy
shard-002,1930,2026-09-12T07:29:49.735839+00:00,1.0905651187485395,sequential,accepted archive mtime proxy
shard-002,1931,2026-09-12T07:31:40.469453+00:00,1.6453274104162119,sequential,accepted archive mtime proxy
shard-003,2614,2026-09-12T07:31:51.864820+00:00,8.644032350685059,sequential,accepted archive mtime proxy
shard-002,1932,2026-09-12T07:33:31.733503+00:00,1.6779780715315913,sequential,accepted archive mtime proxy
shard-003,2615,2026-09-12T07:33:49.048953+00:00,1.8134971673677986,sequential,accepted archive mtime proxy
shard-002,1933,2026-09-12T07:34:27.907624+00:00,0.7221981250001893,sequential,accepted archive mtime proxy
shard-002,1934,2026-09-12T07:36:44.709155+00:00,2.0981869381833045,sequential,accepted archive mtime proxy
shard-003,2616,2026-09-12T07:38:20.108957+00:00,4.362787772216446,sequential,accepted archive mtime proxy
shard-002,1935,2026-09-12T07:38:30.129864+00:00,1.5608991319488268,sequential,accepted archive mtime proxy
shard-002,1936,2026-09-12T07:39:51.840883+00:00,1.1754015319495617,sequential,accepted archive mtime proxy
shard-003,2617,2026-09-12T07:40:10.795446+00:00,1.6799622458328183,sequential,accepted archive mtime proxy
shard-003,2618,2026-09-12T07:41:20.269097+00:00,0.9899118701325885,sequential,accepted archive mtime proxy
shard-002,1937,2026-09-12T07:41:25.876772+00:00,1.3764087694503055,sequential,accepted archive mtime proxy
shard-003,2619,2026-09-12T07:51:12.423573+00:00,9.702352730565083,sequential,accepted archive mtime proxy
shard-003,2620,2026-09-12T07:53:05.924817+00:00,1.7284557979165887,sequential,accepted archive mtime proxy
shard-002,1938,2026-09-12T07:53:30.490851+00:00,11.896182229166152,sequential,accepted archive mtime proxy
shard-003,2621,2026-09-12T07:53:49.353651+00:00,0.5547718750002484,sequential,accepted archive mtime proxy
shard-003,2622,2026-09-12T07:54:38.407262+00:00,0.6552177715173457,sequential,accepted archive mtime proxy
shard-003,2623,2026-09-12T07:55:48.891432+00:00,1.0076053326347998,sequential,accepted archive mtime proxy
shard-002,1939,2026-09-12T07:56:09.306720+00:00,2.451787081933192,sequential,accepted archive mtime proxy
shard-003,2624,2026-09-12T07:56:43.835897+00:00,0.7562375097166902,sequential,accepted archive mtime proxy
shard-002,1940,2026-09-12T07:56:50.229466+00:00,0.4708308541662215,sequential,accepted archive mtime proxy
shard-002,1941,2026-09-12T07:57:50.679785+00:00,0.8231842965178657,sequential,accepted archive mtime proxy
shard-003,2625,2026-09-12T07:57:54.492504+00:00,1.0070357972329171,sequential,accepted archive mtime proxy
shard-003,2626,2026-09-12T08:00:07.644704+00:00,2.0641742402823486,sequential,accepted archive mtime proxy
shard-002,1942,2026-09-12T08:00:09.358799+00:00,2.113228550000349,sequential,accepted archive mtime proxy
shard-002,1943,2026-09-12T08:01:56.066096+00:00,1.5940631534846035,sequential,accepted archive mtime proxy
shard-003,2627,2026-09-12T08:02:05.588722+00:00,1.7962623409674658,sequential,accepted archive mtime proxy
shard-002,1944,2026-09-12T08:03:28.623300+00:00,1.3429988083332622,sequential,accepted archive mtime proxy
shard-003,2628,2026-09-12T08:03:36.016299+00:00,1.3418596694342948,sequential,accepted archive mtime proxy
shard-002,1945,2026-09-12T08:04:42.245313+00:00,1.040738322234635,sequential,accepted archive mtime proxy
shard-002,1946,2026-09-12T08:05:51.108485+00:00,0.9568733173500126,sequential,accepted archive mtime proxy
shard-003,2629,2026-09-12T08:05:53.646630+00:00,2.132282729165551,sequential,accepted archive mtime proxy
shard-002,1947,2026-09-12T08:13:34.525867+00:00,7.52100692083283,sequential,accepted archive mtime proxy
shard-003,2630,2026-09-12T08:13:55.718415+00:00,7.869438551401254,sequential,accepted archive mtime proxy
shard-002,1948,2026-09-12T08:16:06.463090+00:00,2.349205685416625,sequential,accepted archive mtime proxy
shard-003,2631,2026-09-12T08:16:23.342784+00:00,2.28263049236654,sequential,accepted archive mtime proxy
shard-002,1949,2026-09-12T08:16:47.692643+00:00,0.4710135701325877,sequential,accepted archive mtime proxy
shard-003,2632,2026-09-12T08:18:08.398399+00:00,1.5945729923667387,sequential,accepted archive mtime proxy
shard-002,1950,2026-09-12T08:18:19.358706+00:00,1.342722793049567,sequential,accepted archive mtime proxy
shard-002,1951,2026-09-12T08:20:12.937159+00:00,1.6951740861152453,sequential,accepted archive mtime proxy
shard-003,2633,2026-09-12T08:20:29.359721+00:00,2.1824111062509473,sequential,accepted archive mtime proxy
shard-002,1952,2026-09-12T08:21:17.690879+00:00,0.8737054375000298,sequential,accepted archive mtime proxy
shard-002,1953,2026-09-12T08:22:51.531429+00:00,1.3600693888826452,sequential,accepted archive mtime proxy
shard-003,2634,2026-09-12T08:23:47.637075+00:00,3.1227599888826565,sequential,accepted archive mtime proxy
shard-002,1954,2026-09-12T08:23:59.036069+00:00,0.9233580027668116,sequential,accepted archive mtime proxy
shard-003,2635,2026-09-12T08:24:54.936279+00:00,0.940499006950995,sequential,accepted archive mtime proxy
shard-002,1955,2026-09-12T08:25:05.714643+00:00,0.923752032633638,sequential,accepted archive mtime proxy
shard-002,1956,2026-09-12T08:26:38.963627+00:00,1.3757776486182896,sequential,accepted archive mtime proxy
shard-003,2636,2026-09-12T08:26:57.703679+00:00,1.8817844395836194,sequential,accepted archive mtime proxy
shard-002,1957,2026-09-12T08:28:21.396816+00:00,1.4954710715333932,sequential,accepted archive mtime proxy
shard-002,1958,2026-09-12T08:29:57.318989+00:00,1.410320778482128,sequential,accepted archive mtime proxy
shard-002,1959,2026-09-12T08:32:33.477139+00:00,2.4014306069506954,sequential,accepted archive mtime proxy
shard-002,1960,2026-09-12T08:34:24.644689+00:00,1.628057911117018,sequential,accepted archive mtime proxy
shard-002,1961,2026-09-12T08:36:07.336511+00:00,1.5114330840335848,sequential,accepted archive mtime proxy
shard-002,1962,2026-09-12T08:37:50.567163+00:00,1.5274398847172657,sequential,accepted archive mtime proxy
shard-002,1963,2026-09-12T08:39:40.094187+00:00,1.6111395590337148,sequential,accepted archive mtime proxy
shard-002,1964,2026-09-12T08:40:42.827356+00:00,0.8558539604166678,sequential,accepted archive mtime proxy
shard-002,1965,2026-09-12T08:41:42.363451+00:00,0.7725280541654986,sequential,accepted archive mtime proxy
shard-002,1966,2026-09-12T08:42:32.224792+00:00,0.6385931270837318,sequential,accepted archive mtime proxy
shard-002,1967,2026-09-12T08:43:26.667444+00:00,0.6880253465322312,sequential,accepted archive mtime proxy
shard-002,1968,2026-09-12T08:44:20.462072+00:00,0.705241040266507,sequential,accepted archive mtime proxy
shard-002,1969,2026-09-12T08:45:21.624728+00:00,0.8052509111003019,sequential,accepted archive mtime proxy
shard-002,1970,2026-09-12T08:46:09.796284+00:00,0.6052662895837178,sequential,accepted archive mtime proxy
shard-003,2637,2026-09-12T08:46:23.729442+00:00,19.24717829861523,sequential,accepted archive mtime proxy
shard-002,1971,2026-09-12T08:47:09.850432+00:00,0.7894472472156243,sequential,accepted archive mtime proxy
shard-002,1972,2026-09-12T08:47:58.095874+00:00,0.6046438923493649,sequential,accepted archive mtime proxy
shard-002,1973,2026-09-12T08:50:28.617915+00:00,2.2988553069493114,sequential,accepted archive mtime proxy
shard-002,1974,2026-09-12T08:51:57.522770+00:00,1.2756912715345001,sequential,accepted archive mtime proxy
shard-002,1975,2026-09-12T08:53:18.881997+00:00,1.1408682409654527,sequential,accepted archive mtime proxy
shard-002,1976,2026-09-12T08:55:08.399756+00:00,1.6277047076340143,sequential,accepted archive mtime proxy
shard-003,2638,2026-09-12T08:55:37.429135+00:00,9.076509029165997,sequential,accepted archive mtime proxy
shard-002,1977,2026-09-12T08:55:53.242577+00:00,0.5376200555513303,sequential,accepted archive mtime proxy
shard-003,2639,2026-09-12T08:56:40.832396+00:00,0.8741201611158128,sequential,accepted archive mtime proxy
shard-002,1978,2026-09-12T08:56:43.623961+00:00,0.6381009006833968,sequential,accepted archive mtime proxy
shard-002,1979,2026-09-12T08:58:38.240999+00:00,1.6968921499986511,sequential,accepted archive mtime proxy
shard-002,1980,2026-09-12T09:00:40.643953+00:00,1.8294649777836942,sequential,accepted archive mtime proxy
shard-003,2640,2026-09-12T09:00:56.854637+00:00,4.113700595148839,sequential,accepted archive mtime proxy
shard-002,1981,2026-09-12T09:03:19.396256+00:00,2.4333986479168135,sequential,accepted archive mtime proxy
shard-002,1982,2026-09-12T09:04:49.289121+00:00,1.2924775618012063,sequential,accepted archive mtime proxy
shard-002,1983,2026-09-12T09:06:25.437070+00:00,1.3760124507010913,sequential,accepted archive mtime proxy
shard-002,1984,2026-09-12T09:07:57.869623+00:00,1.34389818473331,sequential,accepted archive mtime proxy
shard-002,1985,2026-09-12T09:09:39.342358+00:00,1.476223913882859,sequential,accepted archive mtime proxy
shard-002,1986,2026-09-12T09:11:25.267497+00:00,1.5460081673498887,sequential,accepted archive mtime proxy
shard-002,1987,2026-09-12T09:13:47.934016+00:00,2.1649115597324755,sequential,accepted archive mtime proxy
shard-002,1988,2026-09-12T09:15:09.440789+00:00,1.1587877722166013,sequential,accepted archive mtime proxy
shard-002,1989,2026-09-12T09:18:52.595066+00:00,3.4910105507005937,sequential,accepted archive mtime proxy
shard-002,1990,2026-09-12T09:19:45.410684+00:00,0.6713273492990993,sequential,accepted archive mtime proxy
shard-002,1991,2026-09-12T09:22:28.799612+00:00,2.532872415983972,sequential,accepted archive mtime proxy
shard-003,2641,2026-09-12T09:22:36.785830+00:00,21.470736790966477,sequential,accepted archive mtime proxy
shard-002,1992,2026-09-12T09:24:27.317008+00:00,1.7618062666656138,sequential,accepted archive mtime proxy
shard-003,2642,2026-09-12T09:24:43.713181+00:00,1.9476999347175783,sequential,accepted archive mtime proxy
shard-002,1993,2026-09-12T09:26:25.801846+00:00,1.7644367659677906,sequential,accepted archive mtime proxy
shard-003,2643,2026-09-12T09:27:21.785780+00:00,2.4852218479150907,sequential,accepted archive mtime proxy
shard-002,1994,2026-09-12T09:29:15.264836+00:00,2.6011276180661906,sequential,accepted archive mtime proxy
shard-003,2644,2026-09-12T09:30:16.991141+00:00,2.7360443298666115,sequential,accepted archive mtime proxy
shard-002,1995,2026-09-12T09:30:34.867012+00:00,1.125974209717242,sequential,accepted archive mtime proxy
shard-003,2645,2026-09-12T09:31:28.823248+00:00,1.0250209840169797,sequential,accepted archive mtime proxy
shard-002,1996,2026-09-12T09:31:47.945356+00:00,0.9913158618165956,sequential,accepted archive mtime proxy
shard-002,1997,2026-09-12T09:32:49.045181+00:00,0.7886851305665914,sequential,accepted archive mtime proxy
shard-003,2646,2026-09-12T09:32:58.014143+00:00,1.3094094583318414,sequential,accepted archive mtime proxy
shard-003,2647,2026-09-12T09:35:07.742777+00:00,1.9986592479166574,sequential,accepted archive mtime proxy
shard-003,2648,2026-09-12T09:36:35.938049+00:00,1.2933272187501037,sequential,accepted archive mtime proxy
shard-002,1998,2026-09-12T09:36:55.595891+00:00,3.89609056111658,sequential,accepted archive mtime proxy
shard-003,2649,2026-09-12T09:37:17.643028+00:00,0.5214726124987161,sequential,accepted archive mtime proxy
shard-002,1999,2026-09-12T09:37:36.623665+00:00,0.4541798020829447,sequential,accepted archive mtime proxy
shard-003,2650,2026-09-12T09:38:57.207732+00:00,1.4615041333328311,sequential,accepted archive mtime proxy
shard-002,2000,2026-09-12T09:39:04.544846+00:00,1.2429249111174916,sequential,accepted archive mtime proxy
shard-003,2651,2026-09-12T09:40:37.084138+00:00,1.4939146979168678,sequential,accepted archive mtime proxy
shard-002,2001,2026-09-12T09:40:44.153145+00:00,1.444598497217521,sequential,accepted archive mtime proxy
shard-002,2002,2026-09-12T09:41:59.471378+00:00,1.0420760916662402,sequential,accepted archive mtime proxy
shard-003,2652,2026-09-12T09:42:09.913884+00:00,1.3767361000005622,sequential,accepted archive mtime proxy
shard-002,2003,2026-09-12T09:43:28.036358+00:00,1.2763027020827091,sequential,accepted archive mtime proxy
shard-003,2653,2026-09-12T09:43:49.471890+00:00,1.4775015479167146,sequential,accepted archive mtime proxy
shard-002,2004,2026-09-12T09:44:39.093951+00:00,0.9580980437516701,sequential,accepted archive mtime proxy
shard-003,2654,2026-09-12T09:45:20.609966+00:00,1.3439100750004096,sequential,accepted archive mtime proxy
shard-002,2005,2026-09-12T09:45:37.857245+00:00,0.7725519104162231,sequential,accepted archive mtime proxy
shard-003,2655,2026-09-12T09:48:15.481171+00:00,2.719174788199598,sequential,accepted archive mtime proxy
shard-003,2656,2026-09-12T09:51:15.132746+00:00,2.836126397216382,sequential,accepted archive mtime proxy
shard-002,2006,2026-09-12T09:58:02.557173+00:00,12.176094134016118,sequential,accepted archive mtime proxy
shard-002,2007,2026-09-12T10:00:55.799209+00:00,2.651684297215737,sequential,accepted archive mtime proxy
shard-002,2008,2026-09-12T10:04:54.526073+00:00,3.7752885673486163,sequential,accepted archive mtime proxy
shard-003,2657,2026-09-12T10:05:12.482162+00:00,13.75097568819959,sequential,accepted archive mtime proxy
shard-002,2009,2026-09-12T10:06:54.422627+00:00,1.7636901493164865,sequential,accepted archive mtime proxy
shard-003,2658,2026-09-12T10:06:57.185457+00:00,1.5777311638831937,sequential,accepted archive mtime proxy
shard-002,2010,2026-09-12T10:10:09.891960+00:00,3.055746628466295,sequential,accepted archive mtime proxy
shard-003,2659,2026-09-12T10:10:33.118423+00:00,3.408921170133787,sequential,accepted archive mtime proxy
shard-002,2011,2026-09-12T10:10:50.626280+00:00,0.45424244861739377,sequential,accepted archive mtime proxy
shard-003,2660,2026-09-12T10:11:09.320743+00:00,0.42045960000056465,sequential,accepted archive mtime proxy
shard-002,2012,2026-09-12T10:11:28.951223+00:00,0.4038368972154179,sequential,accepted archive mtime proxy
shard-003,2661,2026-09-12T10:11:44.646385+00:00,0.42028109096572736,sequential,accepted archive mtime proxy
shard-002,2013,2026-09-12T10:12:05.495502+00:00,0.3866402347164694,sequential,accepted archive mtime proxy
shard-003,2662,2026-09-12T10:12:24.654721+00:00,0.4711510847167422,sequential,accepted archive mtime proxy
shard-002,2014,2026-09-12T10:12:45.597932+00:00,0.4373170159834748,sequential,accepted archive mtime proxy
shard-003,2663,2026-09-12T10:14:12.716924+00:00,1.6291448993006876,sequential,accepted archive mtime proxy
shard-002,2015,2026-09-12T10:15:50.296514+00:00,2.855354780566025,sequential,accepted archive mtime proxy
shard-003,2664,2026-09-12T10:16:05.350298+00:00,1.696193876383283,sequential,accepted archive mtime proxy
shard-002,2016,2026-09-12T10:17:39.574019+00:00,1.6116666847335486,sequential,accepted archive mtime proxy
shard-003,2665,2026-09-12T10:17:45.251709+00:00,1.4775993854156695,sequential,accepted archive mtime proxy
shard-003,2666,2026-09-12T10:21:47.325562+00:00,3.859539582634655,sequential,accepted archive mtime proxy
shard-003,2667,2026-09-12T10:39:50.081087+00:00,17.836850523597484,sequential,accepted archive mtime proxy
shard-003,2668,2026-09-12T10:41:41.514824+00:00,1.67920116528209,sequential,accepted archive mtime proxy
shard-003,2669,2026-09-12T10:43:27.205036+00:00,1.5938763729160808,sequential,accepted archive mtime proxy
shard-002,2017,2026-09-12T10:45:50.412948+00:00,27.943226781250754,sequential,accepted archive mtime proxy
shard-002,2018,2026-09-12T10:47:26.022178+00:00,1.35980396111651,sequential,accepted archive mtime proxy
shard-002,2019,2026-09-12T10:52:42.953228+00:00,5.068628988884544,sequential,accepted archive mtime proxy
shard-003,2670,2026-09-12T10:54:08.593864+00:00,10.493683664584145,sequential,accepted archive mtime proxy
shard-002,2020,2026-09-12T10:55:28.831587+00:00,2.534042806250121,sequential,accepted archive mtime proxy
shard-003,2671,2026-09-12T10:55:41.504137+00:00,1.3771407298666114,sequential,accepted archive mtime proxy
shard-003,2672,2026-09-12T10:57:08.574227+00:00,1.2592320152849426,sequential,accepted archive mtime proxy
shard-002,2021,2026-09-12T10:57:26.600004+00:00,1.7470203763824732,sequential,accepted archive mtime proxy
shard-003,2673,2026-09-12T10:57:55.249316+00:00,0.6054459430665399,sequential,accepted archive mtime proxy
shard-002,2022,2026-09-12T10:59:10.560421+00:00,1.4947688520827795,sequential,accepted archive mtime proxy
shard-003,2674,2026-09-12T11:00:15.604194+00:00,2.13284381943328,sequential,accepted archive mtime proxy
shard-002,2023,2026-09-12T11:00:29.838367+00:00,1.0919118284829892,sequential,accepted archive mtime proxy
shard-003,2675,2026-09-12T11:02:33.692925+00:00,2.11480922223418,sequential,accepted archive mtime proxy
shard-002,2024,2026-09-12T11:02:36.047334+00:00,1.8800155145814643,sequential,accepted archive mtime proxy
shard-002,2025,2026-09-12T11:04:42.237591+00:00,1.8810742354175696,sequential,accepted archive mtime proxy
shard-003,2676,2026-09-12T11:04:49.105583+00:00,2.0660450770830114,sequential,accepted archive mtime proxy
shard-002,2026,2026-09-12T11:06:18.281846+00:00,1.3760190270841122,sequential,accepted archive mtime proxy
shard-002,2027,2026-09-12T11:08:46.977874+00:00,2.2330912479160663,sequential,accepted archive mtime proxy
shard-002,2028,2026-09-12T11:10:20.891036+00:00,1.344107467366848,sequential,accepted archive mtime proxy
shard-002,2029,2026-09-12T11:11:58.369316+00:00,1.37719682569926,sequential,accepted archive mtime proxy
shard-003,2677,2026-09-12T11:12:17.287797+00:00,7.287815934033521,sequential,accepted archive mtime proxy
shard-002,2030,2026-09-12T11:12:54.641419+00:00,0.7231329659834349,sequential,accepted archive mtime proxy
shard-003,2678,2026-09-12T11:13:21.265989+00:00,0.8740897111167821,sequential,accepted archive mtime proxy
shard-002,2031,2026-09-12T11:14:22.673950+00:00,1.2424645763841302,sequential,accepted archive mtime proxy
shard-003,2679,2026-09-12T11:15:26.288449+00:00,1.8803265249996912,sequential,accepted archive mtime proxy
shard-002,2032,2026-09-12T11:16:45.575250+00:00,2.1483989861172934,sequential,accepted archive mtime proxy
shard-003,2680,2026-09-12T11:17:06.547374+00:00,1.4953677375005403,sequential,accepted archive mtime proxy
shard-002,2033,2026-09-12T11:18:54.231199+00:00,1.9145960249996279,sequential,accepted archive mtime proxy
shard-003,2681,2026-09-12T11:19:20.638927+00:00,2.0311752791671704,sequential,accepted archive mtime proxy
shard-002,2034,2026-09-12T11:19:42.713508+00:00,0.5718454326502979,sequential,accepted archive mtime proxy
shard-003,2682,2026-09-12T11:20:59.884004+00:00,1.4443052465328947,sequential,accepted archive mtime proxy
shard-002,2035,2026-09-12T11:21:06.448726+00:00,1.158738296533314,sequential,accepted archive mtime proxy
shard-002,2036,2026-09-12T11:22:23.608769+00:00,1.0580112958326935,sequential,accepted archive mtime proxy
shard-003,2683,2026-09-12T11:22:26.174609+00:00,1.2429322034819053,sequential,accepted archive mtime proxy
shard-002,2037,2026-09-12T11:24:09.306621+00:00,1.5446022764003524,sequential,accepted archive mtime proxy
shard-003,2684,2026-09-12T11:24:17.566183+00:00,1.6623676833328014,sequential,accepted archive mtime proxy
shard-002,2038,2026-09-12T11:25:18.719141+00:00,0.9412770944511674,sequential,accepted archive mtime proxy
shard-003,2685,2026-09-12T11:25:33.212636+00:00,1.0925067305661893,sequential,accepted archive mtime proxy
shard-002,2039,2026-09-12T11:26:08.953514+00:00,0.6050722722158146,sequential,accepted archive mtime proxy
shard-003,2686,2026-09-12T11:26:57.806168+00:00,1.2261816000003212,sequential,accepted archive mtime proxy
shard-002,2040,2026-09-12T11:27:04.516078+00:00,0.6884159180665544,sequential,accepted archive mtime proxy
shard-002,2041,2026-09-12T11:29:11.619664+00:00,1.8967988805651355,sequential,accepted archive mtime proxy
shard-002,2042,2026-09-12T11:30:59.687826+00:00,1.577446078483869,sequential,accepted archive mtime proxy
shard-003,2687,2026-09-12T11:31:00.495170+00:00,3.8450624110992067,sequential,accepted archive mtime proxy
shard-003,2688,2026-09-12T11:32:39.235075+00:00,1.4614338722177005,sequential,accepted archive mtime proxy
shard-002,2043,2026-09-12T11:33:06.718289+00:00,1.8967848888831214,sequential,accepted archive mtime proxy
shard-002,2044,2026-09-12T11:36:32.034657+00:00,3.172102529866,sequential,accepted archive mtime proxy
shard-003,2689,2026-09-12T11:36:40.968501+00:00,3.8437855166674124,sequential,accepted archive mtime proxy
shard-002,2045,2026-09-12T11:38:58.345628+00:00,2.2165963708345466,sequential,accepted archive mtime proxy
shard-003,2690,2026-09-12T11:39:10.188060+00:00,2.299038611117673,sequential,accepted archive mtime proxy
shard-002,2046,2026-09-12T11:41:19.463494+00:00,2.1153003236007257,sequential,accepted archive mtime proxy
shard-002,2047,2026-09-12T11:43:01.588507+00:00,1.4791887201330003,sequential,accepted archive mtime proxy
shard-003,2691,2026-09-12T11:43:11.093428+00:00,3.827762185415486,sequential,accepted archive mtime proxy
shard-002,2048,2026-09-12T11:44:22.896441+00:00,1.1086377847163627,sequential,accepted archive mtime proxy
shard-002,2049,2026-09-12T11:45:34.576515+00:00,0.9733974840162166,sequential,accepted archive mtime proxy
shard-002,2050,2026-09-12T11:46:35.985271+00:00,0.7732479437506602,sequential,accepted archive mtime proxy
shard-002,2051,2026-09-12T11:47:50.181201+00:00,1.0074507472163532,sequential,accepted archive mtime proxy
shard-002,2052,2026-09-12T11:49:22.741266+00:00,1.3095102402827858,sequential,accepted archive mtime proxy
shard-002,2053,2026-09-12T11:52:37.036114+00:00,2.98701824513264,sequential,accepted archive mtime proxy
shard-002,2054,2026-09-12T11:54:25.306419+00:00,1.5781915472180117,sequential,accepted archive mtime proxy
shard-002,2055,2026-09-12T11:55:50.409086+00:00,1.1748822097162095,sequential,accepted archive mtime proxy
shard-002,2056,2026-09-12T11:57:49.259389+00:00,1.7454944875013705,sequential,accepted archive mtime proxy
shard-002,2057,2026-09-12T12:01:03.097290+00:00,2.986885761799446,sequential,accepted archive mtime proxy
shard-002,2058,2026-09-12T12:02:48.971832+00:00,1.5441324951515223,sequential,accepted archive mtime proxy
shard-002,2059,2026-09-12T12:04:14.794421+00:00,1.191856783333545,sequential,accepted archive mtime proxy
shard-002,2060,2026-09-12T12:05:02.814480+00:00,0.5543824798505133,sequential,accepted archive mtime proxy
shard-002,2061,2026-09-12T12:05:48.691489+00:00,0.5038406124998195,sequential,accepted archive mtime proxy
shard-002,2062,2026-09-12T12:06:51.672209+00:00,0.8232761805508441,sequential,accepted archive mtime proxy
shard-002,2063,2026-09-12T12:07:46.381695+00:00,0.6883888166669446,sequential,accepted archive mtime proxy
shard-002,2064,2026-09-12T12:09:04.163712+00:00,1.0574276791672068,sequential,accepted archive mtime proxy
shard-002,2065,2026-09-12T12:10:22.865983+00:00,1.0571726812496005,sequential,accepted archive mtime proxy
shard-002,2066,2026-09-12T12:11:34.225596+00:00,0.9581692458343848,sequential,accepted archive mtime proxy
shard-003,2692,2026-09-12T12:12:01.113055+00:00,28.6295096402658,sequential,accepted archive mtime proxy
shard-002,2067,2026-09-12T12:12:56.401453+00:00,1.1257563354156446,sequential,accepted archive mtime proxy
shard-003,2693,2026-09-12T12:14:43.029669+00:00,2.486108478465273,sequential,accepted archive mtime proxy
shard-002,2068,2026-09-12T12:16:13.281140+00:00,3.0215126499999316,sequential,accepted archive mtime proxy
shard-003,2694,2026-09-12T12:17:42.812400+00:00,2.801826685416745,sequential,accepted archive mtime proxy
shard-002,2069,2026-09-12T12:18:09.351772+00:00,1.7130915395837898,sequential,accepted archive mtime proxy
shard-003,2695,2026-09-12T12:18:30.877164+00:00,0.6224383499997203,sequential,accepted archive mtime proxy
shard-002,2070,2026-09-12T12:19:10.447199+00:00,0.7569497125009851,sequential,accepted archive mtime proxy
shard-003,2696,2026-09-12T12:19:29.304363+00:00,0.7737435840341883,sequential,accepted archive mtime proxy
shard-002,2071,2026-09-12T12:20:33.567636+00:00,1.1419383534657148,sequential,accepted archive mtime proxy
shard-003,2697,2026-09-12T12:20:46.089449+00:00,1.058480062498711,sequential,accepted archive mtime proxy
shard-003,2698,2026-09-12T12:22:35.388426+00:00,1.6449310104168642,sequential,accepted archive mtime proxy
shard-002,2072,2026-09-12T12:22:38.217398+00:00,1.8470045534680442,sequential,accepted archive mtime proxy
shard-002,2073,2026-09-12T12:26:14.744308+00:00,3.3738570541667285,sequential,accepted archive mtime proxy
shard-002,2074,2026-09-12T12:28:05.146271+00:00,1.5954375243163668,sequential,accepted archive mtime proxy
shard-002,2075,2026-09-12T12:29:38.544591+00:00,1.3095041499997024,sequential,accepted archive mtime proxy
shard-002,2076,2026-09-12T12:32:07.276848+00:00,2.2315250076334148,sequential,accepted archive mtime proxy
shard-003,2699,2026-09-12T12:32:26.082897+00:00,9.650471665285295,sequential,accepted archive mtime proxy
shard-002,2077,2026-09-12T12:33:45.961019+00:00,1.3779123451327906,sequential,accepted archive mtime proxy
shard-003,2700,2026-09-12T12:34:09.812998+00:00,1.5448366201502115,sequential,accepted archive mtime proxy
shard-002,2078,2026-09-12T12:34:56.286661+00:00,0.9413977763828977,sequential,accepted archive mtime proxy
shard-003,2701,2026-09-12T12:35:17.497108+00:00,0.9083174291668304,sequential,accepted archive mtime proxy
shard-002,2079,2026-09-12T12:36:54.814912+00:00,1.7296956583333667,sequential,accepted archive mtime proxy
shard-003,2702,2026-09-12T12:47:27.636043+00:00,11.965234922914533,sequential,accepted archive mtime proxy
shard-003,2703,2026-09-12T12:50:16.190198+00:00,2.617688658334858,sequential,accepted archive mtime proxy
shard-002,2080,2026-09-12T12:55:08.303571+00:00,17.95688931251449,sequential,accepted archive mtime proxy
shard-002,2081,2026-09-12T12:57:14.203768+00:00,1.8802388215321115,sequential,accepted archive mtime proxy
shard-002,2082,2026-09-12T12:59:21.882180+00:00,1.863282714584299,sequential,accepted archive mtime proxy
shard-002,2083,2026-09-12T13:01:51.568125+00:00,2.2485244993004017,sequential,accepted archive mtime proxy
shard-002,2084,2026-09-12T13:05:02.859909+00:00,2.952970625000307,sequential,accepted archive mtime proxy
shard-002,2085,2026-09-12T13:07:25.410919+00:00,2.0972540548672742,sequential,accepted archive mtime proxy
shard-003,2704,2026-09-12T13:07:55.826287+00:00,17.45297035278248,sequential,accepted archive mtime proxy
shard-003,2705,2026-09-12T13:10:44.660208+00:00,2.6173018395842518,sequential,accepted archive mtime proxy
shard-003,2706,2026-09-12T13:12:55.840630+00:00,1.9813741868167805,sequential,accepted archive mtime proxy
shard-003,2707,2026-09-12T13:15:47.202379+00:00,2.6677711715339685,sequential,accepted archive mtime proxy
shard-002,2086,2026-09-12T13:18:36.365616+00:00,10.94469820278464,sequential,accepted archive mtime proxy
shard-003,2708,2026-09-12T13:20:27.495586+00:00,4.464881584715719,sequential,accepted archive mtime proxy
shard-003,2709,2026-09-12T13:24:02.786334+00:00,3.3897769409678102,sequential,accepted archive mtime proxy
shard-003,2710,2026-09-12T13:28:36.976808+00:00,4.355846436118009,sequential,accepted archive mtime proxy
shard-002,2087,2026-09-12T13:30:27.175922+00:00,11.580563766668396,sequential,accepted archive mtime proxy
shard-003,2711,2026-09-12T13:30:47.142570+00:00,1.9780599187496894,sequential,accepted archive mtime proxy
shard-002,2088,2026-09-12T13:32:51.481117+00:00,2.1831488659838216,sequential,accepted archive mtime proxy
shard-003,2712,2026-09-12T13:32:52.074344+00:00,1.8789983166672755,sequential,accepted archive mtime proxy
shard-002,2089,2026-09-12T13:43:48.078731+00:00,10.680943773615097,sequential,accepted archive mtime proxy
shard-003,2713,2026-09-12T13:44:24.827493+00:00,11.341441773615466,sequential,accepted archive mtime proxy
shard-003,2714,2026-09-12T13:45:46.126378+00:00,1.142029409733368,sequential,accepted archive mtime proxy
shard-002,2090,2026-09-12T13:49:04.253906+00:00,5.0208498138837365,sequential,accepted archive mtime proxy
shard-003,2715,2026-09-12T13:49:09.705992+00:00,3.2053138326329647,sequential,accepted archive mtime proxy
shard-002,2091,2026-09-12T13:53:20.635272+00:00,4.029889425701307,sequential,accepted archive mtime proxy
shard-002,2092,2026-09-12T13:55:11.082788+00:00,1.5787303743010852,sequential,accepted archive mtime proxy
shard-002,2093,2026-09-12T13:57:25.438538+00:00,1.980296647216892,sequential,accepted archive mtime proxy
shard-002,2094,2026-09-12T13:59:54.972814+00:00,2.267617895832518,sequential,accepted archive mtime proxy
shard-002,2095,2026-09-12T14:01:51.354811+00:00,1.6795154756846993,sequential,accepted archive mtime proxy
shard-003,2716,2026-09-12T14:02:01.188411+00:00,12.651741612498881,sequential,accepted archive mtime proxy
shard-002,2096,2026-09-12T14:03:32.509263+00:00,1.4269204117998016,sequential,accepted archive mtime proxy
shard-003,2717,2026-09-12T14:03:48.067701+00:00,1.5791770493010213,sequential,accepted archive mtime proxy
shard-002,2097,2026-09-12T14:04:36.871235+00:00,0.8239071673500197,sequential,accepted archive mtime proxy
shard-003,2718,2026-09-12T14:04:51.185659+00:00,0.8399710722325835,sequential,accepted archive mtime proxy
shard-002,2098,2026-09-12T14:05:19.657939+00:00,0.45364357429983404,sequential,accepted archive mtime proxy
shard-003,2719,2026-09-12T14:05:38.685879+00:00,0.60521914443428,sequential,accepted archive mtime proxy
shard-002,2099,2026-09-12T14:06:03.143801+00:00,0.4711004548492686,sequential,accepted archive mtime proxy
shard-003,2720,2026-09-12T14:06:34.173820+00:00,0.7225645604155336,sequential,accepted archive mtime proxy
shard-002,2100,2026-09-12T14:08:02.116922+00:00,1.6962029652825246,sequential,accepted archive mtime proxy
shard-003,2721,2026-09-12T14:08:18.364095+00:00,1.5116378722149724,sequential,accepted archive mtime proxy
shard-002,2101,2026-09-12T14:10:17.804538+00:00,2.0325245347320258,sequential,accepted archive mtime proxy
shard-003,2722,2026-09-12T14:10:31.626184+00:00,2.015358597234202,sequential,accepted archive mtime proxy
shard-002,2102,2026-09-12T14:12:40.941614+00:00,2.131448509734279,sequential,accepted archive mtime proxy
shard-003,2723,2026-09-12T14:13:01.932054+00:00,2.3187087486168214,sequential,accepted archive mtime proxy
shard-002,2103,2026-09-12T14:14:25.785406+00:00,1.4784827979184532,sequential,accepted archive mtime proxy
shard-003,2724,2026-09-12T14:14:51.739455+00:00,1.6132752451327785,sequential,accepted archive mtime proxy
shard-003,2725,2026-09-12T14:17:17.138730+00:00,2.215266911799942,sequential,accepted archive mtime proxy
shard-002,2104,2026-09-12T14:17:27.519738+00:00,2.771887105565596,sequential,accepted archive mtime proxy
shard-003,2726,2026-09-12T14:19:13.552952+00:00,1.7292129493163277,sequential,accepted archive mtime proxy
shard-002,2105,2026-09-12T14:19:30.490114+00:00,1.7967434090329335,sequential,accepted archive mtime proxy
shard-003,2727,2026-09-12T14:20:46.669486+00:00,1.34400593888325,sequential,accepted archive mtime proxy
shard-002,2106,2026-09-12T14:21:53.673916+00:00,2.116691544432736,sequential,accepted archive mtime proxy
shard-003,2728,2026-09-12T14:22:13.732563+00:00,1.243275647232076,sequential,accepted archive mtime proxy
shard-002,2107,2026-09-12T14:24:36.064072+00:00,2.4511770666673933,sequential,accepted archive mtime proxy
shard-002,2108,2026-09-12T14:27:39.233498+00:00,2.7873336437507534,sequential,accepted archive mtime proxy
shard-002,2109,2026-09-12T14:29:53.434597+00:00,1.9806033284655618,sequential,accepted archive mtime proxy
shard-003,2729,2026-09-12T14:33:54.790236+00:00,11.438631629167746,sequential,accepted archive mtime proxy
shard-002,2110,2026-09-12T14:34:18.533811+00:00,4.164105646533426,sequential,accepted archive mtime proxy
shard-003,2730,2026-09-12T14:34:46.827731+00:00,0.6727419222161795,sequential,accepted archive mtime proxy
shard-002,2111,2026-09-12T14:38:02.615260+00:00,3.4591615673659057,sequential,accepted archive mtime proxy
shard-002,2112,2026-09-12T14:40:17.919881+00:00,1.9989993548680407,sequential,accepted archive mtime proxy
shard-002,2113,2026-09-12T14:44:01.953872+00:00,3.4577465867992334,sequential,accepted archive mtime proxy
shard-003,2731,2026-09-12T14:45:31.713518+00:00,10.521241868048673,sequential,accepted archive mtime proxy
shard-002,2114,2026-09-12T14:46:46.255669+00:00,2.46967530833402,sequential,accepted archive mtime proxy
shard-003,2732,2026-09-12T14:47:43.593036+00:00,1.9820235680497718,sequential,accepted archive mtime proxy
shard-002,2115,2026-09-12T14:48:06.976433+00:00,1.0913608569496622,sequential,accepted archive mtime proxy
shard-003,2733,2026-09-12T14:49:50.353048+00:00,1.8969851895836958,sequential,accepted archive mtime proxy
shard-002,2116,2026-09-12T14:50:23.605457+00:00,2.014979123617134,sequential,accepted archive mtime proxy
shard-002,2117,2026-09-12T14:52:12.690131+00:00,1.54521980486655,sequential,accepted archive mtime proxy
shard-003,2734,2026-09-12T14:55:09.959982+00:00,5.122899014584254,sequential,accepted archive mtime proxy
shard-002,2118,2026-09-12T14:55:14.905651+00:00,2.786727607634384,sequential,accepted archive mtime proxy
shard-002,2119,2026-09-12T14:56:54.646680+00:00,1.3938950020839305,sequential,accepted archive mtime proxy
shard-003,2735,2026-09-12T14:57:11.317724+00:00,1.8306092388830923,sequential,accepted archive mtime proxy
shard-002,2120,2026-09-12T14:58:18.300897+00:00,1.142925110416642,sequential,accepted archive mtime proxy
shard-002,2121,2026-09-12T15:01:00.903214+00:00,2.45101440208382,sequential,accepted archive mtime proxy
shard-002,2122,2026-09-12T15:02:36.291159+00:00,1.3097188875001544,sequential,accepted archive mtime proxy
shard-002,2123,2026-09-12T15:05:19.578456+00:00,2.449578729167115,sequential,accepted archive mtime proxy
shard-002,2124,2026-09-12T15:07:45.055521+00:00,2.181294738883541,sequential,accepted archive mtime proxy
shard-003,2736,2026-09-12T15:10:31.094672+00:00,13.10372914581676,sequential,accepted archive mtime proxy
shard-002,2125,2026-09-12T15:10:34.563127+00:00,2.5349381090335856,sequential,accepted archive mtime proxy
shard-003,2737,2026-09-12T15:12:25.851140+00:00,1.7119353930504682,sequential,accepted archive mtime proxy
shard-002,2126,2026-09-12T15:12:33.179862+00:00,1.7458186145833072,sequential,accepted archive mtime proxy
shard-003,2738,2026-09-12T15:27:29.559314+00:00,14.836438288184581,sequential,accepted archive mtime proxy
shard-002,2127,2026-09-12T15:27:37.374791+00:00,14.785045812502116,sequential,accepted archive mtime proxy
shard-002,2128,2026-09-12T15:32:25.587730+00:00,4.564943025701601,sequential,accepted archive mtime proxy
shard-002,2129,2026-09-12T15:34:30.518135+00:00,1.7972735881999446,sequential,accepted archive mtime proxy
shard-002,2130,2026-09-12T15:36:33.954634+00:00,1.8129849694494624,sequential,accepted archive mtime proxy
shard-003,2739,2026-09-12T15:43:57.068993+00:00,16.242210775701096,sequential,accepted archive mtime proxy
shard-003,2740,2026-09-12T15:46:18.310428+00:00,2.150079172915624,sequential,accepted archive mtime proxy
shard-002,2131,2026-09-12T15:47:06.448319+00:00,10.264712497215562,sequential,accepted archive mtime proxy
shard-003,2741,2026-09-12T15:47:31.291107+00:00,0.991078285415036,sequential,accepted archive mtime proxy
shard-002,2132,2026-09-12T15:47:50.544054+00:00,0.4540190659832054,sequential,accepted archive mtime proxy
shard-003,2742,2026-09-12T15:48:58.551969+00:00,1.243476263198924,sequential,accepted archive mtime proxy
shard-002,2133,2026-09-12T15:49:03.358402+00:00,0.9573987048662578,sequential,accepted archive mtime proxy
shard-002,2134,2026-09-12T15:52:12.345787+00:00,2.886055179865798,sequential,accepted archive mtime proxy
shard-003,2743,2026-09-12T15:52:14.114396+00:00,3.0385223159663535,sequential,accepted archive mtime proxy
shard-002,2135,2026-09-12T15:54:09.088792+00:00,1.677898550000585,sequential,accepted archive mtime proxy
shard-003,2744,2026-09-12T15:54:14.336436+00:00,1.7967384624993428,sequential,accepted archive mtime proxy
shard-003,2745,2026-09-12T15:56:15.100180+00:00,1.8142832618167934,sequential,accepted archive mtime proxy
shard-002,2136,2026-09-12T15:56:25.142171+00:00,1.9979405562509782,sequential,accepted archive mtime proxy
shard-003,2746,2026-09-12T15:57:16.359014+00:00,0.8057959534829328,sequential,accepted archive mtime proxy
shard-002,2137,2026-09-12T15:57:33.676892+00:00,0.891118372916632,sequential,accepted archive mtime proxy
shard-003,2747,2026-09-12T15:58:55.818053+00:00,1.4271627652652872,sequential,accepted archive mtime proxy
shard-003,2748,2026-09-12T16:00:58.086125+00:00,1.8137438958316732,sequential,accepted archive mtime proxy
shard-002,2138,2026-09-12T16:02:09.651361+00:00,4.314979927082701,sequential,accepted archive mtime proxy
shard-003,2749,2026-09-12T16:02:21.420970+00:00,1.175664459017571,sequential,accepted archive mtime proxy
shard-003,2750,2026-09-12T16:04:52.464724+00:00,2.31694632221673,sequential,accepted archive mtime proxy
shard-003,2751,2026-09-12T16:10:03.206357+00:00,4.953412188182119,sequential,accepted archive mtime proxy
shard-002,2139,2026-09-12T16:12:55.437875+00:00,10.482962956250413,sequential,accepted archive mtime proxy
shard-003,2752,2026-09-12T16:13:07.731311+00:00,2.8366727520828134,sequential,accepted archive mtime proxy
shard-002,2140,2026-09-12T16:14:38.943521+00:00,1.4780742409833085,sequential,accepted archive mtime proxy
shard-003,2753,2026-09-12T16:14:55.733722+00:00,1.5784223805492124,sequential,accepted archive mtime proxy
shard-002,2141,2026-09-12T16:16:17.235859+00:00,1.3606082583331347,sequential,accepted archive mtime proxy
shard-003,2754,2026-09-12T16:16:31.319123+00:00,1.3776791736173133,sequential,accepted archive mtime proxy
shard-003,2755,2026-09-12T16:18:52.674465+00:00,2.1490405569338082,sequential,accepted archive mtime proxy
shard-002,2142,2026-09-12T16:19:13.985318+00:00,2.671041332633467,sequential,accepted archive mtime proxy
shard-003,2756,2026-09-12T16:19:30.961568+00:00,0.4034986951330211,sequential,accepted archive mtime proxy
shard-003,2757,2026-09-12T16:22:34.267514+00:00,2.85436254721717,sequential,accepted archive mtime proxy
shard-002,2143,2026-09-12T16:23:06.642059+00:00,3.6095124333340207,sequential,accepted archive mtime proxy
shard-003,2758,2026-09-12T16:23:37.314944+00:00,0.8240958236002673,sequential,accepted archive mtime proxy
shard-002,2144,2026-09-12T16:23:57.730643+00:00,0.588476454866274,sequential,accepted archive mtime proxy
shard-003,2759,2026-09-12T16:25:18.452688+00:00,1.4613197409838903,sequential,accepted archive mtime proxy
shard-002,2145,2026-09-12T16:25:20.703014+00:00,1.0913987013996425,sequential,accepted archive mtime proxy
shard-002,2146,2026-09-12T16:27:34.124681+00:00,1.948298587500661,sequential,accepted archive mtime proxy
shard-002,2147,2026-09-12T16:30:03.457501+00:00,2.233305617350076,sequential,accepted archive mtime proxy
shard-002,2148,2026-09-12T16:31:25.201724+00:00,1.0750416555500124,sequential,accepted archive mtime proxy
shard-002,2149,2026-09-12T16:33:45.709938+00:00,2.0656054833341235,sequential,accepted archive mtime proxy
shard-002,2150,2026-09-12T16:35:48.471873+00:00,1.7628076513841127,sequential,accepted archive mtime proxy
shard-002,2151,2026-09-12T16:38:18.813497+00:00,2.248700090266842,sequential,accepted archive mtime proxy
shard-002,2152,2026-09-12T16:40:45.095266+00:00,2.1671806187504745,sequential,accepted archive mtime proxy
shard-003,2760,2026-09-12T16:42:02.968623+00:00,16.50098699373387,sequential,accepted archive mtime proxy
shard-002,2153,2026-09-12T16:42:12.749965+00:00,1.192783461099801,sequential,accepted archive mtime proxy
shard-002,2154,2026-09-12T16:47:34.440424+00:00,5.086441907649472,sequential,accepted archive mtime proxy
shard-002,2155,2026-09-12T16:49:34.940244+00:00,1.72945306111748,sequential,accepted archive mtime proxy
shard-003,2761,2026-09-12T16:50:53.172291+00:00,8.625107577084176,sequential,accepted archive mtime proxy
shard-002,2156,2026-09-12T16:50:54.912502+00:00,1.0251206465337115,sequential,accepted archive mtime proxy
shard-002,2157,2026-09-12T16:52:49.963461+00:00,1.6781476694333832,sequential,accepted archive mtime proxy
shard-002,2158,2026-09-12T16:54:05.499691+00:00,0.9743988826327646,sequential,accepted archive mtime proxy
shard-003,2762,2026-09-12T16:54:07.470492+00:00,3.0223167027831854,sequential,accepted archive mtime proxy
shard-002,2159,2026-09-12T17:11:12.961383+00:00,16.855361176385,sequential,accepted archive mtime proxy
shard-003,2763,2026-09-12T17:12:55.118998+00:00,18.56197645140152,sequential,accepted archive mtime proxy
shard-002,2160,2026-09-12T17:13:15.414799+00:00,1.7633388256828766,sequential,accepted archive mtime proxy
shard-003,2764,2026-09-12T17:14:37.501552+00:00,1.478572102766096,sequential,accepted archive mtime proxy
shard-003,2765,2026-09-12T17:15:44.333705+00:00,0.9067778958337537,sequential,accepted archive mtime proxy
shard-003,2766,2026-09-12T17:18:05.606188+00:00,2.1132642798669017,sequential,accepted archive mtime proxy
shard-003,2767,2026-09-12T17:19:12.620395+00:00,0.8901912027834139,sequential,accepted archive mtime proxy
shard-003,2768,2026-09-12T17:20:19.719781+00:00,0.9076756875011294,sequential,accepted archive mtime proxy
shard-003,2769,2026-09-12T17:22:57.009586+00:00,2.384533201383116,sequential,accepted archive mtime proxy
shard-002,2161,2026-09-12T17:23:18.391748+00:00,9.756891468749382,sequential,accepted archive mtime proxy
shard-003,2770,2026-09-12T17:23:39.739146+00:00,0.488061603467213,sequential,accepted archive mtime proxy
shard-003,2771,2026-09-12T17:25:08.721443+00:00,1.2596185111169083,sequential,accepted archive mtime proxy
shard-002,2162,2026-09-12T17:25:21.678356+00:00,1.7639882152841893,sequential,accepted archive mtime proxy
shard-003,2772,2026-09-12T17:26:19.102108+00:00,0.9408812881990646,sequential,accepted archive mtime proxy
shard-003,2773,2026-09-12T17:28:45.956765+00:00,2.2152858576504513,sequential,accepted archive mtime proxy
shard-002,2163,2026-09-12T17:29:49.360310+00:00,4.180382349299422,sequential,accepted archive mtime proxy
shard-003,2774,2026-09-12T17:30:23.883024+00:00,1.4109316444490105,sequential,accepted archive mtime proxy
shard-002,2164,2026-09-12T17:31:46.192750+00:00,1.6788450618002875,sequential,accepted archive mtime proxy
shard-003,2775,2026-09-12T17:32:04.501616+00:00,1.4600836486148183,sequential,accepted archive mtime proxy
shard-002,2165,2026-09-12T17:33:09.469694+00:00,1.108562634033539,sequential,accepted archive mtime proxy
shard-003,2776,2026-09-12T17:33:31.889402+00:00,1.2083278111182154,sequential,accepted archive mtime proxy
shard-002,2166,2026-09-12T17:34:32.431186+00:00,1.0925387659847425,sequential,accepted archive mtime proxy
shard-002,2167,2026-09-12T17:36:35.256248+00:00,1.778995531250257,sequential,accepted archive mtime proxy
shard-003,2777,2026-09-12T17:36:53.509420+00:00,3.105961244433032,sequential,accepted archive mtime proxy
shard-003,2778,2026-09-12T17:40:04.776861+00:00,2.9724021500015323,sequential,accepted archive mtime proxy
shard-002,2168,2026-09-12T17:40:05.422195+00:00,3.223916999999589,sequential,accepted archive mtime proxy
shard-003,2779,2026-09-12T17:41:53.647732+00:00,1.5773306458334748,sequential,accepted archive mtime proxy
shard-002,2169,2026-09-12T17:42:13.264453+00:00,1.847090859716991,sequential,accepted archive mtime proxy
shard-003,2780,2026-09-12T17:42:38.376748+00:00,0.5214156340342015,sequential,accepted archive mtime proxy
shard-002,2170,2026-09-12T17:43:12.171055+00:00,0.7060103069331186,sequential,accepted archive mtime proxy
shard-002,2171,2026-09-12T17:46:09.876711+00:00,2.6860310319500664,sequential,accepted archive mtime proxy
shard-003,2781,2026-09-12T17:46:22.029377+00:00,3.493537579849362,sequential,accepted archive mtime proxy
shard-003,2782,2026-09-12T17:47:40.110646+00:00,1.0758623833341214,sequential,accepted archive mtime proxy
shard-002,2172,2026-09-12T17:48:01.354484+00:00,1.5627887284654813,sequential,accepted archive mtime proxy
shard-003,2783,2026-09-12T17:48:24.114682+00:00,0.5047490819337933,sequential,accepted archive mtime proxy
shard-002,2173,2026-09-12T17:48:54.829429+00:00,0.6053283451338454,sequential,accepted archive mtime proxy
shard-003,2784,2026-09-12T17:49:07.367230+00:00,0.4712271930669279,sequential,accepted archive mtime proxy
shard-002,2174,2026-09-12T17:51:03.698048+00:00,1.8805949277826586,sequential,accepted archive mtime proxy
shard-003,2785,2026-09-12T17:51:07.394220+00:00,1.7805607291675793,sequential,accepted archive mtime proxy
shard-002,2175,2026-09-12T17:53:46.390407+00:00,2.418243235417564,sequential,accepted archive mtime proxy
shard-003,2786,2026-09-12T17:54:28.902508+00:00,3.122657834016718,sequential,accepted archive mtime proxy
shard-003,2787,2026-09-12T17:57:56.786909+00:00,3.23940797013153,sequential,accepted archive mtime proxy
shard-003,2788,2026-09-12T18:03:07.719367+00:00,4.9511638617996745,sequential,accepted archive mtime proxy
shard-002,2176,2026-09-12T18:03:29.006269+00:00,9.4379307104003,sequential,accepted archive mtime proxy
shard-003,2789,2026-09-12T18:04:17.333174+00:00,0.9236483492985523,sequential,accepted archive mtime proxy
shard-002,2177,2026-09-12T18:04:41.038208+00:00,0.9077450763841626,sequential,accepted archive mtime proxy
shard-003,2790,2026-09-12T18:05:18.018403+00:00,0.7737842298500861,sequential,accepted archive mtime proxy
shard-003,2791,2026-09-12T18:07:23.412482+00:00,1.8640064270837078,sequential,accepted archive mtime proxy
shard-003,2792,2026-09-12T18:10:08.411422+00:00,2.5026840555501013,sequential,accepted archive mtime proxy
shard-003,2793,2026-09-12T18:12:09.001901+00:00,1.779319911118364,sequential,accepted archive mtime proxy
shard-002,2178,2026-09-12T18:13:29.779490+00:00,8.492361679867221,sequential,accepted archive mtime proxy
shard-003,2794,2026-09-12T18:13:38.079437+00:00,1.2437940097161724,sequential,accepted archive mtime proxy
shard-002,2179,2026-09-12T18:15:05.479073+00:00,1.327016940965162,sequential,accepted archive mtime proxy
shard-003,2795,2026-09-12T18:15:28.036915+00:00,1.595809190281822,sequential,accepted archive mtime proxy
shard-002,2180,2026-09-12T18:15:55.896807+00:00,0.571873854851583,sequential,accepted archive mtime proxy
shard-003,2796,2026-09-12T18:16:47.038583+00:00,1.0926364090157827,sequential,accepted archive mtime proxy
shard-002,2181,2026-09-12T18:17:05.164668+00:00,0.8241559701506048,sequential,accepted archive mtime proxy
shard-003,2797,2026-09-12T18:18:21.533887+00:00,1.326946098599971,sequential,accepted archive mtime proxy
shard-002,2182,2026-09-12T18:18:33.582746+00:00,1.176843936817022,sequential,accepted archive mtime proxy
shard-003,2798,2026-09-12T18:20:19.276493+00:00,1.7468306597341627,sequential,accepted archive mtime proxy
shard-002,2183,2026-09-12T18:20:28.365110+00:00,1.6285832479169282,sequential,accepted archive mtime proxy
shard-003,2799,2026-09-12T18:22:09.281517+00:00,1.5784523791672351,sequential,accepted archive mtime proxy
shard-002,2184,2026-09-12T18:22:13.211769+00:00,1.461054292365831,sequential,accepted archive mtime proxy
shard-002,2185,2026-09-12T18:23:58.014980+00:00,1.4772718361171429,sequential,accepted archive mtime proxy
shard-003,2800,2026-09-12T18:24:25.185710+00:00,2.033223149298768,sequential,accepted archive mtime proxy
shard-002,2186,2026-09-12T18:25:21.269600+00:00,1.0924528513821619,sequential,accepted archive mtime proxy
shard-002,2187,2026-09-12T18:27:47.198505+00:00,2.1329769895838884,sequential,accepted archive mtime proxy
shard-002,2188,2026-09-12T18:30:26.675150+00:00,2.4002328965327857,sequential,accepted archive mtime proxy
shard-002,2189,2026-09-12T18:31:50.052587+00:00,1.0752384347336676,sequential,accepted archive mtime proxy
shard-003,2801,2026-09-12T18:33:49.984028+00:00,9.16469884585046,sequential,accepted archive mtime proxy
shard-002,2190,2026-09-12T18:40:30.715152+00:00,8.39274881943323,sequential,accepted archive mtime proxy
shard-002,2191,2026-09-12T18:43:01.580035+00:00,2.2167670833334947,sequential,accepted archive mtime proxy
shard-002,2192,2026-09-12T18:44:58.357919+00:00,1.6455438430498666,sequential,accepted archive mtime proxy
shard-003,2802,2026-09-12T18:45:01.187712+00:00,10.94568826041456,sequential,accepted archive mtime proxy
shard-003,2803,2026-09-12T18:46:38.887718+00:00,1.3936637416675997,sequential,accepted archive mtime proxy
shard-002,2193,2026-09-12T18:46:45.710209+00:00,1.5106136236165184,sequential,accepted archive mtime proxy
shard-002,2194,2026-09-12T18:48:12.315786+00:00,1.1583460729161743,sequential,accepted archive mtime proxy
shard-003,2804,2026-09-12T18:48:19.367995+00:00,1.4446633930667303,sequential,accepted archive mtime proxy
shard-002,2195,2026-09-12T18:51:29.203272+00:00,3.02083849166714,sequential,accepted archive mtime proxy
shard-002,2196,2026-09-12T18:53:49.144597+00:00,2.014982638884491,sequential,accepted archive mtime proxy
shard-002,2197,2026-09-12T18:57:52.246648+00:00,3.7440258368170665,sequential,accepted archive mtime proxy
shard-002,2198,2026-09-12T19:02:13.981176+00:00,4.081079179166894,sequential,accepted archive mtime proxy
shard-002,2199,2026-09-12T19:07:04.973837+00:00,4.532328606249454,sequential,accepted archive mtime proxy
shard-002,2200,2026-09-12T19:11:12.532634+00:00,3.8271917534662254,sequential,accepted archive mtime proxy
shard-003,2805,2026-09-12T19:12:37.283182+00:00,24.043328653483574,sequential,accepted archive mtime proxy
shard-002,2201,2026-09-12T19:13:02.353055+00:00,1.5449378625004708,sequential,accepted archive mtime proxy
shard-003,2806,2026-09-12T19:14:58.000369+00:00,2.1333982604167736,sequential,accepted archive mtime proxy
shard-002,2202,2026-09-12T19:15:08.910851+00:00,1.7969728201491912,sequential,accepted archive mtime proxy
shard-002,2203,2026-09-12T19:17:08.363478+00:00,1.6959560680513581,sequential,accepted archive mtime proxy
shard-002,2204,2026-09-12T19:20:27.604669+00:00,3.03858311943283,sequential,accepted archive mtime proxy
shard-002,2205,2026-09-12T19:22:46.791355+00:00,2.015953313182884,sequential,accepted archive mtime proxy
shard-002,2206,2026-09-12T19:24:56.713601+00:00,1.8629836694492647,sequential,accepted archive mtime proxy
shard-002,2207,2026-09-12T19:29:08.323224+00:00,3.877744438883383,sequential,accepted archive mtime proxy
shard-002,2208,2026-09-12T19:32:22.522469+00:00,2.971060100682856,sequential,accepted archive mtime proxy
shard-002,2209,2026-09-12T20:00:52.947467+00:00,28.17616479930002,sequential,accepted archive mtime proxy
shard-002,2210,2026-09-12T20:06:18.366397+00:00,5.136581775000862,sequential,accepted archive mtime proxy
shard-002,2211,2026-09-12T20:07:02.963319+00:00,0.45436253611696886,sequential,accepted archive mtime proxy
shard-002,2212,2026-09-12T20:07:33.685330+00:00,0.20207884028398743,sequential,accepted archive mtime proxy
shard-003,2807,2026-09-12T20:17:56.518661+00:00,62.719286935398124,sequential,accepted archive mtime proxy
shard-003,2808,2026-09-12T20:18:42.024834+00:00,0.5378693763826353,sequential,accepted archive mtime proxy
shard-003,2809,2026-09-12T20:20:49.505955+00:00,1.8993387875011345,sequential,accepted archive mtime proxy
shard-003,2810,2026-09-12T20:31:44.193776+00:00,10.683538368767282,sequential,accepted archive mtime proxy
shard-003,2811,2026-09-12T20:33:28.313715+00:00,1.5137490402829523,sequential,accepted archive mtime proxy
shard-003,2812,2026-09-12T20:34:26.384568+00:00,0.7402714083339864,sequential,accepted archive mtime proxy
shard-003,2813,2026-09-12T20:37:50.981085+00:00,3.19452414791643,sequential,accepted archive mtime proxy
shard-003,2814,2026-09-12T20:38:42.411401+00:00,0.6224062465170088,sequential,accepted archive mtime proxy
shard-003,2815,2026-09-12T20:39:32.027322+00:00,0.5888842312502675,sequential,accepted archive mtime proxy
shard-003,2816,2026-09-12T20:40:32.750854+00:00,0.7908500166668091,sequential,accepted archive mtime proxy
shard-003,2817,2026-09-12T20:41:32.289034+00:00,0.7740731361166885,sequential,accepted archive mtime proxy
shard-003,2818,2026-09-12T20:42:15.811059+00:00,0.48783766318229027,sequential,accepted archive mtime proxy
shard-003,2819,2026-09-12T20:43:16.749723+00:00,0.8064982507009214,sequential,accepted archive mtime proxy
shard-003,2820,2026-09-12T20:44:18.099706+00:00,0.789975772916417,sequential,accepted archive mtime proxy
shard-003,2821,2026-09-12T20:45:37.499745+00:00,1.0930232326500118,sequential,accepted archive mtime proxy
shard-003,2822,2026-09-12T20:47:06.205859+00:00,1.2447094298666344,sequential,accepted archive mtime proxy
shard-003,2823,2026-09-12T20:48:01.830798+00:00,0.6893861152833173,sequential,accepted archive mtime proxy
shard-003,2824,2026-09-12T20:49:04.701658+00:00,0.8235538472169234,sequential,accepted archive mtime proxy
shard-003,2825,2026-09-12T20:50:27.413614+00:00,1.1428871006995904,sequential,accepted archive mtime proxy
shard-003,2826,2026-09-12T20:51:26.730466+00:00,0.7567350152841148,sequential,accepted archive mtime proxy
shard-003,2827,2026-09-12T20:52:16.357602+00:00,0.6050531125006576,sequential,accepted archive mtime proxy
shard-003,2828,2026-09-12T20:53:24.401397+00:00,0.9076212722167838,sequential,accepted archive mtime proxy
shard-003,2829,2026-09-12T20:54:39.210440+00:00,1.0087862319332392,sequential,accepted archive mtime proxy
shard-003,2830,2026-09-12T20:55:19.858299+00:00,0.45412730000098234,sequential,accepted archive mtime proxy
shard-003,2831,2026-09-12T20:56:40.149163+00:00,1.09290192083378,sequential,accepted archive mtime proxy
shard-003,2832,2026-09-12T20:57:51.011277+00:00,0.9418901534673447,sequential,accepted archive mtime proxy
shard-003,2833,2026-09-12T20:58:50.906331+00:00,0.7729211569336863,sequential,accepted archive mtime proxy
shard-003,2834,2026-09-12T21:07:50.193395+00:00,8.753410154167796,sequential,accepted archive mtime proxy
shard-003,2835,2026-09-12T21:08:57.224921+00:00,0.8740382888820022,sequential,accepted archive mtime proxy
shard-003,2836,2026-09-12T21:10:12.845764+00:00,1.0428306979166033,sequential,accepted archive mtime proxy
shard-003,2837,2026-09-12T21:10:57.266386+00:00,0.5042236465339859,sequential,accepted archive mtime proxy
shard-003,2838,2026-09-12T21:12:27.778246+00:00,1.277596554167879,sequential,accepted archive mtime proxy
shard-003,2839,2026-09-12T21:13:15.885412+00:00,0.5721467513998505,sequential,accepted archive mtime proxy
shard-003,2840,2026-09-12T21:14:04.123353+00:00,0.5550275770830921,sequential,accepted archive mtime proxy
shard-003,2841,2026-09-12T21:14:54.249418+00:00,0.6053534882007322,sequential,accepted archive mtime proxy
shard-003,2842,2026-09-12T21:15:33.123958+00:00,0.4207173562492244,sequential,accepted archive mtime proxy
shard-003,2843,2026-09-12T21:16:34.186349+00:00,0.7906317826341062,sequential,accepted archive mtime proxy
shard-003,2844,2026-09-12T21:17:28.450865+00:00,0.655772672217184,sequential,accepted archive mtime proxy
shard-003,2845,2026-09-12T21:18:23.915455+00:00,0.689646158334411,sequential,accepted archive mtime proxy
shard-003,2846,2026-09-12T21:19:21.779268+00:00,0.7230971687492759,sequential,accepted archive mtime proxy
shard-003,2847,2026-09-12T21:20:09.167599+00:00,0.5720128742997379,sequential,accepted archive mtime proxy
shard-003,2848,2026-09-12T21:21:58.686957+00:00,1.5638708611174177,sequential,accepted archive mtime proxy
shard-003,2849,2026-09-12T21:23:06.472590+00:00,0.8907160916656721,sequential,accepted archive mtime proxy
shard-003,2850,2026-09-12T21:23:56.730179+00:00,0.605750970133037,sequential,accepted archive mtime proxy
shard-003,2851,2026-09-12T21:25:00.148955+00:00,0.8065821534682376,sequential,accepted archive mtime proxy
shard-003,2852,2026-09-12T21:25:47.775972+00:00,0.5551556562500385,sequential,accepted archive mtime proxy
shard-003,2853,2026-09-12T21:26:40.310321+00:00,0.6390321784672172,sequential,accepted archive mtime proxy
shard-003,2854,2026-09-12T21:28:16.040339+00:00,1.3782967999984976,sequential,accepted archive mtime proxy
shard-003,2855,2026-09-12T21:30:25.794106+00:00,1.9159019583351133,sequential,accepted archive mtime proxy
shard-003,2856,2026-09-12T21:31:37.434347+00:00,0.9419392451508126,sequential,accepted archive mtime proxy
shard-003,2857,2026-09-12T21:32:26.243601+00:00,0.5719306687494584,sequential,accepted archive mtime proxy
shard-003,2858,2026-09-12T21:33:19.600464+00:00,0.639552086116358,sequential,accepted archive mtime proxy
shard-003,2859,2026-09-12T21:34:31.872176+00:00,0.9749667763826437,sequential,accepted archive mtime proxy
shard-003,2860,2026-09-12T21:36:15.990197+00:00,1.496903923600136,sequential,accepted archive mtime proxy
shard-003,2861,2026-09-12T21:37:20.805451+00:00,0.8409585875012756,sequential,accepted archive mtime proxy
shard-003,2862,2026-09-12T21:40:54.717390+00:00,3.3114450395825163,sequential,accepted archive mtime proxy
shard-003,2863,2026-09-12T21:41:51.607801+00:00,0.7067904319497756,sequential,accepted archive mtime proxy
shard-003,2864,2026-09-12T21:42:54.037115+00:00,0.8075380492994252,sequential,accepted archive mtime proxy
shard-003,2865,2026-09-12T21:43:40.929156+00:00,0.5212586861161981,sequential,accepted archive mtime proxy
shard-003,2866,2026-09-12T21:44:18.669790+00:00,0.40359037776555245,sequential,accepted archive mtime proxy
shard-003,2867,2026-09-12T21:45:12.924556+00:00,0.6559303749992977,sequential,accepted archive mtime proxy
shard-003,2868,2026-09-12T21:46:08.619600+00:00,0.6896077944334441,sequential,accepted archive mtime proxy
shard-003,2869,2026-09-12T21:47:00.097907+00:00,0.6059287861164193,sequential,accepted archive mtime proxy
shard-003,2870,2026-09-12T21:47:53.751528+00:00,0.6554001618002075,sequential,accepted archive mtime proxy
shard-003,2871,2026-09-12T21:49:14.019550+00:00,1.0757653291667035,sequential,accepted archive mtime proxy
shard-003,2872,2026-09-12T21:50:12.012208+00:00,0.7227720034657977,sequential,accepted archive mtime proxy
shard-003,2873,2026-09-12T21:52:05.953235+00:00,1.647517542350882,sequential,accepted archive mtime proxy
shard-003,2874,2026-09-12T21:53:38.674990+00:00,1.311891470833992,sequential,accepted archive mtime proxy
shard-003,2875,2026-09-12T21:54:17.707435+00:00,0.40388457221755136,sequential,accepted archive mtime proxy
shard-003,2876,2026-09-12T21:55:07.113509+00:00,0.5550979458338892,sequential,accepted archive mtime proxy
shard-003,2877,2026-09-12T21:55:47.281005+00:00,0.43717277361623325,sequential,accepted archive mtime proxy
shard-003,2878,2026-09-12T21:57:19.930454+00:00,1.277642997916943,sequential,accepted archive mtime proxy
shard-003,2879,2026-09-12T21:58:01.604472+00:00,0.4713542402663734,sequential,accepted archive mtime proxy
shard-003,2880,2026-09-12T22:02:20.069562+00:00,4.051278789583981,sequential,accepted archive mtime proxy
shard-003,2881,2026-09-12T22:03:00.411380+00:00,0.42073926181765275,sequential,accepted archive mtime proxy
shard-003,2882,2026-09-12T22:06:07.240716+00:00,2.874436554167187,sequential,accepted archive mtime proxy
shard-003,2883,2026-09-12T22:08:10.181325+00:00,1.7817753791673263,sequential,accepted archive mtime proxy
shard-003,2884,2026-09-12T22:09:14.576058+00:00,0.8237544368001788,sequential,accepted archive mtime proxy
shard-003,2885,2026-09-12T22:10:36.767684+00:00,1.1096841597328118,sequential,accepted archive mtime proxy
shard-003,2886,2026-09-12T22:11:27.573720+00:00,0.6224870992999059,sequential,accepted archive mtime proxy
shard-003,2887,2026-09-12T22:12:31.427684+00:00,0.8073348201345653,sequential,accepted archive mtime proxy
shard-003,2888,2026-09-12T22:13:24.188152+00:00,0.6226465201490403,sequential,accepted archive mtime proxy
shard-003,2889,2026-09-12T22:14:17.496832+00:00,0.6394707007003793,sequential,accepted archive mtime proxy
shard-003,2890,2026-09-12T22:14:57.835755+00:00,0.4209783222332286,sequential,accepted archive mtime proxy
shard-003,2891,2026-09-12T22:15:50.222563+00:00,0.6225701812499513,sequential,accepted archive mtime proxy
shard-003,2892,2026-09-12T22:16:43.328860+00:00,0.6385380194503038,sequential,accepted archive mtime proxy
shard-003,2893,2026-09-12T22:17:40.422239+00:00,0.7065096923499368,sequential,accepted archive mtime proxy
shard-003,2894,2026-09-12T22:18:38.550669+00:00,0.7062571166665293,sequential,accepted archive mtime proxy
shard-003,2895,2026-09-12T22:25:59.450469+00:00,7.077074702798078,sequential,accepted archive mtime proxy
shard-003,2896,2026-09-12T22:26:59.586839+00:00,0.7568689256828899,sequential,accepted archive mtime proxy
shard-003,2897,2026-09-12T22:28:21.581925+00:00,1.1255767548495592,sequential,accepted archive mtime proxy
shard-003,2898,2026-09-12T22:29:54.916811+00:00,1.2950218673659644,sequential,accepted archive mtime proxy
shard-003,2899,2026-09-12T22:31:20.624902+00:00,1.177428774300885,sequential,accepted archive mtime proxy
shard-003,2900,2026-09-12T22:32:47.592874+00:00,1.193558334033393,sequential,accepted archive mtime proxy
shard-003,2901,2026-09-12T22:33:45.476274+00:00,0.7062277583327765,sequential,accepted archive mtime proxy
shard-003,2902,2026-09-12T22:34:37.470208+00:00,0.6053597520823435,sequential,accepted archive mtime proxy
shard-003,2903,2026-09-12T22:39:07.151186+00:00,4.236167568065381,sequential,accepted archive mtime proxy
shard-003,2904,2026-09-12T23:05:29.012051+00:00,26.10775225071508,sequential,accepted archive mtime proxy
shard-003,2905,2026-09-12T23:14:16.304364+00:00,8.522719236800913,sequential,accepted archive mtime proxy
shard-003,2906,2026-09-12T23:22:35.085500+00:00,8.05738797361458,sequential,accepted archive mtime proxy
shard-003,2907,2026-09-12T23:24:15.159448+00:00,1.4123276701332845,sequential,accepted archive mtime proxy
shard-003,2908,2026-09-12T23:25:49.837628+00:00,1.328535645150502,sequential,accepted archive mtime proxy
shard-003,2909,2026-09-12T23:27:01.166946+00:00,0.9247362152653902,sequential,accepted archive mtime proxy
shard-003,2910,2026-09-12T23:30:57.686193+00:00,3.6643780520826112,sequential,accepted archive mtime proxy
shard-003,2911,2026-09-12T23:32:04.424652+00:00,0.8240432874998078,sequential,accepted archive mtime proxy
shard-003,2912,2026-09-12T23:32:57.685997+00:00,0.6223686062498018,sequential,accepted archive mtime proxy
shard-003,2913,2026-09-12T23:33:47.692914+00:00,0.5550610041672674,sequential,accepted archive mtime proxy
shard-003,2914,2026-09-12T23:34:26.401456+00:00,0.3869105819496326,sequential,accepted archive mtime proxy
shard-003,2915,2026-09-12T23:35:25.653126+00:00,0.740561636116278,sequential,accepted archive mtime proxy
shard-003,2916,2026-09-12T23:36:18.776757+00:00,0.622681225000027,sequential,accepted archive mtime proxy
shard-003,2917,2026-09-12T23:40:17.644050+00:00,3.7141790090342206,sequential,accepted archive mtime proxy
shard-003,2918,2026-09-12T23:41:09.408401+00:00,0.6053984451340512,sequential,accepted archive mtime proxy
shard-003,2919,2026-09-12T23:42:16.468946+00:00,0.8407974541672351,sequential,accepted archive mtime proxy
shard-003,2920,2026-09-12T23:43:34.254013+00:00,1.042652856950493,sequential,accepted archive mtime proxy
shard-003,2921,2026-09-12T23:44:52.633886+00:00,1.0256426729164863,sequential,accepted archive mtime proxy
shard-003,2922,2026-09-12T23:45:54.890626+00:00,0.7900264513834069,sequential,accepted archive mtime proxy
shard-003,2923,2026-09-12T23:46:36.603382+00:00,0.437172963899017,sequential,accepted archive mtime proxy
shard-003,2924,2026-09-12T23:47:16.652324+00:00,0.38706586945142285,sequential,accepted archive mtime proxy
shard-003,2925,2026-09-12T23:47:55.998175+00:00,0.40388981318295314,sequential,accepted archive mtime proxy
shard-003,2926,2026-09-12T23:49:10.425249+00:00,0.9579486138847035,sequential,accepted archive mtime proxy
shard-003,2927,2026-09-12T23:50:10.441513+00:00,0.7570842277840711,sequential,accepted archive mtime proxy
shard-003,2928,2026-09-12T23:50:58.273123+00:00,0.5214935923674299,sequential,accepted archive mtime proxy
shard-003,2929,2026-09-12T23:52:50.793754+00:00,1.6307985257008113,sequential,accepted archive mtime proxy
shard-003,2930,2026-09-12T23:53:48.686017+00:00,0.6895384180669983,sequential,accepted archive mtime proxy
shard-003,2931,2026-09-12T23:54:39.021531+00:00,0.555501093750354,sequential,accepted archive mtime proxy
shard-003,2932,2026-09-12T23:55:30.928643+00:00,0.6053366243160174,sequential,accepted archive mtime proxy
shard-003,2933,2026-09-12T23:56:41.819701+00:00,0.9076808402819249,sequential,accepted archive mtime proxy
shard-003,2934,2026-09-12T23:58:22.959496+00:00,1.429716090982159,sequential,accepted archive mtime proxy
shard-003,2935,2026-09-12T23:59:09.284935+00:00,0.4877548639002877,sequential,accepted archive mtime proxy
shard-003,2936,2026-09-13T00:00:02.430907+00:00,0.6225343201503468,sequential,accepted archive mtime proxy
shard-003,2937,2026-09-13T00:00:46.590885+00:00,0.4543746638829665,sequential,accepted archive mtime proxy
shard-003,2938,2026-09-13T00:01:36.028816+00:00,0.5554211472161115,sequential,accepted archive mtime proxy
shard-003,2939,2026-09-13T00:02:22.019307+00:00,0.48772256944988235,sequential,accepted archive mtime proxy
shard-003,2940,2026-09-13T00:03:19.680529+00:00,0.7060619326347175,sequential,accepted archive mtime proxy
shard-003,2941,2026-09-13T00:04:25.445585+00:00,0.8075745076348539,sequential,accepted archive mtime proxy
shard-003,2942,2026-09-13T00:05:44.425694+00:00,1.0423539256832253,sequential,accepted archive mtime proxy
shard-003,2943,2026-09-13T00:06:46.559192+00:00,0.7735424006842853,sequential,accepted archive mtime proxy
shard-003,2944,2026-09-13T00:07:49.388706+00:00,0.7736524062502819,sequential,accepted archive mtime proxy
shard-003,2945,2026-09-13T00:08:48.415079+00:00,0.7233325159836871,sequential,accepted archive mtime proxy
shard-003,2946,2026-09-13T00:09:50.768434+00:00,0.7737344847157753,sequential,accepted archive mtime proxy
shard-003,2947,2026-09-13T00:10:46.759086+00:00,0.6393875479174312,sequential,accepted archive mtime proxy
shard-003,2948,2026-09-13T00:11:39.544397+00:00,0.6054029770835768,sequential,accepted archive mtime proxy
shard-003,2949,2026-09-13T00:12:31.604948+00:00,0.6051534263843981,sequential,accepted archive mtime proxy
shard-003,2950,2026-09-13T00:13:27.512486+00:00,0.6726926402673902,sequential,accepted archive mtime proxy
shard-003,2951,2026-09-13T00:14:38.697012+00:00,0.8910837694342869,sequential,accepted archive mtime proxy
shard-003,2952,2026-09-13T00:15:31.503518+00:00,0.6053194583335426,sequential,accepted archive mtime proxy
shard-003,2953,2026-09-13T00:18:26.730050+00:00,2.638599933334626,sequential,accepted archive mtime proxy
shard-003,2954,2026-09-13T00:19:20.906834+00:00,0.6222053437513144,sequential,accepted archive mtime proxy
shard-003,2955,2026-09-13T00:21:56.991400+00:00,2.3188633965328336,sequential,accepted archive mtime proxy
shard-003,2956,2026-09-13T00:23:12.379781+00:00,0.9916598388828182,sequential,accepted archive mtime proxy
shard-003,2957,2026-09-13T00:24:09.643744+00:00,0.673051270149881,sequential,accepted archive mtime proxy
shard-003,2958,2026-09-13T00:24:57.737267+00:00,0.5384500000004967,sequential,accepted archive mtime proxy
shard-003,2959,2026-09-13T00:25:45.723698+00:00,0.5047958145830004,sequential,accepted archive mtime proxy
shard-003,2960,2026-09-13T00:26:39.250809+00:00,0.622525777083744,sequential,accepted archive mtime proxy
shard-003,2961,2026-09-13T00:27:50.601396+00:00,0.9076444569334854,sequential,accepted archive mtime proxy
shard-003,2962,2026-09-13T00:28:45.876542+00:00,0.6387700708330765,sequential,accepted archive mtime proxy
shard-003,2963,2026-09-13T00:29:17.436972+00:00,0.2694189819487898,sequential,accepted archive mtime proxy
shard-003,2964,2026-09-13T00:29:45.976679+00:00,0.20235982013400644,sequential,accepted archive mtime proxy
shard-005,3723,2026-09-14T03:29:35.452137+00:00,2.4158604180498515,sequential,accepted archive mtime proxy
shard-004,2965,2026-09-14T03:31:14.239058+00:00,4.06171821875032,sequential,accepted archive mtime proxy
shard-005,3724,2026-09-14T03:32:11.766640+00:00,2.585770196533607,sequential,accepted archive mtime proxy
shard-004,2966,2026-09-14T03:33:25.303230+00:00,2.1660996701335535,sequential,accepted archive mtime proxy
shard-005,3725,2026-09-14T03:34:10.316693+00:00,1.9637607902831709,sequential,accepted archive mtime proxy
shard-004,2967,2026-09-14T03:34:23.694155+00:00,0.9739497020840645,sequential,accepted archive mtime proxy
shard-005,3726,2026-09-14T03:35:33.745515+00:00,1.37725843541751,sequential,accepted archive mtime proxy
shard-004,2968,2026-09-14T03:36:46.184130+00:00,2.3501582652834867,sequential,accepted archive mtime proxy
shard-005,3727,2026-09-14T03:36:55.218859+00:00,1.3438815166669278,sequential,accepted archive mtime proxy
shard-005,3728,2026-09-14T03:40:18.908852+00:00,3.3914518006825043,sequential,accepted archive mtime proxy
shard-004,2969,2026-09-14T03:40:42.025098+00:00,3.928827480550778,sequential,accepted archive mtime proxy
shard-005,3729,2026-09-14T03:40:58.483123+00:00,0.6557177541661077,sequential,accepted archive mtime proxy
shard-005,3730,2026-09-14T03:42:00.091804+00:00,1.0078770708331528,sequential,accepted archive mtime proxy
shard-004,2970,2026-09-14T03:42:03.884770+00:00,1.3445171680495454,sequential,accepted archive mtime proxy
shard-004,2971,2026-09-14T03:43:29.878836+00:00,1.4278324631993504,sequential,accepted archive mtime proxy
shard-005,3731,2026-09-14T03:43:42.738770+00:00,1.695803037501173,sequential,accepted archive mtime proxy
shard-004,2972,2026-09-14T03:43:57.048744+00:00,0.43725135555141603,sequential,accepted archive mtime proxy
shard-005,3732,2026-09-14T03:44:40.516819+00:00,0.9565624069500094,sequential,accepted archive mtime proxy
shard-004,2973,2026-09-14T03:45:03.882822+00:00,1.0921558451334326,sequential,accepted archive mtime proxy
shard-005,3733,2026-09-14T03:45:46.144519+00:00,1.0748672791659677,sequential,accepted archive mtime proxy
shard-004,2974,2026-09-14T03:47:30.865809+00:00,2.451329231950998,sequential,accepted archive mtime proxy
shard-005,3734,2026-09-14T03:47:43.345938+00:00,1.9316126930663207,sequential,accepted archive mtime proxy
shard-004,2975,2026-09-14T03:48:30.991943+00:00,0.9732054124993738,sequential,accepted archive mtime proxy
shard-005,3735,2026-09-14T03:49:49.280334+00:00,2.0816938868005916,sequential,accepted archive mtime proxy
shard-004,2976,2026-09-14T03:50:01.871541+00:00,1.5109465229169776,sequential,accepted archive mtime proxy
shard-005,3736,2026-09-14T03:51:24.606105+00:00,1.5776941951325474,sequential,accepted archive mtime proxy
shard-005,3737,2026-09-14T03:54:43.897262+00:00,3.305412895133486,sequential,accepted archive mtime proxy
shard-005,3738,2026-09-14T03:55:29.087716+00:00,0.7390968083326395,sequential,accepted archive mtime proxy
shard-005,3739,2026-09-14T04:05:47.916314+00:00,10.293039986116733,sequential,accepted archive mtime proxy
shard-004,2977,2026-09-14T04:06:48.318578+00:00,16.74907711945125,sequential,accepted archive mtime proxy
shard-005,3740,2026-09-14T04:06:59.756603+00:00,1.1922210868176384,sequential,accepted archive mtime proxy
shard-004,2978,2026-09-14T04:10:37.417228+00:00,3.8091949479169367,sequential,accepted archive mtime proxy
shard-004,2979,2026-09-14T04:12:21.323004+00:00,1.7123200270832362,sequential,accepted archive mtime proxy
shard-004,2980,2026-09-14T04:13:27.833718+00:00,1.1075749520833293,sequential,accepted archive mtime proxy
shard-004,2981,2026-09-14T04:14:27.404635+00:00,0.9732770604178465,sequential,accepted archive mtime proxy
shard-004,2982,2026-09-14T04:15:25.227084+00:00,0.9396422388827583,sequential,accepted archive mtime proxy
shard-004,2983,2026-09-14T04:16:33.062147+00:00,1.123486848617904,sequential,accepted archive mtime proxy
shard-004,2984,2026-09-14T04:17:33.739882+00:00,0.9910373666653565,sequential,accepted archive mtime proxy
shard-004,2985,2026-09-14T04:18:25.445109+00:00,0.8394297416671179,sequential,accepted archive mtime proxy
shard-004,2986,2026-09-14T04:19:41.202716+00:00,1.2410858194498966,sequential,accepted archive mtime proxy
shard-004,2987,2026-09-14T04:21:24.491992+00:00,1.7114538020822996,sequential,accepted archive mtime proxy
shard-004,2988,2026-09-14T04:22:53.412884+00:00,1.460209869449803,sequential,accepted archive mtime proxy
shard-004,2989,2026-09-14T04:24:08.874010+00:00,1.2432775395844753,sequential,accepted archive mtime proxy
shard-004,2990,2026-09-14T04:25:36.985275+00:00,1.4439915479160845,sequential,accepted archive mtime proxy
shard-005,3741,2026-09-14T04:25:41.352240+00:00,18.665564849299457,sequential,accepted archive mtime proxy
shard-005,3742,2026-09-14T04:26:43.722227+00:00,1.0244850979167193,sequential,accepted archive mtime proxy
shard-004,2991,2026-09-14T04:26:57.638344+00:00,1.3267626444343477,sequential,accepted archive mtime proxy
shard-005,3743,2026-09-14T04:27:28.374550+00:00,0.7397565861154969,sequential,accepted archive mtime proxy
shard-004,2992,2026-09-14T04:27:50.552738+00:00,0.8571334812499117,sequential,accepted archive mtime proxy
shard-004,2993,2026-09-14T04:32:55.171854+00:00,5.065084531249401,sequential,accepted archive mtime proxy
shard-004,2994,2026-09-14T04:35:12.292964+00:00,2.265113304865857,sequential,accepted archive mtime proxy
shard-004,2995,2026-09-14T04:36:50.554806+00:00,1.6110311131827377,sequential,accepted archive mtime proxy
shard-005,3744,2026-09-14T04:37:08.121070+00:00,9.629215144449457,sequential,accepted archive mtime proxy
shard-004,2996,2026-09-14T04:37:20.905305+00:00,0.48730975624833567,sequential,accepted archive mtime proxy
shard-004,2997,2026-09-14T04:37:50.833364+00:00,0.46985196874981433,sequential,accepted archive mtime proxy
shard-005,3745,2026-09-14T04:38:12.487776+00:00,1.0581380736005181,sequential,accepted archive mtime proxy
shard-004,2998,2026-09-14T04:38:29.348582+00:00,0.6215717534670451,sequential,accepted archive mtime proxy
shard-004,2999,2026-09-14T04:39:26.706383+00:00,0.9403624777837346,sequential,accepted archive mtime proxy
shard-005,3746,2026-09-14T04:43:20.144611+00:00,5.1192238875005085,sequential,accepted archive mtime proxy
shard-004,3000,2026-09-14T04:43:52.691312+00:00,4.4146442083331445,sequential,accepted archive mtime proxy
shard-004,3001,2026-09-14T04:46:26.026011+00:00,2.5340645972348286,sequential,accepted archive mtime proxy
shard-005,3747,2026-09-14T04:46:37.821120+00:00,3.275207954165914,sequential,accepted archive mtime proxy
shard-005,3748,2026-09-14T04:48:20.727735+00:00,1.6947535389005983,sequential,accepted archive mtime proxy
shard-005,3749,2026-09-14T04:50:32.135437+00:00,2.165454361816713,sequential,accepted archive mtime proxy
shard-004,3002,2026-09-14T04:50:33.538428+00:00,4.095335556250453,sequential,accepted archive mtime proxy
shard-005,3750,2026-09-14T04:52:55.674550+00:00,2.3658471027835426,sequential,accepted archive mtime proxy
shard-005,3751,2026-09-14T04:54:19.385601+00:00,1.377451162500074,sequential,accepted archive mtime proxy
shard-004,3003,2026-09-14T04:54:27.030339+00:00,3.8765397437498903,sequential,accepted archive mtime proxy
shard-005,3752,2026-09-14T04:55:14.906248+00:00,0.9072120888992988,sequential,accepted archive mtime proxy
shard-005,3753,2026-09-14T04:56:39.349258+00:00,1.3929010513840088,sequential,accepted archive mtime proxy
shard-005,3754,2026-09-14T04:57:47.489206+00:00,1.1080211881994424,sequential,accepted archive mtime proxy
shard-005,3755,2026-09-14T04:58:59.073577+00:00,1.1742583284833623,sequential,accepted archive mtime proxy
shard-005,3756,2026-09-14T04:59:52.024515+00:00,0.8567470375002206,sequential,accepted archive mtime proxy
shard-004,3004,2026-09-14T05:04:55.363442+00:00,10.437593161817253,sequential,accepted archive mtime proxy
shard-004,3005,2026-09-14T05:06:45.675237+00:00,1.8292226083343848,sequential,accepted archive mtime proxy
shard-004,3006,2026-09-14T05:08:12.508056+00:00,1.4101217715341288,sequential,accepted archive mtime proxy
shard-005,3757,2026-09-14T05:08:50.493855+00:00,8.941729345133838,sequential,accepted archive mtime proxy
shard-004,3007,2026-09-14T05:08:53.131236+00:00,0.6546411500001947,sequential,accepted archive mtime proxy
shard-004,3008,2026-09-14T05:10:09.572346+00:00,1.2589700187498238,sequential,accepted archive mtime proxy
shard-005,3758,2026-09-14T05:10:28.746283+00:00,1.6294001326333576,sequential,accepted archive mtime proxy
shard-004,3009,2026-09-14T05:10:49.382076+00:00,0.6221715923670369,sequential,accepted archive mtime proxy
shard-005,3759,2026-09-14T05:12:07.028219+00:00,1.6109576736169402,sequential,accepted archive mtime proxy
shard-004,3010,2026-09-14T05:12:13.432525+00:00,1.3767989006844195,sequential,accepted archive mtime proxy
shard-005,3760,2026-09-14T05:13:43.615188+00:00,1.5771756951328522,sequential,accepted archive mtime proxy
shard-004,3011,2026-09-14T05:13:55.349278+00:00,1.678682793067613,sequential,accepted archive mtime proxy
shard-004,3012,2026-09-14T05:14:58.007603+00:00,1.0244346347171813,sequential,accepted archive mtime proxy
shard-005,3761,2026-09-14T05:15:04.321262+00:00,1.3271098652835158,sequential,accepted archive mtime proxy
shard-004,3013,2026-09-14T05:15:50.727915+00:00,0.8560572173504625,sequential,accepted archive mtime proxy
shard-005,3762,2026-09-14T05:15:53.960912+00:00,0.8060312548516474,sequential,accepted archive mtime proxy
shard-005,3763,2026-09-14T05:17:05.516414+00:00,1.1573801284675331,sequential,accepted archive mtime proxy
shard-004,3014,2026-09-14T05:17:16.832289+00:00,1.3934769215333895,sequential,accepted archive mtime proxy
shard-004,3015,2026-09-14T05:18:18.293602+00:00,1.0071781583343788,sequential,accepted archive mtime proxy
shard-005,3764,2026-09-14T05:19:08.023084+00:00,2.015199288900476,sequential,accepted archive mtime proxy
shard-005,3765,2026-09-14T05:20:16.755388+00:00,1.1250020319498921,sequential,accepted archive mtime proxy
shard-004,3016,2026-09-14T05:22:32.641033+00:00,4.212466840267492,sequential,accepted archive mtime proxy
shard-004,3017,2026-09-14T05:24:31.495623+00:00,1.9474357090153112,sequential,accepted archive mtime proxy
shard-005,3766,2026-09-14T05:25:17.919762+00:00,4.999543572217226,sequential,accepted archive mtime proxy
shard-004,3018,2026-09-14T05:25:58.937019+00:00,1.4271154249998896,sequential,accepted archive mtime proxy
shard-004,3019,2026-09-14T05:28:03.341867+00:00,2.0485021645843515,sequential,accepted archive mtime proxy
shard-005,3767,2026-09-14T06:09:42.282634+00:00,44.36812618958259,sequential,accepted archive mtime proxy
shard-005,3768,2026-09-14T06:19:53.885454+00:00,10.166009037501256,sequential,accepted archive mtime proxy
shard-005,3769,2026-09-14T06:20:33.716096+00:00,0.6380548611166887,sequential,accepted archive mtime proxy
shard-005,3770,2026-09-14T06:22:14.953878+00:00,1.6615016861159044,sequential,accepted archive mtime proxy
shard-004,3020,2026-09-14T06:22:18.119436+00:00,54.20919488401851,sequential,accepted archive mtime proxy
shard-004,3021,2026-09-14T06:23:38.173933+00:00,1.3087539055675734,sequential,accepted archive mtime proxy
shard-005,3771,2026-09-14T06:23:43.887065+00:00,1.4610836340327902,sequential,accepted archive mtime proxy
shard-004,3022,2026-09-14T06:24:43.603382+00:00,1.0587096014001873,sequential,accepted archive mtime proxy
shard-005,3772,2026-09-14T06:25:28.048590+00:00,1.7132099409665291,sequential,accepted archive mtime proxy
shard-004,3023,2026-09-14T06:25:43.433513+00:00,0.9748247937493336,sequential,accepted archive mtime proxy
shard-005,3773,2026-09-14T06:26:11.863344+00:00,0.6889929125007863,sequential,accepted archive mtime proxy
shard-005,3774,2026-09-14T06:27:17.847789+00:00,1.075042656250298,sequential,accepted archive mtime proxy
shard-005,3775,2026-09-14T06:28:54.843688+00:00,1.5946427784821329,sequential,accepted archive mtime proxy
shard-005,3776,2026-09-14T06:29:59.863638+00:00,1.0406425319320989,sequential,accepted archive mtime proxy
shard-005,3777,2026-09-14T06:31:10.460757+00:00,1.1583565965333642,sequential,accepted archive mtime proxy
shard-005,3778,2026-09-14T06:33:17.424000+00:00,2.0811050055509743,sequential,accepted archive mtime proxy
shard-005,3779,2026-09-14T06:35:53.321747+00:00,2.568533644450751,sequential,accepted archive mtime proxy
shard-005,3780,2026-09-14T06:37:16.987501+00:00,1.3594635999994353,sequential,accepted archive mtime proxy
shard-005,3781,2026-09-14T06:40:13.694005+00:00,2.9200331986163897,sequential,accepted archive mtime proxy
shard-005,3782,2026-09-14T06:42:15.278796+00:00,1.9956590152830662,sequential,accepted archive mtime proxy
shard-005,3783,2026-09-14T06:44:19.193048+00:00,2.0314123993002187,sequential,accepted archive mtime proxy
shard-005,3784,2026-09-14T06:46:26.004759+00:00,2.080570499317643,sequential,accepted archive mtime proxy
shard-005,3785,2026-09-14T06:50:37.093484+00:00,4.144716995133786,sequential,accepted archive mtime proxy
shard-005,3786,2026-09-14T07:03:18.801314+00:00,12.653895410418045,sequential,accepted archive mtime proxy
shard-005,3787,2026-09-14T07:05:25.858923+00:00,2.097597030548301,sequential,accepted archive mtime proxy
shard-004,3024,2026-09-14T07:06:45.924947+00:00,41.00052848194803,sequential,accepted archive mtime proxy
shard-004,3025,2026-09-14T07:10:19.376672+00:00,3.52443549236826,sequential,accepted archive mtime proxy
shard-004,3026,2026-09-14T07:14:17.357449+00:00,3.9441320770827586,sequential,accepted archive mtime proxy
shard-004,3027,2026-09-14T07:24:32.023572+00:00,10.200658538184749,sequential,accepted archive mtime proxy
shard-004,3028,2026-09-14T07:27:10.225590+00:00,2.6194185104162897,sequential,accepted archive mtime proxy
shard-004,3029,2026-09-14T07:29:54.830432+00:00,2.701404590966801,sequential,accepted archive mtime proxy
shard-004,3030,2026-09-14T07:30:43.853623+00:00,0.7886876166662357,sequential,accepted archive mtime proxy
shard-004,3031,2026-09-14T07:31:57.955230+00:00,1.1926125465329582,sequential,accepted archive mtime proxy
shard-004,3032,2026-09-14T07:33:10.578829+00:00,1.1760327826506303,sequential,accepted archive mtime proxy
shard-004,3033,2026-09-14T07:34:22.727245+00:00,1.1746902965339057,sequential,accepted archive mtime proxy
shard-004,3034,2026-09-14T07:35:35.062042+00:00,1.159319025701067,sequential,accepted archive mtime proxy
shard-004,3035,2026-09-14T07:36:50.337296+00:00,1.2255567930502973,sequential,accepted archive mtime proxy
shard-004,3036,2026-09-14T07:38:14.716117+00:00,1.376431877084542,sequential,accepted archive mtime proxy
shard-004,3037,2026-09-14T07:40:03.672954+00:00,1.7798064888823621,sequential,accepted archive mtime proxy
shard-004,3038,2026-09-14T07:43:18.775089+00:00,3.2075044895832736,sequential,accepted archive mtime proxy
shard-004,3039,2026-09-14T07:47:10.837763+00:00,3.827018660417525,sequential,accepted archive mtime proxy
shard-004,3040,2026-09-14T07:49:02.356133+00:00,1.8295071270821306,sequential,accepted archive mtime proxy
shard-004,3041,2026-09-14T07:50:51.696543+00:00,1.7788521340175065,sequential,accepted archive mtime proxy
shard-004,3042,2026-09-14T07:52:14.328479+00:00,1.3424995618173852,sequential,accepted archive mtime proxy
shard-004,3043,2026-09-14T07:54:58.084353+00:00,2.6842762062500696,sequential,accepted archive mtime proxy
shard-004,3044,2026-09-14T07:57:14.349238+00:00,2.232560038182419,sequential,accepted archive mtime proxy
shard-004,3045,2026-09-14T08:07:38.985557+00:00,10.3706378847186,sequential,accepted archive mtime proxy
shard-004,3046,2026-09-14T08:09:09.411409+00:00,1.4768030326328396,sequential,accepted archive mtime proxy
shard-005,3788,2026-09-14T08:10:43.457281+00:00,65.24589505348315,sequential,accepted archive mtime proxy
shard-005,3789,2026-09-14T08:11:54.376915+00:00,1.158920869450473,sequential,accepted archive mtime proxy
shard-005,3790,2026-09-14T08:19:42.114820+00:00,7.747086392352745,sequential,accepted archive mtime proxy
shard-004,3047,2026-09-14T08:20:05.392426+00:00,10.88140555625044,sequential,accepted archive mtime proxy
shard-005,3791,2026-09-14T08:21:00.273930+00:00,1.275764715281548,sequential,accepted archive mtime proxy
shard-004,3048,2026-09-14T08:21:01.233710+00:00,0.9066242041667768,sequential,accepted archive mtime proxy
shard-004,3049,2026-09-14T08:22:00.334503+00:00,0.9387343138824993,sequential,accepted archive mtime proxy
shard-005,3792,2026-09-14T08:22:03.508519+00:00,1.0236297770830183,sequential,accepted archive mtime proxy
shard-004,3050,2026-09-14T08:22:34.953948+00:00,0.5373230465163943,sequential,accepted archive mtime proxy
shard-005,3793,2026-09-14T08:23:36.071595+00:00,1.4945177930504239,sequential,accepted archive mtime proxy
shard-005,3794,2026-09-14T08:24:11.505530+00:00,0.5545345812512096,sequential,accepted archive mtime proxy
shard-005,3795,2026-09-14T08:24:46.083061+00:00,0.5375081555491003,sequential,accepted archive mtime proxy
shard-005,3796,2026-09-14T08:27:59.380138+00:00,3.1871458881825676,sequential,accepted archive mtime proxy
shard-005,3797,2026-09-14T08:29:05.633878+00:00,1.074430801383763,sequential,accepted archive mtime proxy
shard-005,3798,2026-09-14T08:29:44.938721+00:00,0.6211119166672385,sequential,accepted archive mtime proxy
shard-005,3799,2026-09-14T08:30:35.689568+00:00,0.8061698194496179,sequential,accepted archive mtime proxy
shard-005,3800,2026-09-14T08:31:33.414155+00:00,0.9235250423662364,sequential,accepted archive mtime proxy
shard-004,3051,2026-09-14T08:32:19.767593+00:00,9.696291399999366,sequential,accepted archive mtime proxy
shard-005,3801,2026-09-14T08:32:23.469546+00:00,0.7892376131824373,sequential,accepted archive mtime proxy
shard-005,3802,2026-09-14T08:33:15.215275+00:00,0.8227577548493475,sequential,accepted archive mtime proxy
shard-005,3803,2026-09-14T08:34:07.270462+00:00,0.8233124937512912,sequential,accepted archive mtime proxy
shard-005,3804,2026-09-14T08:35:05.263261+00:00,0.9397505444513323,sequential,accepted archive mtime proxy
shard-005,3805,2026-09-14T08:35:59.827869+00:00,0.8555620104171491,sequential,accepted archive mtime proxy
shard-005,3806,2026-09-14T08:36:53.745646+00:00,0.873464463201041,sequential,accepted archive mtime proxy
shard-005,3807,2026-09-14T08:37:47.865622+00:00,0.8571120937510083,sequential,accepted archive mtime proxy
shard-005,3808,2026-09-14T08:38:41.329449+00:00,0.8392707361160622,sequential,accepted archive mtime proxy
shard-004,3052,2026-09-14T08:40:17.558387+00:00,7.919398683315376,sequential,accepted archive mtime proxy
shard-005,3809,2026-09-14T08:40:31.069606+00:00,1.7951984638833285,sequential,accepted archive mtime proxy
shard-004,3053,2026-09-14T08:41:30.778086+00:00,1.1918297395828026,sequential,accepted archive mtime proxy
shard-005,3810,2026-09-14T08:41:36.527797+00:00,1.0404436722164974,sequential,accepted archive mtime proxy
shard-004,3054,2026-09-14T08:42:33.732280+00:00,1.0065801319510987,sequential,accepted archive mtime proxy
shard-005,3811,2026-09-14T08:42:48.968223+00:00,1.1752597319330864,sequential,accepted archive mtime proxy
shard-004,3055,2026-09-14T08:43:09.632185+00:00,0.5549614138843026,sequential,accepted archive mtime proxy
shard-005,3812,2026-09-14T08:43:19.283408+00:00,0.45400756458208585,sequential,accepted archive mtime proxy
shard-004,3056,2026-09-14T08:43:49.807837+00:00,0.6220734236160449,sequential,accepted archive mtime proxy
shard-004,3057,2026-09-14T08:45:08.843326+00:00,1.2753321020825146,sequential,accepted archive mtime proxy
shard-005,3813,2026-09-14T08:45:19.782067+00:00,1.9644048840331378,sequential,accepted archive mtime proxy
shard-004,3058,2026-09-14T08:45:57.084854+00:00,0.7564888027845882,sequential,accepted archive mtime proxy
shard-005,3814,2026-09-14T08:46:50.478158+00:00,1.4777856180502567,sequential,accepted archive mtime proxy
shard-004,3059,2026-09-14T08:47:03.528666+00:00,1.0585367701346209,sequential,accepted archive mtime proxy
shard-005,3815,2026-09-14T08:47:20.783666+00:00,0.4539848638834277,sequential,accepted archive mtime proxy
shard-004,3060,2026-09-14T08:48:16.987633+00:00,1.1764630715323923,sequential,accepted archive mtime proxy
shard-005,3816,2026-09-14T08:48:54.826373+00:00,1.5276783430677219,sequential,accepted archive mtime proxy
shard-004,3061,2026-09-14T08:49:13.164814+00:00,0.9063609451501785,sequential,accepted archive mtime proxy
shard-004,3062,2026-09-14T08:50:20.150185+00:00,1.0563032263831702,sequential,accepted archive mtime proxy
shard-005,3817,2026-09-14T08:50:29.477850+00:00,1.5273571715321548,sequential,accepted archive mtime proxy
shard-004,3063,2026-09-14T08:51:59.276743+00:00,1.6108339777662575,sequential,accepted archive mtime proxy
shard-004,3064,2026-09-14T08:54:04.404862+00:00,2.047241631249199,sequential,accepted archive mtime proxy
shard-004,3065,2026-09-14T08:56:23.949132+00:00,2.2660525597321493,sequential,accepted archive mtime proxy
shard-004,3066,2026-09-14T08:57:47.271751+00:00,1.3424564458332802,sequential,accepted archive mtime proxy
shard-004,3067,2026-09-14T08:58:42.147499+00:00,0.8733536784847578,sequential,accepted archive mtime proxy
shard-005,3818,2026-09-14T08:59:17.076639+00:00,8.746141395135783,sequential,accepted archive mtime proxy
shard-004,3068,2026-09-14T08:59:20.922204+00:00,0.6051667354166663,sequential,accepted archive mtime proxy
shard-005,3819,2026-09-14T09:09:37.784954+00:00,10.30015483541841,sequential,accepted archive mtime proxy
shard-004,3069,2026-09-14T09:10:23.113143+00:00,10.975180034715837,sequential,accepted archive mtime proxy
shard-005,3820,2026-09-14T09:10:39.114790+00:00,0.9914728972323549,sequential,accepted archive mtime proxy
shard-005,3821,2026-09-14T09:11:46.994779+00:00,1.0747072812499634,sequential,accepted archive mtime proxy
shard-004,3070,2026-09-14T09:11:47.764114+00:00,1.376064241665881,sequential,accepted archive mtime proxy
shard-004,3071,2026-09-14T09:14:45.037539+00:00,2.901891142366609,sequential,accepted archive mtime proxy
shard-005,3822,2026-09-14T09:14:48.567246+00:00,2.9868579833341453,sequential,accepted archive mtime proxy
shard-004,3072,2026-09-14T09:15:47.845968+00:00,0.9896324819341923,sequential,accepted archive mtime proxy
shard-005,3823,2026-09-14T09:15:54.407860+00:00,1.0404524507001043,sequential,accepted archive mtime proxy
shard-005,3824,2026-09-14T09:17:04.103163+00:00,1.1241327986159984,sequential,accepted archive mtime proxy
shard-004,3073,2026-09-14T09:17:04.698328+00:00,1.2426823624991812,sequential,accepted archive mtime proxy
shard-005,3825,2026-09-14T09:18:48.524078+00:00,1.6955764013827623,sequential,accepted archive mtime proxy
shard-004,3074,2026-09-14T09:19:04.386858+00:00,1.9315392277649759,sequential,accepted archive mtime proxy
shard-005,3826,2026-09-14T09:20:26.755875+00:00,1.5779936493180382,sequential,accepted archive mtime proxy
shard-005,3827,2026-09-14T09:22:07.095632+00:00,1.6277407743153163,sequential,accepted archive mtime proxy
shard-005,3828,2026-09-14T09:23:31.793591+00:00,1.3608846999995876,sequential,accepted archive mtime proxy
shard-005,3829,2026-09-14T09:24:34.324091+00:00,0.9907269201338447,sequential,accepted archive mtime proxy
shard-005,3830,2026-09-14T09:26:31.948064+00:00,1.914249391667545,sequential,accepted archive mtime proxy
shard-005,3831,2026-09-14T09:28:28.070043+00:00,1.880250057632414,sequential,accepted archive mtime proxy
shard-005,3832,2026-09-14T09:29:38.533215+00:00,1.1249196881991035,sequential,accepted archive mtime proxy
shard-004,3075,2026-09-14T09:29:39.994252+00:00,10.541700134016962,sequential,accepted archive mtime proxy
shard-005,3833,2026-09-14T09:32:08.050473+00:00,2.4513017722327883,sequential,accepted archive mtime proxy
shard-005,3834,2026-09-14T09:34:26.500576+00:00,2.247766078467248,sequential,accepted archive mtime proxy
shard-004,3076,2026-09-14T09:34:42.947588+00:00,5.002687579851287,sequential,accepted archive mtime proxy
shard-005,3835,2026-09-14T09:34:57.222745+00:00,0.4709694500003631,sequential,accepted archive mtime proxy
shard-005,3836,2026-09-14T09:35:48.045885+00:00,0.7897094701319778,sequential,accepted archive mtime proxy
shard-005,3837,2026-09-14T09:37:31.022501+00:00,1.661523908334008,sequential,accepted archive mtime proxy
shard-004,3077,2026-09-14T09:37:38.736563+00:00,2.887576838883494,sequential,accepted archive mtime proxy
shard-005,3838,2026-09-14T09:39:15.856423+00:00,1.6949347291665617,sequential,accepted archive mtime proxy
shard-005,3839,2026-09-14T09:40:13.684815+00:00,0.9063253639013662,sequential,accepted archive mtime proxy
shard-005,3840,2026-09-14T09:49:37.187224+00:00,9.334330859050775,sequential,accepted archive mtime proxy
shard-004,3078,2026-09-14T10:01:50.988450+00:00,24.139559596515028,sequential,accepted archive mtime proxy
shard-004,3079,2026-09-14T10:03:18.391939+00:00,1.4097136444509184,sequential,accepted archive mtime proxy
shard-004,3080,2026-09-14T10:05:07.873246+00:00,1.7794604263831084,sequential,accepted archive mtime proxy
shard-004,3081,2026-09-14T10:07:00.720018+00:00,1.8128786618006416,sequential,accepted archive mtime proxy
shard-004,3082,2026-09-14T10:07:49.855159+00:00,0.7717191590151439,sequential,accepted archive mtime proxy
shard-005,3841,2026-09-14T10:08:02.458984+00:00,18.366014238181137,sequential,accepted archive mtime proxy
shard-004,3083,2026-09-14T10:10:12.981909+00:00,2.334037002767824,sequential,accepted archive mtime proxy
shard-005,3842,2026-09-14T10:10:29.427763+00:00,2.4011298833337302,sequential,accepted archive mtime proxy
shard-004,3084,2026-09-14T10:13:04.715141+00:00,2.8032821423509935,sequential,accepted archive mtime proxy
shard-004,3085,2026-09-14T10:15:48.509243+00:00,2.6696446576504966,sequential,accepted archive mtime proxy
shard-004,3086,2026-09-14T10:18:23.172819+00:00,2.5348737993005974,sequential,accepted archive mtime proxy
shard-004,3087,2026-09-14T10:20:48.158246+00:00,2.349936582633139,sequential,accepted archive mtime proxy
shard-005,3843,2026-09-14T10:21:43.719137+00:00,11.176953927082165,sequential,accepted archive mtime proxy
shard-004,3088,2026-09-14T10:21:59.360368+00:00,1.1427078451340398,sequential,accepted archive mtime proxy
shard-004,3089,2026-09-14T10:23:53.803616+00:00,1.8474482798657845,sequential,accepted archive mtime proxy
shard-004,3090,2026-09-14T10:26:42.114873+00:00,2.73721225069991,sequential,accepted archive mtime proxy
shard-005,3844,2026-09-14T10:26:49.650129+00:00,5.0515020159829875,sequential,accepted archive mtime proxy
shard-004,3091,2026-09-14T10:27:08.471302+00:00,0.38673738403401026,sequential,accepted archive mtime proxy
shard-004,3092,2026-09-14T10:27:52.203231+00:00,0.6718650069339976,sequential,accepted archive mtime proxy
shard-005,3845,2026-09-14T10:28:00.928099+00:00,1.1261717541667167,sequential,accepted archive mtime proxy
shard-004,3093,2026-09-14T10:28:34.403224+00:00,0.6551105250002972,sequential,accepted archive mtime proxy
shard-004,3094,2026-09-14T10:29:48.981025+00:00,1.1748292840338157,sequential,accepted archive mtime proxy
shard-005,3846,2026-09-14T10:30:05.300809+00:00,2.032655765967987,sequential,accepted archive mtime proxy
shard-005,3847,2026-09-14T10:31:11.389100+00:00,1.041589185417009,sequential,accepted archive mtime proxy
shard-005,3848,2026-09-14T10:32:24.731470+00:00,1.1585497180504414,sequential,accepted archive mtime proxy
shard-005,3849,2026-09-14T10:33:40.451395+00:00,1.2087029909831473,sequential,accepted archive mtime proxy
shard-005,3850,2026-09-14T10:35:02.692486+00:00,1.3097496541663227,sequential,accepted archive mtime proxy
shard-005,3851,2026-09-14T10:37:12.463509+00:00,2.09866889861684,sequential,accepted archive mtime proxy
shard-005,3852,2026-09-14T10:39:06.183160+00:00,1.8478186139002597,sequential,accepted archive mtime proxy
shard-005,3853,2026-09-14T10:41:46.766222+00:00,2.618734348617727,sequential,accepted archive mtime proxy
shard-005,3854,2026-09-14T10:43:56.457923+00:00,2.0981108479162986,sequential,accepted archive mtime proxy
shard-005,3855,2026-09-14T10:45:14.201995+00:00,1.2261495513822107,sequential,accepted archive mtime proxy
shard-004,3095,2026-09-14T10:46:02.053703+00:00,16.15709284028465,sequential,accepted archive mtime proxy
shard-005,3856,2026-09-14T10:46:39.632485+00:00,1.3781375520823833,sequential,accepted archive mtime proxy
shard-005,3857,2026-09-14T10:50:38.092650+00:00,3.909634106249238,sequential,accepted archive mtime proxy
shard-005,3858,2026-09-14T10:52:35.116083+00:00,1.8806013826319636,sequential,accepted archive mtime proxy
shard-005,3859,2026-09-14T11:03:55.379824+00:00,11.276715623600952,sequential,accepted archive mtime proxy
shard-005,3860,2026-09-14T11:06:23.786892+00:00,2.418012749298941,sequential,accepted archive mtime proxy
shard-004,3096,2026-09-14T11:06:49.193076+00:00,20.727659913199023,sequential,accepted archive mtime proxy
shard-005,3861,2026-09-14T11:07:07.618662+00:00,0.6728759680486595,sequential,accepted archive mtime proxy
shard-005,3862,2026-09-14T11:10:12.476313+00:00,3.022711442350798,sequential,accepted archive mtime proxy
shard-004,3097,2026-09-14T11:29:53.045623+00:00,23.0065039506997,sequential,accepted archive mtime proxy
shard-004,3098,2026-09-14T11:34:08.232385+00:00,4.196950714585061,sequential,accepted archive mtime proxy
shard-005,3863,2026-09-14T11:37:27.331154+00:00,27.173454981966643,sequential,accepted archive mtime proxy
shard-004,3099,2026-09-14T11:38:43.430388+00:00,4.533053786117429,sequential,accepted archive mtime proxy
shard-005,3864,2026-09-14T11:38:50.870232+00:00,1.3431705604171535,sequential,accepted archive mtime proxy
shard-004,3100,2026-09-14T11:51:37.866307+00:00,12.834224790984686,sequential,accepted archive mtime proxy
shard-005,3865,2026-09-14T11:58:58.005235+00:00,20.04620642500037,sequential,accepted archive mtime proxy
shard-005,3866,2026-09-14T12:00:10.097755+00:00,1.1416869041665147,sequential,accepted archive mtime proxy
shard-004,3101,2026-09-14T12:01:47.068107+00:00,10.08565186598377,sequential,accepted archive mtime proxy
shard-004,3102,2026-09-14T12:06:57.200039+00:00,5.1203302888995195,sequential,accepted archive mtime proxy
shard-004,3103,2026-09-14T12:08:40.524868+00:00,1.6625685208321859,sequential,accepted archive mtime proxy
shard-005,3867,2026-09-14T12:09:39.694669+00:00,9.41665932359756,sequential,accepted archive mtime proxy
shard-004,3104,2026-09-14T12:09:58.277174+00:00,1.226352320832666,sequential,accepted archive mtime proxy
shard-005,3868,2026-09-14T12:11:27.908919+00:00,1.747450615283257,sequential,accepted archive mtime proxy
shard-004,3105,2026-09-14T12:11:36.621154+00:00,1.5619824291672557,sequential,accepted archive mtime proxy
shard-005,3869,2026-09-14T12:13:27.016610+00:00,1.9145984770827151,sequential,accepted archive mtime proxy
shard-004,3106,2026-09-14T12:13:33.326000+00:00,1.8802360305679031,sequential,accepted archive mtime proxy
shard-004,3107,2026-09-14T12:17:07.341277+00:00,3.5080337576335294,sequential,accepted archive mtime proxy
shard-004,3108,2026-09-14T12:19:12.271287+00:00,2.015440267365193,sequential,accepted archive mtime proxy
shard-004,3109,2026-09-14T12:22:38.150654+00:00,3.3756680465167546,sequential,accepted archive mtime proxy
shard-004,3110,2026-09-14T12:24:32.130961+00:00,1.830814142350573,sequential,accepted archive mtime proxy
shard-005,3870,2026-09-14T12:26:32.760735+00:00,13.02389701390251,sequential,accepted archive mtime proxy
shard-004,3111,2026-09-14T12:26:47.932322+00:00,2.2005977312510367,sequential,accepted archive mtime proxy
shard-005,3871,2026-09-14T12:27:25.471134+00:00,0.8234805277684548,sequential,accepted archive mtime proxy
shard-004,3112,2026-09-14T12:27:41.788681+00:00,0.823332014582896,sequential,accepted archive mtime proxy
shard-005,3872,2026-09-14T12:29:04.890122+00:00,1.5790321069497926,sequential,accepted archive mtime proxy
shard-005,3873,2026-09-14T12:31:11.755852+00:00,2.0477107430497807,sequential,accepted archive mtime proxy
shard-004,3113,2026-09-14T12:31:43.087505+00:00,3.961495278465251,sequential,accepted archive mtime proxy
shard-005,3874,2026-09-14T12:32:02.759452+00:00,0.7903350166666011,sequential,accepted archive mtime proxy
shard-004,3114,2026-09-14T12:33:52.270427+00:00,2.0831885840181106,sequential,accepted archive mtime proxy
shard-005,3875,2026-09-14T12:34:08.952577+00:00,2.0318475208322826,sequential,accepted archive mtime proxy
shard-004,3115,2026-09-14T12:34:21.074131+00:00,0.40388244653198246,sequential,accepted archive mtime proxy
shard-004,3116,2026-09-14T12:35:32.329203+00:00,1.1248408062499948,sequential,accepted archive mtime proxy
shard-005,3876,2026-09-14T12:35:33.236177+00:00,1.3267586048673061,sequential,accepted archive mtime proxy
shard-004,3117,2026-09-14T12:38:12.628370+00:00,2.603189956949791,sequential,accepted archive mtime proxy
shard-005,3877,2026-09-14T12:38:28.048226+00:00,2.8530959687486757,sequential,accepted archive mtime proxy
shard-004,3118,2026-09-14T12:39:48.975901+00:00,1.5459608354159475,sequential,accepted archive mtime proxy
shard-005,3878,2026-09-14T12:40:09.259891+00:00,1.6132276354163575,sequential,accepted archive mtime proxy
shard-005,3879,2026-09-14T12:41:53.075147+00:00,1.6616237631998956,sequential,accepted archive mtime proxy
shard-005,3880,2026-09-14T12:43:56.191514+00:00,1.9800634881830774,sequential,accepted archive mtime proxy
shard-005,3881,2026-09-14T12:45:24.166778+00:00,1.3937940527840207,sequential,accepted archive mtime proxy
shard-005,3882,2026-09-14T12:48:46.647943+00:00,3.307580404167917,sequential,accepted archive mtime proxy
shard-005,3883,2026-09-14T12:50:05.575615+00:00,1.242487002084575,sequential,accepted archive mtime proxy
shard-005,3884,2026-09-14T12:52:51.603586+00:00,2.6848045798484237,sequential,accepted archive mtime proxy
shard-005,3885,2026-09-14T13:09:26.994373+00:00,16.51518298125011,sequential,accepted archive mtime proxy
shard-005,3886,2026-09-14T13:10:11.474042+00:00,0.672502951384134,sequential,accepted archive mtime proxy
shard-004,3119,2026-09-14T13:15:18.197810+00:00,35.40936947013252,sequential,accepted archive mtime proxy
shard-004,3120,2026-09-14T13:16:43.346312+00:00,1.360221540966692,sequential,accepted archive mtime proxy
shard-004,3121,2026-09-14T13:18:21.290523+00:00,1.5611350312499175,sequential,accepted archive mtime proxy
shard-005,3887,2026-09-14T13:20:08.729575+00:00,9.87917450555057,sequential,accepted archive mtime proxy
shard-004,3122,2026-09-14T13:20:13.206137+00:00,1.795718411100097,sequential,accepted archive mtime proxy
shard-004,3123,2026-09-14T13:22:00.248143+00:00,1.7121689791655323,sequential,accepted archive mtime proxy
shard-004,3124,2026-09-14T13:23:28.851848+00:00,1.410332633331806,sequential,accepted archive mtime proxy
shard-004,3125,2026-09-14T13:25:15.721748+00:00,1.7103629757009913,sequential,accepted archive mtime proxy
shard-005,3888,2026-09-14T13:37:01.877265+00:00,16.810443850699812,sequential,accepted archive mtime proxy
shard-005,3889,2026-09-14T13:38:58.106736+00:00,1.8636027354164981,sequential,accepted archive mtime proxy
shard-004,3126,2026-09-14T13:39:01.668057+00:00,13.690169059731609,sequential,accepted archive mtime proxy
shard-005,3890,2026-09-14T13:41:00.034933+00:00,1.9641220625004887,sequential,accepted archive mtime proxy
shard-004,3127,2026-09-14T13:41:25.848741+00:00,2.3501669645833316,sequential,accepted archive mtime proxy
shard-005,3891,2026-09-14T13:42:07.965107+00:00,1.0582035132004723,sequential,accepted archive mtime proxy
shard-004,3128,2026-09-14T13:42:20.909106+00:00,0.8392042187508195,sequential,accepted archive mtime proxy
shard-004,3129,2026-09-14T13:43:32.857110+00:00,1.1244893277665444,sequential,accepted archive mtime proxy
shard-005,3892,2026-09-14T13:43:48.305282+00:00,1.5950219236159076,sequential,accepted archive mtime proxy
shard-004,3130,2026-09-14T13:44:04.451127+00:00,0.45452463125111536,sequential,accepted archive mtime proxy
shard-004,3131,2026-09-14T13:45:15.696367+00:00,1.1258717416669242,sequential,accepted archive mtime proxy
shard-004,3132,2026-09-14T13:46:27.642457+00:00,1.1248228645844696,sequential,accepted archive mtime proxy
shard-005,3893,2026-09-14T13:46:40.257846+00:00,2.803995830550169,sequential,accepted archive mtime proxy
shard-004,3133,2026-09-14T13:47:38.535395+00:00,1.1078256006992888,sequential,accepted archive mtime proxy
shard-005,3894,2026-09-14T13:47:46.047180+00:00,1.023452184034977,sequential,accepted archive mtime proxy
shard-005,3895,2026-09-14T13:49:09.050497+00:00,1.2921520222172451,sequential,accepted archive mtime proxy
shard-004,3134,2026-09-14T13:49:24.591456+00:00,1.6796789729152806,sequential,accepted archive mtime proxy
shard-005,3896,2026-09-14T13:50:00.127948+00:00,0.7892951138841454,sequential,accepted archive mtime proxy
shard-004,3135,2026-09-14T13:50:17.231471+00:00,0.8065297652831457,sequential,accepted archive mtime proxy
shard-005,3897,2026-09-14T13:50:37.998170+00:00,0.5543805750009293,sequential,accepted archive mtime proxy
shard-004,3136,2026-09-14T13:51:42.042630+00:00,1.3431869576335884,sequential,accepted archive mtime proxy
shard-005,3898,2026-09-14T13:51:45.865087+00:00,1.0401391041678532,sequential,accepted archive mtime proxy
shard-005,3899,2026-09-14T13:53:57.760295+00:00,2.131485475000227,sequential,accepted archive mtime proxy
shard-005,3900,2026-09-14T13:55:24.520679+00:00,1.3761297895844715,sequential,accepted archive mtime proxy
shard-004,3137,2026-09-14T13:55:33.656830+00:00,3.7769734090349325,sequential,accepted archive mtime proxy
shard-005,3901,2026-09-14T13:56:45.420954+00:00,1.258919345831964,sequential,accepted archive mtime proxy
shard-004,3138,2026-09-14T13:57:44.902885+00:00,2.1154492347171376,sequential,accepted archive mtime proxy
shard-005,3902,2026-09-14T13:58:02.730104+00:00,1.2086861229171821,sequential,accepted archive mtime proxy
shard-005,3903,2026-09-14T13:59:43.228221+00:00,1.594791521516163,sequential,accepted archive mtime proxy
shard-004,3139,2026-09-14T13:59:46.598367+00:00,1.9646243985994565,sequential,accepted archive mtime proxy
shard-004,3140,2026-09-14T14:01:35.960969+00:00,1.7447161257014765,sequential,accepted archive mtime proxy
shard-005,3904,2026-09-14T14:01:44.017266+00:00,1.946207708333774,sequential,accepted archive mtime proxy
shard-005,3905,2026-09-14T14:03:28.302933+00:00,1.66236060486796,sequential,accepted archive mtime proxy
shard-004,3141,2026-09-14T14:04:18.351030+00:00,2.636465635416486,sequential,accepted archive mtime proxy
shard-005,3906,2026-09-14T14:06:38.636402+00:00,3.0877676666675447,sequential,accepted archive mtime proxy
shard-005,3907,2026-09-14T14:09:30.094837+00:00,2.7851474187492085,sequential,accepted archive mtime proxy
shard-005,3908,2026-09-14T14:14:18.939187+00:00,4.733513860418073,sequential,accepted archive mtime proxy
shard-005,3909,2026-09-14T14:16:11.681723+00:00,1.7967764215175217,sequential,accepted archive mtime proxy
shard-005,3910,2026-09-14T14:20:11.186046+00:00,3.9106472513851864,sequential,accepted archive mtime proxy
shard-005,3911,2026-09-14T14:23:30.455898+00:00,3.2386061611158463,sequential,accepted archive mtime proxy
shard-004,3142,2026-09-14T14:26:28.511055+00:00,22.078256252082063,sequential,accepted archive mtime proxy
shard-005,3912,2026-09-14T14:26:42.471468+00:00,3.1216607833339367,sequential,accepted archive mtime proxy
shard-005,3913,2026-09-14T14:29:16.120041+00:00,2.468182215965741,sequential,accepted archive mtime proxy
shard-004,3143,2026-09-14T14:29:28.887711+00:00,2.938703804166289,sequential,accepted archive mtime proxy
shard-005,3914,2026-09-14T14:31:03.207227+00:00,1.7136022007015224,sequential,accepted archive mtime proxy
shard-004,3144,2026-09-14T14:31:22.297542+00:00,1.8140540757003085,sequential,accepted archive mtime proxy
shard-005,3915,2026-09-14T14:33:03.941774+00:00,1.915242268750444,sequential,accepted archive mtime proxy
shard-005,3916,2026-09-14T14:34:52.907789+00:00,1.745772104865561,sequential,accepted archive mtime proxy
shard-004,3145,2026-09-14T14:35:31.529759+00:00,4.078547169433053,sequential,accepted archive mtime proxy
shard-005,3917,2026-09-14T14:35:42.953932+00:00,0.738625676400261,sequential,accepted archive mtime proxy
shard-005,3918,2026-09-14T14:37:36.516545+00:00,1.8131206395841823,sequential,accepted archive mtime proxy
shard-004,3146,2026-09-14T14:38:15.640688+00:00,2.6534726326334446,sequential,accepted archive mtime proxy
shard-005,3919,2026-09-14T14:38:24.025265+00:00,0.7056580222172973,sequential,accepted archive mtime proxy
shard-005,3920,2026-09-14T14:40:28.813222+00:00,1.9977915076500115,sequential,accepted archive mtime proxy
shard-005,3921,2026-09-14T14:42:23.658651+00:00,1.8292741326343578,sequential,accepted archive mtime proxy
shard-005,3922,2026-09-14T14:43:42.451743+00:00,1.2419206326342342,sequential,accepted archive mtime proxy
shard-005,3923,2026-09-14T14:47:05.145676+00:00,3.2893526472151278,sequential,accepted archive mtime proxy
shard-005,3924,2026-09-14T14:48:35.203794+00:00,1.4106954159816572,sequential,accepted archive mtime proxy
shard-005,3925,2026-09-14T14:50:27.528608+00:00,1.7786521006841212,sequential,accepted archive mtime proxy
shard-005,3926,2026-09-14T14:52:17.694699+00:00,1.7472682597348466,sequential,accepted archive mtime proxy
shard-005,3927,2026-09-14T14:54:22.040026+00:00,1.981540199999775,sequential,accepted archive mtime proxy
shard-005,3928,2026-09-14T14:56:14.096394+00:00,1.7963700500006476,sequential,accepted archive mtime proxy
shard-004,3147,2026-09-14T14:58:23.901704+00:00,20.04552325901459,sequential,accepted archive mtime proxy
shard-005,3929,2026-09-14T14:58:37.967526+00:00,2.3005126458321077,sequential,accepted archive mtime proxy
shard-004,3148,2026-09-14T14:59:43.527261+00:00,1.259455542365322,sequential,accepted archive mtime proxy
shard-005,3930,2026-09-14T15:00:01.651743+00:00,1.310323881949686,sequential,accepted archive mtime proxy
shard-004,3149,2026-09-14T15:00:18.451970+00:00,0.5045314465164362,sequential,accepted archive mtime proxy
shard-005,3931,2026-09-14T15:00:32.077201+00:00,0.42096110971760936,sequential,accepted archive mtime proxy
shard-005,3932,2026-09-14T15:05:05.327380+00:00,4.465664054168156,sequential,accepted archive mtime proxy
shard-004,3150,2026-09-14T15:16:08.444652+00:00,15.73464644861718,sequential,accepted archive mtime proxy
shard-004,3151,2026-09-14T15:17:27.286851+00:00,1.2419528819504193,sequential,accepted archive mtime proxy
shard-004,3152,2026-09-14T15:19:04.799553+00:00,1.545292477783126,sequential,accepted archive mtime proxy
shard-004,3153,2026-09-14T15:20:53.576907+00:00,1.7289522145835994,sequential,accepted archive mtime proxy
shard-004,3154,2026-09-14T15:22:33.549798+00:00,1.578844477783423,sequential,accepted archive mtime proxy
shard-004,3155,2026-09-14T15:25:50.497230+00:00,3.206913143749504,sequential,accepted archive mtime proxy
shard-004,3156,2026-09-14T15:28:24.177779+00:00,2.4827877527840125,sequential,accepted archive mtime proxy
shard-004,3157,2026-09-14T15:30:54.366765+00:00,2.412713840966656,sequential,accepted archive mtime proxy
shard-004,3158,2026-09-14T15:32:58.274843+00:00,1.9762531534671628,sequential,accepted archive mtime proxy
shard-004,3159,2026-09-14T15:35:08.754236+00:00,2.0948440861150934,sequential,accepted archive mtime proxy
shard-004,3160,2026-09-14T15:38:39.189385+00:00,3.4180483861166673,sequential,accepted archive mtime proxy
shard-004,3161,2026-09-14T15:41:00.963182+00:00,2.278297490966118,sequential,accepted archive mtime proxy
shard-004,3162,2026-09-14T15:42:59.610014+00:00,1.8756110617987967,sequential,accepted archive mtime proxy
shard-004,3163,2026-09-14T15:46:28.801771+00:00,3.4008385729180493,sequential,accepted archive mtime proxy
shard-004,3164,2026-09-14T15:48:40.994090+00:00,2.1151491493161303,sequential,accepted archive mtime proxy
shard-005,3933,2026-09-14T15:49:49.989465+00:00,44.64672629583317,sequential,accepted archive mtime proxy
shard-004,3165,2026-09-14T15:50:05.489789+00:00,1.3267534881985437,sequential,accepted archive mtime proxy
shard-005,3934,2026-09-14T15:50:22.251292+00:00,0.4543292354171475,sequential,accepted archive mtime proxy
shard-004,3166,2026-09-14T15:51:04.527822+00:00,0.8910204583332718,sequential,accepted archive mtime proxy
shard-005,3935,2026-09-14T15:52:09.632172+00:00,1.695713384016805,sequential,accepted archive mtime proxy
shard-004,3167,2026-09-14T15:52:17.288015+00:00,1.1255537062495327,sequential,accepted archive mtime proxy
shard-005,3936,2026-09-14T15:53:41.313617+00:00,1.4437813229160383,sequential,accepted archive mtime proxy
shard-004,3168,2026-09-14T15:53:57.599334+00:00,1.5950073569333958,sequential,accepted archive mtime proxy
shard-005,3937,2026-09-14T15:54:44.961774+00:00,0.974579907633597,sequential,accepted archive mtime proxy
shard-004,3169,2026-09-14T15:56:00.436577+00:00,1.949300930550089,sequential,accepted archive mtime proxy
shard-005,3938,2026-09-14T15:56:16.168600+00:00,1.4282352083343237,sequential,accepted archive mtime proxy
shard-004,3170,2026-09-14T15:57:50.743722+00:00,1.7435345229149486,sequential,accepted archive mtime proxy
shard-005,3939,2026-09-14T15:59:57.941535+00:00,3.6012568972170507,sequential,accepted archive mtime proxy
shard-005,3940,2026-09-14T16:02:24.650027+00:00,2.3294327013834843,sequential,accepted archive mtime proxy
shard-005,3941,2026-09-14T16:19:01.673373+00:00,16.516166403484142,sequential,accepted archive mtime proxy
shard-004,3171,2026-09-14T16:19:36.743903+00:00,21.67272536458331,sequential,accepted archive mtime proxy
shard-005,3942,2026-09-14T16:19:47.309105+00:00,0.67161850486688,sequential,accepted archive mtime proxy
shard-005,3943,2026-09-14T16:22:07.221976+00:00,2.2348947416661153,sequential,accepted archive mtime proxy
shard-004,3172,2026-09-14T16:23:21.446637+00:00,3.660224524999891,sequential,accepted archive mtime proxy
shard-005,3944,2026-09-14T16:23:34.011497+00:00,1.343402137500622,sequential,accepted archive mtime proxy
shard-005,3945,2026-09-14T16:25:30.774977+00:00,1.8476131701337484,sequential,accepted archive mtime proxy
shard-004,3173,2026-09-14T16:26:05.941863+00:00,2.6376165881830578,sequential,accepted archive mtime proxy
shard-005,3946,2026-09-14T16:26:21.549248+00:00,0.7388897361001,sequential,accepted archive mtime proxy
shard-004,3174,2026-09-14T16:27:05.902585+00:00,0.9070726736177069,sequential,accepted archive mtime proxy
shard-005,3947,2026-09-14T16:29:14.784372+00:00,2.7876219124998896,sequential,accepted archive mtime proxy
shard-004,3175,2026-09-14T16:29:18.988097+00:00,2.1157601944500737,sequential,accepted archive mtime proxy
shard-005,3948,2026-09-14T16:31:18.132643+00:00,1.948090856949178,sequential,accepted archive mtime proxy
shard-004,3176,2026-09-14T16:31:20.673016+00:00,1.9313785333322206,sequential,accepted archive mtime proxy
shard-004,3177,2026-09-14T16:33:21.667748+00:00,1.9435141083338143,sequential,accepted archive mtime proxy
shard-005,3949,2026-09-14T16:33:22.667796+00:00,1.9768405388827281,sequential,accepted archive mtime proxy
shard-004,3178,2026-09-14T16:35:14.625709+00:00,1.7754439111158717,sequential,accepted archive mtime proxy
shard-005,3950,2026-09-14T16:35:15.332104+00:00,1.791778424999211,sequential,accepted archive mtime proxy
shard-005,3951,2026-09-14T16:38:23.703185+00:00,3.0488451229175553,sequential,accepted archive mtime proxy
shard-004,3179,2026-09-14T16:38:24.557302+00:00,3.0824448347324505,sequential,accepted archive mtime proxy
shard-004,3180,2026-09-14T16:40:43.453292+00:00,2.229100599999462,sequential,accepted archive mtime proxy
shard-005,3952,2026-09-14T16:40:43.533203+00:00,2.2291008499994254,sequential,accepted archive mtime proxy
shard-004,3181,2026-09-14T16:42:46.599863+00:00,1.9600672249992688,sequential,accepted archive mtime proxy
shard-005,3953,2026-09-14T16:42:51.180459+00:00,2.0440360256819985,sequential,accepted archive mtime proxy
shard-004,3182,2026-09-14T16:44:33.956292+00:00,1.6919862895835347,sequential,accepted archive mtime proxy
shard-005,3954,2026-09-14T16:44:47.536856+00:00,1.843369448617644,sequential,accepted archive mtime proxy
shard-004,3183,2026-09-14T16:47:13.805139+00:00,2.5794093069504016,sequential,accepted archive mtime proxy
shard-005,3955,2026-09-14T16:47:19.858283+00:00,2.4464770041658386,sequential,accepted archive mtime proxy
shard-005,3956,2026-09-14T16:48:20.821557+00:00,0.9052807145829623,sequential,accepted archive mtime proxy
shard-004,3184,2026-09-14T16:50:14.758155+00:00,2.9150619159666045,sequential,accepted archive mtime proxy
shard-005,3957,2026-09-14T16:50:21.362132+00:00,1.9095858666657781,sequential,accepted archive mtime proxy
shard-005,3958,2026-09-14T16:51:45.662015+00:00,1.3072330923653983,sequential,accepted archive mtime proxy
shard-004,3185,2026-09-14T16:52:13.485630+00:00,1.877422763199623,sequential,accepted archive mtime proxy
shard-005,3959,2026-09-14T16:52:36.806815+00:00,0.7536393027675028,sequential,accepted archive mtime proxy
shard-004,3186,2026-09-14T16:54:04.944576+00:00,1.7584474979162528,sequential,accepted archive mtime proxy
shard-005,3960,2026-09-14T16:54:09.844930+00:00,1.4569142861000728,sequential,accepted archive mtime proxy
shard-004,3187,2026-09-14T16:55:28.419059+00:00,1.290313646515521,sequential,accepted archive mtime proxy
shard-005,3961,2026-09-14T16:55:37.000064+00:00,1.3573999097163323,sequential,accepted archive mtime proxy
shard-004,3188,2026-09-14T16:55:59.809955+00:00,0.4353792055490582,sequential,accepted archive mtime proxy
shard-005,3962,2026-09-14T16:56:15.336313+00:00,0.5357443083349305,sequential,accepted archive mtime proxy
shard-005,3963,2026-09-14T16:58:19.294454+00:00,1.9604317006829661,sequential,accepted archive mtime proxy
shard-005,3964,2026-09-14T16:59:33.720334+00:00,1.1386071472331727,sequential,accepted archive mtime proxy
shard-005,3965,2026-09-14T17:00:48.443331+00:00,1.1388899812494249,sequential,accepted archive mtime proxy
shard-004,3189,2026-09-14T17:00:54.896039+00:00,4.823389178467915,sequential,accepted archive mtime proxy
shard-005,3966,2026-09-14T17:03:51.780209+00:00,2.948556849300318,sequential,accepted archive mtime proxy
shard-004,3190,2026-09-14T17:05:37.383711+00:00,4.60636713958423,sequential,accepted archive mtime proxy
shard-005,3967,2026-09-14T17:05:40.238821+00:00,1.7081698069504152,sequential,accepted archive mtime proxy
shard-005,3968,2026-09-14T17:08:38.666600+00:00,2.8644676972335827,sequential,accepted archive mtime proxy
shard-004,3191,2026-09-14T17:10:36.103287+00:00,4.889809970132774,sequential,accepted archive mtime proxy
shard-005,3969,2026-09-14T17:10:39.902962+00:00,1.925412402084718,sequential,accepted archive mtime proxy
shard-005,3970,2026-09-14T17:14:32.070299+00:00,3.767550071532605,sequential,accepted archive mtime proxy
shard-005,3971,2026-09-14T17:17:00.419139+00:00,2.3619152979168576,sequential,accepted archive mtime proxy
shard-005,3972,2026-09-14T17:18:49.339220+00:00,1.7075140861154068,sequential,accepted archive mtime proxy
shard-005,3973,2026-09-14T17:20:55.578125+00:00,1.9939101444324479,sequential,accepted archive mtime proxy
shard-005,3974,2026-09-14T17:23:46.408237+00:00,2.746521831251448,sequential,accepted archive mtime proxy
shard-005,3975,2026-09-14T17:28:39.663988+00:00,4.784457357633316,sequential,accepted archive mtime proxy
shard-005,3976,2026-09-14T17:30:31.423178+00:00,1.7449384014005773,sequential,accepted archive mtime proxy
shard-005,3977,2026-09-14T17:32:03.927898+00:00,1.444109672915268,sequential,accepted archive mtime proxy
shard-005,3978,2026-09-14T17:33:41.973073+00:00,1.51123868333331,sequential,accepted archive mtime proxy
shard-005,3979,2026-09-14T17:35:04.929507+00:00,1.2921507208336456,sequential,accepted archive mtime proxy
shard-005,3980,2026-09-14T17:37:25.667316+00:00,2.232322990283137,sequential,accepted archive mtime proxy
shard-004,3192,2026-09-14T17:38:18.575355+00:00,27.60131383124972,sequential,accepted archive mtime proxy
shard-005,3981,2026-09-14T17:38:35.087847+00:00,1.0425120618000316,sequential,accepted archive mtime proxy
shard-005,3982,2026-09-14T17:39:57.013344+00:00,1.259411125682527,sequential,accepted archive mtime proxy
shard-005,3983,2026-09-14T17:41:39.223970+00:00,1.5948296611158488,sequential,accepted archive mtime proxy
shard-005,3984,2026-09-14T17:42:46.674887+00:00,1.0063319395839547,sequential,accepted archive mtime proxy
shard-005,3985,2026-09-14T17:43:48.719687+00:00,0.9246130923662955,sequential,accepted archive mtime proxy
shard-005,3986,2026-09-14T17:45:05.547145+00:00,1.1760695027847154,sequential,accepted archive mtime proxy
shard-005,3987,2026-09-14T17:47:48.156751+00:00,2.6020062569490015,sequential,accepted archive mtime proxy
shard-005,3988,2026-09-14T17:49:37.811705+00:00,1.7120207229163498,sequential,accepted archive mtime proxy
shard-005,3989,2026-09-14T17:51:15.747066+00:00,1.5266330249995614,sequential,accepted archive mtime proxy
shard-004,3193,2026-09-14T17:53:03.799542+00:00,14.657000122915877,sequential,accepted archive mtime proxy
shard-005,3990,2026-09-14T17:53:09.581665+00:00,1.7763705722327965,sequential,accepted archive mtime proxy
shard-004,3194,2026-09-14T17:54:52.154563+00:00,1.7091431993001607,sequential,accepted archive mtime proxy
shard-005,3991,2026-09-14T17:55:03.648561+00:00,1.7930338513998625,sequential,accepted archive mtime proxy
shard-004,3195,2026-09-14T17:56:31.285947+00:00,1.5579028194323958,sequential,accepted archive mtime proxy
shard-005,3992,2026-09-14T17:56:51.304005+00:00,1.69229873958393,sequential,accepted archive mtime proxy
shard-004,3196,2026-09-14T17:58:43.337831+00:00,2.062418985417268,sequential,accepted archive mtime proxy
shard-005,3993,2026-09-14T17:59:01.488532+00:00,2.0279638645840654,sequential,accepted archive mtime proxy
shard-004,3197,2026-09-14T17:59:20.835239+00:00,0.519365959034379,sequential,accepted archive mtime proxy
shard-005,3994,2026-09-14T18:00:37.131852+00:00,1.4737252284675681,sequential,accepted archive mtime proxy
shard-004,3198,2026-09-14T18:00:53.234370+00:00,1.4410493632002424,sequential,accepted archive mtime proxy
shard-004,3199,2026-09-14T18:03:00.624801+00:00,2.0272808638828184,sequential,accepted archive mtime proxy
shard-005,3995,2026-09-14T18:03:13.493715+00:00,2.496146312499574,sequential,accepted archive mtime proxy
shard-004,3200,2026-09-14T18:03:53.847208+00:00,0.7869569805664166,sequential,accepted archive mtime proxy
shard-005,3996,2026-09-14T18:04:37.525961+00:00,1.290198874999381,sequential,accepted archive mtime proxy
shard-004,3201,2026-09-14T18:04:51.185697+00:00,0.8543299909681081,sequential,accepted archive mtime proxy
shard-005,3997,2026-09-14T18:06:03.436378+00:00,1.3068798930500634,sequential,accepted archive mtime proxy
shard-004,3202,2026-09-14T18:06:09.722506+00:00,1.2062137381833358,sequential,accepted archive mtime proxy
shard-005,3998,2026-09-14T18:08:06.247240+00:00,1.9441199548678318,sequential,accepted archive mtime proxy
shard-004,3203,2026-09-14T18:08:13.771572+00:00,1.97745357985065,sequential,accepted archive mtime proxy
shard-005,3999,2026-09-14T18:10:16.068417+00:00,2.0439885222159018,sequential,accepted archive mtime proxy
shard-004,3204,2026-09-14T18:10:18.532429+00:00,1.9773781041653515,sequential,accepted archive mtime proxy
shard-004,3205,2026-09-14T18:12:26.590433+00:00,2.0270128354177968,sequential,accepted archive mtime proxy
shard-005,4000,2026-09-14T18:12:34.895959+00:00,2.1945271784653113,sequential,accepted archive mtime proxy
shard-005,4001,2026-09-14T18:15:57.681483+00:00,3.265843950000514,sequential,accepted archive mtime proxy
shard-005,4002,2026-09-14T18:18:06.583665+00:00,2.043749594434242,sequential,accepted archive mtime proxy
shard-005,4003,2026-09-14T18:20:26.454819+00:00,2.1610591736156493,sequential,accepted archive mtime proxy
shard-004,3206,2026-09-14T18:22:35.458379+00:00,10.043292280548485,sequential,accepted archive mtime proxy
shard-005,4004,2026-09-14T18:23:26.164774+00:00,2.847288492366594,sequential,accepted archive mtime proxy
shard-004,3207,2026-09-14T18:24:25.520824+00:00,1.7418561270829136,sequential,accepted archive mtime proxy
shard-005,4005,2026-09-14T18:25:22.231946+00:00,1.825376910417496,sequential,accepted archive mtime proxy
shard-004,3208,2026-09-14T18:36:12.120477+00:00,11.66090161666701,sequential,accepted archive mtime proxy
shard-004,3209,2026-09-14T18:38:44.929539+00:00,2.4456117409669482,sequential,accepted archive mtime proxy
shard-004,3210,2026-09-14T18:40:40.349287+00:00,1.8255639756990907,sequential,accepted archive mtime proxy
shard-004,3211,2026-09-14T18:42:12.098750+00:00,1.4070839326498874,sequential,accepted archive mtime proxy
shard-004,3212,2026-09-14T18:43:40.264103+00:00,1.3735240999997282,sequential,accepted archive mtime proxy
shard-005,4006,2026-09-14T18:45:07.098639+00:00,19.618355677098346,sequential,accepted archive mtime proxy
shard-004,3213,2026-09-14T18:45:08.215717+00:00,1.240114425700934,sequential,accepted archive mtime proxy
shard-004,3214,2026-09-14T18:47:23.816657+00:00,2.1436750368001714,sequential,accepted archive mtime proxy
shard-004,3215,2026-09-14T18:49:02.880208+00:00,1.5065818215157682,sequential,accepted archive mtime proxy
shard-004,3216,2026-09-14T18:50:23.859316+00:00,1.2385274958331138,sequential,accepted archive mtime proxy
shard-004,3217,2026-09-14T18:52:52.079186+00:00,2.361271941665715,sequential,accepted archive mtime proxy
shard-004,3218,2026-09-14T18:54:59.478575+00:00,2.009308620132894,sequential,accepted archive mtime proxy
shard-004,3219,2026-09-14T19:27:50.952354+00:00,32.71781995833153,sequential,accepted archive mtime proxy
shard-004,3220,2026-09-14T19:30:55.216614+00:00,2.9668685222335625,sequential,accepted archive mtime proxy
shard-004,3221,2026-09-14T19:32:58.987416+00:00,1.9439488243175826,sequential,accepted archive mtime proxy
shard-004,3222,2026-09-14T19:34:32.505034+00:00,1.4565924354169206,sequential,accepted archive mtime proxy
shard-004,3223,2026-09-14T19:36:43.293718+00:00,2.060605627783419,sequential,accepted archive mtime proxy
shard-004,3224,2026-09-14T19:39:09.321226+00:00,2.3012496513993637,sequential,accepted archive mtime proxy
shard-004,3225,2026-09-14T19:41:23.737107+00:00,2.112263626382143,sequential,accepted archive mtime proxy
shard-004,3226,2026-09-14T19:43:03.723938+00:00,1.5579751527829406,sequential,accepted archive mtime proxy
shard-004,3227,2026-09-14T19:45:53.447378+00:00,2.6977058972154433,sequential,accepted archive mtime proxy
shard-004,3228,2026-09-14T19:49:20.203442+00:00,3.332582676400974,sequential,accepted archive mtime proxy
shard-004,3229,2026-09-14T19:52:37.363589+00:00,3.181180360416571,sequential,accepted archive mtime proxy
shard-004,3230,2026-09-14T19:54:53.746188+00:00,2.1440678791666867,sequential,accepted archive mtime proxy
shard-004,3231,2026-09-14T19:57:18.417208+00:00,2.294904270834134,sequential,accepted archive mtime proxy
shard-004,3232,2026-09-14T19:59:57.244120+00:00,2.5279975229156357,sequential,accepted archive mtime proxy
shard-004,3233,2026-09-14T20:03:16.310715+00:00,3.197418647216788,sequential,accepted archive mtime proxy
shard-004,3234,2026-09-14T20:06:04.486792+00:00,2.679163072217489,sequential,accepted archive mtime proxy
shard-004,3235,2026-09-14T20:07:40.802875+00:00,1.4907707826331413,sequential,accepted archive mtime proxy
shard-004,3236,2026-09-14T20:09:09.101610+00:00,1.356939061799009,sequential,accepted archive mtime proxy
shard-004,3237,2026-09-14T20:10:09.975259+00:00,0.8879452138828735,sequential,accepted archive mtime proxy
shard-004,3238,2026-09-14T20:11:31.460934+00:00,1.2383728256837154,sequential,accepted archive mtime proxy
shard-004,3239,2026-09-14T20:23:50.868082+00:00,12.193238953468002,sequential,accepted archive mtime proxy
shard-004,3240,2026-09-14T20:25:51.974140+00:00,1.9150066562501402,sequential,accepted archive mtime proxy
shard-004,3241,2026-09-14T20:27:36.258347+00:00,1.6118554999993648,sequential,accepted archive mtime proxy
shard-005,4007,2026-09-14T20:35:57.638306+00:00,110.71215267431883,sequential,accepted archive mtime proxy
shard-005,4008,2026-09-14T20:37:33.130223+00:00,1.4739833208344255,sequential,accepted archive mtime proxy
shard-004,3242,2026-09-14T20:40:21.573184+00:00,12.624883030568405,sequential,accepted archive mtime proxy
shard-004,3243,2026-09-14T20:43:02.954974+00:00,2.5138098735983174,sequential,accepted archive mtime proxy
shard-004,3244,2026-09-14T20:47:58.223959+00:00,4.79251317846744,sequential,accepted archive mtime proxy
shard-004,3245,2026-09-14T20:58:11.044271+00:00,10.080640670148812,sequential,accepted archive mtime proxy
shard-004,3246,2026-09-14T21:00:52.081638+00:00,2.5611037451347025,sequential,accepted archive mtime proxy
shard-004,3247,2026-09-14T21:03:35.054095+00:00,2.5628851229150316,sequential,accepted archive mtime proxy
shard-004,3249,2026-09-14T21:38:54.621638+00:00,3.1546771208328814,speculative,UTC-anchored advancement event
shard-004,3250,2026-09-14T21:40:36.620538+00:00,1.6940185354168837,speculative,UTC-anchored advancement event
shard-004,3251,2026-09-14T21:42:59.606685+00:00,2.3789246458327398,speculative,UTC-anchored advancement event
shard-005,4010,2026-09-14T21:45:34.471897+00:00,5.13214578195087,speculative,UTC-anchored advancement event
shard-004,3252,2026-09-14T21:45:42.498703+00:00,2.6978653680494364,speculative,UTC-anchored advancement event
shard-004,3253,2026-09-14T21:47:26.358690+00:00,1.7269379194496044,speculative,UTC-anchored advancement event
shard-005,4011,2026-09-14T21:47:29.936148+00:00,1.9195751715335063,speculative,UTC-anchored advancement event
shard-004,3254,2026-09-14T21:50:01.792289+00:00,2.5872616930515506,speculative,UTC-anchored advancement event
shard-004,3255,2026-09-14T21:51:55.072726+00:00,1.882152663200395,speculative,UTC-anchored advancement event
shard-005,4012,2026-09-14T21:52:32.461766+00:00,5.037920864584157,speculative,UTC-anchored advancement event
shard-004,3256,2026-09-14T21:54:02.446173+00:00,2.1073936354155496,speculative,UTC-anchored advancement event
shard-005,4013,2026-09-14T21:54:08.222473+00:00,1.5902570840339953,speculative,UTC-anchored advancement event
shard-005,4014,2026-09-14T21:57:46.768585+00:00,3.6382044972347405,speculative,UTC-anchored advancement event
shard-005,4015,2026-09-14T21:59:11.597184+00:00,1.4091423562495038,speculative,UTC-anchored advancement event
shard-004,3257,2026-09-14T22:00:32.090562+00:00,6.495243343749705,speculative,UTC-anchored advancement event
shard-005,4016,2026-09-14T22:00:46.077255+00:00,1.558071870834101,speculative,UTC-anchored advancement event
shard-005,4017,2026-09-14T22:02:21.720200+00:00,1.590211710417255,speculative,UTC-anchored advancement event
shard-005,4018,2026-09-14T22:05:46.266776+00:00,3.4027976055493734,speculative,UTC-anchored advancement event
shard-005,4019,2026-09-14T22:09:26.045178+00:00,3.6596906409831718,speculative,UTC-anchored advancement event
shard-005,4020,2026-09-14T22:13:57.089785+00:00,4.485401113884291,speculative,UTC-anchored advancement event
shard-004,3258,2026-09-14T22:15:33.626765+00:00,15.023444636798619,speculative,UTC-anchored advancement event
shard-005,4021,2026-09-14T22:17:08.882670+00:00,3.188755104849891,speculative,UTC-anchored advancement event
shard-004,3259,2026-09-14T22:19:41.397127+00:00,4.118491025001276,speculative,UTC-anchored advancement event
shard-005,4022,2026-09-14T22:19:54.061221+00:00,2.748209379167141,speculative,UTC-anchored advancement event
shard-005,4023,2026-09-14T22:21:59.141502+00:00,2.0659746756990596,speculative,UTC-anchored advancement event
shard-004,3260,2026-09-14T22:22:15.244741+00:00,2.5595047319501947,speculative,UTC-anchored advancement event
shard-005,4024,2026-09-14T22:24:12.097609+00:00,2.2113420756999402,speculative,UTC-anchored advancement event
shard-005,4025,2026-09-14T22:26:41.935097+00:00,2.4919747159661103,speculative,UTC-anchored advancement event
shard-005,4026,2026-09-14T22:29:49.299262+00:00,3.121082090266282,speculative,UTC-anchored advancement event
shard-005,4027,2026-09-14T22:32:07.700133+00:00,2.2925105104164687,speculative,UTC-anchored advancement event
shard-004,3261,2026-09-14T22:32:23.674174+00:00,10.142071789584588,speculative,UTC-anchored advancement event
shard-005,4028,2026-09-14T22:34:58.007080+00:00,2.829838678465846,speculative,UTC-anchored advancement event
shard-004,3262,2026-09-14T22:36:30.021042+00:00,4.095628803483366,speculative,UTC-anchored advancement event
shard-005,4029,2026-09-14T22:36:40.293075+00:00,1.6996540930490787,speculative,UTC-anchored advancement event
shard-004,3263,2026-09-14T22:38:31.058662+00:00,2.0129709638829807,speculative,UTC-anchored advancement event
shard-005,4030,2026-09-14T22:38:31.058662+00:00,1.8427908784826286,speculative,UTC-anchored advancement event
shard-005,4031,2026-09-14T22:39:50.304434+00:00,1.3008719583333004,speculative,UTC-anchored advancement event
shard-004,3265,2026-09-14T22:54:25.587583+00:00,0.9876238659666664,speculative,UTC-anchored advancement event
shard-004,3266,2026-09-14T22:55:29.540170+00:00,1.0735058854166653,speculative,UTC-anchored advancement event
shard-004,3267,2026-09-14T22:56:11.304977+00:00,0.6797960930500001,speculative,UTC-anchored advancement event
shard-004,3268,2026-09-14T22:56:50.192592+00:00,0.6437313465333337,speculative,UTC-anchored advancement event
shard-004,3269,2026-09-14T22:59:08.235077+00:00,2.296530270133333,speculative,UTC-anchored advancement event
shard-005,4033,2026-09-14T23:04:29.732134+00:00,13.187233647916665,speculative,UTC-anchored advancement event
shard-004,3270,2026-09-14T23:06:28.606955+00:00,7.339042593749999,speculative,UTC-anchored advancement event
shard-004,3271,2026-09-14T23:07:43.886246+00:00,1.2454730937500016,speculative,UTC-anchored advancement event
shard-005,4034,2026-09-14T23:11:06.716621+00:00,6.599424381933333,speculative,UTC-anchored advancement event
shard-004,3272,2026-09-14T23:11:49.160460+00:00,4.084768137500002,speculative,UTC-anchored advancement event
shard-004,3273,2026-09-14T23:15:40.393848+00:00,3.845384206249999,speculative,UTC-anchored advancement event
shard-004,3274,2026-09-14T23:17:54.664597+00:00,2.2213177611166657,speculative,UTC-anchored advancement event
shard-004,3275,2026-09-14T23:19:53.700794+00:00,1.9786622062500026,speculative,UTC-anchored advancement event
shard-005,4035,2026-09-14T23:20:44.041170+00:00,9.615369815966668,speculative,UTC-anchored advancement event
shard-005,4036,2026-09-14T23:23:35.362566+00:00,2.8468196034666637,speculative,UTC-anchored advancement event
shard-004,3276,2026-09-14T23:23:49.639356+00:00,3.924811241666665,speculative,UTC-anchored advancement event
shard-004,3277,2026-09-14T23:25:21.721273+00:00,1.543645790966669,speculative,UTC-anchored advancement event
shard-005,4037,2026-09-14T23:26:22.873292+00:00,2.786181257649999,speculative,UTC-anchored advancement event
shard-004,3278,2026-09-14T23:26:37.097428+00:00,1.2365996791666702,speculative,UTC-anchored advancement event
shard-004,3279,2026-09-14T23:27:43.545108+00:00,1.1022947659833335,speculative,UTC-anchored advancement event
shard-005,4038,2026-09-14T23:28:00.720890+00:00,1.6260998138833354,speculative,UTC-anchored advancement event
shard-005,4039,2026-09-14T23:28:42.396041+00:00,0.6900964750000033,speculative,UTC-anchored advancement event
shard-004,3280,2026-09-14T23:28:57.336471+00:00,1.2240686722333294,speculative,UTC-anchored advancement event
shard-005,4040,2026-09-14T23:29:20.703217+00:00,0.6318815319499966,speculative,UTC-anchored advancement event
shard-005,4041,2026-09-14T23:30:01.146553+00:00,0.6694827055499976,speculative,UTC-anchored advancement event
shard-005,4042,2026-09-14T23:31:22.440872+00:00,1.351198831949993,speculative,UTC-anchored advancement event
shard-004,3281,2026-09-14T23:31:34.083998+00:00,2.5919567610999974,speculative,UTC-anchored advancement event
shard-005,4043,2026-09-14T23:33:10.731663+00:00,1.7988371340333287,speculative,UTC-anchored advancement event
shard-004,3282,2026-09-14T23:33:24.819573+00:00,1.841171482633331,speculative,UTC-anchored advancement event
shard-004,3283,2026-09-14T23:35:26.323966+00:00,1.9951897548666617,speculative,UTC-anchored advancement event
shard-005,4044,2026-09-14T23:35:29.971306+00:00,2.3147697312499984,speculative,UTC-anchored advancement event
shard-005,4045,2026-09-14T23:37:58.502485+00:00,2.470941558333334,speculative,UTC-anchored advancement event
shard-004,3284,2026-09-14T23:38:07.887056+00:00,2.6873751701333353,speculative,UTC-anchored advancement event
shard-005,4046,2026-09-14T23:39:01.981643+00:00,1.0533064958333398,speculative,UTC-anchored advancement event
shard-005,4047,2026-09-14T23:39:41.927321+00:00,0.6610883534666679,speculative,UTC-anchored advancement event
shard-004,3285,2026-09-14T23:39:46.241629+00:00,1.633493550683329,speculative,UTC-anchored advancement event
shard-004,3286,2026-09-14T23:40:08.806731+00:00,0.37137667221666104,speculative,UTC-anchored advancement event
shard-005,4048,2026-09-14T23:40:28.034818+00:00,0.7521268132000007,speculative,UTC-anchored advancement event
shard-004,3287,2026-09-14T23:40:54.022864+00:00,0.7486567659666662,speculative,UTC-anchored advancement event
shard-005,4049,2026-09-14T23:41:21.036794+00:00,0.8784413687500016,speculative,UTC-anchored advancement event
shard-005,4050,2026-09-14T23:42:09.660405+00:00,0.8057992590333318,speculative,UTC-anchored advancement event
shard-005,4051,2026-09-14T23:42:47.692579+00:00,0.6196490632000026,speculative,UTC-anchored advancement event
shard-005,4052,2026-09-14T23:43:17.256279+00:00,0.4880186333333389,speculative,UTC-anchored advancement event
shard-004,3288,2026-09-14T23:43:28.731355+00:00,2.5738413937499973,speculative,UTC-anchored advancement event
shard-005,4053,2026-09-14T23:43:51.462504+00:00,0.5653947117999981,speculative,UTC-anchored advancement event
shard-005,4054,2026-09-14T23:44:21.886260+00:00,0.5022161319500053,speculative,UTC-anchored advancement event
shard-004,3289,2026-09-14T23:44:23.270395+00:00,0.9041400437499988,speculative,UTC-anchored advancement event
shard-005,4055,2026-09-14T23:45:32.908172+00:00,1.1789324298666695,speculative,UTC-anchored advancement event
shard-005,4056,2026-09-14T23:46:57.899640+00:00,1.398980259733336,speculative,UTC-anchored advancement event
shard-005,4057,2026-09-14T23:47:28.621673+00:00,0.5066416625000026,speculative,UTC-anchored advancement event
shard-005,4058,2026-09-14T23:48:24.010286+00:00,0.9179354548666652,speculative,UTC-anchored advancement event
shard-004,3290,2026-09-14T23:48:39.284728+00:00,4.262072249299998,speculative,UTC-anchored advancement event
shard-004,3291,2026-09-14T23:49:18.046643+00:00,0.6409723465333325,speculative,UTC-anchored advancement event
shard-005,4059,2026-09-14T23:49:50.255858+00:00,1.4320723395833284,speculative,UTC-anchored advancement event
shard-004,3292,2026-09-14T23:50:14.499958+00:00,0.9354940604166662,speculative,UTC-anchored advancement event
shard-005,4060,2026-09-14T23:50:38.699713+00:00,0.7896152687500034,speculative,UTC-anchored advancement event
shard-004,3293,2026-09-14T23:51:28.999246+00:00,1.236565417350001,speculative,UTC-anchored advancement event
shard-005,4061,2026-09-14T23:51:32.717710+00:00,0.8952254416666695,speculative,UTC-anchored advancement event
shard-005,4062,2026-09-14T23:52:07.084219+00:00,0.5678158243000022,speculative,UTC-anchored advancement event
shard-004,3294,2026-09-14T23:52:08.461328+00:00,0.6518599319500027,speculative,UTC-anchored advancement event
shard-005,4063,2026-09-14T23:52:52.952279+00:00,0.7601500319333354,speculative,UTC-anchored advancement event
shard-004,3295,2026-09-14T23:53:00.072114+00:00,0.8432625493000008,speculative,UTC-anchored advancement event
shard-005,4064,2026-09-14T23:53:31.971402+00:00,0.6436014208333442,speculative,UTC-anchored advancement event
shard-004,3296,2026-09-14T23:53:46.861567+00:00,0.7749444375000015,speculative,UTC-anchored advancement event
shard-005,4065,2026-09-14T23:54:12.100850+00:00,0.664273159033337,speculative,UTC-anchored advancement event
shard-004,3297,2026-09-14T23:54:34.023014+00:00,0.7803541736166759,speculative,UTC-anchored advancement event
shard-005,4066,2026-09-14T23:54:54.480450+00:00,0.7006776875000014,speculative,UTC-anchored advancement event
shard-004,3298,2026-09-14T23:55:15.226661+00:00,0.6693701437499991,speculative,UTC-anchored advancement event
shard-005,4067,2026-09-14T23:55:41.593537+00:00,0.7801501541666614,speculative,UTC-anchored advancement event
shard-004,3299,2026-09-14T23:56:07.162934+00:00,0.8607601222166674,speculative,UTC-anchored advancement event
shard-005,4068,2026-09-14T23:56:24.096898+00:00,0.7026249666666596,speculative,UTC-anchored advancement event
shard-004,3300,2026-09-14T23:56:57.651473+00:00,0.8363326249999924,speculative,UTC-anchored advancement event
shard-005,4069,2026-09-14T23:56:57.651473+00:00,0.5553590069500084,speculative,UTC-anchored advancement event
shard-004,3301,2026-09-14T23:57:35.987350+00:00,0.6197538875000039,speculative,UTC-anchored advancement event
shard-005,4070,2026-09-14T23:57:47.523014+00:00,0.8107204708333332,speculative,UTC-anchored advancement event
shard-004,3302,2026-09-14T23:58:18.163332+00:00,0.698045786816662,speculative,UTC-anchored advancement event
shard-005,4071,2026-09-14T23:58:26.342946+00:00,0.6419972263833339,speculative,UTC-anchored advancement event
shard-004,3303,2026-09-14T23:58:53.704866+00:00,0.587125749316677,speculative,UTC-anchored advancement event
shard-005,4072,2026-09-14T23:59:05.101231+00:00,0.6534818777833455,speculative,UTC-anchored advancement event
shard-004,3304,2026-09-15T00:00:06.394823+00:00,1.2074552527833324,speculative,UTC-anchored advancement event
shard-005,4073,2026-09-15T00:00:07.901244+00:00,1.0288884291666667,speculative,UTC-anchored advancement event
shard-005,4074,2026-09-15T00:00:46.723079+00:00,0.6422345479166628,speculative,UTC-anchored advancement event
shard-005,4075,2026-09-15T00:01:33.596251+00:00,0.775586694449991,speculative,UTC-anchored advancement event
shard-005,4076,2026-09-15T00:02:01.135999+00:00,0.4533001569499902,speculative,UTC-anchored advancement event
shard-004,3305,2026-09-15T00:02:02.596003+00:00,1.9302506756833282,speculative,UTC-anchored advancement event
shard-004,3306,2026-09-15T00:02:57.771683+00:00,0.9009633180500107,speculative,UTC-anchored advancement event
shard-004,3307,2026-09-15T00:03:44.833642+00:00,0.7796758145833337,speculative,UTC-anchored advancement event
shard-004,3308,2026-09-15T00:04:19.288477+00:00,0.5683331020833369,speculative,UTC-anchored advancement event
shard-004,3309,2026-09-15T00:04:47.038685+00:00,0.4576445131833225,speculative,UTC-anchored advancement event
shard-004,3310,2026-09-15T00:05:33.097406+00:00,0.7626856159666658,speculative,UTC-anchored advancement event
shard-004,3311,2026-09-15T00:06:35.213230+00:00,1.0303002020833447,speculative,UTC-anchored advancement event
shard-005,4077,2026-09-15T00:10:48.794778+00:00,8.79604185486666,speculative,UTC-anchored advancement event
shard-005,4078,2026-09-15T00:11:20.238701+00:00,0.5129108048666694,speculative,UTC-anchored advancement event
shard-005,4079,2026-09-15T00:11:55.192407+00:00,0.5774918916666593,speculative,UTC-anchored advancement event
shard-005,4080,2026-09-15T00:12:29.653948+00:00,0.5689577833333411,speculative,UTC-anchored advancement event
shard-004,3312,2026-09-15T00:13:08.731744+00:00,6.543327026400008,speculative,UTC-anchored advancement event
shard-005,4081,2026-09-15T00:13:30.905769+00:00,1.0156508166666602,speculative,UTC-anchored advancement event
shard-005,4082,2026-09-15T00:16:08.171929+00:00,2.6156997541666747,speculative,UTC-anchored advancement event
shard-004,3313,2026-09-15T00:16:21.137914+00:00,3.1859848027666735,speculative,UTC-anchored advancement event
shard-005,4083,2026-09-15T00:16:47.890368+00:00,0.6556852312500117,speculative,UTC-anchored advancement event
shard-004,3314,2026-09-15T00:16:52.728225+00:00,0.5216247173499899,speculative,UTC-anchored advancement event
shard-005,4084,2026-09-15T00:17:27.705754+00:00,0.658613465966664,speculative,UTC-anchored advancement event
shard-004,3315,2026-09-15T00:17:31.496355+00:00,0.6575162097166716,speculative,UTC-anchored advancement event
shard-004,3316,2026-09-15T00:18:07.682790+00:00,0.5804797034833428,speculative,UTC-anchored advancement event
shard-004,3317,2026-09-15T00:19:26.793481+00:00,1.3132943257000078,speculative,UTC-anchored advancement event
shard-005,4085,2026-09-15T00:19:30.472722+00:00,2.0397880013833403,speculative,UTC-anchored advancement event
shard-005,4086,2026-09-15T00:20:28.611216+00:00,0.9641503062500002,speculative,UTC-anchored advancement event
shard-004,3318,2026-09-15T00:20:32.398410+00:00,1.0881303861166696,speculative,UTC-anchored advancement event
shard-005,4087,2026-09-15T00:21:13.973943+00:00,0.7498982256833188,speculative,UTC-anchored advancement event
shard-004,3319,2026-09-15T00:21:16.251607+00:00,0.7243553263833291,speculative,UTC-anchored advancement event
shard-005,4088,2026-09-15T00:21:53.341956+00:00,0.6371280791666626,speculative,UTC-anchored advancement event
shard-004,3320,2026-09-15T00:22:07.299870+00:00,0.8450331826333392,speculative,UTC-anchored advancement event
shard-005,4089,2026-09-15T00:22:26.859278+00:00,0.5536474777833367,speculative,UTC-anchored advancement event
shard-004,3321,2026-09-15T00:22:41.050810+00:00,0.5572874812500079,speculative,UTC-anchored advancement event
shard-005,4090,2026-09-15T00:22:56.148303+00:00,0.48241258333332554,speculative,UTC-anchored advancement event
shard-004,3322,2026-09-15T00:23:08.919890+00:00,0.4585921430499942,speculative,UTC-anchored advancement event
shard-004,3323,2026-09-15T00:23:54.092609+00:00,0.7483592319499924,speculative,UTC-anchored advancement event
shard-005,4091,2026-09-15T00:24:25.777587+00:00,1.473831254166665,speculative,UTC-anchored advancement event
shard-004,3324,2026-09-15T00:24:38.790147+00:00,0.7374578854166581,speculative,UTC-anchored advancement event
shard-004,3325,2026-09-15T00:25:28.783503+00:00,0.826045068066666,speculative,UTC-anchored advancement event
shard-005,4092,2026-09-15T00:26:01.510940+00:00,1.5894240944333282,speculative,UTC-anchored advancement event
shard-005,4093,2026-09-15T00:27:00.905595+00:00,0.9658539006833355,speculative,UTC-anchored advancement event
shard-004,3326,2026-09-15T00:27:02.306245+00:00,1.5528501965333361,speculative,UTC-anchored advancement event
shard-004,3327,2026-09-15T00:28:31.167004+00:00,1.477125108333333,speculative,UTC-anchored advancement event
shard-005,4094,2026-09-15T00:28:33.916778+00:00,1.5453213507000025,speculative,UTC-anchored advancement event
shard-005,4095,2026-09-15T00:29:33.630673+00:00,0.9904205583333351,speculative,UTC-anchored advancement event
shard-004,3328,2026-09-15T00:30:33.618418+00:00,2.0325934104166663,speculative,UTC-anchored advancement event
shard-005,4096,2026-09-15T00:31:02.983720+00:00,1.4956516833333353,speculative,UTC-anchored advancement event
shard-004,3329,2026-09-15T00:32:06.485513+00:00,1.5411891145833276,speculative,UTC-anchored advancement event
shard-004,3330,2026-09-15T00:33:29.524472+00:00,1.3800710104166682,speculative,UTC-anchored advancement event
shard-004,3331,2026-09-15T00:35:13.522907+00:00,1.7249597492999935,speculative,UTC-anchored advancement event
shard-005,4097,2026-09-15T00:36:42.312765+00:00,5.643421691666678,speculative,UTC-anchored advancement event
shard-004,3332,2026-09-15T00:36:46.230701+00:00,1.5395073965166526,speculative,UTC-anchored advancement event
shard-004,3333,2026-09-15T00:37:20.632726+00:00,0.5831311006999992,speculative,UTC-anchored advancement event
shard-005,4098,2026-09-15T00:37:32.188315+00:00,0.8215535562500008,speculative,UTC-anchored advancement event
shard-005,4099,2026-09-15T00:38:16.222136+00:00,0.7285771486166596,speculative,UTC-anchored advancement event
shard-005,4100,2026-09-15T00:39:45.709743+00:00,1.4862173472333475,speculative,UTC-anchored advancement event
shard-004,3334,2026-09-15T00:40:42.583644+00:00,3.344496470833337,speculative,UTC-anchored advancement event
shard-005,4101,2026-09-15T00:40:42.583644+00:00,0.9431314916666754,speculative,UTC-anchored advancement event
shard-005,4102,2026-09-15T00:41:27.388701+00:00,0.7497086708333275,speculative,UTC-anchored advancement event
shard-004,3335,2026-09-15T00:41:35.507320+00:00,0.8721518659666647,speculative,UTC-anchored advancement event
shard-005,4103,2026-09-15T00:42:17.189311+00:00,0.8084710514000107,speculative,UTC-anchored advancement event
shard-004,3336,2026-09-15T00:43:17.221471+00:00,1.689546613183332,speculative,UTC-anchored advancement event
shard-005,4104,2026-09-15T00:44:16.632403+00:00,1.9854262118166692,speculative,UTC-anchored advancement event
shard-005,4105,2026-09-15T00:45:06.901592+00:00,0.8324658034666602,speculative,UTC-anchored advancement event
shard-005,4106,2026-09-15T00:45:43.723774+00:00,0.608530463883335,speculative,UTC-anchored advancement event
shard-005,4107,2026-09-15T00:46:17.219904+00:00,0.5409089437499915,speculative,UTC-anchored advancement event
shard-005,4108,2026-09-15T00:46:50.068559+00:00,0.5421730243000032,speculative,UTC-anchored advancement event
shard-005,4109,2026-09-15T00:47:20.657759+00:00,0.5045302867999908,speculative,UTC-anchored advancement event
shard-005,4110,2026-09-15T00:48:55.336486+00:00,1.5728935458333428,speculative,UTC-anchored advancement event
shard-005,4111,2026-09-15T00:49:34.052082+00:00,0.6379715423500026,speculative,UTC-anchored advancement event
shard-005,4112,2026-09-15T00:50:14.640370+00:00,0.6839456166666726,speculative,UTC-anchored advancement event
shard-005,4113,2026-09-15T00:50:50.625552+00:00,0.5811643500000021,speculative,UTC-anchored advancement event
shard-005,4114,2026-09-15T00:51:28.292743+00:00,0.6220021256999947,speculative,UTC-anchored advancement event
shard-005,4115,2026-09-15T00:52:14.881133+00:00,0.7705206638833261,speculative,UTC-anchored advancement event
shard-005,4116,2026-09-15T00:53:12.179898+00:00,0.9495653736166635,speculative,UTC-anchored advancement event
shard-005,4117,2026-09-15T00:54:16.996708+00:00,1.0748448861166555,speculative,UTC-anchored advancement event
shard-005,4118,2026-09-15T00:55:11.200807+00:00,0.8979438930500085,speculative,UTC-anchored advancement event
shard-005,4119,2026-09-15T00:55:59.818049+00:00,0.8044333986166596,speculative,UTC-anchored advancement event
shard-005,4120,2026-09-15T00:56:43.661113+00:00,0.7250764312499995,speculative,UTC-anchored advancement event
shard-005,4121,2026-09-15T00:57:30.846990+00:00,0.7810238388833265,speculative,UTC-anchored advancement event
shard-005,4122,2026-09-15T00:58:02.532354+00:00,0.5224344458333386,speculative,UTC-anchored advancement event
shard-005,4123,2026-09-15T00:58:26.425374+00:00,0.39271710346667227,speculative,UTC-anchored advancement event
shard-005,4124,2026-09-15T00:58:57.071470+00:00,0.518531661800004,speculative,UTC-anchored advancement event
shard-005,4125,2026-09-15T00:59:23.208525+00:00,0.41655343888332935,speculative,UTC-anchored advancement event
shard-005,4126,2026-09-15T01:00:12.595745+00:00,0.8161380715333356,speculative,UTC-anchored advancement event
shard-004,3337,2026-09-15T01:00:26.356168+00:00,17.152277527783326,speculative,UTC-anchored advancement event
shard-005,4127,2026-09-15T01:01:45.747350+00:00,1.5468735298666616,speculative,UTC-anchored advancement event
shard-004,3338,2026-09-15T01:02:23.635174+00:00,1.9457065694500064,speculative,UTC-anchored advancement event
shard-005,4128,2026-09-15T01:02:32.466387+00:00,0.7732399007000216,speculative,UTC-anchored advancement event
shard-005,4129,2026-09-15T01:03:28.893182+00:00,0.9352529152666648,speculative,UTC-anchored advancement event
shard-005,4130,2026-09-15T01:03:53.904895+00:00,0.4113761958333271,speculative,UTC-anchored advancement event
shard-005,4131,2026-09-15T01:04:17.572370+00:00,0.3891667888833581,speculative,UTC-anchored advancement event
shard-005,4132,2026-09-15T01:04:41.134278+00:00,0.3874341368000084,speculative,UTC-anchored advancement event
shard-005,4133,2026-09-15T01:05:33.465104+00:00,0.867033329166649,speculative,UTC-anchored advancement event
shard-005,4134,2026-09-15T01:05:58.168261+00:00,0.40645022848333007,speculative,UTC-anchored advancement event
shard-004,3339,2026-09-15T01:06:00.315176+00:00,3.5946317104166763,speculative,UTC-anchored advancement event
shard-005,4135,2026-09-15T01:06:22.013495+00:00,0.3804222326500167,speculative,UTC-anchored advancement event
shard-005,4136,2026-09-15T01:07:09.616840+00:00,0.7881020597166449,speculative,UTC-anchored advancement event
shard-004,3340,2026-09-15T01:07:16.657554+00:00,1.267321545833329,speculative,UTC-anchored advancement event
shard-005,4137,2026-09-15T01:07:41.614749+00:00,0.52766742361664,speculative,UTC-anchored advancement event
shard-004,3341,2026-09-15T01:07:55.339920+00:00,0.6388771895833391,speculative,UTC-anchored advancement event
shard-005,4138,2026-09-15T01:08:06.509704+00:00,0.4095997312500003,speculative,UTC-anchored advancement event
shard-005,4139,2026-09-15T01:08:51.830379+00:00,0.7498635847166649,speculative,UTC-anchored advancement event
shard-004,3342,2026-09-15T01:09:21.307008+00:00,1.4149522479166687,speculative,UTC-anchored advancement event
shard-005,4140,2026-09-15T01:09:31.645913+00:00,0.6581196701333283,speculative,UTC-anchored advancement event
shard-004,3343,2026-09-15T01:09:47.732727+00:00,0.43516062846665593,speculative,UTC-anchored advancement event
shard-004,3344,2026-09-15T01:10:15.935707+00:00,0.4644777507000072,speculative,UTC-anchored advancement event
shard-005,4141,2026-09-15T01:10:21.490030+00:00,0.825002481249976,speculative,UTC-anchored advancement event
shard-004,3345,2026-09-15T01:10:47.660525+00:00,0.5108412604166612,speculative,UTC-anchored advancement event
shard-005,4142,2026-09-15T01:11:04.840680+00:00,0.7171689909666686,speculative,UTC-anchored advancement event
shard-005,4143,2026-09-15T01:11:35.162063+00:00,0.5000306145833444,speculative,UTC-anchored advancement event
shard-004,3346,2026-09-15T01:11:37.699229+00:00,0.8284580027666683,speculative,UTC-anchored advancement event
shard-004,3347,2026-09-15T01:12:22.221356+00:00,0.7367735750000065,speculative,UTC-anchored advancement event
shard-004,3348,2026-09-15T01:12:55.697075+00:00,0.5527545416666726,speculative,UTC-anchored advancement event
shard-005,4144,2026-09-15T01:13:06.825683+00:00,1.5224928715333286,speculative,UTC-anchored advancement event
shard-004,3349,2026-09-15T01:13:27.348349+00:00,0.5099567263833402,speculative,UTC-anchored advancement event
shard-005,4145,2026-09-15T01:13:29.910640+00:00,0.3794966465166605,speculative,UTC-anchored advancement event
shard-005,4146,2026-09-15T01:13:56.106159+00:00,0.43125965070000044,speculative,UTC-anchored advancement event
shard-004,3350,2026-09-15T01:13:59.801797+00:00,0.5354359291666697,speculative,UTC-anchored advancement event
shard-005,4147,2026-09-15T01:14:32.622459+00:00,0.6030485430666582,speculative,UTC-anchored advancement event
shard-005,4148,2026-09-15T01:14:59.279347+00:00,0.42929393056668536,speculative,UTC-anchored advancement event
shard-005,4149,2026-09-15T01:15:26.433840+00:00,0.44707730346666114,speculative,UTC-anchored advancement event
shard-005,4150,2026-09-15T01:15:52.527473+00:00,0.42945886249999604,speculative,UTC-anchored advancement event
shard-005,4151,2026-09-15T01:16:16.372546+00:00,0.3918319499999901,speculative,UTC-anchored advancement event
shard-005,4152,2026-09-15T01:16:51.409086+00:00,0.5783376500000182,speculative,UTC-anchored advancement event
shard-004,3351,2026-09-15T01:17:39.923543+00:00,3.6639095437499845,speculative,UTC-anchored advancement event
shard-005,4153,2026-09-15T01:17:39.923543+00:00,0.804865184716679,speculative,UTC-anchored advancement event
shard-005,4154,2026-09-15T01:18:12.621435+00:00,0.5238719972333457,speculative,UTC-anchored advancement event
shard-004,3352,2026-09-15T01:18:28.613624+00:00,0.7920876125000177,speculative,UTC-anchored advancement event
shard-005,4155,2026-09-15T01:18:39.004702+00:00,0.4342163375000079,speculative,UTC-anchored advancement event
shard-005,4156,2026-09-15T01:19:20.739530+00:00,0.6901389763833322,speculative,UTC-anchored advancement event
shard-004,3353,2026-09-15T01:19:42.345687+00:00,1.2232186840333574,speculative,UTC-anchored advancement event
shard-005,4157,2026-09-15T01:20:12.915884+00:00,0.8642539507000038,speculative,UTC-anchored advancement event
shard-004,3354,2026-09-15T01:20:22.896617+00:00,0.6705348389000089,speculative,UTC-anchored advancement event
shard-004,3355,2026-09-15T01:21:20.746946+00:00,0.9586316208333301,speculative,UTC-anchored advancement event
shard-005,4158,2026-09-15T01:21:51.306679+00:00,1.6230350389000099,speculative,UTC-anchored advancement event
shard-004,3356,2026-09-15T01:21:52.757171+00:00,0.5278006951333131,speculative,UTC-anchored advancement event
shard-004,3357,2026-09-15T01:22:19.949269+00:00,0.4479142382000039,speculative,UTC-anchored advancement event
shard-005,4159,2026-09-15T01:22:27.003246+00:00,0.5895702548666729,speculative,UTC-anchored advancement event
shard-005,4160,2026-09-15T01:23:03.799861+00:00,0.5982249145833217,speculative,UTC-anchored advancement event
shard-005,4161,2026-09-15T01:23:35.516608+00:00,0.5228396041666504,speculative,UTC-anchored advancement event
shard-005,4162,2026-09-15T01:24:00.496439+00:00,0.4106659048666794,speculative,UTC-anchored advancement event
shard-005,4163,2026-09-15T01:24:54.638061+00:00,0.8966862652833394,speculative,UTC-anchored advancement event
shard-005,4164,2026-09-15T01:25:35.228659+00:00,0.6708700208333236,speculative,UTC-anchored advancement event
shard-005,4165,2026-09-15T01:26:49.389772+00:00,1.230499113883343,speculative,UTC-anchored advancement event
shard-004,3358,2026-09-15T01:27:26.633001+00:00,5.115301456249987,speculative,UTC-anchored advancement event
shard-004,3359,2026-09-15T01:28:06.760724+00:00,0.6533267270833373,speculative,UTC-anchored advancement event
shard-005,4166,2026-09-15T01:28:12.691688+00:00,1.382973059716672,speculative,UTC-anchored advancement event
shard-004,3360,2026-09-15T01:28:38.788313+00:00,0.5282057993000004,speculative,UTC-anchored advancement event
shard-005,4167,2026-09-15T01:28:52.576773+00:00,0.6593825833333237,speculative,UTC-anchored advancement event
shard-005,4168,2026-09-15T01:29:34.403640+00:00,0.6914012284666569,speculative,UTC-anchored advancement event
shard-005,4169,2026-09-15T01:30:19.585201+00:00,0.7472913180500048,speculative,UTC-anchored advancement event
shard-005,4170,2026-09-15T01:42:35.509591+00:00,12.249124100000001,speculative,UTC-anchored advancement event
shard-005,4171,2026-09-15T01:43:48.086745+00:00,1.2020675263833558,speculative,UTC-anchored advancement event
shard-004,3361,2026-09-15T01:44:11.990005+00:00,15.55280642848332,speculative,UTC-anchored advancement event
shard-005,4172,2026-09-15T01:44:28.037184+00:00,0.6598345736166569,speculative,UTC-anchored advancement event
shard-005,4173,2026-09-15T01:44:57.080888+00:00,0.47832127361665094,speculative,UTC-anchored advancement event
shard-005,4174,2026-09-15T01:45:48.420844+00:00,0.8378708666666778,speculative,UTC-anchored advancement event
shard-005,4175,2026-09-15T01:46:31.279095+00:00,0.7084550902833446,speculative,UTC-anchored advancement event
shard-005,4176,2026-09-15T01:47:00.744854+00:00,0.4853812020833175,speculative,UTC-anchored advancement event
shard-005,4177,2026-09-15T01:48:53.193431+00:00,1.8870894041666664,speculative,UTC-anchored advancement event
shard-005,4178,2026-09-15T01:52:01.294521+00:00,3.11008794445,speculative,UTC-anchored advancement event
shard-005,4179,2026-09-15T01:52:58.009287+00:00,0.9374796069333267,speculative,UTC-anchored advancement event
shard-004,3362,2026-09-15T01:53:27.719152+00:00,9.252738570833328,speculative,UTC-anchored advancement event
shard-004,3363,2026-09-15T01:54:17.598779+00:00,0.8255307882000125,speculative,UTC-anchored advancement event
shard-004,3364,2026-09-15T01:55:24.654106+00:00,1.1119133048500165,speculative,UTC-anchored advancement event
shard-005,4180,2026-09-15T01:55:39.687221+00:00,2.6760129215333412,speculative,UTC-anchored advancement event
shard-004,3365,2026-09-15T01:55:59.279987+00:00,0.5713594777833351,speculative,UTC-anchored advancement event
shard-004,3366,2026-09-15T01:56:28.962390+00:00,0.4886849743166749,speculative,UTC-anchored advancement event
shard-004,3367,2026-09-15T01:57:01.471844+00:00,0.526664926383334,speculative,UTC-anchored advancement event
shard-004,3368,2026-09-15T01:57:34.571033+00:00,0.5456158340166742,speculative,UTC-anchored advancement event
shard-004,3369,2026-09-15T01:58:07.637983+00:00,0.545269558333348,speculative,UTC-anchored advancement event
shard-004,3370,2026-09-15T01:58:42.982025+00:00,0.5832635298666597,speculative,UTC-anchored advancement event
shard-004,3371,2026-09-15T01:59:16.092380+00:00,0.5459766138833402,speculative,UTC-anchored advancement event
shard-004,3372,2026-09-15T01:59:51.415482+00:00,0.5828239055666624,speculative,UTC-anchored advancement event
shard-005,4181,2026-09-15T02:00:16.600063+00:00,4.618986273616671,speculative,UTC-anchored advancement event
shard-004,3373,2026-09-15T02:00:40.111310+00:00,0.8056064402833424,speculative,UTC-anchored advancement event
shard-005,4182,2026-09-15T02:00:52.900105+00:00,0.5893796659666805,speculative,UTC-anchored advancement event
shard-004,3374,2026-09-15T02:01:13.595041+00:00,0.5521188257000176,speculative,UTC-anchored advancement event
shard-005,4183,2026-09-15T02:01:30.872288+00:00,0.6267435909833087,speculative,UTC-anchored advancement event
shard-004,3375,2026-09-15T02:01:52.648940+00:00,0.6449845854166597,speculative,UTC-anchored advancement event
shard-005,4184,2026-09-15T02:02:06.513370+00:00,0.5879985229166778,speculative,UTC-anchored advancement event
shard-005,4185,2026-09-15T02:02:36.805040+00:00,0.4892772368166637,speculative,UTC-anchored advancement event
shard-004,3376,2026-09-15T02:02:41.685903+00:00,0.8114416499999909,speculative,UTC-anchored advancement event
shard-005,4186,2026-09-15T02:03:06.885489+00:00,0.49540175554999827,speculative,UTC-anchored advancement event
shard-004,3377,2026-09-15T02:03:17.412813+00:00,0.589741326383349,speculative,UTC-anchored advancement event
shard-005,4187,2026-09-15T02:03:51.605391+00:00,0.7393486499999805,speculative,UTC-anchored advancement event
shard-004,3378,2026-09-15T02:04:02.085517+00:00,0.7386655020833435,speculative,UTC-anchored advancement event
shard-004,3379,2026-09-15T02:04:27.905373+00:00,0.4148477854166837,speculative,UTC-anchored advancement event
shard-005,4188,2026-09-15T02:04:31.662942+00:00,0.6616530534666708,speculative,UTC-anchored advancement event
shard-005,4189,2026-09-15T02:05:07.037586+00:00,0.5837920347166498,speculative,UTC-anchored advancement event
shard-004,3380,2026-09-15T02:05:18.673443+00:00,0.8400582277833261,speculative,UTC-anchored advancement event
shard-005,4190,2026-09-15T02:06:01.977965+00:00,0.9097648618000069,speculative,UTC-anchored advancement event
shard-004,3381,2026-09-15T02:06:14.753962+00:00,0.9286995437500082,speculative,UTC-anchored advancement event
shard-004,3382,2026-09-15T02:06:41.101878+00:00,0.44268829166667273,speculative,UTC-anchored advancement event
shard-005,4191,2026-09-15T02:06:48.821533+00:00,0.7746954326333253,speculative,UTC-anchored advancement event
shard-005,4192,2026-09-15T02:07:26.431777+00:00,0.6210316340333217,speculative,UTC-anchored advancement event
shard-004,3383,2026-09-15T02:08:35.627380+00:00,1.8931913729166505,speculative,UTC-anchored advancement event
shard-005,4193,2026-09-15T02:08:55.164704+00:00,1.4728442597333318,speculative,UTC-anchored advancement event
shard-004,3384,2026-09-15T02:09:03.451163+00:00,0.45776292359999693,speculative,UTC-anchored advancement event
shard-004,3385,2026-09-15T02:09:26.380485+00:00,0.37631434166666317,speculative,UTC-anchored advancement event
shard-005,4194,2026-09-15T02:09:45.361177+00:00,0.8305662673666726,speculative,UTC-anchored advancement event
shard-005,4195,2026-09-15T02:10:57.926393+00:00,1.2032966507000007,speculative,UTC-anchored advancement event
shard-004,3386,2026-09-15T02:11:06.183596+00:00,1.6478253291666685,speculative,UTC-anchored advancement event
shard-005,4196,2026-09-15T02:12:04.113255+00:00,1.0971676409833284,speculative,UTC-anchored advancement event
shard-005,4197,2026-09-15T02:12:50.547650+00:00,0.7677848701500201,speculative,UTC-anchored advancement event
shard-005,4198,2026-09-15T02:17:30.544391+00:00,4.660657852083326,speculative,UTC-anchored advancement event
shard-005,4199,2026-09-15T02:18:21.338808+00:00,0.8268704326333136,speculative,UTC-anchored advancement event
shard-005,4200,2026-09-15T02:18:58.723045+00:00,0.6165834742999929,speculative,UTC-anchored advancement event
shard-005,4201,2026-09-15T02:19:23.693299+00:00,0.41002907778335307,speculative,UTC-anchored advancement event
shard-005,4202,2026-09-15T02:20:12.351318+00:00,0.804683454866669,speculative,UTC-anchored advancement event
shard-005,4203,2026-09-15T02:21:08.787663+00:00,0.9342027333333438,speculative,UTC-anchored advancement event
shard-004,3387,2026-09-15T02:22:52.482193+00:00,11.765783569449983,speculative,UTC-anchored advancement event
shard-004,3388,2026-09-15T02:23:26.291027+00:00,0.5459727833333393,speculative,UTC-anchored advancement event
shard-005,4204,2026-09-15T02:23:42.441281+00:00,2.5544247222166634,speculative,UTC-anchored advancement event
shard-005,4205,2026-09-15T02:24:14.419687+00:00,0.5267082236166668,speculative,UTC-anchored advancement event
shard-004,3389,2026-09-15T02:24:38.459833+00:00,1.1967867854166798,speculative,UTC-anchored advancement event
shard-005,4206,2026-09-15T02:24:52.354776+00:00,0.6261699895833469,speculative,UTC-anchored advancement event
shard-004,3390,2026-09-15T02:25:07.397556+00:00,0.47611600278332844,speculative,UTC-anchored advancement event
shard-004,3391,2026-09-15T02:25:31.447301+00:00,0.4052011132000189,speculative,UTC-anchored advancement event
shard-005,4207,2026-09-15T02:25:31.447301+00:00,0.6545077750000019,speculative,UTC-anchored advancement event
shard-005,4208,2026-09-15T02:25:59.764104+00:00,0.45293011528331895,speculative,UTC-anchored advancement event
shard-004,3392,2026-09-15T02:26:10.269255+00:00,0.6260684965333287,speculative,UTC-anchored advancement event
shard-005,4209,2026-09-15T02:26:32.085696+00:00,0.5326196749999933,speculative,UTC-anchored advancement event
shard-004,3393,2026-09-15T02:26:40.384582+00:00,0.4958283145833169,speculative,UTC-anchored advancement event
shard-005,4210,2026-09-15T02:27:01.069113+00:00,0.4769240097166706,speculative,UTC-anchored advancement event
shard-004,3394,2026-09-15T02:27:32.480418+00:00,0.8622843798666812,speculative,UTC-anchored advancement event
shard-005,4211,2026-09-15T02:27:39.627165+00:00,0.627009768049993,speculative,UTC-anchored advancement event
shard-005,4212,2026-09-15T02:28:17.279880+00:00,0.6215570465333258,speculative,UTC-anchored advancement event
shard-004,3395,2026-09-15T02:28:24.418055+00:00,0.8595412569500088,speculative,UTC-anchored advancement event
shard-005,4213,2026-09-15T02:28:54.100797+00:00,0.6075407145833499,speculative,UTC-anchored advancement event
shard-004,3396,2026-09-15T02:29:03.503576+00:00,0.6453013090333418,speculative,UTC-anchored advancement event
shard-004,3397,2026-09-15T02:29:45.122273+00:00,0.6782774152833554,speculative,UTC-anchored advancement event
shard-005,4214,2026-09-15T02:30:02.482893+00:00,1.1335596986166516,speculative,UTC-anchored advancement event
shard-004,3398,2026-09-15T02:30:35.631502+00:00,0.8350124444499973,speculative,UTC-anchored advancement event
shard-005,4215,2026-09-15T02:30:58.640135+00:00,0.9296347944500061,speculative,UTC-anchored advancement event
shard-004,3399,2026-09-15T02:31:35.185367+00:00,0.986439669433336,speculative,UTC-anchored advancement event
shard-005,4216,2026-09-15T02:31:55.895102+00:00,0.947986862500026,speculative,UTC-anchored advancement event
shard-004,3400,2026-09-15T02:32:09.793127+00:00,0.5706423729166696,speculative,UTC-anchored advancement event
shard-004,3401,2026-09-15T02:33:37.662328+00:00,1.4487668312500015,speculative,UTC-anchored advancement event
shard-004,3402,2026-09-15T02:34:16.447769+00:00,0.6399099756999931,speculative,UTC-anchored advancement event
shard-005,4217,2026-09-15T02:34:22.480271+00:00,2.4370011673666645,speculative,UTC-anchored advancement event
shard-004,3403,2026-09-15T02:34:51.055351+00:00,0.570578976400005,speculative,UTC-anchored advancement event
shard-005,4218,2026-09-15T02:35:08.310859+00:00,0.757435481950021,speculative,UTC-anchored advancement event
shard-004,3404,2026-09-15T02:35:14.320487+00:00,0.3815589770833261,speculative,UTC-anchored advancement event
shard-005,4219,2026-09-15T02:36:30.807323+00:00,1.3687321229166627,speculative,UTC-anchored advancement event
shard-004,3405,2026-09-15T02:36:46.995855+00:00,1.5295381763833575,speculative,UTC-anchored advancement event
shard-005,4220,2026-09-15T02:37:16.722810+00:00,0.758793738200014,speculative,UTC-anchored advancement event
shard-004,3406,2026-09-15T02:37:18.236667+00:00,0.5140534986166737,speculative,UTC-anchored advancement event
shard-004,3407,2026-09-15T02:37:44.499058+00:00,0.4318319749999925,speculative,UTC-anchored advancement event
shard-005,4221,2026-09-15T02:38:08.593382+00:00,0.858421977766678,speculative,UTC-anchored advancement event
shard-004,3408,2026-09-15T02:38:21.411296+00:00,0.6185279194500254,speculative,UTC-anchored advancement event
shard-005,4222,2026-09-15T02:38:50.594825+00:00,0.6937410374999975,speculative,UTC-anchored advancement event
shard-004,3409,2026-09-15T02:39:10.175802+00:00,0.7969065708333498,speculative,UTC-anchored advancement event
shard-005,4223,2026-09-15T02:39:16.208084+00:00,0.4205744889000016,speculative,UTC-anchored advancement event
shard-005,4224,2026-09-15T02:39:52.689923+00:00,0.6019336680499995,speculative,UTC-anchored advancement event
shard-005,4225,2026-09-15T02:40:22.412918+00:00,0.4890817576333575,speculative,UTC-anchored advancement event
shard-005,4226,2026-09-15T02:40:53.248119+00:00,0.5076106451333241,speculative,UTC-anchored advancement event
shard-005,4227,2026-09-15T02:41:43.790395+00:00,0.8269555090333294,speculative,UTC-anchored advancement event
shard-004,3410,2026-09-15T02:49:46.135540+00:00,10.595564717366688,speculative,UTC-anchored advancement event
shard-004,3411,2026-09-15T02:51:09.592824+00:00,1.3810924923666485,speculative,UTC-anchored advancement event
shard-004,3412,2026-09-15T02:52:11.193795+00:00,1.0182206694499958,speculative,UTC-anchored advancement event
shard-004,3413,2026-09-15T02:53:02.405654+00:00,0.8576607486166722,speculative,UTC-anchored advancement event
shard-004,3414,2026-09-15T02:53:51.521175+00:00,0.7994735764000022,speculative,UTC-anchored advancement event
shard-004,3415,2026-09-15T02:54:48.179921+00:00,0.9377283631999792,speculative,UTC-anchored advancement event
shard-004,3416,2026-09-15T02:55:26.746061+00:00,0.6375915159666874,speculative,UTC-anchored advancement event
shard-004,3417,2026-09-15T02:55:59.172044+00:00,0.5294005632000032,speculative,UTC-anchored advancement event
shard-004,3418,2026-09-15T02:56:54.250930+00:00,0.909494191666666,speculative,UTC-anchored advancement event
shard-004,3419,2026-09-15T02:57:33.701604+00:00,0.6488932506999845,speculative,UTC-anchored advancement event
shard-004,3420,2026-09-15T02:58:15.153538+00:00,0.6823252027833102,speculative,UTC-anchored advancement event
shard-004,3421,2026-09-15T02:59:03.923172+00:00,0.8059800236166665,speculative,UTC-anchored advancement event
shard-005,4228,2026-09-15T02:59:06.584274+00:00,17.380284598599975,speculative,UTC-anchored advancement event
shard-004,3422,2026-09-15T02:59:39.711226+00:00,0.5898056277833348,speculative,UTC-anchored advancement event
shard-005,4229,2026-09-15T02:59:42.376809+00:00,0.572336117366649,speculative,UTC-anchored advancement event
shard-004,3423,2026-09-15T03:00:33.618629+00:00,0.8920612965333324,speculative,UTC-anchored advancement event
shard-005,4230,2026-09-15T03:00:55.501422+00:00,1.2124702972333277,speculative,UTC-anchored advancement event
shard-004,3424,2026-09-15T03:01:25.412881+00:00,0.8568036847333133,speculative,UTC-anchored advancement event
shard-005,4231,2026-09-15T03:01:26.952793+00:00,0.5176486805500038,speculative,UTC-anchored advancement event
shard-004,3425,2026-09-15T03:01:57.914204+00:00,0.5352874923666604,speculative,UTC-anchored advancement event
shard-005,4232,2026-09-15T03:02:01.137660+00:00,0.563426230549976,speculative,UTC-anchored advancement event
shard-005,4233,2026-09-15T03:02:35.479351+00:00,0.565990113183337,speculative,UTC-anchored advancement event
shard-004,3426,2026-09-15T03:02:37.015012+00:00,0.6358290923666573,speculative,UTC-anchored advancement event
shard-004,3427,2026-09-15T03:03:09.046613+00:00,0.5274928111166749,speculative,UTC-anchored advancement event
shard-005,4234,2026-09-15T03:03:21.936172+00:00,0.7678888798666473,speculative,UTC-anchored advancement event
shard-004,3428,2026-09-15T03:03:33.713464+00:00,0.40446831596667226,speculative,UTC-anchored advancement event
shard-005,4235,2026-09-15T03:03:57.308477+00:00,0.5826627069500016,speculative,UTC-anchored advancement event
shard-004,3429,2026-09-15T03:04:15.841989+00:00,0.6863365812499979,speculative,UTC-anchored advancement event
shard-005,4236,2026-09-15T03:04:49.074539+00:00,0.8562301854166738,speculative,UTC-anchored advancement event
shard-005,4237,2026-09-15T03:05:22.295309+00:00,0.5471516326333282,speculative,UTC-anchored advancement event
shard-005,4238,2026-09-15T03:06:11.404337+00:00,0.8120234895833164,speculative,UTC-anchored advancement event
shard-004,3430,2026-09-15T03:06:50.397252+00:00,2.5689917291666764,speculative,UTC-anchored advancement event
shard-005,4239,2026-09-15T03:06:51.927316+00:00,0.6687273479166833,speculative,UTC-anchored advancement event
shard-004,3431,2026-09-15T03:07:52.802085+00:00,1.033814894433332,speculative,UTC-anchored advancement event
shard-005,4240,2026-09-15T03:07:55.485020+00:00,1.0440872930499911,speculative,UTC-anchored advancement event
shard-004,3432,2026-09-15T03:08:41.113385+00:00,0.7986099576500237,speculative,UTC-anchored advancement event
shard-004,3433,2026-09-15T03:10:05.282872+00:00,1.3981909361000058,speculative,UTC-anchored advancement event
shard-005,4241,2026-09-15T03:10:05.282872+00:00,2.157109785416681,speculative,UTC-anchored advancement event
shard-005,4242,2026-09-15T03:10:49.089941+00:00,0.7193032118166532,speculative,UTC-anchored advancement event
shard-005,4243,2026-09-15T03:11:13.885353+00:00,0.3968100638833372,speculative,UTC-anchored advancement event
shard-004,3434,2026-09-15T03:12:12.006677+00:00,2.099086442366661,speculative,UTC-anchored advancement event
shard-005,4244,2026-09-15T03:12:23.740342+00:00,1.1575865277833448,speculative,UTC-anchored advancement event
shard-004,3435,2026-09-15T03:13:10.547385+00:00,0.9690779249999953,speculative,UTC-anchored advancement event
shard-004,3436,2026-09-15T03:14:06.430496+00:00,0.9247576895833541,speculative,UTC-anchored advancement event
shard-004,3437,2026-09-15T03:14:49.865664+00:00,0.7174337152666642,speculative,UTC-anchored advancement event
shard-005,4245,2026-09-15T03:15:14.595085+00:00,2.8408997111166476,speculative,UTC-anchored advancement event
shard-004,3438,2026-09-15T03:15:18.405317+00:00,0.459639177783356,speculative,UTC-anchored advancement event
shard-004,3439,2026-09-15T03:15:59.602689+00:00,0.680231577083335,speculative,UTC-anchored advancement event
shard-004,3440,2026-09-15T03:16:39.690424+00:00,0.6615308742999938,speculative,UTC-anchored advancement event
shard-004,3441,2026-09-15T03:17:24.256850+00:00,0.7361645708333526,speculative,UTC-anchored advancement event
shard-005,4246,2026-09-15T03:17:38.250012+00:00,2.387831978466632,speculative,UTC-anchored advancement event
shard-005,4247,2026-09-15T03:18:10.409537+00:00,0.5292966833333291,speculative,UTC-anchored advancement event
shard-004,3442,2026-09-15T03:18:18.201929+00:00,0.8925091527832895,speculative,UTC-anchored advancement event
shard-004,3443,2026-09-15T03:18:58.294974+00:00,0.6618420916666461,speculative,UTC-anchored advancement event
shard-005,4248,2026-09-15T03:18:59.855372+00:00,0.8078621840166913,speculative,UTC-anchored advancement event
shard-005,4249,2026-09-15T03:19:40.962681+00:00,0.678847645833351,speculative,UTC-anchored advancement event
shard-004,3444,2026-09-15T03:19:47.038534+00:00,0.8057642597333445,speculative,UTC-anchored advancement event
shard-005,4250,2026-09-15T03:20:20.301539+00:00,0.6490083729166751,speculative,UTC-anchored advancement event
shard-004,3445,2026-09-15T03:20:22.365678+00:00,0.582225893750001,speculative,UTC-anchored advancement event
shard-004,3446,2026-09-15T03:21:04.676194+00:00,0.6987605465333521,speculative,UTC-anchored advancement event
shard-005,4251,2026-09-15T03:21:35.674970+00:00,1.2411711763833106,speculative,UTC-anchored advancement event
shard-004,3447,2026-09-15T03:21:37.234045+00:00,0.5360266041666667,speculative,UTC-anchored advancement event
shard-004,3448,2026-09-15T03:22:25.130902+00:00,0.7917623986166291,speculative,UTC-anchored advancement event
shard-005,4252,2026-09-15T03:24:10.799270+00:00,2.5787905374999656,speculative,UTC-anchored advancement event
shard-004,3449,2026-09-15T03:24:46.887387+00:00,2.355955886800014,speculative,UTC-anchored advancement event
shard-005,4253,2026-09-15T03:24:50.704094+00:00,0.6488709437500195,speculative,UTC-anchored advancement event
shard-004,3450,2026-09-15T03:25:26.285195+00:00,0.6500289687499996,speculative,UTC-anchored advancement event
shard-005,4254,2026-09-15T03:25:41.400093+00:00,0.8382767736166594,speculative,UTC-anchored advancement event
shard-005,4255,2026-09-15T03:26:17.034539+00:00,0.5872042104166515,speculative,UTC-anchored advancement event
shard-004,3451,2026-09-15T03:26:20.856841+00:00,0.9028069798499928,speculative,UTC-anchored advancement event
shard-005,4256,2026-09-15T03:26:48.424725+00:00,0.5165382972333342,speculative,UTC-anchored advancement event
shard-004,3452,2026-09-15T03:27:04.121708+00:00,0.7146182750000055,speculative,UTC-anchored advancement event
shard-005,4257,2026-09-15T03:27:19.268782+00:00,0.49801840971667843,speculative,UTC-anchored advancement event
shard-004,3453,2026-09-15T03:28:09.527450+00:00,1.0838760902666158,speculative,UTC-anchored advancement event
shard-005,4258,2026-09-15T03:28:09.527450+00:00,0.833167844433289,speculative,UTC-anchored advancement event
shard-004,3454,2026-09-15T03:28:39.787987+00:00,0.492945277083345,speculative,UTC-anchored advancement event
shard-005,4259,2026-09-15T03:28:52.685859+00:00,0.7057306520833057,speculative,UTC-anchored advancement event
shard-004,3455,2026-09-15T03:29:17.452093+00:00,0.6209208145833448,speculative,UTC-anchored advancement event
shard-005,4260,2026-09-15T03:29:31.458405+00:00,0.6299528819499756,speculative,UTC-anchored advancement event
shard-005,4261,2026-09-15T03:30:21.725261+00:00,0.8309796923499865,speculative,UTC-anchored advancement event
shard-004,3456,2026-09-15T03:30:47.098123+00:00,1.487425415266686,speculative,UTC-anchored advancement event
shard-005,4262,2026-09-15T03:30:56.546191+00:00,0.5734666312500243,speculative,UTC-anchored advancement event
shard-005,4263,2026-09-15T03:31:35.417521+00:00,0.6413766104166522,speculative,UTC-anchored advancement event
shard-004,3457,2026-09-15T03:31:36.951400+00:00,0.8329424611166663,speculative,UTC-anchored advancement event
shard-004,3458,2026-09-15T03:32:07.306241+00:00,0.4905377812499864,speculative,UTC-anchored advancement event
shard-004,3459,2026-09-15T03:32:46.191718+00:00,0.6413498104166138,speculative,UTC-anchored advancement event
shard-005,4264,2026-09-15T03:33:04.714693+00:00,1.4818399249999856,speculative,UTC-anchored advancement event
shard-004,3460,2026-09-15T03:33:06.278866+00:00,0.3279992985999949,speculative,UTC-anchored advancement event
shard-004,3461,2026-09-15T03:33:37.284021+00:00,0.5101567437500004,speculative,UTC-anchored advancement event
shard-004,3462,2026-09-15T03:34:30.938595+00:00,0.8874241402833528,speculative,UTC-anchored advancement event
shard-005,4265,2026-09-15T03:34:45.516578+00:00,1.6734392458333482,speculative,UTC-anchored advancement event
shard-004,3463,2026-09-15T03:35:01.811138+00:00,0.49819091041663344,speculative,UTC-anchored advancement event
shard-005,4266,2026-09-15T03:35:23.776700+00:00,0.6307404437500129,speculative,UTC-anchored advancement event
shard-004,3464,2026-09-15T03:35:33.265026+00:00,0.5172579298666581,speculative,UTC-anchored advancement event
shard-005,4267,2026-09-15T03:35:46.157982+00:00,0.3661847041666382,speculative,UTC-anchored advancement event
shard-004,3465,2026-09-15T03:36:06.986191+00:00,0.5552304236166795,speculative,UTC-anchored advancement event
shard-005,4268,2026-09-15T03:36:22.719520+00:00,0.6025598555500135,speculative,UTC-anchored advancement event
shard-004,3466,2026-09-15T03:36:43.546665+00:00,0.5931115069499963,speculative,UTC-anchored advancement event
shard-004,3467,2026-09-15T03:37:20.183084+00:00,0.6037639632000112,speculative,UTC-anchored advancement event
shard-005,4269,2026-09-15T03:37:25.148498+00:00,1.033612944450033,speculative,UTC-anchored advancement event
shard-005,4270,2026-09-15T03:37:55.034270+00:00,0.49148237083336427,speculative,UTC-anchored advancement event
shard-004,3468,2026-09-15T03:38:14.769639+00:00,0.9029929902833221,speculative,UTC-anchored advancement event
shard-004,3469,2026-09-15T03:38:48.091284+00:00,0.559405084016665,speculative,UTC-anchored advancement event
shard-005,4271,2026-09-15T03:38:48.091284+00:00,0.8778941527666878,speculative,UTC-anchored advancement event
shard-005,4272,2026-09-15T03:39:44.905030+00:00,0.9264981986166579,speculative,UTC-anchored advancement event
shard-004,3470,2026-09-15T03:40:00.076909+00:00,1.1771761159833356,speculative,UTC-anchored advancement event
shard-005,4273,2026-09-15T03:40:20.891458+00:00,0.5929014527833715,speculative,UTC-anchored advancement event
shard-004,3471,2026-09-15T03:40:40.543633+00:00,0.6675613465166559,speculative,UTC-anchored advancement event
shard-005,4274,2026-09-15T03:41:05.886655+00:00,0.743024704866669,speculative,UTC-anchored advancement event
shard-004,3472,2026-09-15T03:41:17.082238+00:00,0.6025546166666269,speculative,UTC-anchored advancement event
shard-005,4275,2026-09-15T03:41:46.981967+00:00,0.6685909298500216,speculative,UTC-anchored advancement event
shard-005,4276,2026-09-15T03:42:38.332320+00:00,0.8490838777833536,speculative,UTC-anchored advancement event
shard-005,4277,2026-09-15T03:43:28.555078+00:00,0.8301099562500288,speculative,UTC-anchored advancement event
shard-004,3473,2026-09-15T03:43:52.771688+00:00,2.5876629819499914,speculative,UTC-anchored advancement event
shard-005,4278,2026-09-15T03:44:50.780189+00:00,1.3633034819333867,speculative,UTC-anchored advancement event
shard-004,3474,2026-09-15T03:45:30.726512+00:00,1.6356465347333748,speculative,UTC-anchored advancement event
shard-005,4279,2026-09-15T03:45:35.162130+00:00,0.7327539062499757,speculative,UTC-anchored advancement event
shard-004,3475,2026-09-15T03:46:18.663844+00:00,0.782214241666649,speculative,UTC-anchored advancement event
shard-005,4280,2026-09-15T03:46:25.859604+00:00,0.8382383236000047,speculative,UTC-anchored advancement event
shard-005,4281,2026-09-15T03:47:19.595271+00:00,0.8888842722333113,speculative,UTC-anchored advancement event
shard-005,4282,2026-09-15T03:47:49.533272+00:00,0.49190678681667727,speculative,UTC-anchored advancement event
shard-005,4283,2026-09-15T03:48:40.899769+00:00,0.849226556933354,speculative,UTC-anchored advancement event
shard-005,4284,2026-09-15T03:49:31.706677+00:00,0.8302884000000025,speculative,UTC-anchored advancement event
shard-005,4285,2026-09-15T03:50:21.984649+00:00,0.8310634576333541,speculative,UTC-anchored advancement event
shard-005,4286,2026-09-15T03:51:14.465242+00:00,0.8676519597333027,speculative,UTC-anchored advancement event
shard-005,4287,2026-09-15T03:52:08.244622+00:00,0.8893338673500087,speculative,UTC-anchored advancement event
shard-005,4288,2026-09-15T03:52:55.397560+00:00,0.7764274312500371,speculative,UTC-anchored advancement event
shard-004,3476,2026-09-15T03:53:02.609761+00:00,6.730061750683308,speculative,UTC-anchored advancement event
shard-004,3477,2026-09-15T03:53:46.901273+00:00,0.7169131861166533,speculative,UTC-anchored advancement event
shard-005,4289,2026-09-15T03:53:55.300426+00:00,0.9911641590166861,speculative,UTC-anchored advancement event
shard-005,4290,2026-09-15T03:55:36.547882+00:00,1.6806689923666758,speculative,UTC-anchored advancement event
shard-005,4291,2026-09-15T03:56:19.959195+00:00,0.7165104993166703,speculative,UTC-anchored advancement event
shard-005,4292,2026-09-15T03:57:46.427234+00:00,1.434156760416651,speculative,UTC-anchored advancement event
shard-005,4293,2026-09-15T03:58:27.677426+00:00,0.6805252222166625,speculative,UTC-anchored advancement event
shard-004,3478,2026-09-15T03:58:52.494963+00:00,5.086086377083363,speculative,UTC-anchored advancement event
shard-005,4294,2026-09-15T03:58:55.207121+00:00,0.44231327153338496,speculative,UTC-anchored advancement event
shard-005,4295,2026-09-15T03:59:43.179694+00:00,0.7928502145833287,speculative,UTC-anchored advancement event
shard-004,3479,2026-09-15T04:00:08.606834+00:00,1.2615793437499936,speculative,UTC-anchored advancement event
shard-005,4296,2026-09-15T04:00:54.633176+00:00,1.183803693050019,speculative,UTC-anchored advancement event
shard-004,3480,2026-09-15T04:00:58.544321+00:00,0.8252948770833124,speculative,UTC-anchored advancement event
shard-005,4297,2026-09-15T04:01:34.246784+00:00,0.6639660180500262,speculative,UTC-anchored advancement event
shard-004,3481,2026-09-15T04:01:37.707858+00:00,0.64526090833333,speculative,UTC-anchored advancement event
shard-005,4298,2026-09-15T04:02:30.435940+00:00,0.9175466388833229,speculative,UTC-anchored advancement event
shard-005,4299,2026-09-15T04:03:20.746703+00:00,0.8311423242999808,speculative,UTC-anchored advancement event
shard-005,4300,2026-09-15T04:04:06.372242+00:00,0.7533655472167083,speculative,UTC-anchored advancement event
shard-004,3482,2026-09-15T04:04:40.754607+00:00,3.0429366020833184,speculative,UTC-anchored advancement event
shard-005,4301,2026-09-15T04:04:53.709608+00:00,0.7815738007000012,speculative,UTC-anchored advancement event
shard-005,4302,2026-09-15T04:05:24.914760+00:00,0.49856465971661235,speculative,UTC-anchored advancement event
shard-004,3483,2026-09-15T04:05:27.740057+00:00,0.7749052360999485,speculative,UTC-anchored advancement event
shard-004,3484,2026-09-15T04:06:03.437763+00:00,0.587100477783315,speculative,UTC-anchored advancement event
shard-005,4303,2026-09-15T04:06:10.712640+00:00,0.7549624944499859,speculative,UTC-anchored advancement event
shard-004,3485,2026-09-15T04:06:28.309368+00:00,0.4073743687499397,speculative,UTC-anchored advancement event
shard-004,3486,2026-09-15T04:06:54.834409+00:00,0.4349934041666226,speculative,UTC-anchored advancement event
shard-005,4304,2026-09-15T04:07:00.653810+00:00,0.8247334958333643,speculative,UTC-anchored advancement event
shard-004,3487,2026-09-15T04:07:21.836830+00:00,0.4302760604166906,speculative,UTC-anchored advancement event
shard-005,4305,2026-09-15T04:07:57.466804+00:00,0.9384921048666608,speculative,UTC-anchored advancement event
shard-004,3488,2026-09-15T04:07:59.106059+00:00,0.6134133277833219,speculative,UTC-anchored advancement event
shard-004,3489,2026-09-15T04:08:30.067462+00:00,0.5087855604166786,speculative,UTC-anchored advancement event
shard-005,4306,2026-09-15T04:08:33.902106+00:00,0.5995323048666857,speculative,UTC-anchored advancement event
shard-004,3490,2026-09-15T04:09:06.144050+00:00,0.6084200854166435,speculative,UTC-anchored advancement event
shard-005,4307,2026-09-15T04:09:14.427684+00:00,0.6682615430499936,speculative,UTC-anchored advancement event
shard-004,3491,2026-09-15T04:09:52.370290+00:00,0.7477439354166563,speculative,UTC-anchored advancement event
shard-005,4308,2026-09-15T04:10:14.414477+00:00,0.9925869291666458,speculative,UTC-anchored advancement event
shard-004,3492,2026-09-15T04:10:26.223424+00:00,0.5568916395833488,speculative,UTC-anchored advancement event
shard-005,4309,2026-09-15T04:10:57.481401+00:00,0.7106710666666307,speculative,UTC-anchored advancement event
shard-004,3493,2026-09-15T04:11:04.754907+00:00,0.634450473616683,speculative,UTC-anchored advancement event
shard-005,4310,2026-09-15T04:11:36.876868+00:00,0.6489476013833458,speculative,UTC-anchored advancement event
shard-005,4311,2026-09-15T04:12:20.575939+00:00,0.7201531756833598,speculative,UTC-anchored advancement event
shard-004,3494,2026-09-15T04:12:50.622689+00:00,1.7460990166666306,speculative,UTC-anchored advancement event
shard-005,4312,2026-09-15T04:13:00.209222+00:00,0.6528764666666879,speculative,UTC-anchored advancement event
shard-004,3495,2026-09-15T04:13:28.046786+00:00,0.6151250354166525,speculative,UTC-anchored advancement event
shard-004,3496,2026-09-15T04:14:11.936906+00:00,0.7237733257000097,speculative,UTC-anchored advancement event
shard-005,4313,2026-09-15T04:14:47.652424+00:00,1.7838392125000004,speculative,UTC-anchored advancement event
shard-004,3497,2026-09-15T04:15:38.084281+00:00,1.41365141389997,speculative,UTC-anchored advancement event
shard-005,4314,2026-09-15T04:15:43.131892+00:00,0.916790523616631,speculative,UTC-anchored advancement event
shard-004,3498,2026-09-15T04:16:27.524371+00:00,0.8159197187500468,speculative,UTC-anchored advancement event
shard-004,3499,2026-09-15T04:16:53.860982+00:00,0.43158852708329504,speculative,UTC-anchored advancement event
shard-004,3500,2026-09-15T04:17:28.381415+00:00,0.568029708333294,speculative,UTC-anchored advancement event
shard-004,3501,2026-09-15T04:18:00.502827+00:00,0.5398652527832989,speculative,UTC-anchored advancement event
shard-004,3502,2026-09-15T04:20:10.055524+00:00,2.140105118049966,speculative,UTC-anchored advancement event
shard-004,3503,2026-09-15T04:20:50.573440+00:00,0.6675443652666824,speculative,UTC-anchored advancement event
shard-004,3504,2026-09-15T04:21:29.481196+00:00,0.6402919138833264,speculative,UTC-anchored advancement event
shard-005,4315,2026-09-15T04:21:35.677616+00:00,5.87569026735,speculative,UTC-anchored advancement event
shard-004,3505,2026-09-15T04:22:45.625454+00:00,1.2616006722166881,speculative,UTC-anchored advancement event
shard-005,4316,2026-09-15T04:22:49.295460+00:00,1.2132490486166716,speculative,UTC-anchored advancement event
shard-004,3506,2026-09-15T04:23:26.251695+00:00,0.6548562159833333,speculative,UTC-anchored advancement event
shard-005,4317,2026-09-15T04:23:55.222517+00:00,1.0909582666666513,speculative,UTC-anchored advancement event
shard-004,3507,2026-09-15T04:24:48.950264+00:00,1.3709349347166304,speculative,UTC-anchored advancement event
shard-004,3508,2026-09-15T04:25:39.296311+00:00,0.8318634465333161,speculative,UTC-anchored advancement event
shard-005,4318,2026-09-15T04:26:00.472673+00:00,2.080075656249998,speculative,UTC-anchored advancement event
shard-004,3509,2026-09-15T04:26:17.975219+00:00,0.6520822867999717,speculative,UTC-anchored advancement event
shard-005,4319,2026-09-15T04:26:41.140001+00:00,0.6699535555500309,speculative,UTC-anchored advancement event
shard-005,4320,2026-09-15T04:28:12.558675+00:00,1.5157662999999957,speculative,UTC-anchored advancement event
shard-004,3510,2026-09-15T04:28:25.528855+00:00,2.102743154166698,speculative,UTC-anchored advancement event
shard-004,3511,2026-09-15T04:28:59.168612+00:00,0.5530963326499962,speculative,UTC-anchored advancement event
shard-004,3512,2026-09-15T04:29:38.573319+00:00,0.6490071840333258,speculative,UTC-anchored advancement event
shard-005,4321,2026-09-15T04:29:49.292022+00:00,1.604019185416655,speculative,UTC-anchored advancement event
shard-004,3513,2026-09-15T04:30:12.451536+00:00,0.5567201389000426,speculative,UTC-anchored advancement event
shard-005,4322,2026-09-15T04:30:26.595182+00:00,0.6018090020833067,speculative,UTC-anchored advancement event
shard-005,4323,2026-09-15T04:31:01.366430+00:00,0.5711543430500267,speculative,UTC-anchored advancement event
shard-004,3514,2026-09-15T04:31:26.857258+00:00,1.23223130276668,speculative,UTC-anchored advancement event
shard-005,4324,2026-09-15T04:31:47.285890+00:00,0.758095498616664,speculative,UTC-anchored advancement event
shard-004,3515,2026-09-15T04:32:07.103829+00:00,0.6620080319500024,speculative,UTC-anchored advancement event
shard-005,4325,2026-09-15T04:32:18.673379+00:00,0.514276417366697,speculative,UTC-anchored advancement event
shard-004,3516,2026-09-15T04:32:44.308579+00:00,0.59866670069999,speculative,UTC-anchored advancement event
shard-005,4326,2026-09-15T04:32:51.637968+00:00,0.5417666569333354,speculative,UTC-anchored advancement event
shard-004,3517,2026-09-15T04:33:21.698348+00:00,0.615256574999997,speculative,UTC-anchored advancement event
shard-005,4327,2026-09-15T04:33:30.137506+00:00,0.6342548631999914,speculative,UTC-anchored advancement event
shard-005,4328,2026-09-15T04:34:01.336216+00:00,0.512572356949992,speculative,UTC-anchored advancement event
shard-004,3518,2026-09-15T04:34:25.799806+00:00,1.0608047236166385,speculative,UTC-anchored advancement event
shard-005,4329,2026-09-15T04:34:32.814977+00:00,0.5162354826333588,speculative,UTC-anchored advancement event
shard-005,4330,2026-09-15T04:34:57.472144+00:00,0.4031376562499645,speculative,UTC-anchored advancement event
shard-004,3519,2026-09-15T04:35:36.562144+00:00,1.158786988883306,speculative,UTC-anchored advancement event
shard-005,4331,2026-09-15T04:35:40.431044+00:00,0.7077024312500119,speculative,UTC-anchored advancement event
shard-004,3520,2026-09-15T04:36:23.051397+00:00,0.7673967590333632,speculative,UTC-anchored advancement event
shard-005,4332,2026-09-15T04:36:24.731440+00:00,0.7301523638832805,speculative,UTC-anchored advancement event
shard-004,3521,2026-09-15T04:37:13.777574+00:00,0.8375026236000243,speculative,UTC-anchored advancement event
shard-005,4333,2026-09-15T04:37:30.175218+00:00,1.0688612381999822,speculative,UTC-anchored advancement event
shard-004,3522,2026-09-15T04:37:53.457158+00:00,0.6530416499999774,speculative,UTC-anchored advancement event
shard-004,3523,2026-09-15T04:38:28.068718+00:00,0.5715598451333184,speculative,UTC-anchored advancement event
shard-005,4334,2026-09-15T04:38:28.068718+00:00,0.9574504958332909,speculative,UTC-anchored advancement event
shard-004,3524,2026-09-15T04:39:00.871858+00:00,0.5308527916666208,speculative,UTC-anchored advancement event
shard-005,4335,2026-09-15T04:39:19.673045+00:00,0.8589566236166623,speculative,UTC-anchored advancement event
shard-004,3525,2026-09-15T04:39:35.921362+00:00,0.5765139930666919,speculative,UTC-anchored advancement event
shard-004,3526,2026-09-15T04:40:07.248452+00:00,0.5140604979166407,speculative,UTC-anchored advancement event
shard-005,4336,2026-09-15T04:40:23.644378+00:00,1.046501283333358,speculative,UTC-anchored advancement event
shard-004,3527,2026-09-15T04:40:54.937266+00:00,0.7872728326499783,speculative,UTC-anchored advancement event
shard-005,4337,2026-09-15T04:41:12.571328+00:00,0.8075170187500286,speculative,UTC-anchored advancement event
shard-005,4338,2026-09-15T04:42:02.198358+00:00,0.8191075979166271,speculative,UTC-anchored advancement event
shard-005,4339,2026-09-15T04:42:40.351887+00:00,0.6142485868166963,speculative,UTC-anchored advancement event
shard-004,3528,2026-09-15T04:42:46.457355+00:00,1.8498781729166998,speculative,UTC-anchored advancement event
shard-004,3529,2026-09-15T04:43:16.726758+00:00,0.49638490208332464,speculative,UTC-anchored advancement event
shard-005,4340,2026-09-15T04:43:21.859620+00:00,0.6844222027666547,speculative,UTC-anchored advancement event
shard-004,3530,2026-09-15T04:43:43.000769+00:00,0.4292546520833639,speculative,UTC-anchored advancement event
shard-005,4341,2026-09-15T04:44:26.903915+00:00,1.0765936750000038,speculative,UTC-anchored advancement event
shard-004,3531,2026-09-15T04:45:50.901490+00:00,2.123087044433366,speculative,UTC-anchored advancement event
shard-004,3532,2026-09-15T04:46:50.181699+00:00,0.9787389499999942,speculative,UTC-anchored advancement event
shard-005,4342,2026-09-15T04:46:52.935109+00:00,2.410217576399979,speculative,UTC-anchored advancement event
shard-005,4343,2026-09-15T04:47:58.058234+00:00,1.076654852083387,speculative,UTC-anchored advancement event
shard-004,3533,2026-09-15T04:48:41.522102+00:00,1.8481547083333376,speculative,UTC-anchored advancement event
shard-005,4344,2026-09-15T04:48:59.941742+00:00,1.0231629194500178,speculative,UTC-anchored advancement event
shard-004,3534,2026-09-15T04:49:10.248729+00:00,0.4714117930666665,speculative,UTC-anchored advancement event
shard-004,3535,2026-09-15T04:49:42.537969+00:00,0.5307878784666779,speculative,UTC-anchored advancement event
shard-004,3536,2026-09-15T04:50:10.327522+00:00,0.4555791673666439,speculative,UTC-anchored advancement event
shard-004,3537,2026-09-15T04:50:47.165433+00:00,0.6063293729166617,speculative,UTC-anchored advancement event
shard-004,3538,2026-09-15T04:51:10.438196+00:00,0.3802812326500013,speculative,UTC-anchored advancement event
shard-004,3539,2026-09-15T04:51:55.233607+00:00,0.7389370263833067,speculative,UTC-anchored advancement event
shard-004,3540,2026-09-15T04:52:29.267859+00:00,0.5503260173500166,speculative,UTC-anchored advancement event
shard-005,4345,2026-09-15T04:52:33.170546+00:00,3.534104472216677,speculative,UTC-anchored advancement event
shard-004,3541,2026-09-15T04:53:08.884277+00:00,0.6527948486166376,speculative,UTC-anchored advancement event
shard-005,4346,2026-09-15T04:53:12.794141+00:00,0.6529115757000302,speculative,UTC-anchored advancement event
shard-004,3542,2026-09-15T04:53:40.499076+00:00,0.5193478451333552,speculative,UTC-anchored advancement event
shard-004,3543,2026-09-15T04:54:42.218725+00:00,1.021174750700023,speculative,UTC-anchored advancement event
shard-005,4347,2026-09-15T04:54:48.414265+00:00,1.5964262972333623,speculative,UTC-anchored advancement event
shard-004,3544,2026-09-15T04:55:33.813712+00:00,0.8522165208333414,speculative,UTC-anchored advancement event
shard-005,4348,2026-09-15T04:55:43.344496+00:00,0.8979642701500173,speculative,UTC-anchored advancement event
shard-005,4349,2026-09-15T04:56:21.305008+00:00,0.6253445513833261,speculative,UTC-anchored advancement event
shard-005,4350,2026-09-15T04:57:20.794862+00:00,0.9840212194333314,speculative,UTC-anchored advancement event
shard-005,4351,2026-09-15T04:58:08.888930+00:00,0.7940911076333578,speculative,UTC-anchored advancement event
shard-004,3545,2026-09-15T04:58:45.655960+00:00,3.18983164166663,speculative,UTC-anchored advancement event
shard-005,4352,2026-09-15T04:58:53.553393+00:00,0.7369096972166517,speculative,UTC-anchored advancement event
shard-004,3546,2026-09-15T04:59:29.228082+00:00,0.7086306388999826,speculative,UTC-anchored advancement event
shard-005,4353,2026-09-15T04:59:29.228082+00:00,0.5894538097166636,speculative,UTC-anchored advancement event
shard-005,4354,2026-09-15T04:59:57.407502+00:00,0.45468571735000296,speculative,UTC-anchored advancement event
shard-004,3547,2026-09-15T05:00:07.045413+00:00,0.6178384347333121,speculative,UTC-anchored advancement event
shard-004,3548,2026-09-15T05:00:30.231680+00:00,0.37904625138332143,speculative,UTC-anchored advancement event
shard-005,4355,2026-09-15T05:00:32.389901+00:00,0.5749759416666469,speculative,UTC-anchored advancement event
shard-005,4356,2026-09-15T05:01:16.048009+00:00,0.7202987187500185,speculative,UTC-anchored advancement event
shard-004,3549,2026-09-15T05:01:47.158889+00:00,1.2659391277833492,speculative,UTC-anchored advancement event
shard-005,4357,2026-09-15T05:01:53.340504+00:00,0.6138894916666686,speculative,UTC-anchored advancement event
shard-005,4358,2026-09-15T05:02:27.858263+00:00,0.5678067923667186,speculative,UTC-anchored advancement event
shard-004,3550,2026-09-15T05:02:38.534943+00:00,0.8486776534833552,speculative,UTC-anchored advancement event
shard-005,4359,2026-09-15T05:03:17.652174+00:00,0.831847474999995,speculative,UTC-anchored advancement event
shard-005,4360,2026-09-15T05:05:37.214459+00:00,2.3086987784667143,speculative,UTC-anchored advancement event
shard-004,3551,2026-09-15T05:05:38.872988+00:00,2.99791117499996,speculative,UTC-anchored advancement event
shard-005,4361,2026-09-15T05:06:46.986458+00:00,1.1550782437499947,speculative,UTC-anchored advancement event
shard-005,4362,2026-09-15T05:08:15.011365+00:00,1.459606578483302,speculative,UTC-anchored advancement event
shard-005,4363,2026-09-15T05:08:42.458181+00:00,0.44999753888332633,speculative,UTC-anchored advancement event
shard-005,4364,2026-09-15T05:09:09.984250+00:00,0.45118178611664916,speculative,UTC-anchored advancement event
shard-005,4365,2026-09-15T05:09:54.363919+00:00,0.7197264479166431,speculative,UTC-anchored advancement event
shard-005,4366,2026-09-15T05:10:22.147430+00:00,0.45546091875003186,speculative,UTC-anchored advancement event
shard-005,4367,2026-09-15T05:10:59.078715+00:00,0.6076487979167117,speculative,UTC-anchored advancement event
shard-005,4368,2026-09-15T05:11:32.887130+00:00,0.5529747979166738,speculative,UTC-anchored advancement event
shard-005,4369,2026-09-15T05:11:59.394696+00:00,0.4335735152667136,speculative,UTC-anchored advancement event
shard-004,3552,2026-09-15T05:12:43.953862+00:00,7.096495313883315,speculative,UTC-anchored advancement event
shard-005,4370,2026-09-15T05:12:54.646681+00:00,0.9127625124999516,speculative,UTC-anchored advancement event
shard-004,3553,2026-09-15T05:13:16.787488+00:00,0.5211418555666872,speculative,UTC-anchored advancement event
shard-005,4371,2026-09-15T05:13:49.111196+00:00,0.900267577783355,speculative,UTC-anchored advancement event
shard-004,3554,2026-09-15T05:13:50.822126+00:00,0.5595207854166802,speculative,UTC-anchored advancement event
shard-004,3555,2026-09-15T05:14:48.222592+00:00,0.9484616534666809,speculative,UTC-anchored advancement event
shard-004,3556,2026-09-15T05:15:31.848480+00:00,0.7196516895833459,speculative,UTC-anchored advancement event
shard-004,3557,2026-09-15T05:16:32.042145+00:00,0.9855860014000427,speculative,UTC-anchored advancement event
shard-004,3558,2026-09-15T05:17:44.077370+00:00,1.1927378319499742,speculative,UTC-anchored advancement event
shard-004,3559,2026-09-15T05:18:14.162350+00:00,0.49355544513333977,speculative,UTC-anchored advancement event
shard-004,3560,2026-09-15T05:18:52.188192+00:00,0.6259148611166893,speculative,UTC-anchored advancement event
shard-004,3561,2026-09-15T05:19:43.009174+00:00,0.8391761173666964,speculative,UTC-anchored advancement event
shard-004,3562,2026-09-15T05:20:23.075658+00:00,0.6595837326333519,speculative,UTC-anchored advancement event
shard-004,3563,2026-09-15T05:20:58.664128+00:00,0.5725857236166727,speculative,UTC-anchored advancement event
shard-004,3564,2026-09-15T05:21:40.199195+00:00,0.6839056965332929,speculative,UTC-anchored advancement event
shard-004,3565,2026-09-15T05:22:19.230984+00:00,0.6422739319500276,speculative,UTC-anchored advancement event
shard-004,3566,2026-09-15T05:23:00.501943+00:00,0.6796611583333287,speculative,UTC-anchored advancement event
shard-004,3567,2026-09-15T05:23:43.927212+00:00,0.7154942118000084,speculative,UTC-anchored advancement event
shard-005,4372,2026-09-15T05:24:01.881544+00:00,10.204327740283345,speculative,UTC-anchored advancement event
shard-004,3568,2026-09-15T05:24:28.082128+00:00,0.7276965499999885,speculative,UTC-anchored advancement event
shard-005,4373,2026-09-15T05:24:45.670676+00:00,0.7102621743166916,speculative,UTC-anchored advancement event
shard-004,3569,2026-09-15T05:25:27.131713+00:00,0.976031969450014,speculative,UTC-anchored advancement event
shard-005,4374,2026-09-15T05:25:58.306897+00:00,1.2026448687500306,speculative,UTC-anchored advancement event
shard-004,3570,2026-09-15T05:26:26.145800+00:00,0.9756246110999807,speculative,UTC-anchored advancement event
shard-005,4375,2026-09-15T05:26:44.858356+00:00,0.76804614791666,speculative,UTC-anchored advancement event
shard-004,3571,2026-09-15T05:27:29.129884+00:00,1.0418724715333763,speculative,UTC-anchored advancement event
shard-005,4376,2026-09-15T05:27:35.341645+00:00,0.8236018715333557,speculative,UTC-anchored advancement event
shard-004,3572,2026-09-15T05:28:06.387171+00:00,0.613057046516648,speculative,UTC-anchored advancement event
shard-005,4377,2026-09-15T05:28:11.459485+00:00,0.594312245833377,speculative,UTC-anchored advancement event
shard-005,4378,2026-09-15T05:28:46.960240+00:00,0.5834175645833359,speculative,UTC-anchored advancement event
shard-005,4379,2026-09-15T05:29:20.035232+00:00,0.5434210270833015,speculative,UTC-anchored advancement event
shard-004,3573,2026-09-15T05:29:41.900948+00:00,1.5838998659666685,speculative,UTC-anchored advancement event
shard-005,4380,2026-09-15T05:29:55.715170+00:00,0.5866642124999999,speculative,UTC-anchored advancement event
shard-005,4381,2026-09-15T05:30:26.867190+00:00,0.5111179270833115,speculative,UTC-anchored advancement event
shard-005,4382,2026-09-15T05:30:59.124096+00:00,0.5293335666666583,speculative,UTC-anchored advancement event
shard-005,4383,2026-09-15T05:31:48.255971+00:00,0.8107667159666865,speculative,UTC-anchored advancement event
shard-005,4384,2026-09-15T05:32:33.969739+00:00,0.7538902513833818,speculative,UTC-anchored advancement event
shard-005,4385,2026-09-15T05:34:14.304642+00:00,1.6643697555500088,speculative,UTC-anchored advancement event
shard-005,4386,2026-09-15T05:35:10.264436+00:00,0.9126280652666537,speculative,UTC-anchored advancement event
shard-005,4387,2026-09-15T05:35:50.508793+00:00,0.66224007986663,speculative,UTC-anchored advancement event
shard-005,4388,2026-09-15T05:36:19.293470+00:00,0.4713058979166817,speculative,UTC-anchored advancement event
shard-005,4389,2026-09-15T05:36:57.067616+00:00,0.6212684791666713,speculative,UTC-anchored advancement event
shard-005,4390,2026-09-15T05:37:38.181130+00:00,0.6766279916666462,speculative,UTC-anchored advancement event
shard-004,3574,2026-09-15T05:37:43.272460+00:00,8.021179660416662,speculative,UTC-anchored advancement event
shard-005,4391,2026-09-15T05:40:47.245609+00:00,3.142522590983329,speculative,UTC-anchored advancement event
shard-005,4392,2026-09-15T05:48:22.519505+00:00,7.5855081833333315,speculative,UTC-anchored advancement event
shard-004,3575,2026-09-15T05:48:48.391602+00:00,11.066515215266675,speculative,UTC-anchored advancement event
shard-005,4393,2026-09-15T05:48:54.843229+00:00,0.5230324632000095,speculative,UTC-anchored advancement event
shard-005,4394,2026-09-15T05:49:28.860216+00:00,0.5471166784667124,speculative,UTC-anchored advancement event
shard-005,4395,2026-09-15T05:49:50.956833+00:00,0.3602796506833329,speculative,UTC-anchored advancement event
shard-005,4396,2026-09-15T05:50:43.714293+00:00,0.8713480326333107,speculative,UTC-anchored advancement event
shard-005,4397,2026-09-15T05:51:13.753678+00:00,0.4925157027833241,speculative,UTC-anchored advancement event
shard-005,4398,2026-09-15T05:51:53.930140+00:00,0.6614040555667089,speculative,UTC-anchored advancement event
shard-005,4399,2026-09-15T05:52:37.639868+00:00,0.7201452763833004,speculative,UTC-anchored advancement event
shard-005,4400,2026-09-15T05:53:20.175714+00:00,0.7006657770833045,speculative,UTC-anchored advancement event
shard-005,4401,2026-09-15T05:53:55.308437+00:00,0.5674279041666523,speculative,UTC-anchored advancement event
shard-005,4402,2026-09-15T05:54:29.175690+00:00,0.5514145242999803,speculative,UTC-anchored advancement event
shard-005,4403,2026-09-15T05:55:10.315500+00:00,0.6769176499999958,speculative,UTC-anchored advancement event
shard-005,4404,2026-09-15T05:55:49.287638+00:00,0.6409410854166708,speculative,UTC-anchored advancement event
shard-005,4405,2026-09-15T05:56:27.014230+00:00,0.6202859027833256,speculative,UTC-anchored advancement event
shard-005,4406,2026-09-15T05:57:58.919698+00:00,1.5357127666666808,speculative,UTC-anchored advancement event
shard-004,3576,2026-09-15T05:58:45.999920+00:00,9.953545259033369,speculative,UTC-anchored advancement event
shard-005,4407,2026-09-15T05:59:10.615370+00:00,1.1732811048666918,speculative,UTC-anchored advancement event
shard-004,3577,2026-09-15T05:59:15.681786+00:00,0.48096290694999577,speculative,UTC-anchored advancement event
shard-005,4408,2026-09-15T06:00:43.674312+00:00,1.5427673791666772,speculative,UTC-anchored advancement event
shard-005,4409,2026-09-15T06:01:30.114997+00:00,0.7660239770833263,speculative,UTC-anchored advancement event
shard-005,4410,2026-09-15T06:03:09.298426+00:00,1.6573315840333331,speculative,UTC-anchored advancement event
shard-005,4411,2026-09-15T06:03:40.069799+00:00,0.4922805395833469,speculative,UTC-anchored advancement event
shard-005,4412,2026-09-15T06:04:07.844927+00:00,0.45451031388335345,speculative,UTC-anchored advancement event
shard-004,3578,2026-09-15T06:06:09.782415+00:00,6.893622678466636,speculative,UTC-anchored advancement event
shard-005,4413,2026-09-15T06:07:12.743224+00:00,3.073203665966685,speculative,UTC-anchored advancement event
shard-004,3579,2026-09-15T06:07:26.896176+00:00,1.2769738493000355,speculative,UTC-anchored advancement event
shard-005,4414,2026-09-15T06:08:04.899951+00:00,0.861113959016681,speculative,UTC-anchored advancement event
shard-004,3580,2026-09-15T06:08:32.373531+00:00,1.082794848616686,speculative,UTC-anchored advancement event
shard-005,4415,2026-09-15T06:09:02.529678+00:00,0.9403755743166281,speculative,UTC-anchored advancement event
shard-004,3581,2026-09-15T06:09:11.116417+00:00,0.6367743347166349,speculative,UTC-anchored advancement event
shard-004,3582,2026-09-15T06:09:42.221906+00:00,0.509875537500011,speculative,UTC-anchored advancement event
shard-005,4416,2026-09-15T06:09:43.938159+00:00,0.6807206444333133,speculative,UTC-anchored advancement event
shard-004,3583,2026-09-15T06:10:22.673733+00:00,0.6657152159667021,speculative,UTC-anchored advancement event
shard-005,4417,2026-09-15T06:10:46.700175+00:00,1.0377683048666464,speculative,UTC-anchored advancement event
shard-004,3584,2026-09-15T06:10:56.350962+00:00,0.5402912034666466,speculative,UTC-anchored advancement event
shard-004,3585,2026-09-15T06:11:34.388570+00:00,0.6259092138833391,speculative,UTC-anchored advancement event
shard-005,4418,2026-09-15T06:12:01.058034+00:00,1.2309449805499753,speculative,UTC-anchored advancement event
shard-004,3586,2026-09-15T06:12:09.595237+00:00,0.5783061548666714,speculative,UTC-anchored advancement event
shard-004,3587,2026-09-15T06:12:41.986766+00:00,0.5345034270832911,speculative,UTC-anchored advancement event
shard-005,4419,2026-09-15T06:12:41.986766+00:00,0.6737179985999925,speculative,UTC-anchored advancement event
shard-004,3588,2026-09-15T06:13:32.481076+00:00,0.8156481034666285,speculative,UTC-anchored advancement event
shard-005,4420,2026-09-15T06:13:46.693839+00:00,1.055541775683317,speculative,UTC-anchored advancement event
shard-005,4421,2026-09-15T06:14:31.608236+00:00,0.7398373409832857,speculative,UTC-anchored advancement event
shard-004,3589,2026-09-15T06:14:33.329899+00:00,1.0053964312499981,speculative,UTC-anchored advancement event
shard-005,4422,2026-09-15T06:14:58.955361+00:00,0.4473589562500517,speculative,UTC-anchored advancement event
shard-004,3590,2026-09-15T06:15:14.286249+00:00,0.6742784104166882,speculative,UTC-anchored advancement event
shard-005,4423,2026-09-15T06:15:34.828792+00:00,0.5892275722166839,speculative,UTC-anchored advancement event
shard-004,3591,2026-09-15T06:15:51.326032+00:00,0.5988160882000254,speculative,UTC-anchored advancement event
shard-005,4424,2026-09-15T06:16:01.054864+00:00,0.428383874300016,speculative,UTC-anchored advancement event
shard-005,4425,2026-09-15T06:16:32.364289+00:00,0.5131010319499789,speculative,UTC-anchored advancement event
shard-005,4426,2026-09-15T06:16:55.725085+00:00,0.38081407221664754,speculative,UTC-anchored advancement event
shard-005,4427,2026-09-15T06:17:44.084726+00:00,0.7974571020833536,speculative,UTC-anchored advancement event
shard-005,4428,2026-09-15T06:18:19.504444+00:00,0.5807716444500329,speculative,UTC-anchored advancement event
shard-005,4429,2026-09-15T06:18:58.687195+00:00,0.6442412388833569,speculative,UTC-anchored advancement event
shard-005,4430,2026-09-15T06:19:43.476925+00:00,0.7380668180499924,speculative,UTC-anchored advancement event
shard-005,4431,2026-09-15T06:20:20.324802+00:00,0.605818972916677,speculative,UTC-anchored advancement event
shard-004,3592,2026-09-15T06:20:28.802331+00:00,4.61515376389998,speculative,UTC-anchored advancement event
shard-004,3593,2026-09-15T06:21:14.695621+00:00,0.7566076104166617,speculative,UTC-anchored advancement event
shard-005,4432,2026-09-15T06:21:16.373356+00:00,0.9257923701333615,speculative,UTC-anchored advancement event
shard-004,3594,2026-09-15T06:21:52.743788+00:00,0.6262093277666888,speculative,UTC-anchored advancement event
shard-004,3595,2026-09-15T06:22:34.294173+00:00,0.6840903361166663,speculative,UTC-anchored advancement event
shard-004,3596,2026-09-15T06:23:43.157593+00:00,1.1393932854166755,speculative,UTC-anchored advancement event
shard-005,4433,2026-09-15T06:23:56.326192+00:00,2.6480651868000376,speculative,UTC-anchored advancement event
shard-004,3597,2026-09-15T06:24:23.132295+00:00,0.6568601083333608,speculative,UTC-anchored advancement event
shard-005,4434,2026-09-15T06:24:51.025110+00:00,0.902439309033313,speculative,UTC-anchored advancement event
shard-005,4435,2026-09-15T06:25:25.324261+00:00,0.5521741104166722,speculative,UTC-anchored advancement event
shard-005,4436,2026-09-15T06:27:00.389215+00:00,1.5760009590333235,speculative,UTC-anchored advancement event
shard-005,4437,2026-09-15T06:27:27.133245+00:00,0.4373239624999769,speculative,UTC-anchored advancement event
shard-005,4438,2026-09-15T06:27:57.306210+00:00,0.49451311390002956,speculative,UTC-anchored advancement event
shard-005,4439,2026-09-15T06:28:34.283230+00:00,0.6077943499999795,speculative,UTC-anchored advancement event
shard-005,4440,2026-09-15T06:29:08.983193+00:00,0.5699650381833635,speculative,UTC-anchored advancement event
shard-005,4441,2026-09-15T06:29:56.974767+00:00,0.7814864694333664,speculative,UTC-anchored advancement event
shard-005,4442,2026-09-15T06:30:45.569140+00:00,0.797720095133324,speculative,UTC-anchored advancement event
shard-004,3598,2026-09-15T06:31:51.694580+00:00,7.473741370133333,speculative,UTC-anchored advancement event
shard-005,4443,2026-09-15T06:32:03.873838+00:00,1.2956535624999863,speculative,UTC-anchored advancement event
shard-004,3599,2026-09-15T06:32:22.467678+00:00,0.49910701805001734,speculative,UTC-anchored advancement event
shard-005,4444,2026-09-15T06:32:40.015213+00:00,0.5935116257000118,speculative,UTC-anchored advancement event
shard-004,3600,2026-09-15T06:33:12.168487+00:00,0.8194653840333558,speculative,UTC-anchored advancement event
shard-005,4445,2026-09-15T06:33:19.628539+00:00,0.6389241819333014,speculative,UTC-anchored advancement event
shard-005,4446,2026-09-15T06:33:45.356883+00:00,0.4198571513833182,speculative,UTC-anchored advancement event
shard-005,4447,2026-09-15T06:34:33.957622+00:00,0.8009151000000202,speculative,UTC-anchored advancement event
shard-005,4448,2026-09-15T06:35:09.962678+00:00,0.5908554854166748,speculative,UTC-anchored advancement event
shard-005,4449,2026-09-15T06:35:41.525432+00:00,0.5169274201500229,speculative,UTC-anchored advancement event
shard-005,4450,2026-09-15T06:36:04.709382+00:00,0.3774686958333405,speculative,UTC-anchored advancement event
shard-005,4451,2026-09-15T06:36:46.042100+00:00,0.6671616652833109,speculative,UTC-anchored advancement event
shard-005,4452,2026-09-15T06:37:33.188279+00:00,0.776181950700023,speculative,UTC-anchored advancement event
shard-005,4453,2026-09-15T06:38:14.326513+00:00,0.6764713180500015,speculative,UTC-anchored advancement event
shard-005,4454,2026-09-15T06:38:55.937372+00:00,0.6848169180499705,speculative,UTC-anchored advancement event
shard-004,3601,2026-09-15T06:39:01.099437+00:00,5.8125740833333115,speculative,UTC-anchored advancement event
shard-005,4455,2026-09-15T06:39:26.777830+00:00,0.5047858229166499,speculative,UTC-anchored advancement event
shard-005,4456,2026-09-15T06:40:13.769014+00:00,0.7619183659833045,speculative,UTC-anchored advancement event
shard-005,4457,2026-09-15T06:40:39.439459+00:00,0.4187888631833024,speculative,UTC-anchored advancement event
shard-004,3602,2026-09-15T06:40:46.887158+00:00,1.749483201383373,speculative,UTC-anchored advancement event
shard-005,4458,2026-09-15T06:41:17.122178+00:00,0.619196977783334,speculative,UTC-anchored advancement event
shard-004,3603,2026-09-15T06:42:05.717642+00:00,1.3048408569500074,speculative,UTC-anchored advancement event
shard-005,4459,2026-09-15T06:42:34.544009+00:00,1.2811863097166376,speculative,UTC-anchored advancement event
shard-004,3604,2026-09-15T06:42:53.123991+00:00,0.7810857722166474,speculative,UTC-anchored advancement event
shard-004,3605,2026-09-15T06:43:42.868863+00:00,0.820053356933325,speculative,UTC-anchored advancement event
shard-005,4460,2026-09-15T06:43:44.705953+00:00,1.1472160868166612,speculative,UTC-anchored advancement event
shard-004,3606,2026-09-15T06:45:14.497006+00:00,1.5171770131833304,speculative,UTC-anchored advancement event
shard-004,3607,2026-09-15T06:45:53.038804+00:00,0.6331038979166502,speculative,UTC-anchored advancement event
shard-004,3608,2026-09-15T06:46:36.118785+00:00,0.7084224791666202,speculative,UTC-anchored advancement event
shard-005,4461,2026-09-15T06:47:06.639575+00:00,3.3701172486166495,speculative,UTC-anchored advancement event
shard-004,3609,2026-09-15T06:47:09.328381+00:00,0.5438984735999839,speculative,UTC-anchored advancement event
shard-004,3610,2026-09-15T06:48:11.156411+00:00,1.0205488520833266,speculative,UTC-anchored advancement event
shard-004,3611,2026-09-15T06:48:54.135664+00:00,0.7067359166666696,speculative,UTC-anchored advancement event
shard-004,3612,2026-09-15T06:49:36.097952+00:00,0.6900928326333694,speculative,UTC-anchored advancement event
shard-004,3613,2026-09-15T06:50:19.966694+00:00,0.721389166666692,speculative,UTC-anchored advancement event
shard-005,4462,2026-09-15T06:50:33.102271+00:00,3.41715425763335,speculative,UTC-anchored advancement event
shard-004,3614,2026-09-15T06:50:57.765092+00:00,0.6203629041666621,speculative,UTC-anchored advancement event
shard-005,4463,2026-09-15T06:51:32.567257+00:00,0.9670609604166506,speculative,UTC-anchored advancement event
shard-004,3615,2026-09-15T06:52:18.148961+00:00,1.3301436388833585,speculative,UTC-anchored advancement event
shard-005,4464,2026-09-15T06:52:25.651988+00:00,0.8746883340166581,speculative,UTC-anchored advancement event
shard-004,3616,2026-09-15T06:53:08.927822+00:00,0.836551935416719,speculative,UTC-anchored advancement event
shard-005,4465,2026-09-15T06:53:31.522269+00:00,1.0881889770833368,speculative,UTC-anchored advancement event
shard-005,4466,2026-09-15T06:53:50.404876+00:00,0.28965340485004465,speculative,UTC-anchored advancement event
shard-005,4467,2026-09-15T06:54:08.278850+00:00,0.28820891943329724,speculative,UTC-anchored advancement event
shard-004,3617,2026-09-15T06:55:02.186211+00:00,1.87727646388333,speculative,UTC-anchored advancement event
shard-004,3618,2026-09-15T06:55:27.879354+00:00,0.4189065152833185,speculative,UTC-anchored advancement event
shard-004,3619,2026-09-15T06:56:14.209674+00:00,0.7626644173666742,speculative,UTC-anchored advancement event
shard-004,3620,2026-09-15T06:56:57.901615+00:00,0.7189517923499806,speculative,UTC-anchored advancement event
shard-004,3621,2026-09-15T06:57:25.767049+00:00,0.455043442366635,speculative,UTC-anchored advancement event
shard-004,3622,2026-09-15T06:57:48.114692+00:00,0.3762770576500164,speculative,UTC-anchored advancement event
shard-004,3623,2026-09-15T06:58:14.900593+00:00,0.42251338750005135,speculative,UTC-anchored advancement event
shard-004,3624,2026-09-15T06:58:40.712008+00:00,0.4202095562499987,speculative,UTC-anchored advancement event
shard-004,3625,2026-09-15T06:59:36.161738+00:00,0.913691072916663,speculative,UTC-anchored advancement event
shard-004,3626,2026-09-15T07:00:05.379604+00:00,0.47677739445001255,speculative,UTC-anchored advancement event
shard-004,3627,2026-09-15T07:00:49.288427+00:00,0.7218954708333816,speculative,UTC-anchored advancement event
shard-004,3628,2026-09-15T07:01:28.661067+00:00,0.6464410645833293,speculative,UTC-anchored advancement event
shard-004,3629,2026-09-15T07:02:30.765640+00:00,1.012266420833354,speculative,UTC-anchored advancement event
shard-004,3630,2026-09-15T07:03:02.148721+00:00,0.5130311152666763,speculative,UTC-anchored advancement event
shard-004,3631,2026-09-15T07:03:42.556731+00:00,0.6632808222333552,speculative,UTC-anchored advancement event
shard-004,3632,2026-09-15T07:04:11.349715+00:00,0.47078052778330554,speculative,UTC-anchored advancement event
shard-004,3633,2026-09-15T07:04:46.714848+00:00,0.5808896027833422,speculative,UTC-anchored advancement event
shard-004,3634,2026-09-15T07:05:29.936172+00:00,0.7118577236166553,speculative,UTC-anchored advancement event
shard-004,3635,2026-09-15T07:06:12.068424+00:00,0.6824931270832774,speculative,UTC-anchored advancement event
shard-004,3636,2026-09-15T07:06:50.045901+00:00,0.6243269534666372,speculative,UTC-anchored advancement event
shard-004,3637,2026-09-15T07:07:26.967832+00:00,0.6063570298666794,speculative,UTC-anchored advancement event
shard-004,3638,2026-09-15T07:08:11.908178+00:00,0.7393607715333322,speculative,UTC-anchored advancement event
shard-004,3639,2026-09-15T07:08:43.081709+00:00,0.5105993340166606,speculative,UTC-anchored advancement event
shard-004,3640,2026-09-15T07:10:41.088357+00:00,1.9585034937500192,speculative,UTC-anchored advancement event
shard-004,3641,2026-09-15T07:11:44.702061+00:00,1.051450938199984,speculative,UTC-anchored advancement event
shard-004,3642,2026-09-15T07:12:29.477575+00:00,0.7370808173666471,speculative,UTC-anchored advancement event
shard-004,3643,2026-09-15T07:13:07.975084+00:00,0.6326497708333287,speculative,UTC-anchored advancement event
shard-004,3644,2026-09-15T07:14:59.383676+00:00,1.8475973027666746,speculative,UTC-anchored advancement event
shard-004,3645,2026-09-15T07:15:46.345371+00:00,0.7737926180499926,speculative,UTC-anchored advancement event
shard-004,3646,2026-09-15T07:16:40.019712+00:00,0.8851098284833522,speculative,UTC-anchored advancement event
shard-004,3647,2026-09-15T07:18:08.930541+00:00,1.486247760416639,speculative,UTC-anchored advancement event
shard-004,3648,2026-09-15T07:19:16.741552+00:00,1.1078643499999694,speculative,UTC-anchored advancement event
shard-004,3649,2026-09-15T07:22:06.114287+00:00,2.8136222284666776,speculative,UTC-anchored advancement event
shard-004,3650,2026-09-15T07:22:39.802528+00:00,0.5523096132000016,speculative,UTC-anchored advancement event
shard-004,3651,2026-09-15T07:23:25.996514+00:00,0.7604327513833898,speculative,UTC-anchored advancement event
shard-004,3652,2026-09-15T07:23:47.839967+00:00,0.3552039382000051,speculative,UTC-anchored advancement event
shard-004,3653,2026-09-15T07:24:32.770276+00:00,0.7399823576499936,speculative,UTC-anchored advancement event
shard-004,3654,2026-09-15T07:25:05.011703+00:00,0.5148980590333546,speculative,UTC-anchored advancement event
shard-004,3655,2026-09-15T07:25:44.261703+00:00,0.6455280604167153,speculative,UTC-anchored advancement event
shard-004,3656,2026-09-15T07:26:13.347647+00:00,0.4761061937499714,speculative,UTC-anchored advancement event
shard-004,3657,2026-09-15T07:26:42.428401+00:00,0.47484049234996445,speculative,UTC-anchored advancement event
shard-004,3658,2026-09-15T07:27:12.607749+00:00,0.49432574931664325,speculative,UTC-anchored advancement event
shard-004,3659,2026-09-15T07:28:00.009762+00:00,0.7812217833333004,speculative,UTC-anchored advancement event
shard-004,3660,2026-09-15T07:28:52.637913+00:00,0.855355207633329,speculative,UTC-anchored advancement event
shard-004,3661,2026-09-15T07:29:30.892273+00:00,0.6289691277666861,speculative,UTC-anchored advancement event
shard-004,3662,2026-09-15T07:30:19.262051+00:00,0.7967401333333328,speculative,UTC-anchored advancement event
shard-004,3663,2026-09-15T07:30:53.704044+00:00,0.5651552222167083,speculative,UTC-anchored advancement event
shard-004,3664,2026-09-15T07:31:35.086088+00:00,0.6810791236166551,speculative,UTC-anchored advancement event
shard-004,3665,2026-09-15T07:32:41.962681+00:00,1.1059617298666733,speculative,UTC-anchored advancement event
shard-004,3666,2026-09-15T07:33:29.774944+00:00,0.7870874083333547,speculative,UTC-anchored advancement event
shard-004,3667,2026-09-15T07:33:52.123452+00:00,0.36235359374998855,speculative,UTC-anchored advancement event
shard-004,3668,2026-09-15T07:34:35.903068+00:00,0.72091048125003,speculative,UTC-anchored advancement event
shard-004,3669,2026-09-15T07:35:16.003757+00:00,0.6596168381999935,speculative,UTC-anchored advancement event
shard-004,3670,2026-09-15T07:35:52.875379+00:00,0.6055385791666897,speculative,UTC-anchored advancement event
shard-004,3671,2026-09-15T07:36:34.280678+00:00,0.6799661888833118,speculative,UTC-anchored advancement event
shard-004,3672,2026-09-15T07:36:59.792175+00:00,0.4146181875000063,speculative,UTC-anchored advancement event
shard-004,3673,2026-09-15T07:53:24.579162+00:00,16.399276113883328,speculative,UTC-anchored advancement event
shard-004,3674,2026-09-15T07:54:44.873687+00:00,1.3229074923666,speculative,UTC-anchored advancement event
shard-004,3675,2026-09-15T07:55:25.155743+00:00,0.6622809159666455,speculative,UTC-anchored advancement event
shard-004,3676,2026-09-15T07:56:45.715470+00:00,1.3330790145833211,speculative,UTC-anchored advancement event
shard-004,3677,2026-09-15T07:57:53.483702+00:00,1.1202346243165568,speculative,UTC-anchored advancement event
shard-004,3678,2026-09-15T07:59:42.756862+00:00,1.810581979866644,speculative,UTC-anchored advancement event
shard-004,3679,2026-09-15T08:00:14.008947+00:00,0.5115147381999122,speculative,UTC-anchored advancement event
shard-004,3680,2026-09-15T08:00:47.376551+00:00,0.5468735868167035,speculative,UTC-anchored advancement event
shard-004,3681,2026-09-15T08:01:21.873215+00:00,0.5658921479166262,speculative,UTC-anchored advancement event
shard-004,3682,2026-09-15T08:01:46.080926+00:00,0.383317595833311,speculative,UTC-anchored advancement event
shard-004,3683,2026-09-15T08:02:50.902626+00:00,1.0712029326333625,speculative,UTC-anchored advancement event
shard-004,3684,2026-09-15T08:03:42.882744+00:00,0.8573164909665745,speculative,UTC-anchored advancement event
shard-004,3685,2026-09-15T08:04:28.445629+00:00,0.7491213979166786,speculative,UTC-anchored advancement event
shard-004,3686,2026-09-15T08:05:07.903220+00:00,0.6485305208333254,speculative,UTC-anchored advancement event
shard-004,3687,2026-09-15T08:08:22.918885+00:00,3.240449266666716,speculative,UTC-anchored advancement event
shard-004,3688,2026-09-15T08:09:40.549257+00:00,1.2969664305499464,speculative,UTC-anchored advancement event
shard-004,3689,2026-09-15T08:10:33.470689+00:00,0.8588645583332739,speculative,UTC-anchored advancement event
shard-004,3690,2026-09-15T08:11:07.480865+00:00,0.556245845149897,speculative,UTC-anchored advancement event
shard-004,3691,2026-09-15T08:11:43.715160+00:00,0.5941619097166646,speculative,UTC-anchored advancement event
shard-004,3692,2026-09-15T08:12:18.607163+00:00,0.5725089367999316,speculative,UTC-anchored advancement event
shard-004,3693,2026-09-15T08:12:55.928762+00:00,0.6127675305498996,speculative,UTC-anchored advancement event
shard-004,3694,2026-09-15T08:13:35.730500+00:00,0.6644708597332889,speculative,UTC-anchored advancement event
shard-004,3695,2026-09-15T08:14:13.650697+00:00,0.6120683666666689,speculative,UTC-anchored advancement event
shard-004,3696,2026-09-15T08:14:47.573506+00:00,0.5550833090166027,speculative,UTC-anchored advancement event
shard-004,3697,2026-09-15T08:15:19.250953+00:00,0.5176028076333751,speculative,UTC-anchored advancement event
shard-004,3698,2026-09-15T08:25:45.083939+00:00,10.428782853466691,speculative,UTC-anchored advancement event
shard-004,3699,2026-09-15T08:26:41.902139+00:00,0.93016191041667,speculative,UTC-anchored advancement event
shard-004,3700,2026-09-15T08:27:38.808845+00:00,0.9390555395833265,speculative,UTC-anchored advancement event
shard-004,3701,2026-09-15T08:28:44.030128+00:00,1.0764564138999655,speculative,UTC-anchored advancement event
shard-004,3702,2026-09-15T08:29:28.883894+00:00,0.7370072041667299,speculative,UTC-anchored advancement event
shard-004,3703,2026-09-15T08:29:58.742404+00:00,0.48854944721667076,speculative,UTC-anchored advancement event
shard-004,3704,2026-09-15T08:30:34.358777+00:00,0.584835486116693,speculative,UTC-anchored advancement event
shard-004,3705,2026-09-15T08:31:11.188025+00:00,0.6046114854166565,speculative,UTC-anchored advancement event
shard-004,3706,2026-09-15T08:31:50.492610+00:00,0.6315119881999028,speculative,UTC-anchored advancement event
shard-004,3707,2026-09-15T08:32:25.443518+00:00,0.5730338326500107,speculative,UTC-anchored advancement event
shard-004,3708,2026-09-15T08:33:09.786825+00:00,0.7279547888832895,speculative,UTC-anchored advancement event
shard-004,3709,2026-09-15T08:33:47.997530+00:00,0.6272850930500378,speculative,UTC-anchored advancement event
shard-004,3710,2026-09-15T08:34:27.337370+00:00,0.6456866499999402,speculative,UTC-anchored advancement event
shard-004,3711,2026-09-15T08:35:08.868428+00:00,0.6818779729167243,speculative,UTC-anchored advancement event
shard-004,3712,2026-09-15T08:35:55.078119+00:00,0.7474433423500159,speculative,UTC-anchored advancement event
shard-004,3713,2026-09-15T08:36:48.566873+00:00,0.8814459708333743,speculative,UTC-anchored advancement event
shard-004,3714,2026-09-15T08:37:42.894373+00:00,0.895693391666767,speculative,UTC-anchored advancement event
shard-004,3715,2026-09-15T08:38:15.456020+00:00,0.5321800979167165,speculative,UTC-anchored advancement event
shard-004,3716,2026-09-15T08:38:43.397664+00:00,0.45628463054999885,speculative,UTC-anchored advancement event
shard-004,3717,2026-09-15T08:39:25.037672+00:00,0.6842558722165752,speculative,UTC-anchored advancement event
shard-004,3718,2026-09-15T08:40:09.966872+00:00,0.7507031395832503,speculative,UTC-anchored advancement event
shard-004,3719,2026-09-15T08:52:41.687708+00:00,12.512810078466767,speculative,UTC-anchored advancement event
shard-004,3720,2026-09-15T08:53:25.836411+00:00,0.7200126951333611,speculative,UTC-anchored advancement event
shard-004,3721,2026-09-15T08:54:08.378515+00:00,0.6996085826500348,speculative,UTC-anchored advancement event
shard-004,3722,2026-09-15T08:54:31.676753+00:00,0.37923247430007906,speculative,UTC-anchored advancement event
shard-006,4468,2026-09-15T09:04:41.385894+00:00,0.7473026013833685,speculative,UTC-anchored advancement event
shard-006,4469,2026-09-15T09:05:15.778574+00:00,0.5670998104166453,speculative,UTC-anchored advancement event
shard-006,4470,2026-09-15T09:06:03.740892+00:00,0.7914504805499746,speculative,UTC-anchored advancement event
shard-007,5211,2026-09-15T09:06:45.112619+00:00,2.809145622216602,speculative,UTC-anchored advancement event
shard-006,4471,2026-09-15T09:06:47.749255+00:00,0.7255671416666397,speculative,UTC-anchored advancement event
shard-006,4472,2026-09-15T09:07:17.797695+00:00,0.49382128124998415,speculative,UTC-anchored advancement event
shard-007,5212,2026-09-15T09:07:34.159086+00:00,0.810247452783248,speculative,UTC-anchored advancement event
shard-006,4473,2026-09-15T09:08:03.144206+00:00,0.7485199048666497,speculative,UTC-anchored advancement event
shard-006,4474,2026-09-15T09:08:29.801229+00:00,0.43609831320003045,speculative,UTC-anchored advancement event
shard-007,5213,2026-09-15T09:08:37.017310+00:00,1.0398897166665848,speculative,UTC-anchored advancement event
shard-006,4475,2026-09-15T09:09:05.949882+00:00,0.5946562562499215,speculative,UTC-anchored advancement event
shard-007,5214,2026-09-15T09:09:24.696299+00:00,0.7886756604166294,speculative,UTC-anchored advancement event
shard-006,4476,2026-09-15T09:09:55.705305+00:00,0.8213326507000602,speculative,UTC-anchored advancement event
shard-007,5215,2026-09-15T09:09:55.705305+00:00,0.5094890930500696,speculative,UTC-anchored advancement event
shard-007,5216,2026-09-15T09:10:29.711763+00:00,0.5538928215333726,speculative,UTC-anchored advancement event
shard-006,4477,2026-09-15T09:10:36.955980+00:00,0.6776219354166338,speculative,UTC-anchored advancement event
shard-006,4478,2026-09-15T09:11:12.730831+00:00,0.5891981159666708,speculative,UTC-anchored advancement event
shard-007,5217,2026-09-15T09:11:14.274443+00:00,0.7345458208332275,speculative,UTC-anchored advancement event
shard-007,5218,2026-09-15T09:11:46.528882+00:00,0.5359300624999984,speculative,UTC-anchored advancement event
shard-006,4479,2026-09-15T09:11:49.373446+00:00,0.6034095944500829,speculative,UTC-anchored advancement event
shard-006,4480,2026-09-15T09:12:28.647993+00:00,0.6496147430665588,speculative,UTC-anchored advancement event
shard-007,5219,2026-09-15T09:12:47.385567+00:00,1.00390515416669,speculative,UTC-anchored advancement event
shard-007,5220,2026-09-15T09:14:03.116305+00:00,1.2553291937500035,speculative,UTC-anchored advancement event
shard-006,4481,2026-09-15T09:14:39.677829+00:00,2.1774251875000723,speculative,UTC-anchored advancement event
shard-007,5221,2026-09-15T09:14:41.212373+00:00,0.6284106486166517,speculative,UTC-anchored advancement event
shard-006,4482,2026-09-15T09:15:08.959447+00:00,0.4836471451332424,speculative,UTC-anchored advancement event
shard-007,5222,2026-09-15T09:15:26.608458+00:00,0.7540199305499603,speculative,UTC-anchored advancement event
shard-006,4483,2026-09-15T09:15:35.958129+00:00,0.4436653333332894,speculative,UTC-anchored advancement event
shard-007,5223,2026-09-15T09:16:00.324182+00:00,0.5568501666666028,speculative,UTC-anchored advancement event
shard-006,4484,2026-09-15T09:16:08.572545+00:00,0.5391071333334063,speculative,UTC-anchored advancement event
shard-006,4485,2026-09-15T09:16:44.229641+00:00,0.5912821187499503,speculative,UTC-anchored advancement event
shard-007,5224,2026-09-15T09:17:02.922609+00:00,1.0365451562500918,speculative,UTC-anchored advancement event
shard-006,4486,2026-09-15T09:17:12.426619+00:00,0.46173249861664467,speculative,UTC-anchored advancement event
shard-006,4487,2026-09-15T09:17:41.479631+00:00,0.4766807875000571,speculative,UTC-anchored advancement event
shard-007,5225,2026-09-15T09:18:25.951585+00:00,1.3758508486167558,speculative,UTC-anchored advancement event
shard-006,4488,2026-09-15T09:18:28.616809+00:00,0.7785683458333854,speculative,UTC-anchored advancement event
shard-006,4489,2026-09-15T09:18:57.391580+00:00,0.47282325971670314,speculative,UTC-anchored advancement event
shard-007,5226,2026-09-15T09:19:23.883704+00:00,0.9582981833333178,speculative,UTC-anchored advancement event
shard-007,5227,2026-09-15T09:19:52.603910+00:00,0.47169407361676957,speculative,UTC-anchored advancement event
shard-007,5228,2026-09-15T09:20:32.729045+00:00,0.6614143611165976,speculative,UTC-anchored advancement event
shard-006,4490,2026-09-15T09:20:38.716021+00:00,1.6811616326500372,speculative,UTC-anchored advancement event
shard-006,4491,2026-09-15T09:21:00.551289+00:00,0.35676180763330195,speculative,UTC-anchored advancement event
shard-006,4492,2026-09-15T09:22:02.542762+00:00,1.027404042349978,speculative,UTC-anchored advancement event
shard-006,4493,2026-09-15T09:22:28.635341+00:00,0.42909350139998426,speculative,UTC-anchored advancement event
shard-006,4494,2026-09-15T09:23:12.695604+00:00,0.7285984104166953,speculative,UTC-anchored advancement event
shard-006,4495,2026-09-15T09:23:37.687070+00:00,0.4107319881998895,speculative,UTC-anchored advancement event
shard-006,4496,2026-09-15T09:24:10.467495+00:00,0.54068407361677,speculative,UTC-anchored advancement event
shard-006,4497,2026-09-15T09:24:41.121595+00:00,0.5050433680667387,speculative,UTC-anchored advancement event
shard-006,4498,2026-09-15T09:25:18.461138+00:00,0.6164837131833337,speculative,UTC-anchored advancement event
shard-006,4499,2026-09-15T09:25:49.006281+00:00,0.5034064590166963,speculative,UTC-anchored advancement event
shard-006,4500,2026-09-15T09:26:37.856733+00:00,0.8096465812500052,speculative,UTC-anchored advancement event
shard-007,5229,2026-09-15T09:27:05.314416+00:00,6.542784109716619,speculative,UTC-anchored advancement event
shard-006,4501,2026-09-15T09:27:26.074996+00:00,0.7985949534666967,speculative,UTC-anchored advancement event
shard-007,5230,2026-09-15T09:27:56.934792+00:00,0.8507120215332785,speculative,UTC-anchored advancement event
shard-006,4502,2026-09-15T09:28:07.276523+00:00,0.681123896533245,speculative,UTC-anchored advancement event
shard-007,5231,2026-09-15T09:28:22.274393+00:00,0.41946475554990076,speculative,UTC-anchored advancement event
shard-006,4503,2026-09-15T09:28:49.672635+00:00,0.7018715354166488,speculative,UTC-anchored advancement event
shard-007,5232,2026-09-15T09:29:04.810880+00:00,0.7045903076500205,speculative,UTC-anchored advancement event
shard-007,5233,2026-09-15T09:29:59.281700+00:00,0.903080600000006,speculative,UTC-anchored advancement event
shard-006,4504,2026-09-15T09:30:50.575613+00:00,2.0085962124999543,speculative,UTC-anchored advancement event
shard-007,5234,2026-09-15T09:31:04.550762+00:00,1.079943340283353,speculative,UTC-anchored advancement event
shard-006,4505,2026-09-15T09:31:57.926995+00:00,1.1178328569499476,speculative,UTC-anchored advancement event
shard-007,5235,2026-09-15T09:33:28.630680+00:00,2.3959895999999086,speculative,UTC-anchored advancement event
shard-007,5236,2026-09-15T09:35:21.383697+00:00,1.8738174208333171,speculative,UTC-anchored advancement event
shard-007,5237,2026-09-15T09:35:55.458768+00:00,0.5631939965166869,speculative,UTC-anchored advancement event
shard-006,4506,2026-09-15T09:36:12.691167+00:00,4.239813652083345,speculative,UTC-anchored advancement event
shard-007,5238,2026-09-15T09:36:41.163407+00:00,0.7552021340333643,speculative,UTC-anchored advancement event
shard-006,4507,2026-09-15T09:37:06.246803+00:00,0.8858210722166404,speculative,UTC-anchored advancement event
shard-007,5239,2026-09-15T09:37:16.738679+00:00,0.5862699180666823,speculative,UTC-anchored advancement event
shard-007,5240,2026-09-15T09:37:53.080443+00:00,0.5993532715333761,speculative,UTC-anchored advancement event
shard-007,5241,2026-09-15T09:38:24.870362+00:00,0.5231710979166867,speculative,UTC-anchored advancement event
shard-007,5242,2026-09-15T09:38:55.594889+00:00,0.5053079465332606,speculative,UTC-anchored advancement event
shard-006,4508,2026-09-15T09:39:29.735449+00:00,2.384900249300093,speculative,UTC-anchored advancement event
shard-007,5243,2026-09-15T09:39:31.222909+00:00,0.586719172916734,speculative,UTC-anchored advancement event
shard-006,4509,2026-09-15T09:40:18.727123+00:00,0.81006219931672,speculative,UTC-anchored advancement event
shard-007,5244,2026-09-15T09:40:21.301289+00:00,0.8284967513833786,speculative,UTC-anchored advancement event
shard-006,4510,2026-09-15T09:41:07.646322+00:00,0.8093418034666684,speculative,UTC-anchored advancement event
shard-007,5245,2026-09-15T09:41:12.449392+00:00,0.8465688416666429,speculative,UTC-anchored advancement event
shard-007,5246,2026-09-15T09:41:53.177132+00:00,0.6730143944500014,speculative,UTC-anchored advancement event
shard-006,4511,2026-09-15T09:42:28.298204+00:00,1.3384402583332606,speculative,UTC-anchored advancement event
shard-007,5247,2026-09-15T09:42:33.166677+00:00,0.6606542715332276,speculative,UTC-anchored advancement event
shard-006,4512,2026-09-15T09:43:02.622579+00:00,0.5666504194333053,speculative,UTC-anchored advancement event
shard-007,5248,2026-09-15T09:43:11.935198+00:00,0.6426015583333841,speculative,UTC-anchored advancement event
shard-007,5249,2026-09-15T09:44:18.570004+00:00,1.1062018541666476,speculative,UTC-anchored advancement event
shard-006,4513,2026-09-15T09:44:26.761309+00:00,1.3975753416666217,speculative,UTC-anchored advancement event
shard-007,5250,2026-09-15T09:46:48.464405+00:00,2.4937161291666903,speculative,UTC-anchored advancement event
shard-007,5251,2026-09-15T09:47:30.329301+00:00,0.6929992520833669,speculative,UTC-anchored advancement event
shard-007,5252,2026-09-15T09:48:14.332869+00:00,0.7285547805500149,speculative,UTC-anchored advancement event
shard-006,4514,2026-09-15T09:49:30.749771+00:00,5.062282781249936,speculative,UTC-anchored advancement event
shard-006,4515,2026-09-15T09:51:12.032852+00:00,1.6829795506999896,speculative,UTC-anchored advancement event
shard-006,4516,2026-09-15T09:52:23.128178+00:00,1.1798950666667225,speculative,UTC-anchored advancement event
shard-006,4517,2026-09-15T09:52:51.457379+00:00,0.4673243986166199,speculative,UTC-anchored advancement event
shard-006,4518,2026-09-15T09:53:23.251649+00:00,0.5255713485999877,speculative,UTC-anchored advancement event
shard-006,4519,2026-09-15T09:53:56.593463+00:00,0.5461486305666767,speculative,UTC-anchored advancement event
shard-006,4520,2026-09-15T09:54:26.456931+00:00,0.49002120763325363,speculative,UTC-anchored advancement event
shard-006,4521,2026-09-15T09:54:57.405678+00:00,0.5106453249999807,speculative,UTC-anchored advancement event
shard-006,4522,2026-09-15T09:55:36.310820+00:00,0.6432732048666366,speculative,UTC-anchored advancement event
shard-007,5253,2026-09-15T09:55:44.624403+00:00,7.503505268750087,speculative,UTC-anchored advancement event
shard-006,4523,2026-09-15T09:56:24.533235+00:00,0.7966483944499487,speculative,UTC-anchored advancement event
shard-007,5254,2026-09-15T09:56:37.233993+00:00,0.8672539659666654,speculative,UTC-anchored advancement event
shard-006,4524,2026-09-15T09:56:57.687657+00:00,0.5490109770834048,speculative,UTC-anchored advancement event
shard-007,5255,2026-09-15T09:57:10.382847+00:00,0.549003193050036,speculative,UTC-anchored advancement event
shard-006,4525,2026-09-15T09:57:30.913451+00:00,0.5489993819500039,speculative,UTC-anchored advancement event
shard-007,5256,2026-09-15T09:57:54.868359+00:00,0.7353624881833336,speculative,UTC-anchored advancement event
shard-006,4526,2026-09-15T09:58:03.064107+00:00,0.529616280566673,speculative,UTC-anchored advancement event
shard-007,5257,2026-09-15T09:58:19.109993+00:00,0.39761425625001723,speculative,UTC-anchored advancement event
shard-006,4527,2026-09-15T09:58:35.129045+00:00,0.5284263110999745,speculative,UTC-anchored advancement event
shard-006,4528,2026-09-15T09:59:28.256691+00:00,0.8792828124999991,speculative,UTC-anchored advancement event
shard-007,5258,2026-09-15T09:59:40.928283+00:00,1.357338690283359,speculative,UTC-anchored advancement event
shard-007,5259,2026-09-15T10:00:34.047869+00:00,0.8788695937500355,speculative,UTC-anchored advancement event
shard-006,4529,2026-09-15T10:00:48.986127+00:00,1.3391977041666299,speculative,UTC-anchored advancement event
shard-007,5260,2026-09-15T10:01:15.148211+00:00,0.678716507633241,speculative,UTC-anchored advancement event
shard-007,5261,2026-09-15T10:02:03.729303+00:00,0.8035562124999464,speculative,UTC-anchored advancement event
shard-006,4530,2026-09-15T10:02:36.581181+00:00,1.7871753243000663,speculative,UTC-anchored advancement event
shard-007,5262,2026-09-15T10:02:49.261159+00:00,0.7526404138832732,speculative,UTC-anchored advancement event
shard-006,4531,2026-09-15T10:03:04.116176+00:00,0.4540805479166011,speculative,UTC-anchored advancement event
shard-007,5263,2026-09-15T10:03:31.428990+00:00,0.6996285861166446,speculative,UTC-anchored advancement event
shard-006,4532,2026-09-15T10:03:59.888227+00:00,0.924963659033286,speculative,UTC-anchored advancement event
shard-007,5264,2026-09-15T10:04:12.579987+00:00,0.680952229849936,speculative,UTC-anchored advancement event
shard-007,5265,2026-09-15T10:04:53.398734+00:00,0.6748435687500508,speculative,UTC-anchored advancement event
shard-006,4533,2026-09-15T10:04:54.873675+00:00,0.9098297534833061,speculative,UTC-anchored advancement event
shard-006,4534,2026-09-15T10:05:19.906760+00:00,0.4111471743166476,speculative,UTC-anchored advancement event
shard-007,5266,2026-09-15T10:05:46.101946+00:00,0.8723094076332927,speculative,UTC-anchored advancement event
shard-006,4535,2026-09-15T10:05:58.789793+00:00,0.6419249687500269,speculative,UTC-anchored advancement event
shard-007,5267,2026-09-15T10:06:35.035710+00:00,0.80941542569999,speculative,UTC-anchored advancement event
shard-007,5268,2026-09-15T10:07:14.661229+00:00,0.6540875965334029,speculative,UTC-anchored advancement event
shard-007,5269,2026-09-15T10:07:46.421633+00:00,0.5229982569499649,speculative,UTC-anchored advancement event
shard-007,5270,2026-09-15T10:08:23.865998+00:00,0.6177114895833559,speculative,UTC-anchored advancement event
shard-007,5271,2026-09-15T10:09:04.664895+00:00,0.6736350416666634,speculative,UTC-anchored advancement event
shard-006,4536,2026-09-15T10:09:36.496600+00:00,3.622132647216616,speculative,UTC-anchored advancement event
shard-007,5272,2026-09-15T10:10:04.916149+00:00,0.9976523625001088,speculative,UTC-anchored advancement event
shard-006,4537,2026-09-15T10:10:38.989574+00:00,1.0353371625000969,speculative,UTC-anchored advancement event
shard-007,5273,2026-09-15T10:11:18.650991+00:00,1.2226263583333397,speculative,UTC-anchored advancement event
shard-006,4538,2026-09-15T10:11:23.483828+00:00,0.7348057715332591,speculative,UTC-anchored advancement event
shard-006,4539,2026-09-15T10:12:11.065256+00:00,0.787218334733431,speculative,UTC-anchored advancement event
shard-007,5274,2026-09-15T10:12:14.792558+00:00,0.9294380250000055,speculative,UTC-anchored advancement event
shard-007,5275,2026-09-15T10:13:10.311349+00:00,0.920525835416629,speculative,UTC-anchored advancement event
shard-006,4540,2026-09-15T10:14:12.458455+00:00,2.0174518979166653,speculative,UTC-anchored advancement event
shard-007,5276,2026-09-15T10:14:12.458455+00:00,1.0321200048666166,speculative,UTC-anchored advancement event
shard-006,4541,2026-09-15T10:14:43.421342+00:00,0.5080799270832358,speculative,UTC-anchored advancement event
shard-007,5277,2026-09-15T10:14:56.129939+00:00,0.7186045513833961,speculative,UTC-anchored advancement event
shard-006,4542,2026-09-15T10:15:16.720037+00:00,0.5486712034834151,speculative,UTC-anchored advancement event
shard-006,4543,2026-09-15T10:15:47.454832+00:00,0.5056237902666908,speculative,UTC-anchored advancement event
shard-006,4544,2026-09-15T10:16:20.396589+00:00,0.5426805791666993,speculative,UTC-anchored advancement event
shard-007,5278,2026-09-15T10:16:33.143455+00:00,1.6105460735999562,speculative,UTC-anchored advancement event
shard-006,4545,2026-09-15T10:16:51.527936+00:00,0.5122707618000277,speculative,UTC-anchored advancement event
shard-007,5279,2026-09-15T10:17:13.263259+00:00,0.6621253624999857,speculative,UTC-anchored advancement event
shard-006,4546,2026-09-15T10:17:20.344061+00:00,0.4735607243167275,speculative,UTC-anchored advancement event
shard-006,4547,2026-09-15T10:18:04.561239+00:00,0.7306337833332994,speculative,UTC-anchored advancement event
shard-007,5280,2026-09-15T10:18:08.285577+00:00,0.9105159055667172,speculative,UTC-anchored advancement event
shard-006,4548,2026-09-15T10:18:35.621585+00:00,0.5112027034666728,speculative,UTC-anchored advancement event
shard-007,5281,2026-09-15T10:18:43.835335+00:00,0.5876768937500553,speculative,UTC-anchored advancement event
shard-007,5282,2026-09-15T10:19:16.746577+00:00,0.5452226534666503,speculative,UTC-anchored advancement event
shard-006,4549,2026-09-15T10:19:19.362218+00:00,0.722547975000028,speculative,UTC-anchored advancement event
shard-006,4550,2026-09-15T10:19:52.331242+00:00,0.5433162666666855,speculative,UTC-anchored advancement event
shard-007,5283,2026-09-15T10:20:16.281108+00:00,0.9858106180500423,speculative,UTC-anchored advancement event
shard-006,4551,2026-09-15T10:20:24.543881+00:00,0.5303987201499695,speculative,UTC-anchored advancement event
shard-007,5284,2026-09-15T10:21:02.041313+00:00,0.7557599569499871,speculative,UTC-anchored advancement event
shard-006,4552,2026-09-15T10:21:18.112728+00:00,0.8866640215167233,speculative,UTC-anchored advancement event
shard-007,5285,2026-09-15T10:21:39.817192+00:00,0.6233098805500049,speculative,UTC-anchored advancement event
shard-007,5286,2026-09-15T10:22:17.300990+00:00,0.6180008256999524,speculative,UTC-anchored advancement event
shard-006,4553,2026-09-15T10:22:31.194953+00:00,1.2116184361167446,speculative,UTC-anchored advancement event
shard-007,5287,2026-09-15T10:22:42.827560+00:00,0.4184769624999414,speculative,UTC-anchored advancement event
shard-007,5288,2026-09-15T10:23:15.814396+00:00,0.5431587159667591,speculative,UTC-anchored advancement event
shard-007,5289,2026-09-15T10:23:48.796290+00:00,0.544640802766662,speculative,UTC-anchored advancement event
shard-006,4554,2026-09-15T10:23:51.322988+00:00,1.3301443284666068,speculative,UTC-anchored advancement event
shard-007,5290,2026-09-15T10:24:15.267480+00:00,0.43620895833325146,speculative,UTC-anchored advancement event
shard-006,4555,2026-09-15T10:24:19.024705+00:00,0.45542202916670554,speculative,UTC-anchored advancement event
shard-007,5291,2026-09-15T10:24:48.637803+00:00,0.5495122173666459,speculative,UTC-anchored advancement event
shard-006,4556,2026-09-15T10:25:02.487424+00:00,0.7182090298666783,speculative,UTC-anchored advancement event
shard-007,5292,2026-09-15T10:25:29.837191+00:00,0.6799403680499381,speculative,UTC-anchored advancement event
shard-007,5293,2026-09-15T10:26:01.685735+00:00,0.5243075958333066,speculative,UTC-anchored advancement event
shard-006,4557,2026-09-15T10:26:16.672570+00:00,1.2299659131999456,speculative,UTC-anchored advancement event
shard-007,5294,2026-09-15T10:26:31.668841+00:00,0.49333315416661205,speculative,UTC-anchored advancement event
shard-007,5295,2026-09-15T10:27:09.124745+00:00,0.6177836687499317,speculative,UTC-anchored advancement event
shard-007,5296,2026-09-15T10:27:35.358750+00:00,0.430653508333368,speculative,UTC-anchored advancement event
shard-007,5297,2026-09-15T10:28:01.556324+00:00,0.4332557235999654,speculative,UTC-anchored advancement event
shard-007,5298,2026-09-15T10:28:34.568640+00:00,0.545177078466683,speculative,UTC-anchored advancement event
shard-007,5299,2026-09-15T10:29:04.197293+00:00,0.4871746430667069,speculative,UTC-anchored advancement event
shard-007,5300,2026-09-15T10:29:37.241474+00:00,0.5437963513833286,speculative,UTC-anchored advancement event
shard-007,5301,2026-09-15T10:30:06.857795+00:00,0.48673566180004857,speculative,UTC-anchored advancement event
shard-007,5302,2026-09-15T10:30:33.076768+00:00,0.43051683403330876,speculative,UTC-anchored advancement event
shard-007,5303,2026-09-15T10:30:55.901275+00:00,0.37390288611677536,speculative,UTC-anchored advancement event
shard-006,4558,2026-09-15T10:31:23.245411+00:00,5.103033563899953,speculative,UTC-anchored advancement event
shard-006,4559,2026-09-15T10:36:57.917201+00:00,5.571328048616609,speculative,UTC-anchored advancement event
shard-007,5304,2026-09-15T10:37:27.935287+00:00,6.534146445149963,speculative,UTC-anchored advancement event
shard-007,5305,2026-09-15T10:37:57.771578+00:00,0.48815685070003384,speculative,UTC-anchored advancement event
shard-007,5306,2026-09-15T10:38:19.497935+00:00,0.35675228333335934,speculative,UTC-anchored advancement event
shard-007,5307,2026-09-15T10:38:49.098465+00:00,0.4867217625000194,speculative,UTC-anchored advancement event
shard-007,5308,2026-09-15T10:39:15.305375+00:00,0.4302259180500793,speculative,UTC-anchored advancement event
shard-007,5309,2026-09-15T10:40:10.768606+00:00,0.9177540562500023,speculative,UTC-anchored advancement event
shard-006,4560,2026-09-15T10:40:56.125007+00:00,3.962100195833409,speculative,UTC-anchored advancement event
shard-007,5310,2026-09-15T10:41:12.232037+00:00,1.0177540027833554,speculative,UTC-anchored advancement event
shard-007,5311,2026-09-15T10:41:36.259194+00:00,0.3935561340333758,speculative,UTC-anchored advancement event
shard-006,4561,2026-09-15T10:42:10.353781+00:00,1.230318429866626,speculative,UTC-anchored advancement event
shard-007,5312,2026-09-15T10:42:14.115000+00:00,0.624247686800057,speculative,UTC-anchored advancement event
shard-007,5313,2026-09-15T10:42:53.853902+00:00,0.6557481229165811,speculative,UTC-anchored advancement event
shard-006,4562,2026-09-15T10:42:58.648726+00:00,0.7996322527667264,speculative,UTC-anchored advancement event
shard-007,5314,2026-09-15T10:43:23.785285+00:00,0.4949201680500361,speculative,UTC-anchored advancement event
shard-007,5315,2026-09-15T10:44:04.779049+00:00,0.6765478916666325,speculative,UTC-anchored advancement event
shard-007,5316,2026-09-15T10:44:40.101010+00:00,0.5820047395833777,speculative,UTC-anchored advancement event
shard-006,4563,2026-09-15T10:44:51.746971+00:00,1.8786213597167565,speculative,UTC-anchored advancement event
shard-007,5317,2026-09-15T10:45:23.721587+00:00,0.7201046048667195,speculative,UTC-anchored advancement event
shard-006,4564,2026-09-15T10:45:43.286203+00:00,0.8515170472167181,speculative,UTC-anchored advancement event
shard-007,5318,2026-09-15T10:46:24.225542+00:00,1.001252958333377,speculative,UTC-anchored advancement event
shard-007,5319,2026-09-15T10:46:58.346691+00:00,0.5620274902667006,speculative,UTC-anchored advancement event
shard-006,4565,2026-09-15T10:47:05.476713+00:00,1.3627460979166548,speculative,UTC-anchored advancement event
shard-007,5320,2026-09-15T10:47:32.858257+00:00,0.5685543180500342,speculative,UTC-anchored advancement event
shard-006,4566,2026-09-15T10:47:42.253182+00:00,0.6064738208333438,speculative,UTC-anchored advancement event
shard-007,5321,2026-09-15T10:48:06.264021+00:00,0.5497456867999669,speculative,UTC-anchored advancement event
shard-006,4567,2026-09-15T10:48:14.548531+00:00,0.5331154409833592,speculative,UTC-anchored advancement event
shard-007,5322,2026-09-15T10:48:27.320048+00:00,0.3474879236166695,speculative,UTC-anchored advancement event
shard-006,4568,2026-09-15T10:48:50.294542+00:00,0.5920749284666574,speculative,UTC-anchored advancement event
shard-007,5323,2026-09-15T10:48:51.803139+00:00,0.40253469583331025,speculative,UTC-anchored advancement event
shard-006,4569,2026-09-15T10:49:22.658455+00:00,0.5327648034666103,speculative,UTC-anchored advancement event
shard-007,5324,2026-09-15T10:49:42.227299+00:00,0.8337593986166515,speculative,UTC-anchored advancement event
shard-006,4570,2026-09-15T10:49:57.278791+00:00,0.5702921916666431,speculative,UTC-anchored advancement event
shard-006,4571,2026-09-15T10:50:33.781475+00:00,0.6015367729166124,speculative,UTC-anchored advancement event
shard-007,5325,2026-09-15T10:50:37.553452+00:00,0.9153607083332947,speculative,UTC-anchored advancement event
shard-007,5326,2026-09-15T10:51:20.646663+00:00,0.7117064583333559,speculative,UTC-anchored advancement event
shard-006,4572,2026-09-15T10:51:30.055027+00:00,0.9308131020832662,speculative,UTC-anchored advancement event
shard-006,4573,2026-09-15T10:52:29.216187+00:00,0.9794466208333081,speculative,UTC-anchored advancement event
shard-006,4574,2026-09-15T10:53:16.856638+00:00,0.7871574430499702,speculative,UTC-anchored advancement event
shard-006,4575,2026-09-15T10:53:58.913268+00:00,0.6969720958333103,speculative,UTC-anchored advancement event
shard-007,5327,2026-09-15T10:54:17.345929+00:00,2.940140936800041,speculative,UTC-anchored advancement event
shard-006,4576,2026-09-15T10:54:45.997465+00:00,0.7780462555499981,speculative,UTC-anchored advancement event
shard-007,5328,2026-09-15T10:55:41.687226+00:00,1.3984982236167223,speculative,UTC-anchored advancement event
shard-007,5329,2026-09-15T10:56:53.131453+00:00,1.1837212104167216,speculative,UTC-anchored advancement event
shard-006,4577,2026-09-15T10:57:28.479018+00:00,2.701004665283229,speculative,UTC-anchored advancement event
shard-007,5330,2026-09-15T10:58:02.684585+00:00,1.1525145458332797,speculative,UTC-anchored advancement event
shard-006,4578,2026-09-15T10:58:06.472193+00:00,0.6262982312500147,speculative,UTC-anchored advancement event
shard-006,4579,2026-09-15T10:58:48.632655+00:00,0.6960565833332415,speculative,UTC-anchored advancement event
shard-007,5331,2026-09-15T10:58:52.428232+00:00,0.8219038409667215,speculative,UTC-anchored advancement event
shard-007,5332,2026-09-15T10:59:50.408242+00:00,0.9596627708332865,speculative,UTC-anchored advancement event
shard-006,4580,2026-09-15T11:00:33.664924+00:00,1.7435523361000378,speculative,UTC-anchored advancement event
shard-006,4581,2026-09-15T11:01:12.344682+00:00,0.6409780652833433,speculative,UTC-anchored advancement event
shard-007,5333,2026-09-15T11:01:27.405530+00:00,1.6110398597333793,speculative,UTC-anchored advancement event
shard-006,4582,2026-09-15T11:01:32.322876+00:00,0.32600101666660825,speculative,UTC-anchored advancement event
shard-006,4583,2026-09-15T11:01:54.172194+00:00,0.3576617354166956,speculative,UTC-anchored advancement event
shard-007,5334,2026-09-15T11:02:37.466885+00:00,1.1608318055500908,speculative,UTC-anchored advancement event
shard-006,4584,2026-09-15T11:03:02.741517+00:00,1.1356572014000752,speculative,UTC-anchored advancement event
shard-007,5335,2026-09-15T11:03:07.663850+00:00,0.4960042034666306,speculative,UTC-anchored advancement event
shard-006,4585,2026-09-15T11:03:46.397197+00:00,0.7205613367999225,speculative,UTC-anchored advancement event
shard-007,5336,2026-09-15T11:03:50.165963+00:00,0.7017291534666583,speculative,UTC-anchored advancement event
shard-007,5337,2026-09-15T11:04:21.055946+00:00,0.5080720305499805,speculative,UTC-anchored advancement event
shard-006,4586,2026-09-15T11:04:47.405548+00:00,1.0100317798666463,speculative,UTC-anchored advancement event
shard-007,5338,2026-09-15T11:04:47.405548+00:00,0.43308662778326834,speculative,UTC-anchored advancement event
shard-006,4587,2026-09-15T11:05:26.438849+00:00,0.6424139610999797,speculative,UTC-anchored advancement event
shard-007,5339,2026-09-15T11:05:36.967100+00:00,0.8161827326333878,speculative,UTC-anchored advancement event
shard-006,4588,2026-09-15T11:06:01.066062+00:00,0.5719186916666028,speculative,UTC-anchored advancement event
shard-007,5340,2026-09-15T11:06:19.607809+00:00,0.7036962097333647,speculative,UTC-anchored advancement event
shard-007,5341,2026-09-15T11:07:10.781109+00:00,0.8450692423666624,speculative,UTC-anchored advancement event
shard-006,4589,2026-09-15T11:07:31.528620+00:00,1.500009478466624,speculative,UTC-anchored advancement event
shard-007,5342,2026-09-15T11:07:52.262745+00:00,0.684094263900018,speculative,UTC-anchored advancement event
shard-006,4590,2026-09-15T11:08:25.426746+00:00,0.8912307340166686,speculative,UTC-anchored advancement event
shard-007,5343,2026-09-15T11:08:34.858699+00:00,0.7026249402833249,speculative,UTC-anchored advancement event
shard-006,4591,2026-09-15T11:09:14.716583+00:00,0.8143830236166347,speculative,UTC-anchored advancement event
shard-007,5344,2026-09-15T11:09:20.753349+00:00,0.7580458770833503,speculative,UTC-anchored advancement event
shard-006,4592,2026-09-15T11:09:53.900228+00:00,0.6460283736165972,speculative,UTC-anchored advancement event
shard-006,4593,2026-09-15T11:10:22.418365+00:00,0.4720824159667245,speculative,UTC-anchored advancement event
shard-007,5345,2026-09-15T11:10:22.418365+00:00,1.023846427783307,speculative,UTC-anchored advancement event
shard-007,5346,2026-09-15T11:11:03.813432+00:00,0.6804970354166774,speculative,UTC-anchored advancement event
shard-006,4594,2026-09-15T11:11:32.492964+00:00,1.1550667583333658,speculative,UTC-anchored advancement event
shard-007,5347,2026-09-15T11:12:02.266893+00:00,0.9667928708334027,speculative,UTC-anchored advancement event
shard-006,4595,2026-09-15T11:12:17.386038+00:00,0.7410177451332857,speculative,UTC-anchored advancement event
shard-007,5348,2026-09-15T11:13:07.503480+00:00,1.0800478777666285,speculative,UTC-anchored advancement event
shard-006,4596,2026-09-15T11:13:10.179875+00:00,0.8724447666667402,speculative,UTC-anchored advancement event
shard-006,4597,2026-09-15T11:14:02.468384+00:00,0.8647140034833379,speculative,UTC-anchored advancement event
shard-007,5349,2026-09-15T11:14:04.008265+00:00,0.934521583333238,speculative,UTC-anchored advancement event
shard-007,5350,2026-09-15T11:14:46.050950+00:00,0.6968338111165697,speculative,UTC-anchored advancement event
shard-006,4598,2026-09-15T11:14:47.584848+00:00,0.7450456152666447,speculative,UTC-anchored advancement event
shard-007,5351,2026-09-15T11:15:09.417874+00:00,0.38258577429999907,speculative,UTC-anchored advancement event
shard-006,4599,2026-09-15T11:15:24.538141+00:00,0.6091480124998877,speculative,UTC-anchored advancement event
shard-007,5352,2026-09-15T11:15:59.967139+00:00,0.8351449291666844,speculative,UTC-anchored advancement event
shard-006,4600,2026-09-15T11:16:01.516829+00:00,0.6088108090167225,speculative,UTC-anchored advancement event
shard-006,4601,2026-09-15T11:16:57.219294+00:00,0.921517170133302,speculative,UTC-anchored advancement event
shard-007,5353,2026-09-15T11:17:41.633520+00:00,1.6874081486166688,speculative,UTC-anchored advancement event
shard-006,4602,2026-09-15T11:18:12.535256+00:00,1.2482890513832292,speculative,UTC-anchored advancement event
shard-007,5354,2026-09-15T11:18:52.415152+00:00,1.1743491888999416,speculative,UTC-anchored advancement event
shard-006,4603,2026-09-15T11:19:37.986650+00:00,1.4203055416666757,speculative,UTC-anchored advancement event
shard-006,4604,2026-09-15T11:20:31.506785+00:00,0.8860561305666731,speculative,UTC-anchored advancement event
shard-006,4605,2026-09-15T11:20:55.628724+00:00,0.39508097291666977,speculative,UTC-anchored advancement event
shard-006,4606,2026-09-15T11:21:23.108523+00:00,0.4527762402833711,speculative,UTC-anchored advancement event
shard-007,5355,2026-09-15T11:21:48.355896+00:00,2.925042272216645,speculative,UTC-anchored advancement event
shard-006,4607,2026-09-15T11:21:53.285166+00:00,0.4955598132000887,speculative,UTC-anchored advancement event
shard-007,5356,2026-09-15T11:23:05.937944+00:00,1.285861378466628,speculative,UTC-anchored advancement event
shard-006,4608,2026-09-15T11:23:11.983525+00:00,1.3050580750000031,speculative,UTC-anchored advancement event
shard-006,4609,2026-09-15T11:23:53.072319+00:00,0.6795135326499196,speculative,UTC-anchored advancement event
shard-007,5357,2026-09-15T11:23:53.072319+00:00,0.7790234944500601,speculative,UTC-anchored advancement event
shard-006,4610,2026-09-15T11:24:35.642125+00:00,0.6958212659832498,speculative,UTC-anchored advancement event
shard-007,5358,2026-09-15T11:24:46.194139+00:00,0.8747080250000484,speculative,UTC-anchored advancement event
shard-007,5359,2026-09-15T11:25:29.517583+00:00,0.7149736847165816,speculative,UTC-anchored advancement event
shard-006,4611,2026-09-15T11:25:59.185585+00:00,1.3867089034666908,speculative,UTC-anchored advancement event
shard-007,5360,2026-09-15T11:26:13.142077+00:00,0.7213415777667251,speculative,UTC-anchored advancement event
shard-007,5361,2026-09-15T11:26:42.896634+00:00,0.48862417151673676,speculative,UTC-anchored advancement event
shard-006,4612,2026-09-15T11:26:59.115625+00:00,0.9918916590167404,speculative,UTC-anchored advancement event
shard-007,5362,2026-09-15T11:27:10.903528+00:00,0.45980100624995734,speculative,UTC-anchored advancement event
shard-006,4613,2026-09-15T11:28:04.390962+00:00,1.0799165673666722,speculative,UTC-anchored advancement event
shard-007,5363,2026-09-15T11:28:04.390962+00:00,0.8852180458333654,speculative,UTC-anchored advancement event
shard-007,5364,2026-09-15T11:28:45.784783+00:00,0.6764240791667059,speculative,UTC-anchored advancement event
shard-006,4614,2026-09-15T11:29:00.876493+00:00,0.931037646516658,speculative,UTC-anchored advancement event
shard-006,4615,2026-09-15T11:29:38.607001+00:00,0.6247908944500523,speculative,UTC-anchored advancement event
shard-007,5365,2026-09-15T11:29:38.607001+00:00,0.8752254895834388,speculative,UTC-anchored advancement event
shard-006,4616,2026-09-15T11:30:24.538898+00:00,0.7531526416666262,speculative,UTC-anchored advancement event
shard-007,5366,2026-09-15T11:30:31.733957+00:00,0.8747270729167212,speculative,UTC-anchored advancement event
shard-006,4617,2026-09-15T11:31:00.419963+00:00,0.5906312347166628,speculative,UTC-anchored advancement event
shard-007,5367,2026-09-15T11:31:14.426511+00:00,0.704547935416728,speculative,UTC-anchored advancement event
shard-006,4618,2026-09-15T11:31:23.893117+00:00,0.3837649277833407,speculative,UTC-anchored advancement event
shard-007,5368,2026-09-15T11:32:03.861805+00:00,0.8163631618166013,speculative,UTC-anchored advancement event
shard-006,4619,2026-09-15T11:32:08.701439+00:00,0.7412508069333853,speculative,UTC-anchored advancement event
shard-007,5369,2026-09-15T11:32:56.609719+00:00,0.8747007937500408,speculative,UTC-anchored advancement event
shard-006,4620,2026-09-15T11:32:58.143060+00:00,0.817128435416574,speculative,UTC-anchored advancement event
shard-006,4621,2026-09-15T11:33:44.777810+00:00,0.770358270150003,speculative,UTC-anchored advancement event
shard-007,5370,2026-09-15T11:33:55.355282+00:00,0.9723272027833445,speculative,UTC-anchored advancement event
shard-006,4622,2026-09-15T11:34:28.586486+00:00,0.7230557055499958,speculative,UTC-anchored advancement event
shard-007,5371,2026-09-15T11:34:32.413018+00:00,0.6100913944498946,speculative,UTC-anchored advancement event
shard-006,4623,2026-09-15T11:35:05.571766+00:00,0.6090422027666743,speculative,UTC-anchored advancement event
shard-007,5372,2026-09-15T11:35:34.233370+00:00,1.0231143805500325,speculative,UTC-anchored advancement event
shard-006,4624,2026-09-15T11:35:49.226438+00:00,0.7217206097166733,speculative,UTC-anchored advancement event
shard-007,5373,2026-09-15T11:36:44.987782+00:00,1.1751421756999965,speculative,UTC-anchored advancement event
shard-006,4625,2026-09-15T11:37:36.249127+00:00,1.776478325000062,speculative,UTC-anchored advancement event
shard-006,4626,2026-09-15T11:38:13.901443+00:00,0.6202815069500502,speculative,UTC-anchored advancement event
shard-007,5374,2026-09-15T11:40:02.835752+00:00,3.290027277783277,speculative,UTC-anchored advancement event
shard-007,5375,2026-09-15T11:40:31.506387+00:00,0.47056051806660737,speculative,UTC-anchored advancement event
shard-006,4627,2026-09-15T11:40:53.383444+00:00,2.650922469449991,speculative,UTC-anchored advancement event
shard-007,5376,2026-09-15T11:41:08.495360+00:00,0.6090606659666568,speculative,UTC-anchored advancement event
shard-007,5377,2026-09-15T11:41:43.972460+00:00,0.5840284916665648,speculative,UTC-anchored advancement event
shard-007,5378,2026-09-15T11:43:01.218777+00:00,1.2799858527666705,speculative,UTC-anchored advancement event
shard-007,5379,2026-09-15T11:44:00.443120+00:00,0.9812842861165942,speculative,UTC-anchored advancement event
shard-006,4628,2026-09-15T11:45:19.926783+00:00,4.435096372216746,speculative,UTC-anchored advancement event
shard-006,4629,2026-09-15T11:45:45.318431+00:00,0.41521260833336177,speculative,UTC-anchored advancement event
shard-007,5380,2026-09-15T11:45:54.671203+00:00,1.899506530566699,speculative,UTC-anchored advancement event
shard-007,5381,2026-09-15T11:46:39.143906+00:00,0.7339039381833572,speculative,UTC-anchored advancement event
shard-007,5382,2026-09-15T11:47:29.175735+00:00,0.8287506360999638,speculative,UTC-anchored advancement event
shard-006,4630,2026-09-15T11:47:34.165036+00:00,1.8083318534666128,speculative,UTC-anchored advancement event
shard-007,5383,2026-09-15T11:48:08.577266+00:00,0.6486433617999865,speculative,UTC-anchored advancement event
shard-006,4631,2026-09-15T11:48:31.614649+00:00,0.949981697216693,speculative,UTC-anchored advancement event
shard-007,5384,2026-09-15T11:48:39.944352+00:00,0.515180310416569,speculative,UTC-anchored advancement event
shard-006,4632,2026-09-15T11:49:06.285887+00:00,0.5702617756999341,speculative,UTC-anchored advancement event
shard-007,5385,2026-09-15T11:49:08.893353+00:00,0.4766926194499926,speculative,UTC-anchored advancement event
shard-006,4633,2026-09-15T11:49:30.769169+00:00,0.4040470291666376,speculative,UTC-anchored advancement event
shard-007,5386,2026-09-15T11:49:37.977582+00:00,0.4776202819333169,speculative,UTC-anchored advancement event
shard-006,4634,2026-09-15T11:49:53.048857+00:00,0.3638103756999044,speculative,UTC-anchored advancement event
shard-007,5387,2026-09-15T11:50:14.979045+00:00,0.6094099645832709,speculative,UTC-anchored advancement event
shard-006,4635,2026-09-15T11:50:16.559319+00:00,0.3840177333334092,speculative,UTC-anchored advancement event
shard-007,5388,2026-09-15T11:50:52.064269+00:00,0.6107568201499817,speculative,UTC-anchored advancement event
shard-006,4636,2026-09-15T11:51:03.699968+00:00,0.780244859033337,speculative,UTC-anchored advancement event
shard-006,4637,2026-09-15T11:51:30.181433+00:00,0.43552539515003447,speculative,UTC-anchored advancement event
shard-007,5389,2026-09-15T11:51:38.538651+00:00,0.7687944131833017,speculative,UTC-anchored advancement event
shard-006,4638,2026-09-15T11:52:04.972201+00:00,0.572084301383317,speculative,UTC-anchored advancement event
shard-007,5390,2026-09-15T11:52:14.468202+00:00,0.5915271784833749,speculative,UTC-anchored advancement event
shard-006,4639,2026-09-15T11:52:32.965834+00:00,0.4592023645833251,speculative,UTC-anchored advancement event
shard-007,5391,2026-09-15T11:52:52.574397+00:00,0.6277640597167192,speculative,UTC-anchored advancement event
shard-006,4640,2026-09-15T11:53:30.323764+00:00,0.9483684590332511,speculative,UTC-anchored advancement event
shard-007,5392,2026-09-15T11:53:45.341253+00:00,0.8750428277834241,speculative,UTC-anchored advancement event
shard-006,4641,2026-09-15T11:54:32.208337+00:00,1.0269798548666587,speculative,UTC-anchored advancement event
shard-006,4642,2026-09-15T11:55:16.748900+00:00,0.7348192124999817,speculative,UTC-anchored advancement event
shard-006,4643,2026-09-15T11:56:22.718118+00:00,1.0920906715332726,speculative,UTC-anchored advancement event
shard-006,4644,2026-09-15T11:57:02.703923+00:00,0.6586606208333251,speculative,UTC-anchored advancement event
shard-006,4645,2026-09-15T11:57:47.171409+00:00,0.7333073548667016,speculative,UTC-anchored advancement event
shard-006,4646,2026-09-15T11:58:51.968286+00:00,1.07256498125001,speculative,UTC-anchored advancement event
shard-007,5393,2026-09-15T11:59:31.327571+00:00,5.7642504972166835,speculative,UTC-anchored advancement event
shard-006,4647,2026-09-15T11:59:46.756308+00:00,0.9028839833333525,speculative,UTC-anchored advancement event
shard-007,5394,2026-09-15T12:00:10.931474+00:00,0.6475459194499611,speculative,UTC-anchored advancement event
shard-006,4648,2026-09-15T12:00:23.844580+00:00,0.6104554826499224,speculative,UTC-anchored advancement event
shard-006,4649,2026-09-15T12:00:48.036027+00:00,0.3953937201333853,speculative,UTC-anchored advancement event
shard-007,5395,2026-09-15T12:01:13.272364+00:00,1.033215808333383,speculative,UTC-anchored advancement event
shard-006,4650,2026-09-15T12:01:14.885839+00:00,0.44154040763326824,speculative,UTC-anchored advancement event
shard-006,4651,2026-09-15T12:02:06.123650+00:00,0.8467337930499829,speculative,UTC-anchored advancement event
shard-007,5396,2026-09-15T12:02:17.831727+00:00,1.068129146533344,speculative,UTC-anchored advancement event
shard-006,4652,2026-09-15T12:02:56.705663+00:00,0.835476709033416,speculative,UTC-anchored advancement event
shard-007,5397,2026-09-15T12:03:03.923511+00:00,0.7606523249999252,speculative,UTC-anchored advancement event
shard-007,5398,2026-09-15T12:03:48.440205+00:00,0.7361245389000639,speculative,UTC-anchored advancement event
shard-006,4653,2026-09-15T12:03:54.422248+00:00,0.9557290312500603,speculative,UTC-anchored advancement event
shard-006,4654,2026-09-15T12:05:03.737446+00:00,1.1514979659665794,speculative,UTC-anchored advancement event
shard-007,5399,2026-09-15T12:05:03.737446+00:00,1.251319549300024,speculative,UTC-anchored advancement event
shard-007,5400,2026-09-15T12:06:01.005944+00:00,0.9413961000000806,speculative,UTC-anchored advancement event
shard-006,4655,2026-09-15T12:06:08.208934+00:00,1.059702125683422,speculative,UTC-anchored advancement event
shard-007,5401,2026-09-15T12:06:52.608726+00:00,0.852604190266599,speculative,UTC-anchored advancement event
shard-006,4656,2026-09-15T12:07:17.914727+00:00,1.1545188791666685,speculative,UTC-anchored advancement event
shard-007,5402,2026-09-15T12:07:38.683224+00:00,0.7604235451333807,speculative,UTC-anchored advancement event
shard-007,5403,2026-09-15T12:08:50.313665+00:00,1.1877780750000966,speculative,UTC-anchored advancement event
shard-007,5404,2026-09-15T12:09:50.577169+00:00,0.9999190361000122,speculative,UTC-anchored advancement event
shard-006,4657,2026-09-15T12:10:10.245572+00:00,2.8662158680500096,speculative,UTC-anchored advancement event
shard-006,4658,2026-09-15T12:10:47.984550+00:00,0.6212846742999925,speculative,UTC-anchored advancement event
shard-006,4659,2026-09-15T12:11:31.381878+00:00,0.7153947055499884,speculative,UTC-anchored advancement event
shard-006,4660,2026-09-15T12:12:06.845803+00:00,0.5835301986166693,speculative,UTC-anchored advancement event
shard-006,4661,2026-09-15T12:13:00.344122+00:00,0.8839919909832437,speculative,UTC-anchored advancement event
shard-007,5405,2026-09-15T12:13:15.525637+00:00,3.408348101383308,speculative,UTC-anchored advancement event
shard-006,4662,2026-09-15T12:13:31.837000+00:00,0.5169543020833468,speculative,UTC-anchored advancement event
shard-007,5406,2026-09-15T12:13:45.862302+00:00,0.4978647187500125,speculative,UTC-anchored advancement event
shard-006,4663,2026-09-15T12:14:02.043479+00:00,0.4973870638834342,speculative,UTC-anchored advancement event
shard-007,5407,2026-09-15T12:14:17.220377+00:00,0.516534706249998,speculative,UTC-anchored advancement event
shard-006,4664,2026-09-15T12:14:31.241624+00:00,0.4788770631999796,speculative,UTC-anchored advancement event
shard-007,5408,2026-09-15T12:14:50.941041+00:00,0.5542714944499797,speculative,UTC-anchored advancement event
shard-006,4665,2026-09-15T12:15:00.450403+00:00,0.47898510278331136,speculative,UTC-anchored advancement event
shard-006,4666,2026-09-15T12:15:21.275480+00:00,0.33943256388326215,speculative,UTC-anchored advancement event
shard-007,5409,2026-09-15T12:15:26.233575+00:00,0.5803852576333156,speculative,UTC-anchored advancement event
shard-007,5410,2026-09-15T12:15:54.837115+00:00,0.47271562429996267,speculative,UTC-anchored advancement event
shard-006,4667,2026-09-15T12:16:03.203763+00:00,0.6927661139000217,speculative,UTC-anchored advancement event
shard-007,5411,2026-09-15T12:16:31.879857+00:00,0.6094797111166069,speculative,UTC-anchored advancement event
shard-006,4668,2026-09-15T12:16:43.642484+00:00,0.6667444263833507,speculative,UTC-anchored advancement event
shard-007,5412,2026-09-15T12:17:07.795373+00:00,0.590951766666573,speculative,UTC-anchored advancement event
shard-006,4669,2026-09-15T12:17:20.695560+00:00,0.6096885013834253,speculative,UTC-anchored advancement event
shard-006,4670,2026-09-15T12:18:06.374558+00:00,0.7532679909834162,speculative,UTC-anchored advancement event
shard-007,5413,2026-09-15T12:18:24.825330+00:00,1.2781535624999378,speculative,UTC-anchored advancement event
shard-006,4671,2026-09-15T12:18:42.271063+00:00,0.5922091125000103,speculative,UTC-anchored advancement event
shard-007,5414,2026-09-15T12:19:01.978385+00:00,0.6110295242999807,speculative,UTC-anchored advancement event
shard-006,4672,2026-09-15T12:19:32.950385+00:00,0.8365514138833532,speculative,UTC-anchored advancement event
shard-007,5415,2026-09-15T12:19:43.606063+00:00,0.6858314041666744,speculative,UTC-anchored advancement event
shard-006,4673,2026-09-15T12:20:19.047658+00:00,0.7602036451332727,speculative,UTC-anchored advancement event
shard-007,5416,2026-09-15T12:20:19.047658+00:00,0.5843720208333252,speculative,UTC-anchored advancement event
shard-006,4674,2026-09-15T12:21:05.084390+00:00,0.7566058534832943,speculative,UTC-anchored advancement event
shard-007,5417,2026-09-15T12:21:05.084390+00:00,0.7562239784833461,speculative,UTC-anchored advancement event
shard-006,4675,2026-09-15T12:21:29.624552+00:00,0.3972371729167207,speculative,UTC-anchored advancement event
shard-007,5418,2026-09-15T12:21:35.770102+00:00,0.4976980805667457,speculative,UTC-anchored advancement event
shard-006,4676,2026-09-15T12:21:54.342157+00:00,0.40416801736658575,speculative,UTC-anchored advancement event
shard-007,5419,2026-09-15T12:22:00.476578+00:00,0.40405946180010993,speculative,UTC-anchored advancement event
shard-007,5420,2026-09-15T12:22:51.737695+00:00,0.8466566083333116,speculative,UTC-anchored advancement event
shard-006,4677,2026-09-15T12:23:07.890468+00:00,1.2201255367999693,speculative,UTC-anchored advancement event
shard-007,5421,2026-09-15T12:23:23.095381+00:00,0.5164126312499623,speculative,UTC-anchored advancement event
shard-006,4678,2026-09-15T12:24:55.113844+00:00,1.7785966222333325,speculative,UTC-anchored advancement event
shard-006,4679,2026-09-15T12:25:57.663140+00:00,1.0347114722332966,speculative,UTC-anchored advancement event
shard-006,4680,2026-09-15T12:26:43.336293+00:00,0.7534049298666408,speculative,UTC-anchored advancement event
shard-006,4681,2026-09-15T12:27:19.937061+00:00,0.601988139583409,speculative,UTC-anchored advancement event
shard-007,5422,2026-09-15T12:28:08.979568+00:00,4.756761188199986,speculative,UTC-anchored advancement event
shard-006,4682,2026-09-15T12:28:47.837044+00:00,1.4569842888832985,speculative,UTC-anchored advancement event
shard-007,5423,2026-09-15T12:29:34.623468+00:00,1.4194918729167207,speculative,UTC-anchored advancement event
shard-006,4683,2026-09-15T12:29:45.167500+00:00,0.9513682527666485,speculative,UTC-anchored advancement event
shard-006,4684,2026-09-15T12:30:36.600857+00:00,0.8505464895833332,speculative,UTC-anchored advancement event
shard-007,5424,2026-09-15T12:31:03.022699+00:00,1.4670782958333197,speculative,UTC-anchored advancement event
shard-006,4685,2026-09-15T12:31:21.637625+00:00,0.743004425683345,speculative,UTC-anchored advancement event
shard-006,4686,2026-09-15T12:32:38.950824+00:00,1.2807312742999784,speculative,UTC-anchored advancement event
shard-007,5425,2026-09-15T12:32:55.217478+00:00,1.861833544433345,speculative,UTC-anchored advancement event
shard-006,4687,2026-09-15T12:33:31.826382+00:00,0.8733354527666961,speculative,UTC-anchored advancement event
shard-007,5426,2026-09-15T12:33:49.280957+00:00,0.8928876458333738,speculative,UTC-anchored advancement event
shard-006,4688,2026-09-15T12:34:13.414341+00:00,0.688956374999907,speculative,UTC-anchored advancement event
shard-007,5427,2026-09-15T12:34:28.609130+00:00,0.6509007680500266,speculative,UTC-anchored advancement event
shard-006,4689,2026-09-15T12:34:46.097097+00:00,0.5363623472165879,speculative,UTC-anchored advancement event
shard-006,4690,2026-09-15T12:35:21.642477+00:00,0.5841709125000004,speculative,UTC-anchored advancement event
shard-007,5428,2026-09-15T12:35:24.395803+00:00,0.9215461250000468,speculative,UTC-anchored advancement event
shard-006,4691,2026-09-15T12:36:08.926023+00:00,0.780136679850087,speculative,UTC-anchored advancement event
shard-007,5429,2026-09-15T12:36:22.992774+00:00,0.9689868979165719,speculative,UTC-anchored advancement event
shard-006,4692,2026-09-15T12:37:08.726925+00:00,0.9883110090333502,speculative,UTC-anchored advancement event
shard-007,5430,2026-09-15T12:37:10.244562+00:00,0.7827338159832531,speculative,UTC-anchored advancement event
shard-007,5431,2026-09-15T12:37:37.825327+00:00,0.45224856804998126,speculative,UTC-anchored advancement event
shard-006,4693,2026-09-15T12:37:41.698851+00:00,0.5433499437499753,speculative,UTC-anchored advancement event
shard-006,4694,2026-09-15T12:38:18.395996+00:00,0.6039557118000327,speculative,UTC-anchored advancement event
shard-007,5432,2026-09-15T12:38:20.017467+00:00,0.6952293694499531,speculative,UTC-anchored advancement event
shard-007,5433,2026-09-15T12:38:59.876789+00:00,0.6599042048499542,speculative,UTC-anchored advancement event
shard-006,4695,2026-09-15T12:39:02.625503+00:00,0.7292287576499803,speculative,UTC-anchored advancement event
shard-007,5434,2026-09-15T12:39:26.800794+00:00,0.44080040000008014,speculative,UTC-anchored advancement event
shard-007,5435,2026-09-15T12:39:57.775865+00:00,0.508116063883305,speculative,UTC-anchored advancement event
shard-007,5436,2026-09-15T12:40:34.464254+00:00,0.6032899236167092,speculative,UTC-anchored advancement event
shard-006,4696,2026-09-15T12:40:57.510995+00:00,1.9070520638832629,speculative,UTC-anchored advancement event
shard-007,5437,2026-09-15T12:41:23.989936+00:00,0.8174534486000388,speculative,UTC-anchored advancement event
shard-006,4697,2026-09-15T12:41:41.303852+00:00,0.7235476458333626,speculative,UTC-anchored advancement event
shard-007,5438,2026-09-15T12:42:00.983367+00:00,0.6103495860999828,speculative,UTC-anchored advancement event
shard-006,4698,2026-09-15T12:42:24.066873+00:00,0.70479980346657,speculative,UTC-anchored advancement event
shard-007,5439,2026-09-15T12:42:35.844211+00:00,0.573125866666669,speculative,UTC-anchored advancement event
shard-007,5440,2026-09-15T12:43:20.451188+00:00,0.7353823180499603,speculative,UTC-anchored advancement event
shard-006,4699,2026-09-15T12:43:25.475385+00:00,1.0152320701500381,speculative,UTC-anchored advancement event
shard-006,4700,2026-09-15T12:43:48.446892+00:00,0.3787244819333864,speculative,UTC-anchored advancement event
shard-006,4701,2026-09-15T12:44:59.037514+00:00,1.16829032083333,speculative,UTC-anchored advancement event
shard-007,5441,2026-09-15T12:45:02.911520+00:00,1.6993700992999947,speculative,UTC-anchored advancement event
shard-007,5442,2026-09-15T12:45:33.916816+00:00,0.5090106256833679,speculative,UTC-anchored advancement event
shard-007,5443,2026-09-15T12:45:58.137284+00:00,0.39569924583326305,speculative,UTC-anchored advancement event
shard-006,4702,2026-09-15T12:46:04.174848+00:00,1.0789816604165632,speculative,UTC-anchored advancement event
shard-007,5444,2026-09-15T12:46:20.454586+00:00,0.36547228054999625,speculative,UTC-anchored advancement event
shard-007,5445,2026-09-15T12:48:01.510989+00:00,1.6761084034666662,speculative,UTC-anchored advancement event
shard-006,4703,2026-09-15T12:48:22.372931+00:00,2.295712266666669,speculative,UTC-anchored advancement event
shard-006,4704,2026-09-15T12:48:46.576212+00:00,0.39516291041666896,speculative,UTC-anchored advancement event
shard-006,4705,2026-09-15T12:49:44.766478+00:00,0.9615437868166433,speculative,UTC-anchored advancement event
shard-007,5446,2026-09-15T12:51:24.606283+00:00,3.37615487986659,speculative,UTC-anchored advancement event
shard-007,5447,2026-09-15T12:52:23.698960+00:00,0.9800092923665943,speculative,UTC-anchored advancement event
shard-006,4706,2026-09-15T12:52:37.736887+00:00,2.876502034716759,speculative,UTC-anchored advancement event
shard-007,5448,2026-09-15T12:53:15.508343+00:00,0.8556004194499109,speculative,UTC-anchored advancement event
shard-007,5449,2026-09-15T12:54:02.325721+00:00,0.7721983270833638,speculative,UTC-anchored advancement event
shard-006,4707,2026-09-15T12:54:24.381431+00:00,1.7693178882000211,speculative,UTC-anchored advancement event
shard-007,5450,2026-09-15T12:54:29.390039+00:00,0.4424141847165932,speculative,UTC-anchored advancement event
shard-007,5451,2026-09-15T12:55:08.317431+00:00,0.6406770118000471,speculative,UTC-anchored advancement event
shard-006,4708,2026-09-15T12:55:59.723471+00:00,1.5810094874999776,speculative,UTC-anchored advancement event
shard-007,5452,2026-09-15T12:56:04.645698+00:00,0.9338456972166266,speculative,UTC-anchored advancement event
shard-006,4709,2026-09-15T12:56:39.040095+00:00,0.6489384382000328,speculative,UTC-anchored advancement event
shard-007,5453,2026-09-15T12:56:42.938929+00:00,0.6304195458332591,speculative,UTC-anchored advancement event
shard-007,5454,2026-09-15T12:57:21.839601+00:00,0.6404605562500365,speculative,UTC-anchored advancement event
shard-007,5455,2026-09-15T12:57:52.852342+00:00,0.5088226430500071,speculative,UTC-anchored advancement event
shard-007,5456,2026-09-15T12:58:22.618069+00:00,0.49115189236666384,speculative,UTC-anchored advancement event
shard-007,5457,2026-09-15T12:58:51.397954+00:00,0.4736049805499836,speculative,UTC-anchored advancement event
shard-007,5458,2026-09-15T12:59:13.384077+00:00,0.3579182527667096,speculative,UTC-anchored advancement event
shard-007,5459,2026-09-15T12:59:54.522938+00:00,0.677209945833359,speculative,UTC-anchored advancement event
shard-006,4710,2026-09-15T13:00:02.908003+00:00,3.3896738097166237,speculative,UTC-anchored advancement event
shard-006,4711,2026-09-15T13:00:31.688737+00:00,0.47175495138338497,speculative,UTC-anchored advancement event
shard-007,5460,2026-09-15T13:00:35.472935+00:00,0.6762210131999988,speculative,UTC-anchored advancement event
shard-007,5461,2026-09-15T13:01:11.016002+00:00,0.5843567652832765,speculative,UTC-anchored advancement event
shard-006,4712,2026-09-15T13:01:18.281276+00:00,0.7701690083333232,speculative,UTC-anchored advancement event
shard-007,5462,2026-09-15T13:01:57.255788+00:00,0.7627064729166402,speculative,UTC-anchored advancement event
shard-006,4713,2026-09-15T13:02:09.106288+00:00,0.8392647034833014,speculative,UTC-anchored advancement event
shard-007,5463,2026-09-15T13:02:43.440833+00:00,0.7630672416666736,speculative,UTC-anchored advancement event
shard-006,4714,2026-09-15T13:02:54.147936+00:00,0.74417835973339,speculative,UTC-anchored advancement event
shard-007,5464,2026-09-15T13:03:24.114612+00:00,0.6695655104165781,speculative,UTC-anchored advancement event
shard-006,4715,2026-09-15T13:03:48.388829+00:00,0.8954814604167041,speculative,UTC-anchored advancement event
shard-007,5465,2026-09-15T13:04:22.776749+00:00,0.9695314125000247,speculative,UTC-anchored advancement event
shard-006,4716,2026-09-15T13:04:31.206265+00:00,0.7055861861166098,speculative,UTC-anchored advancement event
shard-007,5466,2026-09-15T13:05:07.889599+00:00,0.7437735173666927,speculative,UTC-anchored advancement event
shard-006,4717,2026-09-15T13:05:22.004170+00:00,0.8386286201499994,speculative,UTC-anchored advancement event
shard-007,5467,2026-09-15T13:05:38.266721+00:00,0.5016883319332313,speculative,UTC-anchored advancement event
shard-006,4718,2026-09-15T13:06:02.579774+00:00,0.6695402569500098,speculative,UTC-anchored advancement event
shard-007,5468,2026-09-15T13:06:24.585318+00:00,0.7633444097167134,speculative,UTC-anchored advancement event
shard-006,4719,2026-09-15T13:06:43.185738+00:00,0.6684461472332865,speculative,UTC-anchored advancement event
shard-007,5469,2026-09-15T13:07:00.647928+00:00,0.5924392784834102,speculative,UTC-anchored advancement event
shard-006,4720,2026-09-15T13:07:15.847761+00:00,0.5361627486165769,speculative,UTC-anchored advancement event
shard-007,5470,2026-09-15T13:07:36.592079+00:00,0.5922055381832858,speculative,UTC-anchored advancement event
shard-007,5471,2026-09-15T13:08:00.856274+00:00,0.3978792673665642,speculative,UTC-anchored advancement event
shard-006,4721,2026-09-15T13:08:07.002853+00:00,0.8457655860999996,speculative,UTC-anchored advancement event
shard-007,5472,2026-09-15T13:08:28.982781+00:00,0.4607782444499511,speculative,UTC-anchored advancement event
shard-006,4722,2026-09-15T13:08:52.075609+00:00,0.7432391229166873,speculative,UTC-anchored advancement event
shard-007,5473,2026-09-15T13:09:03.881273+00:00,0.5732267520833072,speculative,UTC-anchored advancement event
shard-007,5474,2026-09-15T13:09:50.733895+00:00,0.774305868749919,speculative,UTC-anchored advancement event
shard-006,4723,2026-09-15T13:10:04.698866+00:00,1.2038651298499947,speculative,UTC-anchored advancement event
shard-007,5475,2026-09-15T13:10:24.421473+00:00,0.5549921430499428,speculative,UTC-anchored advancement event
shard-006,4724,2026-09-15T13:10:39.703111+00:00,0.5754373485999774,speculative,UTC-anchored advancement event
shard-007,5476,2026-09-15T13:10:52.728211+00:00,0.46270320068336634,speculative,UTC-anchored advancement event
shard-007,5477,2026-09-15T13:11:17.097577+00:00,0.39710102916675777,speculative,UTC-anchored advancement event
shard-006,4725,2026-09-15T13:11:26.553294+00:00,0.7733588659666566,speculative,UTC-anchored advancement event
shard-007,5478,2026-09-15T13:11:50.853277+00:00,0.5560705375000301,speculative,UTC-anchored advancement event
shard-006,4726,2026-09-15T13:12:02.699402+00:00,0.5941322500000145,speculative,UTC-anchored advancement event
shard-007,5479,2026-09-15T13:12:40.498263+00:00,0.8188137736166633,speculative,UTC-anchored advancement event
shard-007,5480,2026-09-15T13:13:04.769959+00:00,0.3959205416666615,speculative,UTC-anchored advancement event
shard-007,5481,2026-09-15T13:13:37.993465+00:00,0.548791139583409,speculative,UTC-anchored advancement event
shard-007,5482,2026-09-15T13:14:02.226327+00:00,0.39580345694994323,speculative,UTC-anchored advancement event
shard-007,5483,2026-09-15T13:14:33.323477+00:00,0.5097391826333478,speculative,UTC-anchored advancement event
shard-007,5484,2026-09-15T13:15:20.255635+00:00,0.773950921533348,speculative,UTC-anchored advancement event
shard-006,4727,2026-09-15T13:15:27.568035+00:00,3.4062271090333525,speculative,UTC-anchored advancement event
shard-007,5485,2026-09-15T13:16:14.430373+00:00,0.8943883201332937,speculative,UTC-anchored advancement event
shard-007,5486,2026-09-15T13:16:48.706139+00:00,0.5662888694499998,speculative,UTC-anchored advancement event
shard-007,5487,2026-09-15T13:17:29.909304+00:00,0.6785044729166354,speculative,UTC-anchored advancement event
shard-007,5488,2026-09-15T13:18:02.086615+00:00,0.5279746625000068,speculative,UTC-anchored advancement event
shard-007,5489,2026-09-15T13:19:11.539826+00:00,1.149231051383443,speculative,UTC-anchored advancement event
shard-006,4728,2026-09-15T13:19:47.116708+00:00,4.319429093749932,speculative,UTC-anchored advancement event
shard-007,5490,2026-09-15T13:20:00.042820+00:00,0.7998780673666867,speculative,UTC-anchored advancement event
shard-006,4729,2026-09-15T13:20:35.636610+00:00,0.8002533513999273,speculative,UTC-anchored advancement event
shard-006,4730,2026-09-15T13:22:08.731501+00:00,1.5468501750000239,speculative,UTC-anchored advancement event
shard-007,5491,2026-09-15T13:22:53.328786+00:00,2.8795583861166962,speculative,UTC-anchored advancement event
shard-007,5492,2026-09-15T13:23:40.199623+00:00,0.772608109033293,speculative,UTC-anchored advancement event
shard-006,4731,2026-09-15T13:24:37.214098+00:00,2.4662882236165995,speculative,UTC-anchored advancement event
shard-006,4732,2026-09-15T13:25:32.091806+00:00,0.9060658347165979,speculative,UTC-anchored advancement event
shard-006,4733,2026-09-15T13:26:12.199968+00:00,0.6601791944500291,speculative,UTC-anchored advancement event
shard-006,4734,2026-09-15T13:26:48.952669+00:00,0.6038829708332438,speculative,UTC-anchored advancement event
shard-006,4735,2026-09-15T13:27:28.935940+00:00,0.6619090291666604,speculative,UTC-anchored advancement event
shard-006,4736,2026-09-15T13:28:32.771508+00:00,1.0550562437500048,speculative,UTC-anchored advancement event
shard-006,4737,2026-09-15T13:29:07.302467+00:00,0.56729439026664,speculative,UTC-anchored advancement event
shard-006,4738,2026-09-15T13:29:51.225125+00:00,0.7210238819499257,speculative,UTC-anchored advancement event
shard-007,5493,2026-09-15T13:29:55.299800+00:00,6.248274277083328,speculative,UTC-anchored advancement event
shard-006,4739,2026-09-15T13:30:29.928136+00:00,0.634562219433307,speculative,UTC-anchored advancement event
shard-007,5494,2026-09-15T13:30:40.586634+00:00,0.7432017166667113,speculative,UTC-anchored advancement event
shard-006,4740,2026-09-15T13:31:18.424475+00:00,0.8000426152833825,speculative,UTC-anchored advancement event
shard-007,5495,2026-09-15T13:31:47.083619+00:00,1.10150916320005,speculative,UTC-anchored advancement event
shard-006,4741,2026-09-15T13:31:56.672799+00:00,0.630814652083427,speculative,UTC-anchored advancement event
shard-007,5496,2026-09-15T13:32:30.053736+00:00,0.7073127298666805,speculative,UTC-anchored advancement event
shard-006,4742,2026-09-15T13:32:41.896488+00:00,0.744631107633298,speculative,UTC-anchored advancement event
shard-007,5497,2026-09-15T13:33:17.517141+00:00,0.7823547257000124,speculative,UTC-anchored advancement event
shard-006,4743,2026-09-15T13:33:36.027926+00:00,0.895228893750027,speculative,UTC-anchored advancement event
shard-006,4744,2026-09-15T13:34:11.542132+00:00,0.5835824659833937,speculative,UTC-anchored advancement event
shard-006,4745,2026-09-15T13:34:58.421851+00:00,0.7727482888833037,speculative,UTC-anchored advancement event
shard-007,5498,2026-09-15T13:35:18.125467+00:00,2.003407972916587,speculative,UTC-anchored advancement event
shard-006,4746,2026-09-15T13:35:35.625378+00:00,0.6118585437499859,speculative,UTC-anchored advancement event
shard-006,4747,2026-09-15T13:36:06.571607+00:00,0.5110160930665492,speculative,UTC-anchored advancement event
shard-007,5499,2026-09-15T13:36:21.774238+00:00,1.0520405583333436,speculative,UTC-anchored advancement event
shard-007,5500,2026-09-15T13:36:50.580554+00:00,0.47127084653329804,speculative,UTC-anchored advancement event
shard-006,4748,2026-09-15T13:37:25.026001+00:00,1.298810902083278,speculative,UTC-anchored advancement event
shard-006,4749,2026-09-15T13:38:22.040120+00:00,0.9416187847166536,speculative,UTC-anchored advancement event
shard-007,5501,2026-09-15T13:39:05.390812+00:00,2.239474870833389,speculative,UTC-anchored advancement event
shard-007,5502,2026-09-15T13:39:33.065109+00:00,0.4527349854165853,speculative,UTC-anchored advancement event
shard-007,5503,2026-09-15T13:40:08.658211+00:00,0.5847801479166568,speculative,UTC-anchored advancement event
shard-007,5504,2026-09-15T13:40:46.505959+00:00,0.6222624187499605,speculative,UTC-anchored advancement event
shard-006,4750,2026-09-15T13:41:16.423407+00:00,2.899559540966584,speculative,UTC-anchored advancement event
shard-007,5505,2026-09-15T13:41:17.975432+00:00,0.5175590340166916,speculative,UTC-anchored advancement event
shard-007,5506,2026-09-15T13:41:39.981647+00:00,0.3585154423666002,speculative,UTC-anchored advancement event
shard-006,4751,2026-09-15T13:42:00.887182+00:00,0.7345235791666104,speculative,UTC-anchored advancement event
shard-007,5507,2026-09-15T13:42:29.704130+00:00,0.8199117916666485,speculative,UTC-anchored advancement event
shard-006,4752,2026-09-15T13:42:33.664683+00:00,0.5374789263833615,speculative,UTC-anchored advancement event
shard-007,5508,2026-09-15T13:43:21.547606+00:00,0.8567692173666728,speculative,UTC-anchored advancement event
shard-007,5509,2026-09-15T13:44:06.200447+00:00,0.7355021979166243,speculative,UTC-anchored advancement event
shard-006,4753,2026-09-15T13:44:42.917120+00:00,2.1475805395833354,speculative,UTC-anchored advancement event
shard-007,5510,2026-09-15T13:44:53.650813+00:00,0.7820332111000122,speculative,UTC-anchored advancement event
shard-006,4754,2026-09-15T13:45:31.532903+00:00,0.8016233659667099,speculative,UTC-anchored advancement event
shard-007,5511,2026-09-15T13:45:35.492134+00:00,0.688554693050052,speculative,UTC-anchored advancement event
shard-007,5512,2026-09-15T13:46:08.642006+00:00,0.5474406930500361,speculative,UTC-anchored advancement event
shard-007,5513,2026-09-15T13:47:03.393814+00:00,0.9038899805499871,speculative,UTC-anchored advancement event
shard-007,5514,2026-09-15T13:47:36.733791+00:00,0.5470869659666884,speculative,UTC-anchored advancement event
shard-007,5515,2026-09-15T13:47:58.800106+00:00,0.35898908958333775,speculative,UTC-anchored advancement event
shard-006,4755,2026-09-15T13:48:20.777583+00:00,2.811809536799895,speculative,UTC-anchored advancement event
shard-007,5516,2026-09-15T13:48:22.441994+00:00,0.38506393403331457,speculative,UTC-anchored advancement event
shard-006,4756,2026-09-15T13:49:19.206367+00:00,0.9671460854167283,speculative,UTC-anchored advancement event
shard-007,5517,2026-09-15T13:49:20.872723+00:00,0.9672815895833385,speculative,UTC-anchored advancement event
shard-006,4757,2026-09-15T13:49:51.819241+00:00,0.5351507354166339,speculative,UTC-anchored advancement event
shard-006,4758,2026-09-15T13:50:46.634160+00:00,0.9047774833333582,speculative,UTC-anchored advancement event
shard-006,4759,2026-09-15T13:51:32.396527+00:00,0.7557182645832654,speculative,UTC-anchored advancement event
shard-007,5518,2026-09-15T13:51:32.396527+00:00,2.1839498444499137,speculative,UTC-anchored advancement event
shard-006,4760,2026-09-15T13:52:22.999609+00:00,0.8283533118000681,speculative,UTC-anchored advancement event
shard-007,5519,2026-09-15T13:52:31.505631+00:00,0.9722709819499868,speculative,UTC-anchored advancement event
shard-007,5520,2026-09-15T13:53:08.349958+00:00,0.6052759430667114,speculative,UTC-anchored advancement event
shard-006,4761,2026-09-15T13:53:38.328074+00:00,1.2463716486165746,speculative,UTC-anchored advancement event
shard-007,5521,2026-09-15T13:53:51.272473+00:00,0.7062865534832478,speculative,UTC-anchored advancement event
shard-006,4762,2026-09-15T13:54:12.056095+00:00,0.5560195055667767,speculative,UTC-anchored advancement event
shard-007,5522,2026-09-15T13:54:44.385688+00:00,0.8782693520833467,speculative,UTC-anchored advancement event
shard-006,4763,2026-09-15T13:55:01.947460+00:00,0.8224004659665903,speculative,UTC-anchored advancement event
shard-007,5523,2026-09-15T13:55:27.398028+00:00,0.7080478777833681,speculative,UTC-anchored advancement event
shard-006,4764,2026-09-15T13:55:34.771657+00:00,0.5380662360999849,speculative,UTC-anchored advancement event
shard-006,4765,2026-09-15T13:56:10.252320+00:00,0.584539474999959,speculative,UTC-anchored advancement event
shard-007,5524,2026-09-15T13:56:22.147255+00:00,0.9034814826334089,speculative,UTC-anchored advancement event
shard-006,4766,2026-09-15T13:56:56.684354+00:00,0.764940880550057,speculative,UTC-anchored advancement event
shard-007,5525,2026-09-15T13:57:18.732861+00:00,0.9340405979167069,speculative,UTC-anchored advancement event
shard-006,4767,2026-09-15T13:57:32.902555+00:00,0.5950314652833185,speculative,UTC-anchored advancement event
shard-006,4768,2026-09-15T13:58:08.424410+00:00,0.5850186430499889,speculative,UTC-anchored advancement event
shard-007,5526,2026-09-15T13:58:18.035087+00:00,0.9793494361167784,speculative,UTC-anchored advancement event
shard-006,4769,2026-09-15T13:58:51.361727+00:00,0.7068167277667574,speculative,UTC-anchored advancement event
shard-007,5527,2026-09-15T13:58:53.059368+00:00,0.5751870465166575,speculative,UTC-anchored advancement event
shard-007,5528,2026-09-15T13:59:21.758776+00:00,0.4729663187499682,speculative,UTC-anchored advancement event
shard-006,4770,2026-09-15T13:59:35.910043+00:00,0.73371886319995,speculative,UTC-anchored advancement event
shard-007,5529,2026-09-15T13:59:48.950470+00:00,0.44460614929994335,speculative,UTC-anchored advancement event
shard-007,5530,2026-09-15T14:00:26.817052+00:00,0.6223724284666484,speculative,UTC-anchored advancement event
shard-006,4771,2026-09-15T14:00:55.606542+00:00,1.3191084361167063,speculative,UTC-anchored advancement event
shard-007,5531,2026-09-15T14:01:08.493413+00:00,0.6877289944500565,speculative,UTC-anchored advancement event
shard-007,5532,2026-09-15T14:01:44.153529+00:00,0.5850996132000242,speculative,UTC-anchored advancement event
shard-007,5533,2026-09-15T14:02:19.772435+00:00,0.5848846888834184,speculative,UTC-anchored advancement event
shard-007,5534,2026-09-15T14:02:54.296078+00:00,0.5660579833333031,speculative,UTC-anchored advancement event
shard-007,5535,2026-09-15T14:03:37.865139+00:00,0.7171705111167588,speculative,UTC-anchored advancement event
shard-007,5536,2026-09-15T14:04:22.466528+00:00,0.7379733500000536,speculative,UTC-anchored advancement event
shard-007,5537,2026-09-15T14:04:51.329447+00:00,0.47247049861665197,speculative,UTC-anchored advancement event
shard-007,5538,2026-09-15T14:05:25.870216+00:00,0.5668072152833096,speculative,UTC-anchored advancement event
shard-007,5539,2026-09-15T14:05:58.132585+00:00,0.5284952437500275,speculative,UTC-anchored advancement event
shard-007,5540,2026-09-15T14:06:30.957526+00:00,0.5384266208333429,speculative,UTC-anchored advancement event
shard-006,4772,2026-09-15T14:07:05.844758+00:00,6.169413782633395,speculative,UTC-anchored advancement event
shard-007,5541,2026-09-15T14:07:08.834660+00:00,0.6223026763999466,speculative,UTC-anchored advancement event
shard-007,5542,2026-09-15T14:07:41.010785+00:00,0.5275360805500289,speculative,UTC-anchored advancement event
shard-006,4773,2026-09-15T14:11:57.164807+00:00,4.843713402083328,speculative,UTC-anchored advancement event
shard-007,5543,2026-09-15T14:12:13.519159+00:00,4.5327841632000245,speculative,UTC-anchored advancement event
shard-006,4774,2026-09-15T14:12:58.187122+00:00,1.008298568750009,speculative,UTC-anchored advancement event
shard-007,5544,2026-09-15T14:14:00.983880+00:00,1.7822167993000524,speculative,UTC-anchored advancement event
shard-006,4775,2026-09-15T14:15:09.399382+00:00,2.1769060395833852,speculative,UTC-anchored advancement event
shard-007,5545,2026-09-15T14:15:17.766666+00:00,1.2704905048500224,speculative,UTC-anchored advancement event
shard-006,4776,2026-09-15T14:16:03.604530+00:00,0.8959809006999422,speculative,UTC-anchored advancement event
shard-007,5546,2026-09-15T14:16:12.100864+00:00,0.8967208125000373,speculative,UTC-anchored advancement event
shard-006,4777,2026-09-15T14:17:03.477751+00:00,0.9886989451333648,speculative,UTC-anchored advancement event
shard-007,5547,2026-09-15T14:17:19.880697+00:00,1.1209292944500098,speculative,UTC-anchored advancement event
shard-006,4778,2026-09-15T14:17:56.394674+00:00,0.8760269027833905,speculative,UTC-anchored advancement event
shard-007,5548,2026-09-15T14:18:01.480339+00:00,0.686012338199968,speculative,UTC-anchored advancement event
shard-006,4779,2026-09-15T14:19:26.506047+00:00,1.492954670149993,speculative,UTC-anchored advancement event
shard-007,5549,2026-09-15T14:19:37.228957+00:00,1.58731769791666,speculative,UTC-anchored advancement event
shard-006,4780,2026-09-15T14:20:00.410875+00:00,0.5559101444500508,speculative,UTC-anchored advancement event
shard-007,5550,2026-09-15T14:20:09.877368+00:00,0.5347637861166732,speculative,UTC-anchored advancement event
shard-006,4781,2026-09-15T14:20:37.514159+00:00,0.6111250923666376,speculative,UTC-anchored advancement event
shard-007,5551,2026-09-15T14:21:02.884833+00:00,0.8746460222333553,speculative,UTC-anchored advancement event
shard-006,4782,2026-09-15T14:21:18.179854+00:00,0.6688657257000159,speculative,UTC-anchored advancement event
shard-007,5552,2026-09-15T14:21:31.192981+00:00,0.46251801804998344,speculative,UTC-anchored advancement event
shard-006,4783,2026-09-15T14:21:58.754232+00:00,0.6668193090332352,speculative,UTC-anchored advancement event
shard-007,5553,2026-09-15T14:22:07.245894+00:00,0.593370253466613,speculative,UTC-anchored advancement event
shard-006,4784,2026-09-15T14:22:31.533315+00:00,0.5369421277833074,speculative,UTC-anchored advancement event
shard-007,5554,2026-09-15T14:22:40.042379+00:00,0.5376711402834189,speculative,UTC-anchored advancement event
shard-006,4785,2026-09-15T14:23:00.860087+00:00,0.4815695909666829,speculative,UTC-anchored advancement event
shard-007,5555,2026-09-15T14:23:18.423205+00:00,0.6325089895833419,speculative,UTC-anchored advancement event
shard-006,4786,2026-09-15T14:23:25.801347+00:00,0.4059045937500438,speculative,UTC-anchored advancement event
shard-006,4787,2026-09-15T14:24:12.661015+00:00,0.7718671812500058,speculative,UTC-anchored advancement event
shard-007,5556,2026-09-15T14:24:42.578655+00:00,1.3931047034833075,speculative,UTC-anchored advancement event
shard-006,4788,2026-09-15T14:24:52.096474+00:00,0.6479026250000364,speculative,UTC-anchored advancement event
shard-006,4789,2026-09-15T14:25:31.060051+00:00,0.6400357041666818,speculative,UTC-anchored advancement event
shard-006,4790,2026-09-15T14:26:08.953330+00:00,0.6218178909833417,speculative,UTC-anchored advancement event
shard-007,5557,2026-09-15T14:26:25.401719+00:00,1.7061867201333372,speculative,UTC-anchored advancement event
shard-006,4791,2026-09-15T14:26:40.655188+00:00,0.5208893333333738,speculative,UTC-anchored advancement event
shard-007,5558,2026-09-15T14:27:02.695785+00:00,0.6135649805666616,speculative,UTC-anchored advancement event
shard-006,4792,2026-09-15T14:27:30.446098+00:00,0.819994696533225,speculative,UTC-anchored advancement event
shard-007,5559,2026-09-15T14:27:37.880548+00:00,0.5765236861000934,speculative,UTC-anchored advancement event
shard-006,4793,2026-09-15T14:28:02.184178+00:00,0.5189888923666633,speculative,UTC-anchored advancement event
shard-007,5560,2026-09-15T14:28:23.098996+00:00,0.7445907882000029,speculative,UTC-anchored advancement event
shard-006,4794,2026-09-15T14:28:28.096395+00:00,0.42420060971671775,speculative,UTC-anchored advancement event
shard-007,5561,2026-09-15T14:29:08.130763+00:00,0.7431870159667596,speculative,UTC-anchored advancement event
shard-006,4795,2026-09-15T14:29:11.035082+00:00,0.7069838270832406,speculative,UTC-anchored advancement event
shard-007,5562,2026-09-15T14:29:57.826387+00:00,0.8184556076333441,speculative,UTC-anchored advancement event
shard-006,4796,2026-09-15T14:30:23.238431+00:00,1.1964995360999942,speculative,UTC-anchored advancement event
shard-006,4797,2026-09-15T14:30:53.280432+00:00,0.49134769583324667,speculative,UTC-anchored advancement event
shard-006,4798,2026-09-15T14:31:39.169065+00:00,0.7555449645834111,speculative,UTC-anchored advancement event
shard-007,5563,2026-09-15T14:31:45.423893+00:00,1.785825196516574,speculative,UTC-anchored advancement event
shard-007,5564,2026-09-15T14:32:38.070711+00:00,0.8701957083332672,speculative,UTC-anchored advancement event
shard-007,5565,2026-09-15T14:34:32.870619+00:00,1.9077734742999988,speculative,UTC-anchored advancement event
shard-006,4799,2026-09-15T14:34:42.502997+00:00,3.0464267749999028,speculative,UTC-anchored advancement event
shard-007,5566,2026-09-15T14:35:03.504091+00:00,0.5014742340333517,speculative,UTC-anchored advancement event
shard-006,4800,2026-09-15T14:35:14.353882+00:00,0.5217663013833468,speculative,UTC-anchored advancement event
shard-006,4801,2026-09-15T14:35:37.622045+00:00,0.37860045416673527,speculative,UTC-anchored advancement event
shard-006,4802,2026-09-15T14:36:10.942264+00:00,0.5495103444500273,speculative,UTC-anchored advancement event
shard-007,5567,2026-09-15T14:37:19.454906+00:00,2.255827411816669,speculative,UTC-anchored advancement event
shard-006,4803,2026-09-15T14:37:49.452854+00:00,1.6326632506999885,speculative,UTC-anchored advancement event
shard-006,4804,2026-09-15T14:38:30.792834+00:00,0.6797761736167255,speculative,UTC-anchored advancement event
shard-007,5568,2026-09-15T14:38:57.472788+00:00,1.6247908444333006,speculative,UTC-anchored advancement event
shard-007,5569,2026-09-15T14:39:50.069222+00:00,0.8711353798499961,speculative,UTC-anchored advancement event
shard-007,5570,2026-09-15T14:41:16.666359+00:00,1.4340118951332745,speculative,UTC-anchored advancement event
shard-007,5571,2026-09-15T14:41:48.984069+00:00,0.5287053090333453,speculative,UTC-anchored advancement event
shard-007,5572,2026-09-15T14:43:11.064383+00:00,1.3584463395833155,speculative,UTC-anchored advancement event
shard-007,5573,2026-09-15T14:43:46.817581+00:00,0.5867477756833978,speculative,UTC-anchored advancement event
shard-006,4805,2026-09-15T14:44:20.640721+00:00,5.829204655549984,speculative,UTC-anchored advancement event
shard-006,4806,2026-09-15T14:44:52.149588+00:00,0.5107004993167114,speculative,UTC-anchored advancement event
shard-007,5574,2026-09-15T14:45:03.947075+00:00,1.2733820645833476,speculative,UTC-anchored advancement event
shard-006,4807,2026-09-15T14:45:17.012112+00:00,0.40684648611677404,speculative,UTC-anchored advancement event
shard-007,5575,2026-09-15T14:45:39.152546+00:00,0.5773574138833889,speculative,UTC-anchored advancement event
shard-006,4808,2026-09-15T14:45:53.336605+00:00,0.5958887243165615,speculative,UTC-anchored advancement event
shard-007,5576,2026-09-15T14:46:11.949852+00:00,0.5394892409666985,speculative,UTC-anchored advancement event
shard-006,4809,2026-09-15T14:46:21.614230+00:00,0.4638665409666525,speculative,UTC-anchored advancement event
shard-007,5577,2026-09-15T14:46:42.568190+00:00,0.5007780013833932,speculative,UTC-anchored advancement event
shard-006,4810,2026-09-15T14:47:03.535853+00:00,0.6895973104166235,speculative,UTC-anchored advancement event
shard-007,5578,2026-09-15T14:47:05.168421+00:00,0.368725619433341,speculative,UTC-anchored advancement event
shard-006,4811,2026-09-15T14:47:36.363639+00:00,0.5397648256999673,speculative,UTC-anchored advancement event
shard-007,5579,2026-09-15T14:47:49.419993+00:00,0.7284902333334079,speculative,UTC-anchored advancement event
shard-006,4812,2026-09-15T14:48:20.605382+00:00,0.7278796770833045,speculative,UTC-anchored advancement event
shard-007,5580,2026-09-15T14:48:42.811891+00:00,0.8798814666666052,speculative,UTC-anchored advancement event
shard-006,4813,2026-09-15T14:48:55.797732+00:00,0.5768443166666354,speculative,UTC-anchored advancement event
shard-007,5581,2026-09-15T14:49:15.710818+00:00,0.5407102194500718,speculative,UTC-anchored advancement event
shard-006,4814,2026-09-15T14:49:33.336267+00:00,0.6155934520833398,speculative,UTC-anchored advancement event
shard-006,4815,2026-09-15T14:50:09.120442+00:00,0.5865574138833229,speculative,UTC-anchored advancement event
shard-006,4816,2026-09-15T14:50:52.663930+00:00,0.7199395812499764,speculative,UTC-anchored advancement event
shard-006,4817,2026-09-15T14:52:12.567979+00:00,1.322498900683422,speculative,UTC-anchored advancement event
shard-006,4818,2026-09-15T14:52:46.048901+00:00,0.5481364541666456,speculative,UTC-anchored advancement event
shard-006,4819,2026-09-15T14:53:07.080265+00:00,0.34077104791661744,speculative,UTC-anchored advancement event
shard-006,4820,2026-09-15T14:53:26.990508+00:00,0.3220738465333852,speculative,UTC-anchored advancement event
shard-006,4821,2026-09-15T14:53:48.975517+00:00,0.36114926318332435,speculative,UTC-anchored advancement event
shard-006,4822,2026-09-15T14:54:24.790657+00:00,0.5915918354165721,speculative,UTC-anchored advancement event
shard-007,5582,2026-09-15T14:54:24.790657+00:00,5.1420371145833395,speculative,UTC-anchored advancement event
shard-006,4823,2026-09-15T14:54:58.899432+00:00,0.5473275687499457,speculative,UTC-anchored advancement event
shard-007,5583,2026-09-15T14:55:08.474580+00:00,0.7118823937499352,speculative,UTC-anchored advancement event
shard-006,4824,2026-09-15T14:55:23.825334+00:00,0.40742511458338415,speculative,UTC-anchored advancement event
shard-006,4825,2026-09-15T14:55:44.940201+00:00,0.34171929443339955,speculative,UTC-anchored advancement event
shard-007,5584,2026-09-15T14:55:50.078156+00:00,0.6836221604167804,speculative,UTC-anchored advancement event
shard-006,4826,2026-09-15T14:56:05.350549+00:00,0.3308393382000456,speculative,UTC-anchored advancement event
shard-007,5585,2026-09-15T14:56:29.621449+00:00,0.6497269708333382,speculative,UTC-anchored advancement event
shard-006,4827,2026-09-15T14:56:42.696468+00:00,0.6140894222166632,speculative,UTC-anchored advancement event
shard-006,4828,2026-09-15T14:57:09.330750+00:00,0.43435480276663535,speculative,UTC-anchored advancement event
shard-006,4829,2026-09-15T14:57:52.939685+00:00,0.7164462854166535,speculative,UTC-anchored advancement event
shard-006,4830,2026-09-15T14:58:15.071883+00:00,0.35897500971671736,speculative,UTC-anchored advancement event
shard-006,4831,2026-09-15T14:58:40.420091+00:00,0.4148683534667119,speculative,UTC-anchored advancement event
shard-006,4832,2026-09-15T14:59:12.730794+00:00,0.5309663187500215,speculative,UTC-anchored advancement event
shard-007,5586,2026-09-15T14:59:12.730794+00:00,2.7084505784666058,speculative,UTC-anchored advancement event
shard-006,4833,2026-09-15T14:59:42.116849+00:00,0.4714086277667472,speculative,UTC-anchored advancement event
shard-006,4834,2026-09-15T15:00:07.490164+00:00,0.416932154866663,speculative,UTC-anchored advancement event
shard-007,5587,2026-09-15T15:00:27.316620+00:00,1.229055280566657,speculative,UTC-anchored advancement event
shard-006,4835,2026-09-15T15:00:48.291421+00:00,0.6704062006832828,speculative,UTC-anchored advancement event
shard-007,5588,2026-09-15T15:01:10.434744+00:00,0.708771609716617,speculative,UTC-anchored advancement event
shard-006,4836,2026-09-15T15:01:25.686059+00:00,0.6150021458333261,speculative,UTC-anchored advancement event
shard-007,5589,2026-09-15T15:01:48.930783+00:00,0.6336813888833907,speculative,UTC-anchored advancement event
shard-006,4837,2026-09-15T15:02:03.081685+00:00,0.6134193534666944,speculative,UTC-anchored advancement event
shard-007,5590,2026-09-15T15:02:21.792476+00:00,0.5379445506999522,speculative,UTC-anchored advancement event
shard-006,4838,2026-09-15T15:03:39.245755+00:00,1.5931365187499371,speculative,UTC-anchored advancement event
shard-006,4839,2026-09-15T15:04:17.110155+00:00,0.622823472233237,speculative,UTC-anchored advancement event
shard-006,4840,2026-09-15T15:05:39.113851+00:00,1.3569615812500464,speculative,UTC-anchored advancement event
shard-007,5591,2026-09-15T15:05:43.153817+00:00,3.346122696533348,speculative,UTC-anchored advancement event
shard-007,5592,2026-09-15T15:07:04.017794+00:00,1.3380499069332776,speculative,UTC-anchored advancement event
shard-007,5593,2026-09-15T15:07:51.021102+00:00,0.7733522673666205,speculative,UTC-anchored advancement event
shard-007,5594,2026-09-15T15:08:35.571628+00:00,0.7345193444500182,speculative,UTC-anchored advancement event
shard-006,4841,2026-09-15T15:08:48.640002+00:00,3.1490672229165892,speculative,UTC-anchored advancement event
shard-006,4842,2026-09-15T15:09:32.320733+00:00,0.7175382048666507,speculative,UTC-anchored advancement event
shard-006,4843,2026-09-15T15:10:04.721688+00:00,0.5298565090333189,speculative,UTC-anchored advancement event
shard-007,5595,2026-09-15T15:11:31.557491+00:00,2.9255108312499942,speculative,UTC-anchored advancement event
shard-007,5596,2026-09-15T15:12:04.022461+00:00,0.5308548256999832,speculative,UTC-anchored advancement event
shard-006,4844,2026-09-15T15:12:09.224412+00:00,2.0668177875000158,speculative,UTC-anchored advancement event
shard-007,5597,2026-09-15T15:12:37.020901+00:00,0.5398464423666155,speculative,UTC-anchored advancement event
shard-007,5598,2026-09-15T15:13:15.129126+00:00,0.6272516944332892,speculative,UTC-anchored advancement event
shard-007,5599,2026-09-15T15:13:50.805393+00:00,0.5867068117999831,speculative,UTC-anchored advancement event
shard-006,4845,2026-09-15T15:13:58.217551+00:00,1.8072275840166792,speculative,UTC-anchored advancement event
shard-007,5600,2026-09-15T15:14:17.064781+00:00,0.42804118333333463,speculative,UTC-anchored advancement event
shard-006,4846,2026-09-15T15:14:36.078070+00:00,0.620764031249928,speculative,UTC-anchored advancement event
shard-007,5601,2026-09-15T15:15:04.052873+00:00,0.7721834541665885,speculative,UTC-anchored advancement event
shard-007,5602,2026-09-15T15:15:27.425940+00:00,0.37933936318343814,speculative,UTC-anchored advancement event
shard-006,4847,2026-09-15T15:16:05.506319+00:00,1.481159326383325,speculative,UTC-anchored advancement event
shard-007,5603,2026-09-15T15:16:16.396898+00:00,0.805927459733357,speculative,UTC-anchored advancement event
shard-007,5604,2026-09-15T15:17:23.842396+00:00,1.116128792366726,speculative,UTC-anchored advancement event
shard-006,4848,2026-09-15T15:17:56.263178+00:00,1.8357504611166708,speculative,UTC-anchored advancement event
shard-007,5605,2026-09-15T15:17:58.064463+00:00,0.5603483312500127,speculative,UTC-anchored advancement event
shard-007,5606,2026-09-15T15:18:48.564443+00:00,0.8322156645832971,speculative,UTC-anchored advancement event
shard-006,4849,2026-09-15T15:18:50.209284+00:00,0.8890962236166767,speculative,UTC-anchored advancement event
shard-006,4850,2026-09-15T15:19:30.532844+00:00,0.6624206500000582,speculative,UTC-anchored advancement event
shard-007,5607,2026-09-15T15:19:32.322151+00:00,0.7215600117999809,speculative,UTC-anchored advancement event
shard-006,4851,2026-09-15T15:20:08.167186+00:00,0.6175326166666006,speculative,UTC-anchored advancement event
shard-007,5608,2026-09-15T15:20:16.663128+00:00,0.7313728249999258,speculative,UTC-anchored advancement event
shard-006,4852,2026-09-15T15:20:51.351320+00:00,0.7114801472333057,speculative,UTC-anchored advancement event
shard-007,5609,2026-09-15T15:20:56.524707+00:00,0.6544643888833283,speculative,UTC-anchored advancement event
shard-006,4853,2026-09-15T15:21:19.830946+00:00,0.4647259708333877,speculative,UTC-anchored advancement event
shard-007,5610,2026-09-15T15:21:23.757354+00:00,0.44432232986667564,speculative,UTC-anchored advancement event
shard-007,5611,2026-09-15T15:21:47.062188+00:00,0.37888989305004844,speculative,UTC-anchored advancement event
shard-006,4854,2026-09-15T15:21:52.280848+00:00,0.5329461534833778,speculative,UTC-anchored advancement event
shard-006,4855,2026-09-15T15:22:23.552857+00:00,0.5133657465333575,speculative,UTC-anchored advancement event
shard-007,5612,2026-09-15T15:22:43.324556+00:00,0.9274040708332905,speculative,UTC-anchored advancement event
shard-006,4856,2026-09-15T15:22:57.590947+00:00,0.5593721326333859,speculative,UTC-anchored advancement event
shard-007,5613,2026-09-15T15:23:26.596503+00:00,0.7111254111166393,speculative,UTC-anchored advancement event
shard-006,4857,2026-09-15T15:23:36.322752+00:00,0.635213071516652,speculative,UTC-anchored advancement event
shard-007,5614,2026-09-15T15:24:01.861564+00:00,0.5774711284833757,speculative,UTC-anchored advancement event
shard-006,4858,2026-09-15T15:24:17.282196+00:00,0.6748557847166619,speculative,UTC-anchored advancement event
shard-006,4859,2026-09-15T15:24:55.368127+00:00,0.62437884931666,speculative,UTC-anchored advancement event
shard-006,4860,2026-09-15T15:25:36.830334+00:00,0.6810378895833613,speculative,UTC-anchored advancement event
shard-006,4861,2026-09-15T15:26:06.830841+00:00,0.49210473958337386,speculative,UTC-anchored advancement event
shard-006,4862,2026-09-15T15:26:40.400539+00:00,0.5490502277834215,speculative,UTC-anchored advancement event
shard-006,4863,2026-09-15T15:27:26.831443+00:00,0.7635720750000473,speculative,UTC-anchored advancement event
shard-006,4864,2026-09-15T15:28:01.918332+00:00,0.5755204513833936,speculative,UTC-anchored advancement event
shard-007,5615,2026-09-15T15:29:00.899221+00:00,4.9770283083333196,speculative,UTC-anchored advancement event
shard-006,4865,2026-09-15T15:29:09.622818+00:00,1.1193498881999404,speculative,UTC-anchored advancement event
shard-006,4866,2026-09-15T15:30:47.857017+00:00,1.6274551722166506,speculative,UTC-anchored advancement event
shard-006,4867,2026-09-15T15:31:20.148107+00:00,0.5286179694499878,speculative,UTC-anchored advancement event
shard-006,4868,2026-09-15T15:31:47.774983+00:00,0.4541096534666091,speculative,UTC-anchored advancement event
shard-006,4869,2026-09-15T15:32:59.575734+00:00,1.1869434833332586,speculative,UTC-anchored advancement event
shard-006,4870,2026-09-15T15:33:49.935966+00:00,0.8292871937500119,speculative,UTC-anchored advancement event
shard-006,4871,2026-09-15T15:34:47.176136+00:00,0.9441924173667454,speculative,UTC-anchored advancement event
shard-006,4872,2026-09-15T15:35:59.497519+00:00,1.1918262145833676,speculative,UTC-anchored advancement event
shard-007,5616,2026-09-15T15:36:09.316400+00:00,7.134359946533247,speculative,UTC-anchored advancement event
shard-007,5617,2026-09-15T15:38:20.357028+00:00,2.1691411819500597,speculative,UTC-anchored advancement event
shard-007,5618,2026-09-15T15:39:23.052325+00:00,1.0389258812500581,speculative,UTC-anchored advancement event
shard-006,4873,2026-09-15T15:39:40.661479+00:00,3.674448433333358,speculative,UTC-anchored advancement event
shard-007,5619,2026-09-15T15:40:57.082735+00:00,1.5572727097166839,speculative,UTC-anchored advancement event
shard-006,4874,2026-09-15T15:41:37.336207+00:00,1.9342836867999722,speculative,UTC-anchored advancement event
shard-007,5620,2026-09-15T15:42:00.452837+00:00,1.0476488354167184,speculative,UTC-anchored advancement event
shard-007,5621,2026-09-15T15:42:51.961149+00:00,0.8482282145832869,speculative,UTC-anchored advancement event
shard-007,5622,2026-09-15T15:43:40.120825+00:00,0.7924951125000613,speculative,UTC-anchored advancement event
shard-006,4875,2026-09-15T15:44:05.686481+00:00,2.4643088423500257,speculative,UTC-anchored advancement event
shard-007,5623,2026-09-15T15:44:15.312704+00:00,0.5781065138832976,speculative,UTC-anchored advancement event
shard-006,4876,2026-09-15T15:44:45.417318+00:00,0.653890873616668,speculative,UTC-anchored advancement event
shard-007,5624,2026-09-15T15:44:48.371088+00:00,0.5409658388999863,speculative,UTC-anchored advancement event
shard-007,5625,2026-09-15T15:45:26.340160+00:00,0.6230723562500012,speculative,UTC-anchored advancement event
shard-006,4877,2026-09-15T15:45:53.063868+00:00,1.1169659027833405,speculative,UTC-anchored advancement event
shard-007,5626,2026-09-15T15:45:59.269104+00:00,0.5408141465333756,speculative,UTC-anchored advancement event
shard-006,4878,2026-09-15T15:46:22.600187+00:00,0.4841553173667004,speculative,UTC-anchored advancement event
shard-007,5627,2026-09-15T15:46:44.795762+00:00,0.7485314652666906,speculative,UTC-anchored advancement event
shard-006,4879,2026-09-15T15:47:23.905491+00:00,1.0110729020833484,speculative,UTC-anchored advancement event
shard-007,5628,2026-09-15T15:47:33.535358+00:00,0.8019980493166562,speculative,UTC-anchored advancement event
shard-006,4880,2026-09-15T15:48:01.373120+00:00,0.6162204499999159,speculative,UTC-anchored advancement event
shard-007,5629,2026-09-15T15:48:24.663321+00:00,0.841665549316652,speculative,UTC-anchored advancement event
shard-006,4881,2026-09-15T15:48:30.842019+00:00,0.482449257633319,speculative,UTC-anchored advancement event
shard-006,4882,2026-09-15T15:49:05.433582+00:00,0.5663344222333156,speculative,UTC-anchored advancement event
shard-007,5630,2026-09-15T15:49:07.281872+00:00,0.7021399736000603,speculative,UTC-anchored advancement event
shard-007,5631,2026-09-15T15:49:45.392957+00:00,0.6248157833333001,speculative,UTC-anchored advancement event
shard-006,4883,2026-09-15T15:49:48.202528+00:00,0.7041447389000193,speculative,UTC-anchored advancement event
shard-007,5632,2026-09-15T15:50:25.170450+00:00,0.6548820500000148,speculative,UTC-anchored advancement event
shard-006,4884,2026-09-15T15:50:26.971687+00:00,0.6358894743167184,speculative,UTC-anchored advancement event
shard-006,4885,2026-09-15T15:51:18.554658+00:00,0.8502460076499119,speculative,UTC-anchored advancement event
shard-006,4886,2026-09-15T15:52:04.346907+00:00,0.7572109937499287,speculative,UTC-anchored advancement event
shard-006,4887,2026-09-15T15:53:05.121742+00:00,1.0021543430499151,speculative,UTC-anchored advancement event
shard-006,4888,2026-09-15T15:53:40.857991+00:00,0.5853407597166854,speculative,UTC-anchored advancement event
shard-006,4889,2026-09-15T15:54:33.637411+00:00,0.8692476749999817,speculative,UTC-anchored advancement event
shard-006,4890,2026-09-15T15:55:35.511734+00:00,1.0246482729167232,speculative,UTC-anchored advancement event
shard-006,4891,2026-09-15T15:56:03.898031+00:00,0.465297324999968,speculative,UTC-anchored advancement event
shard-007,5633,2026-09-15T15:56:03.898031+00:00,5.64633556526666,speculative,UTC-anchored advancement event
shard-006,4892,2026-09-15T15:56:30.384685+00:00,0.4159974180500285,speculative,UTC-anchored advancement event
shard-007,5634,2026-09-15T15:56:32.176970+00:00,0.4486987104166474,speculative,UTC-anchored advancement event
shard-007,5635,2026-09-15T15:56:53.111412+00:00,0.34309301180001056,speculative,UTC-anchored advancement event
shard-006,4893,2026-09-15T15:56:59.455324+00:00,0.47458010693335384,speculative,UTC-anchored advancement event
shard-007,5636,2026-09-15T15:57:46.465834+00:00,0.8786926694333185,speculative,UTC-anchored advancement event
shard-006,4894,2026-09-15T15:58:52.783960+00:00,1.8787234076500074,speculative,UTC-anchored advancement event
shard-007,5637,2026-09-15T15:58:52.783960+00:00,1.097223736799909,speculative,UTC-anchored advancement event
shard-007,5638,2026-09-15T16:00:14.220718+00:00,1.3390940986166242,speculative,UTC-anchored advancement event
shard-007,5639,2026-09-15T16:01:03.607835+00:00,0.8118936382000054,speculative,UTC-anchored advancement event
shard-007,5640,2026-09-15T16:02:12.174244+00:00,1.132381289583403,speculative,UTC-anchored advancement event
shard-007,5641,2026-09-15T16:02:44.625742+00:00,0.5293019805666215,speculative,UTC-anchored advancement event
shard-007,5642,2026-09-15T16:03:28.113286+00:00,0.7165570465332469,speculative,UTC-anchored advancement event
shard-007,5643,2026-09-15T16:03:54.821592+00:00,0.43467380554999785,speculative,UTC-anchored advancement event
shard-007,5644,2026-09-15T16:04:19.782382+00:00,0.4060770736166887,speculative,UTC-anchored advancement event
shard-006,4895,2026-09-15T16:04:38.905431+00:00,5.759256317350082,speculative,UTC-anchored advancement event
shard-006,4896,2026-09-15T16:05:35.291112+00:00,0.9243507076499857,speculative,UTC-anchored advancement event
shard-007,5645,2026-09-15T16:05:36.979037+00:00,1.2746816840165895,speculative,UTC-anchored advancement event
shard-007,5646,2026-09-15T16:06:19.499352+00:00,0.6991183611166586,speculative,UTC-anchored advancement event
shard-006,4897,2026-09-15T16:06:28.081500+00:00,0.8716881305500768,speculative,UTC-anchored advancement event
shard-007,5647,2026-09-15T16:06:55.825553+00:00,0.5975778486000005,speculative,UTC-anchored advancement event
shard-006,4898,2026-09-15T16:07:16.844772+00:00,0.8046615312499247,speculative,UTC-anchored advancement event
shard-007,5648,2026-09-15T16:07:40.148736+00:00,0.7281546236166226,speculative,UTC-anchored advancement event
shard-006,4899,2026-09-15T16:07:58.937306+00:00,0.6911361527834136,speculative,UTC-anchored advancement event
shard-006,4900,2026-09-15T16:08:34.589536+00:00,0.5896273854166794,speculative,UTC-anchored advancement event
shard-007,5649,2026-09-15T16:08:34.589536+00:00,0.8969895763833241,speculative,UTC-anchored advancement event
shard-007,5650,2026-09-15T16:09:00.745867+00:00,0.41849195486671914,speculative,UTC-anchored advancement event
shard-006,4901,2026-09-15T16:09:27.435100+00:00,0.8604175006999867,speculative,UTC-anchored advancement event
shard-007,5651,2026-09-15T16:09:54.049745+00:00,0.8779818652833152,speculative,UTC-anchored advancement event
shard-006,4902,2026-09-15T16:10:14.077930+00:00,0.7691052319500159,speculative,UTC-anchored advancement event
shard-007,5652,2026-09-15T16:10:45.722071+00:00,0.8511117145833851,speculative,UTC-anchored advancement event
shard-006,4903,2026-09-15T16:10:52.005483+00:00,0.62291592708328,speculative,UTC-anchored advancement event
shard-007,5653,2026-09-15T16:11:32.864062+00:00,0.7770347055500072,speculative,UTC-anchored advancement event
shard-006,4904,2026-09-15T16:11:34.757396+00:00,0.7022110249999969,speculative,UTC-anchored advancement event
shard-007,5654,2026-09-15T16:12:21.027357+00:00,0.7915841201500977,speculative,UTC-anchored advancement event
shard-006,4905,2026-09-15T16:12:29.525849+00:00,0.9026644000000185,speculative,UTC-anchored advancement event
shard-007,5655,2026-09-15T16:12:54.217772+00:00,0.5448023624999526,speculative,UTC-anchored advancement event
shard-006,4906,2026-09-15T16:13:15.486505+00:00,0.7552934298667727,speculative,UTC-anchored advancement event
shard-007,5656,2026-09-15T16:13:36.757540+00:00,0.6978362881833163,speculative,UTC-anchored advancement event
shard-006,4907,2026-09-15T16:14:01.286825+00:00,0.7522163638832959,speculative,UTC-anchored advancement event
shard-007,5657,2026-09-15T16:14:23.824532+00:00,0.7758497145833341,speculative,UTC-anchored advancement event
shard-007,5658,2026-09-15T16:14:49.659136+00:00,0.41963005485001,speculative,UTC-anchored advancement event
shard-006,4908,2026-09-15T16:14:51.499019+00:00,0.8251326576333667,speculative,UTC-anchored advancement event
shard-007,5659,2026-09-15T16:15:12.581177+00:00,0.3716865034833366,speculative,UTC-anchored advancement event
shard-006,4909,2026-09-15T16:15:28.129487+00:00,0.6021753486167047,speculative,UTC-anchored advancement event
shard-007,5660,2026-09-15T16:15:44.860704+00:00,0.5271919770833241,speculative,UTC-anchored advancement event
shard-006,4910,2026-09-15T16:16:08.183230+00:00,0.6591926506833261,speculative,UTC-anchored advancement event
shard-007,5661,2026-09-15T16:16:10.095121+00:00,0.41193889375002374,speculative,UTC-anchored advancement event
shard-007,5662,2026-09-15T16:16:37.158192+00:00,0.44019472916661473,speculative,UTC-anchored advancement event
shard-007,5663,2026-09-15T16:17:09.855619+00:00,0.5325940784667182,speculative,UTC-anchored advancement event
shard-007,5664,2026-09-15T16:17:32.025961+00:00,0.36344561249995117,speculative,UTC-anchored advancement event
shard-007,5665,2026-09-15T16:17:58.899434+00:00,0.43692060348342543,speculative,UTC-anchored advancement event
shard-007,5666,2026-09-15T16:18:29.245432+00:00,0.49522791458330173,speculative,UTC-anchored advancement event
shard-007,5667,2026-09-15T16:19:07.698844+00:00,0.6303134881999237,speculative,UTC-anchored advancement event
shard-007,5668,2026-09-15T16:19:39.013962+00:00,0.5156179826334362,speculative,UTC-anchored advancement event
shard-007,5669,2026-09-15T16:20:35.525769+00:00,0.93057023888335,speculative,UTC-anchored advancement event
shard-007,5670,2026-09-15T16:21:05.856075+00:00,0.49475489096669967,speculative,UTC-anchored advancement event
shard-007,5671,2026-09-15T16:22:51.134106+00:00,1.7431066277833451,speculative,UTC-anchored advancement event
shard-006,4911,2026-09-15T16:23:10.708552+00:00,7.038029211799949,speculative,UTC-anchored advancement event
shard-007,5672,2026-09-15T16:23:55.021813+00:00,1.0520959923667155,speculative,UTC-anchored advancement event
shard-007,5673,2026-09-15T16:24:26.257372+00:00,0.5117407701499663,speculative,UTC-anchored advancement event
shard-007,5674,2026-09-15T16:24:53.087941+00:00,0.435477778483255,speculative,UTC-anchored advancement event
shard-007,5675,2026-09-15T16:25:39.286844+00:00,0.7585587597167129,speculative,UTC-anchored advancement event
shard-007,5676,2026-09-15T16:26:16.511193+00:00,0.6111717722166455,speculative,UTC-anchored advancement event
shard-007,5677,2026-09-15T16:27:03.647010+00:00,0.7764384124999196,speculative,UTC-anchored advancement event
shard-006,4912,2026-09-15T16:27:37.379059+00:00,4.426302118750027,speculative,UTC-anchored advancement event
shard-007,5678,2026-09-15T16:27:57.491468+00:00,0.8855581951332473,speculative,UTC-anchored advancement event
shard-006,4913,2026-09-15T16:28:28.812883+00:00,0.849135554166666,speculative,UTC-anchored advancement event
shard-007,5679,2026-09-15T16:28:43.358405+00:00,0.7552067902832884,speculative,UTC-anchored advancement event
shard-006,4914,2026-09-15T16:29:21.642319+00:00,0.8681856485999258,speculative,UTC-anchored advancement event
shard-007,5680,2026-09-15T16:29:34.902738+00:00,0.8481384888833418,speculative,UTC-anchored advancement event
shard-006,4915,2026-09-15T16:29:45.726439+00:00,0.3924767208332923,speculative,UTC-anchored advancement event
shard-006,4916,2026-09-15T16:30:20.890107+00:00,0.5749862819332824,speculative,UTC-anchored advancement event
shard-007,5681,2026-09-15T16:31:07.393192+00:00,1.532994955566634,speculative,UTC-anchored advancement event
shard-006,4917,2026-09-15T16:31:12.674796+00:00,0.8512377215333496,speculative,UTC-anchored advancement event
shard-006,4918,2026-09-15T16:31:53.287959+00:00,0.6735445812499772,speculative,UTC-anchored advancement event
shard-007,5682,2026-09-15T16:31:53.287959+00:00,0.7565136590333471,speculative,UTC-anchored advancement event
shard-007,5683,2026-09-15T16:32:56.288191+00:00,1.031679099999989,speculative,UTC-anchored advancement event
shard-006,4919,2026-09-15T16:32:58.150364+00:00,1.0596130430500732,speculative,UTC-anchored advancement event
shard-007,5684,2026-09-15T16:34:24.085402+00:00,1.4548912666666487,speculative,UTC-anchored advancement event
shard-006,4920,2026-09-15T16:34:33.880834+00:00,1.5874284930666667,speculative,UTC-anchored advancement event
shard-006,4921,2026-09-15T16:35:17.820175+00:00,0.7215415826500248,speculative,UTC-anchored advancement event
shard-006,4922,2026-09-15T16:35:58.326549+00:00,0.6642508666666497,speculative,UTC-anchored advancement event
shard-006,4923,2026-09-15T16:36:43.213741+00:00,0.7394120479166304,speculative,UTC-anchored advancement event
shard-006,4924,2026-09-15T16:38:09.099766+00:00,1.420939802083376,speculative,UTC-anchored advancement event
shard-006,4925,2026-09-15T16:39:01.046779+00:00,0.853760256950045,speculative,UTC-anchored advancement event
shard-007,5685,2026-09-15T16:40:08.951716+00:00,5.7432821132000145,speculative,UTC-anchored advancement event
shard-006,4926,2026-09-15T16:40:28.121544+00:00,1.4404160479167332,speculative,UTC-anchored advancement event
shard-007,5686,2026-09-15T16:40:36.746541+00:00,0.4488233708333913,speculative,UTC-anchored advancement event
shard-006,4927,2026-09-15T16:41:00.251713+00:00,0.5261103117999786,speculative,UTC-anchored advancement event
shard-007,5687,2026-09-15T16:41:33.956284+00:00,0.9430812944333108,speculative,UTC-anchored advancement event
shard-006,4928,2026-09-15T16:41:40.382033+00:00,0.6578072791666879,speculative,UTC-anchored advancement event
shard-006,4929,2026-09-15T16:42:18.565728+00:00,0.6299343881998841,speculative,UTC-anchored advancement event
shard-006,4930,2026-09-15T16:42:54.512094+00:00,0.588123638199977,speculative,UTC-anchored advancement event
shard-007,5688,2026-09-15T16:43:08.889386+00:00,1.5708525534667084,speculative,UTC-anchored advancement event
shard-006,4931,2026-09-15T16:43:37.018187+00:00,0.6979814215332832,speculative,UTC-anchored advancement event
shard-006,4932,2026-09-15T16:44:30.751373+00:00,0.8867841055500321,speculative,UTC-anchored advancement event
shard-007,5689,2026-09-15T16:44:49.673273+00:00,1.6682320812500013,speculative,UTC-anchored advancement event
shard-006,4933,2026-09-15T16:45:09.840650+00:00,0.6405522784666876,speculative,UTC-anchored advancement event
shard-007,5690,2026-09-15T16:45:43.322644+00:00,0.8857654652833541,speculative,UTC-anchored advancement event
shard-006,4934,2026-09-15T16:45:55.476425+00:00,0.7518109590332945,speculative,UTC-anchored advancement event
shard-006,4935,2026-09-15T16:46:28.127666+00:00,0.5335829923666703,speculative,UTC-anchored advancement event
shard-006,4936,2026-09-15T16:47:00.667323+00:00,0.5311509479167095,speculative,UTC-anchored advancement event
shard-007,5691,2026-09-15T16:47:38.676824+00:00,1.9134934027667139,speculative,UTC-anchored advancement event
shard-006,4937,2026-09-15T16:47:55.327971+00:00,0.9024902437500714,speculative,UTC-anchored advancement event
shard-007,5692,2026-09-15T16:48:19.951049+00:00,0.6774251729166281,speculative,UTC-anchored advancement event
shard-006,4938,2026-09-15T16:49:15.192532+00:00,1.3199551576499895,speculative,UTC-anchored advancement event
shard-006,4939,2026-09-15T16:49:44.180665+00:00,0.474128997916705,speculative,UTC-anchored advancement event
shard-007,5693,2026-09-15T16:49:47.195214+00:00,1.4430693805500292,speculative,UTC-anchored advancement event
shard-006,4940,2026-09-15T16:50:24.339732+00:00,0.6582543409833306,speculative,UTC-anchored advancement event
shard-007,5694,2026-09-15T16:51:31.964960+00:00,1.7383489749999474,speculative,UTC-anchored advancement event
shard-006,4941,2026-09-15T16:51:51.039919+00:00,1.435940327083275,speculative,UTC-anchored advancement event
shard-007,5695,2026-09-15T16:52:15.805770+00:00,0.7194029819333082,speculative,UTC-anchored advancement event
shard-007,5696,2026-09-15T16:52:43.952497+00:00,0.45794707916672145,speculative,UTC-anchored advancement event
shard-007,5697,2026-09-15T16:53:13.008271+00:00,0.4771511145833453,speculative,UTC-anchored advancement event
shard-006,4942,2026-09-15T16:53:20.553967+00:00,1.480453902083415,speculative,UTC-anchored advancement event
shard-006,4943,2026-09-15T16:54:00.102755+00:00,0.648507570833317,speculative,UTC-anchored advancement event
shard-006,4944,2026-09-15T16:54:55.542753+00:00,0.9150527506833896,speculative,UTC-anchored advancement event
shard-006,4945,2026-09-15T16:55:36.111148+00:00,0.666743359716808,speculative,UTC-anchored advancement event
shard-007,5698,2026-09-15T16:55:42.547415+00:00,2.4813890916666423,speculative,UTC-anchored advancement event
shard-006,4946,2026-09-15T16:56:11.798835+00:00,0.5836380104168105,speculative,UTC-anchored advancement event
shard-007,5699,2026-09-15T16:56:37.422882+00:00,0.9065072020833517,speculative,UTC-anchored advancement event
shard-006,4947,2026-09-15T16:56:51.820899+00:00,0.6579127986165986,speculative,UTC-anchored advancement event
shard-006,4948,2026-09-15T16:57:25.568616+00:00,0.551469128466609,speculative,UTC-anchored advancement event
shard-007,5700,2026-09-15T16:57:33.144297+00:00,0.9171972110998468,speculative,UTC-anchored advancement event
shard-006,4949,2026-09-15T16:57:50.838121+00:00,0.40980620971652876,speculative,UTC-anchored advancement event
shard-007,5701,2026-09-15T16:58:20.102686+00:00,0.7742174645832468,speculative,UTC-anchored advancement event
shard-006,4950,2026-09-15T16:58:32.250255+00:00,0.6788326263832762,speculative,UTC-anchored advancement event
shard-006,4951,2026-09-15T16:59:05.886441+00:00,0.5517525916666879,speculative,UTC-anchored advancement event
shard-007,5702,2026-09-15T16:59:10.033450+00:00,0.8208583159833022,speculative,UTC-anchored advancement event
shard-006,4952,2026-09-15T16:59:42.736703+00:00,0.6031687333333442,speculative,UTC-anchored advancement event
shard-007,5703,2026-09-15T16:59:51.325987+00:00,0.6799062819501462,speculative,UTC-anchored advancement event
shard-006,4953,2026-09-15T17:00:36.524586+00:00,0.8873921527832863,speculative,UTC-anchored advancement event
shard-007,5704,2026-09-15T17:00:47.481559+00:00,0.9252398944498661,speculative,UTC-anchored advancement event
shard-006,4954,2026-09-15T17:01:08.756236+00:00,0.528298578466638,speculative,UTC-anchored advancement event
shard-006,4955,2026-09-15T17:01:41.473270+00:00,0.5335599833333011,speculative,UTC-anchored advancement event
shard-007,5705,2026-09-15T17:01:54.784208+00:00,1.1128358590334149,speculative,UTC-anchored advancement event
shard-006,4956,2026-09-15T17:02:21.754641+00:00,0.6602917597333241,speculative,UTC-anchored advancement event
shard-007,5706,2026-09-15T17:02:32.589049+00:00,0.6189665840334783,speculative,UTC-anchored advancement event
shard-006,4957,2026-09-15T17:02:53.917584+00:00,0.5272412833333268,speculative,UTC-anchored advancement event
shard-007,5707,2026-09-15T17:03:10.648515+00:00,0.6227197590167635,speculative,UTC-anchored advancement event
shard-006,4958,2026-09-15T17:03:33.092188+00:00,0.6409511861165811,speculative,UTC-anchored advancement event
shard-007,5708,2026-09-15T17:03:52.086612+00:00,0.6818090618001104,speculative,UTC-anchored advancement event
shard-006,4959,2026-09-15T17:04:10.103345+00:00,0.6080232347332639,speculative,UTC-anchored advancement event
shard-007,5709,2026-09-15T17:04:34.940927+00:00,0.7017862138833152,speculative,UTC-anchored advancement event
shard-007,5710,2026-09-15T17:05:17.601133+00:00,0.7046924639000888,speculative,UTC-anchored advancement event
shard-006,4960,2026-09-15T17:05:25.189800+00:00,1.2391209791666673,speculative,UTC-anchored advancement event
shard-006,4961,2026-09-15T17:06:01.241559+00:00,0.5905569020833354,speculative,UTC-anchored advancement event
shard-007,5711,2026-09-15T17:06:21.344240+00:00,1.050914218749919,speculative,UTC-anchored advancement event
shard-006,4962,2026-09-15T17:06:40.169290+00:00,0.6375855979167682,speculative,UTC-anchored advancement event
shard-006,4963,2026-09-15T17:08:40.319900+00:00,1.9909852229167881,speculative,UTC-anchored advancement event
shard-006,4964,2026-09-15T17:09:25.461409+00:00,0.7414426680499067,speculative,UTC-anchored advancement event
shard-006,4965,2026-09-15T17:11:41.055666+00:00,2.2489331395833383,speculative,UTC-anchored advancement event
shard-007,5712,2026-09-15T17:11:47.661653+00:00,5.43607691390013,speculative,UTC-anchored advancement event
shard-006,4966,2026-09-15T17:12:13.903368+00:00,0.534196738883232,speculative,UTC-anchored advancement event
shard-006,4967,2026-09-15T17:12:51.104527+00:00,0.6107345743000526,speculative,UTC-anchored advancement event
shard-007,5713,2026-09-15T17:14:10.551598+00:00,2.367685422916596,speculative,UTC-anchored advancement event
shard-007,5714,2026-09-15T17:14:46.671553+00:00,0.5904958055500173,speculative,UTC-anchored advancement event
shard-006,4968,2026-09-15T17:14:48.450088+00:00,1.9443134340333927,speculative,UTC-anchored advancement event
shard-006,4969,2026-09-15T17:15:30.291461+00:00,0.6864017611000842,speculative,UTC-anchored advancement event
shard-007,5715,2026-09-15T17:15:37.899343+00:00,0.844716872216668,speculative,UTC-anchored advancement event
shard-007,5716,2026-09-15T17:16:25.477694+00:00,0.7840116340167393,speculative,UTC-anchored advancement event
shard-006,4970,2026-09-15T17:16:46.535724+00:00,1.258743737499996,speculative,UTC-anchored advancement event
shard-007,5717,2026-09-15T17:17:00.993569+00:00,0.5825852145833779,speculative,UTC-anchored advancement event
shard-006,4971,2026-09-15T17:17:11.971216+00:00,0.41239906319994285,speculative,UTC-anchored advancement event
shard-006,4972,2026-09-15T17:17:44.617700+00:00,0.5371870555667556,speculative,UTC-anchored advancement event
shard-006,4973,2026-09-15T17:18:09.233014+00:00,0.3991415895834507,speculative,UTC-anchored advancement event
shard-006,4974,2026-09-15T17:18:37.213905+00:00,0.4553220993000044,speculative,UTC-anchored advancement event
shard-006,4975,2026-09-15T17:19:13.257210+00:00,0.589897750000091,speculative,UTC-anchored advancement event
shard-007,5718,2026-09-15T17:19:47.128310+00:00,2.759813827783364,speculative,UTC-anchored advancement event
shard-006,4976,2026-09-15T17:19:49.008756+00:00,0.5860509048667154,speculative,UTC-anchored advancement event
shard-007,5719,2026-09-15T17:20:23.998643+00:00,0.6037744895833991,speculative,UTC-anchored advancement event
shard-006,4977,2026-09-15T17:20:25.770167+00:00,0.6043846590332881,speculative,UTC-anchored advancement event
shard-007,5720,2026-09-15T17:20:53.907829+00:00,0.4894637666666919,speculative,UTC-anchored advancement event
shard-006,4978,2026-09-15T17:21:02.623461+00:00,0.6035098229166276,speculative,UTC-anchored advancement event
shard-007,5721,2026-09-15T17:21:23.966035+00:00,0.4898640972166807,speculative,UTC-anchored advancement event
shard-006,4979,2026-09-15T17:21:48.511536+00:00,0.7540825014000195,speculative,UTC-anchored advancement event
shard-007,5722,2026-09-15T17:21:50.483071+00:00,0.4327950680664799,speculative,UTC-anchored advancement event
shard-006,4980,2026-09-15T17:22:24.402628+00:00,0.5858124055499502,speculative,UTC-anchored advancement event
shard-007,5723,2026-09-15T17:22:39.862950+00:00,0.8152632930665277,speculative,UTC-anchored advancement event
shard-006,4981,2026-09-15T17:23:19.609085+00:00,0.9108460562500114,speculative,UTC-anchored advancement event
shard-007,5724,2026-09-15T17:23:29.507500+00:00,0.8149836479167182,speculative,UTC-anchored advancement event
shard-006,4982,2026-09-15T17:24:02.484098+00:00,0.7029887270834781,speculative,UTC-anchored advancement event
shard-007,5725,2026-09-15T17:24:11.104222+00:00,0.6840479208333515,speculative,UTC-anchored advancement event
shard-006,4983,2026-09-15T17:24:37.031084+00:00,0.5665298826332825,speculative,UTC-anchored advancement event
shard-007,5726,2026-09-15T17:24:53.760096+00:00,0.700017061799978,speculative,UTC-anchored advancement event
shard-006,4984,2026-09-15T17:25:19.487533+00:00,0.6960685902832968,speculative,UTC-anchored advancement event
shard-007,5727,2026-09-15T17:25:27.084408+00:00,0.546126473616702,speculative,UTC-anchored advancement event
shard-006,4985,2026-09-15T17:25:54.125507+00:00,0.5657140312500512,speculative,UTC-anchored advancement event
shard-006,4986,2026-09-15T17:26:18.652062+00:00,0.39952804375013024,speculative,UTC-anchored advancement event
shard-006,4987,2026-09-15T17:26:49.153750+00:00,0.4966061895834476,speculative,UTC-anchored advancement event
shard-007,5728,2026-09-15T17:26:53.425986+00:00,1.4280944048667152,speculative,UTC-anchored advancement event
shard-006,4988,2026-09-15T17:27:18.086997+00:00,0.4722479555501195,speculative,UTC-anchored advancement event
shard-006,4989,2026-09-15T17:27:47.393400+00:00,0.476966859716534,speculative,UTC-anchored advancement event
shard-006,4990,2026-09-15T17:28:25.931543+00:00,0.6302348840331736,speculative,UTC-anchored advancement event
shard-007,5729,2026-09-15T17:28:47.068555+00:00,1.8880945979166426,speculative,UTC-anchored advancement event
shard-006,4991,2026-09-15T17:28:53.635985+00:00,0.45197688401652464,speculative,UTC-anchored advancement event
shard-007,5730,2026-09-15T17:30:01.611555+00:00,1.2291899347166084,speculative,UTC-anchored advancement event
shard-007,5731,2026-09-15T17:30:26.435458+00:00,0.40076965833335026,speculative,UTC-anchored advancement event
shard-007,5732,2026-09-15T17:30:52.374664+00:00,0.4258533722165642,speculative,UTC-anchored advancement event
shard-006,4992,2026-09-15T17:31:04.748357+00:00,2.173032597216661,speculative,UTC-anchored advancement event
shard-007,5733,2026-09-15T17:31:33.271692+00:00,0.668281923616693,speculative,UTC-anchored advancement event
shard-006,4993,2026-09-15T17:31:35.288658+00:00,0.4970582132002164,speculative,UTC-anchored advancement event
shard-006,4994,2026-09-15T17:32:06.833065+00:00,0.516349900700152,speculative,UTC-anchored advancement event
shard-007,5734,2026-09-15T17:32:14.499649+00:00,0.6743159173665239,speculative,UTC-anchored advancement event
shard-007,5735,2026-09-15T17:32:55.193009+00:00,0.666888872916752,speculative,UTC-anchored advancement event
shard-006,4995,2026-09-15T17:33:04.868853+00:00,0.9574677194500206,speculative,UTC-anchored advancement event
shard-007,5736,2026-09-15T17:33:52.298526+00:00,0.9423626305666403,speculative,UTC-anchored advancement event
shard-007,5737,2026-09-15T17:35:14.101167+00:00,1.3521319013833515,speculative,UTC-anchored advancement event
shard-007,5738,2026-09-15T17:36:02.821742+00:00,0.7981049722167275,speculative,UTC-anchored advancement event
shard-007,5739,2026-09-15T17:36:45.602357+00:00,0.7066597867999614,speculative,UTC-anchored advancement event
shard-007,5740,2026-09-15T17:37:46.021378+00:00,0.994052136800019,speculative,UTC-anchored advancement event
shard-006,4996,2026-09-15T17:38:48.427814+00:00,5.721258050700029,speculative,UTC-anchored advancement event
shard-007,5741,2026-09-15T17:38:58.682779+00:00,1.1983021055501013,speculative,UTC-anchored advancement event
shard-006,4997,2026-09-15T17:39:33.768615+00:00,0.7379149423664785,speculative,UTC-anchored advancement event
shard-007,5742,2026-09-15T17:39:49.232491+00:00,0.8309635159831184,speculative,UTC-anchored advancement event
shard-007,5743,2026-09-15T17:40:36.716456+00:00,0.7791476138833483,speculative,UTC-anchored advancement event
shard-006,4998,2026-09-15T17:41:09.366428+00:00,1.5841605979165858,speculative,UTC-anchored advancement event
shard-007,5744,2026-09-15T17:41:13.421032+00:00,0.6023111166667756,speculative,UTC-anchored advancement event
shard-007,5745,2026-09-15T17:41:42.738450+00:00,0.47758596804997067,speculative,UTC-anchored advancement event
shard-006,4999,2026-09-15T17:41:44.690900+00:00,0.5794902840168409,speculative,UTC-anchored advancement event
shard-007,5746,2026-09-15T17:42:04.737184+00:00,0.3569584750000407,speculative,UTC-anchored advancement event
shard-006,5000,2026-09-15T17:42:24.935616+00:00,0.6615743777666163,speculative,UTC-anchored advancement event
shard-007,5747,2026-09-15T17:42:37.122127+00:00,0.5280805229168133,speculative,UTC-anchored advancement event
shard-006,5001,2026-09-15T17:43:01.876455+00:00,0.6036661944500035,speculative,UTC-anchored advancement event
shard-007,5748,2026-09-15T17:43:25.279930+00:00,0.7935729333332954,speculative,UTC-anchored advancement event
shard-006,5002,2026-09-15T17:43:43.204898+00:00,0.6793028694499905,speculative,UTC-anchored advancement event
shard-007,5749,2026-09-15T17:44:12.384176+00:00,0.7730540874998648,speculative,UTC-anchored advancement event
shard-006,5003,2026-09-15T17:44:17.581435+00:00,0.5640312541666693,speculative,UTC-anchored advancement event
shard-007,5750,2026-09-15T17:45:02.878075+00:00,0.8321243819334389,speculative,UTC-anchored advancement event
shard-006,5004,2026-09-15T17:45:31.052087+00:00,1.2133467527666653,speculative,UTC-anchored advancement event
shard-007,5751,2026-09-15T17:45:47.938503+00:00,0.739041304866502,speculative,UTC-anchored advancement event
shard-006,5005,2026-09-15T17:46:02.297021+00:00,0.5084867840334482,speculative,UTC-anchored advancement event
shard-007,5752,2026-09-15T17:46:36.227122+00:00,0.7952934000000823,speculative,UTC-anchored advancement event
shard-006,5006,2026-09-15T17:46:42.810627+00:00,0.6628543263832398,speculative,UTC-anchored advancement event
shard-006,5007,2026-09-15T17:47:20.069622+00:00,0.6111135118000675,speculative,UTC-anchored advancement event
shard-007,5753,2026-09-15T17:47:50.506816+00:00,1.2248289492999902,speculative,UTC-anchored advancement event
shard-006,5008,2026-09-15T17:48:02.708637+00:00,0.6985898208333917,speculative,UTC-anchored advancement event
shard-007,5754,2026-09-15T17:48:24.024705+00:00,0.5465453305499978,speculative,UTC-anchored advancement event
shard-007,5755,2026-09-15T17:48:51.115650+00:00,0.43920411735016385,speculative,UTC-anchored advancement event
shard-006,5009,2026-09-15T17:48:55.325680+00:00,0.8673119395833055,speculative,UTC-anchored advancement event
shard-007,5756,2026-09-15T17:49:27.887496+00:00,0.6036691333332177,speculative,UTC-anchored advancement event
shard-006,5010,2026-09-15T17:49:31.016593+00:00,0.5857330902833685,speculative,UTC-anchored advancement event
shard-006,5011,2026-09-15T17:50:01.462303+00:00,0.495744134716612,speculative,UTC-anchored advancement event
shard-006,5012,2026-09-15T17:50:27.537281+00:00,0.4214007187501314,speculative,UTC-anchored advancement event
shard-006,5013,2026-09-15T17:51:07.146313+00:00,0.6503971895833577,speculative,UTC-anchored advancement event
shard-007,5757,2026-09-15T17:51:09.207998+00:00,1.6761896201334214,speculative,UTC-anchored advancement event
shard-006,5014,2026-09-15T17:51:38.647659+00:00,0.5114888492998337,speculative,UTC-anchored advancement event
shard-007,5758,2026-09-15T17:51:59.842193+00:00,0.8326113826333312,speculative,UTC-anchored advancement event
shard-006,5015,2026-09-15T17:52:22.425125+00:00,0.7201067624999269,speculative,UTC-anchored advancement event
shard-007,5759,2026-09-15T17:52:40.462447+00:00,0.6647334506834643,speculative,UTC-anchored advancement event
shard-007,5760,2026-09-15T17:53:10.738111+00:00,0.49514422638336936,speculative,UTC-anchored advancement event
shard-006,5016,2026-09-15T17:53:18.394367+00:00,0.9201322340166371,speculative,UTC-anchored advancement event
shard-007,5761,2026-09-15T17:54:17.446260+00:00,1.0993793944333448,speculative,UTC-anchored advancement event
shard-006,5017,2026-09-15T17:55:51.401224+00:00,2.541960975000014,speculative,UTC-anchored advancement event
shard-007,5762,2026-09-15T17:56:11.709423+00:00,1.8945569590333131,speculative,UTC-anchored advancement event
shard-006,5018,2026-09-15T17:56:44.383662+00:00,0.8703858736165179,speculative,UTC-anchored advancement event
shard-007,5763,2026-09-15T17:57:01.072184+00:00,0.8140934110999903,speculative,UTC-anchored advancement event
shard-006,5019,2026-09-15T17:57:54.466671+00:00,1.1585213930666214,speculative,UTC-anchored advancement event
shard-007,5764,2026-09-15T17:58:19.345030+00:00,1.2917902159664663,speculative,UTC-anchored advancement event
shard-006,5020,2026-09-15T17:58:47.449039+00:00,0.8742600388832216,speculative,UTC-anchored advancement event
shard-007,5765,2026-09-15T17:59:35.122090+00:00,1.25305502083332,speculative,UTC-anchored advancement event
shard-006,5021,2026-09-15T17:59:37.140166+00:00,0.8152085875000921,speculative,UTC-anchored advancement event
shard-006,5022,2026-09-15T18:01:18.192323+00:00,1.6727045118001116,speculative,UTC-anchored advancement event
shard-007,5766,2026-09-15T18:01:35.953990+00:00,2.0010297305501203,speculative,UTC-anchored advancement event
shard-006,5023,2026-09-15T18:02:06.555611+00:00,0.7963669930499843,speculative,UTC-anchored advancement event
shard-007,5767,2026-09-15T18:02:16.517835+00:00,0.6634608465331743,speculative,UTC-anchored advancement event
shard-006,5024,2026-09-15T18:02:42.454924+00:00,0.5886436333334132,speculative,UTC-anchored advancement event
shard-007,5768,2026-09-15T18:02:58.209589+00:00,0.685510261116724,speculative,UTC-anchored advancement event
shard-006,5025,2026-09-15T18:03:15.065968+00:00,0.5307361062499695,speculative,UTC-anchored advancement event
shard-007,5769,2026-09-15T18:03:33.079937+00:00,0.5689939173666062,speculative,UTC-anchored advancement event
shard-006,5026,2026-09-15T18:03:38.310957+00:00,0.37774128055001105,speculative,UTC-anchored advancement event
shard-007,5770,2026-09-15T18:04:03.142367+00:00,0.49147340416675434,speculative,UTC-anchored advancement event
shard-006,5027,2026-09-15T18:04:28.109581+00:00,0.8190600402832691,speculative,UTC-anchored advancement event
shard-007,5771,2026-09-15T18:04:37.927073+00:00,0.5698332617997949,speculative,UTC-anchored advancement event
shard-006,5028,2026-09-15T18:05:26.753312+00:00,0.9675140895832253,speculative,UTC-anchored advancement event
shard-007,5772,2026-09-15T18:05:29.875697+00:00,0.8544072208334303,speculative,UTC-anchored advancement event
shard-006,5029,2026-09-15T18:06:08.302238+00:00,0.6803330083334004,speculative,UTC-anchored advancement event
shard-007,5773,2026-09-15T18:06:36.603412+00:00,1.1026903291667016,speculative,UTC-anchored advancement event
shard-006,5030,2026-09-15T18:06:54.662316+00:00,0.7605165367999386,speculative,UTC-anchored advancement event
shard-007,5774,2026-09-15T18:07:19.483831+00:00,0.7024857027832089,speculative,UTC-anchored advancement event
shard-006,5031,2026-09-15T18:07:59.215123+00:00,1.0661599680500027,speculative,UTC-anchored advancement event
shard-006,5032,2026-09-15T18:08:58.338814+00:00,0.9730269652834977,speculative,UTC-anchored advancement event
shard-006,5033,2026-09-15T18:09:33.297128+00:00,0.575721217366663,speculative,UTC-anchored advancement event
shard-006,5034,2026-09-15T18:10:46.005410+00:00,1.1991796666666537,speculative,UTC-anchored advancement event
shard-007,5775,2026-09-15T18:10:51.372632+00:00,3.518474905549859,speculative,UTC-anchored advancement event
shard-006,5035,2026-09-15T18:11:10.531717+00:00,0.399615943050109,speculative,UTC-anchored advancement event
shard-007,5776,2026-09-15T18:11:30.904951+00:00,0.6493255770835579,speculative,UTC-anchored advancement event
shard-006,5036,2026-09-15T18:11:37.481748+00:00,0.4363531958333624,speculative,UTC-anchored advancement event
shard-006,5037,2026-09-15T18:12:29.760933+00:00,0.8618254340333806,speculative,UTC-anchored advancement event
shard-006,5038,2026-09-15T18:12:57.860759+00:00,0.4581067472332506,speculative,UTC-anchored advancement event
shard-007,5777,2026-09-15T18:13:22.689827+00:00,1.850288509033271,speculative,UTC-anchored advancement event
shard-006,5039,2026-09-15T18:13:46.364951+00:00,0.7953870062500452,speculative,UTC-anchored advancement event
shard-007,5778,2026-09-15T18:14:21.237786+00:00,0.9632402888833894,speculative,UTC-anchored advancement event
shard-006,5040,2026-09-15T18:14:23.180870+00:00,0.603570629166643,speculative,UTC-anchored advancement event
shard-007,5779,2026-09-15T18:14:57.141524+00:00,0.5867629368001265,speculative,UTC-anchored advancement event
shard-006,5041,2026-09-15T18:15:05.859387+00:00,0.701360501399904,speculative,UTC-anchored advancement event
shard-006,5042,2026-09-15T18:15:54.726195+00:00,0.802119754866726,speculative,UTC-anchored advancement event
shard-007,5780,2026-09-15T18:16:05.881217+00:00,1.1354615444332012,speculative,UTC-anchored advancement event
shard-007,5781,2026-09-15T18:16:39.733439+00:00,0.5543074118000125,speculative,UTC-anchored advancement event
shard-006,5043,2026-09-15T18:17:04.570391+00:00,1.1507614347166963,speculative,UTC-anchored advancement event
shard-006,5044,2026-09-15T18:17:51.882866+00:00,0.7794950437499211,speculative,UTC-anchored advancement event
shard-007,5782,2026-09-15T18:17:51.882866+00:00,1.1895103263833637,speculative,UTC-anchored advancement event
shard-006,5045,2026-09-15T18:19:08.351666+00:00,1.251957668066704,speculative,UTC-anchored advancement event
shard-006,5046,2026-09-15T18:19:51.531366+00:00,0.7069128111164901,speculative,UTC-anchored advancement event
shard-006,5047,2026-09-15T18:20:25.656570+00:00,0.5583606770832072,speculative,UTC-anchored advancement event
shard-006,5048,2026-09-15T18:21:09.652386+00:00,0.7233579430498746,speculative,UTC-anchored advancement event
shard-007,5783,2026-09-15T18:21:49.368502+00:00,3.9391707861165437,speculative,UTC-anchored advancement event
shard-006,5049,2026-09-15T18:21:54.753273+00:00,0.7393975236164503,speculative,UTC-anchored advancement event
shard-007,5784,2026-09-15T18:22:30.753275+00:00,0.678221274316699,speculative,UTC-anchored advancement event
shard-006,5050,2026-09-15T18:22:32.842435+00:00,0.6255451874999077,speculative,UTC-anchored advancement event
shard-006,5051,2026-09-15T18:23:07.818577+00:00,0.5711787763832642,speculative,UTC-anchored advancement event
shard-007,5785,2026-09-15T18:23:15.297615+00:00,0.7283810791666231,speculative,UTC-anchored advancement event
shard-006,5052,2026-09-15T18:23:50.406429+00:00,0.6999768972166446,speculative,UTC-anchored advancement event
shard-006,5053,2026-09-15T18:24:39.233583+00:00,0.801398463883379,speculative,UTC-anchored advancement event
shard-006,5054,2026-09-15T18:25:20.876027+00:00,0.6841156388834254,speculative,UTC-anchored advancement event
shard-006,5055,2026-09-15T18:26:04.037833+00:00,0.7067825916667061,speculative,UTC-anchored advancement event
shard-006,5056,2026-09-15T18:26:52.841604+00:00,0.8004878229165722,speculative,UTC-anchored advancement event
shard-006,5057,2026-09-15T18:27:52.904172+00:00,0.9911717361166665,speculative,UTC-anchored advancement event
shard-007,5786,2026-09-15T18:28:13.214663+00:00,4.9530762180501675,speculative,UTC-anchored advancement event
shard-006,5058,2026-09-15T18:28:46.068191+00:00,0.8735655562501051,speculative,UTC-anchored advancement event
shard-006,5059,2026-09-15T18:29:41.479000+00:00,0.9159875861167772,speculative,UTC-anchored advancement event
shard-007,5787,2026-09-15T18:30:13.171803+00:00,1.9869252305667033,speculative,UTC-anchored advancement event
shard-006,5060,2026-09-15T18:31:34.765395+00:00,1.8751624527666233,speculative,UTC-anchored advancement event
shard-007,5788,2026-09-15T18:32:10.654552+00:00,1.9485009715332127,speculative,UTC-anchored advancement event
shard-006,5061,2026-09-15T18:32:30.953644+00:00,0.926656907650128,speculative,UTC-anchored advancement event
shard-007,5789,2026-09-15T18:32:43.275417+00:00,0.5315795090333267,speculative,UTC-anchored advancement event
shard-006,5062,2026-09-15T18:33:02.430859+00:00,0.5121187930499824,speculative,UTC-anchored advancement event
shard-006,5063,2026-09-15T18:33:37.241979+00:00,0.5703994833333127,speculative,UTC-anchored advancement event
shard-007,5790,2026-09-15T18:34:11.322989+00:00,1.4555825750001532,speculative,UTC-anchored advancement event
shard-007,5791,2026-09-15T18:34:59.961663+00:00,0.7982917430500189,speculative,UTC-anchored advancement event
shard-007,5792,2026-09-15T18:35:50.576347+00:00,0.8363822722164816,speculative,UTC-anchored advancement event
shard-007,5793,2026-09-15T18:36:42.578750+00:00,0.8544726000000082,speculative,UTC-anchored advancement event
shard-007,5794,2026-09-15T18:37:20.985825+00:00,0.6271673944499828,speculative,UTC-anchored advancement event
shard-006,5064,2026-09-15T18:37:46.826388+00:00,4.149907046533432,speculative,UTC-anchored advancement event
shard-007,5795,2026-09-15T18:38:03.882774+00:00,0.7046290159664447,speculative,UTC-anchored advancement event
shard-006,5065,2026-09-15T18:38:32.202720+00:00,0.7431550111000736,speculative,UTC-anchored advancement event
shard-007,5796,2026-09-15T18:38:38.571540+00:00,0.5677446520833959,speculative,UTC-anchored advancement event
shard-007,5797,2026-09-15T18:39:21.561821+00:00,0.7046799194499423,speculative,UTC-anchored advancement event
shard-006,5066,2026-09-15T18:39:41.989629+00:00,1.1532762249999602,speculative,UTC-anchored advancement event
shard-007,5798,2026-09-15T18:40:11.400965+00:00,0.82051139515,speculative,UTC-anchored advancement event
shard-006,5067,2026-09-15T18:40:21.368328+00:00,0.6463793048499308,speculative,UTC-anchored advancement event
shard-007,5799,2026-09-15T18:40:50.839139+00:00,0.644724065966875,speculative,UTC-anchored advancement event
shard-007,5800,2026-09-15T18:41:34.274792+00:00,0.7095892076332044,speculative,UTC-anchored advancement event
shard-006,5068,2026-09-15T18:41:37.321147+00:00,1.2536914534832855,speculative,UTC-anchored advancement event
shard-006,5069,2026-09-15T18:42:14.738851+00:00,0.6111887062502016,speculative,UTC-anchored advancement event
shard-007,5801,2026-09-15T18:42:26.983967+00:00,0.8676267694499984,speculative,UTC-anchored advancement event
shard-006,5070,2026-09-15T18:42:49.533644+00:00,0.567165924316699,speculative,UTC-anchored advancement event
shard-007,5802,2026-09-15T18:42:59.508567+00:00,0.5322407013833678,speculative,UTC-anchored advancement event
shard-006,5071,2026-09-15T18:43:20.980745+00:00,0.5109765485998651,speculative,UTC-anchored advancement event
shard-006,5072,2026-09-15T18:44:03.846788+00:00,0.7042025416667457,speculative,UTC-anchored advancement event
shard-006,5073,2026-09-15T18:44:35.629900+00:00,0.5169190805499966,speculative,UTC-anchored advancement event
shard-007,5803,2026-09-15T18:44:39.921089+00:00,1.6618164423499062,speculative,UTC-anchored advancement event
shard-006,5074,2026-09-15T18:45:03.620696+00:00,0.4539055340334016,speculative,UTC-anchored advancement event
shard-007,5804,2026-09-15T18:45:26.388817+00:00,0.764866806933181,speculative,UTC-anchored advancement event
shard-006,5075,2026-09-15T18:45:49.119591+00:00,0.7446696194332617,speculative,UTC-anchored advancement event
shard-006,5076,2026-09-15T18:46:36.662404+00:00,0.782054236799983,speculative,UTC-anchored advancement event
shard-007,5805,2026-09-15T18:46:44.393784+00:00,1.2869128291664917,speculative,UTC-anchored advancement event
shard-006,5077,2026-09-15T18:47:13.804684+00:00,0.6059305666666963,speculative,UTC-anchored advancement event
shard-006,5078,2026-09-15T18:47:52.208581+00:00,0.6299528270833737,speculative,UTC-anchored advancement event
shard-007,5806,2026-09-15T18:48:11.476297+00:00,1.4394331458332696,speculative,UTC-anchored advancement event
shard-006,5079,2026-09-15T18:48:42.120890+00:00,0.8190542882000348,speculative,UTC-anchored advancement event
shard-007,5807,2026-09-15T18:49:03.595600+00:00,0.8590092382000876,speculative,UTC-anchored advancement event
shard-006,5080,2026-09-15T18:49:47.059344+00:00,1.0722372076498383,speculative,UTC-anchored advancement event
shard-007,5808,2026-09-15T18:49:49.081257+00:00,0.7442269472167633,speculative,UTC-anchored advancement event
shard-007,5809,2026-09-15T18:50:25.256050+00:00,0.5965298124998905,speculative,UTC-anchored advancement event
shard-007,5810,2026-09-15T18:50:52.529150+00:00,0.44087665556677774,speculative,UTC-anchored advancement event
shard-006,5081,2026-09-15T18:51:16.420130+00:00,1.4766350243000488,speculative,UTC-anchored advancement event
shard-007,5811,2026-09-15T18:51:20.548554+00:00,0.452984895833409,speculative,UTC-anchored advancement event
shard-007,5812,2026-09-15T18:51:45.454115+00:00,0.40333070694978235,speculative,UTC-anchored advancement event
shard-006,5082,2026-09-15T18:51:53.204502+00:00,0.6032609638833188,speculative,UTC-anchored advancement event
shard-006,5083,2026-09-15T18:52:50.841170+00:00,0.9544269416668006,speculative,UTC-anchored advancement event
shard-006,5084,2026-09-15T18:53:31.832681+00:00,0.6692029166665937,speculative,UTC-anchored advancement event
shard-007,5813,2026-09-15T18:54:09.174637+00:00,2.381683956250102,speculative,UTC-anchored advancement event
shard-006,5085,2026-09-15T18:54:23.638343+00:00,0.8511708375001035,speculative,UTC-anchored advancement event
shard-007,5814,2026-09-15T18:54:38.382102+00:00,0.476976821533511,speculative,UTC-anchored advancement event
shard-007,5815,2026-09-15T18:55:17.057304+00:00,0.63175208403336,speculative,UTC-anchored advancement event
shard-006,5086,2026-09-15T18:55:18.925295+00:00,0.9110710222167351,speculative,UTC-anchored advancement event
shard-007,5816,2026-09-15T18:56:04.397269+00:00,0.7787912659834546,speculative,UTC-anchored advancement event
shard-006,5087,2026-09-15T18:56:07.619929+00:00,0.799464104166691,speculative,UTC-anchored advancement event
shard-007,5817,2026-09-15T18:56:36.874184+00:00,0.5309367472165225,speculative,UTC-anchored advancement event
shard-006,5088,2026-09-15T18:56:52.664104+00:00,0.7409825110999615,speculative,UTC-anchored advancement event
shard-007,5818,2026-09-15T18:57:05.012576+00:00,0.45569829028342307,speculative,UTC-anchored advancement event
shard-006,5089,2026-09-15T18:57:26.384834+00:00,0.5492630402666692,speculative,UTC-anchored advancement event
shard-007,5819,2026-09-15T18:58:00.461966+00:00,0.9140011451333218,speculative,UTC-anchored advancement event
shard-006,5090,2026-09-15T18:58:13.970890+00:00,0.7795232451501458,speculative,UTC-anchored advancement event
shard-007,5820,2026-09-15T18:58:55.826277+00:00,0.9131014631833144,speculative,UTC-anchored advancement event
shard-006,5091,2026-09-15T18:59:45.891607+00:00,1.521878490983363,speculative,UTC-anchored advancement event
shard-007,5821,2026-09-15T18:59:47.915512+00:00,0.8550077777833697,speculative,UTC-anchored advancement event
shard-006,5092,2026-09-15T19:00:25.363722+00:00,0.6482873520833284,speculative,UTC-anchored advancement event
shard-007,5822,2026-09-15T19:00:40.202002+00:00,0.8617302986167488,speculative,UTC-anchored advancement event
shard-006,5093,2026-09-15T19:01:29.154787+00:00,1.0497162444500039,speculative,UTC-anchored advancement event
shard-007,5823,2026-09-15T19:01:37.869012+00:00,0.950355054866668,speculative,UTC-anchored advancement event
shard-006,5094,2026-09-15T19:02:17.698555+00:00,0.7982245138834211,speculative,UTC-anchored advancement event
shard-007,5824,2026-09-15T19:02:19.799326+00:00,0.6855030819499613,speculative,UTC-anchored advancement event
shard-006,5095,2026-09-15T19:02:47.157529+00:00,0.4773143007000423,speculative,UTC-anchored advancement event
shard-007,5825,2026-09-15T19:03:04.103678+00:00,0.7258423458333709,speculative,UTC-anchored advancement event
shard-006,5096,2026-09-15T19:03:29.258546+00:00,0.6902852486166619,speculative,UTC-anchored advancement event
shard-007,5826,2026-09-15T19:03:35.974537+00:00,0.5171471090332489,speculative,UTC-anchored advancement event
shard-006,5097,2026-09-15T19:04:00.982553+00:00,0.5143003013833852,speculative,UTC-anchored advancement event
shard-006,5098,2026-09-15T19:04:35.220810+00:00,0.5564728194498457,speculative,UTC-anchored advancement event
shard-006,5099,2026-09-15T19:05:26.563897+00:00,0.8418570979166058,speculative,UTC-anchored advancement event
shard-006,5100,2026-09-15T19:06:06.231935+00:00,0.6503110930665571,speculative,UTC-anchored advancement event
shard-007,5827,2026-09-15T19:06:23.374283+00:00,2.7793587590334936,speculative,UTC-anchored advancement event
shard-006,5101,2026-09-15T19:06:46.156617+00:00,0.6512040555668742,speculative,UTC-anchored advancement event
shard-006,5102,2026-09-15T19:07:31.486271+00:00,0.7448106263834536,speculative,UTC-anchored advancement event
shard-006,5103,2026-09-15T19:08:06.968007+00:00,0.576947934733471,speculative,UTC-anchored advancement event
shard-006,5104,2026-09-15T19:08:50.333624+00:00,0.7088901701499708,speculative,UTC-anchored advancement event
shard-006,5105,2026-09-15T19:09:28.876845+00:00,0.6314376312499613,speculative,UTC-anchored advancement event
shard-006,5106,2026-09-15T19:10:11.915162+00:00,0.7032874708333111,speculative,UTC-anchored advancement event
shard-007,5828,2026-09-15T19:10:16.328419+00:00,3.868496567366674,speculative,UTC-anchored advancement event
shard-006,5107,2026-09-15T19:10:43.883421+00:00,0.5186467750000399,speculative,UTC-anchored advancement event
shard-007,5829,2026-09-15T19:10:48.362175+00:00,0.5230787979167265,speculative,UTC-anchored advancement event
shard-007,5830,2026-09-15T19:11:52.783969+00:00,1.0627771326500806,speculative,UTC-anchored advancement event
shard-007,5831,2026-09-15T19:12:23.943904+00:00,0.5080231541668279,speculative,UTC-anchored advancement event
shard-007,5832,2026-09-15T19:13:15.697370+00:00,0.8479927423667202,speculative,UTC-anchored advancement event
shard-007,5833,2026-09-15T19:14:11.988616+00:00,0.9233946902835063,speculative,UTC-anchored advancement event
shard-007,5834,2026-09-15T19:15:36.650854+00:00,1.4029173416667617,speculative,UTC-anchored advancement event
shard-006,5108,2026-09-15T19:16:20.444554+00:00,5.606767015966762,speculative,UTC-anchored advancement event
shard-006,5109,2026-09-15T19:16:55.404653+00:00,0.5606160069500523,speculative,UTC-anchored advancement event
shard-007,5835,2026-09-15T19:17:06.705374+00:00,1.485973338883438,speculative,UTC-anchored advancement event
shard-007,5836,2026-09-15T19:17:53.495655+00:00,0.772060748616544,speculative,UTC-anchored advancement event
shard-007,5837,2026-09-15T19:18:24.519375+00:00,0.5024524208332878,speculative,UTC-anchored advancement event
shard-006,5110,2026-09-15T19:18:27.846680+00:00,1.5264437458332396,speculative,UTC-anchored advancement event
shard-007,5838,2026-09-15T19:19:11.272724+00:00,0.7643368291666168,speculative,UTC-anchored advancement event
shard-006,5111,2026-09-15T19:19:14.567479+00:00,0.7674135027834078,speculative,UTC-anchored advancement event
shard-007,5839,2026-09-15T19:19:39.939108+00:00,0.4630865388831201,speculative,UTC-anchored advancement event
shard-007,5840,2026-09-15T19:20:16.403891+00:00,0.5964135861164929,speculative,UTC-anchored advancement event
shard-006,5112,2026-09-15T19:20:48.668124+00:00,1.5550690534667713,speculative,UTC-anchored advancement event
shard-007,5841,2026-09-15T19:20:48.668124+00:00,0.526827269433367,speculative,UTC-anchored advancement event
shard-007,5842,2026-09-15T19:21:41.363749+00:00,0.8492922083334027,speculative,UTC-anchored advancement event
shard-007,5843,2026-09-15T19:22:25.001055+00:00,0.7122869763998703,speculative,UTC-anchored advancement event
shard-006,5113,2026-09-15T19:23:15.408310+00:00,2.4210290055501296,speculative,UTC-anchored advancement event
shard-007,5844,2026-09-15T19:23:18.524578+00:00,0.8771534000001945,speculative,UTC-anchored advancement event
shard-006,5114,2026-09-15T19:23:58.618684+00:00,0.7086023465334923,speculative,UTC-anchored advancement event
shard-007,5845,2026-09-15T19:24:17.907473+00:00,0.9787606583333399,speculative,UTC-anchored advancement event
shard-006,5115,2026-09-15T19:24:40.881066+00:00,0.6929199243000767,speculative,UTC-anchored advancement event
shard-007,5846,2026-09-15T19:25:06.255850+00:00,0.7909604236165857,speculative,UTC-anchored advancement event
shard-006,5116,2026-09-15T19:25:25.593923+00:00,0.7334185895832586,speculative,UTC-anchored advancement event
shard-007,5847,2026-09-15T19:26:13.871226+00:00,1.115400097216722,speculative,UTC-anchored advancement event
shard-006,5117,2026-09-15T19:26:22.932043+00:00,0.9403615291666938,speculative,UTC-anchored advancement event
shard-007,5848,2026-09-15T19:26:58.302795+00:00,0.7257244729167723,speculative,UTC-anchored advancement event
shard-006,5118,2026-09-15T19:27:10.905357+00:00,0.7883253229165954,speculative,UTC-anchored advancement event
shard-007,5849,2026-09-15T19:27:40.828145+00:00,0.6942379104165108,speculative,UTC-anchored advancement event
shard-006,5119,2026-09-15T19:27:55.549952+00:00,0.7298768416667978,speculative,UTC-anchored advancement event
shard-006,5120,2026-09-15T19:28:34.584213+00:00,0.6355633083335609,speculative,UTC-anchored advancement event
shard-006,5121,2026-09-15T19:29:27.366147+00:00,0.8651788264001273,speculative,UTC-anchored advancement event
shard-007,5850,2026-09-15T19:29:51.346603+00:00,2.1635083861166398,speculative,UTC-anchored advancement event
shard-006,5122,2026-09-15T19:30:08.838223+00:00,0.6794300895831838,speculative,UTC-anchored advancement event
shard-007,5851,2026-09-15T19:30:16.831321+00:00,0.40883958194996617,speculative,UTC-anchored advancement event
shard-006,5123,2026-09-15T19:30:52.354732+00:00,0.709649485416594,speculative,UTC-anchored advancement event
shard-007,5852,2026-09-15T19:30:56.878071+00:00,0.6561424465333403,speculative,UTC-anchored advancement event
shard-006,5124,2026-09-15T19:31:31.080722+00:00,0.6336425590166376,speculative,UTC-anchored advancement event
shard-006,5125,2026-09-15T19:32:34.047498+00:00,1.0341810722165974,speculative,UTC-anchored advancement event
shard-007,5853,2026-09-15T19:32:47.764635+00:00,1.8373488069499824,speculative,UTC-anchored advancement event
shard-007,5854,2026-09-15T19:33:28.968786+00:00,0.6787007680499907,speculative,UTC-anchored advancement event
shard-006,5126,2026-09-15T19:33:53.065068+00:00,1.3022976979167045,speculative,UTC-anchored advancement event
shard-007,5855,2026-09-15T19:33:57.533816+00:00,0.46110622778336013,speculative,UTC-anchored advancement event
shard-006,5127,2026-09-15T19:34:34.143781+00:00,0.6699630437498854,speculative,UTC-anchored advancement event
shard-007,5856,2026-09-15T19:34:57.168672+00:00,0.9827947854166268,speculative,UTC-anchored advancement event
shard-006,5128,2026-09-15T19:35:08.542545+00:00,0.5587864645834392,speculative,UTC-anchored advancement event
shard-007,5857,2026-09-15T19:35:42.802764+00:00,0.7453903201499391,speculative,UTC-anchored advancement event
shard-006,5129,2026-09-15T19:35:53.050063+00:00,0.730370132633349,speculative,UTC-anchored advancement event
shard-006,5130,2026-09-15T19:36:20.583260+00:00,0.44512468195001326,speculative,UTC-anchored advancement event
shard-007,5858,2026-09-15T19:36:35.246171+00:00,0.85889018609984,speculative,UTC-anchored advancement event
shard-006,5131,2026-09-15T19:36:48.972611+00:00,0.46173566528329196,speculative,UTC-anchored advancement event
shard-007,5859,2026-09-15T19:37:12.092680+00:00,0.5987197124998299,speculative,UTC-anchored advancement event
shard-006,5132,2026-09-15T19:37:23.212178+00:00,0.5593706756999988,speculative,UTC-anchored advancement event
shard-006,5133,2026-09-15T19:37:50.713645+00:00,0.44356859721665387,speculative,UTC-anchored advancement event
shard-007,5860,2026-09-15T19:37:55.202651+00:00,0.7069402590333387,speculative,UTC-anchored advancement event
shard-006,5134,2026-09-15T19:38:15.693406+00:00,0.4011305152833908,speculative,UTC-anchored advancement event
shard-007,5861,2026-09-15T19:38:36.386952+00:00,0.6751840284666589,speculative,UTC-anchored advancement event
shard-006,5135,2026-09-15T19:38:50.166658+00:00,0.5596089111000765,speculative,UTC-anchored advancement event
shard-007,5862,2026-09-15T19:39:23.415205+00:00,0.7683925902832319,speculative,UTC-anchored advancement event
shard-006,5136,2026-09-15T19:39:30.187697+00:00,0.6554034479166149,speculative,UTC-anchored advancement event
shard-007,5863,2026-09-15T19:39:54.254961+00:00,0.49856350138337197,speculative,UTC-anchored advancement event
shard-006,5137,2026-09-15T19:39:56.234871+00:00,0.4229446673668766,speculative,UTC-anchored advancement event
shard-007,5864,2026-09-15T19:40:23.713444+00:00,0.4793975756833485,speculative,UTC-anchored advancement event
shard-006,5138,2026-09-15T19:40:25.711582+00:00,0.48034592708330215,speculative,UTC-anchored advancement event
shard-007,5865,2026-09-15T19:41:07.035504+00:00,0.7102782743168063,speculative,UTC-anchored advancement event
shard-006,5139,2026-09-15T19:41:59.915982+00:00,1.5556544666666015,speculative,UTC-anchored advancement event
shard-007,5866,2026-09-15T19:42:18.407854+00:00,1.174609519449829,speculative,UTC-anchored advancement event
shard-006,5140,2026-09-15T19:42:31.966712+00:00,0.5223401777666974,speculative,UTC-anchored advancement event
shard-006,5141,2026-09-15T19:43:05.438226+00:00,0.543687155550045,speculative,UTC-anchored advancement event
shard-007,5867,2026-09-15T19:43:21.344586+00:00,1.0405912458331537,speculative,UTC-anchored advancement event
shard-006,5142,2026-09-15T19:43:59.305234+00:00,0.8867214548500972,speculative,UTC-anchored advancement event
shard-007,5868,2026-09-15T19:43:59.305234+00:00,0.6220725312499175,speculative,UTC-anchored advancement event
shard-006,5143,2026-09-15T19:44:29.038857+00:00,0.474292309016649,speculative,UTC-anchored advancement event
shard-007,5869,2026-09-15T19:44:39.283134+00:00,0.6369516132001688,speculative,UTC-anchored advancement event
shard-006,5144,2026-09-15T19:45:12.656895+00:00,0.7114756124998772,speculative,UTC-anchored advancement event
shard-007,5870,2026-09-15T19:45:16.909949+00:00,0.6159594208334359,speculative,UTC-anchored advancement event
shard-006,5145,2026-09-15T19:45:40.960796+00:00,0.46031583403334175,speculative,UTC-anchored advancement event
shard-007,5871,2026-09-15T19:46:02.823941+00:00,0.7510428708332862,speculative,UTC-anchored advancement event
shard-006,5146,2026-09-15T19:46:09.409830+00:00,0.4590996520833869,speculative,UTC-anchored advancement event
shard-007,5872,2026-09-15T19:46:36.935300+00:00,0.556415491666606,speculative,UTC-anchored advancement event
shard-006,5147,2026-09-15T19:46:44.828380+00:00,0.5758220854166818,speculative,UTC-anchored advancement event
shard-007,5873,2026-09-15T19:47:25.835273+00:00,0.8005875756998042,speculative,UTC-anchored advancement event
shard-006,5148,2026-09-15T19:47:33.767490+00:00,0.8042052513834884,speculative,UTC-anchored advancement event
shard-007,5874,2026-09-15T19:48:18.360776+00:00,0.8605074895834454,speculative,UTC-anchored advancement event
shard-006,5149,2026-09-15T19:48:21.454103+00:00,0.7806624242999533,speculative,UTC-anchored advancement event
shard-007,5875,2026-09-15T19:48:49.131463+00:00,0.5015600006998284,speculative,UTC-anchored advancement event
shard-006,5150,2026-09-15T19:49:08.616965+00:00,0.7719528361000508,speculative,UTC-anchored advancement event
shard-007,5876,2026-09-15T19:49:16.281461+00:00,0.4378028993000044,speculative,UTC-anchored advancement event
shard-006,5151,2026-09-15T19:49:45.029928+00:00,0.5955815673665105,speculative,UTC-anchored advancement event
shard-006,5152,2026-09-15T19:50:25.131448+00:00,0.6565721652831902,speculative,UTC-anchored advancement event
shard-007,5877,2026-09-15T19:50:43.371062+00:00,1.4375172576333475,speculative,UTC-anchored advancement event
shard-006,5153,2026-09-15T19:51:06.396180+00:00,0.6757841076500578,speculative,UTC-anchored advancement event
shard-006,5154,2026-09-15T19:51:39.373285+00:00,0.5410138041666263,speculative,UTC-anchored advancement event
shard-006,5155,2026-09-15T19:52:05.814121+00:00,0.425868449316719,speculative,UTC-anchored advancement event
shard-006,5156,2026-09-15T19:52:31.162468+00:00,0.4072284965334499,speculative,UTC-anchored advancement event
shard-006,5157,2026-09-15T19:52:56.209233+00:00,0.40910453403315233,speculative,UTC-anchored advancement event
shard-007,5878,2026-09-15T19:52:58.414459+00:00,2.2354760722334808,speculative,UTC-anchored advancement event
shard-006,5158,2026-09-15T19:53:29.347532+00:00,0.5370454083332636,speculative,UTC-anchored advancement event
shard-006,5159,2026-09-15T19:55:00.490625+00:00,1.5104021958334972,speculative,UTC-anchored advancement event
shard-006,5160,2026-09-15T19:55:37.145351+00:00,0.5963877972334255,speculative,UTC-anchored advancement event
shard-006,5161,2026-09-15T19:56:26.535389+00:00,0.8080194534665982,speculative,UTC-anchored advancement event
shard-006,5162,2026-09-15T19:57:24.174557+00:00,0.9525750944500032,speculative,UTC-anchored advancement event
shard-006,5163,2026-09-15T19:58:06.277828+00:00,0.6880661145832467,speculative,UTC-anchored advancement event
shard-006,5164,2026-09-15T19:59:25.116381+00:00,1.2969026652834146,speculative,UTC-anchored advancement event
shard-007,5879,2026-09-15T19:59:27.291092+00:00,6.474679536800007,speculative,UTC-anchored advancement event
shard-006,5165,2026-09-15T19:59:54.709512+00:00,0.4784825833332434,speculative,UTC-anchored advancement event
shard-007,5880,2026-09-15T20:00:24.249265+00:00,0.9331560111168073,speculative,UTC-anchored advancement event
shard-006,5166,2026-09-15T20:00:50.283263+00:00,0.9126379097166742,speculative,UTC-anchored advancement event
shard-007,5881,2026-09-15T20:01:02.605690+00:00,0.6261353694501547,speculative,UTC-anchored advancement event
shard-006,5167,2026-09-15T20:01:26.549189+00:00,0.5926535534667589,speculative,UTC-anchored advancement event
shard-007,5882,2026-09-15T20:01:46.013239+00:00,0.7102320243000577,speculative,UTC-anchored advancement event
shard-006,5168,2026-09-15T20:02:12.074815+00:00,0.7474127333332338,speculative,UTC-anchored advancement event
shard-007,5883,2026-09-15T20:02:36.185809+00:00,0.8248210631832383,speculative,UTC-anchored advancement event
shard-006,5169,2026-09-15T20:02:44.073153+00:00,0.5185159645831542,speculative,UTC-anchored advancement event
shard-006,5170,2026-09-15T20:03:11.294154+00:00,0.4424284145832644,speculative,UTC-anchored advancement event
shard-007,5884,2026-09-15T20:03:26.165939+00:00,0.8185465090168388,speculative,UTC-anchored advancement event
shard-006,5171,2026-09-15T20:03:48.819088+00:00,0.6138277826498476,speculative,UTC-anchored advancement event
shard-007,5885,2026-09-15T20:04:12.867388+00:00,0.7667365277833597,speculative,UTC-anchored advancement event
shard-006,5172,2026-09-15T20:04:38.118236+00:00,0.8069382631831103,speculative,UTC-anchored advancement event
shard-007,5886,2026-09-15T20:04:48.101799+00:00,0.5752412069499163,speculative,UTC-anchored advancement event
shard-006,5173,2026-09-15T20:05:13.311864+00:00,0.574851530566472,speculative,UTC-anchored advancement event
shard-007,5887,2026-09-15T20:05:30.386987+00:00,0.6908861201334123,speculative,UTC-anchored advancement event
shard-006,5174,2026-09-15T20:05:58.676517+00:00,0.7423428284668868,speculative,UTC-anchored advancement event
shard-007,5888,2026-09-15T20:06:04.195553+00:00,0.5527122819332969,speculative,UTC-anchored advancement event
shard-007,5889,2026-09-15T20:06:36.140532+00:00,0.5216783270834033,speculative,UTC-anchored advancement event
shard-006,5175,2026-09-15T20:06:38.018367+00:00,0.6418626659666188,speculative,UTC-anchored advancement event
shard-007,5890,2026-09-15T20:07:03.247114+00:00,0.44156847499980356,speculative,UTC-anchored advancement event
shard-006,5176,2026-09-15T20:07:29.194921+00:00,0.8418264430666265,speculative,UTC-anchored advancement event
shard-007,5891,2026-09-15T20:07:44.069812+00:00,0.6694850840164387,speculative,UTC-anchored advancement event
shard-006,5177,2026-09-15T20:08:08.195199+00:00,0.6361768208334979,speculative,UTC-anchored advancement event
shard-007,5892,2026-09-15T20:08:30.802147+00:00,0.7643284375000803,speculative,UTC-anchored advancement event
shard-007,5893,2026-09-15T20:09:14.271086+00:00,0.7107620958333427,speculative,UTC-anchored advancement event
shard-007,5894,2026-09-15T20:10:00.027047+00:00,0.7482145048500873,speculative,UTC-anchored advancement event
shard-006,5178,2026-09-15T20:10:32.076148+00:00,2.3902700319333237,speculative,UTC-anchored advancement event
shard-006,5179,2026-09-15T20:11:03.074633+00:00,0.5019537250002031,speculative,UTC-anchored advancement event
shard-006,5180,2026-09-15T20:12:04.814689+00:00,1.0141174861166897,speculative,UTC-anchored advancement event
shard-006,5181,2026-09-15T20:12:57.324067+00:00,0.8664994722166739,speculative,UTC-anchored advancement event
shard-006,5182,2026-09-15T20:13:27.005673+00:00,0.48040404861676506,speculative,UTC-anchored advancement event
shard-006,5183,2026-09-15T20:13:54.195946+00:00,0.44006121458345054,speculative,UTC-anchored advancement event
shard-006,5184,2026-09-15T20:15:43.401057+00:00,1.8095763250001862,speculative,UTC-anchored advancement event
shard-007,5895,2026-09-15T20:17:38.749675+00:00,7.646452384033182,speculative,UTC-anchored advancement event
shard-006,5185,2026-09-15T20:18:31.747817+00:00,2.793896207649959,speculative,UTC-anchored advancement event
shard-007,5896,2026-09-15T20:18:36.135956+00:00,0.9344132902833129,speculative,UTC-anchored advancement event
shard-006,5186,2026-09-15T20:19:15.848003+00:00,0.7214520111168289,speculative,UTC-anchored advancement event
shard-007,5897,2026-09-15T20:19:21.379951+00:00,0.7436334506999022,speculative,UTC-anchored advancement event
shard-006,5187,2026-09-15T20:19:55.316150+00:00,0.6468575590166438,speculative,UTC-anchored advancement event
shard-007,5898,2026-09-15T20:20:11.162020+00:00,0.8194445854166891,speculative,UTC-anchored advancement event
shard-006,5188,2026-09-15T20:20:31.606591+00:00,0.5910135791666107,speculative,UTC-anchored advancement event
shard-007,5899,2026-09-15T20:20:41.465094+00:00,0.49140902083333154,speculative,UTC-anchored advancement event
shard-006,5189,2026-09-15T20:21:09.927587+00:00,0.6279248541667282,speculative,UTC-anchored advancement event
shard-007,5900,2026-09-15T20:22:11.374549+00:00,1.4853604055499696,speculative,UTC-anchored advancement event
shard-006,5190,2026-09-15T20:22:20.262581+00:00,1.1615434895834673,speculative,UTC-anchored advancement event
shard-006,5191,2026-09-15T20:22:50.990540+00:00,0.4995587840334338,speculative,UTC-anchored advancement event
shard-007,5901,2026-09-15T20:23:03.131503+00:00,0.8506627986166374,speculative,UTC-anchored advancement event
shard-006,5192,2026-09-15T20:23:28.216507+00:00,0.6096453020831784,speculative,UTC-anchored advancement event
shard-006,5193,2026-09-15T20:24:01.188249+00:00,0.5362882138833811,speculative,UTC-anchored advancement event
shard-006,5194,2026-09-15T20:24:26.062778+00:00,0.4039670972165671,speculative,UTC-anchored advancement event
shard-006,5195,2026-09-15T20:25:00.479424+00:00,0.5598699854165413,speculative,UTC-anchored advancement event
shard-007,5902,2026-09-15T20:25:18.689680+00:00,2.2460077499999898,speculative,UTC-anchored advancement event
shard-007,5903,2026-09-15T20:25:53.868892+00:00,0.5744909319500342,speculative,UTC-anchored advancement event
shard-006,5196,2026-09-15T20:25:58.273009+00:00,0.9489369097165763,speculative,UTC-anchored advancement event
shard-006,5197,2026-09-15T20:26:38.128177+00:00,0.6511102027832142,speculative,UTC-anchored advancement event
shard-007,5904,2026-09-15T20:26:49.130254+00:00,0.9069181604167776,speculative,UTC-anchored advancement event
shard-006,5198,2026-09-15T20:27:26.797921+00:00,0.800320635416574,speculative,UTC-anchored advancement event
shard-007,5905,2026-09-15T20:28:04.126982+00:00,1.239509002783355,speculative,UTC-anchored advancement event
shard-006,5199,2026-09-15T20:28:11.962197+00:00,0.7418308541666192,speculative,UTC-anchored advancement event
shard-006,5200,2026-09-15T20:29:07.929461+00:00,0.9199656208331969,speculative,UTC-anchored advancement event
shard-007,5906,2026-09-15T20:29:42.929552+00:00,1.6352512618000523,speculative,UTC-anchored advancement event
shard-006,5201,2026-09-15T20:30:33.189495+00:00,1.4097698937500052,speculative,UTC-anchored advancement event
shard-007,5907,2026-09-15T20:30:46.768172+00:00,1.05034550971662,speculative,UTC-anchored advancement event
shard-006,5202,2026-09-15T20:31:16.303150+00:00,0.7047762638833471,speculative,UTC-anchored advancement event
shard-007,5908,2026-09-15T20:32:04.306553+00:00,1.2814592659665018,speculative,UTC-anchored advancement event
shard-006,5203,2026-09-15T20:32:06.373478+00:00,0.8205729083332699,speculative,UTC-anchored advancement event
shard-007,5909,2026-09-15T20:32:38.071212+00:00,0.5496613742999519,speculative,UTC-anchored advancement event
shard-006,5204,2026-09-15T20:32:59.801071+00:00,0.880269639583518,speculative,UTC-anchored advancement event
shard-006,5205,2026-09-15T20:33:39.523421+00:00,0.6542003090165963,speculative,UTC-anchored advancement event
shard-007,5910,2026-09-15T20:33:46.197045+00:00,1.1219134437499936,speculative,UTC-anchored advancement event
shard-007,5911,2026-09-15T20:34:16.937973+00:00,0.5001015527833563,speculative,UTC-anchored advancement event
shard-007,5912,2026-09-15T20:34:55.418155+00:00,0.6305594041667064,speculative,UTC-anchored advancement event
shard-007,5913,2026-09-15T20:35:25.111062+00:00,0.4812926305666527,speculative,UTC-anchored advancement event
shard-007,5914,2026-09-15T20:35:57.045420+00:00,0.5193787118000425,speculative,UTC-anchored advancement event
shard-006,5206,2026-09-15T20:36:10.475632+00:00,2.5022478326500277,speculative,UTC-anchored advancement event
shard-007,5915,2026-09-15T20:36:34.492521+00:00,0.6133406798665723,speculative,UTC-anchored advancement event
shard-006,5207,2026-09-15T20:36:57.180249+00:00,0.7648998882000645,speculative,UTC-anchored advancement event
shard-007,5916,2026-09-15T20:37:27.965675+00:00,0.8802980194501288,speculative,UTC-anchored advancement event
shard-006,5208,2026-09-15T20:37:33.479931+00:00,0.5908870145833741,speculative,UTC-anchored advancement event
shard-006,5209,2026-09-15T20:37:49.147711+00:00,0.25056355208337966,speculative,UTC-anchored advancement event
shard-006,5210,2026-09-15T20:37:59.168252+00:00,0.15444300555003185,speculative,UTC-anchored advancement event
shard-007,5917,2026-09-15T20:38:05.271694+00:00,0.609048593066594,speculative,UTC-anchored advancement event
shard-007,5918,2026-09-15T20:38:58.279262+00:00,0.8756542708334261,speculative,UTC-anchored advancement event
shard-007,5919,2026-09-15T20:39:39.985714+00:00,0.6821299055499064,speculative,UTC-anchored advancement event
shard-007,5920,2026-09-15T20:40:25.041362+00:00,0.7383032201333359,speculative,UTC-anchored advancement event
shard-007,5921,2026-09-15T20:40:58.603078+00:00,0.5515661985999032,speculative,UTC-anchored advancement event
shard-007,5922,2026-09-15T20:41:21.009291+00:00,0.36168514721648537,speculative,UTC-anchored advancement event
shard-007,5923,2026-09-15T20:41:44.522378+00:00,0.3794347923498814,speculative,UTC-anchored advancement event
shard-007,5924,2026-09-15T20:42:35.045253+00:00,0.834870864583354,speculative,UTC-anchored advancement event
shard-007,5925,2026-09-15T20:44:03.249009+00:00,1.457487897916629,speculative,UTC-anchored advancement event
shard-007,5926,2026-09-15T20:45:20.279283+00:00,1.2715075965332896,speculative,UTC-anchored advancement event
shard-007,5927,2026-09-15T20:45:55.150945+00:00,0.5729926055500982,speculative,UTC-anchored advancement event
shard-007,5928,2026-09-15T20:47:06.774028+00:00,1.1810193840331824,speculative,UTC-anchored advancement event
shard-007,5929,2026-09-15T20:53:28.845682+00:00,6.363891237500017,speculative,UTC-anchored advancement event
shard-007,5930,2026-09-15T20:54:31.290178+00:00,1.022094282633528,speculative,UTC-anchored advancement event
shard-007,5931,2026-09-15T20:55:16.269026+00:00,0.738208809033434,speculative,UTC-anchored advancement event
shard-007,5932,2026-09-15T20:58:02.489056+00:00,2.7621558111000923,speculative,UTC-anchored advancement event
shard-007,5933,2026-09-15T20:58:38.491866+00:00,0.5877489770832957,speculative,UTC-anchored advancement event
shard-007,5934,2026-09-15T20:59:31.625175+00:00,0.8738961590332717,speculative,UTC-anchored advancement event
shard-007,5935,2026-09-15T21:00:01.933375+00:00,0.49489545694984066,speculative,UTC-anchored advancement event
shard-007,5936,2026-09-15T21:01:06.398099+00:00,1.0620539222332204,speculative,UTC-anchored advancement event
shard-007,5937,2026-09-15T21:01:37.897136+00:00,0.5128782805666561,speculative,UTC-anchored advancement event
shard-007,5938,2026-09-15T21:02:01.363127+00:00,0.3807280027833864,speculative,UTC-anchored advancement event
shard-007,5939,2026-09-15T21:02:43.059189+00:00,0.6830440847166755,speculative,UTC-anchored advancement event
shard-007,5940,2026-09-15T21:03:24.640243+00:00,0.6850148367998675,speculative,UTC-anchored advancement event
shard-007,5941,2026-09-15T21:04:08.542748+00:00,0.7193959729166333,speculative,UTC-anchored advancement event
shard-007,5942,2026-09-15T21:04:54.901053+00:00,0.7606895319501442,speculative,UTC-anchored advancement event
shard-007,5943,2026-09-15T21:05:36.472022+00:00,0.6820110527665141,speculative,UTC-anchored advancement event
shard-007,5944,2026-09-15T21:06:27.511268+00:00,0.8387090513831936,speculative,UTC-anchored advancement event
shard-007,5945,2026-09-15T21:06:56.729916+00:00,0.47479702153335285,speculative,UTC-anchored advancement event
shard-007,5946,2026-09-15T21:07:17.911461+00:00,0.34324153818330766,speculative,UTC-anchored advancement event
shard-007,5947,2026-09-15T21:07:43.829671+00:00,0.4183446798665197,speculative,UTC-anchored advancement event
shard-007,5948,2026-09-15T21:08:31.342583+00:00,0.7817509798500396,speculative,UTC-anchored advancement event
shard-007,5949,2026-09-15T21:08:58.232873+00:00,0.4378833229166048,speculative,UTC-anchored advancement event
shard-007,5950,2026-09-15T21:11:59.697890+00:00,3.011496190266674,speculative,UTC-anchored advancement event
shard-007,5951,2026-09-15T21:12:59.509477+00:00,0.9852676208334742,speculative,UTC-anchored advancement event
shard-007,5952,2026-09-15T21:13:51.412119+00:00,0.8549838333332446,speculative,UTC-anchored advancement event
shard-007,5953,2026-09-15T21:14:43.403163+00:00,0.8536006993167878,speculative,UTC-anchored advancement event
shard-007,5954,2026-09-15T21:15:14.870630+00:00,0.5139794791665433,speculative,UTC-anchored advancement event
shard-007,5955,2026-09-15T21:15:24.866049+00:00,0.1539073541665857,speculative,UTC-anchored advancement event
shard-008,5956,2026-09-15T21:29:03.811853+00:00,0.7317447527833186,speculative,UTC-anchored advancement event
shard-008,5957,2026-09-15T21:30:11.280279+00:00,1.1180271236167756,speculative,UTC-anchored advancement event
shard-008,5958,2026-09-15T21:30:38.913100+00:00,0.4541859847333399,speculative,UTC-anchored advancement event
shard-008,5959,2026-09-15T21:31:04.295171+00:00,0.4165144541664631,speculative,UTC-anchored advancement event
shard-009,6726,2026-09-15T21:31:08.035283+00:00,2.801813101383353,speculative,UTC-anchored advancement event
shard-008,5960,2026-09-15T21:31:39.098973+00:00,0.5738216979167191,speculative,UTC-anchored advancement event
shard-009,6727,2026-09-15T21:31:47.410851+00:00,0.6508903479167202,speculative,UTC-anchored advancement event
shard-008,5961,2026-09-15T21:32:12.807914+00:00,0.5551443569500407,speculative,UTC-anchored advancement event
shard-008,5962,2026-09-15T21:32:38.220509+00:00,0.4167746298500182,speculative,UTC-anchored advancement event
shard-009,6728,2026-09-15T21:32:46.383821+00:00,0.9783819076333505,speculative,UTC-anchored advancement event
shard-009,6729,2026-09-15T21:33:15.269528+00:00,0.47782674443345363,speculative,UTC-anchored advancement event
shard-008,5963,2026-09-15T21:33:26.939827+00:00,0.8074717854166616,speculative,UTC-anchored advancement event
shard-009,6730,2026-09-15T21:33:43.291794+00:00,0.46024593611679543,speculative,UTC-anchored advancement event
shard-008,5964,2026-09-15T21:34:14.553798+00:00,0.7875319201334302,speculative,UTC-anchored advancement event
shard-009,6731,2026-09-15T21:34:33.115094+00:00,0.8233799229167441,speculative,UTC-anchored advancement event
shard-008,5965,2026-09-15T21:34:52.864744+00:00,0.632106027766713,speculative,UTC-anchored advancement event
shard-009,6732,2026-09-15T21:35:35.401577+00:00,1.0316837729165855,speculative,UTC-anchored advancement event
shard-008,5966,2026-09-15T21:35:43.679980+00:00,0.8395578270833842,speculative,UTC-anchored advancement event
shard-008,5967,2026-09-15T21:36:20.565925+00:00,0.6104885923666491,speculative,UTC-anchored advancement event
shard-009,6733,2026-09-15T21:36:23.048630+00:00,0.7895001236167445,speculative,UTC-anchored advancement event
shard-008,5968,2026-09-15T21:37:04.411438+00:00,0.7282697694332455,speculative,UTC-anchored advancement event
shard-009,6734,2026-09-15T21:37:08.155820+00:00,0.7457339666667394,speculative,UTC-anchored advancement event
shard-008,5969,2026-09-15T21:37:36.992669+00:00,0.5367325812500591,speculative,UTC-anchored advancement event
shard-009,6735,2026-09-15T21:37:48.677482+00:00,0.6692157354167042,speculative,UTC-anchored advancement event
shard-008,5970,2026-09-15T21:38:06.156824+00:00,0.4796705382000558,speculative,UTC-anchored advancement event
shard-009,6736,2026-09-15T21:38:30.483762+00:00,0.690292327083201,speculative,UTC-anchored advancement event
shard-008,5971,2026-09-15T21:38:41.103615+00:00,0.575851192366584,speculative,UTC-anchored advancement event
shard-008,5972,2026-09-15T21:39:12.241686+00:00,0.5122505069331964,speculative,UTC-anchored advancement event
shard-009,6737,2026-09-15T21:39:26.285179+00:00,0.9235803777667267,speculative,UTC-anchored advancement event
shard-008,5973,2026-09-15T21:39:33.335125+00:00,0.34881628333338693,speculative,UTC-anchored advancement event
shard-008,5974,2026-09-15T21:40:02.180509+00:00,0.4765659222165899,speculative,UTC-anchored advancement event
shard-009,6738,2026-09-15T21:40:08.221043+00:00,0.6943844882000121,speculative,UTC-anchored advancement event
shard-008,5975,2026-09-15T21:40:37.036514+00:00,0.5744492298668774,speculative,UTC-anchored advancement event
shard-008,5976,2026-09-15T21:41:11.576592+00:00,0.5691264388835406,speculative,UTC-anchored advancement event
shard-008,5977,2026-09-15T21:41:41.505133+00:00,0.49318290973315015,speculative,UTC-anchored advancement event
shard-009,6739,2026-09-15T21:41:41.505133+00:00,1.5489621034665713,speculative,UTC-anchored advancement event
shard-008,5978,2026-09-15T21:42:03.937200+00:00,0.36234228195001683,speculative,UTC-anchored advancement event
shard-009,6740,2026-09-15T21:42:23.558763+00:00,0.6946196499998526,speculative,UTC-anchored advancement event
shard-008,5979,2026-09-15T21:43:03.795831+00:00,0.9931667548667368,speculative,UTC-anchored advancement event
shard-009,6741,2026-09-15T21:43:07.527516+00:00,0.7257125013997817,speculative,UTC-anchored advancement event
shard-008,5980,2026-09-15T21:43:26.082061+00:00,0.3651768861001377,speculative,UTC-anchored advancement event
shard-009,6742,2026-09-15T21:43:38.937287+00:00,0.5174148895833545,speculative,UTC-anchored advancement event
shard-009,6743,2026-09-15T21:44:20.282571+00:00,0.6827413000001494,speculative,UTC-anchored advancement event
shard-008,5981,2026-09-15T21:44:54.792726+00:00,1.4716794965332762,speculative,UTC-anchored advancement event
shard-009,6744,2026-09-15T21:44:54.792726+00:00,0.5691356874999959,speculative,UTC-anchored advancement event
shard-008,5982,2026-09-15T21:46:40.099676+00:00,1.7488618604167034,speculative,UTC-anchored advancement event
shard-009,6745,2026-09-15T21:47:05.531394+00:00,2.1711633687499368,speculative,UTC-anchored advancement event
shard-008,5983,2026-09-15T21:47:07.012023+00:00,0.44142440833335667,speculative,UTC-anchored advancement event
shard-008,5984,2026-09-15T21:47:51.812259+00:00,0.7406595117999435,speculative,UTC-anchored advancement event
shard-009,6746,2026-09-15T21:48:18.260119+00:00,1.205738309716738,speculative,UTC-anchored advancement event
shard-008,5985,2026-09-15T21:48:21.972463+00:00,0.4957912166665968,speculative,UTC-anchored advancement event
shard-008,5986,2026-09-15T21:48:52.999326+00:00,0.5109925791667289,speculative,UTC-anchored advancement event
shard-008,5987,2026-09-15T21:49:36.615965+00:00,0.7204001916667039,speculative,UTC-anchored advancement event
shard-009,6747,2026-09-15T21:49:41.479662+00:00,1.3807865805666855,speculative,UTC-anchored advancement event
shard-008,5988,2026-09-15T21:50:24.077535+00:00,0.7848908882001221,speculative,UTC-anchored advancement event
shard-009,6748,2026-09-15T21:50:38.061988+00:00,0.9391011652667658,speculative,UTC-anchored advancement event
shard-008,5989,2026-09-15T21:50:55.613606+00:00,0.520775239583357,speculative,UTC-anchored advancement event
shard-009,6749,2026-09-15T21:51:24.544548+00:00,0.7677477534666347,speculative,UTC-anchored advancement event
shard-008,5990,2026-09-15T21:51:38.587555+00:00,0.7093883583334294,speculative,UTC-anchored advancement event
shard-009,6750,2026-09-15T21:51:59.532607+00:00,0.5768151374999434,speculative,UTC-anchored advancement event
shard-008,5991,2026-09-15T21:52:17.045067+00:00,0.6340200597165676,speculative,UTC-anchored advancement event
shard-008,5992,2026-09-15T21:52:58.459021+00:00,0.6835300055499829,speculative,UTC-anchored advancement event
shard-009,6751,2026-09-15T21:53:03.236137+00:00,1.0566799666667066,speculative,UTC-anchored advancement event
shard-009,6752,2026-09-15T21:53:47.026017+00:00,0.7255253367999103,speculative,UTC-anchored advancement event
shard-009,6753,2026-09-15T21:54:22.662707+00:00,0.5870435597333805,speculative,UTC-anchored advancement event
shard-009,6754,2026-09-15T21:54:45.773209+00:00,0.37841059723335396,speculative,UTC-anchored advancement event
shard-009,6755,2026-09-15T21:55:36.217707+00:00,0.8343387729165745,speculative,UTC-anchored advancement event
shard-009,6756,2026-09-15T21:56:21.064589+00:00,0.7409118007000264,speculative,UTC-anchored advancement event
shard-008,5993,2026-09-15T21:56:22.550665+00:00,3.396813498616636,speculative,UTC-anchored advancement event
shard-008,5994,2026-09-15T21:57:03.921800+00:00,0.6833786201333472,speculative,UTC-anchored advancement event
shard-009,6757,2026-09-15T21:57:27.054752+00:00,1.0934484069499983,speculative,UTC-anchored advancement event
shard-009,6758,2026-09-15T21:58:06.078920+00:00,0.6478317347166012,speculative,UTC-anchored advancement event
shard-009,6759,2026-09-15T21:59:15.870605+00:00,1.1584409367998887,speculative,UTC-anchored advancement event
shard-008,5995,2026-09-15T21:59:44.758208+00:00,2.673826019450159,speculative,UTC-anchored advancement event
shard-009,6760,2026-09-15T22:00:02.277220+00:00,0.7664332673501728,speculative,UTC-anchored advancement event
shard-008,5996,2026-09-15T22:00:28.929149+00:00,0.729450021533315,speculative,UTC-anchored advancement event
shard-008,5997,2026-09-15T22:00:52.082946+00:00,0.3790808736164763,speculative,UTC-anchored advancement event
shard-009,6761,2026-09-15T22:00:58.103624+00:00,0.9235985229167757,speculative,UTC-anchored advancement event
shard-008,5998,2026-09-15T22:01:29.253809+00:00,0.6131365506999524,speculative,UTC-anchored advancement event
shard-009,6762,2026-09-15T22:01:36.410885+00:00,0.6319217166666931,speculative,UTC-anchored advancement event
shard-008,5999,2026-09-15T22:01:51.479758+00:00,0.3657069645834175,speculative,UTC-anchored advancement event
shard-008,6000,2026-09-15T22:02:13.546634+00:00,0.36320722708333053,speculative,UTC-anchored advancement event
shard-009,6763,2026-09-15T22:02:32.095718+00:00,0.9233971798499018,speculative,UTC-anchored advancement event
shard-008,6001,2026-09-15T22:02:35.880571+00:00,0.3652771305501422,speculative,UTC-anchored advancement event
shard-008,6002,2026-09-15T22:03:02.378002+00:00,0.43538428611670194,speculative,UTC-anchored advancement event
shard-009,6764,2026-09-15T22:03:15.386787+00:00,0.714572607633454,speculative,UTC-anchored advancement event
shard-008,6003,2026-09-15T22:03:25.957831+00:00,0.38561010346675173,speculative,UTC-anchored advancement event
shard-008,6004,2026-09-15T22:03:46.945424+00:00,0.34232474929982953,speculative,UTC-anchored advancement event
shard-008,6005,2026-09-15T22:04:10.941007+00:00,0.39744156111676904,speculative,UTC-anchored advancement event
shard-008,6006,2026-09-15T22:05:08.163728+00:00,0.9486220930666605,speculative,UTC-anchored advancement event
shard-008,6007,2026-09-15T22:05:54.151355+00:00,0.7597117708331401,speculative,UTC-anchored advancement event
shard-009,6765,2026-09-15T22:06:27.529692+00:00,3.1952828875000705,speculative,UTC-anchored advancement event
shard-008,6008,2026-09-15T22:06:32.434889+00:00,0.6298760527664854,speculative,UTC-anchored advancement event
shard-008,6009,2026-09-15T22:07:03.443952+00:00,0.5106763548501476,speculative,UTC-anchored advancement event
shard-008,6010,2026-09-15T22:07:27.657268+00:00,0.396276736100117,speculative,UTC-anchored advancement event
shard-008,6011,2026-09-15T22:08:11.162502+00:00,0.7184686298666444,speculative,UTC-anchored advancement event
shard-009,6766,2026-09-15T22:08:39.914243+00:00,2.199895246533318,speculative,UTC-anchored advancement event
shard-008,6012,2026-09-15T22:09:05.170144+00:00,0.8963762076333902,speculative,UTC-anchored advancement event
shard-009,6767,2026-09-15T22:09:13.514622+00:00,0.5550429173500258,speculative,UTC-anchored advancement event
shard-008,6013,2026-09-15T22:09:50.251446+00:00,0.7436389437500718,speculative,UTC-anchored advancement event
shard-009,6768,2026-09-15T22:10:17.996171+00:00,1.0683336014000815,speculative,UTC-anchored advancement event
shard-008,6014,2026-09-15T22:10:25.215750+00:00,0.5745212118000684,speculative,UTC-anchored advancement event
shard-009,6769,2026-09-15T22:11:01.960817+00:00,0.7251145930499964,speculative,UTC-anchored advancement event
shard-008,6015,2026-09-15T22:11:10.318228+00:00,0.745015729166577,speculative,UTC-anchored advancement event
shard-009,6770,2026-09-15T22:11:46.293908+00:00,0.7313719125001322,speculative,UTC-anchored advancement event
shard-008,6016,2026-09-15T22:12:03.661922+00:00,0.886781531250017,speculative,UTC-anchored advancement event
shard-008,6017,2026-09-15T22:15:00.738039+00:00,2.9464720826334085,speculative,UTC-anchored advancement event
shard-008,6018,2026-09-15T22:15:53.349736+00:00,0.8695017583333537,speculative,UTC-anchored advancement event
shard-008,6019,2026-09-15T22:16:29.030193+00:00,0.5868681632001729,speculative,UTC-anchored advancement event
shard-008,6020,2026-09-15T22:18:45.515067+00:00,2.26830468750001,speculative,UTC-anchored advancement event
shard-008,6021,2026-09-15T22:21:28.358337+00:00,2.7057231666668184,speculative,UTC-anchored advancement event
shard-009,6771,2026-09-15T22:21:50.693774+00:00,10.075438479866715,speculative,UTC-anchored advancement event
shard-009,6772,2026-09-15T22:22:44.883352+00:00,0.8942457666666693,speculative,UTC-anchored advancement event
shard-009,6773,2026-09-15T22:23:13.775065+00:00,0.47454951320008454,speculative,UTC-anchored advancement event
shard-009,6774,2026-09-15T22:23:49.420945+00:00,0.5874642243000078,speculative,UTC-anchored advancement event
shard-008,6022,2026-09-15T22:24:10.324062+00:00,2.6941212458334727,speculative,UTC-anchored advancement event
shard-009,6775,2026-09-15T22:24:17.518282+00:00,0.46133029513342383,speculative,UTC-anchored advancement event
shard-009,6776,2026-09-15T22:24:43.048043+00:00,0.41894162014990194,speculative,UTC-anchored advancement event
shard-008,6023,2026-09-15T22:24:58.239673+00:00,0.7915596972166289,speculative,UTC-anchored advancement event
shard-009,6777,2026-09-15T22:25:12.342529+00:00,0.4811774249998659,speculative,UTC-anchored advancement event
shard-009,6778,2026-09-15T22:25:36.493727+00:00,0.3999702840332854,speculative,UTC-anchored advancement event
shard-009,6779,2026-09-15T22:26:07.659912+00:00,0.5120015465166944,speculative,UTC-anchored advancement event
shard-008,6024,2026-09-15T22:26:17.116519+00:00,1.3079271458331883,speculative,UTC-anchored advancement event
shard-009,6780,2026-09-15T22:26:40.369359+00:00,0.5383177611166805,speculative,UTC-anchored advancement event
shard-009,6781,2026-09-15T22:27:19.549859+00:00,0.6461560166668884,speculative,UTC-anchored advancement event
shard-008,6025,2026-09-15T22:27:40.387631+00:00,1.381121940283386,speculative,UTC-anchored advancement event
shard-009,6782,2026-09-15T22:27:52.371782+00:00,0.5402939999999944,speculative,UTC-anchored advancement event
shard-009,6783,2026-09-15T22:28:30.269740+00:00,0.6293948479168952,speculative,UTC-anchored advancement event
shard-008,6026,2026-09-15T22:28:57.976563+00:00,1.2843323368166846,speculative,UTC-anchored advancement event
shard-009,6784,2026-09-15T22:29:18.899843+00:00,0.8027190173500761,speculative,UTC-anchored advancement event
shard-008,6027,2026-09-15T22:29:37.576342+00:00,0.6528659236166277,speculative,UTC-anchored advancement event
shard-009,6785,2026-09-15T22:30:03.040289+00:00,0.7282599798498268,speculative,UTC-anchored advancement event
shard-008,6028,2026-09-15T22:30:34.227916+00:00,0.9368649124999744,speculative,UTC-anchored advancement event
shard-009,6786,2026-09-15T22:30:39.161777+00:00,0.5939822888831259,speculative,UTC-anchored advancement event
shard-008,6029,2026-09-15T22:31:01.250238+00:00,0.4431291708332234,speculative,UTC-anchored advancement event
shard-009,6787,2026-09-15T22:31:11.752860+00:00,0.5388940340332434,speculative,UTC-anchored advancement event
shard-008,6030,2026-09-15T22:31:37.336456+00:00,0.5966423125001408,speculative,UTC-anchored advancement event
shard-009,6788,2026-09-15T22:31:37.336456+00:00,0.4218472499999431,speculative,UTC-anchored advancement event
shard-008,6031,2026-09-15T22:32:04.278732+00:00,0.43712599861658724,speculative,UTC-anchored advancement event
shard-009,6789,2026-09-15T22:32:14.888816+00:00,0.6126203180499336,speculative,UTC-anchored advancement event
shard-008,6032,2026-09-15T22:32:44.947980+00:00,0.6705150659833937,speculative,UTC-anchored advancement event
shard-008,6033,2026-09-15T22:33:16.078185+00:00,0.5113823305665088,speculative,UTC-anchored advancement event
shard-008,6034,2026-09-15T22:33:40.410786+00:00,0.3983486715333129,speculative,UTC-anchored advancement event
shard-009,6790,2026-09-15T22:34:11.404252+00:00,1.93686789304993,speculative,UTC-anchored advancement event
shard-008,6035,2026-09-15T22:34:19.768439+00:00,0.6514524472166765,speculative,UTC-anchored advancement event
shard-008,6036,2026-09-15T22:34:53.463910+00:00,0.5534318541668957,speculative,UTC-anchored advancement event
shard-008,6037,2026-09-15T22:35:38.721024+00:00,0.7459321124998193,speculative,UTC-anchored advancement event
shard-009,6791,2026-09-15T22:35:47.133106+00:00,1.5880567486167516,speculative,UTC-anchored advancement event
shard-008,6038,2026-09-15T22:36:16.299297+00:00,0.617092966666678,speculative,UTC-anchored advancement event
shard-009,6792,2026-09-15T22:36:48.851349+00:00,1.0217674902831884,speculative,UTC-anchored advancement event
shard-008,6039,2026-09-15T22:36:57.019212+00:00,0.6729064201334647,speculative,UTC-anchored advancement event
shard-008,6040,2026-09-15T22:37:57.455959+00:00,0.9996873805665625,speculative,UTC-anchored advancement event
shard-009,6793,2026-09-15T22:38:27.440485+00:00,1.6374773451333264,speculative,UTC-anchored advancement event
shard-008,6041,2026-09-15T22:38:38.083407+00:00,0.668442579866678,speculative,UTC-anchored advancement event
shard-008,6042,2026-09-15T22:39:06.949642+00:00,0.4738965708333126,speculative,UTC-anchored advancement event
shard-008,6043,2026-09-15T22:39:35.646345+00:00,0.4706763048665986,speculative,UTC-anchored advancement event
shard-008,6044,2026-09-15T22:40:41.164151+00:00,1.0829955118000119,speculative,UTC-anchored advancement event
shard-008,6045,2026-09-15T22:41:25.797726+00:00,0.7386537083332466,speculative,UTC-anchored advancement event
shard-008,6046,2026-09-15T22:42:40.697561+00:00,1.2455576020833783,speculative,UTC-anchored advancement event
shard-009,6794,2026-09-15T22:45:56.533650+00:00,7.481942852766709,speculative,UTC-anchored advancement event
shard-008,6047,2026-09-15T22:48:38.653532+00:00,5.966341353466608,speculative,UTC-anchored advancement event
shard-008,6048,2026-09-15T22:49:21.352275+00:00,0.6988909027832657,speculative,UTC-anchored advancement event
shard-008,6049,2026-09-15T22:50:05.190543+00:00,0.7222717319501195,speculative,UTC-anchored advancement event
shard-008,6050,2026-09-15T22:51:14.825684+00:00,1.1523951264001273,speculative,UTC-anchored advancement event
shard-009,6795,2026-09-15T22:53:06.704939+00:00,7.166317559733337,speculative,UTC-anchored advancement event
shard-009,6796,2026-09-15T22:53:41.478692+00:00,0.5661069930666902,speculative,UTC-anchored advancement event
shard-009,6797,2026-09-15T22:54:42.487052+00:00,1.0081516409833664,speculative,UTC-anchored advancement event
shard-008,6051,2026-09-15T22:55:38.630903+00:00,4.3869318680500635,speculative,UTC-anchored advancement event
shard-008,6052,2026-09-15T22:56:24.731912+00:00,0.7595064548666415,speculative,UTC-anchored advancement event
shard-008,6053,2026-09-15T22:57:06.149635+00:00,0.6820319402834382,speculative,UTC-anchored advancement event
shard-009,6798,2026-09-15T22:58:28.519385+00:00,3.7585091506834334,speculative,UTC-anchored advancement event
shard-008,6054,2026-09-15T22:58:40.314766+00:00,1.5611156291667916,speculative,UTC-anchored advancement event
shard-009,6799,2026-09-15T22:59:07.162422+00:00,0.6384392618000372,speculative,UTC-anchored advancement event
shard-008,6055,2026-09-15T22:59:17.790074+00:00,0.6189783701333605,speculative,UTC-anchored advancement event
shard-008,6056,2026-09-15T22:59:50.019700+00:00,0.5307322493000053,speculative,UTC-anchored advancement event
shard-009,6800,2026-09-15T22:59:50.019700+00:00,0.7059969249998782,speculative,UTC-anchored advancement event
shard-008,6057,2026-09-15T23:00:25.191215+00:00,0.5712927381833045,speculative,UTC-anchored advancement event
shard-009,6801,2026-09-15T23:00:31.128595+00:00,0.6767721152667946,speculative,UTC-anchored advancement event
shard-008,6058,2026-09-15T23:00:52.446658+00:00,0.451522725700003,speculative,UTC-anchored advancement event
shard-009,6802,2026-09-15T23:01:05.665275+00:00,0.5664589631999358,speculative,UTC-anchored advancement event
shard-008,6059,2026-09-15T23:01:35.826437+00:00,0.7141811472167319,speculative,UTC-anchored advancement event
shard-009,6803,2026-09-15T23:01:38.589169+00:00,0.5406162104166773,speculative,UTC-anchored advancement event
shard-009,6804,2026-09-15T23:02:25.440511+00:00,0.7722248513833619,speculative,UTC-anchored advancement event
shard-008,6060,2026-09-15T23:02:26.890059+00:00,0.8451210625001598,speculative,UTC-anchored advancement event
shard-008,6061,2026-09-15T23:03:10.704279+00:00,0.7254712847335516,speculative,UTC-anchored advancement event
shard-009,6805,2026-09-15T23:03:12.354752+00:00,0.7764619965334228,speculative,UTC-anchored advancement event
shard-009,6806,2026-09-15T23:03:56.020546+00:00,0.7203457923666671,speculative,UTC-anchored advancement event
shard-008,6062,2026-09-15T23:04:02.184465+00:00,0.849188975699993,speculative,UTC-anchored advancement event
shard-009,6807,2026-09-15T23:04:39.068595+00:00,0.7090158430500499,speculative,UTC-anchored advancement event
shard-008,6063,2026-09-15T23:04:45.017376+00:00,0.7091291638833355,speculative,UTC-anchored advancement event
shard-008,6064,2026-09-15T23:05:48.190012+00:00,1.0480060062502161,speculative,UTC-anchored advancement event
shard-008,6065,2026-09-15T23:06:42.020812+00:00,0.8883349277666033,speculative,UTC-anchored advancement event
shard-008,6066,2026-09-15T23:07:13.105408+00:00,0.509684338200168,speculative,UTC-anchored advancement event
shard-009,6808,2026-09-15T23:07:18.123211+00:00,2.6451717694498558,speculative,UTC-anchored advancement event
shard-008,6067,2026-09-15T23:07:43.285815+00:00,0.4944286902667955,speculative,UTC-anchored advancement event
shard-008,6068,2026-09-15T23:08:12.236609+00:00,0.47395793820008597,speculative,UTC-anchored advancement event
shard-008,6069,2026-09-15T23:08:44.387732+00:00,0.5277306222167681,speculative,UTC-anchored advancement event
shard-009,6809,2026-09-15T23:09:12.516631+00:00,1.902006537499983,speculative,UTC-anchored advancement event
shard-008,6070,2026-09-15T23:09:17.536855+00:00,0.5467226979165086,speculative,UTC-anchored advancement event
shard-009,6810,2026-09-15T23:10:03.501589+00:00,0.8411603493167301,speculative,UTC-anchored advancement event
shard-009,6811,2026-09-15T23:10:31.416672+00:00,0.4569529423667215,speculative,UTC-anchored advancement event
shard-008,6071,2026-09-15T23:10:59.034599+00:00,1.6840880694498386,speculative,UTC-anchored advancement event
shard-009,6812,2026-09-15T23:11:22.569057+00:00,0.8441786215332588,speculative,UTC-anchored advancement event
shard-008,6072,2026-09-15T23:11:48.303979+00:00,0.812468204866794,speculative,UTC-anchored advancement event
shard-009,6813,2026-09-15T23:12:16.091110+00:00,0.8831681847334646,speculative,UTC-anchored advancement event
shard-008,6073,2026-09-15T23:12:25.410628+00:00,0.6094835624998571,speculative,UTC-anchored advancement event
shard-008,6074,2026-09-15T23:13:24.830105+00:00,0.9832187305500459,speculative,UTC-anchored advancement event
shard-009,6814,2026-09-15T23:13:24.830105+00:00,1.1398695729166017,speculative,UTC-anchored advancement event
shard-009,6815,2026-09-15T23:14:03.559707+00:00,0.6315916722334805,speculative,UTC-anchored advancement event
shard-009,6816,2026-09-15T23:14:33.908112+00:00,0.4971557312499499,speculative,UTC-anchored advancement event
shard-008,6075,2026-09-15T23:15:17.294437+00:00,1.8614099027666573,speculative,UTC-anchored advancement event
shard-009,6817,2026-09-15T23:15:25.698386+00:00,0.8574586187501457,speculative,UTC-anchored advancement event
shard-009,6818,2026-09-15T23:16:21.925478+00:00,0.9294484784833912,speculative,UTC-anchored advancement event
shard-008,6076,2026-09-15T23:16:25.790559+00:00,1.1332171805501274,speculative,UTC-anchored advancement event
shard-009,6819,2026-09-15T23:17:43.522782+00:00,1.3519591909665905,speculative,UTC-anchored advancement event
shard-009,6820,2026-09-15T23:19:18.513254+00:00,1.5741502131999974,speculative,UTC-anchored advancement event
shard-009,6821,2026-09-15T23:19:57.688112+00:00,0.6447719013999934,speculative,UTC-anchored advancement event
shard-008,6077,2026-09-15T23:20:39.077747+00:00,4.2140200805501085,speculative,UTC-anchored advancement event
shard-009,6822,2026-09-15T23:20:50.950959+00:00,0.8799624930499703,speculative,UTC-anchored advancement event
shard-008,6078,2026-09-15T23:21:17.506154+00:00,0.6378146687500703,speculative,UTC-anchored advancement event
shard-009,6823,2026-09-15T23:21:28.184990+00:00,0.614921138183369,speculative,UTC-anchored advancement event
shard-008,6079,2026-09-15T23:21:53.835451+00:00,0.5970478159666527,speculative,UTC-anchored advancement event
shard-009,6824,2026-09-15T23:22:12.490184+00:00,0.7307907729167104,speculative,UTC-anchored advancement event
shard-008,6080,2026-09-15T23:22:22.100429+00:00,0.4631975999999364,speculative,UTC-anchored advancement event
shard-009,6825,2026-09-15T23:22:46.458913+00:00,0.5602958388835153,speculative,UTC-anchored advancement event
shard-008,6081,2026-09-15T23:22:59.520306+00:00,0.6181907090334183,speculative,UTC-anchored advancement event
shard-009,6826,2026-09-15T23:23:13.729131+00:00,0.44590570138316254,speculative,UTC-anchored advancement event
shard-008,6082,2026-09-15T23:23:27.907821+00:00,0.4650679083332458,speculative,UTC-anchored advancement event
shard-008,6083,2026-09-15T23:24:01.436492+00:00,0.5513304194333614,speculative,UTC-anchored advancement event
shard-009,6827,2026-09-15T23:24:27.989416+00:00,1.232052927083229,speculative,UTC-anchored advancement event
shard-008,6084,2026-09-15T23:24:38.684025+00:00,0.6147690555500351,speculative,UTC-anchored advancement event
shard-009,6828,2026-09-15T23:25:22.516661+00:00,0.900390229166563,speculative,UTC-anchored advancement event
shard-008,6085,2026-09-15T23:25:30.941836+00:00,0.8628544617999675,speculative,UTC-anchored advancement event
shard-008,6086,2026-09-15T23:26:14.015377+00:00,0.7104041666668005,speculative,UTC-anchored advancement event
shard-008,6087,2026-09-15T23:26:51.630621+00:00,0.6193349256999985,speculative,UTC-anchored advancement event
shard-009,6829,2026-09-15T23:26:51.630621+00:00,1.4766093888834197,speculative,UTC-anchored advancement event
shard-009,6830,2026-09-15T23:27:35.075832+00:00,0.7119338083333181,speculative,UTC-anchored advancement event
shard-008,6088,2026-09-15T23:27:50.457912+00:00,0.9666323812498983,speculative,UTC-anchored advancement event
shard-009,6831,2026-09-15T23:28:12.647536+00:00,0.6173370277666739,speculative,UTC-anchored advancement event
shard-008,6089,2026-09-15T23:28:33.770131+00:00,0.7136880534832016,speculative,UTC-anchored advancement event
shard-009,6832,2026-09-15T23:28:57.719966+00:00,0.7420610784831904,speculative,UTC-anchored advancement event
shard-008,6090,2026-09-15T23:29:22.349143+00:00,0.8007642937499138,speculative,UTC-anchored advancement event
shard-009,6833,2026-09-15T23:29:54.870722+00:00,0.9432824486165676,speculative,UTC-anchored advancement event
shard-008,6091,2026-09-15T23:30:18.189487+00:00,0.9246281277667247,speculative,UTC-anchored advancement event
shard-008,6092,2026-09-15T23:30:42.994200+00:00,0.40388477568315767,speculative,UTC-anchored advancement event
shard-008,6093,2026-09-15T23:31:32.487862+00:00,0.8162821437501406,speculative,UTC-anchored advancement event
shard-009,6834,2026-09-15T23:31:35.266158+00:00,1.6645521479166443,speculative,UTC-anchored advancement event
shard-009,6835,2026-09-15T23:32:06.751843+00:00,0.5225313194501117,speculative,UTC-anchored advancement event
shard-008,6094,2026-09-15T23:32:18.592388+00:00,0.7597037673668334,speculative,UTC-anchored advancement event
shard-009,6836,2026-09-15T23:32:36.591583+00:00,0.48811914445007765,speculative,UTC-anchored advancement event
shard-008,6095,2026-09-15T23:32:50.878133+00:00,0.529844568750074,speculative,UTC-anchored advancement event
shard-008,6096,2026-09-15T23:35:08.787497+00:00,2.2904556249998373,speculative,UTC-anchored advancement event
shard-009,6837,2026-09-15T23:35:38.827820+00:00,3.0281491763831583,speculative,UTC-anchored advancement event
shard-008,6097,2026-09-15T23:35:43.696422+00:00,0.5753441354165261,speculative,UTC-anchored advancement event
shard-009,6838,2026-09-15T23:36:20.717995+00:00,0.6923034958332815,speculative,UTC-anchored advancement event
shard-009,6839,2026-09-15T23:36:50.857132+00:00,0.4934208944500521,speculative,UTC-anchored advancement event
shard-008,6098,2026-09-15T23:37:30.443867+00:00,1.7707002562499838,speculative,UTC-anchored advancement event
shard-009,6840,2026-09-15T23:38:30.576951+00:00,1.6533776041665988,speculative,UTC-anchored advancement event
shard-008,6099,2026-09-15T23:38:59.341169+00:00,1.4794148944332846,speculative,UTC-anchored advancement event
shard-008,6100,2026-09-15T23:39:51.563915+00:00,0.8600944222334268,speculative,UTC-anchored advancement event
shard-008,6101,2026-09-15T23:40:42.365287+00:00,0.8377152632000313,speculative,UTC-anchored advancement event
shard-009,6841,2026-09-15T23:40:47.457350+00:00,2.2753132215332394,speculative,UTC-anchored advancement event
shard-009,6842,2026-09-15T23:41:31.325143+00:00,0.7236193680667687,speculative,UTC-anchored advancement event
shard-008,6102,2026-09-15T23:41:41.900464+00:00,0.9861592118000165,speculative,UTC-anchored advancement event
shard-008,6103,2026-09-15T23:42:23.784586+00:00,0.6888964625000275,speculative,UTC-anchored advancement event
shard-009,6843,2026-09-15T23:42:31.150942+00:00,0.990558154166744,speculative,UTC-anchored advancement event
shard-008,6104,2026-09-15T23:43:02.597446+00:00,0.6376995465335009,speculative,UTC-anchored advancement event
shard-008,6105,2026-09-15T23:43:37.391196+00:00,0.5710705367998646,speculative,UTC-anchored advancement event
shard-008,6106,2026-09-15T23:44:10.305778+00:00,0.5392257152833433,speculative,UTC-anchored advancement event
shard-009,6844,2026-09-15T23:44:42.893228+00:00,2.1906703173665543,speculative,UTC-anchored advancement event
shard-008,6107,2026-09-15T23:45:09.720879+00:00,0.9838673090331819,speculative,UTC-anchored advancement event
shard-009,6845,2026-09-15T23:45:47.977272+00:00,1.0757204124999893,speculative,UTC-anchored advancement event
shard-008,6108,2026-09-15T23:45:54.232202+00:00,0.7326838611166749,speculative,UTC-anchored advancement event
shard-009,6846,2026-09-15T23:46:52.184623+00:00,1.0604811590332246,speculative,UTC-anchored advancement event
shard-008,6109,2026-09-15T23:47:05.310208+00:00,1.1758149347333529,speculative,UTC-anchored advancement event
shard-009,6847,2026-09-15T23:47:42.419033+00:00,0.8308558097332328,speculative,UTC-anchored advancement event
shard-008,6110,2026-09-15T23:47:57.757673+00:00,0.8680216527832575,speculative,UTC-anchored advancement event
shard-009,6848,2026-09-15T23:48:55.745123+00:00,1.2130568854166388,speculative,UTC-anchored advancement event
shard-009,6849,2026-09-15T23:49:23.652296+00:00,0.4556094062500051,speculative,UTC-anchored advancement event
shard-009,6850,2026-09-15T23:49:49.530789+00:00,0.4225115895833975,speculative,UTC-anchored advancement event
shard-008,6111,2026-09-15T23:50:16.175111+00:00,2.2981965389000836,speculative,UTC-anchored advancement event
shard-009,6851,2026-09-15T23:50:19.936423+00:00,0.5007330708331816,speculative,UTC-anchored advancement event
shard-008,6112,2026-09-15T23:51:01.550496+00:00,0.7501520840167359,speculative,UTC-anchored advancement event
shard-009,6852,2026-09-15T23:51:03.220223+00:00,0.712382652766731,speculative,UTC-anchored advancement event
shard-009,6853,2026-09-15T23:51:57.697316+00:00,0.8997839763998248,speculative,UTC-anchored advancement event
shard-008,6113,2026-09-15T23:52:01.644413+00:00,0.9926150729166693,speculative,UTC-anchored advancement event
shard-009,6854,2026-09-15T23:52:38.546613+00:00,0.6741854819333336,speculative,UTC-anchored advancement event
shard-008,6114,2026-09-15T23:53:28.121622+00:00,1.4352141569499508,speculative,UTC-anchored advancement event
shard-009,6855,2026-09-15T23:53:56.065214+00:00,1.283029600000009,speculative,UTC-anchored advancement event
shard-008,6115,2026-09-15T23:54:58.176261+00:00,1.4915473090334368,speculative,UTC-anchored advancement event
shard-009,6856,2026-09-15T23:54:59.855105+00:00,1.0539767611167918,speculative,UTC-anchored advancement event
shard-009,6857,2026-09-15T23:55:43.729389+00:00,0.7233723381832533,speculative,UTC-anchored advancement event
shard-008,6116,2026-09-15T23:56:00.239403+00:00,1.0285875201499342,speculative,UTC-anchored advancement event
shard-008,6117,2026-09-15T23:56:59.100981+00:00,0.9715168395833946,speculative,UTC-anchored advancement event
shard-009,6858,2026-09-15T23:57:07.616157+00:00,1.3910758854166487,speculative,UTC-anchored advancement event
shard-008,6118,2026-09-15T23:58:03.057450+00:00,1.05593906181651,speculative,UTC-anchored advancement event
shard-009,6859,2026-09-15T23:58:04.750591+00:00,0.9441458493000634,speculative,UTC-anchored advancement event
shard-009,6860,2026-09-15T23:58:39.594476+00:00,0.5723956805501075,speculative,UTC-anchored advancement event
shard-008,6119,2026-09-15T23:59:13.060176+00:00,1.1605212437500692,speculative,UTC-anchored advancement event
shard-009,6861,2026-09-15T23:59:18.154134+00:00,0.6360881270831062,speculative,UTC-anchored advancement event
shard-008,6120,2026-09-15T23:59:42.696272+00:00,0.4847530291667984,speculative,UTC-anchored advancement event
shard-009,6862,2026-09-16T00:01:24.715904+00:00,2.1018320479165897,speculative,UTC-anchored advancement event
shard-009,6863,2026-09-16T00:02:39.345978+00:00,1.2339818965333202,speculative,UTC-anchored advancement event
shard-009,6864,2026-09-16T00:03:23.141624+00:00,0.72071028541662,speculative,UTC-anchored advancement event
shard-009,6865,2026-09-16T00:04:05.635993+00:00,0.7042036187500343,speculative,UTC-anchored advancement event
shard-009,6866,2026-09-16T00:05:08.896417+00:00,1.048726595149977,speculative,UTC-anchored advancement event
shard-009,6867,2026-09-16T00:09:14.601960+00:00,4.086453644433399,speculative,UTC-anchored advancement event
shard-009,6868,2026-09-16T00:11:04.320709+00:00,1.8221227354168756,speculative,UTC-anchored advancement event
shard-008,6121,2026-09-16T00:12:23.339056+00:00,12.674121254866623,speculative,UTC-anchored advancement event
shard-009,6869,2026-09-16T00:12:38.970776+00:00,1.5670696132001467,speculative,UTC-anchored advancement event
shard-009,6870,2026-09-16T00:14:32.428951+00:00,1.8849882507000681,speculative,UTC-anchored advancement event
shard-009,6871,2026-09-16T00:15:12.222925+00:00,0.6598840652666695,speculative,UTC-anchored advancement event
shard-009,6872,2026-09-16T00:15:46.161446+00:00,0.556086248600089,speculative,UTC-anchored advancement event
shard-009,6873,2026-09-16T00:16:17.755051+00:00,0.5167192875000183,speculative,UTC-anchored advancement event
shard-009,6874,2026-09-16T00:16:42.486068+00:00,0.40205503333345405,speculative,UTC-anchored advancement event
shard-009,6875,2026-09-16T00:17:20.875144+00:00,0.6301925368168061,speculative,UTC-anchored advancement event
shard-009,6876,2026-09-16T00:18:40.418383+00:00,1.3167758930498772,speculative,UTC-anchored advancement event
shard-009,6877,2026-09-16T00:21:15.939806+00:00,2.5819058659833294,speculative,UTC-anchored advancement event
shard-009,6878,2026-09-16T00:22:56.599923+00:00,1.6681609027834687,speculative,UTC-anchored advancement event
shard-009,6879,2026-09-16T00:25:55.148308+00:00,2.9656900388998717,speculative,UTC-anchored advancement event
shard-009,6880,2026-09-16T00:27:53.601692+00:00,1.9639560166666343,speculative,UTC-anchored advancement event
shard-009,6881,2026-09-16T00:30:20.142147+00:00,2.4324112638998487,speculative,UTC-anchored advancement event
shard-009,6882,2026-09-16T00:32:37.799566+00:00,2.28380274304994,speculative,UTC-anchored advancement event
shard-009,6883,2026-09-16T00:34:51.367074+00:00,2.2161236777666393,speculative,UTC-anchored advancement event
shard-009,6884,2026-09-16T00:38:08.195969+00:00,3.2747935909666315,speculative,UTC-anchored advancement event
shard-009,6885,2026-09-16T00:42:36.104815+00:00,4.456263845833261,speculative,UTC-anchored advancement event
shard-009,6886,2026-09-16T00:45:19.104495+00:00,2.7083807180499813,speculative,UTC-anchored advancement event
shard-009,6887,2026-09-16T00:49:15.433734+00:00,3.9319499472333215,speculative,UTC-anchored advancement event
shard-009,6888,2026-09-16T01:00:34.399502+00:00,11.305631127083325,speculative,UTC-anchored advancement event
shard-009,6889,2026-09-16T01:10:25.179760+00:00,9.835922502083365,speculative,UTC-anchored advancement event
shard-009,6890,2026-09-16T01:17:44.005969+00:00,7.302568241666692,speculative,UTC-anchored advancement event
shard-009,6891,2026-09-16T01:30:46.373474+00:00,13.032138356949872,speculative,UTC-anchored advancement event
shard-009,6892,2026-09-16T01:35:09.910225+00:00,4.382006038899999,speculative,UTC-anchored advancement event
shard-009,6893,2026-09-16T01:41:54.541839+00:00,6.736403928466704,speculative,UTC-anchored advancement event
shard-009,6894,2026-09-16T01:45:21.347251+00:00,3.435945050683222,speculative,UTC-anchored advancement event
shard-009,6895,2026-09-16T01:47:36.015445+00:00,2.2337340812499558,speculative,UTC-anchored advancement event
shard-009,6896,2026-09-16T01:49:02.338660+00:00,1.4276065930501014,speculative,UTC-anchored advancement event
shard-009,6897,2026-09-16T01:50:21.200259+00:00,1.3039148027834018,speculative,UTC-anchored advancement event
shard-009,6898,2026-09-16T01:51:11.496137+00:00,0.8267374395834243,speculative,UTC-anchored advancement event
shard-009,6899,2026-09-16T01:52:35.490980+00:00,1.395484046533238,speculative,UTC-anchored advancement event
shard-009,6900,2026-09-16T01:54:15.325155+00:00,1.6531581604166907,speculative,UTC-anchored advancement event
shard-009,6901,2026-09-16T01:55:51.637508+00:00,1.5942949715167438,speculative,UTC-anchored advancement event
shard-009,6902,2026-09-16T01:57:24.617080+00:00,1.5387215090333484,speculative,UTC-anchored advancement event
shard-009,6903,2026-09-16T01:58:27.307284+00:00,1.0342591812501876,speculative,UTC-anchored advancement event
shard-009,6904,2026-09-16T01:59:55.988041+00:00,1.4682509291667278,speculative,UTC-anchored advancement event
shard-009,6905,2026-09-16T02:00:30.904858+00:00,0.5729062715166947,speculative,UTC-anchored advancement event
shard-009,6906,2026-09-16T02:01:05.717459+00:00,0.5731849937500859,speculative,UTC-anchored advancement event
shard-009,6907,2026-09-16T02:01:28.102671+00:00,0.36343414583340444,speculative,UTC-anchored advancement event
shard-009,6908,2026-09-16T02:02:04.210924+00:00,0.5925108666665134,speculative,UTC-anchored advancement event
shard-009,6909,2026-09-16T02:02:31.170390+00:00,0.4403346000001572,speculative,UTC-anchored advancement event
shard-009,6910,2026-09-16T02:03:16.227489+00:00,0.7467266187501082,speculative,UTC-anchored advancement event
shard-009,6911,2026-09-16T02:03:54.652707+00:00,0.6304450131998843,speculative,UTC-anchored advancement event
shard-009,6912,2026-09-16T02:04:51.313295+00:00,0.9348742250001426,speculative,UTC-anchored advancement event
shard-009,6913,2026-09-16T02:06:01.803058+00:00,1.1650850298499185,speculative,UTC-anchored advancement event
shard-009,6914,2026-09-16T02:07:09.972530+00:00,1.1290131014000508,speculative,UTC-anchored advancement event
shard-009,6916,2026-09-16T05:45:16.303144+00:00,0.6302714826500354,speculative,UTC-anchored advancement event
shard-009,6917,2026-09-16T05:46:11.995066+00:00,0.9148191777834048,speculative,UTC-anchored advancement event
shard-009,6918,2026-09-16T05:52:03.357465+00:00,5.855128624316664,speculative,UTC-anchored advancement event
shard-009,6919,2026-09-16T05:52:46.256107+00:00,0.6993066694335236,speculative,UTC-anchored advancement event
shard-008,6123,2026-09-16T05:53:14.498667+00:00,11.586447375700178,speculative,UTC-anchored advancement event
shard-009,6920,2026-09-16T05:53:39.560308+00:00,0.8829360201331534,speculative,UTC-anchored advancement event
shard-008,6124,2026-09-16T05:53:56.933700+00:00,0.6990775583333744,speculative,UTC-anchored advancement event
shard-009,6921,2026-09-16T05:54:04.275647+00:00,0.39990281111652926,speculative,UTC-anchored advancement event
shard-008,6125,2026-09-16T05:54:26.990465+00:00,0.49551038958331145,speculative,UTC-anchored advancement event
shard-009,6922,2026-09-16T05:54:29.556643+00:00,0.42311167221681295,speculative,UTC-anchored advancement event
shard-009,6923,2026-09-16T05:55:01.025895+00:00,0.512552834033219,speculative,UTC-anchored advancement event
shard-008,6126,2026-09-16T05:55:05.912800+00:00,0.6436759416666367,speculative,UTC-anchored advancement event
shard-008,6127,2026-09-16T05:55:37.923673+00:00,0.5298248722331967,speculative,UTC-anchored advancement event
shard-009,6924,2026-09-16T05:55:37.923673+00:00,0.6106803555664858,speculative,UTC-anchored advancement event
shard-009,6925,2026-09-16T05:56:18.200660+00:00,0.6567122583333306,speculative,UTC-anchored advancement event
shard-008,6128,2026-09-16T05:56:26.684506+00:00,0.7970842409667966,speculative,UTC-anchored advancement event
shard-009,6926,2026-09-16T05:56:59.347917+00:00,0.6807082715332702,speculative,UTC-anchored advancement event
shard-008,6129,2026-09-16T05:57:27.878558+00:00,1.0088331291667905,speculative,UTC-anchored advancement event
shard-009,6927,2026-09-16T05:57:43.416070+00:00,0.7292136007000711,speculative,UTC-anchored advancement event
shard-008,6130,2026-09-16T05:58:02.438755+00:00,0.5780589590334179,speculative,UTC-anchored advancement event
shard-009,6928,2026-09-16T05:58:25.714140+00:00,0.6999477409832858,speculative,UTC-anchored advancement event
shard-008,6131,2026-09-16T05:58:37.849559+00:00,0.577746675699988,speculative,UTC-anchored advancement event
shard-009,6929,2026-09-16T05:59:12.284058+00:00,0.7708763548500428,speculative,UTC-anchored advancement event
shard-008,6132,2026-09-16T05:59:43.831608+00:00,1.0946957944499445,speculative,UTC-anchored advancement event
shard-009,6930,2026-09-16T06:00:00.665896+00:00,0.7938628097166657,speculative,UTC-anchored advancement event
shard-008,6133,2026-09-16T06:00:29.230403+00:00,0.7513428333331831,speculative,UTC-anchored advancement event
shard-009,6931,2026-09-16T06:00:41.780154+00:00,0.6801215055500507,speculative,UTC-anchored advancement event
shard-008,6134,2026-09-16T06:01:10.496244+00:00,0.6762104437499753,speculative,UTC-anchored advancement event
shard-009,6932,2026-09-16T06:01:10.496244+00:00,0.4747880597167144,speculative,UTC-anchored advancement event
shard-009,6933,2026-09-16T06:01:44.176985+00:00,0.5518273187500502,speculative,UTC-anchored advancement event
shard-008,6135,2026-09-16T06:01:50.745278+00:00,0.6623411597332355,speculative,UTC-anchored advancement event
shard-009,6934,2026-09-16T06:02:04.074473+00:00,0.31918035625009605,speculative,UTC-anchored advancement event
shard-008,6136,2026-09-16T06:02:24.485481+00:00,0.5570105284665866,speculative,UTC-anchored advancement event
shard-009,6935,2026-09-16T06:02:44.202771+00:00,0.6634487673664504,speculative,UTC-anchored advancement event
shard-008,6137,2026-09-16T06:03:11.701436+00:00,0.7744434631999563,speculative,UTC-anchored advancement event
shard-009,6936,2026-09-16T06:03:13.109837+00:00,0.4763893881832094,speculative,UTC-anchored advancement event
shard-009,6937,2026-09-16T06:03:56.502851+00:00,0.711697106249873,speculative,UTC-anchored advancement event
shard-008,6138,2026-09-16T06:04:07.452426+00:00,0.9240348264000204,speculative,UTC-anchored advancement event
shard-009,6938,2026-09-16T06:05:11.067760+00:00,1.2373463777834937,speculative,UTC-anchored advancement event
shard-009,6939,2026-09-16T06:05:59.341485+00:00,0.7923154041668264,speculative,UTC-anchored advancement event
shard-008,6139,2026-09-16T06:06:13.832021+00:00,2.101116843066605,speculative,UTC-anchored advancement event
shard-008,6140,2026-09-16T06:06:52.941823+00:00,0.6466055770833918,speculative,UTC-anchored advancement event
shard-008,6141,2026-09-16T06:07:45.920468+00:00,0.8846617104165488,speculative,UTC-anchored advancement event
shard-009,6940,2026-09-16T06:08:12.685947+00:00,2.2170063020833672,speculative,UTC-anchored advancement event
shard-009,6941,2026-09-16T06:08:50.849056+00:00,0.6305816159833436,speculative,UTC-anchored advancement event
shard-008,6142,2026-09-16T06:09:02.833748+00:00,1.2695252777833956,speculative,UTC-anchored advancement event
shard-009,6942,2026-09-16T06:09:22.623059+00:00,0.5244578361166835,speculative,UTC-anchored advancement event
shard-008,6143,2026-09-16T06:09:41.911171+00:00,0.6389072909667448,speculative,UTC-anchored advancement event
shard-009,6943,2026-09-16T06:10:00.944481+00:00,0.633225954866551,speculative,UTC-anchored advancement event
shard-008,6144,2026-09-16T06:10:18.313033+00:00,0.6013272138833903,speculative,UTC-anchored advancement event
shard-009,6944,2026-09-16T06:10:30.461731+00:00,0.47923547431685926,speculative,UTC-anchored advancement event
shard-009,6945,2026-09-16T06:11:13.123451+00:00,0.7057860812499712,speculative,UTC-anchored advancement event
shard-008,6145,2026-09-16T06:11:19.679674+00:00,1.0173798319333096,speculative,UTC-anchored advancement event
shard-009,6946,2026-09-16T06:11:36.667646+00:00,0.38024562778349114,speculative,UTC-anchored advancement event
shard-009,6947,2026-09-16T06:12:07.747283+00:00,0.5125319861166645,speculative,UTC-anchored advancement event
shard-008,6146,2026-09-16T06:12:14.987198+00:00,0.9163198937499449,speculative,UTC-anchored advancement event
shard-009,6948,2026-09-16T06:12:42.958897+00:00,0.5817677916667889,speculative,UTC-anchored advancement event
shard-008,6147,2026-09-16T06:12:58.628329+00:00,0.7156066090166859,speculative,UTC-anchored advancement event
shard-009,6949,2026-09-16T06:13:17.771785+00:00,0.5748809020832899,speculative,UTC-anchored advancement event
shard-008,6148,2026-09-16T06:13:38.749999+00:00,0.6635919874999672,speculative,UTC-anchored advancement event
shard-009,6950,2026-09-16T06:14:08.671143+00:00,0.8353484208331793,speculative,UTC-anchored advancement event
shard-008,6149,2026-09-16T06:14:20.711469+00:00,0.6934514930665804,speculative,UTC-anchored advancement event
shard-008,6150,2026-09-16T06:14:47.544837+00:00,0.43499543333309704,speculative,UTC-anchored advancement event
shard-009,6951,2026-09-16T06:14:57.199776+00:00,0.8034586374999587,speculative,UTC-anchored advancement event
shard-008,6151,2026-09-16T06:15:22.284321+00:00,0.5732377909834516,speculative,UTC-anchored advancement event
shard-009,6952,2026-09-16T06:15:53.153978+00:00,0.9343068958332879,speculative,UTC-anchored advancement event
shard-008,6152,2026-09-16T06:16:10.542932+00:00,0.7990122805499899,speculative,UTC-anchored advancement event
shard-008,6153,2026-09-16T06:16:41.540889+00:00,0.5109187131999836,speculative,UTC-anchored advancement event
shard-009,6953,2026-09-16T06:16:44.125308+00:00,0.8366799944499993,speculative,UTC-anchored advancement event
shard-008,6154,2026-09-16T06:17:04.976219+00:00,0.38526458125003654,speculative,UTC-anchored advancement event
shard-009,6954,2026-09-16T06:17:21.831380+00:00,0.6164742972165792,speculative,UTC-anchored advancement event
shard-008,6155,2026-09-16T06:17:43.294515+00:00,0.6330379277666603,speculative,UTC-anchored advancement event
shard-009,6955,2026-09-16T06:17:47.541747+00:00,0.42320747916674006,speculative,UTC-anchored advancement event
shard-009,6956,2026-09-16T06:18:22.308943+00:00,0.5742073277833697,speculative,UTC-anchored advancement event
shard-008,6156,2026-09-16T06:18:23.736597+00:00,0.6611218208333108,speculative,UTC-anchored advancement event
shard-009,6957,2026-09-16T06:18:48.808090+00:00,0.4434302361000543,speculative,UTC-anchored advancement event
shard-008,6157,2026-09-16T06:19:09.769636+00:00,0.7620819485998557,speculative,UTC-anchored advancement event
shard-009,6958,2026-09-16T06:19:34.911418+00:00,0.7557029312500769,speculative,UTC-anchored advancement event
shard-008,6158,2026-09-16T06:20:13.917090+00:00,1.063408443750086,speculative,UTC-anchored advancement event
shard-008,6159,2026-09-16T06:21:01.956085+00:00,0.7875279215334255,speculative,UTC-anchored advancement event
shard-008,6160,2026-09-16T06:21:38.644809+00:00,0.6059337958332132,speculative,UTC-anchored advancement event
shard-009,6959,2026-09-16T06:21:47.057851+00:00,2.1966624694333103,speculative,UTC-anchored advancement event
shard-008,6161,2026-09-16T06:22:03.213047+00:00,0.404230832633281,speculative,UTC-anchored advancement event
shard-009,6960,2026-09-16T06:22:47.123005+00:00,0.9889831791665832,speculative,UTC-anchored advancement event
shard-008,6162,2026-09-16T06:22:54.397252+00:00,0.8475434333333396,speculative,UTC-anchored advancement event
shard-008,6163,2026-09-16T06:23:35.369758+00:00,0.6712632236167944,speculative,UTC-anchored advancement event
shard-009,6961,2026-09-16T06:24:23.798026+00:00,1.6058413458333234,speculative,UTC-anchored advancement event
shard-009,6962,2026-09-16T06:25:01.679596+00:00,0.626030850699802,speculative,UTC-anchored advancement event
shard-009,6963,2026-09-16T06:25:55.783244+00:00,0.889165927766832,speculative,UTC-anchored advancement event
shard-009,6964,2026-09-16T06:26:37.546983+00:00,0.6903692187501292,speculative,UTC-anchored advancement event
shard-009,6965,2026-09-16T06:27:19.019661+00:00,0.68565466041667,speculative,UTC-anchored advancement event
shard-009,6966,2026-09-16T06:28:03.861715+00:00,0.7490454291665325,speculative,UTC-anchored advancement event
shard-009,6967,2026-09-16T06:28:34.224027+00:00,0.4932614479167872,speculative,UTC-anchored advancement event
shard-009,6968,2026-09-16T06:29:52.476565+00:00,1.2987047930500315,speculative,UTC-anchored advancement event
shard-009,6969,2026-09-16T06:30:53.740139+00:00,1.02312874236668,speculative,UTC-anchored advancement event
shard-008,6164,2026-09-16T06:31:57.175126+00:00,8.362419876383258,speculative,UTC-anchored advancement event
shard-009,6970,2026-09-16T06:32:01.129079+00:00,1.1088953034833442,speculative,UTC-anchored advancement event
shard-009,6971,2026-09-16T06:32:34.236926+00:00,0.5464457222168373,speculative,UTC-anchored advancement event
shard-008,6165,2026-09-16T06:32:46.757511+00:00,0.8174926312499641,speculative,UTC-anchored advancement event
shard-009,6972,2026-09-16T06:33:06.109576+00:00,0.5185668576331712,speculative,UTC-anchored advancement event
shard-008,6166,2026-09-16T06:33:24.247969+00:00,0.6191864222166866,speculative,UTC-anchored advancement event
shard-009,6973,2026-09-16T06:33:46.315754+00:00,0.6644472013833972,speculative,UTC-anchored advancement event
shard-008,6167,2026-09-16T06:33:53.705951+00:00,0.4779006048665906,speculative,UTC-anchored advancement event
shard-009,6974,2026-09-16T06:34:17.603451+00:00,0.5155669506835693,speculative,UTC-anchored advancement event
shard-008,6168,2026-09-16T06:34:19.418613+00:00,0.4231136006834276,speculative,UTC-anchored advancement event
shard-008,6169,2026-09-16T06:34:39.888850+00:00,0.3356828576332191,speculative,UTC-anchored advancement event
shard-009,6975,2026-09-16T06:34:55.560047+00:00,0.6207870458335188,speculative,UTC-anchored advancement event
shard-008,6170,2026-09-16T06:35:32.274735+00:00,0.867427330549981,speculative,UTC-anchored advancement event
shard-009,6976,2026-09-16T06:35:56.763959+00:00,1.0146323243168203,speculative,UTC-anchored advancement event
shard-008,6171,2026-09-16T06:36:52.362174+00:00,1.3220765354165147,speculative,UTC-anchored advancement event
shard-008,6172,2026-09-16T06:37:25.457442+00:00,0.5459545999998227,speculative,UTC-anchored advancement event
shard-009,6977,2026-09-16T06:37:54.599422+00:00,1.9582590374998594,speculative,UTC-anchored advancement event
shard-008,6173,2026-09-16T06:38:21.030669+00:00,0.9137582458332569,speculative,UTC-anchored advancement event
shard-009,6978,2026-09-16T06:38:33.207194+00:00,0.6375952562501577,speculative,UTC-anchored advancement event
shard-008,6174,2026-09-16T06:39:14.334020+00:00,0.8826097888998145,speculative,UTC-anchored advancement event
shard-009,6979,2026-09-16T06:39:38.212632+00:00,1.070718098616635,speculative,UTC-anchored advancement event
shard-008,6175,2026-09-16T06:39:39.639726+00:00,0.41596768749999075,speculative,UTC-anchored advancement event
shard-009,6980,2026-09-16T06:40:17.614618+00:00,0.6583182840166653,speculative,UTC-anchored advancement event
shard-008,6176,2026-09-16T06:40:20.677385+00:00,0.6785877729164592,speculative,UTC-anchored advancement event
shard-008,6177,2026-09-16T06:40:51.848372+00:00,0.5139708256831607,speculative,UTC-anchored advancement event
shard-008,6178,2026-09-16T06:41:20.358296+00:00,0.46935215973329225,speculative,UTC-anchored advancement event
shard-009,6981,2026-09-16T06:41:24.610879+00:00,1.103845107633242,speculative,UTC-anchored advancement event
shard-008,6179,2026-09-16T06:42:00.595024+00:00,0.657797449999877,speculative,UTC-anchored advancement event
shard-009,6982,2026-09-16T06:42:06.801024+00:00,0.6976060354167809,speculative,UTC-anchored advancement event
shard-008,6180,2026-09-16T06:42:35.979842+00:00,0.5838309500000226,speculative,UTC-anchored advancement event
shard-009,6983,2026-09-16T06:42:54.105415+00:00,0.77673393820005,speculative,UTC-anchored advancement event
shard-008,6181,2026-09-16T06:43:16.693417+00:00,0.6728382430500157,speculative,UTC-anchored advancement event
shard-009,6984,2026-09-16T06:43:25.142919+00:00,0.5184306645833809,speculative,UTC-anchored advancement event
shard-008,6182,2026-09-16T06:43:57.945536+00:00,0.6819040708333584,speculative,UTC-anchored advancement event
shard-009,6985,2026-09-16T06:44:04.128403+00:00,0.6372889736165235,speculative,UTC-anchored advancement event
shard-008,6183,2026-09-16T06:44:37.430276+00:00,0.6523310222333142,speculative,UTC-anchored advancement event
shard-009,6986,2026-09-16T06:45:07.959172+00:00,1.0580686923666993,speculative,UTC-anchored advancement event
shard-008,6184,2026-09-16T06:45:44.841593+00:00,1.110536006250186,speculative,UTC-anchored advancement event
shard-009,6987,2026-09-16T06:46:01.622086+00:00,0.8886022319333279,speculative,UTC-anchored advancement event
shard-009,6988,2026-09-16T06:46:57.057735+00:00,0.910732022216689,speculative,UTC-anchored advancement event
shard-009,6989,2026-09-16T06:49:54.007413+00:00,2.9432367027834214,speculative,UTC-anchored advancement event
shard-009,6990,2026-09-16T06:50:51.921173+00:00,0.9593063180667135,speculative,UTC-anchored advancement event
shard-009,6991,2026-09-16T06:52:02.263882+00:00,1.158332724999976,speculative,UTC-anchored advancement event
shard-009,6992,2026-09-16T06:53:32.945715+00:00,1.5052197555499636,speculative,UTC-anchored advancement event
shard-009,6993,2026-09-16T06:54:59.453401+00:00,1.4356572763834266,speculative,UTC-anchored advancement event
shard-009,6994,2026-09-16T06:55:58.510014+00:00,0.9700604097333174,speculative,UTC-anchored advancement event
shard-009,6995,2026-09-16T06:56:33.842216+00:00,0.5780405152834039,speculative,UTC-anchored advancement event
shard-009,6996,2026-09-16T06:57:42.863744+00:00,1.1517084805665945,speculative,UTC-anchored advancement event
shard-009,6997,2026-09-16T06:58:55.936905+00:00,1.2039462222334503,speculative,UTC-anchored advancement event
shard-009,6998,2026-09-16T07:01:00.481410+00:00,2.0695272944498964,speculative,UTC-anchored advancement event
shard-009,6999,2026-09-16T07:01:50.584729+00:00,0.828610303466606,speculative,UTC-anchored advancement event
shard-009,7000,2026-09-16T07:03:54.250801+00:00,2.054843338200105,speculative,UTC-anchored advancement event
shard-009,7001,2026-09-16T07:04:45.794191+00:00,0.8527003382000354,speculative,UTC-anchored advancement event
shard-009,7002,2026-09-16T07:06:01.077904+00:00,1.2405998097167563,speculative,UTC-anchored advancement event
shard-009,7003,2026-09-16T07:06:40.344576+00:00,0.6482576895835034,speculative,UTC-anchored advancement event
shard-009,7004,2026-09-16T07:08:10.382100+00:00,1.4943385145833115,speculative,UTC-anchored advancement event
shard-008,6185,2026-09-16T07:11:43.229970+00:00,25.973703128466635,speculative,UTC-anchored advancement event
shard-009,7005,2026-09-16T07:12:09.710728+00:00,3.974440945833339,speculative,UTC-anchored advancement event
shard-008,6186,2026-09-16T07:12:33.580284+00:00,0.8343451020834133,speculative,UTC-anchored advancement event
shard-008,6187,2026-09-16T07:13:26.596280+00:00,0.8703536784666842,speculative,UTC-anchored advancement event
shard-008,6188,2026-09-16T07:13:57.475342+00:00,0.5102379854167035,speculative,UTC-anchored advancement event
shard-009,7006,2026-09-16T07:13:57.475342+00:00,1.7907446979166708,speculative,UTC-anchored advancement event
shard-009,7007,2026-09-16T07:14:48.403285+00:00,0.832899486116609,speculative,UTC-anchored advancement event
shard-008,6189,2026-09-16T07:15:13.554392+00:00,1.2504958937500001,speculative,UTC-anchored advancement event
shard-009,7008,2026-09-16T07:15:36.246067+00:00,0.7912499458332605,speculative,UTC-anchored advancement event
shard-008,6190,2026-09-16T07:15:40.541679+00:00,0.44380652015000427,speculative,UTC-anchored advancement event
shard-009,7009,2026-09-16T07:16:53.267091+00:00,1.2704326923667395,speculative,UTC-anchored advancement event
shard-008,6191,2026-09-16T07:18:22.827397+00:00,2.698831806950087,speculative,UTC-anchored advancement event
shard-009,7010,2026-09-16T07:18:56.968804+00:00,2.055505706250066,speculative,UTC-anchored advancement event
shard-008,6192,2026-09-16T07:19:00.831658+00:00,0.6201289909833576,speculative,UTC-anchored advancement event
shard-009,7011,2026-09-16T07:19:50.591036+00:00,0.8874668951333055,speculative,UTC-anchored advancement event
shard-008,6193,2026-09-16T07:20:00.264393+00:00,0.9914734236168442,speculative,UTC-anchored advancement event
shard-009,7012,2026-09-16T07:20:46.099636+00:00,0.9190896055498645,speculative,UTC-anchored advancement event
shard-008,6194,2026-09-16T07:21:19.506489+00:00,1.3076039007001479,speculative,UTC-anchored advancement event
shard-009,7013,2026-09-16T07:21:31.537456+00:00,0.7509445625000808,speculative,UTC-anchored advancement event
shard-009,7014,2026-09-16T07:22:12.762385+00:00,0.6736463979165516,speculative,UTC-anchored advancement event
shard-008,6195,2026-09-16T07:22:16.622089+00:00,0.9458582666666189,speculative,UTC-anchored advancement event
shard-009,7015,2026-09-16T07:22:51.024012+00:00,0.6314562527666567,speculative,UTC-anchored advancement event
shard-008,6196,2026-09-16T07:23:06.166386+00:00,0.8197385944333898,speculative,UTC-anchored advancement event
shard-009,7016,2026-09-16T07:23:23.100869+00:00,0.5210363736000242,speculative,UTC-anchored advancement event
shard-009,7017,2026-09-16T07:24:00.925361+00:00,0.6243827117999899,speculative,UTC-anchored advancement event
shard-008,6197,2026-09-16T07:24:23.448731+00:00,1.2817593354166699,speculative,UTC-anchored advancement event
shard-009,7018,2026-09-16T07:24:37.327248+00:00,0.6007619118000245,speculative,UTC-anchored advancement event
shard-008,6198,2026-09-16T07:25:20.117161+00:00,0.931099727783294,speculative,UTC-anchored advancement event
shard-009,7019,2026-09-16T07:25:23.959704+00:00,0.7708707583333307,speculative,UTC-anchored advancement event
shard-008,6199,2026-09-16T07:26:02.722667+00:00,0.7039304736167348,speculative,UTC-anchored advancement event
shard-009,7020,2026-09-16T07:26:16.241232+00:00,0.8587875479167754,speculative,UTC-anchored advancement event
shard-008,6200,2026-09-16T07:26:43.614434+00:00,0.6751383277834975,speculative,UTC-anchored advancement event
shard-008,6201,2026-09-16T07:27:13.251763+00:00,0.495375804866732,speculative,UTC-anchored advancement event
shard-009,7021,2026-09-16T07:27:13.251763+00:00,0.9503920819333871,speculative,UTC-anchored advancement event
shard-008,6202,2026-09-16T07:27:38.127430+00:00,0.39719043125005554,speculative,UTC-anchored advancement event
shard-009,7022,2026-09-16T07:27:52.604882+00:00,0.6399863722166629,speculative,UTC-anchored advancement event
shard-008,6203,2026-09-16T07:28:23.106933+00:00,0.7434006284665278,speculative,UTC-anchored advancement event
shard-009,7023,2026-09-16T07:28:32.890888+00:00,0.6578706319499664,speculative,UTC-anchored advancement event
shard-008,6204,2026-09-16T07:29:00.370441+00:00,0.6148184145832298,speculative,UTC-anchored advancement event
shard-009,7024,2026-09-16T07:29:19.004754+00:00,0.7624352680667168,speculative,UTC-anchored advancement event
shard-009,7025,2026-09-16T07:29:51.229160+00:00,0.5305609263831381,speculative,UTC-anchored advancement event
shard-008,6205,2026-09-16T07:29:57.406831+00:00,0.9368951895834471,speculative,UTC-anchored advancement event
shard-008,6206,2026-09-16T07:30:36.564161+00:00,0.6465289361001244,speculative,UTC-anchored advancement event
shard-009,7026,2026-09-16T07:30:44.384382+00:00,0.8797882992999803,speculative,UTC-anchored advancement event
shard-009,7027,2026-09-16T07:31:07.298227+00:00,0.37592955208334994,speculative,UTC-anchored advancement event
shard-008,6207,2026-09-16T07:31:15.886191+00:00,0.642013681949902,speculative,UTC-anchored advancement event
shard-009,7028,2026-09-16T07:31:35.742645+00:00,0.46780314583326493,speculative,UTC-anchored advancement event
shard-008,6208,2026-09-16T07:32:13.830135+00:00,0.9534253972165364,speculative,UTC-anchored advancement event
shard-009,7029,2026-09-16T07:32:21.181224+00:00,0.7507734076333388,speculative,UTC-anchored advancement event
shard-008,6209,2026-09-16T07:32:46.177040+00:00,0.5327743229165207,speculative,UTC-anchored advancement event
shard-009,7030,2026-09-16T07:32:56.377818+00:00,0.5807270125000893,speculative,UTC-anchored advancement event
shard-008,6210,2026-09-16T07:33:08.571051+00:00,0.35986996111654057,speculative,UTC-anchored advancement event
shard-008,6211,2026-09-16T07:33:31.441549+00:00,0.37472850971656346,speculative,UTC-anchored advancement event
shard-008,6212,2026-09-16T07:33:54.765579+00:00,0.37544628890003273,speculative,UTC-anchored advancement event
shard-009,7031,2026-09-16T07:34:32.936806+00:00,1.6030672159666817,speculative,UTC-anchored advancement event
shard-009,7032,2026-09-16T07:35:01.643191+00:00,0.4721078694499738,speculative,UTC-anchored advancement event
shard-008,6213,2026-09-16T07:36:05.213869+00:00,2.174775920133349,speculative,UTC-anchored advancement event
shard-008,6214,2026-09-16T07:36:42.885484+00:00,0.6144453472164363,speculative,UTC-anchored advancement event
shard-008,6215,2026-09-16T07:37:17.639683+00:00,0.5728414194500753,speculative,UTC-anchored advancement event
shard-008,6216,2026-09-16T07:37:47.446437+00:00,0.49049841179997505,speculative,UTC-anchored advancement event
shard-008,6217,2026-09-16T07:39:11.123061+00:00,1.3814408944500125,speculative,UTC-anchored advancement event
shard-008,6218,2026-09-16T07:41:01.684764+00:00,1.8363387437500933,speculative,UTC-anchored advancement event
shard-008,6219,2026-09-16T07:43:49.071680+00:00,2.7817912513834018,speculative,UTC-anchored advancement event
shard-008,6220,2026-09-16T07:45:05.070426+00:00,1.25998311734996,speculative,UTC-anchored advancement event
shard-008,6221,2026-09-16T07:46:11.262559+00:00,1.0964930104166948,speculative,UTC-anchored advancement event
shard-009,7033,2026-09-16T07:46:16.836931+00:00,11.24939528888329,speculative,UTC-anchored advancement event
shard-008,6222,2026-09-16T07:47:13.070856+00:00,1.0158454833333963,speculative,UTC-anchored advancement event
shard-008,6223,2026-09-16T07:48:00.579322+00:00,0.7846765930667364,speculative,UTC-anchored advancement event
shard-009,7034,2026-09-16T07:48:41.812907+00:00,2.408586514583537,speculative,UTC-anchored advancement event
shard-008,6224,2026-09-16T07:48:43.756133+00:00,0.7132412916667817,speculative,UTC-anchored advancement event
shard-009,7035,2026-09-16T07:49:19.846801+00:00,0.620438115283226,speculative,UTC-anchored advancement event
shard-008,6225,2026-09-16T07:49:26.036603+00:00,0.6981946590167354,speculative,UTC-anchored advancement event
shard-008,6226,2026-09-16T07:50:07.072035+00:00,0.6709657992997866,speculative,UTC-anchored advancement event
shard-009,7036,2026-09-16T07:50:12.145394+00:00,0.8653550527667296,speculative,UTC-anchored advancement event
shard-008,6227,2026-09-16T07:50:54.915295+00:00,0.7907956826500595,speculative,UTC-anchored advancement event
shard-009,7037,2026-09-16T07:51:14.117208+00:00,1.0338686465166878,speculative,UTC-anchored advancement event
shard-008,6228,2026-09-16T07:51:39.928444+00:00,0.743837521533472,speculative,UTC-anchored advancement event
shard-009,7038,2026-09-16T07:52:12.090710+00:00,0.9523141638834204,speculative,UTC-anchored advancement event
shard-008,6229,2026-09-16T07:52:17.120665+00:00,0.6130732208332726,speculative,UTC-anchored advancement event
shard-009,7039,2026-09-16T07:52:46.345692+00:00,0.5645963902835016,speculative,UTC-anchored advancement event
shard-008,6230,2026-09-16T07:52:56.136636+00:00,0.6373084986167669,speculative,UTC-anchored advancement event
shard-009,7040,2026-09-16T07:53:22.466828+00:00,0.5953335812499669,speculative,UTC-anchored advancement event
shard-008,6231,2026-09-16T07:53:38.664236+00:00,0.70251145693328,speculative,UTC-anchored advancement event
shard-008,6232,2026-09-16T07:54:25.068790+00:00,0.7689532729168908,speculative,UTC-anchored advancement event
shard-009,7041,2026-09-16T07:54:25.068790+00:00,1.030742213200089,speculative,UTC-anchored advancement event
shard-009,7042,2026-09-16T07:55:04.664668+00:00,0.6490289381998688,speculative,UTC-anchored advancement event
shard-008,6233,2026-09-16T07:55:25.649846+00:00,0.9970748242999737,speculative,UTC-anchored advancement event
shard-009,7043,2026-09-16T07:55:41.505988+00:00,0.6004440451499249,speculative,UTC-anchored advancement event
shard-009,7044,2026-09-16T07:56:19.612203+00:00,0.62840557569992,speculative,UTC-anchored advancement event
shard-008,6234,2026-09-16T07:56:29.863764+00:00,1.063567885416463,speculative,UTC-anchored advancement event
shard-009,7045,2026-09-16T07:56:59.983924+00:00,0.6589054520833694,speculative,UTC-anchored advancement event
shard-008,6235,2026-09-16T07:57:09.778493+00:00,0.658649513199877,speculative,UTC-anchored advancement event
shard-009,7046,2026-09-16T07:57:38.487563+00:00,0.6421317104165306,speculative,UTC-anchored advancement event
shard-008,6236,2026-09-16T07:57:49.984935+00:00,0.6636804034666662,speculative,UTC-anchored advancement event
shard-009,7047,2026-09-16T07:58:14.134886+00:00,0.580412033333414,speculative,UTC-anchored advancement event
shard-008,6237,2026-09-16T07:58:56.969900+00:00,1.1097582895832603,speculative,UTC-anchored advancement event
shard-009,7048,2026-09-16T07:59:47.780879+00:00,1.554151484733302,speculative,UTC-anchored advancement event
shard-008,6238,2026-09-16T07:59:54.020005+00:00,0.9365793354166575,speculative,UTC-anchored advancement event
shard-009,7049,2026-09-16T08:00:14.521622+00:00,0.4389967215332338,speculative,UTC-anchored advancement event
shard-008,6239,2026-09-16T08:00:25.961859+00:00,0.525719346516659,speculative,UTC-anchored advancement event
shard-009,7050,2026-09-16T08:00:38.190577+00:00,0.38070665346676835,speculative,UTC-anchored advancement event
shard-009,7051,2026-09-16T08:01:09.382367+00:00,0.5131290736166799,speculative,UTC-anchored advancement event
shard-008,6240,2026-09-16T08:01:22.616119+00:00,0.937629088183409,speculative,UTC-anchored advancement event
shard-009,7052,2026-09-16T08:01:48.406342+00:00,0.6439256951334149,speculative,UTC-anchored advancement event
shard-008,6241,2026-09-16T08:02:18.347566+00:00,0.9157555548500871,speculative,UTC-anchored advancement event
shard-009,7053,2026-09-16T08:02:18.347566+00:00,0.49428115069992296,speculative,UTC-anchored advancement event
shard-009,7054,2026-09-16T08:02:59.889510+00:00,0.672742365966648,speculative,UTC-anchored advancement event
shard-009,7055,2026-09-16T08:04:44.947103+00:00,1.7442642708333247,speculative,UTC-anchored advancement event
shard-009,7056,2026-09-16T08:05:40.484406+00:00,0.9190702083331417,speculative,UTC-anchored advancement event
shard-009,7057,2026-09-16T08:07:18.452548+00:00,1.626244447916785,speculative,UTC-anchored advancement event
shard-008,6242,2026-09-16T08:08:15.339797+00:00,5.944000496533408,speculative,UTC-anchored advancement event
shard-008,6243,2026-09-16T08:09:14.577425+00:00,0.9768284104167833,speculative,UTC-anchored advancement event
shard-008,6244,2026-09-16T08:10:02.777131+00:00,0.7894062257000769,speculative,UTC-anchored advancement event
shard-008,6245,2026-09-16T08:10:32.820967+00:00,0.49384876179998777,speculative,UTC-anchored advancement event
shard-008,6246,2026-09-16T08:11:31.370292+00:00,0.9689659305498936,speculative,UTC-anchored advancement event
shard-009,7058,2026-09-16T08:11:46.308550+00:00,4.4576306722333054,speculative,UTC-anchored advancement event
shard-008,6247,2026-09-16T08:12:03.319815+00:00,0.519918864583451,speculative,UTC-anchored advancement event
shard-009,7059,2026-09-16T08:12:23.710322+00:00,0.6164410152833928,speculative,UTC-anchored advancement event
shard-008,6248,2026-09-16T08:12:35.818496+00:00,0.5422941020832999,speculative,UTC-anchored advancement event
shard-008,6249,2026-09-16T08:13:07.526087+00:00,0.5145152972167125,speculative,UTC-anchored advancement event
shard-008,6250,2026-09-16T08:13:31.547669+00:00,0.3934647187500862,speculative,UTC-anchored advancement event
shard-009,7060,2026-09-16T08:13:53.061598+00:00,1.482419090283171,speculative,UTC-anchored advancement event
shard-008,6251,2026-09-16T08:14:10.595703+00:00,0.644177136799893,speculative,UTC-anchored advancement event
shard-009,7061,2026-09-16T08:14:19.234244+00:00,0.42199002153332305,speculative,UTC-anchored advancement event
shard-009,7062,2026-09-16T08:14:49.144333+00:00,0.49182781458318153,speculative,UTC-anchored advancement event
shard-008,6252,2026-09-16T08:14:51.855315+00:00,0.6876490916666322,speculative,UTC-anchored advancement event
shard-008,6253,2026-09-16T08:15:29.529396+00:00,0.6144626909668053,speculative,UTC-anchored advancement event
shard-009,7063,2026-09-16T08:15:31.076117+00:00,0.6921895881833431,speculative,UTC-anchored advancement event
shard-008,6254,2026-09-16T08:16:11.518110+00:00,0.693028782633337,speculative,UTC-anchored advancement event
shard-009,7064,2026-09-16T08:16:13.506047+00:00,0.7004236284667665,speculative,UTC-anchored advancement event
shard-009,7065,2026-09-16T08:16:41.236755+00:00,0.4557210652834328,speculative,UTC-anchored advancement event
shard-008,6255,2026-09-16T08:16:54.614395+00:00,0.704291592350152,speculative,UTC-anchored advancement event
shard-009,7066,2026-09-16T08:17:07.948406+00:00,0.4455472500000421,speculative,UTC-anchored advancement event
shard-009,7067,2026-09-16T08:17:45.655375+00:00,0.6144510722333507,speculative,UTC-anchored advancement event
shard-008,6256,2026-09-16T08:17:53.140434+00:00,0.9687413333335523,speculative,UTC-anchored advancement event
shard-009,7068,2026-09-16T08:18:23.237972+00:00,0.6195073944499503,speculative,UTC-anchored advancement event
shard-008,6257,2026-09-16T08:18:25.176211+00:00,0.5274186249999426,speculative,UTC-anchored advancement event
shard-009,7069,2026-09-16T08:19:09.570440+00:00,0.7589862437501628,speculative,UTC-anchored advancement event
shard-009,7070,2026-09-16T08:19:48.866767+00:00,0.6479047069333319,speculative,UTC-anchored advancement event
shard-008,6258,2026-09-16T08:20:36.159118+00:00,2.1837883673668936,speculative,UTC-anchored advancement event
shard-009,7071,2026-09-16T08:20:53.701665+00:00,1.0739396007001536,speculative,UTC-anchored advancement event
shard-008,6259,2026-09-16T08:21:09.585153+00:00,0.5428230902832486,speculative,UTC-anchored advancement event
shard-008,6260,2026-09-16T08:21:38.251642+00:00,0.47099906111664797,speculative,UTC-anchored advancement event
shard-009,7072,2026-09-16T08:21:53.326173+00:00,0.9865745000000364,speculative,UTC-anchored advancement event
shard-008,6261,2026-09-16T08:22:05.639677+00:00,0.4426810826499908,speculative,UTC-anchored advancement event
shard-009,7073,2026-09-16T08:22:34.455540+00:00,0.6784481882001273,speculative,UTC-anchored advancement event
shard-008,6262,2026-09-16T08:22:51.300093+00:00,0.7616547409668176,speculative,UTC-anchored advancement event
shard-009,7074,2026-09-16T08:22:58.063545+00:00,0.38670201388352626,speculative,UTC-anchored advancement event
shard-008,6263,2026-09-16T08:23:28.195607+00:00,0.6002283416666614,speculative,UTC-anchored advancement event
shard-009,7075,2026-09-16T08:23:44.004700+00:00,0.7588661819332628,speculative,UTC-anchored advancement event
shard-009,7076,2026-09-16T08:24:09.792224+00:00,0.41505786389995286,speculative,UTC-anchored advancement event
shard-008,6264,2026-09-16T08:24:14.879509+00:00,0.7711358861165839,speculative,UTC-anchored advancement event
shard-009,7077,2026-09-16T08:24:41.446065+00:00,0.5207407256998219,speculative,UTC-anchored advancement event
shard-008,6265,2026-09-16T08:25:12.609847+00:00,0.9628691284832409,speculative,UTC-anchored advancement event
shard-009,7078,2026-09-16T08:25:25.319380+00:00,0.7242273951332512,speculative,UTC-anchored advancement event
shard-009,7079,2026-09-16T08:26:18.841163+00:00,0.8849208798499604,speculative,UTC-anchored advancement event
shard-008,6266,2026-09-16T08:27:37.809288+00:00,2.4056461284834465,speculative,UTC-anchored advancement event
shard-009,7080,2026-09-16T08:27:56.460463+00:00,1.6200431548667742,speculative,UTC-anchored advancement event
shard-009,7081,2026-09-16T08:28:34.590008+00:00,0.6283037638832563,speculative,UTC-anchored advancement event
shard-008,6267,2026-09-16T08:29:06.608348+00:00,1.465673009733291,speculative,UTC-anchored advancement event
shard-009,7082,2026-09-16T08:29:47.826317+00:00,1.2137368854166803,speculative,UTC-anchored advancement event
shard-008,6268,2026-09-16T08:29:51.760896+00:00,0.7383547138999954,speculative,UTC-anchored advancement event
shard-008,6269,2026-09-16T08:30:52.132636+00:00,0.9993768006999744,speculative,UTC-anchored advancement event
shard-009,7083,2026-09-16T08:31:00.704832+00:00,1.2144386125000892,speculative,UTC-anchored advancement event
shard-008,6270,2026-09-16T08:31:21.766415+00:00,0.4871685000000677,speculative,UTC-anchored advancement event
shard-008,6271,2026-09-16T08:32:10.472910+00:00,0.8047264680501637,speculative,UTC-anchored advancement event
shard-008,6272,2026-09-16T08:32:46.033292+00:00,0.5857413048666785,speculative,UTC-anchored advancement event
shard-008,6273,2026-09-16T08:33:14.167136+00:00,0.4549132694332608,speculative,UTC-anchored advancement event
shard-008,6274,2026-09-16T08:33:47.715932+00:00,0.552051845833436,speculative,UTC-anchored advancement event
shard-009,7084,2026-09-16T08:33:57.568134+00:00,2.9339986923499963,speculative,UTC-anchored advancement event
shard-008,6275,2026-09-16T08:34:14.663640+00:00,0.4489124847166143,speculative,UTC-anchored advancement event
shard-008,6276,2026-09-16T08:35:10.185029+00:00,0.9113622250001451,speculative,UTC-anchored advancement event
shard-009,7085,2026-09-16T08:35:36.527838+00:00,1.6424235284835353,speculative,UTC-anchored advancement event
shard-008,6277,2026-09-16T08:35:54.604720+00:00,0.7332174798500394,speculative,UTC-anchored advancement event
shard-009,7086,2026-09-16T08:36:28.754769+00:00,0.8634933027666799,speculative,UTC-anchored advancement event
shard-008,6278,2026-09-16T08:36:41.099302+00:00,0.7606885284668048,speculative,UTC-anchored advancement event
shard-009,7087,2026-09-16T08:37:19.090363+00:00,0.8318336076333556,speculative,UTC-anchored advancement event
shard-009,7088,2026-09-16T08:37:50.839505+00:00,0.5148714090166322,speculative,UTC-anchored advancement event
shard-009,7089,2026-09-16T08:38:24.393761+00:00,0.5521816117999454,speculative,UTC-anchored advancement event
shard-008,6279,2026-09-16T08:38:30.706172+00:00,1.8197606555499077,speculative,UTC-anchored advancement event
shard-009,7090,2026-09-16T08:38:46.514614+00:00,0.3617003222168326,speculative,UTC-anchored advancement event
shard-008,6280,2026-09-16T08:39:13.562912+00:00,0.7074558354164765,speculative,UTC-anchored advancement event
shard-009,7091,2026-09-16T08:39:23.408446+00:00,0.6002465701501933,speculative,UTC-anchored advancement event
shard-009,7092,2026-09-16T08:39:56.815635+00:00,0.5498794854167499,speculative,UTC-anchored advancement event
shard-009,7093,2026-09-16T08:40:36.798521+00:00,0.6522337381834707,speculative,UTC-anchored advancement event
shard-008,6281,2026-09-16T08:41:12.839330+00:00,1.9808421645834946,speculative,UTC-anchored advancement event
shard-009,7094,2026-09-16T08:41:15.595290+00:00,0.6393790347166941,speculative,UTC-anchored advancement event
shard-008,6282,2026-09-16T08:41:40.978169+00:00,0.46182570694994257,speculative,UTC-anchored advancement event
shard-009,7095,2026-09-16T08:41:57.332876+00:00,0.6887293041666757,speculative,UTC-anchored advancement event
shard-008,6283,2026-09-16T08:42:09.650582+00:00,0.46393679859999487,speculative,UTC-anchored advancement event
shard-008,6284,2026-09-16T08:42:38.318556+00:00,0.4708361472165658,speculative,UTC-anchored advancement event
shard-009,7096,2026-09-16T08:42:52.230063+00:00,0.9076420610998563,speculative,UTC-anchored advancement event
shard-009,7097,2026-09-16T08:43:21.251615+00:00,0.47654513750021577,speculative,UTC-anchored advancement event
shard-008,6285,2026-09-16T08:43:37.080555+00:00,0.9651481124999312,speculative,UTC-anchored advancement event
shard-009,7098,2026-09-16T08:43:50.441068+00:00,0.47914243820002106,speculative,UTC-anchored advancement event
shard-009,7099,2026-09-16T08:44:24.609808+00:00,0.554935565966783,speculative,UTC-anchored advancement event
shard-009,7100,2026-09-16T08:44:53.487669+00:00,0.47416663611656984,speculative,UTC-anchored advancement event
shard-009,7101,2026-09-16T08:45:16.462612+00:00,0.3756849854165921,speculative,UTC-anchored advancement event
shard-008,6286,2026-09-16T08:45:25.563203+00:00,1.801062948616891,speculative,UTC-anchored advancement event
shard-009,7102,2026-09-16T08:45:46.227288+00:00,0.48207961179990283,speculative,UTC-anchored advancement event
shard-008,6287,2026-09-16T08:46:23.275209+00:00,0.9548230847331676,speculative,UTC-anchored advancement event
shard-009,7103,2026-09-16T08:47:04.801969+00:00,1.3022928395832423,speculative,UTC-anchored advancement event
shard-008,6288,2026-09-16T08:47:35.316907+00:00,1.1936440270835496,speculative,UTC-anchored advancement event
shard-008,6289,2026-09-16T08:48:38.075220+00:00,1.0386259423668283,speculative,UTC-anchored advancement event
shard-009,7104,2026-09-16T08:48:39.649816+00:00,1.566286747216509,speculative,UTC-anchored advancement event
shard-009,7105,2026-09-16T08:50:02.329438+00:00,1.3643806020833533,speculative,UTC-anchored advancement event
shard-008,6290,2026-09-16T08:50:34.533358+00:00,1.9340313027833569,speculative,UTC-anchored advancement event
shard-008,6291,2026-09-16T08:51:26.720566+00:00,0.8627259069333377,speculative,UTC-anchored advancement event
shard-009,7106,2026-09-16T08:51:40.763253+00:00,1.633294754166612,speculative,UTC-anchored advancement event
shard-008,6292,2026-09-16T08:52:26.427177+00:00,0.9790769520831721,speculative,UTC-anchored advancement event
shard-009,7107,2026-09-16T08:52:33.887718+00:00,0.8778726173666656,speculative,UTC-anchored advancement event
shard-008,6293,2026-09-16T08:53:21.345509+00:00,0.9079880889000681,speculative,UTC-anchored advancement event
shard-009,7108,2026-09-16T08:54:41.713954+00:00,2.123680886116684,speculative,UTC-anchored advancement event
shard-008,6294,2026-09-16T08:55:25.817036+00:00,2.0600329798500754,speculative,UTC-anchored advancement event
shard-009,7109,2026-09-16T08:55:30.912449+00:00,0.8125302805499814,speculative,UTC-anchored advancement event
shard-008,6295,2026-09-16T08:55:59.084743+00:00,0.547439965983358,speculative,UTC-anchored advancement event
shard-008,6296,2026-09-16T08:56:32.623099+00:00,0.5515912006999618,speculative,UTC-anchored advancement event
shard-009,7110,2026-09-16T08:56:45.920533+00:00,1.2433176249998117,speculative,UTC-anchored advancement event
shard-009,7111,2026-09-16T08:57:15.724990+00:00,0.48974474098334514,speculative,UTC-anchored advancement event
shard-008,6297,2026-09-16T08:57:17.717921+00:00,0.7444657062498057,speculative,UTC-anchored advancement event
shard-009,7112,2026-09-16T08:57:51.507286+00:00,0.5824353458333159,speculative,UTC-anchored advancement event
shard-008,6298,2026-09-16T08:57:53.084017+00:00,0.5823484798667777,speculative,UTC-anchored advancement event
shard-009,7113,2026-09-16T08:58:16.446650+00:00,0.4087075083332214,speculative,UTC-anchored advancement event
shard-008,6299,2026-09-16T08:58:30.025442+00:00,0.602482489583296,speculative,UTC-anchored advancement event
shard-009,7114,2026-09-16T08:58:38.645736+00:00,0.3625036645833461,speculative,UTC-anchored advancement event
shard-008,6300,2026-09-16T08:59:08.522767+00:00,0.6343597569500464,speculative,UTC-anchored advancement event
shard-009,7115,2026-09-16T08:59:10.503110+00:00,0.5239269597334594,speculative,UTC-anchored advancement event
shard-008,6301,2026-09-16T08:59:51.343886+00:00,0.7000796902835039,speculative,UTC-anchored advancement event
shard-009,7116,2026-09-16T09:00:01.215931+00:00,0.8380907590333664,speculative,UTC-anchored advancement event
shard-008,6302,2026-09-16T09:00:31.863096+00:00,0.6678470312498879,speculative,UTC-anchored advancement event
shard-009,7117,2026-09-16T09:00:52.422612+00:00,0.8391985326498494,speculative,UTC-anchored advancement event
shard-008,6303,2026-09-16T09:01:06.968797+00:00,0.5777095194333621,speculative,UTC-anchored advancement event
shard-009,7118,2026-09-16T09:01:46.307111+00:00,0.8908466222167287,speculative,UTC-anchored advancement event
shard-008,6304,2026-09-16T09:02:30.025976+00:00,1.3771574319333013,speculative,UTC-anchored advancement event
shard-009,7119,2026-09-16T09:02:50.629421+00:00,1.0574958534666317,speculative,UTC-anchored advancement event
shard-008,6305,2026-09-16T09:03:15.754989+00:00,0.754561782633391,speculative,UTC-anchored advancement event
shard-009,7120,2026-09-16T09:03:41.650358+00:00,0.8430393861000387,speculative,UTC-anchored advancement event
shard-008,6306,2026-09-16T09:04:03.315247+00:00,0.777813184716797,speculative,UTC-anchored advancement event
shard-008,6307,2026-09-16T09:04:42.514010+00:00,0.6461478895832745,speculative,UTC-anchored advancement event
shard-009,7121,2026-09-16T09:05:01.772010+00:00,1.3278613639001076,speculative,UTC-anchored advancement event
shard-009,7122,2026-09-16T09:05:53.775735+00:00,0.8519424507001532,speculative,UTC-anchored advancement event
shard-008,6308,2026-09-16T09:06:21.358026+00:00,1.6401099583332932,speculative,UTC-anchored advancement event
shard-009,7123,2026-09-16T09:06:32.368206+00:00,0.6356894805498693,speculative,UTC-anchored advancement event
shard-009,7124,2026-09-16T09:07:17.274813+00:00,0.7341618951332445,speculative,UTC-anchored advancement event
shard-009,7125,2026-09-16T09:07:39.032327+00:00,0.3552099270833423,speculative,UTC-anchored advancement event
shard-008,6309,2026-09-16T09:07:42.966512+00:00,1.3529688180664379,speculative,UTC-anchored advancement event
shard-009,7126,2026-09-16T09:08:12.817705+00:00,0.5634391097332506,speculative,UTC-anchored advancement event
shard-008,6310,2026-09-16T09:08:38.625667+00:00,0.9206597555501503,speculative,UTC-anchored advancement event
shard-008,6311,2026-09-16T09:09:08.635237+00:00,0.49270139653332684,speculative,UTC-anchored advancement event
shard-008,6312,2026-09-16T09:09:38.350425+00:00,0.48803643820016684,speculative,UTC-anchored advancement event
shard-008,6313,2026-09-16T09:10:34.963275+00:00,0.9289725069332538,speculative,UTC-anchored advancement event
shard-009,7127,2026-09-16T09:11:30.085562+00:00,3.2729134263834565,speculative,UTC-anchored advancement event
shard-008,6314,2026-09-16T09:12:08.580732+00:00,1.5528486958333816,speculative,UTC-anchored advancement event
shard-008,6315,2026-09-16T09:13:00.896473+00:00,0.8719353374998415,speculative,UTC-anchored advancement event
shard-009,7128,2026-09-16T09:14:03.532337+00:00,2.5500491124999827,speculative,UTC-anchored advancement event
shard-008,6316,2026-09-16T09:14:05.153182+00:00,1.0558101708331378,speculative,UTC-anchored advancement event
shard-008,6317,2026-09-16T09:14:35.277499+00:00,0.49385651458336116,speculative,UTC-anchored advancement event
shard-009,7129,2026-09-16T09:15:14.196916+00:00,1.1702789513998142,speculative,UTC-anchored advancement event
shard-009,7130,2026-09-16T09:16:34.171923+00:00,1.325359531933403,speculative,UTC-anchored advancement event
shard-009,7131,2026-09-16T09:17:20.545217+00:00,0.7652106451333869,speculative,UTC-anchored advancement event
shard-008,6318,2026-09-16T09:17:46.302338+00:00,3.1690537514000123,speculative,UTC-anchored advancement event
shard-008,6319,2026-09-16T09:18:30.762736+00:00,0.7335486361000221,speculative,UTC-anchored advancement event
shard-009,7132,2026-09-16T09:18:54.875343+00:00,1.5573854006831729,speculative,UTC-anchored advancement event
shard-008,6320,2026-09-16T09:19:04.659125+00:00,0.5572474006999982,speculative,UTC-anchored advancement event
shard-008,6321,2026-09-16T09:19:40.026993+00:00,0.5748801798499092,speculative,UTC-anchored advancement event
shard-009,7133,2026-09-16T09:19:53.481364+00:00,0.9692453514001197,speculative,UTC-anchored advancement event
shard-008,6322,2026-09-16T09:20:02.127359+00:00,0.3605982617998961,speculative,UTC-anchored advancement event
shard-008,6323,2026-09-16T09:20:28.012251+00:00,0.4188940291666465,speculative,UTC-anchored advancement event
shard-009,7134,2026-09-16T09:20:28.012251+00:00,0.5680039090167459,speculative,UTC-anchored advancement event
shard-009,7135,2026-09-16T09:21:03.167747+00:00,0.574232963899946,speculative,UTC-anchored advancement event
shard-008,6324,2026-09-16T09:21:05.956379+00:00,0.6184562750000623,speculative,UTC-anchored advancement event
shard-009,7136,2026-09-16T09:21:40.130709+00:00,0.6085979229166696,speculative,UTC-anchored advancement event
shard-008,6325,2026-09-16T09:21:52.483031+00:00,0.7612314340331068,speculative,UTC-anchored advancement event
shard-009,7137,2026-09-16T09:22:32.984278+00:00,0.8732565562497864,speculative,UTC-anchored advancement event
shard-008,6326,2026-09-16T09:22:38.566010+00:00,0.7605083610998311,speculative,UTC-anchored advancement event
shard-009,7138,2026-09-16T09:23:19.362809+00:00,0.7584075819499655,speculative,UTC-anchored advancement event
shard-008,6327,2026-09-16T09:23:20.995968+00:00,0.699883127083255,speculative,UTC-anchored advancement event
shard-008,6328,2026-09-16T09:24:02.734272+00:00,0.6881141694332958,speculative,UTC-anchored advancement event
shard-009,7139,2026-09-16T09:24:17.834002+00:00,0.9668255930502103,speculative,UTC-anchored advancement event
shard-009,7140,2026-09-16T09:24:56.403151+00:00,0.6351921979165733,speculative,UTC-anchored advancement event
shard-008,6329,2026-09-16T09:25:38.060057+00:00,1.5746107027667071,speculative,UTC-anchored advancement event
shard-009,7141,2026-09-16T09:25:38.060057+00:00,0.689289728483224,speculative,UTC-anchored advancement event
shard-009,7142,2026-09-16T09:26:13.993654+00:00,0.5769252659833001,speculative,UTC-anchored advancement event
shard-008,6330,2026-09-16T09:26:58.010067+00:00,1.3137158451335078,speculative,UTC-anchored advancement event
shard-009,7143,2026-09-16T09:26:58.010067+00:00,0.7284454187499553,speculative,UTC-anchored advancement event
shard-009,7144,2026-09-16T09:28:04.702111+00:00,1.0900828840167378,speculative,UTC-anchored advancement event
shard-009,7145,2026-09-16T09:28:59.396698+00:00,0.9039320395832571,speculative,UTC-anchored advancement event
shard-009,7146,2026-09-16T09:29:36.248070+00:00,0.6065981694332246,speculative,UTC-anchored advancement event
shard-009,7147,2026-09-16T09:30:10.363707+00:00,0.5537384611166393,speculative,UTC-anchored advancement event
shard-009,7148,2026-09-16T09:31:11.372985+00:00,1.0091308458334727,speculative,UTC-anchored advancement event
shard-009,7149,2026-09-16T09:32:11.339565+00:00,0.9915873791665945,speculative,UTC-anchored advancement event
shard-009,7150,2026-09-16T09:35:07.711868+00:00,2.9229739625002065,speculative,UTC-anchored advancement event
shard-008,6331,2026-09-16T09:35:21.326005+00:00,8.374951847216774,speculative,UTC-anchored advancement event
shard-009,7151,2026-09-16T09:35:46.790887+00:00,0.6431848110999757,speculative,UTC-anchored advancement event
shard-008,6332,2026-09-16T09:36:37.716926+00:00,1.2612762277666965,speculative,UTC-anchored advancement event
shard-009,7152,2026-09-16T09:37:26.637321+00:00,1.6489339638998597,speculative,UTC-anchored advancement event
shard-008,6333,2026-09-16T09:37:36.452108+00:00,0.9710285166666532,speculative,UTC-anchored advancement event
shard-009,7153,2026-09-16T09:38:07.510942+00:00,0.673625116666517,speculative,UTC-anchored advancement event
shard-008,6334,2026-09-16T09:38:54.776393+00:00,1.2980549916666253,speculative,UTC-anchored advancement event
shard-009,7154,2026-09-16T09:39:07.172579+00:00,0.9790997882000132,speculative,UTC-anchored advancement event
shard-008,6335,2026-09-16T09:39:34.726895+00:00,0.6578471381998194,speculative,UTC-anchored advancement event
shard-008,6336,2026-09-16T09:40:05.386618+00:00,0.49589463263352324,speculative,UTC-anchored advancement event
shard-008,6337,2026-09-16T09:40:26.072041+00:00,0.3371057854167399,speculative,UTC-anchored advancement event
shard-009,7155,2026-09-16T09:40:51.265077+00:00,1.7271590729166444,speculative,UTC-anchored advancement event
shard-008,6338,2026-09-16T09:40:52.901620+00:00,0.4392958770833502,speculative,UTC-anchored advancement event
shard-008,6339,2026-09-16T09:41:27.030517+00:00,0.5545876909833168,speculative,UTC-anchored advancement event
shard-009,7156,2026-09-16T09:41:34.684057+00:00,0.7158667583333833,speculative,UTC-anchored advancement event
shard-008,6340,2026-09-16T09:41:49.436184+00:00,0.36392777568325985,speculative,UTC-anchored advancement event
shard-008,6341,2026-09-16T09:42:26.014834+00:00,0.6019653263834092,speculative,UTC-anchored advancement event
shard-009,7157,2026-09-16T09:42:35.910901+00:00,1.01301034374992,speculative,UTC-anchored advancement event
shard-008,6342,2026-09-16T09:42:48.290599+00:00,0.36340629306675204,speculative,UTC-anchored advancement event
shard-008,6343,2026-09-16T09:43:23.017114+00:00,0.570929686116627,speculative,UTC-anchored advancement event
shard-009,7158,2026-09-16T09:43:28.634703+00:00,0.8709788756833101,speculative,UTC-anchored advancement event
shard-008,6344,2026-09-16T09:43:47.007258+00:00,0.3850536583333451,speculative,UTC-anchored advancement event
shard-009,7159,2026-09-16T09:44:08.856475+00:00,0.662659212500148,speculative,UTC-anchored advancement event
shard-008,6345,2026-09-16T09:44:24.002175+00:00,0.6087622777665577,speculative,UTC-anchored advancement event
shard-008,6346,2026-09-16T09:44:48.149763+00:00,0.39458842430006674,speculative,UTC-anchored advancement event
shard-009,7160,2026-09-16T09:44:49.775931+00:00,0.6741840319501837,speculative,UTC-anchored advancement event
shard-008,6347,2026-09-16T09:45:22.037123+00:00,0.5583886159668813,speculative,UTC-anchored advancement event
shard-009,7161,2026-09-16T09:45:22.037123+00:00,0.5332010750001549,speculative,UTC-anchored advancement event
shard-009,7162,2026-09-16T09:45:49.648450+00:00,0.4378506291667387,speculative,UTC-anchored advancement event
shard-008,6348,2026-09-16T09:46:04.335916+00:00,0.6849620722333687,speculative,UTC-anchored advancement event
shard-009,7163,2026-09-16T09:46:36.546247+00:00,0.7809767173666236,speculative,UTC-anchored advancement event
shard-008,6349,2026-09-16T09:46:46.926889+00:00,0.7021457617998142,speculative,UTC-anchored advancement event
shard-009,7164,2026-09-16T09:47:29.043011+00:00,0.859785248599898,speculative,UTC-anchored advancement event
shard-008,6350,2026-09-16T09:47:33.074824+00:00,0.7614316194500134,speculative,UTC-anchored advancement event
shard-009,7165,2026-09-16T09:48:20.124606+00:00,0.8433093638833573,speculative,UTC-anchored advancement event
shard-009,7166,2026-09-16T09:49:11.173972+00:00,0.8429920791665305,speculative,UTC-anchored advancement event
shard-009,7167,2026-09-16T09:49:58.575389+00:00,0.7823106541664553,speculative,UTC-anchored advancement event
shard-009,7168,2026-09-16T09:51:10.085917+00:00,1.184185181249874,speculative,UTC-anchored advancement event
shard-009,7169,2026-09-16T09:52:02.884805+00:00,0.8720460763834126,speculative,UTC-anchored advancement event
shard-009,7170,2026-09-16T09:52:55.806856+00:00,0.8740397951332852,speculative,UTC-anchored advancement event
shard-008,6351,2026-09-16T09:55:26.042907+00:00,7.874733786116849,speculative,UTC-anchored advancement event
shard-009,7171,2026-09-16T09:55:37.335967+00:00,2.681756809016709,speculative,UTC-anchored advancement event
shard-008,6352,2026-09-16T09:56:04.950728+00:00,0.6361782687500332,speculative,UTC-anchored advancement event
shard-009,7172,2026-09-16T09:56:28.982720+00:00,0.8529311201333863,speculative,UTC-anchored advancement event
shard-008,6353,2026-09-16T09:56:35.843098+00:00,0.5069580409831057,speculative,UTC-anchored advancement event
shard-008,6354,2026-09-16T09:56:58.970830+00:00,0.37772852221654224,speculative,UTC-anchored advancement event
shard-008,6355,2026-09-16T09:57:28.984170+00:00,0.4921187937499781,speculative,UTC-anchored advancement event
shard-009,7173,2026-09-16T09:57:30.611460+00:00,1.0183645659834535,speculative,UTC-anchored advancement event
shard-008,6356,2026-09-16T09:58:08.326383+00:00,0.6482024152666175,speculative,UTC-anchored advancement event
shard-009,7174,2026-09-16T09:58:58.265827+00:00,1.446454107650061,speculative,UTC-anchored advancement event
shard-008,6357,2026-09-16T09:59:38.676464+00:00,1.497850188199906,speculative,UTC-anchored advancement event
shard-008,6358,2026-09-16T10:00:37.939456+00:00,0.9717841833332689,speculative,UTC-anchored advancement event
shard-009,7175,2026-09-16T10:01:18.798532+00:00,2.334343303466691,speculative,UTC-anchored advancement event
shard-009,7176,2026-09-16T10:02:46.393710+00:00,1.451769589583273,speculative,UTC-anchored advancement event
shard-009,7177,2026-09-16T10:04:03.066428+00:00,1.2700490131831126,speculative,UTC-anchored advancement event
shard-008,6359,2026-09-16T10:04:59.430158+00:00,4.3501790618000085,speculative,UTC-anchored advancement event
shard-008,6360,2026-09-16T10:05:28.600229+00:00,0.4780445486166476,speculative,UTC-anchored advancement event
shard-009,7178,2026-09-16T10:05:52.605933+00:00,1.817495806949834,speculative,UTC-anchored advancement event
shard-008,6361,2026-09-16T10:05:55.900532+00:00,0.44711370276660695,speculative,UTC-anchored advancement event
shard-008,6362,2026-09-16T10:06:40.479748+00:00,0.7351759861167617,speculative,UTC-anchored advancement event
shard-008,6363,2026-09-16T10:07:44.422670+00:00,1.057525234016551,speculative,UTC-anchored advancement event
shard-008,6364,2026-09-16T10:08:45.863361+00:00,1.0091549020832948,speculative,UTC-anchored advancement event
shard-008,6365,2026-09-16T10:09:41.405910+00:00,0.9175346867998694,speculative,UTC-anchored advancement event
shard-009,7179,2026-09-16T10:10:00.849644+00:00,4.122048998616568,speculative,UTC-anchored advancement event
shard-008,6366,2026-09-16T10:10:45.997121+00:00,1.0686475944334233,speculative,UTC-anchored advancement event
shard-009,7180,2026-09-16T10:11:16.130405+00:00,1.236717050000152,speculative,UTC-anchored advancement event
shard-008,6367,2026-09-16T10:11:22.489736+00:00,0.6000570583331865,speculative,UTC-anchored advancement event
shard-008,6368,2026-09-16T10:11:59.074291+00:00,0.5949689867998434,speculative,UTC-anchored advancement event
shard-008,6369,2026-09-16T10:12:29.155199+00:00,0.4932076597166694,speculative,UTC-anchored advancement event
shard-008,6370,2026-09-16T10:12:51.911422+00:00,0.37124800486684156,speculative,UTC-anchored advancement event
shard-008,6371,2026-09-16T10:13:33.452032+00:00,0.691651649299941,speculative,UTC-anchored advancement event
shard-009,7181,2026-09-16T10:13:44.967997+00:00,2.4723638541666637,speculative,UTC-anchored advancement event
shard-009,7182,2026-09-16T10:14:15.300995+00:00,0.4976622277831969,speculative,UTC-anchored advancement event
shard-008,6372,2026-09-16T10:14:18.132234+00:00,0.729316309033311,speculative,UTC-anchored advancement event
shard-009,7183,2026-09-16T10:14:54.856829+00:00,0.6513019590332988,speculative,UTC-anchored advancement event
shard-008,6373,2026-09-16T10:15:08.413327+00:00,0.8228644895832986,speculative,UTC-anchored advancement event
shard-009,7184,2026-09-16T10:15:37.213900+00:00,0.6976921868001227,speculative,UTC-anchored advancement event
shard-008,6374,2026-09-16T10:15:57.809548+00:00,0.8151937277667457,speculative,UTC-anchored advancement event
shard-009,7185,2026-09-16T10:16:05.867039+00:00,0.4693811743001182,speculative,UTC-anchored advancement event
shard-008,6375,2026-09-16T10:16:37.377781+00:00,0.6435985124999812,speculative,UTC-anchored advancement event
shard-009,7186,2026-09-16T10:16:42.603052+00:00,0.6044271256997793,speculative,UTC-anchored advancement event
shard-009,7187,2026-09-16T10:17:25.121789+00:00,0.6943349541666975,speculative,UTC-anchored advancement event
shard-008,6376,2026-09-16T10:17:36.261079+00:00,0.9731937812500594,speculative,UTC-anchored advancement event
shard-009,7188,2026-09-16T10:18:10.962670+00:00,0.7556691854166274,speculative,UTC-anchored advancement event
shard-009,7189,2026-09-16T10:18:56.156168+00:00,0.7451074750000165,speculative,UTC-anchored advancement event
shard-009,7190,2026-09-16T10:20:11.872745+00:00,1.2463592805499502,speculative,UTC-anchored advancement event
shard-009,7191,2026-09-16T10:20:48.010485+00:00,0.5940763569332679,speculative,UTC-anchored advancement event
shard-008,6377,2026-09-16T10:21:31.012289+00:00,3.904185440283133,speculative,UTC-anchored advancement event
shard-009,7192,2026-09-16T10:21:33.058280+00:00,0.7423728291665611,speculative,UTC-anchored advancement event
shard-009,7193,2026-09-16T10:22:25.921255+00:00,0.8731696139000026,speculative,UTC-anchored advancement event
shard-009,7194,2026-09-16T10:23:18.122427+00:00,0.8616779687501548,speculative,UTC-anchored advancement event
shard-008,6378,2026-09-16T10:23:40.878132+00:00,2.150037878466537,speculative,UTC-anchored advancement event
shard-008,6379,2026-09-16T10:24:06.876623+00:00,0.4176163583334225,speculative,UTC-anchored advancement event
shard-009,7195,2026-09-16T10:24:50.909511+00:00,1.5384493110999755,speculative,UTC-anchored advancement event
shard-008,6380,2026-09-16T10:24:56.105725+00:00,0.8120587812501374,speculative,UTC-anchored advancement event
shard-009,7196,2026-09-16T10:25:20.163825+00:00,0.4868832958333466,speculative,UTC-anchored advancement event
shard-008,6381,2026-09-16T10:25:37.835629+00:00,0.687686502783375,speculative,UTC-anchored advancement event
shard-009,7197,2026-09-16T10:25:59.680341+00:00,0.6428445791668006,speculative,UTC-anchored advancement event
shard-009,7198,2026-09-16T10:27:16.525247+00:00,1.272533225700075,speculative,UTC-anchored advancement event
shard-009,7199,2026-09-16T10:28:47.707654+00:00,1.5038613242999417,speculative,UTC-anchored advancement event
shard-008,6382,2026-09-16T10:28:54.141136+00:00,3.2633683430666376,speculative,UTC-anchored advancement event
shard-008,6383,2026-09-16T10:29:38.658024+00:00,0.7337843229167144,speculative,UTC-anchored advancement event
shard-008,6384,2026-09-16T10:30:45.941654+00:00,1.1064138465332993,speculative,UTC-anchored advancement event
shard-008,6385,2026-09-16T10:32:09.574049+00:00,1.3853065229166532,speculative,UTC-anchored advancement event
shard-008,6386,2026-09-16T10:33:04.632582+00:00,0.9094765319501069,speculative,UTC-anchored advancement event
shard-008,6387,2026-09-16T10:33:54.519399+00:00,0.830746006250168,speculative,UTC-anchored advancement event
shard-009,7200,2026-09-16T10:37:04.923632+00:00,8.284890180549944,speculative,UTC-anchored advancement event
shard-008,6388,2026-09-16T10:37:17.452090+00:00,3.361648833333311,speculative,UTC-anchored advancement event
shard-008,6389,2026-09-16T10:38:11.560760+00:00,0.8934936979164679,speculative,UTC-anchored advancement event
shard-008,6390,2026-09-16T10:39:24.575740+00:00,1.2083771833332624,speculative,UTC-anchored advancement event
shard-008,6391,2026-09-16T10:39:58.312748+00:00,0.5539695750000343,speculative,UTC-anchored advancement event
shard-008,6392,2026-09-16T10:40:34.157781+00:00,0.5889714465166132,speculative,UTC-anchored advancement event
shard-009,7201,2026-09-16T10:40:42.193547+00:00,3.607728318750014,speculative,UTC-anchored advancement event
shard-008,6393,2026-09-16T10:41:07.731515+00:00,0.5437681965333467,speculative,UTC-anchored advancement event
shard-008,6394,2026-09-16T10:41:36.753840+00:00,0.4751044194332887,speculative,UTC-anchored advancement event
shard-008,6395,2026-09-16T10:42:20.554820+00:00,0.72184887500019,speculative,UTC-anchored advancement event
shard-009,7202,2026-09-16T10:42:28.163239+00:00,1.7579626382001152,speculative,UTC-anchored advancement event
shard-008,6396,2026-09-16T10:43:09.221191+00:00,0.8028274562498458,speculative,UTC-anchored advancement event
shard-008,6397,2026-09-16T10:44:00.493735+00:00,0.8459291930499603,speculative,UTC-anchored advancement event
shard-009,7203,2026-09-16T10:44:20.478539+00:00,1.8637401840166907,speculative,UTC-anchored advancement event
shard-008,6398,2026-09-16T10:44:57.699128+00:00,0.9379600569499114,speculative,UTC-anchored advancement event
shard-009,7204,2026-09-16T10:45:24.180496+00:00,1.0533614249999421,speculative,UTC-anchored advancement event
shard-008,6399,2026-09-16T10:45:40.105818+00:00,0.7063271388833527,speculative,UTC-anchored advancement event
shard-009,7205,2026-09-16T10:46:10.846281+00:00,0.7693481249999119,speculative,UTC-anchored advancement event
shard-008,6400,2026-09-16T10:46:36.234976+00:00,0.9194823652668371,speculative,UTC-anchored advancement event
shard-009,7206,2026-09-16T10:46:37.932392+00:00,0.4430586673501239,speculative,UTC-anchored advancement event
shard-009,7207,2026-09-16T10:47:10.992061+00:00,0.5360195854167008,speculative,UTC-anchored advancement event
shard-008,6401,2026-09-16T10:47:15.063576+00:00,0.6387748451333513,speculative,UTC-anchored advancement event
shard-009,7208,2026-09-16T10:47:39.283384+00:00,0.4629607902832504,speculative,UTC-anchored advancement event
shard-008,6402,2026-09-16T10:47:58.702192+00:00,0.7191154812499008,speculative,UTC-anchored advancement event
shard-009,7209,2026-09-16T10:48:05.617118+00:00,0.4304813479165508,speculative,UTC-anchored advancement event
shard-008,6403,2026-09-16T10:48:20.508670+00:00,0.3470539145833754,speculative,UTC-anchored advancement event
shard-009,7210,2026-09-16T10:48:29.339198+00:00,0.3869123722164659,speculative,UTC-anchored advancement event
shard-008,6404,2026-09-16T10:48:42.976748+00:00,0.36584864861676275,speculative,UTC-anchored advancement event
shard-009,7211,2026-09-16T10:49:08.995384+00:00,0.6527216923665643,speculative,UTC-anchored advancement event
shard-008,6405,2026-09-16T10:49:29.774948+00:00,0.7639516208332983,speculative,UTC-anchored advancement event
shard-009,7212,2026-09-16T10:49:46.869281+00:00,0.622396037499857,speculative,UTC-anchored advancement event
shard-008,6406,2026-09-16T10:50:17.655309+00:00,0.7896104479164933,speculative,UTC-anchored advancement event
shard-009,7213,2026-09-16T10:50:33.686875+00:00,0.7638810312501543,speculative,UTC-anchored advancement event
shard-009,7214,2026-09-16T10:51:12.971422+00:00,0.6463256812499215,speculative,UTC-anchored advancement event
shard-009,7215,2026-09-16T10:51:54.543441+00:00,0.6844614430500466,speculative,UTC-anchored advancement event
shard-009,7216,2026-09-16T10:52:38.329213+00:00,0.7136554965332228,speculative,UTC-anchored advancement event
shard-009,7217,2026-09-16T10:53:05.029618+00:00,0.4364161062500595,speculative,UTC-anchored advancement event
shard-008,6407,2026-09-16T10:53:16.304599+00:00,2.9688573402667924,speculative,UTC-anchored advancement event
shard-009,7218,2026-09-16T10:53:27.546006+00:00,0.3666097999999086,speculative,UTC-anchored advancement event
shard-008,6408,2026-09-16T10:53:48.899686+00:00,0.5348058472164363,speculative,UTC-anchored advancement event
shard-009,7219,2026-09-16T10:53:51.822000+00:00,0.3886697388831332,speculative,UTC-anchored advancement event
shard-009,7220,2026-09-16T10:54:14.804615+00:00,0.37460355903337283,speculative,UTC-anchored advancement event
shard-008,6409,2026-09-16T10:54:16.967125+00:00,0.458914645150071,speculative,UTC-anchored advancement event
shard-009,7221,2026-09-16T10:54:38.940363+00:00,0.38631723679985347,speculative,UTC-anchored advancement event
shard-008,6410,2026-09-16T10:54:51.351422+00:00,0.5648372722166338,speculative,UTC-anchored advancement event
shard-009,7222,2026-09-16T10:55:22.550142+00:00,0.7181188583332793,speculative,UTC-anchored advancement event
shard-008,6411,2026-09-16T10:56:36.070771+00:00,1.7369828798667488,speculative,UTC-anchored advancement event
shard-009,7223,2026-09-16T10:59:55.419296+00:00,4.531779018749997,speculative,UTC-anchored advancement event
shard-008,6412,2026-09-16T11:00:23.076200+00:00,3.7745383972168685,speculative,UTC-anchored advancement event
shard-008,6413,2026-09-16T11:01:34.413899+00:00,1.1726796937500088,speculative,UTC-anchored advancement event
shard-009,7224,2026-09-16T11:02:13.916564+00:00,2.299820163883366,speculative,UTC-anchored advancement event
shard-008,6414,2026-09-16T11:02:52.158864+00:00,1.2870250298665875,speculative,UTC-anchored advancement event
shard-009,7225,2026-09-16T11:03:14.011479+00:00,0.9930006402665943,speculative,UTC-anchored advancement event
shard-008,6415,2026-09-16T11:03:30.609553+00:00,0.6323513937498016,speculative,UTC-anchored advancement event
shard-008,6416,2026-09-16T11:04:11.376115+00:00,0.6704467895833659,speculative,UTC-anchored advancement event
shard-008,6417,2026-09-16T11:04:41.398550+00:00,0.49172294513336967,speculative,UTC-anchored advancement event
shard-009,7226,2026-09-16T11:04:57.853098+00:00,1.7141869944498467,speculative,UTC-anchored advancement event
shard-008,6418,2026-09-16T11:05:11.624841+00:00,0.48778439651675093,speculative,UTC-anchored advancement event
shard-009,7227,2026-09-16T11:05:44.084891+00:00,0.7616059034667463,speculative,UTC-anchored advancement event
shard-008,6419,2026-09-16T11:06:04.738685+00:00,0.8764890027833947,speculative,UTC-anchored advancement event
shard-009,7228,2026-09-16T11:06:23.676088+00:00,0.6512545097333108,speculative,UTC-anchored advancement event
shard-008,6420,2026-09-16T11:06:42.124729+00:00,0.6068352430668408,speculative,UTC-anchored advancement event
shard-008,6421,2026-09-16T11:07:21.545996+00:00,0.6483514548500049,speculative,UTC-anchored advancement event
shard-009,7229,2026-09-16T11:07:23.261763+00:00,0.9910712013833594,speculative,UTC-anchored advancement event
shard-008,6422,2026-09-16T11:08:04.756126+00:00,0.7115302562500195,speculative,UTC-anchored advancement event
shard-008,6423,2026-09-16T11:08:41.878987+00:00,0.6099665944498459,speculative,UTC-anchored advancement event
shard-009,7230,2026-09-16T11:09:16.578191+00:00,1.873231920133306,speculative,UTC-anchored advancement event
shard-008,6424,2026-09-16T11:09:24.668256+00:00,0.7044573465333087,speculative,UTC-anchored advancement event
shard-009,7231,2026-09-16T11:09:52.649096+00:00,0.5851147562498227,speculative,UTC-anchored advancement event
shard-008,6425,2026-09-16T11:10:03.867074+00:00,0.6449154576500101,speculative,UTC-anchored advancement event
shard-009,7232,2026-09-16T11:10:32.765634+00:00,0.6670527354168977,speculative,UTC-anchored advancement event
shard-008,6426,2026-09-16T11:10:48.039974+00:00,0.7277212784834167,speculative,UTC-anchored advancement event
shard-009,7233,2026-09-16T11:11:04.064485+00:00,0.505715714583251,speculative,UTC-anchored advancement event
shard-009,7234,2026-09-16T11:11:31.760211+00:00,0.4528852062498724,speculative,UTC-anchored advancement event
shard-008,6427,2026-09-16T11:12:03.680179+00:00,1.2518748041669217,speculative,UTC-anchored advancement event
shard-009,7235,2026-09-16T11:12:11.331234+00:00,0.6435587958335721,speculative,UTC-anchored advancement event
shard-009,7236,2026-09-16T11:12:53.518659+00:00,0.6946945027836288,speculative,UTC-anchored advancement event
shard-008,6428,2026-09-16T11:13:03.563558+00:00,0.9891455777833471,speculative,UTC-anchored advancement event
shard-009,7237,2026-09-16T11:13:30.778454+00:00,0.6121013520833609,speculative,UTC-anchored advancement event
shard-008,6429,2026-09-16T11:13:48.055471+00:00,0.7256174013998437,speculative,UTC-anchored advancement event
shard-009,7238,2026-09-16T11:14:12.078621+00:00,0.6793626048665222,speculative,UTC-anchored advancement event
shard-008,6430,2026-09-16T11:14:35.104207+00:00,0.775495489583409,speculative,UTC-anchored advancement event
shard-009,7239,2026-09-16T11:14:56.504252+00:00,0.7316142486165821,speculative,UTC-anchored advancement event
shard-009,7240,2026-09-16T11:15:33.805251+00:00,0.6125521458336152,speculative,UTC-anchored advancement event
shard-008,6431,2026-09-16T11:15:48.489926+00:00,1.2058251618000213,speculative,UTC-anchored advancement event
shard-009,7241,2026-09-16T11:16:28.764971+00:00,0.9074032611000197,speculative,UTC-anchored advancement event
shard-009,7242,2026-09-16T11:16:51.842984+00:00,0.375514861800184,speculative,UTC-anchored advancement event
shard-009,7243,2026-09-16T11:17:18.295658+00:00,0.43207102499970157,speculative,UTC-anchored advancement event
shard-009,7244,2026-09-16T11:17:39.990562+00:00,0.35277935971680563,speculative,UTC-anchored advancement event
shard-009,7245,2026-09-16T11:18:03.528216+00:00,0.37603466041667466,speculative,UTC-anchored advancement event
shard-008,6432,2026-09-16T11:18:17.176701+00:00,2.4615867541666376,speculative,UTC-anchored advancement event
shard-009,7246,2026-09-16T11:18:27.230557+00:00,0.38611381390025296,speculative,UTC-anchored advancement event
shard-009,7247,2026-09-16T11:19:13.135911+00:00,0.7633974729164038,speculative,UTC-anchored advancement event
shard-008,6433,2026-09-16T11:19:22.402613+00:00,1.0781134416664524,speculative,UTC-anchored advancement event
shard-009,7248,2026-09-16T11:19:45.576638+00:00,0.5247409729165763,speculative,UTC-anchored advancement event
shard-009,7249,2026-09-16T11:20:29.863871+00:00,0.7290838361164788,speculative,UTC-anchored advancement event
shard-008,6434,2026-09-16T11:20:59.436354+00:00,1.6084959076334295,speculative,UTC-anchored advancement event
shard-008,6435,2026-09-16T11:22:01.613934+00:00,1.0272278868001499,speculative,UTC-anchored advancement event
shard-008,6436,2026-09-16T11:22:46.907883+00:00,0.7460661791662763,speculative,UTC-anchored advancement event
shard-009,7250,2026-09-16T11:23:45.090142+00:00,3.24469912568311,speculative,UTC-anchored advancement event
shard-009,7251,2026-09-16T11:24:25.407257+00:00,0.6557009798663784,speculative,UTC-anchored advancement event
shard-009,7252,2026-09-16T11:25:10.785014+00:00,0.7470373604165312,speculative,UTC-anchored advancement event
shard-009,7253,2026-09-16T11:25:47.160598+00:00,0.6050468305499331,speculative,UTC-anchored advancement event
shard-008,6437,2026-09-16T11:25:55.307575+00:00,3.1311566270834494,speculative,UTC-anchored advancement event
shard-008,6438,2026-09-16T11:26:39.033154+00:00,0.7182443187499302,speculative,UTC-anchored advancement event
shard-009,7254,2026-09-16T11:26:40.775168+00:00,0.8768139666664259,speculative,UTC-anchored advancement event
shard-008,6439,2026-09-16T11:27:05.647922+00:00,0.4348332180665845,speculative,UTC-anchored advancement event
shard-009,7255,2026-09-16T11:27:27.588183+00:00,0.7653047312502167,speculative,UTC-anchored advancement event
shard-009,7256,2026-09-16T11:28:10.590880+00:00,0.7077380152831514,speculative,UTC-anchored advancement event
shard-008,6440,2026-09-16T11:28:18.219044+00:00,1.2072010347168542,speculative,UTC-anchored advancement event
shard-009,7257,2026-09-16T11:28:47.816287+00:00,0.6115630097333148,speculative,UTC-anchored advancement event
shard-008,6441,2026-09-16T11:28:49.575706+00:00,0.507253581933522,speculative,UTC-anchored advancement event
shard-008,6442,2026-09-16T11:29:13.754215+00:00,0.3942150083331702,speculative,UTC-anchored advancement event
shard-009,7258,2026-09-16T11:29:15.934927+00:00,0.45956152430007935,speculative,UTC-anchored advancement event
shard-009,7259,2026-09-16T11:29:53.604338+00:00,0.619102494433173,speculative,UTC-anchored advancement event
shard-008,6443,2026-09-16T11:29:56.556738+00:00,0.6974030395833931,speculative,UTC-anchored advancement event
shard-009,7260,2026-09-16T11:30:32.645563+00:00,0.6414555951332053,speculative,UTC-anchored advancement event
shard-008,6444,2026-09-16T11:30:39.590152+00:00,0.7084716472163564,speculative,UTC-anchored advancement event
shard-009,7261,2026-09-16T11:31:17.189068+00:00,0.7259727576335232,speculative,UTC-anchored advancement event
shard-008,6445,2026-09-16T11:31:18.950607+00:00,0.6471707979168665,speculative,UTC-anchored advancement event
shard-008,6446,2026-09-16T11:31:53.872273+00:00,0.5807983381833765,speculative,UTC-anchored advancement event
shard-009,7262,2026-09-16T11:32:06.875928+00:00,0.8190058625002469,speculative,UTC-anchored advancement event
shard-008,6447,2026-09-16T11:32:37.267454+00:00,0.706608151383504,speculative,UTC-anchored advancement event
shard-009,7263,2026-09-16T11:32:54.375493+00:00,0.7826204117998714,speculative,UTC-anchored advancement event
shard-009,7264,2026-09-16T11:33:32.364759+00:00,0.6167196236167608,speculative,UTC-anchored advancement event
shard-008,6448,2026-09-16T11:33:40.069276+00:00,1.0376506555665401,speculative,UTC-anchored advancement event
shard-009,7265,2026-09-16T11:34:22.262222+00:00,0.822509336816438,speculative,UTC-anchored advancement event
shard-009,7266,2026-09-16T11:35:06.593374+00:00,0.729775883333059,speculative,UTC-anchored advancement event
shard-009,7267,2026-09-16T11:35:57.599117+00:00,0.833456251383177,speculative,UTC-anchored advancement event
shard-009,7268,2026-09-16T11:36:23.124758+00:00,0.41631129791688487,speculative,UTC-anchored advancement event
shard-009,7269,2026-09-16T11:36:49.779214+00:00,0.4353160208333672,speculative,UTC-anchored advancement event
shard-009,7270,2026-09-16T11:37:13.317988+00:00,0.3763637354170593,speculative,UTC-anchored advancement event
shard-009,7271,2026-09-16T11:37:44.758236+00:00,0.5147971576331959,speculative,UTC-anchored advancement event
shard-009,7272,2026-09-16T11:39:17.093272+00:00,1.5297990694501398,speculative,UTC-anchored advancement event
shard-008,6449,2026-09-16T11:40:47.976059+00:00,7.138010727083505,speculative,UTC-anchored advancement event
shard-009,7273,2026-09-16T11:41:03.621970+00:00,1.7629204812503303,speculative,UTC-anchored advancement event
shard-009,7274,2026-09-16T11:41:55.385814+00:00,0.8533582298497397,speculative,UTC-anchored advancement event
shard-008,6450,2026-09-16T11:42:32.455942+00:00,1.7186022055500265,speculative,UTC-anchored advancement event
shard-009,7275,2026-09-16T11:43:05.728772+00:00,1.1632756909665962,speculative,UTC-anchored advancement event
shard-008,6451,2026-09-16T11:43:25.346112+00:00,0.864474015966213,speculative,UTC-anchored advancement event
shard-009,7276,2026-09-16T11:43:54.323233+00:00,0.800510796533005,speculative,UTC-anchored advancement event
shard-009,7277,2026-09-16T11:44:47.523083+00:00,0.8776548645832615,speculative,UTC-anchored advancement event
shard-008,6452,2026-09-16T11:45:29.814826+00:00,2.0653640111166167,speculative,UTC-anchored advancement event
shard-009,7278,2026-09-16T11:45:39.886143+00:00,0.863421988900033,speculative,UTC-anchored advancement event
shard-008,6453,2026-09-16T11:46:19.687147+00:00,0.8220291645833641,speculative,UTC-anchored advancement event
shard-009,7279,2026-09-16T11:46:48.115971+00:00,1.1281065090331444,speculative,UTC-anchored advancement event
shard-009,7280,2026-09-16T11:47:37.113220+00:00,0.8070927826333597,speculative,UTC-anchored advancement event
shard-008,6454,2026-09-16T11:47:42.388812+00:00,1.3616901784669608,speculative,UTC-anchored advancement event
shard-009,7281,2026-09-16T11:48:28.713708+00:00,0.8583970034669619,speculative,UTC-anchored advancement event
shard-009,7282,2026-09-16T11:49:03.058818+00:00,0.5559376298663362,speculative,UTC-anchored advancement event
shard-009,7283,2026-09-16T11:49:35.435439+00:00,0.5305817687500772,speculative,UTC-anchored advancement event
shard-009,7284,2026-09-16T11:50:26.586280+00:00,0.8426083291667358,speculative,UTC-anchored advancement event
shard-009,7285,2026-09-16T11:51:12.833439+00:00,0.7541205652834226,speculative,UTC-anchored advancement event
shard-009,7286,2026-09-16T11:51:55.222800+00:00,0.6970806673668751,speculative,UTC-anchored advancement event
shard-009,7287,2026-09-16T11:52:44.188928+00:00,0.8066828909664764,speculative,UTC-anchored advancement event
shard-009,7288,2026-09-16T11:55:28.699050+00:00,2.732790765266691,speculative,UTC-anchored advancement event
shard-009,7289,2026-09-16T11:58:01.679468+00:00,2.5396666013834572,speculative,UTC-anchored advancement event
shard-009,7290,2026-09-16T12:00:26.567515+00:00,2.405182839583237,speculative,UTC-anchored advancement event
shard-009,7291,2026-09-16T12:03:08.011737+00:00,2.6720461194500484,speculative,UTC-anchored advancement event
shard-009,7292,2026-09-16T12:06:01.732354+00:00,2.8858674569496845,speculative,UTC-anchored advancement event
shard-009,7293,2026-09-16T12:08:21.226677+00:00,2.314955492366668,speculative,UTC-anchored advancement event
shard-009,7294,2026-09-16T12:11:42.225826+00:00,3.339927355550268,speculative,UTC-anchored advancement event
shard-009,7295,2026-09-16T12:13:13.271230+00:00,1.5072572458331706,speculative,UTC-anchored advancement event
shard-009,7296,2026-09-16T12:18:14.410932+00:00,5.008944090966542,speculative,UTC-anchored advancement event
shard-009,7297,2026-09-16T12:28:16.126092+00:00,10.0251247076502,speculative,UTC-anchored advancement event
shard-008,6455,2026-09-16T12:31:25.214363+00:00,43.71325368888356,speculative,UTC-anchored advancement event
shard-009,7298,2026-09-16T12:31:34.598272+00:00,3.124430159033606,speculative,UTC-anchored advancement event
shard-009,7299,2026-09-16T12:32:30.634350+00:00,0.9248271215333564,speculative,UTC-anchored advancement event
shard-009,7300,2026-09-16T12:33:37.134992+00:00,1.0913613458333808,speculative,UTC-anchored advancement event
shard-009,7301,2026-09-16T12:34:28.980285+00:00,0.8545136715333986,speculative,UTC-anchored advancement event
shard-009,7302,2026-09-16T12:35:38.010753+00:00,1.1406924618000631,speculative,UTC-anchored advancement event
shard-009,7303,2026-09-16T12:36:19.844710+00:00,0.6950376305666093,speculative,UTC-anchored advancement event
shard-009,7304,2026-09-16T12:36:53.280852+00:00,0.5403253729168985,speculative,UTC-anchored advancement event
shard-009,7305,2026-09-16T12:38:10.648451+00:00,1.2762764791666996,speculative,UTC-anchored advancement event
shard-009,7306,2026-09-16T12:38:47.026776+00:00,0.5959956270831753,speculative,UTC-anchored advancement event
shard-008,6456,2026-09-16T12:38:52.984344+00:00,7.452100696533065,speculative,UTC-anchored advancement event
shard-009,7307,2026-09-16T12:39:10.667278+00:00,0.3751151201329776,speculative,UTC-anchored advancement event
shard-008,6457,2026-09-16T12:39:38.588633+00:00,0.7452750506835097,speculative,UTC-anchored advancement event
shard-009,7308,2026-09-16T12:39:58.846777+00:00,0.7933725583337946,speculative,UTC-anchored advancement event
shard-009,7309,2026-09-16T12:40:36.528628+00:00,0.6181595242999417,speculative,UTC-anchored advancement event
shard-009,7310,2026-09-16T12:41:18.556905+00:00,0.6906646951334551,speculative,UTC-anchored advancement event
shard-009,7311,2026-09-16T12:42:09.902529+00:00,0.8460622097336454,speculative,UTC-anchored advancement event
shard-009,7312,2026-09-16T12:42:58.636420+00:00,0.795249210416902,speculative,UTC-anchored advancement event
shard-009,7313,2026-09-16T12:43:39.914954+00:00,0.6780354972332134,speculative,UTC-anchored advancement event
shard-009,7314,2026-09-16T12:57:36.454247+00:00,13.939695336800165,speculative,UTC-anchored advancement event
shard-009,7315,2026-09-16T13:03:14.471808+00:00,5.621247572916521,speculative,UTC-anchored advancement event
shard-009,7316,2026-09-16T13:06:25.200777+00:00,3.1517858395833174,speculative,UTC-anchored advancement event
shard-009,7317,2026-09-16T13:11:07.677437+00:00,4.697282233333681,speculative,UTC-anchored advancement event
shard-009,7318,2026-09-16T13:13:04.879119+00:00,1.9430661611166822,speculative,UTC-anchored advancement event
shard-009,7319,2026-09-16T13:14:45.602119+00:00,1.667983319449801,speculative,UTC-anchored advancement event
shard-009,7320,2026-09-16T13:15:49.260394+00:00,1.0418048250003873,speculative,UTC-anchored advancement event
shard-009,7321,2026-09-16T13:16:56.682683+00:00,1.1127289555666116,speculative,UTC-anchored advancement event
shard-008,6458,2026-09-16T13:18:37.205727+00:00,38.975937942366485,speculative,UTC-anchored advancement event
shard-009,7322,2026-09-16T13:18:46.587291+00:00,1.8128045395831578,speculative,UTC-anchored advancement event
shard-008,6459,2026-09-16T13:19:50.953637+00:00,1.2108801222163796,speculative,UTC-anchored advancement event
shard-008,6460,2026-09-16T13:20:38.649571+00:00,0.7770111166668358,speculative,UTC-anchored advancement event
shard-008,6461,2026-09-16T13:22:33.659703+00:00,1.9066754055500497,speculative,UTC-anchored advancement event
shard-009,7323,2026-09-16T13:22:41.344088+00:00,3.9027002375000546,speculative,UTC-anchored advancement event
shard-008,6462,2026-09-16T13:23:00.922446+00:00,0.4520695395830747,speculative,UTC-anchored advancement event
shard-009,7324,2026-09-16T13:23:35.516772+00:00,0.8933128798666682,speculative,UTC-anchored advancement event
shard-008,6463,2026-09-16T13:23:42.125390+00:00,0.6689359111168112,speculative,UTC-anchored advancement event
shard-008,6464,2026-09-16T13:24:20.590777+00:00,0.6312202597167925,speculative,UTC-anchored advancement event
shard-009,7325,2026-09-16T13:24:37.252757+00:00,1.0187751312497615,speculative,UTC-anchored advancement event
shard-008,6465,2026-09-16T13:24:55.909287+00:00,0.5711410979167947,speculative,UTC-anchored advancement event
shard-009,7326,2026-09-16T13:25:12.109847+00:00,0.5706243312500495,speculative,UTC-anchored advancement event
shard-008,6466,2026-09-16T13:25:28.189880+00:00,0.5277738583332393,speculative,UTC-anchored advancement event
shard-009,7327,2026-09-16T13:25:58.048331+00:00,0.7554570805669452,speculative,UTC-anchored advancement event
shard-008,6467,2026-09-16T13:26:04.675157+00:00,0.5901813333335061,speculative,UTC-anchored advancement event
shard-009,7328,2026-09-16T13:26:27.827185+00:00,0.485972272917085,speculative,UTC-anchored advancement event
shard-008,6468,2026-09-16T13:26:42.706849+00:00,0.6240013312499892,speculative,UTC-anchored advancement event
shard-009,7329,2026-09-16T13:27:16.110039+00:00,0.7948338159835354,speculative,UTC-anchored advancement event
shard-008,6469,2026-09-16T13:27:33.404668+00:00,0.8267877798663297,speculative,UTC-anchored advancement event
shard-009,7330,2026-09-16T13:27:47.174766+00:00,0.5074130472334218,speculative,UTC-anchored advancement event
shard-008,6470,2026-09-16T13:28:06.776286+00:00,0.5460752416668887,speculative,UTC-anchored advancement event
shard-009,7331,2026-09-16T13:28:17.450739+00:00,0.49442536249989644,speculative,UTC-anchored advancement event
shard-008,6471,2026-09-16T13:28:40.866813+00:00,0.5498099805501018,speculative,UTC-anchored advancement event
shard-009,7332,2026-09-16T13:28:58.222079+00:00,0.6693868187498689,speculative,UTC-anchored advancement event
shard-008,6472,2026-09-16T13:29:16.648408+00:00,0.5941908951329727,speculative,UTC-anchored advancement event
shard-009,7333,2026-09-16T13:29:41.757722+00:00,0.7155081555664462,speculative,UTC-anchored advancement event
shard-008,6473,2026-09-16T13:29:53.143826+00:00,0.5901471305502733,speculative,UTC-anchored advancement event
shard-008,6474,2026-09-16T13:30:22.226431+00:00,0.47464958750012254,speculative,UTC-anchored advancement event
shard-009,7334,2026-09-16T13:30:27.611015+00:00,0.7609332368165875,speculative,UTC-anchored advancement event
shard-009,7335,2026-09-16T13:31:06.883154+00:00,0.6375344812496526,speculative,UTC-anchored advancement event
shard-008,6475,2026-09-16T13:31:23.043541+00:00,1.0033913493001212,speculative,UTC-anchored advancement event
shard-009,7336,2026-09-16T13:32:05.084553+00:00,0.9597477284667548,speculative,UTC-anchored advancement event
shard-009,7337,2026-09-16T13:32:29.012311+00:00,0.38104807848333927,speculative,UTC-anchored advancement event
shard-009,7338,2026-09-16T13:33:09.832189+00:00,0.6698209402835346,speculative,UTC-anchored advancement event
shard-008,6476,2026-09-16T13:33:12.865661+00:00,1.82016113819991,speculative,UTC-anchored advancement event
shard-009,7339,2026-09-16T13:33:32.494140+00:00,0.3675279604169191,speculative,UTC-anchored advancement event
shard-009,7340,2026-09-16T13:33:57.596378+00:00,0.40004394999996296,speculative,UTC-anchored advancement event
shard-008,6477,2026-09-16T13:34:33.712339+00:00,1.3375968305665689,speculative,UTC-anchored advancement event
shard-009,7341,2026-09-16T13:35:16.833564+00:00,1.3103938027833162,speculative,UTC-anchored advancement event
shard-009,7342,2026-09-16T13:35:44.663607+00:00,0.4536328597168904,speculative,UTC-anchored advancement event
shard-009,7343,2026-09-16T13:36:09.616758+00:00,0.3981593118000698,speculative,UTC-anchored advancement event
shard-008,6478,2026-09-16T13:36:16.222381+00:00,1.6983745326501472,speculative,UTC-anchored advancement event
shard-009,7344,2026-09-16T13:36:46.801570+00:00,0.6094198222165385,speculative,UTC-anchored advancement event
shard-008,6479,2026-09-16T13:36:59.394681+00:00,0.7171155909668111,speculative,UTC-anchored advancement event
shard-009,7345,2026-09-16T13:37:48.260030+00:00,1.0140626763832794,speculative,UTC-anchored advancement event
shard-009,7346,2026-09-16T13:38:42.113242+00:00,0.8872043576329209,speculative,UTC-anchored advancement event
shard-008,6480,2026-09-16T13:39:56.942842+00:00,2.9411466611001136,speculative,UTC-anchored advancement event
shard-009,7347,2026-09-16T13:40:38.627906+00:00,1.9317826000003455,speculative,UTC-anchored advancement event
shard-008,6481,2026-09-16T13:40:57.223651+00:00,0.9870323875002214,speculative,UTC-anchored advancement event
shard-009,7348,2026-09-16T13:41:33.378812+00:00,0.9019134958332871,speculative,UTC-anchored advancement event
shard-008,6482,2026-09-16T13:41:38.756435+00:00,0.6817371590164839,speculative,UTC-anchored advancement event
shard-009,7349,2026-09-16T13:42:38.309948+00:00,1.0720051263832526,speculative,UTC-anchored advancement event
shard-008,6483,2026-09-16T13:43:59.172175+00:00,2.3233439111165355,speculative,UTC-anchored advancement event
shard-008,6484,2026-09-16T13:44:40.047252+00:00,0.6707005513836823,speculative,UTC-anchored advancement event
shard-008,6485,2026-09-16T13:45:09.727495+00:00,0.4769218125002226,speculative,UTC-anchored advancement event
shard-009,7350,2026-09-16T13:45:31.862766+00:00,2.8820248187500206,speculative,UTC-anchored advancement event
shard-008,6486,2026-09-16T13:45:42.028729+00:00,0.5280596173669134,speculative,UTC-anchored advancement event
shard-008,6487,2026-09-16T13:46:19.386263+00:00,0.6158044270836399,speculative,UTC-anchored advancement event
shard-009,7351,2026-09-16T13:46:19.386263+00:00,0.781955927083133,speculative,UTC-anchored advancement event
shard-009,7352,2026-09-16T13:47:10.100642+00:00,0.8211086430499563,speculative,UTC-anchored advancement event
shard-008,6488,2026-09-16T13:47:13.160607+00:00,0.8684130263834959,speculative,UTC-anchored advancement event
shard-008,6489,2026-09-16T13:47:41.189575+00:00,0.4570056124997791,speculative,UTC-anchored advancement event
shard-009,7353,2026-09-16T13:47:54.289901+00:00,0.7260730347334174,speculative,UTC-anchored advancement event
shard-008,6490,2026-09-16T13:48:04.427488+00:00,0.3690787423668856,speculative,UTC-anchored advancement event
shard-009,7354,2026-09-16T13:48:25.340020+00:00,0.5065591166664186,speculative,UTC-anchored advancement event
shard-008,6491,2026-09-16T13:48:42.557738+00:00,0.6253777958336286,speculative,UTC-anchored advancement event
shard-009,7355,2026-09-16T13:49:07.583704+00:00,0.6936415284663477,speculative,UTC-anchored advancement event
shard-008,6492,2026-09-16T13:49:43.636250+00:00,0.9997962444331885,speculative,UTC-anchored advancement event
shard-009,7356,2026-09-16T13:50:06.867865+00:00,0.9779049895834759,speculative,UTC-anchored advancement event
shard-008,6493,2026-09-16T13:50:25.994557+00:00,0.695805818750038,speculative,UTC-anchored advancement event
shard-009,7357,2026-09-16T13:50:49.305429+00:00,0.6892287298498558,speculative,UTC-anchored advancement event
shard-008,6494,2026-09-16T13:51:06.555219+00:00,0.6655278354165299,speculative,UTC-anchored advancement event
shard-008,6495,2026-09-16T13:51:41.626675+00:00,0.5740820041668485,speculative,UTC-anchored advancement event
shard-009,7358,2026-09-16T13:51:43.955370+00:00,0.9004670694329737,speculative,UTC-anchored advancement event
shard-008,6496,2026-09-16T13:52:14.625112+00:00,0.5323191930666022,speculative,UTC-anchored advancement event
shard-009,7359,2026-09-16T13:52:25.985091+00:00,0.6903158951332443,speculative,UTC-anchored advancement event
shard-008,6497,2026-09-16T13:52:43.242795+00:00,0.4665168784665487,speculative,UTC-anchored advancement event
shard-008,6498,2026-09-16T13:53:17.857664+00:00,0.5586224708332641,speculative,UTC-anchored advancement event
shard-009,7360,2026-09-16T13:53:19.744720+00:00,0.8857285173498288,speculative,UTC-anchored advancement event
shard-009,7361,2026-09-16T13:54:06.570887+00:00,0.7700958631830872,speculative,UTC-anchored advancement event
shard-008,6499,2026-09-16T13:55:22.642106+00:00,2.0703257562500466,speculative,UTC-anchored advancement event
shard-009,7362,2026-09-16T13:55:22.642106+00:00,1.2618539937500222,speculative,UTC-anchored advancement event
shard-008,6500,2026-09-16T13:56:10.611630+00:00,0.7819696118002564,speculative,UTC-anchored advancement event
shard-009,7363,2026-09-16T13:56:10.611630+00:00,0.7814636013834388,speculative,UTC-anchored advancement event
shard-009,7364,2026-09-16T13:56:41.225759+00:00,0.48127003820021247,speculative,UTC-anchored advancement event
shard-008,6501,2026-09-16T13:56:51.457321+00:00,0.6554697479165043,speculative,UTC-anchored advancement event
shard-009,7365,2026-09-16T13:57:07.812047+00:00,0.4323316361168205,speculative,UTC-anchored advancement event
shard-008,6502,2026-09-16T13:57:26.266767+00:00,0.5696006187499734,speculative,UTC-anchored advancement event
shard-009,7366,2026-09-16T13:57:34.568504+00:00,0.4354742076335242,speculative,UTC-anchored advancement event
shard-008,6503,2026-09-16T13:58:07.548138+00:00,0.669576945133546,speculative,UTC-anchored advancement event
shard-009,7367,2026-09-16T13:58:16.555057+00:00,0.6897345257001386,speculative,UTC-anchored advancement event
shard-008,6504,2026-09-16T13:58:28.024217+00:00,0.3307622742999229,speculative,UTC-anchored advancement event
shard-009,7368,2026-09-16T13:58:48.350351+00:00,0.5195489006999803,speculative,UTC-anchored advancement event
shard-008,6505,2026-09-16T13:59:17.518967+00:00,0.8066910666665839,speculative,UTC-anchored advancement event
shard-008,6506,2026-09-16T13:59:46.561469+00:00,0.473441351383129,speculative,UTC-anchored advancement event
shard-009,7369,2026-09-16T13:59:48.403092+00:00,0.9972815194501891,speculative,UTC-anchored advancement event
shard-008,6507,2026-09-16T14:00:13.485760+00:00,0.4389311902836198,speculative,UTC-anchored advancement event
shard-008,6508,2026-09-16T14:00:47.375953+00:00,0.5541416639001303,speculative,UTC-anchored advancement event
shard-008,6509,2026-09-16T14:01:31.626892+00:00,0.7269551465336311,speculative,UTC-anchored advancement event
shard-009,7370,2026-09-16T14:01:41.074495+00:00,1.860392509033166,speculative,UTC-anchored advancement event
shard-008,6510,2026-09-16T14:02:20.071862+00:00,0.7896024937498927,speculative,UTC-anchored advancement event
shard-008,6511,2026-09-16T14:02:49.278508+00:00,0.476078957633581,speculative,UTC-anchored advancement event
shard-008,6512,2026-09-16T14:03:28.823893+00:00,0.6485842388831468,speculative,UTC-anchored advancement event
shard-009,7371,2026-09-16T14:03:38.287464+00:00,1.943414095833335,speculative,UTC-anchored advancement event
shard-008,6513,2026-09-16T14:04:07.686034+00:00,0.6296935229164471,speculative,UTC-anchored advancement event
shard-008,6514,2026-09-16T14:04:32.143162+00:00,0.39698735486648123,speculative,UTC-anchored advancement event
shard-008,6515,2026-09-16T14:05:14.065189+00:00,0.695664778483236,speculative,UTC-anchored advancement event
shard-008,6516,2026-09-16T14:05:46.228187+00:00,0.5181102277667378,speculative,UTC-anchored advancement event
shard-008,6517,2026-09-16T14:06:31.128468+00:00,0.7377379124998698,speculative,UTC-anchored advancement event
shard-009,7372,2026-09-16T14:06:42.522558+00:00,3.0601261562502864,speculative,UTC-anchored advancement event
shard-008,6518,2026-09-16T14:07:07.578311+00:00,0.5967899507003798,speculative,UTC-anchored advancement event
shard-009,7373,2026-09-16T14:07:26.301795+00:00,0.7192584118165541,speculative,UTC-anchored advancement event
shard-008,6519,2026-09-16T14:07:49.657675+00:00,0.690575518066665,speculative,UTC-anchored advancement event
shard-009,7374,2026-09-16T14:08:11.683765+00:00,0.7455187507002847,speculative,UTC-anchored advancement event
shard-008,6520,2026-09-16T14:08:40.374689+00:00,0.8347857263831732,speculative,UTC-anchored advancement event
shard-009,7375,2026-09-16T14:08:49.414447+00:00,0.6100364541664021,speculative,UTC-anchored advancement event
shard-008,6521,2026-09-16T14:09:11.680780+00:00,0.5111649319330657,speculative,UTC-anchored advancement event
shard-009,7376,2026-09-16T14:09:25.418806+00:00,0.5897470437499578,speculative,UTC-anchored advancement event
shard-008,6522,2026-09-16T14:09:36.100125+00:00,0.39636748541670386,speculative,UTC-anchored advancement event
shard-009,7377,2026-09-16T14:10:03.156408+00:00,0.6106577784667024,speculative,UTC-anchored advancement event
shard-008,6523,2026-09-16T14:10:06.246663+00:00,0.49185295416633984,speculative,UTC-anchored advancement event
shard-009,7378,2026-09-16T14:10:26.107437+00:00,0.3717877958333702,speculative,UTC-anchored advancement event
shard-009,7379,2026-09-16T14:11:08.941755+00:00,0.6955452319331622,speculative,UTC-anchored advancement event
shard-008,6524,2026-09-16T14:11:12.023284+00:00,1.085938966666678,speculative,UTC-anchored advancement event
shard-009,7380,2026-09-16T14:11:47.037615+00:00,0.6243016097165915,speculative,UTC-anchored advancement event
shard-008,6525,2026-09-16T14:11:51.265084+00:00,0.650899303483311,speculative,UTC-anchored advancement event
shard-008,6526,2026-09-16T14:12:26.961502+00:00,0.5772935062501346,speculative,UTC-anchored advancement event
shard-009,7381,2026-09-16T14:13:00.693774+00:00,1.2170967284667615,speculative,UTC-anchored advancement event
shard-008,6527,2026-09-16T14:13:30.825032+00:00,1.053740310416712,speculative,UTC-anchored advancement event
shard-009,7382,2026-09-16T14:13:40.280460+00:00,0.6492686763832656,speculative,UTC-anchored advancement event
shard-009,7383,2026-09-16T14:14:59.976318+00:00,1.317565836800107,speculative,UTC-anchored advancement event
shard-009,7384,2026-09-16T14:15:45.501289+00:00,0.7477275041669297,speculative,UTC-anchored advancement event
shard-009,7385,2026-09-16T14:16:34.643779+00:00,0.8087022874999092,speculative,UTC-anchored advancement event
shard-008,6528,2026-09-16T14:17:37.842068+00:00,4.098306499299846,speculative,UTC-anchored advancement event
shard-009,7386,2026-09-16T14:17:37.842068+00:00,1.0380521673500576,speculative,UTC-anchored advancement event
shard-009,7387,2026-09-16T14:18:29.372252+00:00,0.8372073777834885,speculative,UTC-anchored advancement event
shard-009,7388,2026-09-16T14:18:57.370723+00:00,0.46337456318336384,speculative,UTC-anchored advancement event
shard-008,6529,2026-09-16T14:18:59.729358+00:00,1.346926949316791,speculative,UTC-anchored advancement event
shard-009,7389,2026-09-16T14:19:19.545929+00:00,0.35141176320030354,speculative,UTC-anchored advancement event
shard-009,7390,2026-09-16T14:19:47.542750+00:00,0.4557308888834086,speculative,UTC-anchored advancement event
shard-009,7391,2026-09-16T14:20:26.833997+00:00,0.636831413883677,speculative,UTC-anchored advancement event
shard-009,7392,2026-09-16T14:21:08.017826+00:00,0.6756294076500732,speculative,UTC-anchored advancement event
shard-008,6530,2026-09-16T14:21:17.084981+00:00,2.2789645701336365,speculative,UTC-anchored advancement event
shard-009,7393,2026-09-16T14:22:04.063371+00:00,0.9228131819336947,speculative,UTC-anchored advancement event
shard-008,6531,2026-09-16T14:22:18.445922+00:00,1.0121390499999203,speculative,UTC-anchored advancement event
shard-008,6532,2026-09-16T14:23:29.978710+00:00,1.181340660416754,speculative,UTC-anchored advancement event
shard-009,7394,2026-09-16T14:24:28.436615+00:00,2.3882201138835324,speculative,UTC-anchored advancement event
shard-008,6533,2026-09-16T14:24:36.214838+00:00,1.0931257756999306,speculative,UTC-anchored advancement event
shard-009,7395,2026-09-16T14:25:59.607714+00:00,1.5086525208331296,speculative,UTC-anchored advancement event
shard-009,7396,2026-09-16T14:26:44.047340+00:00,0.7297401326330146,speculative,UTC-anchored advancement event
shard-008,6534,2026-09-16T14:27:18.887108+00:00,2.693481589583583,speculative,UTC-anchored advancement event
shard-008,6535,2026-09-16T14:28:11.384707+00:00,0.8566868298502717,speculative,UTC-anchored advancement event
shard-008,6536,2026-09-16T14:28:41.786411+00:00,0.4955870062496009,speculative,UTC-anchored advancement event
shard-009,7397,2026-09-16T14:28:50.706784+00:00,2.1004185583330885,speculative,UTC-anchored advancement event
shard-008,6537,2026-09-16T14:29:17.400954+00:00,0.5830165888832805,speculative,UTC-anchored advancement event
shard-009,7398,2026-09-16T14:29:42.502877+00:00,0.8528782826499082,speculative,UTC-anchored advancement event
shard-008,6538,2026-09-16T14:29:45.627254+00:00,0.45212333054999665,speculative,UTC-anchored advancement event
shard-009,7399,2026-09-16T14:30:26.619722+00:00,0.7241922951332527,speculative,UTC-anchored advancement event
shard-008,6539,2026-09-16T14:30:29.711317+00:00,0.7241740347167555,speculative,UTC-anchored advancement event
shard-009,7400,2026-09-16T14:31:16.266927+00:00,0.8168345632002456,speculative,UTC-anchored advancement event
shard-008,6540,2026-09-16T14:31:19.374112+00:00,0.8096861972167971,speculative,UTC-anchored advancement event
shard-009,7401,2026-09-16T14:31:58.122174+00:00,0.6866917479167266,speculative,UTC-anchored advancement event
shard-009,7402,2026-09-16T14:32:21.353284+00:00,0.3760584458335264,speculative,UTC-anchored advancement event
shard-008,6541,2026-09-16T14:32:23.717506+00:00,1.0617736180667028,speculative,UTC-anchored advancement event
shard-009,7403,2026-09-16T14:33:01.510994+00:00,0.6511278611171292,speculative,UTC-anchored advancement event
shard-008,6542,2026-09-16T14:33:10.565646+00:00,0.7703107895834062,speculative,UTC-anchored advancement event
shard-009,7404,2026-09-16T14:33:29.232665+00:00,0.4507735138836627,speculative,UTC-anchored advancement event
shard-008,6543,2026-09-16T14:33:54.331461+00:00,0.7188715437499923,speculative,UTC-anchored advancement event
shard-009,7405,2026-09-16T14:34:11.755526+00:00,0.6898802867998408,speculative,UTC-anchored advancement event
shard-009,7406,2026-09-16T14:35:03.335686+00:00,0.848528396516728,speculative,UTC-anchored advancement event
shard-008,6544,2026-09-16T14:35:14.705592+00:00,1.328529563199845,speculative,UTC-anchored advancement event
shard-009,7407,2026-09-16T14:35:47.025279+00:00,0.717423404166766,speculative,UTC-anchored advancement event
shard-008,6545,2026-09-16T14:36:00.880114+00:00,0.7506146590167191,speculative,UTC-anchored advancement event
shard-009,7408,2026-09-16T14:36:26.487813+00:00,0.6466428708333599,speculative,UTC-anchored advancement event
shard-008,6546,2026-09-16T14:36:40.282105+00:00,0.6537385472164412,speculative,UTC-anchored advancement event
shard-009,7409,2026-09-16T14:37:10.257277+00:00,0.7186704083331279,speculative,UTC-anchored advancement event
shard-009,7410,2026-09-16T14:37:58.362711+00:00,0.7905235541664297,speculative,UTC-anchored advancement event
shard-008,6547,2026-09-16T14:38:00.253283+00:00,1.3137377139001425,speculative,UTC-anchored advancement event
shard-008,6548,2026-09-16T14:38:40.883177+00:00,0.6633398659832892,speculative,UTC-anchored advancement event
shard-009,7411,2026-09-16T14:38:40.883177+00:00,0.6982515513998806,speculative,UTC-anchored advancement event
shard-009,7412,2026-09-16T14:39:11.919453+00:00,0.49887722083318903,speculative,UTC-anchored advancement event
shard-008,6549,2026-09-16T14:39:35.129231+00:00,0.8817214736166837,speculative,UTC-anchored advancement event
shard-009,7413,2026-09-16T14:39:49.547563+00:00,0.6160951597169818,speculative,UTC-anchored advancement event
shard-009,7414,2026-09-16T14:40:18.743865+00:00,0.4753439632001876,speculative,UTC-anchored advancement event
shard-009,7415,2026-09-16T14:40:48.935877+00:00,0.4923959020830807,speculative,UTC-anchored advancement event
shard-009,7416,2026-09-16T14:41:31.014325+00:00,0.6903370069499942,speculative,UTC-anchored advancement event
shard-009,7417,2026-09-16T14:42:40.217402+00:00,1.1345837965336008,speculative,UTC-anchored advancement event
shard-009,7418,2026-09-16T14:43:18.008530+00:00,0.6186847014003434,speculative,UTC-anchored advancement event
shard-009,7419,2026-09-16T14:44:43.042799+00:00,1.4061048902833135,speculative,UTC-anchored advancement event
shard-008,6550,2026-09-16T14:48:12.918881+00:00,8.618217774300138,speculative,UTC-anchored advancement event
shard-008,6551,2026-09-16T14:49:02.388022+00:00,0.8073790006999236,speculative,UTC-anchored advancement event
shard-008,6552,2026-09-16T14:50:10.655912+00:00,1.1268442027663697,speculative,UTC-anchored advancement event
shard-009,7420,2026-09-16T14:52:46.607523+00:00,8.047655360416684,speculative,UTC-anchored advancement event
shard-008,6553,2026-09-16T14:54:03.134581+00:00,3.85167220000003,speculative,UTC-anchored advancement event
shard-008,6554,2026-09-16T14:54:45.231324+00:00,0.6903412645833062,speculative,UTC-anchored advancement event
shard-009,7421,2026-09-16T14:55:06.118267+00:00,2.3158837333331275,speculative,UTC-anchored advancement event
shard-009,7422,2026-09-16T14:55:43.273846+00:00,0.599784932633338,speculative,UTC-anchored advancement event
shard-009,7423,2026-09-16T14:56:25.797804+00:00,0.6974595069502053,speculative,UTC-anchored advancement event
shard-008,6555,2026-09-16T14:56:37.240816+00:00,1.8555991111168018,speculative,UTC-anchored advancement event
shard-009,7424,2026-09-16T14:57:07.190768+00:00,0.678704700699988,speculative,UTC-anchored advancement event
shard-009,7425,2026-09-16T14:58:00.041461+00:00,0.8694063972167593,speculative,UTC-anchored advancement event
shard-009,7426,2026-09-16T14:58:36.267299+00:00,0.5927247583332549,speculative,UTC-anchored advancement event
shard-008,6556,2026-09-16T14:58:57.066059+00:00,2.3118181687498387,speculative,UTC-anchored advancement event
shard-009,7427,2026-09-16T14:59:19.919463+00:00,0.7165717305499129,speculative,UTC-anchored advancement event
shard-008,6557,2026-09-16T14:59:40.887901+00:00,0.7111377360997722,speculative,UTC-anchored advancement event
shard-009,7428,2026-09-16T14:59:52.332649+00:00,0.5288485104169619,speculative,UTC-anchored advancement event
shard-008,6558,2026-09-16T15:00:13.275348+00:00,0.5285084923501321,speculative,UTC-anchored advancement event
shard-008,6559,2026-09-16T15:00:50.331872+00:00,0.5984338527666598,speculative,UTC-anchored advancement event
shard-009,7429,2026-09-16T15:00:57.041541+00:00,1.0674495520831746,speculative,UTC-anchored advancement event
shard-008,6560,2026-09-16T15:01:25.400602+00:00,0.5732337576332308,speculative,UTC-anchored advancement event
shard-009,7430,2026-09-16T15:01:40.616993+00:00,0.7153969763836358,speculative,UTC-anchored advancement event
shard-008,6561,2026-09-16T15:01:56.268499+00:00,0.5030326652670435,speculative,UTC-anchored advancement event
shard-008,6562,2026-09-16T15:02:20.846898+00:00,0.3981612798665689,speculative,UTC-anchored advancement event
shard-009,7431,2026-09-16T15:02:27.474734+00:00,0.7614829951499511,speculative,UTC-anchored advancement event
shard-008,6563,2026-09-16T15:03:00.907815+00:00,0.6565792493003149,speculative,UTC-anchored advancement event
shard-009,7432,2026-09-16T15:03:04.043911+00:00,0.598592284033172,speculative,UTC-anchored advancement event
shard-008,6564,2026-09-16T15:03:48.670069+00:00,0.7848180159834253,speculative,UTC-anchored advancement event
shard-009,7433,2026-09-16T15:03:57.685480+00:00,0.8830485493167847,speculative,UTC-anchored advancement event
shard-009,7434,2026-09-16T15:04:38.341992+00:00,0.6593659208335642,speculative,UTC-anchored advancement event
shard-008,6565,2026-09-16T15:04:54.571770+00:00,1.0870148979166212,speculative,UTC-anchored advancement event
shard-009,7435,2026-09-16T15:05:27.303748+00:00,0.8047892437500802,speculative,UTC-anchored advancement event
shard-008,6566,2026-09-16T15:05:48.256848+00:00,0.8836669451498892,speculative,UTC-anchored advancement event
shard-009,7436,2026-09-16T15:05:55.459609+00:00,0.458051036799831,speculative,UTC-anchored advancement event
shard-009,7437,2026-09-16T15:06:17.899947+00:00,0.36283117083318456,speculative,UTC-anchored advancement event
shard-008,6567,2026-09-16T15:06:35.388491+00:00,0.7662972715334035,speculative,UTC-anchored advancement event
shard-009,7438,2026-09-16T15:06:46.782027+00:00,0.46989058958327706,speculative,UTC-anchored advancement event
shard-009,7439,2026-09-16T15:07:21.531689+00:00,0.5602072833333902,speculative,UTC-anchored advancement event
shard-008,6568,2026-09-16T15:07:47.242797+00:00,1.186385540283421,speculative,UTC-anchored advancement event
shard-009,7440,2026-09-16T15:08:45.937656+00:00,1.395298209033596,speculative,UTC-anchored advancement event
shard-009,7441,2026-09-16T15:09:14.761010+00:00,0.4612073715334797,speculative,UTC-anchored advancement event
shard-009,7442,2026-09-16T15:11:03.050265+00:00,1.7934145500000644,speculative,UTC-anchored advancement event
shard-009,7443,2026-09-16T15:12:30.071122+00:00,1.4385195166663227,speculative,UTC-anchored advancement event
shard-009,7444,2026-09-16T15:13:53.362726+00:00,1.3771194673497424,speculative,UTC-anchored advancement event
shard-008,6569,2026-09-16T15:14:06.986255+00:00,6.326536186100081,speculative,UTC-anchored advancement event
shard-008,6570,2026-09-16T15:14:36.973167+00:00,0.4811943631997565,speculative,UTC-anchored advancement event
shard-008,6571,2026-09-16T15:15:11.285463+00:00,0.5594468611166424,speculative,UTC-anchored advancement event
shard-008,6572,2026-09-16T15:15:45.131925+00:00,0.5429407604169683,speculative,UTC-anchored advancement event
shard-008,6573,2026-09-16T15:16:34.859799+00:00,0.8163077402835673,speculative,UTC-anchored advancement event
shard-008,6574,2026-09-16T15:17:06.530916+00:00,0.5162201493168443,speculative,UTC-anchored advancement event
shard-008,6575,2026-09-16T15:18:15.896046+00:00,1.1448005201498745,speculative,UTC-anchored advancement event
shard-008,6576,2026-09-16T15:21:52.919178+00:00,3.597039346533226,speculative,UTC-anchored advancement event
shard-009,7445,2026-09-16T15:23:56.061515+00:00,10.031526054166898,speculative,UTC-anchored advancement event
shard-009,7446,2026-09-16T15:24:25.767249+00:00,0.47623781181658464,speculative,UTC-anchored advancement event
shard-009,7447,2026-09-16T15:25:04.081849+00:00,0.6193946361168249,speculative,UTC-anchored advancement event
shard-009,7448,2026-09-16T15:25:43.934048+00:00,0.6525591215337044,speculative,UTC-anchored advancement event
shard-009,7449,2026-09-16T15:26:26.170828+00:00,0.6921342749997469,speculative,UTC-anchored advancement event
shard-008,6577,2026-09-16T15:28:07.264225+00:00,6.235044747916496,speculative,UTC-anchored advancement event
shard-009,7450,2026-09-16T15:28:20.244302+00:00,1.8894646465336942,speculative,UTC-anchored advancement event
shard-009,7451,2026-09-16T15:29:00.163004+00:00,0.6538678666668906,speculative,UTC-anchored advancement event
shard-009,7452,2026-09-16T15:29:42.377003+00:00,0.6995058736167266,speculative,UTC-anchored advancement event
shard-008,6578,2026-09-16T15:29:46.009077+00:00,1.6271262250001504,speculative,UTC-anchored advancement event
shard-009,7453,2026-09-16T15:30:20.369037+00:00,0.6140264041663613,speculative,UTC-anchored advancement event
shard-009,7454,2026-09-16T15:31:01.419247+00:00,0.6721856027831866,speculative,UTC-anchored advancement event
shard-009,7455,2026-09-16T15:31:46.984525+00:00,0.7395327493000271,speculative,UTC-anchored advancement event
shard-009,7456,2026-09-16T15:32:26.743769+00:00,0.6510064389003674,speculative,UTC-anchored advancement event
shard-009,7457,2026-09-16T15:33:08.831056+00:00,0.689978554166252,speculative,UTC-anchored advancement event
shard-008,6579,2026-09-16T15:33:37.871590+00:00,3.853132324300047,speculative,UTC-anchored advancement event
shard-009,7458,2026-09-16T15:33:51.071418+00:00,0.6925098680667967,speculative,UTC-anchored advancement event
shard-009,7459,2026-09-16T15:34:18.098682+00:00,0.4387226152665486,speculative,UTC-anchored advancement event
shard-008,6580,2026-09-16T15:34:33.081630+00:00,0.9008249062501515,speculative,UTC-anchored advancement event
shard-008,6581,2026-09-16T15:35:09.394652+00:00,0.5938016055496216,speculative,UTC-anchored advancement event
shard-009,7460,2026-09-16T15:35:11.911351+00:00,0.8854437889002535,speculative,UTC-anchored advancement event
shard-009,7461,2026-09-16T15:35:40.330072+00:00,0.4612034520832822,speculative,UTC-anchored advancement event
shard-009,7462,2026-09-16T15:36:05.935107+00:00,0.4150704652667628,speculative,UTC-anchored advancement event
shard-008,6582,2026-09-16T15:36:21.021873+00:00,1.1734482263830917,speculative,UTC-anchored advancement event
shard-009,7463,2026-09-16T15:36:30.634423+00:00,0.3998596437498539,speculative,UTC-anchored advancement event
shard-008,6583,2026-09-16T15:37:19.284279+00:00,0.9514301479168352,speculative,UTC-anchored advancement event
shard-008,6584,2026-09-16T15:37:52.117566+00:00,0.535441422216536,speculative,UTC-anchored advancement event
shard-009,7464,2026-09-16T15:38:01.141643+00:00,1.4971322638831528,speculative,UTC-anchored advancement event
shard-008,6585,2026-09-16T15:38:24.007357+00:00,0.5201204416667072,speculative,UTC-anchored advancement event
shard-009,7465,2026-09-16T15:38:24.007357+00:00,0.36619624930026473,speculative,UTC-anchored advancement event
shard-008,6586,2026-09-16T15:38:52.945398+00:00,0.4636473652664184,speculative,UTC-anchored advancement event
shard-009,7466,2026-09-16T15:38:52.945398+00:00,0.4631908250002501,speculative,UTC-anchored advancement event
shard-009,7467,2026-09-16T15:39:28.423709+00:00,0.5601114409670117,speculative,UTC-anchored advancement event
shard-008,6587,2026-09-16T15:39:44.703321+00:00,0.8356104236164053,speculative,UTC-anchored advancement event
shard-009,7468,2026-09-16T15:39:50.228725+00:00,0.3516393534669381,speculative,UTC-anchored advancement event
shard-008,6588,2026-09-16T15:40:24.314709+00:00,0.6485118458333697,speculative,UTC-anchored advancement event
shard-009,7469,2026-09-16T15:40:33.950145+00:00,0.7175994264000717,speculative,UTC-anchored advancement event
shard-008,6589,2026-09-16T15:41:03.565275+00:00,0.6344569770832701,speculative,UTC-anchored advancement event
shard-009,7470,2026-09-16T15:41:44.746847+00:00,1.1684505340163014,speculative,UTC-anchored advancement event
shard-009,7471,2026-09-16T15:42:17.551957+00:00,0.5351150020835728,speculative,UTC-anchored advancement event
shard-008,6590,2026-09-16T15:42:46.336912+00:00,1.7010458152833356,speculative,UTC-anchored advancement event
shard-009,7472,2026-09-16T15:42:49.529890+00:00,0.513237695133527,speculative,UTC-anchored advancement event
shard-009,7473,2026-09-16T15:43:11.613577+00:00,0.3564129569499831,speculative,UTC-anchored advancement event
shard-008,6591,2026-09-16T15:43:25.264697+00:00,0.637645639583449,speculative,UTC-anchored advancement event
shard-009,7474,2026-09-16T15:43:25.264697+00:00,0.22120895208305835,speculative,UTC-anchored advancement event
shard-008,6592,2026-09-16T15:44:08.072330+00:00,0.6889922756997596,speculative,UTC-anchored advancement event
shard-008,6593,2026-09-16T15:44:58.225751+00:00,0.8250709937497352,speculative,UTC-anchored advancement event
shard-008,6594,2026-09-16T15:45:22.549648+00:00,0.3935260180500336,speculative,UTC-anchored advancement event
shard-008,6595,2026-09-16T15:45:45.732562+00:00,0.3763638562498575,speculative,UTC-anchored advancement event
shard-008,6596,2026-09-16T15:46:10.373074+00:00,0.3940923520834379,speculative,UTC-anchored advancement event
shard-008,6597,2026-09-16T15:46:39.376287+00:00,0.47246865554964945,speculative,UTC-anchored advancement event
shard-008,6598,2026-09-16T15:47:40.240152+00:00,1.0037246097330352,speculative,UTC-anchored advancement event
shard-008,6599,2026-09-16T15:48:20.951870+00:00,0.6734659680500045,speculative,UTC-anchored advancement event
shard-008,6600,2026-09-16T15:49:10.361719+00:00,0.8067881666667138,speculative,UTC-anchored advancement event
shard-008,6601,2026-09-16T15:50:19.424856+00:00,1.140370802783582,speculative,UTC-anchored advancement event
shard-008,6602,2026-09-16T15:51:09.788796+00:00,0.8283431041665608,speculative,UTC-anchored advancement event
shard-008,6603,2026-09-16T15:51:55.876428+00:00,0.7512225145833024,speculative,UTC-anchored advancement event
shard-008,6604,2026-09-16T15:55:55.123775+00:00,3.9760455381998328,speculative,UTC-anchored advancement event
shard-008,6605,2026-09-16T15:56:24.213765+00:00,0.47367915416689355,speculative,UTC-anchored advancement event
shard-008,6606,2026-09-16T15:57:32.434292+00:00,1.1253351104164417,speculative,UTC-anchored advancement event
shard-008,6607,2026-09-16T15:58:01.979489+00:00,0.47602836945006854,speculative,UTC-anchored advancement event
shard-008,6608,2026-09-16T15:58:34.723477+00:00,0.5346537590332445,speculative,UTC-anchored advancement event
shard-008,6609,2026-09-16T15:59:15.772102+00:00,0.6724406527830676,speculative,UTC-anchored advancement event
shard-008,6610,2026-09-16T15:59:44.950420+00:00,0.4809365729165923,speculative,UTC-anchored advancement event
shard-008,6611,2026-09-16T16:00:19.479390+00:00,0.5579886999999871,speculative,UTC-anchored advancement event
shard-008,6612,2026-09-16T16:00:55.005784+00:00,0.5801213416668664,speculative,UTC-anchored advancement event
shard-008,6613,2026-09-16T16:01:30.567448+00:00,0.5803675597334708,speculative,UTC-anchored advancement event
shard-008,6614,2026-09-16T16:02:19.883968+00:00,0.8027285069333933,speculative,UTC-anchored advancement event
shard-008,6615,2026-09-16T16:02:58.965974+00:00,0.6390211187501943,speculative,UTC-anchored advancement event
shard-008,6616,2026-09-16T16:03:36.734249+00:00,0.6169704777833734,speculative,UTC-anchored advancement event
shard-008,6617,2026-09-16T16:05:47.110423+00:00,2.1600317576502372,speculative,UTC-anchored advancement event
shard-008,6618,2026-09-16T16:06:17.108208+00:00,0.4799481861167199,speculative,UTC-anchored advancement event
shard-008,6619,2026-09-16T16:06:45.372802+00:00,0.45874058819996816,speculative,UTC-anchored advancement event
shard-008,6620,2026-09-16T16:07:07.721864+00:00,0.3602743291669564,speculative,UTC-anchored advancement event
shard-008,6621,2026-09-16T16:07:31.400979+00:00,0.3818698319334847,speculative,UTC-anchored advancement event
shard-008,6622,2026-09-16T16:09:18.702943+00:00,1.7699204465330696,speculative,UTC-anchored advancement event
shard-008,6623,2026-09-16T16:10:01.210135+00:00,0.6946098979169619,speculative,UTC-anchored advancement event
shard-008,6624,2026-09-16T16:10:31.809762+00:00,0.49728684791674216,speculative,UTC-anchored advancement event
shard-008,6625,2026-09-16T16:18:07.345334+00:00,7.587981296532962,speculative,UTC-anchored advancement event
shard-008,6626,2026-09-16T16:20:08.224534+00:00,1.9948928416667817,speculative,UTC-anchored advancement event
shard-008,6627,2026-09-16T16:20:44.639735+00:00,0.5943154708331956,speculative,UTC-anchored advancement event
shard-008,6628,2026-09-16T16:21:29.136463+00:00,0.720305345133723,speculative,UTC-anchored advancement event
shard-008,6629,2026-09-16T16:26:51.091870+00:00,5.3609129117995815,speculative,UTC-anchored advancement event
shard-008,6630,2026-09-16T16:29:28.323185+00:00,2.600609659716914,speculative,UTC-anchored advancement event
shard-008,6631,2026-09-16T16:30:15.263498+00:00,0.7608478291668386,speculative,UTC-anchored advancement event
shard-008,6632,2026-09-16T16:30:58.180702+00:00,0.7026335708336168,speculative,UTC-anchored advancement event
shard-008,6633,2026-09-16T16:31:36.279693+00:00,0.6221386986168606,speculative,UTC-anchored advancement event
shard-008,6634,2026-09-16T16:32:11.817734+00:00,0.58581235416641,speculative,UTC-anchored advancement event
shard-008,6635,2026-09-16T16:32:57.451496+00:00,0.7403731201498885,speculative,UTC-anchored advancement event
shard-008,6636,2026-09-16T16:33:31.741709+00:00,0.5578270034665669,speculative,UTC-anchored advancement event
shard-008,6637,2026-09-16T16:34:14.401142+00:00,0.6977147291666673,speculative,UTC-anchored advancement event
shard-008,6638,2026-09-16T16:34:59.786161+00:00,0.7376379472169599,speculative,UTC-anchored advancement event
shard-008,6639,2026-09-16T16:35:36.453233+00:00,0.598315928466521,speculative,UTC-anchored advancement event
shard-008,6640,2026-09-16T16:36:22.807329+00:00,0.7591881430499294,speculative,UTC-anchored advancement event
shard-008,6641,2026-09-16T16:37:11.461526+00:00,0.7977706645833678,speculative,UTC-anchored advancement event
shard-008,6642,2026-09-16T16:37:49.707700+00:00,0.6187100340330896,speculative,UTC-anchored advancement event
shard-008,6643,2026-09-16T16:38:28.808346+00:00,0.6392132243000863,speculative,UTC-anchored advancement event
shard-008,6644,2026-09-16T16:39:25.739239+00:00,0.9363904520835301,speculative,UTC-anchored advancement event
shard-008,6645,2026-09-16T16:40:05.326985+00:00,0.6470064465334872,speculative,UTC-anchored advancement event
shard-008,6646,2026-09-16T16:40:53.980950+00:00,0.7909009097333183,speculative,UTC-anchored advancement event
shard-008,6647,2026-09-16T16:41:31.544579+00:00,0.6134314305498265,speculative,UTC-anchored advancement event
shard-008,6648,2026-09-16T16:42:03.118475+00:00,0.5137533319502836,speculative,UTC-anchored advancement event
shard-008,6649,2026-09-16T16:42:39.472527+00:00,0.5931296548670313,speculative,UTC-anchored advancement event
shard-008,6650,2026-09-16T16:43:32.719345+00:00,0.8688214437502514,speculative,UTC-anchored advancement event
shard-008,6651,2026-09-16T16:45:29.219458+00:00,1.9287027347168382,speculative,UTC-anchored advancement event
shard-008,6652,2026-09-16T16:46:38.629463+00:00,1.1439345708335167,speculative,UTC-anchored advancement event
shard-008,6653,2026-09-16T16:47:25.703114+00:00,0.7727032743166394,speculative,UTC-anchored advancement event
shard-008,6654,2026-09-16T16:47:58.574183+00:00,0.5352696249998795,speculative,UTC-anchored advancement event
shard-008,6655,2026-09-16T16:48:35.783611+00:00,0.6082796520830016,speculative,UTC-anchored advancement event
shard-008,6656,2026-09-16T16:49:38.981729+00:00,1.0416376340169033,speculative,UTC-anchored advancement event
shard-008,6657,2026-09-16T16:50:34.130323+00:00,0.900716954866948,speculative,UTC-anchored advancement event
shard-008,6658,2026-09-16T16:51:19.823030+00:00,0.7502586361171173,speculative,UTC-anchored advancement event
shard-008,6659,2026-09-16T16:51:47.810313+00:00,0.4543530215169691,speculative,UTC-anchored advancement event
shard-008,6660,2026-09-16T16:53:19.313356+00:00,1.512571814583498,speculative,UTC-anchored advancement event
shard-008,6661,2026-09-16T16:54:02.002079+00:00,0.6937714576498062,speculative,UTC-anchored advancement event
shard-008,6662,2026-09-16T16:54:46.487897+00:00,0.729602004866562,speculative,UTC-anchored advancement event
shard-008,6663,2026-09-16T16:55:40.356510+00:00,0.8848419458333713,speculative,UTC-anchored advancement event
shard-008,6664,2026-09-16T16:56:21.625072+00:00,0.6756680923664438,speculative,UTC-anchored advancement event
shard-008,6665,2026-09-16T16:56:48.359888+00:00,0.4346775423667471,speculative,UTC-anchored advancement event
shard-008,6666,2026-09-16T16:57:18.647924+00:00,0.4930322701334565,speculative,UTC-anchored advancement event
shard-008,6667,2026-09-16T16:58:05.492333+00:00,0.768320419449689,speculative,UTC-anchored advancement event
shard-008,6668,2026-09-16T16:59:30.421524+00:00,1.3970635388837158,speculative,UTC-anchored advancement event
shard-008,6669,2026-09-16T17:02:20.952403+00:00,2.8294882715335308,speculative,UTC-anchored advancement event
shard-008,6670,2026-09-16T17:04:22.569136+00:00,2.0152917895834737,speculative,UTC-anchored advancement event
shard-008,6671,2026-09-16T17:06:48.979521+00:00,2.4285962874996283,speculative,UTC-anchored advancement event
shard-008,6672,2026-09-16T17:08:53.056026+00:00,2.055841311116334,speculative,UTC-anchored advancement event
shard-008,6673,2026-09-16T17:10:32.668213+00:00,1.6488515534666173,speculative,UTC-anchored advancement event
shard-008,6674,2026-09-16T17:11:11.611349+00:00,0.6371025506833878,speculative,UTC-anchored advancement event
shard-008,6675,2026-09-16T17:12:06.361631+00:00,0.8944596770830685,speculative,UTC-anchored advancement event
shard-008,6676,2026-09-16T17:12:45.352304+00:00,0.6386077500001799,speculative,UTC-anchored advancement event
shard-008,6677,2026-09-16T17:14:05.913038+00:00,1.3307730590332842,speculative,UTC-anchored advancement event
shard-008,6678,2026-09-16T17:14:56.757441+00:00,0.8415559506834446,speculative,UTC-anchored advancement event
shard-008,6679,2026-09-16T17:15:20.632699+00:00,0.3800848367997484,speculative,UTC-anchored advancement event
shard-008,6680,2026-09-16T17:16:00.738194+00:00,0.6566906840331891,speculative,UTC-anchored advancement event
shard-008,6681,2026-09-16T17:16:28.919060+00:00,0.45776962984964487,speculative,UTC-anchored advancement event
shard-008,6682,2026-09-16T17:16:51.568700+00:00,0.3592037402665786,speculative,UTC-anchored advancement event
shard-008,6683,2026-09-16T17:17:38.783233+00:00,0.7750225867998476,speculative,UTC-anchored advancement event
shard-008,6684,2026-09-16T17:18:33.139896+00:00,0.8951450986166795,speculative,UTC-anchored advancement event
shard-008,6685,2026-09-16T17:19:08.526046+00:00,0.5779356076333594,speculative,UTC-anchored advancement event
shard-008,6686,2026-09-16T17:19:55.092354+00:00,0.7581580645836463,speculative,UTC-anchored advancement event
shard-008,6687,2026-09-16T17:20:34.111843+00:00,0.6376450944497871,speculative,UTC-anchored advancement event
shard-008,6688,2026-09-16T17:21:52.474598+00:00,1.2950120736165749,speculative,UTC-anchored advancement event
shard-008,6689,2026-09-16T17:22:19.515904+00:00,0.4378131840164618,speculative,UTC-anchored advancement event
shard-008,6690,2026-09-16T17:22:40.868550+00:00,0.33927290278321987,speculative,UTC-anchored advancement event
shard-008,6691,2026-09-16T17:23:01.963986+00:00,0.3395931701331089,speculative,UTC-anchored advancement event
shard-008,6692,2026-09-16T17:23:24.267875+00:00,0.36008399304992056,speculative,UTC-anchored advancement event
shard-008,6693,2026-09-16T17:24:22.314007+00:00,0.9556278222167748,speculative,UTC-anchored advancement event
shard-008,6694,2026-09-16T17:27:06.460197+00:00,2.7180887652832704,speculative,UTC-anchored advancement event
shard-008,6695,2026-09-16T17:27:52.521051+00:00,0.7559335812499436,speculative,UTC-anchored advancement event
shard-008,6696,2026-09-16T17:28:37.436920+00:00,0.7367540562496288,speculative,UTC-anchored advancement event
shard-008,6697,2026-09-16T17:34:38.655058+00:00,6.009133034016608,speculative,UTC-anchored advancement event
shard-008,6698,2026-09-16T17:35:49.118467+00:00,1.157719038183374,speculative,UTC-anchored advancement event
shard-008,6699,2026-09-16T17:36:34.495866+00:00,0.7444387770830265,speculative,UTC-anchored advancement event
shard-008,6700,2026-09-16T17:37:26.455780+00:00,0.8474291979170326,speculative,UTC-anchored advancement event
shard-008,6701,2026-09-16T17:38:33.396213+00:00,1.1038169770831396,speculative,UTC-anchored advancement event
shard-008,6702,2026-09-16T17:39:16.652825+00:00,0.7091218256997914,speculative,UTC-anchored advancement event
shard-008,6703,2026-09-16T17:39:47.021555+00:00,0.4944289243168896,speculative,UTC-anchored advancement event
shard-008,6704,2026-09-16T17:40:23.649633+00:00,0.5928624249999606,speculative,UTC-anchored advancement event
shard-008,6705,2026-09-16T17:40:53.081443+00:00,0.4788280263999089,speculative,UTC-anchored advancement event
shard-008,6706,2026-09-16T17:41:20.147782+00:00,0.4369977736001601,speculative,UTC-anchored advancement event
shard-008,6707,2026-09-16T17:42:00.148109+00:00,0.6540263243000178,speculative,UTC-anchored advancement event
shard-008,6708,2026-09-16T17:42:58.199357+00:00,0.949818528466858,speculative,UTC-anchored advancement event
shard-008,6709,2026-09-16T17:43:40.457020+00:00,0.6922434437496122,speculative,UTC-anchored advancement event
shard-008,6710,2026-09-16T17:44:23.847881+00:00,0.7112868645834776,speculative,UTC-anchored advancement event
shard-008,6711,2026-09-16T17:45:01.357914+00:00,0.6121575909666717,speculative,UTC-anchored advancement event
shard-008,6712,2026-09-16T17:47:28.331929+00:00,2.432748597916604,speculative,UTC-anchored advancement event
shard-008,6713,2026-09-16T17:48:11.886267+00:00,0.7134083493166448,speculative,UTC-anchored advancement event
shard-008,6714,2026-09-16T17:49:01.357604+00:00,0.8133211597164821,speculative,UTC-anchored advancement event
shard-008,6715,2026-09-16T17:49:35.556189+00:00,0.5618186111164202,speculative,UTC-anchored advancement event
shard-008,6716,2026-09-16T17:51:18.951534+00:00,1.7054223104166644,speculative,UTC-anchored advancement event
shard-008,6717,2026-09-16T17:51:40.003701+00:00,0.3383025993001259,speculative,UTC-anchored advancement event
shard-008,6718,2026-09-16T17:52:49.550014+00:00,1.1475780687498627,speculative,UTC-anchored advancement event
shard-008,6719,2026-09-16T17:53:25.077907+00:00,0.574202952766306,speculative,UTC-anchored advancement event
shard-008,6720,2026-09-16T17:54:13.285273+00:00,0.791211954850102,speculative,UTC-anchored advancement event
shard-008,6721,2026-09-16T17:57:33.196438+00:00,3.3198010027665683,speculative,UTC-anchored advancement event
shard-008,6722,2026-09-16T18:00:26.962838+00:00,2.89093868680017,speculative,UTC-anchored advancement event
shard-008,6723,2026-09-16T18:01:19.604283+00:00,0.8576725764001215,speculative,UTC-anchored advancement event
shard-008,6724,2026-09-16T18:06:48.391837+00:00,5.4728679006831955,speculative,UTC-anchored advancement event
shard-008,6725,2026-09-16T18:07:04.897348+00:00,0.259869111799829,speculative,UTC-anchored advancement event
shard-010,7475,2026-09-16T18:24:56.237492+00:00,1.003788283333415,speculative,UTC-anchored advancement event
shard-010,7476,2026-09-16T18:25:38.075430+00:00,0.6899442805666088,speculative,UTC-anchored advancement event
shard-010,7477,2026-09-16T18:26:11.624525+00:00,0.5513490409667914,speculative,UTC-anchored advancement event
shard-010,7478,2026-09-16T18:26:47.552222+00:00,0.5913298548669749,speculative,UTC-anchored advancement event
shard-010,7479,2026-09-16T18:27:29.108587+00:00,0.6898916069500652,speculative,UTC-anchored advancement event
shard-010,7480,2026-09-16T18:28:37.845284+00:00,1.1402160451330323,speculative,UTC-anchored advancement event
shard-010,7481,2026-09-16T18:31:33.890026+00:00,2.9294733458334425,speculative,UTC-anchored advancement event
shard-011,8187,2026-09-16T18:31:39.084889+00:00,7.721181170150036,speculative,UTC-anchored advancement event
shard-010,7482,2026-09-16T18:32:03.245570+00:00,0.48061597221676494,speculative,UTC-anchored advancement event
shard-011,8188,2026-09-16T18:32:26.190628+00:00,0.7763763430669012,speculative,UTC-anchored advancement event
shard-011,8189,2026-09-16T18:33:02.204689+00:00,0.592635465983282,speculative,UTC-anchored advancement event
shard-010,7483,2026-09-16T18:33:26.003328+00:00,1.374096867366461,speculative,UTC-anchored advancement event
shard-010,7484,2026-09-16T18:33:58.414046+00:00,0.5338271381833086,speculative,UTC-anchored advancement event
shard-011,8190,2026-09-16T18:33:58.414046+00:00,0.9321818819332596,speculative,UTC-anchored advancement event
shard-010,7485,2026-09-16T18:34:33.480535+00:00,0.5711865437498393,speculative,UTC-anchored advancement event
shard-011,8191,2026-09-16T18:34:48.133061+00:00,0.8180547854169465,speculative,UTC-anchored advancement event
shard-010,7486,2026-09-16T18:35:15.641545+00:00,0.699831095833603,speculative,UTC-anchored advancement event
shard-011,8192,2026-09-16T18:35:21.926063+00:00,0.557845102083229,speculative,UTC-anchored advancement event
shard-010,7487,2026-09-16T18:35:57.658415+00:00,0.6926191638835008,speculative,UTC-anchored advancement event
shard-011,8193,2026-09-16T18:36:02.757645+00:00,0.6734332597169366,speculative,UTC-anchored advancement event
shard-010,7488,2026-09-16T18:36:35.017826+00:00,0.6150119638832015,speculative,UTC-anchored advancement event
shard-011,8194,2026-09-16T18:36:54.440791+00:00,0.8547343736165203,speculative,UTC-anchored advancement event
shard-011,8195,2026-09-16T18:37:42.581961+00:00,0.8001293236166627,speculative,UTC-anchored advancement event
shard-010,7489,2026-09-16T18:37:54.895529+00:00,1.3229865229164717,speculative,UTC-anchored advancement event
shard-011,8196,2026-09-16T18:38:54.240000+00:00,1.1860149458336915,speculative,UTC-anchored advancement event
shard-011,8197,2026-09-16T18:39:41.845766+00:00,0.7854495541667954,speculative,UTC-anchored advancement event
shard-011,8198,2026-09-16T18:40:24.605761+00:00,0.7050717159834069,speculative,UTC-anchored advancement event
shard-011,8199,2026-09-16T18:41:02.377778+00:00,0.6271528027830452,speculative,UTC-anchored advancement event
shard-011,8200,2026-09-16T18:41:46.313102+00:00,0.7240720249998654,speculative,UTC-anchored advancement event
shard-010,7490,2026-09-16T18:42:58.293243+00:00,5.048569027783135,speculative,UTC-anchored advancement event
shard-011,8201,2026-09-16T18:43:50.666127+00:00,2.064683412500017,speculative,UTC-anchored advancement event
shard-010,7491,2026-09-16T18:43:54.598110+00:00,0.930479702783244,speculative,UTC-anchored advancement event
shard-010,7492,2026-09-16T18:44:53.659413+00:00,0.9789523826499741,speculative,UTC-anchored advancement event
shard-010,7493,2026-09-16T18:45:38.023499+00:00,0.7361316770834189,speculative,UTC-anchored advancement event
shard-010,7494,2026-09-16T18:46:12.617981+00:00,0.5681561673501467,speculative,UTC-anchored advancement event
shard-011,8202,2026-09-16T18:46:23.643128+00:00,2.5415028083332194,speculative,UTC-anchored advancement event
shard-010,7495,2026-09-16T18:46:58.195889+00:00,0.7508552055500332,speculative,UTC-anchored advancement event
shard-011,8203,2026-09-16T18:47:02.100262+00:00,0.6336534145831441,speculative,UTC-anchored advancement event
shard-010,7496,2026-09-16T18:47:37.925514+00:00,0.6543447868166065,speculative,UTC-anchored advancement event
shard-011,8204,2026-09-16T18:47:39.348275+00:00,0.6155726298665589,speculative,UTC-anchored advancement event
shard-011,8205,2026-09-16T18:48:03.534275+00:00,0.39553972776629964,speculative,UTC-anchored advancement event
shard-010,7497,2026-09-16T18:48:13.284591+00:00,0.5838497743165741,speculative,UTC-anchored advancement event
shard-011,8206,2026-09-16T18:48:26.655422+00:00,0.3776853701502356,speculative,UTC-anchored advancement event
shard-010,7498,2026-09-16T18:48:36.344602+00:00,0.37936216735009415,speculative,UTC-anchored advancement event
shard-011,8207,2026-09-16T18:48:59.308269+00:00,0.538545276383229,speculative,UTC-anchored advancement event
shard-010,7499,2026-09-16T18:49:03.283979+00:00,0.4414072743165889,speculative,UTC-anchored advancement event
shard-011,8208,2026-09-16T18:49:26.074521+00:00,0.43760820348300816,speculative,UTC-anchored advancement event
shard-010,7500,2026-09-16T18:49:38.353200+00:00,0.5774095895831124,speculative,UTC-anchored advancement event
shard-011,8209,2026-09-16T18:50:15.221534+00:00,0.8108762972168431,speculative,UTC-anchored advancement event
shard-010,7501,2026-09-16T18:50:17.966754+00:00,0.6547193854164409,speculative,UTC-anchored advancement event
shard-010,7502,2026-09-16T18:50:54.806535+00:00,0.6070420243001232,speculative,UTC-anchored advancement event
shard-011,8210,2026-09-16T18:51:01.109273+00:00,0.7568573125002634,speculative,UTC-anchored advancement event
shard-011,8211,2026-09-16T18:51:35.495748+00:00,0.5704311534835143,speculative,UTC-anchored advancement event
shard-010,7503,2026-09-16T18:52:25.172763+00:00,1.497604638900278,speculative,UTC-anchored advancement event
shard-010,7504,2026-09-16T18:53:12.913299+00:00,0.7875345444495906,speculative,UTC-anchored advancement event
shard-010,7505,2026-09-16T18:53:49.910931+00:00,0.6082644833334295,speculative,UTC-anchored advancement event
shard-010,7506,2026-09-16T18:54:39.793472+00:00,0.8235289492998467,speculative,UTC-anchored advancement event
shard-010,7507,2026-09-16T18:55:41.321742+00:00,1.0200150555504175,speculative,UTC-anchored advancement event
shard-011,8212,2026-09-16T18:56:04.186567+00:00,4.473856081950362,speculative,UTC-anchored advancement event
shard-010,7508,2026-09-16T18:56:29.674891+00:00,0.8003020888999648,speculative,UTC-anchored advancement event
shard-010,7509,2026-09-16T18:57:22.028747+00:00,0.8641834145833854,speculative,UTC-anchored advancement event
shard-010,7510,2026-09-16T18:57:53.293706+00:00,0.5130593743000645,speculative,UTC-anchored advancement event
shard-011,8213,2026-09-16T18:58:18.573568+00:00,2.230542202766325,speculative,UTC-anchored advancement event
shard-010,7511,2026-09-16T18:58:20.008649+00:00,0.43887668471676683,speculative,UTC-anchored advancement event
shard-010,7512,2026-09-16T18:59:06.425934+00:00,0.7658788687496174,speculative,UTC-anchored advancement event
shard-010,7513,2026-09-16T18:59:40.026269+00:00,0.5516892756835053,speculative,UTC-anchored advancement event
shard-010,7514,2026-09-16T19:00:56.911751+00:00,1.2734069027666313,speculative,UTC-anchored advancement event
shard-011,8214,2026-09-16T19:01:25.723865+00:00,3.113657865966767,speculative,UTC-anchored advancement event
shard-011,8215,2026-09-16T19:02:05.076429+00:00,0.6479572388833428,speculative,UTC-anchored advancement event
shard-010,7515,2026-09-16T19:02:53.364742+00:00,1.9345309840335783,speculative,UTC-anchored advancement event
shard-011,8216,2026-09-16T19:02:57.315655+00:00,0.8651490770833334,speculative,UTC-anchored advancement event
shard-011,8217,2026-09-16T19:03:28.488511+00:00,0.5116686583331709,speculative,UTC-anchored advancement event
shard-010,7516,2026-09-16T19:04:04.343453+00:00,1.1747692486169399,speculative,UTC-anchored advancement event
shard-011,8218,2026-09-16T19:04:14.109319+00:00,0.7523348902832367,speculative,UTC-anchored advancement event
shard-010,7517,2026-09-16T19:05:04.977958+00:00,1.0026304534835313,speculative,UTC-anchored advancement event
shard-011,8219,2026-09-16T19:05:07.742264+00:00,0.8882156576500468,speculative,UTC-anchored advancement event
shard-010,7518,2026-09-16T19:05:50.553796+00:00,0.7515865479169103,speculative,UTC-anchored advancement event
shard-011,8220,2026-09-16T19:05:52.141076+00:00,0.7326206680503674,speculative,UTC-anchored advancement event
shard-010,7519,2026-09-16T19:06:18.407468+00:00,0.4562172742997063,speculative,UTC-anchored advancement event
shard-010,7520,2026-09-16T19:06:50.715576+00:00,0.5299266437500288,speculative,UTC-anchored advancement event
shard-011,8221,2026-09-16T19:06:57.008479+00:00,1.0756158409664447,speculative,UTC-anchored advancement event
shard-010,7521,2026-09-16T19:07:14.004329+00:00,0.3800674062498729,speculative,UTC-anchored advancement event
shard-010,7522,2026-09-16T19:07:37.007212+00:00,0.3776603923664273,speculative,UTC-anchored advancement event
shard-011,8222,2026-09-16T19:07:56.009913+00:00,0.9783732152665228,speculative,UTC-anchored advancement event
shard-010,7523,2026-09-16T19:08:13.069295+00:00,0.5950974666663872,speculative,UTC-anchored advancement event
shard-011,8223,2026-09-16T19:08:41.851587+00:00,0.7560327520831682,speculative,UTC-anchored advancement event
shard-010,7524,2026-09-16T19:08:46.966744+00:00,0.55651446319971,speculative,UTC-anchored advancement event
shard-010,7525,2026-09-16T19:09:21.786834+00:00,0.5749776756997259,speculative,UTC-anchored advancement event
shard-011,8224,2026-09-16T19:09:26.748343+00:00,0.7399826041665316,speculative,UTC-anchored advancement event
shard-010,7526,2026-09-16T19:10:00.109496+00:00,0.6331088916665369,speculative,UTC-anchored advancement event
shard-011,8225,2026-09-16T19:10:13.583593+00:00,0.7735089875000994,speculative,UTC-anchored advancement event
shard-010,7527,2026-09-16T19:10:42.335147+00:00,0.6955328166664306,speculative,UTC-anchored advancement event
shard-011,8226,2026-09-16T19:10:48.657107+00:00,0.5766081076333649,speculative,UTC-anchored advancement event
shard-010,7528,2026-09-16T19:11:19.772069+00:00,0.6155273736163508,speculative,UTC-anchored advancement event
shard-011,8227,2026-09-16T19:11:38.111179+00:00,0.8184911680664906,speculative,UTC-anchored advancement event
shard-010,7529,2026-09-16T19:12:05.957247+00:00,0.7613598458333096,speculative,UTC-anchored advancement event
shard-010,7530,2026-09-16T19:12:33.638339+00:00,0.45294614028340824,speculative,UTC-anchored advancement event
shard-011,8228,2026-09-16T19:12:45.751644+00:00,1.1214719659833159,speculative,UTC-anchored advancement event
shard-010,7531,2026-09-16T19:12:56.766816+00:00,0.379732541666696,speculative,UTC-anchored advancement event
shard-010,7532,2026-09-16T19:13:26.715072+00:00,0.4917706111164686,speculative,UTC-anchored advancement event
shard-011,8229,2026-09-16T19:13:44.924186+00:00,0.9782203819500864,speculative,UTC-anchored advancement event
shard-010,7533,2026-09-16T19:13:52.383149+00:00,0.4196471499997036,speculative,UTC-anchored advancement event
shard-011,8230,2026-09-16T19:14:11.644983+00:00,0.43760551390005276,speculative,UTC-anchored advancement event
shard-010,7534,2026-09-16T19:14:22.716594+00:00,0.5001993062503364,speculative,UTC-anchored advancement event
shard-011,8231,2026-09-16T19:14:37.438603+00:00,0.42167888888313126,speculative,UTC-anchored advancement event
shard-010,7535,2026-09-16T19:15:02.790852+00:00,0.6600664486167565,speculative,UTC-anchored advancement event
shard-011,8232,2026-09-16T19:15:04.253073+00:00,0.4385971479166377,speculative,UTC-anchored advancement event
shard-011,8233,2026-09-16T19:15:29.826605+00:00,0.41843495416687804,speculative,UTC-anchored advancement event
shard-010,7536,2026-09-16T19:15:43.335599+00:00,0.6699448722332212,speculative,UTC-anchored advancement event
shard-011,8234,2026-09-16T19:15:55.603270+00:00,0.42126190555039406,speculative,UTC-anchored advancement event
shard-011,8235,2026-09-16T19:18:32.165800+00:00,2.6036717860998277,speculative,UTC-anchored advancement event
shard-010,7537,2026-09-16T19:19:22.472287+00:00,3.6445570104168534,speculative,UTC-anchored advancement event
shard-011,8236,2026-09-16T19:20:31.592041+00:00,1.9867523576501602,speculative,UTC-anchored advancement event
shard-010,7538,2026-09-16T19:20:59.331219+00:00,1.6084220791667272,speculative,UTC-anchored advancement event
shard-011,8237,2026-09-16T19:21:43.635968+00:00,1.1925570715170275,speculative,UTC-anchored advancement event
shard-010,7539,2026-09-16T19:22:51.571987+00:00,1.8627837145832018,speculative,UTC-anchored advancement event
shard-011,8238,2026-09-16T19:23:32.401213+00:00,1.8043951138834624,speculative,UTC-anchored advancement event
shard-010,7540,2026-09-16T19:23:43.275390+00:00,0.8554546583337166,speculative,UTC-anchored advancement event
shard-011,8239,2026-09-16T19:24:09.770696+00:00,0.6169328638832667,speculative,UTC-anchored advancement event
shard-011,8240,2026-09-16T19:24:44.646450+00:00,0.5729951458333138,speculative,UTC-anchored advancement event
shard-011,8241,2026-09-16T19:25:18.207467+00:00,0.5513114333332244,speculative,UTC-anchored advancement event
shard-011,8242,2026-09-16T19:25:44.752423+00:00,0.43468600416672415,speculative,UTC-anchored advancement event
shard-011,8243,2026-09-16T19:26:18.083651+00:00,0.5496926645830779,speculative,UTC-anchored advancement event
shard-010,7541,2026-09-16T19:26:35.164536+00:00,2.8566554013828864,speculative,UTC-anchored advancement event
shard-011,8244,2026-09-16T19:26:55.735717+00:00,0.6191436951499781,speculative,UTC-anchored advancement event
shard-010,7542,2026-09-16T19:27:08.205271+00:00,0.5426905409665779,speculative,UTC-anchored advancement event
shard-011,8245,2026-09-16T19:27:35.816838+00:00,0.6606236736164041,speculative,UTC-anchored advancement event
shard-010,7543,2026-09-16T19:27:39.796617+00:00,0.5204023854166735,speculative,UTC-anchored advancement event
shard-011,8246,2026-09-16T19:28:16.837594+00:00,0.6752755145833362,speculative,UTC-anchored advancement event
shard-010,7544,2026-09-16T19:28:25.539522+00:00,0.7547532805668501,speculative,UTC-anchored advancement event
shard-011,8247,2026-09-16T19:28:55.620464+00:00,0.6377291500000866,speculative,UTC-anchored advancement event
shard-010,7545,2026-09-16T19:29:07.704942+00:00,0.69698920139975,speculative,UTC-anchored advancement event
shard-010,7546,2026-09-16T19:29:33.063284+00:00,0.41422850693343205,speculative,UTC-anchored advancement event
shard-011,8248,2026-09-16T19:29:40.568176+00:00,0.7431287479164894,speculative,UTC-anchored advancement event
shard-010,7547,2026-09-16T19:29:56.492728+00:00,0.3818924312499197,speculative,UTC-anchored advancement event
shard-010,7548,2026-09-16T19:30:29.813915+00:00,0.5521279263834004,speculative,UTC-anchored advancement event
shard-011,8249,2026-09-16T19:30:42.076151+00:00,1.0179220361164576,speculative,UTC-anchored advancement event
shard-010,7549,2026-09-16T19:31:06.455828+00:00,0.6018058354170838,speculative,UTC-anchored advancement event
shard-011,8250,2026-09-16T19:31:22.396856+00:00,0.663347737499862,speculative,UTC-anchored advancement event
shard-010,7550,2026-09-16T19:31:46.465909+00:00,0.6609221208331292,speculative,UTC-anchored advancement event
shard-011,8251,2026-09-16T19:32:07.164589+00:00,0.7401671395831121,speculative,UTC-anchored advancement event
shard-010,7551,2026-09-16T19:32:39.708358+00:00,0.8786043645833463,speculative,UTC-anchored advancement event
shard-011,8252,2026-09-16T19:32:54.461450+00:00,0.7796060895833459,speculative,UTC-anchored advancement event
shard-010,7552,2026-09-16T19:33:30.283139+00:00,0.836416893050288,speculative,UTC-anchored advancement event
shard-010,7553,2026-09-16T19:34:26.487786+00:00,0.9283439104163942,speculative,UTC-anchored advancement event
shard-011,8253,2026-09-16T19:34:42.428837+00:00,1.7933500882000468,speculative,UTC-anchored advancement event
shard-010,7554,2026-09-16T19:34:51.098964+00:00,0.40166703888341243,speculative,UTC-anchored advancement event
shard-010,7555,2026-09-16T19:35:13.971687+00:00,0.37793490763336496,speculative,UTC-anchored advancement event
shard-011,8254,2026-09-16T19:35:16.779492+00:00,0.5642784277670823,speculative,UTC-anchored advancement event
shard-010,7556,2026-09-16T19:35:37.432942+00:00,0.3824501680501271,speculative,UTC-anchored advancement event
shard-011,8255,2026-09-16T19:35:58.087402+00:00,0.680811104849757,speculative,UTC-anchored advancement event
shard-010,7557,2026-09-16T19:36:01.926209+00:00,0.40155673611637516,speculative,UTC-anchored advancement event
shard-010,7558,2026-09-16T19:36:34.318278+00:00,0.5346833673669608,speculative,UTC-anchored advancement event
shard-010,7559,2026-09-16T19:37:10.239882+00:00,0.5901413437498074,speculative,UTC-anchored advancement event
shard-011,8256,2026-09-16T19:37:54.536352+00:00,1.9348066618001516,speculative,UTC-anchored advancement event
shard-010,7560,2026-09-16T19:38:12.976286+00:00,1.0370047576332582,speculative,UTC-anchored advancement event
shard-010,7561,2026-09-16T19:39:01.006777+00:00,0.7944242611168496,speculative,UTC-anchored advancement event
shard-010,7562,2026-09-16T19:40:12.339715+00:00,1.1857135263834304,speculative,UTC-anchored advancement event
shard-011,8257,2026-09-16T19:40:21.082175+00:00,2.433911811800014,speculative,UTC-anchored advancement event
shard-011,8258,2026-09-16T19:40:57.066893+00:00,0.591959520149976,speculative,UTC-anchored advancement event
shard-010,7563,2026-09-16T19:40:58.672687+00:00,0.7632401909664622,speculative,UTC-anchored advancement event
shard-011,8259,2026-09-16T19:41:23.938401+00:00,0.4423913090334584,speculative,UTC-anchored advancement event
shard-010,7564,2026-09-16T19:41:39.841283+00:00,0.6803100340330275,speculative,UTC-anchored advancement event
shard-011,8260,2026-09-16T19:42:00.557172+00:00,0.6016896791663991,speculative,UTC-anchored advancement event
shard-010,7565,2026-09-16T19:42:05.589185+00:00,0.422455943049863,speculative,UTC-anchored advancement event
shard-010,7566,2026-09-16T19:42:59.223081+00:00,0.8890099006835953,speculative,UTC-anchored advancement event
shard-010,7567,2026-09-16T19:43:40.071451+00:00,0.6715817826329536,speculative,UTC-anchored advancement event
shard-010,7568,2026-09-16T19:44:20.792824+00:00,0.6702267083329692,speculative,UTC-anchored advancement event
shard-011,8261,2026-09-16T19:45:01.417823+00:00,3.0082050916666048,speculative,UTC-anchored advancement event
shard-010,7569,2026-09-16T19:45:04.082528+00:00,0.712990666666398,speculative,UTC-anchored advancement event
shard-011,8262,2026-09-16T19:45:47.232233+00:00,0.7573995250000735,speculative,UTC-anchored advancement event
shard-010,7570,2026-09-16T19:45:48.868309+00:00,0.7383805305663069,speculative,UTC-anchored advancement event
shard-010,7571,2026-09-16T19:46:24.070442+00:00,0.58295870556661,speculative,UTC-anchored advancement event
shard-011,8263,2026-09-16T19:46:24.070442+00:00,0.6065839388999544,speculative,UTC-anchored advancement event
shard-011,8264,2026-09-16T19:46:54.537846+00:00,0.4958173860999523,speculative,UTC-anchored advancement event
shard-010,7572,2026-09-16T19:47:06.864350+00:00,0.6997462506832866,speculative,UTC-anchored advancement event
shard-011,8265,2026-09-16T19:47:23.972596+00:00,0.4818317263833402,speculative,UTC-anchored advancement event
shard-010,7573,2026-09-16T19:47:49.228084+00:00,0.6979913923666269,speculative,UTC-anchored advancement event
shard-011,8266,2026-09-16T19:48:07.549995+00:00,0.7201966819333999,speculative,UTC-anchored advancement event
shard-010,7574,2026-09-16T19:48:55.214477+00:00,1.090948870833381,speculative,UTC-anchored advancement event
shard-011,8267,2026-09-16T19:49:09.942639+00:00,1.0311493597168009,speculative,UTC-anchored advancement event
shard-010,7575,2026-09-16T19:49:39.827332+00:00,0.7375680687497758,speculative,UTC-anchored advancement event
shard-011,8268,2026-09-16T19:49:50.928410+00:00,0.677044340283707,speculative,UTC-anchored advancement event
shard-010,7576,2026-09-16T19:50:16.265088+00:00,0.5982902111165458,speculative,UTC-anchored advancement event
shard-011,8269,2026-09-16T19:50:28.599590+00:00,0.6197905923666743,speculative,UTC-anchored advancement event
shard-011,8270,2026-09-16T19:51:09.188626+00:00,0.672760656249981,speculative,UTC-anchored advancement event
shard-010,7577,2026-09-16T19:51:12.013698+00:00,0.9205619055496451,speculative,UTC-anchored advancement event
shard-011,8271,2026-09-16T19:51:50.380234+00:00,0.6778501840332561,speculative,UTC-anchored advancement event
shard-010,7578,2026-09-16T19:52:05.196005+00:00,0.8785341326496564,speculative,UTC-anchored advancement event
shard-010,7579,2026-09-16T19:52:28.048182+00:00,0.37718054375000065,speculative,UTC-anchored advancement event
shard-011,8272,2026-09-16T19:52:29.700101+00:00,0.6466540187500261,speculative,UTC-anchored advancement event
shard-010,7580,2026-09-16T19:52:55.010337+00:00,0.4406815520836972,speculative,UTC-anchored advancement event
shard-011,8273,2026-09-16T19:53:10.924054+00:00,0.6795288826334096,speculative,UTC-anchored advancement event
shard-010,7581,2026-09-16T19:53:33.973228+00:00,0.6405170874999991,speculative,UTC-anchored advancement event
shard-010,7582,2026-09-16T19:53:57.994658+00:00,0.39407505833320705,speculative,UTC-anchored advancement event
shard-010,7583,2026-09-16T19:54:24.574043+00:00,0.4339186458329399,speculative,UTC-anchored advancement event
shard-011,8274,2026-09-16T19:54:34.469745+00:00,1.383723045833176,speculative,UTC-anchored advancement event
shard-010,7584,2026-09-16T19:55:04.503243+00:00,0.6568354756998208,speculative,UTC-anchored advancement event
shard-011,8275,2026-09-16T19:55:25.167667+00:00,0.8368847138830461,speculative,UTC-anchored advancement event
shard-010,7585,2026-09-16T19:55:43.424734+00:00,0.6448896805663632,speculative,UTC-anchored advancement event
shard-011,8276,2026-09-16T19:55:50.989512+00:00,0.4239285472334207,speculative,UTC-anchored advancement event
shard-011,8277,2026-09-16T19:56:27.140414+00:00,0.5948416576337574,speculative,UTC-anchored advancement event
shard-010,7586,2026-09-16T19:56:52.422300+00:00,1.1411636562498946,speculative,UTC-anchored advancement event
shard-011,8278,2026-09-16T19:56:55.102199+00:00,0.45924738611647625,speculative,UTC-anchored advancement event
shard-011,8279,2026-09-16T19:57:26.264233+00:00,0.5114413375000973,speculative,UTC-anchored advancement event
shard-011,8280,2026-09-16T19:57:57.486299+00:00,0.5111881263835433,speculative,UTC-anchored advancement event
shard-010,7587,2026-09-16T19:59:54.209809+00:00,3.0235528194500754,speculative,UTC-anchored advancement event
shard-010,7588,2026-09-16T20:00:54.917413+00:00,1.0026456659664593,speculative,UTC-anchored advancement event
shard-010,7589,2026-09-16T20:08:05.392929+00:00,7.1683889048668785,speculative,UTC-anchored advancement event
shard-010,7590,2026-09-16T20:09:51.764525+00:00,1.7620535735996479,speculative,UTC-anchored advancement event
shard-011,8281,2026-09-16T20:10:30.952187+00:00,12.555074978466534,speculative,UTC-anchored advancement event
shard-010,7591,2026-09-16T20:11:01.298317+00:00,1.148268840983413,speculative,UTC-anchored advancement event
shard-011,8282,2026-09-16T20:11:29.022489+00:00,0.9542283729169867,speculative,UTC-anchored advancement event
shard-010,7592,2026-09-16T20:11:36.368040+00:00,0.5780502798496552,speculative,UTC-anchored advancement event
shard-010,7593,2026-09-16T20:12:20.497242+00:00,0.727026734733469,speculative,UTC-anchored advancement event
shard-011,8283,2026-09-16T20:12:32.836019+00:00,1.0571423430500242,speculative,UTC-anchored advancement event
shard-010,7594,2026-09-16T20:12:42.700533+00:00,0.36067117013347644,speculative,UTC-anchored advancement event
shard-010,7595,2026-09-16T20:13:22.161017+00:00,0.6493349451334022,speculative,UTC-anchored advancement event
shard-011,8284,2026-09-16T20:13:39.193461+00:00,1.0977415562500634,speculative,UTC-anchored advancement event
shard-010,7596,2026-09-16T20:14:41.791682+00:00,1.320495188900289,speculative,UTC-anchored advancement event
shard-010,7597,2026-09-16T20:15:20.567136+00:00,0.6373497888998827,speculative,UTC-anchored advancement event
shard-011,8285,2026-09-16T20:15:20.567136+00:00,1.6797672367999137,speculative,UTC-anchored advancement event
shard-010,7598,2026-09-16T20:16:01.550557+00:00,0.6674479374996736,speculative,UTC-anchored advancement event
shard-010,7599,2026-09-16T20:16:44.434319+00:00,0.7052905041666235,speculative,UTC-anchored advancement event
shard-010,7600,2026-09-16T20:17:27.050928+00:00,0.7016970118003276,speculative,UTC-anchored advancement event
shard-011,8286,2026-09-16T20:17:58.020586+00:00,2.610407713900107,speculative,UTC-anchored advancement event
shard-010,7601,2026-09-16T20:18:10.111277+00:00,0.7114440930667721,speculative,UTC-anchored advancement event
shard-011,8287,2026-09-16T20:18:41.154296+00:00,0.7125827729168426,speculative,UTC-anchored advancement event
shard-010,7602,2026-09-16T20:19:25.521055+00:00,1.2479555756833483,speculative,UTC-anchored advancement event
shard-011,8288,2026-09-16T20:19:27.163349+00:00,0.7575567027670331,speculative,UTC-anchored advancement event
shard-011,8289,2026-09-16T20:19:52.422778+00:00,0.4146875090334409,speculative,UTC-anchored advancement event
shard-011,8290,2026-09-16T20:20:15.333875+00:00,0.37313315208351316,speculative,UTC-anchored advancement event
shard-010,7603,2026-09-16T20:20:27.592308+00:00,1.0259725895831555,speculative,UTC-anchored advancement event
shard-011,8291,2026-09-16T20:20:49.462730+00:00,0.5601287888828665,speculative,UTC-anchored advancement event
shard-010,7604,2026-09-16T20:21:05.231266+00:00,0.6186276430666718,speculative,UTC-anchored advancement event
shard-011,8292,2026-09-16T20:21:25.948740+00:00,0.6014307270830613,speculative,UTC-anchored advancement event
shard-011,8293,2026-09-16T20:22:13.809574+00:00,0.7885989583335079,speculative,UTC-anchored advancement event
shard-010,7605,2026-09-16T20:22:35.372078+00:00,1.4953547270832739,speculative,UTC-anchored advancement event
shard-011,8294,2026-09-16T20:22:54.875020+00:00,0.6780023597166291,speculative,UTC-anchored advancement event
shard-010,7606,2026-09-16T20:23:08.374442+00:00,0.541010672916794,speculative,UTC-anchored advancement event
shard-010,7607,2026-09-16T20:23:40.778813+00:00,0.5313279673670573,speculative,UTC-anchored advancement event
shard-011,8295,2026-09-16T20:23:44.632295+00:00,0.8226998798670441,speculative,UTC-anchored advancement event
shard-010,7608,2026-09-16T20:24:19.607508+00:00,0.6406856999999339,speculative,UTC-anchored advancement event
shard-011,8296,2026-09-16T20:24:28.359710+00:00,0.7197932298498927,speculative,UTC-anchored advancement event
shard-010,7609,2026-09-16T20:25:26.684535+00:00,1.108653359033148,speculative,UTC-anchored advancement event
shard-011,8297,2026-09-16T20:26:45.179297+00:00,2.272063628466761,speculative,UTC-anchored advancement event
shard-010,7610,2026-09-16T20:26:51.665095+00:00,1.4075900041668017,speculative,UTC-anchored advancement event
shard-010,7611,2026-09-16T20:27:28.873092+00:00,0.6115832256832315,speculative,UTC-anchored advancement event
shard-011,8298,2026-09-16T20:27:42.147011+00:00,0.9414223104167225,speculative,UTC-anchored advancement event
shard-011,8299,2026-09-16T20:28:25.305193+00:00,0.7096133166667035,speculative,UTC-anchored advancement event
shard-010,7612,2026-09-16T20:28:38.729464+00:00,1.1577300506833126,speculative,UTC-anchored advancement event
shard-011,8300,2026-09-16T20:29:28.806865+00:00,1.0496363444496335,speculative,UTC-anchored advancement event
shard-011,8301,2026-09-16T20:29:55.040530+00:00,0.4330232611168564,speculative,UTC-anchored advancement event
shard-010,7613,2026-09-16T20:30:10.916677+00:00,1.527456401400074,speculative,UTC-anchored advancement event
shard-011,8302,2026-09-16T20:30:24.558054+00:00,0.4828100576332266,speculative,UTC-anchored advancement event
shard-010,7614,2026-09-16T20:31:07.645553+00:00,0.9364101298497796,speculative,UTC-anchored advancement event
shard-010,7615,2026-09-16T20:31:43.594690+00:00,0.5923586840333883,speculative,UTC-anchored advancement event
shard-010,7616,2026-09-16T20:32:12.318373+00:00,0.4720541465164085,speculative,UTC-anchored advancement event
shard-011,8303,2026-09-16T20:32:23.372494+00:00,1.9705029201330035,speculative,UTC-anchored advancement event
shard-010,7617,2026-09-16T20:32:36.924521+00:00,0.40152564235031607,speculative,UTC-anchored advancement event
shard-010,7618,2026-09-16T20:33:02.360634+00:00,0.4170709583335944,speculative,UTC-anchored advancement event
shard-010,7619,2026-09-16T20:33:43.875925+00:00,0.6853015437499077,speculative,UTC-anchored advancement event
shard-010,7620,2026-09-16T20:34:16.375900+00:00,0.5320239645831558,speculative,UTC-anchored advancement event
shard-010,7621,2026-09-16T20:35:11.170024+00:00,0.904319625700009,speculative,UTC-anchored advancement event
shard-010,7622,2026-09-16T20:35:58.916100+00:00,0.7860536166665649,speculative,UTC-anchored advancement event
shard-011,8304,2026-09-16T20:36:00.458134+00:00,3.611372472216802,speculative,UTC-anchored advancement event
shard-010,7623,2026-09-16T20:37:09.585201+00:00,1.1712194236165183,speculative,UTC-anchored advancement event
shard-011,8305,2026-09-16T20:37:40.961302+00:00,1.6665092249997542,speculative,UTC-anchored advancement event
shard-010,7624,2026-09-16T20:37:56.019783+00:00,0.7635159680663491,speculative,UTC-anchored advancement event
shard-010,7625,2026-09-16T20:38:41.500190+00:00,0.7543424458330265,speculative,UTC-anchored advancement event
shard-010,7626,2026-09-16T20:39:48.494153+00:00,1.1053304638999786,speculative,UTC-anchored advancement event
shard-010,7627,2026-09-16T20:40:34.121558+00:00,0.7511924006830668,speculative,UTC-anchored advancement event
shard-010,7628,2026-09-16T20:41:13.635682+00:00,0.6488160972168164,speculative,UTC-anchored advancement event
shard-010,7629,2026-09-16T20:43:13.942930+00:00,1.9983399173501917,speculative,UTC-anchored advancement event
shard-010,7630,2026-09-16T20:45:09.964013+00:00,1.9262908618164754,speculative,UTC-anchored advancement event
shard-010,7631,2026-09-16T20:46:21.311830+00:00,1.1851721423498627,speculative,UTC-anchored advancement event
shard-011,8306,2026-09-16T20:48:54.992199+00:00,11.230175659016822,speculative,UTC-anchored advancement event
shard-010,7632,2026-09-16T20:49:29.779471+00:00,3.133483040983265,speculative,UTC-anchored advancement event
shard-011,8307,2026-09-16T20:51:19.545988+00:00,2.3974317208330223,speculative,UTC-anchored advancement event
shard-011,8308,2026-09-16T20:52:18.139257+00:00,0.9666457916668151,speculative,UTC-anchored advancement event
shard-011,8309,2026-09-16T20:53:46.199349+00:00,1.4583962638833328,speculative,UTC-anchored advancement event
shard-011,8310,2026-09-16T20:55:10.688997+00:00,1.3993354867998278,speculative,UTC-anchored advancement event
shard-011,8311,2026-09-16T20:56:11.655656+00:00,1.0049972117999764,speculative,UTC-anchored advancement event
shard-011,8312,2026-09-16T20:56:57.596340+00:00,0.7611163993002265,speculative,UTC-anchored advancement event
shard-011,8313,2026-09-16T20:57:47.032634+00:00,0.813454804866827,speculative,UTC-anchored advancement event
shard-011,8314,2026-09-16T20:58:42.798583+00:00,0.9184339847333225,speculative,UTC-anchored advancement event
shard-011,8315,2026-09-16T20:59:40.628715+00:00,0.9531677951502692,speculative,UTC-anchored advancement event
shard-011,8316,2026-09-16T21:00:30.511084+00:00,0.8239981819502039,speculative,UTC-anchored advancement event
shard-011,8317,2026-09-16T21:01:21.122264+00:00,0.8329107055498752,speculative,UTC-anchored advancement event
shard-010,7633,2026-09-16T21:01:33.542390+00:00,12.060953190283422,speculative,UTC-anchored advancement event
shard-011,8318,2026-09-16T21:01:57.027344+00:00,0.590580099299647,speculative,UTC-anchored advancement event
shard-010,7634,2026-09-16T21:02:11.778049+00:00,0.6224375499999345,speculative,UTC-anchored advancement event
shard-011,8319,2026-09-16T21:02:44.572463+00:00,0.7829669555498792,speculative,UTC-anchored advancement event
shard-011,8321,2026-09-16T22:33:48.489008+00:00,0.7746873055502268,speculative,UTC-anchored advancement event
shard-011,8322,2026-09-16T22:34:40.723002+00:00,0.8711571166665332,speculative,UTC-anchored advancement event
shard-010,7636,2026-09-16T22:34:44.854914+00:00,1.552722480550195,speculative,UTC-anchored advancement event
shard-011,8323,2026-09-16T22:35:18.348750+00:00,0.6159376937498261,speculative,UTC-anchored advancement event
shard-010,7637,2026-09-16T22:35:22.468304+00:00,0.6217145138832468,speculative,UTC-anchored advancement event
shard-011,8324,2026-09-16T22:35:47.808658+00:00,0.4801196187496923,speculative,UTC-anchored advancement event
shard-010,7638,2026-09-16T22:36:02.237163+00:00,0.6575887722166953,speculative,UTC-anchored advancement event
shard-011,8325,2026-09-16T22:36:14.715333+00:00,0.4433952770831335,speculative,UTC-anchored advancement event
shard-010,7639,2026-09-16T22:36:40.006404+00:00,0.6190270007001042,speculative,UTC-anchored advancement event
shard-011,8326,2026-09-16T22:36:47.609391+00:00,0.5430759305663135,speculative,UTC-anchored advancement event
shard-010,7640,2026-09-16T22:37:15.175910+00:00,0.5759280777832222,speculative,UTC-anchored advancement event
shard-010,7641,2026-09-16T22:37:49.626081+00:00,0.5691904937499203,speculative,UTC-anchored advancement event
shard-011,8327,2026-09-16T22:38:00.888518+00:00,1.2164115298495743,speculative,UTC-anchored advancement event
shard-010,7642,2026-09-16T22:38:23.811724+00:00,0.5594126264002018,speculative,UTC-anchored advancement event
shard-010,7643,2026-09-16T22:39:08.129605+00:00,0.7276755145833401,speculative,UTC-anchored advancement event
shard-011,8328,2026-09-16T22:39:09.521443+00:00,1.1386072756999055,speculative,UTC-anchored advancement event
shard-010,7644,2026-09-16T22:39:41.707493+00:00,0.560172467349912,speculative,UTC-anchored advancement event
shard-011,8329,2026-09-16T22:39:55.324262+00:00,0.7586220784670634,speculative,UTC-anchored advancement event
shard-010,7645,2026-09-16T22:40:22.942443+00:00,0.6761751326334585,speculative,UTC-anchored advancement event
shard-010,7646,2026-09-16T22:41:02.620903+00:00,0.650384795833088,speculative,UTC-anchored advancement event
shard-011,8330,2026-09-16T22:41:04.021927+00:00,1.139437079866669,speculative,UTC-anchored advancement event
shard-010,7647,2026-09-16T22:41:40.775271+00:00,0.6361544770833765,speculative,UTC-anchored advancement event
shard-010,7648,2026-09-16T22:42:31.982281+00:00,0.8428795888830791,speculative,UTC-anchored advancement event
shard-011,8331,2026-09-16T22:43:00.560100+00:00,1.9372071854168704,speculative,UTC-anchored advancement event
shard-010,7649,2026-09-16T22:43:33.042912+00:00,1.0126355020833822,speculative,UTC-anchored advancement event
shard-011,8332,2026-09-16T22:43:50.945055+00:00,0.8291527652836521,speculative,UTC-anchored advancement event
shard-010,7650,2026-09-16T22:44:08.935689+00:00,0.5984450444331741,speculative,UTC-anchored advancement event
shard-010,7651,2026-09-16T22:44:34.407160+00:00,0.41398698471699996,speculative,UTC-anchored advancement event
shard-010,7652,2026-09-16T22:44:59.421747+00:00,0.411578425700039,speculative,UTC-anchored advancement event
shard-011,8333,2026-09-16T22:45:21.368360+00:00,1.5019136687503003,speculative,UTC-anchored advancement event
shard-010,7653,2026-09-16T22:45:40.530837+00:00,0.6745933756833741,speculative,UTC-anchored advancement event
shard-010,7654,2026-09-16T22:46:15.041912+00:00,0.5700000076331586,speculative,UTC-anchored advancement event
shard-011,8334,2026-09-16T22:46:20.312684+00:00,0.9771731020834219,speculative,UTC-anchored advancement event
shard-010,7655,2026-09-16T22:46:46.765390+00:00,0.5182729639001384,speculative,UTC-anchored advancement event
shard-011,8335,2026-09-16T22:47:13.500808+00:00,0.8813804979164463,speculative,UTC-anchored advancement event
shard-011,8336,2026-09-16T22:48:00.888520+00:00,0.7848593520830036,speculative,UTC-anchored advancement event
shard-010,7656,2026-09-16T22:48:43.458135+00:00,1.9397137638836284,speculative,UTC-anchored advancement event
shard-011,8337,2026-09-16T22:48:45.201048+00:00,0.7330679020834698,speculative,UTC-anchored advancement event
shard-010,7657,2026-09-16T22:49:12.985658+00:00,0.4813617402668266,speculative,UTC-anchored advancement event
shard-011,8338,2026-09-16T22:49:20.621969+00:00,0.5852325513832815,speculative,UTC-anchored advancement event
shard-011,8339,2026-09-16T22:49:47.028327+00:00,0.4349529722336835,speculative,UTC-anchored advancement event
shard-010,7658,2026-09-16T22:50:06.217185+00:00,0.8819898097329618,speculative,UTC-anchored advancement event
shard-011,8340,2026-09-16T22:50:23.610160+00:00,0.6043837757000196,speculative,UTC-anchored advancement event
shard-010,7659,2026-09-16T22:50:54.655168+00:00,0.7966463875001257,speculative,UTC-anchored advancement event
shard-011,8341,2026-09-16T22:51:09.619445+00:00,0.761608652783616,speculative,UTC-anchored advancement event
shard-010,7660,2026-09-16T22:51:32.473805+00:00,0.6195813499997409,speculative,UTC-anchored advancement event
shard-011,8342,2026-09-16T22:51:57.520711+00:00,0.7986243798664266,speculative,UTC-anchored advancement event
shard-010,7661,2026-09-16T22:52:07.540932+00:00,0.5792046798499845,speculative,UTC-anchored advancement event
shard-011,8343,2026-09-16T22:52:56.432224+00:00,0.9709086451335073,speculative,UTC-anchored advancement event
shard-011,8344,2026-09-16T22:54:19.666650+00:00,1.3767205048667772,speculative,UTC-anchored advancement event
shard-010,7662,2026-09-16T22:54:24.577809+00:00,2.2785904909833334,speculative,UTC-anchored advancement event
shard-010,7663,2026-09-16T22:55:00.842428+00:00,0.5940501208334656,speculative,UTC-anchored advancement event
shard-011,8345,2026-09-16T22:55:18.904688+00:00,0.9821159659666592,speculative,UTC-anchored advancement event
shard-010,7664,2026-09-16T22:55:47.602709+00:00,0.7741127138831264,speculative,UTC-anchored advancement event
shard-011,8346,2026-09-16T22:56:13.228255+00:00,0.9002091548502601,speculative,UTC-anchored advancement event
shard-010,7665,2026-09-16T22:56:21.683156+00:00,0.5572993111001172,speculative,UTC-anchored advancement event
shard-010,7666,2026-09-16T22:57:00.226664+00:00,0.632084827083357,speculative,UTC-anchored advancement event
shard-010,7667,2026-09-16T22:57:25.319789+00:00,0.4128205201336338,speculative,UTC-anchored advancement event
shard-010,7668,2026-09-16T22:58:02.123563+00:00,0.6080498222169505,speculative,UTC-anchored advancement event
shard-010,7669,2026-09-16T22:58:46.481164+00:00,0.7287559277664211,speculative,UTC-anchored advancement event
shard-011,8347,2026-09-16T22:59:04.525212+00:00,2.849696516666639,speculative,UTC-anchored advancement event
shard-010,7670,2026-09-16T22:59:32.496637+00:00,0.7615325312498802,speculative,UTC-anchored advancement event
shard-011,8348,2026-09-16T22:59:52.846367+00:00,0.7941609847165334,speculative,UTC-anchored advancement event
shard-010,7671,2026-09-16T23:00:13.244390+00:00,0.6792982201329626,speculative,UTC-anchored advancement event
shard-011,8349,2026-09-16T23:00:57.778087+00:00,1.0767105180503374,speculative,UTC-anchored advancement event
shard-010,7672,2026-09-16T23:01:06.206854+00:00,0.8716625180498038,speculative,UTC-anchored advancement event
shard-010,7673,2026-09-16T23:01:48.191011+00:00,0.6894767527667379,speculative,UTC-anchored advancement event
shard-010,7674,2026-09-16T23:02:41.665367+00:00,0.8855665965335598,speculative,UTC-anchored advancement event
shard-010,7675,2026-09-16T23:03:26.947610+00:00,0.7544495972169292,speculative,UTC-anchored advancement event
shard-011,8350,2026-09-16T23:03:32.235008+00:00,2.5691190326499056,speculative,UTC-anchored advancement event
shard-010,7676,2026-09-16T23:04:01.080731+00:00,0.5580784986169116,speculative,UTC-anchored advancement event
shard-011,8351,2026-09-16T23:04:24.333745+00:00,0.8629480444501193,speculative,UTC-anchored advancement event
shard-010,7677,2026-09-16T23:04:32.789008+00:00,0.5173510562502391,speculative,UTC-anchored advancement event
shard-010,7678,2026-09-16T23:04:59.001801+00:00,0.4370506902831645,speculative,UTC-anchored advancement event
shard-010,7679,2026-09-16T23:05:23.330548+00:00,0.39461555833307405,speculative,UTC-anchored advancement event
shard-011,8352,2026-09-16T23:05:29.436095+00:00,1.0794620194496625,speculative,UTC-anchored advancement event
shard-010,7680,2026-09-16T23:05:51.549611+00:00,0.4649308638831523,speculative,UTC-anchored advancement event
shard-011,8353,2026-09-16T23:06:16.634536+00:00,0.7761476229168086,speculative,UTC-anchored advancement event
shard-010,7681,2026-09-16T23:06:34.711117+00:00,0.7139365909669626,speculative,UTC-anchored advancement event
shard-011,8354,2026-09-16T23:07:02.714297+00:00,0.7623938583332347,speculative,UTC-anchored advancement event
shard-010,7682,2026-09-16T23:07:31.308473+00:00,0.9318084104166094,speculative,UTC-anchored advancement event
shard-011,8355,2026-09-16T23:07:46.253815+00:00,0.7200772562500788,speculative,UTC-anchored advancement event
shard-011,8356,2026-09-16T23:08:17.396120+00:00,0.5132349020830589,speculative,UTC-anchored advancement event
shard-010,7683,2026-09-16T23:09:30.744050+00:00,1.9794940298665702,speculative,UTC-anchored advancement event
shard-010,7684,2026-09-16T23:10:38.750083+00:00,1.1225287444501495,speculative,UTC-anchored advancement event
shard-010,7685,2026-09-16T23:11:39.229695+00:00,1.002179338199979,speculative,UTC-anchored advancement event
shard-010,7686,2026-09-16T23:12:08.300261+00:00,0.4734794368002137,speculative,UTC-anchored advancement event
shard-011,8357,2026-09-16T23:12:31.039299+00:00,4.221665134733485,speculative,UTC-anchored advancement event
shard-010,7687,2026-09-16T23:12:38.326267+00:00,0.4946758722168549,speculative,UTC-anchored advancement event
shard-010,7688,2026-09-16T23:13:15.958964+00:00,0.6165628951329079,speculative,UTC-anchored advancement event
shard-011,8358,2026-09-16T23:13:26.797742+00:00,0.9235915514000226,speculative,UTC-anchored advancement event
shard-010,7689,2026-09-16T23:13:48.022498+00:00,0.5283692402668142,speculative,UTC-anchored advancement event
shard-011,8359,2026-09-16T23:14:01.323314+00:00,0.5633431256996119,speculative,UTC-anchored advancement event
shard-010,7690,2026-09-16T23:14:10.979943+00:00,0.3819159055497342,speculative,UTC-anchored advancement event
shard-011,8360,2026-09-16T23:14:33.402407+00:00,0.5289223923663182,speculative,UTC-anchored advancement event
shard-010,7691,2026-09-16T23:14:46.807016+00:00,0.585804609033221,speculative,UTC-anchored advancement event
shard-011,8361,2026-09-16T23:15:07.826264+00:00,0.5680031993164448,speculative,UTC-anchored advancement event
shard-010,7692,2026-09-16T23:15:31.757620+00:00,0.7373418993001299,speculative,UTC-anchored advancement event
shard-011,8362,2026-09-16T23:15:39.024035+00:00,0.5195198388833281,speculative,UTC-anchored advancement event
shard-010,7693,2026-09-16T23:16:08.199248+00:00,0.6016429270831092,speculative,UTC-anchored advancement event
shard-011,8363,2026-09-16T23:16:18.996223+00:00,0.6552380208333488,speculative,UTC-anchored advancement event
shard-010,7694,2026-09-16T23:16:47.121879+00:00,0.6429685805667152,speculative,UTC-anchored advancement event
shard-011,8364,2026-09-16T23:17:18.057711+00:00,0.9729090784666672,speculative,UTC-anchored advancement event
shard-010,7695,2026-09-16T23:17:36.160619+00:00,0.81151019653286,speculative,UTC-anchored advancement event
shard-010,7696,2026-09-16T23:18:21.928462+00:00,0.7510642263829747,speculative,UTC-anchored advancement event
shard-011,8365,2026-09-16T23:18:44.734800+00:00,1.438905128466528,speculative,UTC-anchored advancement event
shard-010,7697,2026-09-16T23:19:25.625761+00:00,1.0558557951332963,speculative,UTC-anchored advancement event
shard-011,8366,2026-09-16T23:19:32.917484+00:00,0.7919540624997656,speculative,UTC-anchored advancement event
shard-010,7698,2026-09-16T23:20:06.451085+00:00,0.6747530541668918,speculative,UTC-anchored advancement event
shard-011,8367,2026-09-16T23:20:27.609583+00:00,0.9056799610999102,speculative,UTC-anchored advancement event
shard-010,7699,2026-09-16T23:20:54.211351+00:00,0.7842794354165865,speculative,UTC-anchored advancement event
shard-011,8368,2026-09-16T23:21:14.041265+00:00,0.7679521784666576,speculative,UTC-anchored advancement event
shard-011,8369,2026-09-16T23:22:01.632671+00:00,0.7874531916667669,speculative,UTC-anchored advancement event
shard-010,7700,2026-09-16T23:22:31.581703+00:00,1.6169208618167128,speculative,UTC-anchored advancement event
shard-011,8370,2026-09-16T23:22:50.192958+00:00,0.8034116735997183,speculative,UTC-anchored advancement event
shard-010,7701,2026-09-16T23:23:04.856745+00:00,0.5429810347166495,speculative,UTC-anchored advancement event
shard-010,7702,2026-09-16T23:23:29.664452+00:00,0.40146930556705535,speculative,UTC-anchored advancement event
shard-011,8371,2026-09-16T23:23:38.161000+00:00,0.7935804902668072,speculative,UTC-anchored advancement event
shard-010,7703,2026-09-16T23:24:12.400918+00:00,0.7125278368165406,speculative,UTC-anchored advancement event
shard-011,8372,2026-09-16T23:24:16.617105+00:00,0.6354834104170247,speculative,UTC-anchored advancement event
shard-010,7704,2026-09-16T23:24:55.281584+00:00,0.7025510715335258,speculative,UTC-anchored advancement event
shard-011,8373,2026-09-16T23:25:18.898898+00:00,1.0322084889000205,speculative,UTC-anchored advancement event
shard-011,8374,2026-09-16T23:26:16.238945+00:00,0.9497589868168386,speculative,UTC-anchored advancement event
shard-010,7705,2026-09-16T23:26:34.820647+00:00,1.6467272305497318,speculative,UTC-anchored advancement event
shard-011,8375,2026-09-16T23:26:40.978395+00:00,0.4064035208333128,speculative,UTC-anchored advancement event
shard-011,8376,2026-09-16T23:27:26.094434+00:00,0.7460637194497395,speculative,UTC-anchored advancement event
shard-011,8377,2026-09-16T23:28:50.671688+00:00,1.3980012618000426,speculative,UTC-anchored advancement event
shard-011,8378,2026-09-16T23:29:49.488816+00:00,0.9742160694499035,speculative,UTC-anchored advancement event
shard-010,7706,2026-09-16T23:30:27.323564+00:00,3.8690056201332483,speculative,UTC-anchored advancement event
shard-011,8379,2026-09-16T23:30:52.489086+00:00,1.037754301383393,speculative,UTC-anchored advancement event
shard-011,8380,2026-09-16T23:32:16.521043+00:00,1.39490492153321,speculative,UTC-anchored advancement event
shard-011,8381,2026-09-16T23:34:53.394646+00:00,2.602797077766445,speculative,UTC-anchored advancement event
shard-011,8382,2026-09-16T23:35:37.714478+00:00,0.7325425833332702,speculative,UTC-anchored advancement event
shard-010,7707,2026-09-16T23:36:09.234489+00:00,5.698173833333325,speculative,UTC-anchored advancement event
shard-011,8383,2026-09-16T23:36:33.530013+00:00,0.9181038694499876,speculative,UTC-anchored advancement event
shard-010,7708,2026-09-16T23:37:00.433686+00:00,0.8432885291666026,speculative,UTC-anchored advancement event
shard-011,8384,2026-09-16T23:37:17.307385+00:00,0.7181484069500584,speculative,UTC-anchored advancement event
shard-011,8385,2026-09-16T23:37:50.795183+00:00,0.5516901229163825,speculative,UTC-anchored advancement event
shard-010,7709,2026-09-16T23:37:59.695066+00:00,0.9815744930664854,speculative,UTC-anchored advancement event
shard-011,8386,2026-09-16T23:38:11.983778+00:00,0.3416520548669117,speculative,UTC-anchored advancement event
shard-011,8387,2026-09-16T23:38:52.066494+00:00,0.6564204097167627,speculative,UTC-anchored advancement event
shard-011,8388,2026-09-16T23:39:29.321132+00:00,0.6149464381999376,speculative,UTC-anchored advancement event
shard-010,7710,2026-09-16T23:39:48.640045+00:00,1.8099951402832326,speculative,UTC-anchored advancement event
shard-011,8389,2026-09-16T23:40:20.293523+00:00,0.8435472909666715,speculative,UTC-anchored advancement event
shard-010,7711,2026-09-16T23:40:22.948647+00:00,0.5599385708332799,speculative,UTC-anchored advancement event
shard-011,8390,2026-09-16T23:40:59.315194+00:00,0.6442840333329514,speculative,UTC-anchored advancement event
shard-010,7712,2026-09-16T23:41:11.544683+00:00,0.8039260027668206,speculative,UTC-anchored advancement event
shard-011,8391,2026-09-16T23:41:40.407456+00:00,0.6788087361167224,speculative,UTC-anchored advancement event
shard-010,7713,2026-09-16T23:42:03.829785+00:00,0.8654319076333195,speculative,UTC-anchored advancement event
shard-011,8392,2026-09-16T23:42:29.029664+00:00,0.7986154937500639,speculative,UTC-anchored advancement event
shard-010,7714,2026-09-16T23:42:55.399305+00:00,0.8592037270835136,speculative,UTC-anchored advancement event
shard-011,8393,2026-09-16T23:43:21.234368+00:00,0.8640480854165313,speculative,UTC-anchored advancement event
shard-010,7715,2026-09-16T23:43:30.926998+00:00,0.5799419347167714,speculative,UTC-anchored advancement event
shard-011,8394,2026-09-16T23:44:02.534298+00:00,0.682466563883645,speculative,UTC-anchored advancement event
shard-010,7716,2026-09-16T23:44:30.176825+00:00,0.9751949034665207,speculative,UTC-anchored advancement event
shard-011,8395,2026-09-16T23:44:37.508852+00:00,0.5818379173666471,speculative,UTC-anchored advancement event
shard-010,7717,2026-09-16T23:45:11.368683+00:00,0.6806599201333786,speculative,UTC-anchored advancement event
shard-011,8396,2026-09-16T23:45:31.879278+00:00,0.895184756933304,speculative,UTC-anchored advancement event
shard-010,7718,2026-09-16T23:45:50.628141+00:00,0.6483409069502765,speculative,UTC-anchored advancement event
shard-011,8397,2026-09-16T23:45:59.150542+00:00,0.44194336596653255,speculative,UTC-anchored advancement event
shard-011,8398,2026-09-16T23:46:36.280440+00:00,0.613082888883461,speculative,UTC-anchored advancement event
shard-010,7719,2026-09-16T23:46:44.021135+00:00,0.8837457076335947,speculative,UTC-anchored advancement event
shard-011,8399,2026-09-16T23:46:58.769534+00:00,0.36300466111667146,speculative,UTC-anchored advancement event
shard-011,8400,2026-09-16T23:47:28.006414+00:00,0.4754616777829748,speculative,UTC-anchored advancement event
shard-010,7720,2026-09-16T23:47:30.670502+00:00,0.7713952937498106,speculative,UTC-anchored advancement event
shard-011,8401,2026-09-16T23:47:59.498222+00:00,0.518836820833288,speculative,UTC-anchored advancement event
shard-010,7721,2026-09-16T23:48:19.213850+00:00,0.8032520416668073,speculative,UTC-anchored advancement event
shard-011,8402,2026-09-16T23:48:34.926817+00:00,0.578722960416538,speculative,UTC-anchored advancement event
shard-010,7722,2026-09-16T23:49:12.513950+00:00,0.8823221104166199,speculative,UTC-anchored advancement event
shard-011,8403,2026-09-16T23:49:47.312491+00:00,1.200505629866772,speculative,UTC-anchored advancement event
shard-010,7723,2026-09-16T23:50:07.875049+00:00,0.9166221020835413,speculative,UTC-anchored advancement event
shard-011,8404,2026-09-16T23:50:50.364967+00:00,1.044729952083435,speculative,UTC-anchored advancement event
shard-010,7724,2026-09-16T23:51:08.502488+00:00,0.997829281950059,speculative,UTC-anchored advancement event
shard-011,8405,2026-09-16T23:51:39.998352+00:00,0.8209674541663844,speculative,UTC-anchored advancement event
shard-010,7725,2026-09-16T23:51:48.485018+00:00,0.6602393479164069,speculative,UTC-anchored advancement event
shard-010,7726,2026-09-16T23:52:30.231402+00:00,0.6899407569498484,speculative,UTC-anchored advancement event
shard-010,7727,2026-09-16T23:53:22.909507+00:00,0.8661990479168404,speculative,UTC-anchored advancement event
shard-011,8406,2026-09-16T23:54:05.768290+00:00,2.4233942187497934,speculative,UTC-anchored advancement event
shard-011,8407,2026-09-16T23:54:44.468305+00:00,0.6333535083336755,speculative,UTC-anchored advancement event
shard-010,7728,2026-09-16T23:54:57.916837+00:00,1.5772522930497266,speculative,UTC-anchored advancement event
shard-011,8408,2026-09-16T23:55:20.978279+00:00,0.6023487472169412,speculative,UTC-anchored advancement event
shard-011,8409,2026-09-16T23:55:54.952246+00:00,0.5538151742997192,speculative,UTC-anchored advancement event
shard-011,8410,2026-09-16T23:56:21.360872+00:00,0.4341843645830522,speculative,UTC-anchored advancement event
shard-011,8411,2026-09-16T23:56:57.180811+00:00,0.5963586187499459,speculative,UTC-anchored advancement event
shard-011,8412,2026-09-16T23:57:32.415713+00:00,0.5753796382001989,speculative,UTC-anchored advancement event
shard-011,8413,2026-09-16T23:58:20.096423+00:00,0.788500970149956,speculative,UTC-anchored advancement event
shard-011,8414,2026-09-16T23:59:03.556065+00:00,0.7122403569500118,speculative,UTC-anchored advancement event
shard-011,8415,2026-09-16T23:59:49.944126+00:00,0.7667805312502121,speculative,UTC-anchored advancement event
shard-011,8416,2026-09-17T00:02:27.014084+00:00,2.611742818066462,speculative,UTC-anchored advancement event
shard-011,8417,2026-09-17T00:07:40.808554+00:00,5.229900514583278,speculative,UTC-anchored advancement event
shard-011,8418,2026-09-17T00:10:23.202366+00:00,2.6930513930502156,speculative,UTC-anchored advancement event
shard-011,8419,2026-09-17T00:13:35.429627+00:00,3.197381990283611,speculative,UTC-anchored advancement event
shard-010,7729,2026-09-17T00:13:51.807486+00:00,18.897835824999976,speculative,UTC-anchored advancement event
shard-011,8420,2026-09-17T00:14:12.849218+00:00,0.6226741777665059,speculative,UTC-anchored advancement event
shard-011,8421,2026-09-17T00:14:43.645974+00:00,0.5008102923665623,speculative,UTC-anchored advancement event
shard-010,7730,2026-09-17T00:15:03.075242+00:00,1.1769646416670487,speculative,UTC-anchored advancement event
shard-011,8422,2026-09-17T00:15:12.098724+00:00,0.467642945133169,speculative,UTC-anchored advancement event
shard-011,8423,2026-09-17T00:15:36.472076+00:00,0.3997462652832231,speculative,UTC-anchored advancement event
shard-011,8424,2026-09-17T00:16:06.546249+00:00,0.49533376944988655,speculative,UTC-anchored advancement event
shard-010,7731,2026-09-17T00:17:09.440006+00:00,2.093964909016601,speculative,UTC-anchored advancement event
shard-011,8425,2026-09-17T00:17:51.259848+00:00,1.7332289166666064,speculative,UTC-anchored advancement event
shard-010,7732,2026-09-17T00:18:12.259311+00:00,1.0405332756999996,speculative,UTC-anchored advancement event
shard-011,8426,2026-09-17T00:18:49.132698+00:00,0.9528469972166931,speculative,UTC-anchored advancement event
shard-010,7733,2026-09-17T00:18:57.668675+00:00,0.7504810270829088,speculative,UTC-anchored advancement event
shard-011,8427,2026-09-17T00:19:26.857601+00:00,0.6223733069496423,speculative,UTC-anchored advancement event
shard-011,8428,2026-09-17T00:20:24.939393+00:00,0.9617948388831186,speculative,UTC-anchored advancement event
shard-010,7734,2026-09-17T00:20:30.325781+00:00,1.53262108125006,speculative,UTC-anchored advancement event
shard-011,8429,2026-09-17T00:21:13.314677+00:00,0.7943596979166614,speculative,UTC-anchored advancement event
shard-010,7735,2026-09-17T00:21:17.163322+00:00,0.7743185305667187,speculative,UTC-anchored advancement event
shard-010,7736,2026-09-17T00:21:49.912486+00:00,0.5340930868003245,speculative,UTC-anchored advancement event
shard-011,8430,2026-09-17T00:21:56.107029+00:00,0.7068569750001188,speculative,UTC-anchored advancement event
shard-010,7737,2026-09-17T00:22:18.924660+00:00,0.4827941027833731,speculative,UTC-anchored advancement event
shard-011,8431,2026-09-17T00:22:33.971031+00:00,0.6249256534831754,speculative,UTC-anchored advancement event
shard-010,7738,2026-09-17T00:22:42.600886+00:00,0.382531584733321,speculative,UTC-anchored advancement event
shard-011,8432,2026-09-17T00:23:01.181511+00:00,0.4469591652833818,speculative,UTC-anchored advancement event
shard-011,8433,2026-09-17T00:23:25.228986+00:00,0.39449200276624957,speculative,UTC-anchored advancement event
shard-010,7739,2026-09-17T00:23:26.742673+00:00,0.7242958305500603,speculative,UTC-anchored advancement event
shard-011,8434,2026-09-17T00:23:47.845558+00:00,0.37046269721662006,speculative,UTC-anchored advancement event
shard-010,7740,2026-09-17T00:24:02.426729+00:00,0.5832652041664308,speculative,UTC-anchored advancement event
shard-011,8435,2026-09-17T00:24:24.178545+00:00,0.6049474687499848,speculative,UTC-anchored advancement event
shard-010,7741,2026-09-17T00:24:45.306063+00:00,0.708326975700038,speculative,UTC-anchored advancement event
shard-011,8436,2026-09-17T00:25:05.906602+00:00,0.6831379305503409,speculative,UTC-anchored advancement event
shard-010,7742,2026-09-17T00:25:45.944419+00:00,1.0040450055496573,speculative,UTC-anchored advancement event
shard-011,8437,2026-09-17T00:26:06.508540+00:00,0.9976840347337809,speculative,UTC-anchored advancement event
shard-010,7743,2026-09-17T00:26:35.396495+00:00,0.8235498284663966,speculative,UTC-anchored advancement event
shard-011,8438,2026-09-17T00:26:56.504739+00:00,0.8267958062502051,speculative,UTC-anchored advancement event
shard-010,7744,2026-09-17T00:27:17.142941+00:00,0.6835247826500563,speculative,UTC-anchored advancement event
shard-011,8439,2026-09-17T00:27:38.264771+00:00,0.6895988840333303,speculative,UTC-anchored advancement event
shard-010,7745,2026-09-17T00:28:08.355074+00:00,0.8416809847166102,speculative,UTC-anchored advancement event
shard-011,8440,2026-09-17T00:28:32.375766+00:00,0.8952380819333484,speculative,UTC-anchored advancement event
shard-010,7746,2026-09-17T00:28:58.195923+00:00,0.8242499416664941,speculative,UTC-anchored advancement event
shard-011,8441,2026-09-17T00:29:30.481363+00:00,0.9561934430666346,speculative,UTC-anchored advancement event
shard-010,7747,2026-09-17T00:29:32.340323+00:00,0.5625969125001575,speculative,UTC-anchored advancement event
shard-011,8442,2026-09-17T00:30:08.608249+00:00,0.623437438182979,speculative,UTC-anchored advancement event
shard-010,7748,2026-09-17T00:30:27.973153+00:00,0.9207081569499375,speculative,UTC-anchored advancement event
shard-011,8443,2026-09-17T00:30:52.611888+00:00,0.7269877812500151,speculative,UTC-anchored advancement event
shard-010,7749,2026-09-17T00:31:14.247611+00:00,0.7586872319331935,speculative,UTC-anchored advancement event
shard-011,8444,2026-09-17T00:31:20.488190+00:00,0.4634578590334665,speculative,UTC-anchored advancement event
shard-011,8445,2026-09-17T00:31:43.847802+00:00,0.3778066937496381,speculative,UTC-anchored advancement event
shard-010,7750,2026-09-17T00:31:51.235636+00:00,0.6099875409670251,speculative,UTC-anchored advancement event
shard-011,8446,2026-09-17T00:32:05.154518+00:00,0.3486479187500663,speculative,UTC-anchored advancement event
shard-011,8447,2026-09-17T00:32:31.670762+00:00,0.4354081263833602,speculative,UTC-anchored advancement event
shard-010,7751,2026-09-17T00:32:37.894851+00:00,0.7660954458333435,speculative,UTC-anchored advancement event
shard-011,8448,2026-09-17T00:33:20.141287+00:00,0.8013541326334235,speculative,UTC-anchored advancement event
shard-010,7752,2026-09-17T00:33:32.339559+00:00,0.8957459798664786,speculative,UTC-anchored advancement event
shard-011,8449,2026-09-17T00:33:48.643986+00:00,0.4685157374997895,speculative,UTC-anchored advancement event
shard-011,8450,2026-09-17T00:34:13.935639+00:00,0.4151239347163937,speculative,UTC-anchored advancement event
shard-010,7753,2026-09-17T00:34:40.329497+00:00,1.120944089583645,speculative,UTC-anchored advancement event
shard-011,8451,2026-09-17T00:34:50.558954+00:00,0.6039547499996842,speculative,UTC-anchored advancement event
shard-011,8452,2026-09-17T00:35:17.269660+00:00,0.43874808125013565,speculative,UTC-anchored advancement event
shard-011,8453,2026-09-17T00:36:16.140170+00:00,0.9692834694496317,speculative,UTC-anchored advancement event
shard-010,7754,2026-09-17T00:36:55.645411+00:00,2.2428786492998674,speculative,UTC-anchored advancement event
shard-011,8454,2026-09-17T00:37:09.099082+00:00,0.8760594930499792,speculative,UTC-anchored advancement event
shard-011,8455,2026-09-17T00:37:49.125553+00:00,0.6544765895834037,speculative,UTC-anchored advancement event
shard-010,7755,2026-09-17T00:38:03.730730+00:00,1.1282317118166247,speculative,UTC-anchored advancement event
shard-011,8456,2026-09-17T00:38:22.428683+00:00,0.5486386506997708,speculative,UTC-anchored advancement event
shard-010,7756,2026-09-17T00:38:52.466369+00:00,0.8000170763829374,speculative,UTC-anchored advancement event
shard-011,8457,2026-09-17T00:38:58.714913+00:00,0.5980368507002519,speculative,UTC-anchored advancement event
shard-011,8458,2026-09-17T00:39:40.966580+00:00,0.6924292611166796,speculative,UTC-anchored advancement event
shard-010,7757,2026-09-17T00:39:48.400793+00:00,0.9255280340332926,speculative,UTC-anchored advancement event
shard-011,8459,2026-09-17T00:40:18.391206+00:00,0.622758206250243,speculative,UTC-anchored advancement event
shard-010,7758,2026-09-17T00:40:28.570163+00:00,0.663260113200037,speculative,UTC-anchored advancement event
shard-011,8460,2026-09-17T00:40:54.002794+00:00,0.5813181097168126,speculative,UTC-anchored advancement event
shard-010,7759,2026-09-17T00:40:58.277861+00:00,0.48859678541630275,speculative,UTC-anchored advancement event
shard-010,7760,2026-09-17T00:41:32.127323+00:00,0.5576055139002468,speculative,UTC-anchored advancement event
shard-011,8461,2026-09-17T00:41:37.196960+00:00,0.7073548506833807,speculative,UTC-anchored advancement event
shard-010,7761,2026-09-17T00:42:00.598293+00:00,0.46793230069985536,speculative,UTC-anchored advancement event
shard-011,8462,2026-09-17T00:42:22.353388+00:00,0.7408653652833891,speculative,UTC-anchored advancement event
shard-010,7762,2026-09-17T00:42:35.041399+00:00,0.5674460729166942,speculative,UTC-anchored advancement event
shard-011,8463,2026-09-17T00:43:15.920225+00:00,0.8802544909665205,speculative,UTC-anchored advancement event
shard-010,7763,2026-09-17T00:43:23.328298+00:00,0.7978963638830464,speculative,UTC-anchored advancement event
shard-011,8464,2026-09-17T00:43:50.395907+00:00,0.5679872152832104,speculative,UTC-anchored advancement event
shard-010,7764,2026-09-17T00:44:05.021845+00:00,0.6832976020833788,speculative,UTC-anchored advancement event
shard-011,8465,2026-09-17T00:44:36.371843+00:00,0.7650311187496602,speculative,UTC-anchored advancement event
shard-010,7765,2026-09-17T00:45:10.511027+00:00,1.0848066618001515,speculative,UTC-anchored advancement event
shard-011,8466,2026-09-17T00:45:16.760900+00:00,0.6608879159670323,speculative,UTC-anchored advancement event
shard-011,8467,2026-09-17T00:46:09.700235+00:00,0.8707294916666191,speculative,UTC-anchored advancement event
shard-010,7766,2026-09-17T00:46:12.404412+00:00,1.0248496152669153,speculative,UTC-anchored advancement event
shard-010,7767,2026-09-17T00:47:00.025106+00:00,0.7873882694334801,speculative,UTC-anchored advancement event
shard-011,8468,2026-09-17T00:47:09.013171+00:00,0.981871202783077,speculative,UTC-anchored advancement event
shard-011,8469,2026-09-17T00:47:39.158919+00:00,0.49587318263365887,speculative,UTC-anchored advancement event
shard-010,7768,2026-09-17T00:47:57.702044+00:00,0.9488421006836385,speculative,UTC-anchored advancement event
shard-011,8470,2026-09-17T00:48:13.533833+00:00,0.5608917118001652,speculative,UTC-anchored advancement event
shard-010,7769,2026-09-17T00:48:53.838885+00:00,0.9283129729165618,speculative,UTC-anchored advancement event
shard-011,8471,2026-09-17T00:49:20.458125+00:00,1.1086548069501683,speculative,UTC-anchored advancement event
shard-010,7770,2026-09-17T00:50:09.090002+00:00,1.2421190965163986,speculative,UTC-anchored advancement event
shard-011,8472,2026-09-17T00:50:40.680236+00:00,1.3304715395832318,speculative,UTC-anchored advancement event
shard-010,7771,2026-09-17T00:50:44.542742+00:00,0.5787955090330797,speculative,UTC-anchored advancement event
shard-011,8473,2026-09-17T00:51:02.665744+00:00,0.3599629263834989,speculative,UTC-anchored advancement event
shard-010,7772,2026-09-17T00:51:06.912931+00:00,0.36630805694973484,speculative,UTC-anchored advancement event
shard-010,7773,2026-09-17T00:51:40.526602+00:00,0.5537698999998004,speculative,UTC-anchored advancement event
shard-011,8474,2026-09-17T00:51:48.312884+00:00,0.7484543465165189,speculative,UTC-anchored advancement event
shard-010,7774,2026-09-17T00:52:01.932861+00:00,0.34454337848340705,speculative,UTC-anchored advancement event
shard-010,7775,2026-09-17T00:52:38.061532+00:00,0.5954956361165387,speculative,UTC-anchored advancement event
shard-011,8475,2026-09-17T00:53:06.232262+00:00,1.2920291590169655,speculative,UTC-anchored advancement event
shard-010,7776,2026-09-17T00:53:42.271114+00:00,1.0579449493001447,speculative,UTC-anchored advancement event
shard-011,8476,2026-09-17T00:53:53.253823+00:00,0.776668852083094,speculative,UTC-anchored advancement event
shard-010,7777,2026-09-17T00:54:11.933855+00:00,0.4877114617998207,speculative,UTC-anchored advancement event
shard-010,7778,2026-09-17T00:55:50.654923+00:00,1.6384468277833852,speculative,UTC-anchored advancement event
shard-011,8477,2026-09-17T00:56:37.865782+00:00,2.731132804866259,speculative,UTC-anchored advancement event
shard-011,8478,2026-09-17T00:57:20.978518+00:00,0.7117354777665847,speculative,UTC-anchored advancement event
shard-011,8479,2026-09-17T00:57:58.358129+00:00,0.6159399763831365,speculative,UTC-anchored advancement event
shard-011,8480,2026-09-17T00:58:33.790831+00:00,0.5781870770835666,speculative,UTC-anchored advancement event
shard-010,7779,2026-09-17T00:59:00.368838+00:00,3.1496091986167207,speculative,UTC-anchored advancement event
shard-011,8481,2026-09-17T00:59:08.234391+00:00,0.5673417152832069,speculative,UTC-anchored advancement event
shard-011,8482,2026-09-17T00:59:48.016736+00:00,0.656378888200076,speculative,UTC-anchored advancement event
shard-011,8483,2026-09-17T01:00:22.924892+00:00,0.5750480805669212,speculative,UTC-anchored advancement event
shard-011,8484,2026-09-17T01:01:04.330313+00:00,0.677212731950082,speculative,UTC-anchored advancement event
shard-011,8485,2026-09-17T01:01:45.098699+00:00,0.6726922138836623,speculative,UTC-anchored advancement event
shard-011,8486,2026-09-17T01:02:37.645894+00:00,0.8745181881837197,speculative,UTC-anchored advancement event
shard-010,7780,2026-09-17T01:02:43.120880+00:00,3.699808881250404,speculative,UTC-anchored advancement event
shard-011,8487,2026-09-17T01:03:16.915783+00:00,0.6419134937498409,speculative,UTC-anchored advancement event
shard-010,7781,2026-09-17T01:03:42.862925+00:00,0.9888717382001535,speculative,UTC-anchored advancement event
shard-011,8488,2026-09-17T01:03:57.526314+00:00,0.6641910562500318,speculative,UTC-anchored advancement event
shard-011,8489,2026-09-17T01:04:48.928682+00:00,0.8498649243163527,speculative,UTC-anchored advancement event
shard-011,8490,2026-09-17T01:05:30.203191+00:00,0.6752688027666106,speculative,UTC-anchored advancement event
shard-011,8491,2026-09-17T01:06:06.273584+00:00,0.5942354645832286,speculative,UTC-anchored advancement event
shard-011,8492,2026-09-17T01:06:36.837644+00:00,0.49681777499984797,speculative,UTC-anchored advancement event
shard-011,8493,2026-09-17T01:07:15.130643+00:00,0.631439590283359,speculative,UTC-anchored advancement event
shard-011,8494,2026-09-17T01:08:25.003085+00:00,1.1576525999999527,speculative,UTC-anchored advancement event
shard-010,7782,2026-09-17T01:09:55.248030+00:00,6.205530645150187,speculative,UTC-anchored advancement event
shard-010,7783,2026-09-17T01:10:38.500201+00:00,0.709238206250302,speculative,UTC-anchored advancement event
shard-011,8495,2026-09-17T01:11:00.840507+00:00,2.583887328466517,speculative,UTC-anchored advancement event
shard-010,7784,2026-09-17T01:11:13.091565+00:00,0.563481590966694,speculative,UTC-anchored advancement event
shard-010,7785,2026-09-17T01:11:51.428349+00:00,0.6319464312497681,speculative,UTC-anchored advancement event
shard-010,7786,2026-09-17T01:12:30.216636+00:00,0.6338798479167357,speculative,UTC-anchored advancement event
shard-011,8496,2026-09-17T01:12:47.191517+00:00,1.7653250020831668,speculative,UTC-anchored advancement event
shard-010,7787,2026-09-17T01:13:11.863072+00:00,0.687136692366524,speculative,UTC-anchored advancement event
shard-011,8497,2026-09-17T01:13:44.254399+00:00,0.9382642673498292,speculative,UTC-anchored advancement event
shard-010,7788,2026-09-17T01:13:49.310646+00:00,0.6169962736166781,speculative,UTC-anchored advancement event
shard-010,7789,2026-09-17T01:14:30.451098+00:00,0.6736466576335564,speculative,UTC-anchored advancement event
shard-010,7790,2026-09-17T01:15:32.525708+00:00,1.0275248298664035,speculative,UTC-anchored advancement event
shard-010,7791,2026-09-17T01:16:15.639820+00:00,0.7170178041667289,speculative,UTC-anchored advancement event
shard-010,7792,2026-09-17T01:17:03.912005+00:00,0.7920815263836024,speculative,UTC-anchored advancement event
shard-010,7793,2026-09-17T01:17:45.827816+00:00,0.691584095833241,speculative,UTC-anchored advancement event
shard-010,7794,2026-09-17T01:18:26.957387+00:00,0.6731278819497675,speculative,UTC-anchored advancement event
shard-010,7795,2026-09-17T01:19:54.842461+00:00,1.4581870868001716,speculative,UTC-anchored advancement event
shard-010,7796,2026-09-17T01:24:03.677225+00:00,4.139084328466561,speculative,UTC-anchored advancement event
shard-010,7797,2026-09-17T01:27:23.234055+00:00,3.318552931250209,speculative,UTC-anchored advancement event
shard-010,7798,2026-09-17T01:30:35.129471+00:00,3.1839389673667027,speculative,UTC-anchored advancement event
shard-010,7799,2026-09-17T01:32:23.982730+00:00,1.8065547097333667,speculative,UTC-anchored advancement event
shard-010,7800,2026-09-17T01:34:33.526405+00:00,2.144606784733575,speculative,UTC-anchored advancement event
shard-011,8498,2026-09-17T01:36:38.781660+00:00,22.915126631250313,speculative,UTC-anchored advancement event
shard-010,7801,2026-09-17T01:36:45.929179+00:00,2.1988124472331645,speculative,UTC-anchored advancement event
shard-010,7802,2026-09-17T01:38:17.627263+00:00,1.5211211770831141,speculative,UTC-anchored advancement event
shard-010,7803,2026-09-17T01:39:02.456617+00:00,0.7343407319499723,speculative,UTC-anchored advancement event
shard-011,8499,2026-09-17T01:39:18.418540+00:00,2.6403675145833403,speculative,UTC-anchored advancement event
shard-010,7804,2026-09-17T01:39:51.468316+00:00,0.809520554850072,speculative,UTC-anchored advancement event
shard-011,8500,2026-09-17T01:40:16.968781+00:00,0.9627265249999861,speculative,UTC-anchored advancement event
shard-010,7805,2026-09-17T01:40:25.625881+00:00,0.5619582736001273,speculative,UTC-anchored advancement event
shard-010,7806,2026-09-17T01:41:09.266161+00:00,0.7141574791666547,speculative,UTC-anchored advancement event
shard-011,8501,2026-09-17T01:41:19.130261+00:00,1.028719859716269,speculative,UTC-anchored advancement event
shard-010,7807,2026-09-17T01:41:45.767117+00:00,0.6063506215330563,speculative,UTC-anchored advancement event
shard-011,8502,2026-09-17T01:42:07.023222+00:00,0.7911777305499224,speculative,UTC-anchored advancement event
shard-010,7808,2026-09-17T01:42:26.536087+00:00,0.6664298694503183,speculative,UTC-anchored advancement event
shard-011,8503,2026-09-17T01:42:45.280060+00:00,0.6302380944500328,speculative,UTC-anchored advancement event
shard-010,7809,2026-09-17T01:42:58.835494+00:00,0.5251119062498523,speculative,UTC-anchored advancement event
shard-011,8504,2026-09-17T01:43:20.688942+00:00,0.582821261099889,speculative,UTC-anchored advancement event
shard-010,7810,2026-09-17T01:43:30.942396+00:00,0.5282177867998447,speculative,UTC-anchored advancement event
shard-011,8505,2026-09-17T01:43:52.923543+00:00,0.5241443263997402,speculative,UTC-anchored advancement event
shard-010,7811,2026-09-17T01:44:02.726248+00:00,0.5278448486167083,speculative,UTC-anchored advancement event
shard-011,8506,2026-09-17T01:44:36.899763+00:00,0.7256065743000363,speculative,UTC-anchored advancement event
shard-010,7812,2026-09-17T01:44:45.529739+00:00,0.7003582187501404,speculative,UTC-anchored advancement event
shard-010,7813,2026-09-17T01:45:25.515024+00:00,0.6538478486002229,speculative,UTC-anchored advancement event
shard-011,8507,2026-09-17T01:45:30.623860+00:00,0.8880677145833034,speculative,UTC-anchored advancement event
shard-010,7814,2026-09-17T01:46:05.495965+00:00,0.6590258631830996,speculative,UTC-anchored advancement event
shard-011,8508,2026-09-17T01:46:15.769466+00:00,0.7454952701334453,speculative,UTC-anchored advancement event
shard-010,7815,2026-09-17T01:46:45.997141+00:00,0.6620407277834601,speculative,UTC-anchored advancement event
shard-011,8509,2026-09-17T01:47:07.899092+00:00,0.8615561861166497,speculative,UTC-anchored advancement event
shard-010,7816,2026-09-17T01:47:31.396408+00:00,0.7492398000002141,speculative,UTC-anchored advancement event
shard-011,8510,2026-09-17T01:47:56.807298+00:00,0.8018455222331492,speculative,UTC-anchored advancement event
shard-010,7817,2026-09-17T01:48:16.653276+00:00,0.7468760506836891,speculative,UTC-anchored advancement event
shard-010,7818,2026-09-17T01:48:46.626747+00:00,0.4922976423666114,speculative,UTC-anchored advancement event
shard-011,8511,2026-09-17T01:48:55.261631+00:00,0.961262012500083,speculative,UTC-anchored advancement event
shard-010,7819,2026-09-17T01:49:29.349850+00:00,0.7047783722329768,speculative,UTC-anchored advancement event
shard-011,8512,2026-09-17T01:49:46.311517+00:00,0.838320450700121,speculative,UTC-anchored advancement event
shard-010,7820,2026-09-17T01:49:55.406649+00:00,0.42703577221691374,speculative,UTC-anchored advancement event
shard-011,8513,2026-09-17T01:50:12.603505+00:00,0.42489518473351684,speculative,UTC-anchored advancement event
shard-010,7821,2026-09-17T01:50:27.289662+00:00,0.52417928124972,speculative,UTC-anchored advancement event
shard-011,8514,2026-09-17T01:50:38.864785+00:00,0.4303605527830465,speculative,UTC-anchored advancement event
shard-011,8515,2026-09-17T01:51:00.836211+00:00,0.35884707083314427,speculative,UTC-anchored advancement event
shard-010,7822,2026-09-17T01:51:08.329732+00:00,0.6706791402665355,speculative,UTC-anchored advancement event
shard-011,8516,2026-09-17T01:51:29.351449+00:00,0.4676383444336049,speculative,UTC-anchored advancement event
shard-011,8517,2026-09-17T01:51:54.768340+00:00,0.4162928069500291,speculative,UTC-anchored advancement event
shard-010,7823,2026-09-17T01:52:03.433667+00:00,0.911450189583411,speculative,UTC-anchored advancement event
shard-011,8518,2026-09-17T01:52:28.112737+00:00,0.5484041979162915,speculative,UTC-anchored advancement event
shard-011,8519,2026-09-17T01:52:59.463426+00:00,0.5150112305496198,speculative,UTC-anchored advancement event
shard-010,7824,2026-09-17T01:53:03.808866+00:00,0.9933356201334391,speculative,UTC-anchored advancement event
shard-011,8520,2026-09-17T01:53:24.670077+00:00,0.406798222916647,speculative,UTC-anchored advancement event
shard-010,7825,2026-09-17T01:53:53.646865+00:00,0.8233803958331313,speculative,UTC-anchored advancement event
shard-011,8521,2026-09-17T01:54:07.648897+00:00,0.7089382201501091,speculative,UTC-anchored advancement event
shard-011,8522,2026-09-17T01:54:30.824087+00:00,0.37869599515009517,speculative,UTC-anchored advancement event
shard-011,8523,2026-09-17T01:54:54.927131+00:00,0.39972071249988705,speculative,UTC-anchored advancement event
shard-011,8524,2026-09-17T01:55:22.031226+00:00,0.43859587430003255,speculative,UTC-anchored advancement event
shard-010,7826,2026-09-17T01:55:23.642258+00:00,1.486779963882873,speculative,UTC-anchored advancement event
shard-011,8525,2026-09-17T01:56:10.011954+00:00,0.7922869076331457,speculative,UTC-anchored advancement event
shard-010,7827,2026-09-17T01:56:53.272494+00:00,1.4866089791665824,speculative,UTC-anchored advancement event
shard-010,7828,2026-09-17T01:58:28.448477+00:00,1.5787023604168402,speculative,UTC-anchored advancement event
shard-010,7829,2026-09-17T01:58:56.757967+00:00,0.4602942465164233,speculative,UTC-anchored advancement event
shard-011,8526,2026-09-17T01:58:56.757967+00:00,2.7715889999997065,speculative,UTC-anchored advancement event
shard-010,7830,2026-09-17T01:59:46.389197+00:00,0.813126188183378,speculative,UTC-anchored advancement event
shard-011,8527,2026-09-17T01:59:53.099228+00:00,0.9269926263834349,speculative,UTC-anchored advancement event
shard-010,7831,2026-09-17T02:00:21.051755+00:00,0.5647223611168253,speculative,UTC-anchored advancement event
shard-011,8528,2026-09-17T02:00:36.295024+00:00,0.7125487993000813,speculative,UTC-anchored advancement event
shard-010,7832,2026-09-17T02:01:00.593092+00:00,0.6459013895830139,speculative,UTC-anchored advancement event
shard-011,8529,2026-09-17T02:01:16.541259+00:00,0.6631164729163478,speculative,UTC-anchored advancement event
shard-010,7833,2026-09-17T02:01:38.906102+00:00,0.6309524055502455,speculative,UTC-anchored advancement event
shard-010,7834,2026-09-17T02:02:01.903441+00:00,0.3757000361166623,speculative,UTC-anchored advancement event
shard-011,8530,2026-09-17T02:02:04.697400+00:00,0.7890892340331145,speculative,UTC-anchored advancement event
shard-010,7835,2026-09-17T02:02:29.427574+00:00,0.45127440833311994,speculative,UTC-anchored advancement event
shard-011,8531,2026-09-17T02:03:03.197048+00:00,0.9622974055499072,speculative,UTC-anchored advancement event
shard-010,7836,2026-09-17T02:03:06.367431+00:00,0.6077988757000033,speculative,UTC-anchored advancement event
shard-010,7837,2026-09-17T02:03:53.282543+00:00,0.7743029367998436,speculative,UTC-anchored advancement event
shard-011,8532,2026-09-17T02:03:54.885508+00:00,0.8478788173670182,speculative,UTC-anchored advancement event
shard-010,7838,2026-09-17T02:04:30.321174+00:00,0.6100433027832575,speculative,UTC-anchored advancement event
shard-010,7839,2026-09-17T02:05:08.769411+00:00,0.6332690673666851,speculative,UTC-anchored advancement event
shard-010,7840,2026-09-17T02:05:55.492141+00:00,0.7708967104166126,speculative,UTC-anchored advancement event
shard-011,8533,2026-09-17T02:06:34.487260+00:00,2.647379547216891,speculative,UTC-anchored advancement event
shard-010,7841,2026-09-17T02:06:39.627446+00:00,0.7223752701334888,speculative,UTC-anchored advancement event
shard-010,7842,2026-09-17T02:07:16.091207+00:00,0.5950789972334557,speculative,UTC-anchored advancement event
shard-011,8534,2026-09-17T02:07:28.311231+00:00,0.8893132909666747,speculative,UTC-anchored advancement event
shard-010,7843,2026-09-17T02:07:40.626533+00:00,0.4013175180497152,speculative,UTC-anchored advancement event
shard-011,8535,2026-09-17T02:08:04.091725+00:00,0.5887904027835854,speculative,UTC-anchored advancement event
shard-010,7844,2026-09-17T02:08:09.258088+00:00,0.46381161943330274,speculative,UTC-anchored advancement event
shard-010,7845,2026-09-17T02:08:59.508373+00:00,0.8301891972170172,speculative,UTC-anchored advancement event
shard-011,8536,2026-09-17T02:09:25.434999+00:00,1.3482275722165165,speculative,UTC-anchored advancement event
shard-010,7846,2026-09-17T02:09:40.170579+00:00,0.6640027132001706,speculative,UTC-anchored advancement event
shard-010,7847,2026-09-17T02:10:03.227532+00:00,0.3827026729166391,speculative,UTC-anchored advancement event
shard-011,8537,2026-09-17T02:10:31.495311+00:00,1.093367845133374,speculative,UTC-anchored advancement event
shard-010,7848,2026-09-17T02:10:45.070582+00:00,0.6836539104168575,speculative,UTC-anchored advancement event
shard-011,8538,2026-09-17T02:11:26.362026+00:00,0.9068048986164892,speculative,UTC-anchored advancement event
shard-010,7849,2026-09-17T02:11:32.688626+00:00,0.7800073097333855,speculative,UTC-anchored advancement event
shard-010,7850,2026-09-17T02:12:22.915125+00:00,0.8297436583331242,speculative,UTC-anchored advancement event
shard-011,8539,2026-09-17T02:12:30.811423+00:00,1.0664709645832773,speculative,UTC-anchored advancement event
shard-010,7851,2026-09-17T02:13:12.885183+00:00,0.8196719868001916,speculative,UTC-anchored advancement event
shard-010,7852,2026-09-17T02:13:50.866908+00:00,0.6255020583334651,speculative,UTC-anchored advancement event
shard-011,8540,2026-09-17T02:13:59.647877+00:00,1.473309261116568,speculative,UTC-anchored advancement event
shard-010,7853,2026-09-17T02:14:37.022285+00:00,0.7618972666663467,speculative,UTC-anchored advancement event
shard-011,8541,2026-09-17T02:14:37.022285+00:00,0.6175483256830678,speculative,UTC-anchored advancement event
shard-011,8542,2026-09-17T02:15:25.885703+00:00,0.7944313499998922,speculative,UTC-anchored advancement event
shard-011,8543,2026-09-17T02:16:27.934323+00:00,1.0320799485998577,speculative,UTC-anchored advancement event
shard-011,8544,2026-09-17T02:17:10.388455+00:00,0.6939615882001817,speculative,UTC-anchored advancement event
shard-010,7854,2026-09-17T02:17:20.256347+00:00,2.7028071722166107,speculative,UTC-anchored advancement event
shard-011,8545,2026-09-17T02:17:37.887730+00:00,0.45058636318329565,speculative,UTC-anchored advancement event
shard-010,7855,2026-09-17T02:17:53.791265+00:00,0.5452572409829979,speculative,UTC-anchored advancement event
shard-011,8546,2026-09-17T02:18:09.703853+00:00,0.522569676383379,speculative,UTC-anchored advancement event
shard-010,7856,2026-09-17T02:18:18.840954+00:00,0.4098747124997317,speculative,UTC-anchored advancement event
shard-011,8547,2026-09-17T02:18:32.528246+00:00,0.36689652083344604,speculative,UTC-anchored advancement event
shard-010,7857,2026-09-17T02:18:46.201898+00:00,0.4485000194501481,speculative,UTC-anchored advancement event
shard-011,8548,2026-09-17T02:18:56.543310+00:00,0.39241606805007906,speculative,UTC-anchored advancement event
shard-010,7858,2026-09-17T02:19:10.208489+00:00,0.3863388152831855,speculative,UTC-anchored advancement event
shard-010,7859,2026-09-17T02:19:52.244337+00:00,0.6986024187499424,speculative,UTC-anchored advancement event
shard-011,8549,2026-09-17T02:19:55.435154+00:00,0.9738466875001904,speculative,UTC-anchored advancement event
shard-010,7860,2026-09-17T02:20:36.529069+00:00,0.7242413958330871,speculative,UTC-anchored advancement event
shard-011,8550,2026-09-17T02:20:38.494472+00:00,0.7099428750002214,speculative,UTC-anchored advancement event
shard-010,7861,2026-09-17T02:21:24.125383+00:00,0.7803928854167074,speculative,UTC-anchored advancement event
shard-011,8551,2026-09-17T02:21:24.125383+00:00,0.7551191590333474,speculative,UTC-anchored advancement event
shard-011,8552,2026-09-17T02:21:57.650299+00:00,0.5386006305668464,speculative,UTC-anchored advancement event
shard-011,8553,2026-09-17T02:22:47.862499+00:00,0.8289903305500047,speculative,UTC-anchored advancement event
shard-010,7862,2026-09-17T02:22:56.562965+00:00,1.5279911090333675,speculative,UTC-anchored advancement event
shard-010,7863,2026-09-17T02:23:53.167505+00:00,0.9303182159666903,speculative,UTC-anchored advancement event
shard-010,7864,2026-09-17T02:24:39.934210+00:00,0.7716371027835218,speculative,UTC-anchored advancement event
shard-010,7865,2026-09-17T02:25:36.105418+00:00,0.9339575770834927,speculative,UTC-anchored advancement event
shard-010,7866,2026-09-17T02:27:13.028289+00:00,1.6019940229166727,speculative,UTC-anchored advancement event
shard-010,7867,2026-09-17T02:29:52.861913+00:00,2.6624371534669384,speculative,UTC-anchored advancement event
shard-011,8554,2026-09-17T02:29:57.334089+00:00,7.155721714583342,speculative,UTC-anchored advancement event
shard-010,7868,2026-09-17T02:30:13.843642+00:00,0.3347890847333474,speculative,UTC-anchored advancement event
shard-010,7869,2026-09-17T02:30:36.246708+00:00,0.35974668958369876,speculative,UTC-anchored advancement event
shard-011,8555,2026-09-17T02:30:55.756501+00:00,0.9615980826502588,speculative,UTC-anchored advancement event
shard-010,7870,2026-09-17T02:30:58.578462+00:00,0.36438470486658237,speculative,UTC-anchored advancement event
shard-010,7871,2026-09-17T02:31:22.162563+00:00,0.3797229618163935,speculative,UTC-anchored advancement event
shard-011,8556,2026-09-17T02:31:33.241066+00:00,0.6169441041667596,speculative,UTC-anchored advancement event
shard-011,8557,2026-09-17T02:32:24.705784+00:00,0.8499780632002512,speculative,UTC-anchored advancement event
shard-010,7872,2026-09-17T02:32:41.078244+00:00,1.3074510611001946,speculative,UTC-anchored advancement event
shard-011,8558,2026-09-17T02:33:08.882859+00:00,0.7227541458337025,speculative,UTC-anchored advancement event
shard-010,7873,2026-09-17T02:33:16.432020+00:00,0.5865634333332612,speculative,UTC-anchored advancement event
shard-011,8559,2026-09-17T02:33:48.216205+00:00,0.6474602576335504,speculative,UTC-anchored advancement event
shard-011,8560,2026-09-17T02:34:34.994534+00:00,0.7715924902833649,speculative,UTC-anchored advancement event
shard-011,8561,2026-09-17T02:35:23.514912+00:00,0.7945708229167697,speculative,UTC-anchored advancement event
shard-011,8562,2026-09-17T02:36:14.951226+00:00,0.8493265263833261,speculative,UTC-anchored advancement event
shard-011,8563,2026-09-17T02:37:00.467738+00:00,0.7563336965167158,speculative,UTC-anchored advancement event
shard-010,7874,2026-09-17T02:38:07.837980+00:00,4.843978878466684,speculative,UTC-anchored advancement event
shard-010,7875,2026-09-17T02:38:56.235603+00:00,0.7986999625000559,speculative,UTC-anchored advancement event
shard-011,8564,2026-09-17T02:39:09.078824+00:00,2.1299114729166226,speculative,UTC-anchored advancement event
shard-011,8565,2026-09-17T02:39:47.828749+00:00,0.6358074145832991,speculative,UTC-anchored advancement event
shard-010,7876,2026-09-17T02:40:19.719545+00:00,1.377515390282982,speculative,UTC-anchored advancement event
shard-011,8566,2026-09-17T02:40:21.385914+00:00,0.5454818763833221,speculative,UTC-anchored advancement event
shard-011,8567,2026-09-17T02:40:59.916019+00:00,0.6346041645830458,speculative,UTC-anchored advancement event
shard-010,7877,2026-09-17T02:41:21.147187+00:00,1.015710687499571,speculative,UTC-anchored advancement event
shard-011,8568,2026-09-17T02:41:23.988889+00:00,0.3872027958335821,speculative,UTC-anchored advancement event
shard-011,8569,2026-09-17T02:41:50.574489+00:00,0.4410078590168268,speculative,UTC-anchored advancement event
shard-011,8570,2026-09-17T02:42:26.084044+00:00,0.5782718965332606,speculative,UTC-anchored advancement event
shard-011,8571,2026-09-17T02:42:50.256988+00:00,0.39482596804979647,speculative,UTC-anchored advancement event
shard-011,8572,2026-09-17T02:43:14.949117+00:00,0.3982549236165748,speculative,UTC-anchored advancement event
shard-011,8573,2026-09-17T02:43:41.500554+00:00,0.4344465944498855,speculative,UTC-anchored advancement event
shard-011,8574,2026-09-17T02:44:29.319205+00:00,0.7889925416665695,speculative,UTC-anchored advancement event
shard-011,8575,2026-09-17T02:45:24.832829+00:00,0.911026021533568,speculative,UTC-anchored advancement event
shard-011,8576,2026-09-17T02:46:09.192718+00:00,0.7313466277832049,speculative,UTC-anchored advancement event
shard-010,7878,2026-09-17T02:46:16.720235+00:00,4.923434256250038,speculative,UTC-anchored advancement event
shard-011,8577,2026-09-17T02:46:42.491226+00:00,0.5471072215334668,speculative,UTC-anchored advancement event
shard-010,7879,2026-09-17T02:47:03.233368+00:00,0.7621940701331672,speculative,UTC-anchored advancement event
shard-011,8578,2026-09-17T02:47:46.814008+00:00,1.0639680805499665,speculative,UTC-anchored advancement event
shard-010,7880,2026-09-17T02:47:49.658408+00:00,0.7599534972333155,speculative,UTC-anchored advancement event
shard-010,7881,2026-09-17T02:48:24.436451+00:00,0.571918854166385,speculative,UTC-anchored advancement event
shard-011,8579,2026-09-17T02:48:28.814298+00:00,0.6919632187501217,speculative,UTC-anchored advancement event
shard-010,7882,2026-09-17T02:48:54.249041+00:00,0.48319653818325603,speculative,UTC-anchored advancement event
shard-011,8580,2026-09-17T02:49:04.164916+00:00,0.5871765513996555,speculative,UTC-anchored advancement event
shard-010,7883,2026-09-17T02:49:31.306480+00:00,0.6095491263835963,speculative,UTC-anchored advancement event
shard-011,8581,2026-09-17T02:49:51.989414+00:00,0.7833875006996095,speculative,UTC-anchored advancement event
shard-011,8582,2026-09-17T02:50:39.280402+00:00,0.7742818354163319,speculative,UTC-anchored advancement event
shard-010,7884,2026-09-17T02:50:40.935712+00:00,1.152416110416622,speculative,UTC-anchored advancement event
shard-011,8583,2026-09-17T02:51:25.490939+00:00,0.7623173298663459,speculative,UTC-anchored advancement event
shard-011,8584,2026-09-17T02:52:06.841637+00:00,0.6752974826333229,speculative,UTC-anchored advancement event
shard-011,8585,2026-09-17T02:52:52.410115+00:00,0.7511920701334021,speculative,UTC-anchored advancement event
shard-011,8586,2026-09-17T02:53:33.134919+00:00,0.6707601618167246,speculative,UTC-anchored advancement event
shard-011,8587,2026-09-17T02:54:18.210535+00:00,0.7374217347169179,speculative,UTC-anchored advancement event
shard-011,8588,2026-09-17T02:54:44.832519+00:00,0.4355044958332049,speculative,UTC-anchored advancement event
shard-011,8589,2026-09-17T02:55:09.140188+00:00,0.402678604166916,speculative,UTC-anchored advancement event
shard-011,8590,2026-09-17T02:55:32.791008+00:00,0.3805538458332497,speculative,UTC-anchored advancement event
shard-011,8591,2026-09-17T02:56:09.031244+00:00,0.596037990283124,speculative,UTC-anchored advancement event
shard-011,8592,2026-09-17T02:57:16.093444+00:00,1.1023268027667654,speculative,UTC-anchored advancement event
shard-010,7885,2026-09-17T02:57:33.725380+00:00,6.878165948617,speculative,UTC-anchored advancement event
shard-011,8593,2026-09-17T02:57:43.935985+00:00,0.45525482291656466,speculative,UTC-anchored advancement event
shard-010,7886,2026-09-17T02:58:16.936690+00:00,0.7073105243000707,speculative,UTC-anchored advancement event
shard-011,8594,2026-09-17T02:58:16.936690+00:00,0.5380754777836653,speculative,UTC-anchored advancement event
shard-010,7887,2026-09-17T02:59:04.732898+00:00,0.7835954742996061,speculative,UTC-anchored advancement event
shard-011,8595,2026-09-17T02:59:04.732898+00:00,0.7832086673670953,speculative,UTC-anchored advancement event
shard-011,8596,2026-09-17T02:59:47.476477+00:00,0.6965692951334252,speculative,UTC-anchored advancement event
shard-010,7888,2026-09-17T02:59:55.427381+00:00,0.8316316312499111,speculative,UTC-anchored advancement event
shard-011,8597,2026-09-17T03:00:43.363246+00:00,0.9175748840333351,speculative,UTC-anchored advancement event
shard-010,7889,2026-09-17T03:00:47.375695+00:00,0.8579048673501044,speculative,UTC-anchored advancement event
shard-010,7890,2026-09-17T03:01:25.218657+00:00,0.6173167930498796,speculative,UTC-anchored advancement event
shard-011,8598,2026-09-17T03:01:48.284814+00:00,1.0739072951332977,speculative,UTC-anchored advancement event
shard-010,7891,2026-09-17T03:01:59.485993+00:00,0.5683719138833112,speculative,UTC-anchored advancement event
shard-010,7892,2026-09-17T03:02:24.186800+00:00,0.39792170278378763,speculative,UTC-anchored advancement event
shard-011,8599,2026-09-17T03:02:25.861344+00:00,0.6180436694334882,speculative,UTC-anchored advancement event
shard-010,7893,2026-09-17T03:02:53.837226+00:00,0.49174390140008956,speculative,UTC-anchored advancement event
shard-011,8600,2026-09-17T03:02:59.440891+00:00,0.5517816270832554,speculative,UTC-anchored advancement event
shard-010,7894,2026-09-17T03:03:22.695505+00:00,0.46698626041664587,speculative,UTC-anchored advancement event
shard-011,8601,2026-09-17T03:03:33.050751+00:00,0.5519889375000882,speculative,UTC-anchored advancement event
shard-010,7895,2026-09-17T03:04:04.468354+00:00,0.6824204916668047,speculative,UTC-anchored advancement event
shard-011,8602,2026-09-17T03:04:09.677365+00:00,0.6022075666662811,speculative,UTC-anchored advancement event
shard-010,7896,2026-09-17T03:04:34.445092+00:00,0.49135515068337554,speculative,UTC-anchored advancement event
shard-011,8603,2026-09-17T03:04:52.778315+00:00,0.7050368229169787,speculative,UTC-anchored advancement event
shard-010,7897,2026-09-17T03:05:19.582377+00:00,0.7440137374995781,speculative,UTC-anchored advancement event
shard-011,8604,2026-09-17T03:05:29.985464+00:00,0.6104820104165507,speculative,UTC-anchored advancement event
shard-011,8605,2026-09-17T03:06:22.757380+00:00,0.8711989062498712,speculative,UTC-anchored advancement event
shard-011,8606,2026-09-17T03:07:07.730370+00:00,0.7414787576499899,speculative,UTC-anchored advancement event
shard-010,7898,2026-09-17T03:07:48.792896+00:00,2.4726043659664962,speculative,UTC-anchored advancement event
shard-011,8607,2026-09-17T03:07:50.464723+00:00,0.7037479534667607,speculative,UTC-anchored advancement event
shard-010,7899,2026-09-17T03:08:18.872035+00:00,0.49320523333347716,speculative,UTC-anchored advancement event
shard-011,8608,2026-09-17T03:08:27.596235+00:00,0.6054789618002057,speculative,UTC-anchored advancement event
shard-011,8609,2026-09-17T03:09:08.322762+00:00,0.6707862354165021,speculative,UTC-anchored advancement event
shard-011,8610,2026-09-17T03:09:39.197202+00:00,0.5005009104167887,speculative,UTC-anchored advancement event
shard-011,8611,2026-09-17T03:10:05.812325+00:00,0.4352837291667432,speculative,UTC-anchored advancement event
shard-010,7900,2026-09-17T03:10:26.499183+00:00,2.124711368050096,speculative,UTC-anchored advancement event
shard-011,8612,2026-09-17T03:11:09.060681+00:00,1.045902834033283,speculative,UTC-anchored advancement event
shard-010,7901,2026-09-17T03:11:22.721874+00:00,0.9226593076333908,speculative,UTC-anchored advancement event
shard-011,8613,2026-09-17T03:11:31.901421+00:00,0.37227135208328643,speculative,UTC-anchored advancement event
shard-011,8614,2026-09-17T03:11:58.685077+00:00,0.43823392221626517,speculative,UTC-anchored advancement event
shard-011,8615,2026-09-17T03:12:20.499948+00:00,0.3553494972167149,speculative,UTC-anchored advancement event
shard-011,8616,2026-09-17T03:12:42.972075+00:00,0.3604138486169783,speculative,UTC-anchored advancement event
shard-010,7902,2026-09-17T03:13:02.575843+00:00,1.6499991152833293,speculative,UTC-anchored advancement event
shard-011,8617,2026-09-17T03:13:12.543691+00:00,0.4841523041667339,speculative,UTC-anchored advancement event
shard-011,8618,2026-09-17T03:13:45.624063+00:00,0.5369665416665763,speculative,UTC-anchored advancement event
shard-010,7903,2026-09-17T03:13:49.650963+00:00,0.7762069229167536,speculative,UTC-anchored advancement event
shard-010,7904,2026-09-17T03:14:24.627005+00:00,0.5750771166669437,speculative,UTC-anchored advancement event
shard-011,8619,2026-09-17T03:14:38.711306+00:00,0.876718792366834,speculative,UTC-anchored advancement event
shard-010,7905,2026-09-17T03:15:12.542427+00:00,0.7844801020832771,speculative,UTC-anchored advancement event
shard-010,7906,2026-09-17T03:15:56.457708+00:00,0.7236737368167572,speculative,UTC-anchored advancement event
shard-011,8620,2026-09-17T03:16:23.565093+00:00,1.7391384388999238,speculative,UTC-anchored advancement event
shard-010,7907,2026-09-17T03:16:46.739855+00:00,0.829527111800174,speculative,UTC-anchored advancement event
shard-011,8621,2026-09-17T03:17:02.114036+00:00,0.6342607597165625,speculative,UTC-anchored advancement event
shard-010,7908,2026-09-17T03:17:27.731704+00:00,0.6685035791665238,speculative,UTC-anchored advancement event
shard-011,8622,2026-09-17T03:17:59.386318+00:00,0.9459670229164961,speculative,UTC-anchored advancement event
shard-010,7909,2026-09-17T03:18:19.393180+00:00,0.8527932055503091,speculative,UTC-anchored advancement event
shard-011,8623,2026-09-17T03:18:40.162637+00:00,0.66556286666649,speculative,UTC-anchored advancement event
shard-010,7910,2026-09-17T03:18:59.757721+00:00,0.6699308819501312,speculative,UTC-anchored advancement event
shard-011,8624,2026-09-17T03:19:16.229119+00:00,0.5926510277834799,speculative,UTC-anchored advancement event
shard-010,7911,2026-09-17T03:19:46.458803+00:00,0.7638019548501082,speculative,UTC-anchored advancement event
shard-011,8625,2026-09-17T03:19:55.193777+00:00,0.6461954090336803,speculative,UTC-anchored advancement event
shard-010,7912,2026-09-17T03:20:25.903402+00:00,0.648898152783416,speculative,UTC-anchored advancement event
shard-011,8626,2026-09-17T03:20:37.082065+00:00,0.6844312111168013,speculative,UTC-anchored advancement event
shard-010,7913,2026-09-17T03:21:13.445051+00:00,0.7897645152833623,speculative,UTC-anchored advancement event
shard-011,8627,2026-09-17T03:21:21.445823+00:00,0.7304722861168557,speculative,UTC-anchored advancement event
shard-010,7914,2026-09-17T03:21:58.970748+00:00,0.7442876576329581,speculative,UTC-anchored advancement event
shard-011,8628,2026-09-17T03:22:08.155185+00:00,0.7699908465331343,speculative,UTC-anchored advancement event
shard-011,8629,2026-09-17T03:22:50.453593+00:00,0.6966206923665595,speculative,UTC-anchored advancement event
shard-010,7915,2026-09-17T03:22:58.057425+00:00,0.9704603395832236,speculative,UTC-anchored advancement event
shard-011,8630,2026-09-17T03:23:47.881080+00:00,0.9484253465168877,speculative,UTC-anchored advancement event
shard-010,7916,2026-09-17T03:23:55.478631+00:00,0.9429994854164154,speculative,UTC-anchored advancement event
shard-011,8632,2026-09-17T05:28:10.960292+00:00,0.6557784777833149,speculative,UTC-anchored advancement event
shard-010,7918,2026-09-17T05:28:19.399295+00:00,0.8351000868002302,speculative,UTC-anchored advancement event
shard-010,7919,2026-09-17T05:28:49.388113+00:00,0.4948432395836183,speculative,UTC-anchored advancement event
shard-011,8633,2026-09-17T05:28:50.784422+00:00,0.6585625229165696,speculative,UTC-anchored advancement event
shard-010,7920,2026-09-17T05:29:26.535898+00:00,0.6141354340337178,speculative,UTC-anchored advancement event
shard-011,8634,2026-09-17T05:29:42.144472+00:00,0.8510258694499498,speculative,UTC-anchored advancement event
shard-010,7921,2026-09-17T05:30:00.114951+00:00,0.5694330020831937,speculative,UTC-anchored advancement event
shard-011,8635,2026-09-17T05:30:25.104285+00:00,0.7108612027669248,speculative,UTC-anchored advancement event
shard-010,7922,2026-09-17T05:30:45.388441+00:00,0.7342157277831575,speculative,UTC-anchored advancement event
shard-011,8636,2026-09-17T05:31:28.075857+00:00,1.0445119430669971,speculative,UTC-anchored advancement event
shard-011,8637,2026-09-17T05:31:54.276391+00:00,0.43154563889984277,speculative,UTC-anchored advancement event
shard-010,7923,2026-09-17T05:32:16.905595+00:00,1.5201861312501326,speculative,UTC-anchored advancement event
shard-011,8638,2026-09-17T05:32:19.456886+00:00,0.4145077055664539,speculative,UTC-anchored advancement event
shard-011,8639,2026-09-17T05:32:44.555452+00:00,0.42761107638313356,speculative,UTC-anchored advancement event
shard-011,8640,2026-09-17T05:33:22.491153+00:00,0.6123303999998219,speculative,UTC-anchored advancement event
shard-011,8641,2026-09-17T05:34:52.165355+00:00,1.48955611804995,speculative,UTC-anchored advancement event
shard-010,7924,2026-09-17T05:35:45.551256+00:00,3.472346772233626,speculative,UTC-anchored advancement event
shard-010,7925,2026-09-17T05:36:34.338300+00:00,0.807779607650203,speculative,UTC-anchored advancement event
shard-011,8642,2026-09-17T05:36:48.777328+00:00,1.9383710361168294,speculative,UTC-anchored advancement event
shard-010,7926,2026-09-17T05:37:05.597587+00:00,0.5157080631999027,speculative,UTC-anchored advancement event
shard-010,7927,2026-09-17T05:37:47.545811+00:00,0.6939444229166838,speculative,UTC-anchored advancement event
shard-011,8643,2026-09-17T05:37:57.351728+00:00,1.1377688888829047,speculative,UTC-anchored advancement event
shard-010,7928,2026-09-17T05:38:22.826024+00:00,0.5825473333335442,speculative,UTC-anchored advancement event
shard-010,7929,2026-09-17T05:39:00.973466+00:00,0.6306416486166806,speculative,UTC-anchored advancement event
shard-010,7930,2026-09-17T05:39:46.198591+00:00,0.7484933236002689,speculative,UTC-anchored advancement event
shard-010,7931,2026-09-17T05:40:36.100702+00:00,0.8265123055500833,speculative,UTC-anchored advancement event
shard-010,7932,2026-09-17T05:41:26.021407+00:00,0.8267887402835186,speculative,UTC-anchored advancement event
shard-010,7933,2026-09-17T05:42:55.096038+00:00,1.4644952333333399,speculative,UTC-anchored advancement event
shard-011,8644,2026-09-17T05:44:34.894967+00:00,6.625303272916548,speculative,UTC-anchored advancement event
shard-010,7934,2026-09-17T05:45:00.356298+00:00,2.0824147000001783,speculative,UTC-anchored advancement event
shard-011,8645,2026-09-17T05:45:37.348779+00:00,1.0315007499996378,speculative,UTC-anchored advancement event
shard-010,7935,2026-09-17T05:45:55.375439+00:00,0.9116920631999771,speculative,UTC-anchored advancement event
shard-010,7936,2026-09-17T05:46:51.347441+00:00,0.9275630708332756,speculative,UTC-anchored advancement event
shard-010,7937,2026-09-17T05:47:47.247266+00:00,0.9409130243162508,speculative,UTC-anchored advancement event
shard-011,8646,2026-09-17T05:48:25.375473+00:00,2.7951396229167584,speculative,UTC-anchored advancement event
shard-010,7938,2026-09-17T05:48:38.637504+00:00,0.8360976805503014,speculative,UTC-anchored advancement event
shard-011,8647,2026-09-17T05:49:00.131766+00:00,0.5741146013999241,speculative,UTC-anchored advancement event
shard-010,7939,2026-09-17T05:49:30.005672+00:00,0.8509965409665408,speculative,UTC-anchored advancement event
shard-011,8648,2026-09-17T05:49:37.340638+00:00,0.6147992430502199,speculative,UTC-anchored advancement event
shard-010,7940,2026-09-17T05:50:21.599746+00:00,0.8544070541669498,speculative,UTC-anchored advancement event
shard-011,8649,2026-09-17T05:50:26.587870+00:00,0.8154367965335647,speculative,UTC-anchored advancement event
shard-010,7941,2026-09-17T05:50:56.593430+00:00,0.5776932020836587,speculative,UTC-anchored advancement event
shard-011,8650,2026-09-17T05:51:14.649533+00:00,0.7806266861167387,speculative,UTC-anchored advancement event
shard-010,7942,2026-09-17T05:51:33.935834+00:00,0.6169876118001412,speculative,UTC-anchored advancement event
shard-011,8651,2026-09-17T05:51:50.826031+00:00,0.5973895958333741,speculative,UTC-anchored advancement event
shard-010,7943,2026-09-17T05:52:05.392181+00:00,0.5188714298667036,speculative,UTC-anchored advancement event
shard-011,8652,2026-09-17T05:52:38.877098+00:00,0.7956612562498776,speculative,UTC-anchored advancement event
shard-010,7944,2026-09-17T05:52:45.006253+00:00,0.6548683090164559,speculative,UTC-anchored advancement event
shard-011,8653,2026-09-17T05:53:32.690508+00:00,0.8913841048502945,speculative,UTC-anchored advancement event
shard-010,7945,2026-09-17T05:54:21.534133+00:00,1.589317153483474,speculative,UTC-anchored advancement event
shard-011,8654,2026-09-17T05:54:47.911266+00:00,1.248429373599841,speculative,UTC-anchored advancement event
shard-010,7946,2026-09-17T05:55:14.285674+00:00,0.8736310611163692,speculative,UTC-anchored advancement event
shard-011,8655,2026-09-17T05:55:39.456054+00:00,0.8535747902666723,speculative,UTC-anchored advancement event
shard-011,8656,2026-09-17T05:56:16.501741+00:00,0.6118862159666605,speculative,UTC-anchored advancement event
shard-011,8657,2026-09-17T05:57:24.157109+00:00,1.1369658861168621,speculative,UTC-anchored advancement event
shard-010,7947,2026-09-17T05:57:48.219677+00:00,2.560093152083088,speculative,UTC-anchored advancement event
shard-011,8658,2026-09-17T05:58:14.604961+00:00,0.8201360326333088,speculative,UTC-anchored advancement event
shard-010,7948,2026-09-17T05:58:16.031539+00:00,0.45788000556688835,speculative,UTC-anchored advancement event
shard-011,8659,2026-09-17T05:58:59.119473+00:00,0.7365302798668077,speculative,UTC-anchored advancement event
shard-010,7949,2026-09-17T05:59:08.790739+00:00,0.8738702916666322,speculative,UTC-anchored advancement event
shard-011,8660,2026-09-17T05:59:32.767793+00:00,0.5554123201329882,speculative,UTC-anchored advancement event
shard-010,7950,2026-09-17T05:59:55.572866+00:00,0.7743290694498379,speculative,UTC-anchored advancement event
shard-011,8661,2026-09-17T06:00:08.774307+00:00,0.5945600055497683,speculative,UTC-anchored advancement event
shard-010,7951,2026-09-17T06:00:35.412979+00:00,0.6434147416667353,speculative,UTC-anchored advancement event
shard-011,8662,2026-09-17T06:00:43.932969+00:00,0.5801724951331076,speculative,UTC-anchored advancement event
shard-010,7952,2026-09-17T06:01:16.205157+00:00,0.6743210395836893,speculative,UTC-anchored advancement event
shard-011,8663,2026-09-17T06:01:18.810428+00:00,0.5758611555497434,speculative,UTC-anchored advancement event
shard-010,7953,2026-09-17T06:01:55.787492+00:00,0.6541817687500345,speculative,UTC-anchored advancement event
shard-010,7954,2026-09-17T06:02:26.844807+00:00,0.5120983388832732,speculative,UTC-anchored advancement event
shard-011,8664,2026-09-17T06:02:36.365789+00:00,1.287235301400263,speculative,UTC-anchored advancement event
shard-010,7955,2026-09-17T06:02:55.872713+00:00,0.46311507291684395,speculative,UTC-anchored advancement event
shard-011,8665,2026-09-17T06:03:15.174928+00:00,0.6411540625000877,speculative,UTC-anchored advancement event
shard-010,7956,2026-09-17T06:03:47.410398+00:00,0.85340224445002,speculative,UTC-anchored advancement event
shard-011,8666,2026-09-17T06:03:55.922796+00:00,0.6735350485997817,speculative,UTC-anchored advancement event
shard-011,8667,2026-09-17T06:04:30.555688+00:00,0.5719028131997523,speculative,UTC-anchored advancement event
shard-010,7957,2026-09-17T06:04:41.428529+00:00,0.8946236833333387,speculative,UTC-anchored advancement event
shard-011,8668,2026-09-17T06:05:44.330720+00:00,1.224045165266337,speculative,UTC-anchored advancement event
shard-010,7958,2026-09-17T06:06:05.943581+00:00,1.388074930566654,speculative,UTC-anchored advancement event
shard-010,7959,2026-09-17T06:07:37.192868+00:00,1.5152238027832936,speculative,UTC-anchored advancement event
shard-011,8669,2026-09-17T06:07:49.278112+00:00,2.0769850465168322,speculative,UTC-anchored advancement event
shard-010,7960,2026-09-17T06:08:20.431010+00:00,0.7150789944333762,speculative,UTC-anchored advancement event
shard-010,7961,2026-09-17T06:09:03.370217+00:00,0.7101272798667196,speculative,UTC-anchored advancement event
shard-011,8670,2026-09-17T06:09:11.872531+00:00,1.371005688200239,speculative,UTC-anchored advancement event
shard-011,8671,2026-09-17T06:09:50.006015+00:00,0.6158765999998044,speculative,UTC-anchored advancement event
shard-010,7962,2026-09-17T06:09:57.296661+00:00,0.8932615708336622,speculative,UTC-anchored advancement event
shard-011,8672,2026-09-17T06:10:30.803667+00:00,0.674386658333242,speculative,UTC-anchored advancement event
shard-010,7963,2026-09-17T06:11:00.824606+00:00,1.053449972916375,speculative,UTC-anchored advancement event
shard-011,8673,2026-09-17T06:11:08.187729+00:00,0.6174819055668195,speculative,UTC-anchored advancement event
shard-011,8674,2026-09-17T06:11:33.546329+00:00,0.4168860597332241,speculative,UTC-anchored advancement event
shard-011,8675,2026-09-17T06:11:57.622012+00:00,0.3952533513836291,speculative,UTC-anchored advancement event
shard-011,8676,2026-09-17T06:12:44.092695+00:00,0.7539368277832789,speculative,UTC-anchored advancement event
shard-011,8677,2026-09-17T06:13:29.326602+00:00,0.7481397569334756,speculative,UTC-anchored advancement event
shard-011,8678,2026-09-17T06:14:14.618356+00:00,0.7492342673664097,speculative,UTC-anchored advancement event
shard-011,8679,2026-09-17T06:15:21.107644+00:00,1.1023457548668376,speculative,UTC-anchored advancement event
shard-010,7964,2026-09-17T06:15:59.346177+00:00,4.969379964583398,speculative,UTC-anchored advancement event
shard-011,8680,2026-09-17T06:16:00.788787+00:00,0.6555998159664644,speculative,UTC-anchored advancement event
shard-010,7965,2026-09-17T06:16:22.449160+00:00,0.37940908263311335,speculative,UTC-anchored advancement event
shard-010,7966,2026-09-17T06:16:47.624310+00:00,0.39887851388339185,speculative,UTC-anchored advancement event
shard-011,8681,2026-09-17T06:16:57.325628+00:00,0.9369223256833114,speculative,UTC-anchored advancement event
shard-010,7967,2026-09-17T06:17:26.024926+00:00,0.6343898576499972,speculative,UTC-anchored advancement event
shard-011,8682,2026-09-17T06:18:02.998922+00:00,1.0890419444336052,speculative,UTC-anchored advancement event
shard-010,7968,2026-09-17T06:18:12.695505+00:00,0.7721041361165892,speculative,UTC-anchored advancement event
shard-010,7969,2026-09-17T06:18:46.182211+00:00,0.5539199756996822,speculative,UTC-anchored advancement event
shard-011,8683,2026-09-17T06:18:46.182211+00:00,0.7145569208335171,speculative,UTC-anchored advancement event
shard-011,8684,2026-09-17T06:19:29.320796+00:00,0.6966234326333506,speculative,UTC-anchored advancement event
shard-011,8685,2026-09-17T06:20:20.302750+00:00,0.843990140966586,speculative,UTC-anchored advancement event
shard-011,8686,2026-09-17T06:21:37.382215+00:00,1.2789616645832818,speculative,UTC-anchored advancement event
shard-011,8687,2026-09-17T06:22:10.781894+00:00,0.5508691416665291,speculative,UTC-anchored advancement event
shard-011,8688,2026-09-17T06:22:43.029859+00:00,0.531752968049841,speculative,UTC-anchored advancement event
shard-011,8689,2026-09-17T06:23:23.500950+00:00,0.668777661799686,speculative,UTC-anchored advancement event
shard-010,7970,2026-09-17T06:27:51.598021+00:00,9.071243511817011,speculative,UTC-anchored advancement event
shard-011,8690,2026-09-17T06:28:21.630158+00:00,4.963322006933352,speculative,UTC-anchored advancement event
shard-010,7971,2026-09-17T06:28:59.866597+00:00,1.1286047166664503,speculative,UTC-anchored advancement event
shard-011,8691,2026-09-17T06:29:21.497825+00:00,0.9920329638834422,speculative,UTC-anchored advancement event
shard-011,8692,2026-09-17T06:30:22.156651+00:00,1.0051176124999377,speculative,UTC-anchored advancement event
shard-010,7972,2026-09-17T06:30:24.784600+00:00,1.40944671806695,speculative,UTC-anchored advancement event
shard-010,7973,2026-09-17T06:30:49.987037+00:00,0.4144530069330358,speculative,UTC-anchored advancement event
shard-011,8693,2026-09-17T06:31:35.159453+00:00,1.2109064909663478,speculative,UTC-anchored advancement event
shard-010,7974,2026-09-17T06:31:53.269867+00:00,1.0335882986168143,speculative,UTC-anchored advancement event
shard-010,7975,2026-09-17T06:32:30.500242+00:00,0.6148107347165933,speculative,UTC-anchored advancement event
shard-010,7976,2026-09-17T06:33:06.490614+00:00,0.5937159277668494,speculative,UTC-anchored advancement event
shard-011,8694,2026-09-17T06:33:24.618607+00:00,1.8184282639000837,speculative,UTC-anchored advancement event
shard-010,7977,2026-09-17T06:33:47.493635+00:00,0.6774639652833382,speculative,UTC-anchored advancement event
shard-010,7978,2026-09-17T06:34:18.674566+00:00,0.5138327638832076,speculative,UTC-anchored advancement event
shard-011,8695,2026-09-17T06:34:39.144184+00:00,1.2361517104165007,speculative,UTC-anchored advancement event
shard-010,7979,2026-09-17T06:34:45.355610+00:00,0.4233760249999856,speculative,UTC-anchored advancement event
shard-011,8696,2026-09-17T06:35:11.765144+00:00,0.537689067350099,speculative,UTC-anchored advancement event
shard-010,7980,2026-09-17T06:35:21.492128+00:00,0.596374330566808,speculative,UTC-anchored advancement event
shard-011,8697,2026-09-17T06:35:50.265038+00:00,0.6357703388833519,speculative,UTC-anchored advancement event
shard-010,7981,2026-09-17T06:36:10.723072+00:00,0.8146915604166376,speculative,UTC-anchored advancement event
shard-011,8698,2026-09-17T06:36:16.903931+00:00,0.43800046249962177,speculative,UTC-anchored advancement event
shard-010,7982,2026-09-17T06:36:51.404319+00:00,0.6720968430498033,speculative,UTC-anchored advancement event
shard-011,8699,2026-09-17T06:36:52.865247+00:00,0.579457156949987,speculative,UTC-anchored advancement event
shard-011,8700,2026-09-17T06:37:40.616035+00:00,0.7902723131832318,speculative,UTC-anchored advancement event
shard-010,7983,2026-09-17T06:37:57.470458+00:00,1.09538183195012,speculative,UTC-anchored advancement event
shard-011,8701,2026-09-17T06:38:26.239309+00:00,0.7544604888835844,speculative,UTC-anchored advancement event
shard-010,7984,2026-09-17T06:38:44.351805+00:00,0.7754502819501795,speculative,UTC-anchored advancement event
shard-011,8702,2026-09-17T06:39:07.292104+00:00,0.6781636576502933,speculative,UTC-anchored advancement event
shard-011,8703,2026-09-17T06:39:47.831190+00:00,0.6696887861166033,speculative,UTC-anchored advancement event
shard-011,8704,2026-09-17T06:40:27.211702+00:00,0.6353841034666402,speculative,UTC-anchored advancement event
shard-011,8705,2026-09-17T06:41:36.208812+00:00,1.1440166742996856,speculative,UTC-anchored advancement event
shard-011,8706,2026-09-17T06:42:36.970714+00:00,1.0066610159667713,speculative,UTC-anchored advancement event
shard-011,8707,2026-09-17T06:43:25.750157+00:00,0.807004069450098,speculative,UTC-anchored advancement event
shard-010,7985,2026-09-17T06:43:28.400075+00:00,4.728093236800245,speculative,UTC-anchored advancement event
shard-010,7986,2026-09-17T06:44:03.139254+00:00,0.5732441833334936,speculative,UTC-anchored advancement event
shard-010,7987,2026-09-17T06:44:34.228501+00:00,0.527220252083013,speculative,UTC-anchored advancement event
shard-011,8708,2026-09-17T06:44:58.305671+00:00,1.5366407972333642,speculative,UTC-anchored advancement event
shard-010,7988,2026-09-17T06:45:03.317147+00:00,0.46331145833343423,speculative,UTC-anchored advancement event
shard-011,8709,2026-09-17T06:45:43.968213+00:00,0.7549616097167018,speculative,UTC-anchored advancement event
shard-010,7989,2026-09-17T06:45:46.629074+00:00,0.7160612117998729,speculative,UTC-anchored advancement event
shard-010,7990,2026-09-17T06:46:16.607674+00:00,0.49379895346646663,speculative,UTC-anchored advancement event
shard-010,7991,2026-09-17T06:46:41.849569+00:00,0.41462901526635204,speculative,UTC-anchored advancement event
shard-011,8710,2026-09-17T06:46:54.022334+00:00,1.1614996486163969,speculative,UTC-anchored advancement event
shard-010,7992,2026-09-17T06:47:06.103789+00:00,0.3982334840334564,speculative,UTC-anchored advancement event
shard-011,8711,2026-09-17T06:47:51.638195+00:00,0.93887787291654,speculative,UTC-anchored advancement event
shard-010,7993,2026-09-17T06:48:07.306187+00:00,1.0138245229167901,speculative,UTC-anchored advancement event
shard-011,8712,2026-09-17T06:48:45.567111+00:00,0.8927639639000214,speculative,UTC-anchored advancement event
shard-011,8713,2026-09-17T06:50:36.779904+00:00,1.847783108333048,speculative,UTC-anchored advancement event
shard-011,8714,2026-09-17T06:51:13.745972+00:00,0.6100116347331398,speculative,UTC-anchored advancement event
shard-011,8715,2026-09-17T06:51:49.490299+00:00,0.5896796208330973,speculative,UTC-anchored advancement event
shard-010,7994,2026-09-17T06:51:51.867599+00:00,3.7367015576499396,speculative,UTC-anchored advancement event
shard-011,8716,2026-09-17T06:52:31.635719+00:00,0.6814796986165068,speculative,UTC-anchored advancement event
shard-010,7995,2026-09-17T06:52:42.519214+00:00,0.8378195465168877,speculative,UTC-anchored advancement event
shard-011,8717,2026-09-17T06:53:05.363249+00:00,0.5560241444332253,speculative,UTC-anchored advancement event
shard-011,8718,2026-09-17T06:54:12.984080+00:00,1.1205836569497478,speculative,UTC-anchored advancement event
shard-011,8719,2026-09-17T06:54:50.007630+00:00,0.6110239840165984,speculative,UTC-anchored advancement event
shard-011,8720,2026-09-17T06:55:25.926328+00:00,0.5925029319502452,speculative,UTC-anchored advancement event
shard-011,8721,2026-09-17T06:55:59.437122+00:00,0.5371253145834393,speculative,UTC-anchored advancement event
shard-011,8722,2026-09-17T06:56:38.931979+00:00,0.6520559152835631,speculative,UTC-anchored advancement event
shard-011,8723,2026-09-17T06:57:19.570480+00:00,0.6710844708330115,speculative,UTC-anchored advancement event
shard-011,8724,2026-09-17T06:58:36.001769+00:00,1.2676563645834298,speculative,UTC-anchored advancement event
shard-010,7996,2026-09-17T07:00:12.927304+00:00,7.50579328333309,speculative,UTC-anchored advancement event
shard-011,8725,2026-09-17T07:00:32.529638+00:00,1.935370300700015,speculative,UTC-anchored advancement event
shard-010,7997,2026-09-17T07:01:08.440588+00:00,0.9152970486170185,speculative,UTC-anchored advancement event
shard-011,8726,2026-09-17T07:01:30.103237+00:00,0.9381492284665001,speculative,UTC-anchored advancement event
shard-011,8727,2026-09-17T07:02:45.018770+00:00,1.2423229500001374,speculative,UTC-anchored advancement event
shard-011,8728,2026-09-17T07:03:23.340595+00:00,0.6325630979166211,speculative,UTC-anchored advancement event
shard-011,8729,2026-09-17T07:04:08.599975+00:00,0.7480793611165912,speculative,UTC-anchored advancement event
shard-011,8730,2026-09-17T07:04:50.384141+00:00,0.6902439882003819,speculative,UTC-anchored advancement event
shard-011,8731,2026-09-17T07:05:32.196132+00:00,0.690571859733609,speculative,UTC-anchored advancement event
shard-011,8732,2026-09-17T07:06:11.571336+00:00,0.6346292194333122,speculative,UTC-anchored advancement event
shard-011,8733,2026-09-17T07:07:34.121399+00:00,1.3696922312500344,speculative,UTC-anchored advancement event
shard-011,8734,2026-09-17T07:08:42.517127+00:00,1.1331895041667546,speculative,UTC-anchored advancement event
shard-010,7998,2026-09-17T07:08:58.789432+00:00,7.837823982649812,speculative,UTC-anchored advancement event
shard-011,8735,2026-09-17T07:09:07.648360+00:00,0.4120759534664103,speculative,UTC-anchored advancement event
shard-011,8736,2026-09-17T07:09:30.572282+00:00,0.37606071389988455,speculative,UTC-anchored advancement event
shard-010,7999,2026-09-17T07:09:37.970506+00:00,0.6427285576331391,speculative,UTC-anchored advancement event
shard-011,8737,2026-09-17T07:09:52.489114+00:00,0.35905900416643516,speculative,UTC-anchored advancement event
shard-010,8000,2026-09-17T07:10:11.927525+00:00,0.5458961312503864,speculative,UTC-anchored advancement event
shard-011,8738,2026-09-17T07:10:18.151191+00:00,0.4212731652665146,speculative,UTC-anchored advancement event
shard-010,8001,2026-09-17T07:10:43.404341+00:00,0.5186701541664661,speculative,UTC-anchored advancement event
shard-011,8739,2026-09-17T07:10:43.404341+00:00,0.41629349931657395,speculative,UTC-anchored advancement event
shard-011,8740,2026-09-17T07:11:06.872985+00:00,0.3797098902835084,speculative,UTC-anchored advancement event
shard-010,8002,2026-09-17T07:11:17.819418+00:00,0.5637313208334187,speculative,UTC-anchored advancement event
shard-010,8003,2026-09-17T07:12:01.945281+00:00,0.713934606933617,speculative,UTC-anchored advancement event
shard-011,8741,2026-09-17T07:12:03.450213+00:00,0.9366371034833719,speculative,UTC-anchored advancement event
shard-010,8004,2026-09-17T07:12:40.765940+00:00,0.6407657062503859,speculative,UTC-anchored advancement event
shard-011,8742,2026-09-17T07:13:17.861403+00:00,1.2340026458332432,speculative,UTC-anchored advancement event
shard-010,8005,2026-09-17T07:13:25.248817+00:00,0.7349893236164159,speculative,UTC-anchored advancement event
shard-011,8743,2026-09-17T07:13:58.810456+00:00,0.6761680139000722,speculative,UTC-anchored advancement event
shard-010,8006,2026-09-17T07:14:13.511363+00:00,0.7985140527666469,speculative,UTC-anchored advancement event
shard-011,8744,2026-09-17T07:14:34.307894+00:00,0.5848630791665831,speculative,UTC-anchored advancement event
shard-010,8007,2026-09-17T07:14:56.076977+00:00,0.68711963333335,speculative,UTC-anchored advancement event
shard-011,8745,2026-09-17T07:15:08.342540+00:00,0.5605621125000956,speculative,UTC-anchored advancement event
shard-010,8008,2026-09-17T07:15:44.318396+00:00,0.7975002340332139,speculative,UTC-anchored advancement event
shard-011,8746,2026-09-17T07:15:44.318396+00:00,0.5949157180502274,speculative,UTC-anchored advancement event
shard-010,8009,2026-09-17T07:16:25.334990+00:00,0.6734762507000899,speculative,UTC-anchored advancement event
shard-010,8010,2026-09-17T07:16:57.661865+00:00,0.532384554866682,speculative,UTC-anchored advancement event
shard-010,8011,2026-09-17T07:17:25.350891+00:00,0.43910572984993146,speculative,UTC-anchored advancement event
shard-010,8012,2026-09-17T07:17:55.360717+00:00,0.49374021109979366,speculative,UTC-anchored advancement event
shard-010,8013,2026-09-17T07:18:24.202589+00:00,0.4744422361002459,speculative,UTC-anchored advancement event
shard-010,8014,2026-09-17T07:18:56.534423+00:00,0.5324386937500094,speculative,UTC-anchored advancement event
shard-010,8015,2026-09-17T07:19:30.153850+00:00,0.5539014534665815,speculative,UTC-anchored advancement event
shard-011,8747,2026-09-17T07:19:57.774226+00:00,4.212552825000118,speculative,UTC-anchored advancement event
shard-010,8016,2026-09-17T07:20:01.650113+00:00,0.5183759395833476,speculative,UTC-anchored advancement event
shard-010,8017,2026-09-17T07:20:28.068869+00:00,0.4496117965332814,speculative,UTC-anchored advancement event
shard-011,8748,2026-09-17T07:20:37.704181+00:00,0.6592534687501029,speculative,UTC-anchored advancement event
shard-011,8749,2026-09-17T07:21:26.857751+00:00,0.8126492298668988,speculative,UTC-anchored advancement event
shard-010,8018,2026-09-17T07:21:31.880061+00:00,1.0416049083335868,speculative,UTC-anchored advancement event
shard-011,8750,2026-09-17T07:22:06.575631+00:00,0.6557724652831287,speculative,UTC-anchored advancement event
shard-010,8019,2026-09-17T07:23:02.573468+00:00,1.5059722604166987,speculative,UTC-anchored advancement event
shard-011,8751,2026-09-17T07:23:02.573468+00:00,0.9285001152665548,speculative,UTC-anchored advancement event
shard-011,8752,2026-09-17T07:23:44.966696+00:00,0.709387033333284,speculative,UTC-anchored advancement event
shard-010,8020,2026-09-17T07:24:08.957148+00:00,1.0961171659670073,speculative,UTC-anchored advancement event
shard-011,8753,2026-09-17T07:24:26.004941+00:00,0.6625843881998056,speculative,UTC-anchored advancement event
shard-011,8754,2026-09-17T07:25:05.443631+00:00,0.6508284992999204,speculative,UTC-anchored advancement event
shard-011,8755,2026-09-17T07:25:51.913967+00:00,0.7681811500001156,speculative,UTC-anchored advancement event
shard-010,8021,2026-09-17T07:26:12.386534+00:00,2.050551431950104,speculative,UTC-anchored advancement event
shard-011,8756,2026-09-17T07:26:15.080243+00:00,0.3795735520834569,speculative,UTC-anchored advancement event
shard-011,8757,2026-09-17T07:26:36.831399+00:00,0.3563852659664311,speculative,UTC-anchored advancement event
shard-010,8022,2026-09-17T07:26:57.200857+00:00,0.7410419826332751,speculative,UTC-anchored advancement event
shard-011,8758,2026-09-17T07:26:57.200857+00:00,0.31957711041662457,speculative,UTC-anchored advancement event
shard-011,8759,2026-09-17T07:27:07.349297+00:00,0.15767144166699534,speculative,UTC-anchored advancement event
shard-010,8023,2026-09-17T07:28:03.265594+00:00,1.0919892618000935,speculative,UTC-anchored advancement event
shard-010,8024,2026-09-17T07:28:41.569113+00:00,0.6322509659667654,speculative,UTC-anchored advancement event
shard-010,8025,2026-09-17T07:29:41.224797+00:00,0.9874812201499784,speculative,UTC-anchored advancement event
shard-010,8026,2026-09-17T07:30:40.815758+00:00,0.9878445638833606,speculative,UTC-anchored advancement event
shard-010,8027,2026-09-17T07:31:16.709735+00:00,0.5920316638832446,speculative,UTC-anchored advancement event
shard-010,8028,2026-09-17T07:32:09.995904+00:00,0.8706744458332347,speculative,UTC-anchored advancement event
shard-010,8029,2026-09-17T07:32:55.409690+00:00,0.7508943916667098,speculative,UTC-anchored advancement event
shard-010,8030,2026-09-17T07:33:50.311562+00:00,0.9088297264000479,speculative,UTC-anchored advancement event
shard-010,8031,2026-09-17T07:34:29.785354+00:00,0.6519035465331399,speculative,UTC-anchored advancement event
shard-010,8032,2026-09-17T07:35:04.609536+00:00,0.57407282221684,speculative,UTC-anchored advancement event
shard-010,8033,2026-09-17T07:35:46.725437+00:00,0.6956326631833993,speculative,UTC-anchored advancement event
shard-010,8034,2026-09-17T07:36:17.962893+00:00,0.5144189354168096,speculative,UTC-anchored advancement event
shard-010,8035,2026-09-17T07:36:56.989961+00:00,0.6328952277666152,speculative,UTC-anchored advancement event
shard-010,8036,2026-09-17T07:37:36.520907+00:00,0.6527832902832112,speculative,UTC-anchored advancement event
shard-010,8037,2026-09-17T07:38:22.000843+00:00,0.7516764757000298,speculative,UTC-anchored advancement event
shard-010,8038,2026-09-17T07:38:50.852566+00:00,0.474734135416899,speculative,UTC-anchored advancement event
shard-010,8039,2026-09-17T07:39:20.891958+00:00,0.49430853194983987,speculative,UTC-anchored advancement event
shard-010,8040,2026-09-17T07:39:50.907754+00:00,0.4939336388832695,speculative,UTC-anchored advancement event
shard-010,8041,2026-09-17T07:40:22.228134+00:00,0.5157769291666531,speculative,UTC-anchored advancement event
shard-010,8042,2026-09-17T07:41:07.294325+00:00,0.7331034104170006,speculative,UTC-anchored advancement event
shard-010,8043,2026-09-17T07:41:39.721433+00:00,0.5341982416667936,speculative,UTC-anchored advancement event
shard-010,8044,2026-09-17T07:44:37.257409+00:00,2.9528094041665707,speculative,UTC-anchored advancement event
shard-010,8045,2026-09-17T07:45:20.325899+00:00,0.7115750645835457,speculative,UTC-anchored advancement event
shard-010,8046,2026-09-17T07:45:59.880869+00:00,0.6525750395832195,speculative,UTC-anchored advancement event
shard-010,8047,2026-09-17T07:46:34.633668+00:00,0.5734140680666314,speculative,UTC-anchored advancement event
shard-010,8048,2026-09-17T07:47:05.840071+00:00,0.5132369201499387,speculative,UTC-anchored advancement event
shard-010,8049,2026-09-17T07:47:38.934346+00:00,0.5348282902666445,speculative,UTC-anchored advancement event
shard-010,8050,2026-09-17T07:48:10.119415+00:00,0.5132685465335575,speculative,UTC-anchored advancement event
shard-010,8051,2026-09-17T07:48:48.290335+00:00,0.6299962951336056,speculative,UTC-anchored advancement event
shard-010,8052,2026-09-17T07:49:18.244770+00:00,0.4925478277829825,speculative,UTC-anchored advancement event
shard-010,8053,2026-09-17T07:49:56.433346+00:00,0.6308557965331905,speculative,UTC-anchored advancement event
shard-010,8054,2026-09-17T07:50:40.786678+00:00,0.7330560423666611,speculative,UTC-anchored advancement event
shard-010,8055,2026-09-17T07:51:16.715606+00:00,0.5922281069501575,speculative,UTC-anchored advancement event
shard-010,8056,2026-09-17T07:51:55.808599+00:00,0.6332340208333335,speculative,UTC-anchored advancement event
shard-010,8057,2026-09-17T07:52:35.377324+00:00,0.6532111375000871,speculative,UTC-anchored advancement event
shard-010,8058,2026-09-17T07:53:20.807669+00:00,0.7507456055502796,speculative,UTC-anchored advancement event
shard-010,8059,2026-09-17T07:54:30.989622+00:00,1.1628110534666727,speculative,UTC-anchored advancement event
shard-010,8060,2026-09-17T07:55:10.421514+00:00,0.6508897798664596,speculative,UTC-anchored advancement event
shard-010,8061,2026-09-17T07:55:43.936310+00:00,0.5527683604169094,speculative,UTC-anchored advancement event
shard-010,8062,2026-09-17T07:56:15.209091+00:00,0.5149309125001309,speculative,UTC-anchored advancement event
shard-010,8063,2026-09-17T07:57:02.879240+00:00,0.7750617319329952,speculative,UTC-anchored advancement event
shard-010,8064,2026-09-17T07:57:40.053587+00:00,0.613046874999903,speculative,UTC-anchored advancement event
shard-010,8065,2026-09-17T07:58:24.299535+00:00,0.7310325909667881,speculative,UTC-anchored advancement event
shard-010,8066,2026-09-17T07:59:07.308613+00:00,0.7102685013999387,speculative,UTC-anchored advancement event
shard-010,8067,2026-09-17T07:59:57.490341+00:00,0.8300435319504079,speculative,UTC-anchored advancement event
shard-010,8068,2026-09-17T08:02:11.747416+00:00,2.230996073616552,speculative,UTC-anchored advancement event
shard-010,8069,2026-09-17T08:03:43.200497+00:00,1.5180983736165217,speculative,UTC-anchored advancement event
shard-010,8070,2026-09-17T08:06:42.467655+00:00,2.969894911816421,speculative,UTC-anchored advancement event
shard-010,8071,2026-09-17T08:07:14.868895+00:00,0.5334791132001555,speculative,UTC-anchored advancement event
shard-010,8072,2026-09-17T08:08:06.355827+00:00,0.8512437812503777,speculative,UTC-anchored advancement event
shard-010,8073,2026-09-17T08:08:40.009160+00:00,0.5548782583330952,speculative,UTC-anchored advancement event
shard-010,8074,2026-09-17T08:09:16.056382+00:00,0.594081935416519,speculative,UTC-anchored advancement event
shard-010,8075,2026-09-17T08:09:44.986485+00:00,0.4757767986166679,speculative,UTC-anchored advancement event
shard-010,8076,2026-09-17T08:10:28.200146+00:00,0.7254119264000717,speculative,UTC-anchored advancement event
shard-010,8077,2026-09-17T08:11:12.033444+00:00,0.7121892229168831,speculative,UTC-anchored advancement event
shard-010,8078,2026-09-17T08:11:58.724320+00:00,0.7715913867999916,speculative,UTC-anchored advancement event
shard-010,8079,2026-09-17T08:12:41.894688+00:00,0.712856236800144,speculative,UTC-anchored advancement event
shard-010,8080,2026-09-17T08:13:27.436407+00:00,0.7525674437497704,speculative,UTC-anchored advancement event
shard-010,8081,2026-09-17T08:14:18.911762+00:00,0.8509725291665139,speculative,UTC-anchored advancement event
shard-010,8082,2026-09-17T08:15:00.859105+00:00,0.6930371666666664,speculative,UTC-anchored advancement event
shard-010,8083,2026-09-17T08:15:22.619858+00:00,0.36764752223292213,speculative,UTC-anchored advancement event
shard-010,8084,2026-09-17T08:15:47.481509+00:00,0.39622562986672466,speculative,UTC-anchored advancement event
shard-010,8085,2026-09-17T08:16:08.066347+00:00,0.3365660319502543,speculative,UTC-anchored advancement event
shard-010,8086,2026-09-17T08:16:33.414157+00:00,0.4157955652665502,speculative,UTC-anchored advancement event
shard-010,8087,2026-09-17T08:16:52.825105+00:00,0.3168723187501504,speculative,UTC-anchored advancement event
shard-010,8088,2026-09-17T08:17:33.783262+00:00,0.6760846180666704,speculative,UTC-anchored advancement event
shard-010,8089,2026-09-17T08:18:00.408317+00:00,0.43660217846627347,speculative,UTC-anchored advancement event
shard-010,8090,2026-09-17T08:18:26.910316+00:00,0.43486607638333225,speculative,UTC-anchored advancement event
shard-010,8091,2026-09-17T08:19:16.645911+00:00,0.8112231479167046,speculative,UTC-anchored advancement event
shard-010,8092,2026-09-17T08:20:29.552625+00:00,1.2085297791665652,speculative,UTC-anchored advancement event
shard-010,8093,2026-09-17T08:22:02.613614+00:00,1.5443016923498363,speculative,UTC-anchored advancement event
shard-010,8094,2026-09-17T08:28:24.781726+00:00,6.367619734016868,speculative,UTC-anchored advancement event
shard-010,8095,2026-09-17T08:29:03.963904+00:00,0.6431669243000215,speculative,UTC-anchored advancement event
shard-010,8096,2026-09-17T08:29:35.905283+00:00,0.5394136965168097,speculative,UTC-anchored advancement event
shard-010,8097,2026-09-17T08:29:59.622049+00:00,0.37523220625007525,speculative,UTC-anchored advancement event
shard-010,8098,2026-09-17T08:30:28.512289+00:00,0.47489288679983777,speculative,UTC-anchored advancement event
shard-010,8099,2026-09-17T08:30:57.429947+00:00,0.47539103749974554,speculative,UTC-anchored advancement event
shard-010,8100,2026-09-17T08:31:35.809447+00:00,0.6327701576330582,speculative,UTC-anchored advancement event
shard-010,8101,2026-09-17T08:32:15.300749+00:00,0.6512074979162814,speculative,UTC-anchored advancement event
shard-010,8102,2026-09-17T08:33:05.482995+00:00,0.8299935499996839,speculative,UTC-anchored advancement event
shard-010,8103,2026-09-17T08:33:41.434749+00:00,0.5924788624998958,speculative,UTC-anchored advancement event
shard-010,8104,2026-09-17T08:34:44.222327+00:00,1.0285168645835558,speculative,UTC-anchored advancement event
shard-010,8105,2026-09-17T08:35:38.040959+00:00,0.8903127951334076,speculative,UTC-anchored advancement event
shard-010,8106,2026-09-17T08:36:21.181303+00:00,0.7123510597166993,speculative,UTC-anchored advancement event
shard-010,8107,2026-09-17T08:36:57.193472+00:00,0.5935390416668572,speculative,UTC-anchored advancement event
shard-010,8108,2026-09-17T08:38:06.388207+00:00,1.1464816812503462,speculative,UTC-anchored advancement event
shard-010,8109,2026-09-17T08:38:36.620049+00:00,0.4961988625000231,speculative,UTC-anchored advancement event
shard-010,8110,2026-09-17T08:38:57.189121+00:00,0.33676226736667253,speculative,UTC-anchored advancement event
shard-010,8111,2026-09-17T08:39:18.469385+00:00,0.33645999653332787,speculative,UTC-anchored advancement event
shard-010,8112,2026-09-17T08:39:46.139670+00:00,0.45448549026671875,speculative,UTC-anchored advancement event
shard-010,8113,2026-09-17T08:40:22.182031+00:00,0.5932092548668152,speculative,UTC-anchored advancement event
shard-010,8114,2026-09-17T08:41:01.856727+00:00,0.655060122233408,speculative,UTC-anchored advancement event
shard-010,8115,2026-09-17T08:41:23.642288+00:00,0.35557675140007633,speculative,UTC-anchored advancement event
shard-010,8116,2026-09-17T08:41:51.320457+00:00,0.4549580638835323,speculative,UTC-anchored advancement event
shard-010,8117,2026-09-17T08:42:53.512872+00:00,1.0297354201335112,speculative,UTC-anchored advancement event
shard-010,8118,2026-09-17T08:44:09.482453+00:00,1.2476206132002214,speculative,UTC-anchored advancement event
shard-010,8119,2026-09-17T08:44:55.000634+00:00,0.7521457986168874,speculative,UTC-anchored advancement event
shard-010,8120,2026-09-17T08:45:32.269935+00:00,0.6142060333334182,speculative,UTC-anchored advancement event
shard-010,8121,2026-09-17T08:46:09.520563+00:00,0.6141049992996462,speculative,UTC-anchored advancement event
shard-010,8122,2026-09-17T08:47:16.494065+00:00,1.1087632284829547,speculative,UTC-anchored advancement event
shard-010,8123,2026-09-17T08:47:39.433807+00:00,0.3760355368164407,speculative,UTC-anchored advancement event
shard-010,8124,2026-09-17T08:48:03.506059+00:00,0.3939952923664047,speculative,UTC-anchored advancement event
shard-010,8125,2026-09-17T08:48:42.609968+00:00,0.6337863840332526,speculative,UTC-anchored advancement event
shard-010,8126,2026-09-17T08:49:35.163817+00:00,0.869419765266745,speculative,UTC-anchored advancement event
shard-010,8127,2026-09-17T08:50:18.312597+00:00,0.7122023895833991,speculative,UTC-anchored advancement event
shard-010,8128,2026-09-17T08:50:53.085499+00:00,0.572314315966408,speculative,UTC-anchored advancement event
shard-010,8129,2026-09-17T08:52:09.469481+00:00,1.2664129402837716,speculative,UTC-anchored advancement event
shard-010,8130,2026-09-17T08:52:45.473059+00:00,0.593383657632997,speculative,UTC-anchored advancement event
shard-010,8131,2026-09-17T08:53:07.196994+00:00,0.36678594306625506,speculative,UTC-anchored advancement event
shard-010,8132,2026-09-17T08:54:15.929842+00:00,1.1271897784667089,speculative,UTC-anchored advancement event
shard-010,8133,2026-09-17T08:54:41.286299+00:00,0.4156196687501506,speculative,UTC-anchored advancement event
shard-010,8134,2026-09-17T08:55:07.838797+00:00,0.4359412305498457,speculative,UTC-anchored advancement event
shard-010,8135,2026-09-17T08:55:29.633964+00:00,0.35620297708325477,speculative,UTC-anchored advancement event
shard-010,8136,2026-09-17T08:56:22.376764+00:00,0.8720328291664676,speculative,UTC-anchored advancement event
shard-010,8137,2026-09-17T08:57:22.236114+00:00,0.990417161116784,speculative,UTC-anchored advancement event
shard-010,8138,2026-09-17T08:58:00.599805+00:00,0.6440511777667174,speculative,UTC-anchored advancement event
shard-010,8139,2026-09-17T08:58:23.087990+00:00,0.35657829861641704,speculative,UTC-anchored advancement event
shard-010,8140,2026-09-17T08:58:58.004898+00:00,0.5747301694330721,speculative,UTC-anchored advancement event
shard-010,8141,2026-09-17T09:02:41.013413+00:00,3.7098047583334846,speculative,UTC-anchored advancement event
shard-010,8142,2026-09-17T09:03:34.874165+00:00,0.8908518999999312,speculative,UTC-anchored advancement event
shard-010,8143,2026-09-17T09:04:07.358108+00:00,0.5339378097167355,speculative,UTC-anchored advancement event
shard-010,8144,2026-09-17T09:04:39.868334+00:00,0.5353600347332151,speculative,UTC-anchored advancement event
shard-010,8145,2026-09-17T09:05:14.281499+00:00,0.554710411116442,speculative,UTC-anchored advancement event
shard-010,8146,2026-09-17T09:06:15.373403+00:00,1.0109506166666202,speculative,UTC-anchored advancement event
shard-010,8147,2026-09-17T09:06:38.369529+00:00,0.37654061666689814,speculative,UTC-anchored advancement event
shard-010,8148,2026-09-17T09:07:10.764861+00:00,0.5330322472334956,speculative,UTC-anchored advancement event
shard-010,8149,2026-09-17T09:07:52.717556+00:00,0.6921558527833743,speculative,UTC-anchored advancement event
shard-010,8150,2026-09-17T09:08:35.790108+00:00,0.7109205583333581,speculative,UTC-anchored advancement event
shard-010,8151,2026-09-17T09:09:14.180625+00:00,0.632808435416761,speculative,UTC-anchored advancement event
shard-010,8152,2026-09-17T09:09:56.776376+00:00,0.7030357319497853,speculative,UTC-anchored advancement event
shard-010,8153,2026-09-17T09:10:36.439619+00:00,0.6539571875002973,speculative,UTC-anchored advancement event
shard-010,8154,2026-09-17T09:11:31.364599+00:00,0.9077669194331974,speculative,UTC-anchored advancement event
shard-010,8155,2026-09-17T09:12:32.299465+00:00,1.009230203483215,speculative,UTC-anchored advancement event
shard-010,8156,2026-09-17T09:12:57.642034+00:00,0.4153931437501645,speculative,UTC-anchored advancement event
shard-010,8157,2026-09-17T09:13:24.111271+00:00,0.4342238284666867,speculative,UTC-anchored advancement event
shard-010,8158,2026-09-17T09:13:57.677699+00:00,0.5522376416668219,speculative,UTC-anchored advancement event
shard-010,8159,2026-09-17T09:14:59.639053+00:00,1.0386399277830303,speculative,UTC-anchored advancement event
shard-010,8160,2026-09-17T09:16:17.675528+00:00,1.280077186099758,speculative,UTC-anchored advancement event
shard-010,8161,2026-09-17T09:17:20.578957+00:00,1.041110479166673,speculative,UTC-anchored advancement event
shard-010,8162,2026-09-17T09:20:35.022349+00:00,3.234055952783092,speculative,UTC-anchored advancement event
shard-010,8163,2026-09-17T09:22:01.578582+00:00,1.4353316014002,speculative,UTC-anchored advancement event
shard-010,8164,2026-09-17T09:23:01.666085+00:00,0.9939208208335912,speculative,UTC-anchored advancement event
shard-010,8165,2026-09-17T09:23:45.000970+00:00,0.7159881083333555,speculative,UTC-anchored advancement event
shard-010,8166,2026-09-17T09:24:28.698411+00:00,0.7073772243000955,speculative,UTC-anchored advancement event
shard-010,8167,2026-09-17T09:25:24.507765+00:00,0.9231163659666587,speculative,UTC-anchored advancement event
shard-010,8168,2026-09-17T09:26:00.857223+00:00,0.5977634541666096,speculative,UTC-anchored advancement event
shard-010,8169,2026-09-17T09:26:35.797698+00:00,0.5742989701330468,speculative,UTC-anchored advancement event
shard-010,8170,2026-09-17T09:27:08.364603+00:00,0.5351230451332716,speculative,UTC-anchored advancement event
shard-010,8171,2026-09-17T09:27:30.134956+00:00,0.35625930138339756,speculative,UTC-anchored advancement event
shard-010,8172,2026-09-17T09:28:03.834607+00:00,0.5538981361164285,speculative,UTC-anchored advancement event
shard-010,8173,2026-09-17T09:28:51.190667+00:00,0.7715635347165517,speculative,UTC-anchored advancement event
shard-010,8174,2026-09-17T09:29:36.742393+00:00,0.752139441666562,speculative,UTC-anchored advancement event
shard-010,8175,2026-09-17T09:30:40.217093+00:00,1.0507274763833265,speculative,UTC-anchored advancement event
shard-010,8176,2026-09-17T09:31:17.491282+00:00,0.6138526243002465,speculative,UTC-anchored advancement event
shard-010,8177,2026-09-17T09:31:38.117510+00:00,0.33651927221702255,speculative,UTC-anchored advancement event
shard-010,8178,2026-09-17T09:32:01.143647+00:00,0.3763665388997955,speculative,UTC-anchored advancement event
shard-010,8179,2026-09-17T09:32:22.967402+00:00,0.35656481181649724,speculative,UTC-anchored advancement event
shard-010,8180,2026-09-17T09:33:10.441369+00:00,0.7725583173664442,speculative,UTC-anchored advancement event
shard-010,8181,2026-09-17T09:34:10.329749+00:00,0.9908929263833367,speculative,UTC-anchored advancement event
shard-010,8182,2026-09-17T09:34:53.566290+00:00,0.712958726399908,speculative,UTC-anchored advancement event
shard-010,8183,2026-09-17T09:35:21.404678+00:00,0.45687231250000576,speculative,UTC-anchored advancement event
shard-010,8184,2026-09-17T09:35:51.595528+00:00,0.49596442361701826,speculative,UTC-anchored advancement event
shard-010,8185,2026-09-17T09:36:05.090241+00:00,0.21748822361696513,speculative,UTC-anchored advancement event
shard-010,8186,2026-09-17T09:36:13.805608+00:00,0.1385607833333779,speculative,UTC-anchored advancement event
