utc,n,p95_minutes
2026-09-09T23:20:00+00:00,0,nan
2026-09-09T23:25:00+00:00,5,nan
2026-09-09T23:30:00+00:00,13,nan
2026-09-09T23:35:00+00:00,20,1.7806492154114937
2026-09-09T23:40:00+00:00,27,1.6808863438939443
2026-09-09T23:45:00+00:00,34,1.9326613962212758
2026-09-09T23:50:00+00:00,39,2.0787886525094903
2026-09-09T23:55:00+00:00,41,2.3680535562491665
2026-09-10T00:00:00+00:00,46,2.4565686609372883
2026-09-10T00:05:00+00:00,50,2.4329646330204553
2026-09-10T00:10:00+00:00,52,3.9581847432715547
2026-09-10T00:15:00+00:00,56,3.921103785591064
2026-09-10T00:20:00+00:00,61,3.7466121270825776
2026-09-10T00:25:00+00:00,64,3.7186542082299505
2026-09-10T00:30:00+00:00,66,3.986238225521326
2026-09-10T00:35:00+00:00,68,4.312115951809391
2026-09-10T00:40:00+00:00,69,4.293192693336942
2026-09-10T00:45:00+00:00,73,4.453598257223687
2026-09-10T00:50:00+00:00,74,4.467432651561103
2026-09-10T00:55:00+00:00,77,4.515437754169107
2026-09-10T01:00:00+00:00,81,4.467999359032062
2026-09-10T01:05:00+00:00,87,4.467737801737774
2026-09-10T01:10:00+00:00,90,4.467607023090629
2026-09-10T01:15:00+00:00,91,4.467563430208248
2026-09-10T01:20:00+00:00,96,4.527297352953368
2026-09-10T01:25:00+00:00,93,4.56287614930615
2026-09-10T01:30:00+00:00,89,6.751467190148134
2026-09-10T01:35:00+00:00,86,7.26303615400587
2026-09-10T01:40:00+00:00,84,7.604082129910995
2026-09-10T01:45:00+00:00,81,8.115651093768731
2026-09-10T01:50:00+00:00,78,8.13381616345335
2026-09-10T01:55:00+00:00,80,8.121706116996938
2026-09-10T02:00:00+00:00,78,7.15320812538983
2026-09-10T02:05:00+00:00,76,7.266436709905004
2026-09-10T02:10:00+00:00,78,7.15320812538983
2026-09-10T02:15:00+00:00,79,7.0965938331322524
2026-09-10T02:20:00+00:00,78,7.15320812538983
2026-09-10T02:25:00+00:00,76,7.266436709905004
2026-09-10T02:30:00+00:00,78,7.8072015602124125
2026-09-10T02:35:00+00:00,78,7.8072015602124125
2026-09-10T02:40:00+00:00,80,8.121706116996938
2026-09-10T02:45:00+00:00,77,7.825345650421612
2026-09-10T02:50:00+00:00,80,8.121706116996938
2026-09-10T02:55:00+00:00,81,7.752769289584831
2026-09-10T03:00:00+00:00,81,7.752769289584831
2026-09-10T03:05:00+00:00,78,7.8072015602124125
2026-09-10T03:10:00+00:00,79,7.789057470003218
2026-09-10T03:15:00+00:00,82,7.714299087536446
2026-09-10T03:20:00+00:00,79,7.060305652713864
2026-09-10T03:25:00+00:00,81,7.341154261816215
2026-09-10T03:30:00+00:00,80,7.00125469927705
2026-09-10T03:35:00+00:00,79,7.019144149937005
2026-09-10T03:40:00+00:00,78,7.03703360059696
2026-09-10T03:45:00+00:00,77,7.05492305125692
2026-09-10T03:50:00+00:00,78,7.03703360059696
2026-09-10T03:55:00+00:00,77,5.193746226802088
2026-09-10T04:00:00+00:00,78,5.059533224613674
2026-09-10T04:05:00+00:00,78,5.059533224613674
2026-09-10T04:10:00+00:00,78,5.059533224613674
2026-09-10T04:15:00+00:00,77,5.193746226802088
2026-09-10T04:20:00+00:00,77,5.193746226802088
2026-09-10T04:25:00+00:00,77,5.193746226802088
2026-09-10T04:30:00+00:00,76,5.188682663536262
2026-09-10T04:35:00+00:00,77,5.082324974438725
2026-09-10T04:40:00+00:00,78,3.385796308333604
2026-09-10T04:45:00+00:00,80,3.236255377778915
2026-09-10T04:50:00+00:00,79,2.7520419712554793
2026-09-10T04:55:00+00:00,78,2.774788801324705
2026-09-10T05:00:00+00:00,78,2.774788801324705
2026-09-10T05:05:00+00:00,78,2.774788801324705
2026-09-10T05:10:00+00:00,76,2.5933269340292706
2026-09-10T05:15:00+00:00,74,2.6084231176409705
2026-09-10T05:20:00+00:00,74,2.8412336583353053
2026-09-10T05:25:00+00:00,74,2.6084231176409705
2026-09-10T05:30:00+00:00,73,2.615971209446821
2026-09-10T05:35:00+00:00,74,2.3130706495162996
2026-09-10T05:40:00+00:00,72,2.3736056743779548
2026-09-10T05:45:00+00:00,73,2.343338161947123
2026-09-10T05:50:00+00:00,72,2.0367130592705998
2026-09-10T05:55:00+00:00,71,1.9254487590243419
2026-09-10T06:00:00+00:00,70,2.048437605312404
2026-09-10T06:05:00+00:00,70,2.048437605312404
2026-09-10T06:10:00+00:00,69,2.0542998783333064
2026-09-10T06:15:00+00:00,68,2.7448056546494852
2026-09-10T06:20:00+00:00,66,2.843822207287788
2026-09-10T06:25:00+00:00,68,2.7448056546494852
2026-09-10T06:30:00+00:00,68,2.0601621513542097
2026-09-10T06:35:00+00:00,68,2.0601621513542097
2026-09-10T06:40:00+00:00,67,2.3023385946456485
2026-09-10T06:45:00+00:00,66,2.3167057755131584
2026-09-10T06:50:00+00:00,65,2.3310729563806665
2026-09-10T06:55:00+00:00,66,2.3167057755131584
2026-09-10T07:00:00+00:00,64,2.345440137248174
2026-09-10T07:05:00+00:00,63,2.359807318115684
2026-09-10T07:10:00+00:00,65,2.3310729563806665
2026-09-10T07:15:00+00:00,65,2.3310729563806665
2026-09-10T07:20:00+00:00,65,2.227688518749782
2026-09-10T07:25:00+00:00,64,2.2126713926040464
2026-09-10T07:30:00+00:00,64,2.2126713926040464
2026-09-10T07:35:00+00:00,62,2.2633054628124207
2026-09-10T07:40:00+00:00,63,2.237988427708235
2026-09-10T07:45:00+00:00,62,2.2633054628124207
2026-09-10T07:50:00+00:00,62,2.2633054628124207
2026-09-10T07:55:00+00:00,62,2.2633054628124207
2026-09-10T08:00:00+00:00,62,1.7721670375345266
2026-09-10T08:05:00+00:00,62,1.7670676198253434
2026-09-10T08:10:00+00:00,62,1.764624516110439
2026-09-10T08:15:00+00:00,61,1.4291362013842446
2026-09-10T08:20:00+00:00,62,1.4266688687800584
2026-09-10T08:25:00+00:00,61,1.4291362013842446
2026-09-10T08:30:00+00:00,60,1.446793481106675
2026-09-10T08:35:00+00:00,60,1.446793481106675
2026-09-10T08:40:00+00:00,60,1.3822568819047105
2026-09-10T08:45:00+00:00,60,1.3822568819047105
2026-09-10T08:50:00+00:00,60,1.3822568819047105
2026-09-10T08:55:00+00:00,59,1.3847242145088965
2026-09-10T09:00:00+00:00,59,1.3847242145088965
2026-09-10T09:05:00+00:00,59,1.3847242145088965
2026-09-10T09:10:00+00:00,57,1.3896588797172684
2026-09-10T09:15:00+00:00,58,1.3871915471130827
2026-09-10T09:20:00+00:00,59,1.1674397493039321
2026-09-10T09:25:00+00:00,58,1.0294982058325937
2026-09-10T09:30:00+00:00,58,1.0294982058325937
2026-09-10T09:35:00+00:00,58,1.179236960414855
2026-09-10T09:40:00+00:00,57,1.191034171525776
2026-09-10T09:45:00+00:00,56,1.2028313826366988
2026-09-10T09:50:00+00:00,55,1.0496771095825046
2026-09-10T09:55:00+00:00,55,1.0606038465931
2026-09-10T10:00:00+00:00,54,1.0665496666280274
2026-09-10T10:05:00+00:00,54,1.1613182482655002
2026-09-10T10:10:00+00:00,53,1.364488438742701
2026-09-10T10:15:00+00:00,53,1.7313931333331842
2026-09-10T10:20:00+00:00,52,1.7734169536456428
2026-09-10T10:25:00+00:00,52,1.7734169536456428
2026-09-10T10:30:00+00:00,52,1.7734169536456428
2026-09-10T10:35:00+00:00,52,1.7734169536456428
2026-09-10T10:40:00+00:00,51,1.8154407739581073
2026-09-10T10:45:00+00:00,51,1.8154407739581073
2026-09-10T10:50:00+00:00,51,1.8154407739581073
2026-09-10T10:55:00+00:00,50,1.8574645942705659
2026-09-10T11:00:00+00:00,50,1.8574645942705659
2026-09-10T11:05:00+00:00,50,1.8574645942705659
2026-09-10T11:10:00+00:00,50,1.8574645942705659
2026-09-10T11:15:00+00:00,49,2.35702165833325
2026-09-10T11:20:00+00:00,48,2.367133548437462
2026-09-10T11:25:00+00:00,47,2.3772454385416726
2026-09-10T11:30:00+00:00,46,2.387357328645885
2026-09-10T11:35:00+00:00,46,3.1830066078177577
2026-09-10T11:40:00+00:00,46,3.1830066078177577
2026-09-10T11:45:00+00:00,46,3.1830066078177577
2026-09-10T11:50:00+00:00,47,3.1333339525743655
2026-09-10T11:55:00+00:00,47,2.3772454385416726
2026-09-10T12:00:00+00:00,47,2.3772454385416726
2026-09-10T12:05:00+00:00,47,2.3772454385416726
2026-09-10T12:10:00+00:00,47,2.1149160168719585
2026-09-10T12:15:00+00:00,47,1.4798198170808603
2026-09-10T12:20:00+00:00,47,2.4609323875745703
2026-09-10T12:25:00+00:00,46,2.527382094276254
2026-09-10T12:30:00+00:00,46,2.6408858829929764
2026-09-10T12:35:00+00:00,45,2.684634831951308
2026-09-10T12:40:00+00:00,45,2.6847093863944345
2026-09-10T12:45:00+00:00,45,2.6847093863944345
2026-09-10T12:50:00+00:00,45,2.6847093863944345
2026-09-10T12:55:00+00:00,45,2.6847093863944345
2026-09-10T13:00:00+00:00,45,2.6847093863944345
2026-09-10T13:05:00+00:00,45,2.6847093863944345
2026-09-10T13:10:00+00:00,45,2.6847093863944345
2026-09-10T13:15:00+00:00,44,1.9849685050012582
2026-09-10T13:20:00+00:00,44,1.9849685050012582
2026-09-10T13:25:00+00:00,45,2.6847093863944345
2026-09-10T13:30:00+00:00,44,2.72843969674199
2026-09-10T13:35:00+00:00,44,2.72843969674199
2026-09-10T13:40:00+00:00,44,2.72843969674199
2026-09-10T13:45:00+00:00,44,2.72843969674199
2026-09-10T13:50:00+00:00,44,2.72843969674199
2026-09-10T13:55:00+00:00,44,2.72843969674199
2026-09-10T14:00:00+00:00,44,2.72843969674199
2026-09-10T14:05:00+00:00,44,2.72843969674199
2026-09-10T14:10:00+00:00,44,2.72843969674199
2026-09-10T14:15:00+00:00,42,2.8159003174370896
2026-09-10T14:20:00+00:00,42,1.9850057822228215
2026-09-10T14:25:00+00:00,43,1.9849871436120399
2026-09-10T14:30:00+00:00,43,1.9765773005568188
2026-09-10T14:35:00+00:00,42,1.9808008606952108
2026-09-10T14:40:00+00:00,41,1.900553218065761
2026-09-10T14:45:00+00:00,41,2.8746735895828652
2026-09-10T14:50:00+00:00,40,2.964700253992821
2026-09-10T14:55:00+00:00,40,2.964700253992821
2026-09-10T15:00:00+00:00,40,2.964700253992821
2026-09-10T15:05:00+00:00,39,3.05472691840279
2026-09-10T15:10:00+00:00,39,3.05472691840279
2026-09-10T15:15:00+00:00,40,2.964700253992821
2026-09-10T15:20:00+00:00,40,2.964700253992821
2026-09-10T15:25:00+00:00,38,2.0466712737933253
2026-09-10T15:30:00+00:00,38,2.0466712737933253
2026-09-10T15:35:00+00:00,36,1.6729283196298639
2026-09-10T15:40:00+00:00,34,1.7032783060879828
2026-09-10T15:45:00+00:00,32,1.7336282925461028
2026-09-10T15:50:00+00:00,30,1.5141952028558197
2026-09-10T15:55:00+00:00,28,1.5326081252177632
2026-09-10T16:00:00+00:00,26,1.5510210475797066
2026-09-10T16:05:00+00:00,24,1.5694339699416495
2026-09-10T16:10:00+00:00,22,1.587846892303593
2026-09-10T16:15:00+00:00,22,1.587846892303593
2026-09-10T16:20:00+00:00,20,2.048769963449456
2026-09-10T16:25:00+00:00,18,nan
2026-09-10T16:30:00+00:00,17,nan
2026-09-10T16:35:00+00:00,22,2.5029123411909673
2026-09-10T16:40:00+00:00,24,2.4692291749392936
2026-09-10T16:45:00+00:00,28,2.401862842435948
2026-09-10T16:50:00+00:00,34,2.8971680600462886
2026-09-10T16:55:00+00:00,37,4.241351829037289
2026-09-10T17:00:00+00:00,39,3.919715927719182
2026-09-10T17:05:00+00:00,43,3.576486663482501
2026-09-10T17:10:00+00:00,48,3.5225032561861247
2026-09-10T17:15:00+00:00,49,3.5117065747268486
2026-09-10T17:20:00+00:00,48,4.493200102261712
2026-09-10T17:25:00+00:00,50,4.469973483229693
2026-09-10T17:30:00+00:00,51,4.472337561800184
2026-09-10T17:35:00+00:00,53,4.531904030836885
2026-09-10T17:40:00+00:00,57,5.343038076250418
2026-09-10T17:45:00+00:00,62,4.938247518369072
2026-09-10T17:50:00+00:00,63,4.901307201320693
2026-09-10T17:55:00+00:00,64,4.96301733458502
2026-09-10T18:00:00+00:00,65,4.958960500974208
2026-09-10T18:05:00+00:00,68,4.946790000141773
2026-09-10T18:10:00+00:00,70,5.986775997708119
2026-09-10T18:15:00+00:00,70,5.986775997708119
2026-09-10T18:20:00+00:00,73,8.999501730424402
2026-09-10T18:25:00+00:00,81,7.678609743751197
2026-09-10T18:30:00+00:00,87,7.419358532500533
2026-09-10T18:35:00+00:00,86,7.462567067708975
2026-09-10T18:40:00+00:00,89,7.332941462083637
2026-09-10T18:45:00+00:00,88,6.170701118124595
2026-09-10T18:50:00+00:00,88,6.170701118124595
2026-09-10T18:55:00+00:00,85,4.958960500974208
2026-09-10T19:00:00+00:00,83,4.967074168195831
2026-09-10T19:05:00+00:00,78,5.8760356166699275
2026-09-10T19:10:00+00:00,71,7.978013772925866
2026-09-10T19:15:00+00:00,71,11.698837556959674
2026-09-10T19:20:00+00:00,72,11.627037772307137
2026-09-10T19:25:00+00:00,72,12.967410021299344
2026-09-10T19:30:00+00:00,76,12.722710191159663
2026-09-10T19:35:00+00:00,78,12.600360276089816
2026-09-10T19:40:00+00:00,76,11.339838633696976
2026-09-10T19:45:00+00:00,73,11.555237987654582
2026-09-10T19:50:00+00:00,76,11.339838633696976
2026-09-10T19:55:00+00:00,77,11.26803884904444
2026-09-10T20:00:00+00:00,79,11.124439279739349
2026-09-10T20:05:00+00:00,80,12.478010361019985
2026-09-10T20:10:00+00:00,80,11.052639495086813
2026-09-10T20:15:00+00:00,83,10.83600051702911
2026-09-10T20:20:00+00:00,85,4.202436010134018
2026-09-10T20:25:00+00:00,83,4.225199430758947
2026-09-10T20:30:00+00:00,79,4.776411343883732
2026-09-10T20:35:00+00:00,81,4.4219533569489915
2026-09-10T20:40:00+00:00,82,4.413253831670736
2026-09-10T20:45:00+00:00,83,4.404554306392479
2026-09-10T20:50:00+00:00,80,4.677478077920663
2026-09-10T20:55:00+00:00,83,4.404554306392479
2026-09-10T21:00:00+00:00,85,4.387155255835968
2026-09-10T21:05:00+00:00,88,4.361056680001201
2026-09-10T21:10:00+00:00,88,4.361056680001201
2026-09-10T21:15:00+00:00,89,7.479702269029387
2026-09-10T21:20:00+00:00,94,6.20564022232921
2026-09-10T21:25:00+00:00,95,4.300160003053412
2026-09-10T21:30:00+00:00,98,3.7256853061153796
2026-09-10T21:35:00+00:00,101,3.6028144736153385
2026-09-10T21:40:00+00:00,101,3.917888931951408
2026-09-10T21:45:00+00:00,103,4.371546914449229
2026-09-10T21:50:00+00:00,104,4.4193606612190095
2026-09-10T21:55:00+00:00,105,4.418496429309016
2026-09-10T22:00:00+00:00,105,4.6623718508301915
2026-09-10T22:05:00+00:00,106,4.417632197399022
2026-09-10T22:10:00+00:00,109,4.41503950166904
2026-09-10T22:15:00+00:00,112,4.13693983601037
2026-09-10T22:20:00+00:00,108,4.234295793369912
2026-09-10T22:25:00+00:00,103,4.3559907400693385
2026-09-10T22:30:00+00:00,103,4.420224893129004
2026-09-10T22:35:00+00:00,98,4.452339882081818
2026-09-10T22:40:00+00:00,93,4.531791820969662
2026-09-10T22:45:00+00:00,88,4.611243759857508
2026-09-10T22:50:00+00:00,84,4.674805310967784
2026-09-10T22:55:00+00:00,82,5.101633060357515
2026-09-10T23:00:00+00:00,82,5.101633060357515
2026-09-10T23:05:00+00:00,84,5.061721840772562
2026-09-10T23:10:00+00:00,86,5.021810621187615
2026-09-10T23:15:00+00:00,84,4.331651750729455
2026-09-10T23:20:00+00:00,81,4.404668718749114
2026-09-10T23:25:00+00:00,82,4.38032972940923
2026-09-10T23:30:00+00:00,76,4.484120657636958
2026-09-10T23:35:00+00:00,75,4.842210133055341
2026-09-10T23:40:00+00:00,78,5.479704866397543
2026-09-10T23:45:00+00:00,81,4.7224764743004926
2026-09-10T23:50:00+00:00,82,4.6621497242663015
2026-09-10T23:55:00+00:00,86,4.4208427241295185
2026-09-11T00:00:00+00:00,87,3.508877817781953
2026-09-11T00:05:00+00:00,84,3.492140505312612
2026-09-11T00:10:00+00:00,83,4.39933011041216
2026-09-11T00:15:00+00:00,79,4.562249382010386
2026-09-11T00:20:00+00:00,80,4.531174977113744
2026-09-11T00:25:00+00:00,80,5.271434830322485
2026-09-11T00:30:00+00:00,86,7.21390904825433
2026-09-11T00:35:00+00:00,92,6.128385657839449
2026-09-11T00:40:00+00:00,96,5.4047033975628445
2026-09-11T00:45:00+00:00,100,4.68102113728624
2026-09-11T00:50:00+00:00,105,4.429196499300499
2026-09-11T00:55:00+00:00,108,3.9518509123580055
2026-09-11T01:00:00+00:00,108,3.9518509123580055
2026-09-11T01:05:00+00:00,106,4.411470481071349
2026-09-11T01:10:00+00:00,107,4.3937444628421956
2026-09-11T01:15:00+00:00,109,4.358292426383898
2026-09-11T01:20:00+00:00,108,4.686425302984133
2026-09-11T01:25:00+00:00,107,4.700757974581596
2026-09-11T01:30:00+00:00,107,4.700757974581596
2026-09-11T01:35:00+00:00,107,4.700757974581596
2026-09-11T01:40:00+00:00,106,4.411470481071349
2026-09-11T01:45:00+00:00,106,4.411470481071349
2026-09-11T01:50:00+00:00,103,4.4934644946487
2026-09-11T01:55:00+00:00,100,4.5144332438145645
2026-09-11T02:00:00+00:00,103,4.4934644946487
2026-09-11T02:05:00+00:00,110,4.470238223159297
2026-09-11T02:10:00+00:00,112,4.275252022638642
2026-09-11T02:15:00+00:00,116,4.131379805383524
2026-09-11T02:20:00+00:00,119,4.070907807153608
2026-09-11T02:25:00+00:00,123,3.536989658749274
2026-09-11T02:30:00+00:00,118,3.5003113493744356
2026-09-11T02:35:00+00:00,114,3.510092231874393
2026-09-11T02:40:00+00:00,113,3.5125374524993815
2026-09-11T02:45:00+00:00,118,3.5003113493744356
2026-09-11T02:50:00+00:00,122,3.4744491309019656
2026-09-11T02:55:00+00:00,120,3.4954209081244576
2026-09-11T03:00:00+00:00,120,3.4954209081244576
2026-09-11T03:05:00+00:00,121,3.156127669450749
2026-09-11T03:10:00+00:00,125,3.1018587479131137
2026-09-11T03:15:00+00:00,126,3.0967122960040188
2026-09-11T03:20:00+00:00,131,2.9678593100756796
2026-09-11T03:25:00+00:00,132,2.9008059975340923
2026-09-11T03:30:00+00:00,134,2.956085618084762
2026-09-11T03:35:00+00:00,137,2.9173486936135062
2026-09-11T03:40:00+00:00,140,2.916489500491201
2026-09-11T03:45:00+00:00,140,2.916489500491201
2026-09-11T03:50:00+00:00,141,2.916203102783766
2026-09-11T03:55:00+00:00,140,2.9252536944675365
2026-09-11T04:00:00+00:00,133,2.94851215721302
2026-09-11T04:05:00+00:00,127,3.115144023825801
2026-09-11T04:10:00+00:00,124,3.4848903630812593
2026-09-11T04:15:00+00:00,123,3.5042293450595237
2026-09-11T04:20:00+00:00,122,3.541986827106933
2026-09-11T04:25:00+00:00,122,3.7967557376373797
2026-09-11T04:30:00+00:00,122,3.7967557376373797
2026-09-11T04:35:00+00:00,122,3.7967557376373797
2026-09-11T04:40:00+00:00,122,3.7967557376373797
2026-09-11T04:45:00+00:00,119,3.8545202231242217
2026-09-11T04:50:00+00:00,115,3.943328306874608
2026-09-11T04:55:00+00:00,115,3.943328306874608
2026-09-11T05:00:00+00:00,116,3.921126285937013
2026-09-11T05:05:00+00:00,118,3.8767222440618165
2026-09-11T05:10:00+00:00,116,3.921126285937013
2026-09-11T05:15:00+00:00,113,3.987732348749798
2026-09-11T05:20:00+00:00,107,4.330721967083711
2026-09-11T05:25:00+00:00,106,4.674369509899892
2026-09-11T05:30:00+00:00,103,5.023910736874284
2026-09-11T05:35:00+00:00,98,8.006351123931038
2026-09-11T05:40:00+00:00,94,8.095655402127495
2026-09-11T05:45:00+00:00,93,8.508186211539817
2026-09-11T05:50:00+00:00,95,8.47761323522136
2026-09-11T05:55:00+00:00,99,8.41646728258444
2026-09-11T06:00:00+00:00,103,8.34124216716775
2026-09-11T06:05:00+00:00,104,4.99187357614515
2026-09-11T06:10:00+00:00,105,4.921219366666238
2026-09-11T06:15:00+00:00,103,5.004602212499393
2026-09-11T06:20:00+00:00,102,5.046293635415971
2026-09-11T06:25:00+00:00,98,5.515693236875207
2026-09-11T06:30:00+00:00,96,8.05100326302927
2026-09-11T06:35:00+00:00,97,8.028677193480151
2026-09-11T06:40:00+00:00,98,8.006351123931038
2026-09-11T06:45:00+00:00,96,8.05100326302927
2026-09-11T06:50:00+00:00,91,8.16263361077484
2026-09-11T06:55:00+00:00,88,8.584618652335967
2026-09-11T07:00:00+00:00,86,9.020662999136643
2026-09-11T07:05:00+00:00,82,9.108406713719596
2026-09-11T07:10:00+00:00,77,9.241474057365364
2026-09-11T07:15:00+00:00,79,9.811242270350528
2026-09-11T07:20:00+00:00,80,9.748620993858006
2026-09-11T07:25:00+00:00,82,9.681991274517982
2026-09-11T07:30:00+00:00,83,9.677982831670475
2026-09-11T07:35:00+00:00,81,9.685999717365485
2026-09-11T07:40:00+00:00,80,9.748620993858006
2026-09-11T07:45:00+00:00,78,11.528165001800676
2026-09-11T07:50:00+00:00,75,12.117904756385434
2026-09-11T07:55:00+00:00,71,12.90422442916509
2026-09-11T08:00:00+00:00,74,13.711642826949916
2026-09-11T08:05:00+00:00,75,13.622536612783437
2026-09-11T08:10:00+00:00,74,13.711642826949916
2026-09-11T08:15:00+00:00,75,13.622536612783437
2026-09-11T08:20:00+00:00,75,13.622536612783437
2026-09-11T08:25:00+00:00,76,13.533430398616959
2026-09-11T08:30:00+00:00,79,11.15337265527282
2026-09-11T08:35:00+00:00,76,11.475793767358118
2026-09-11T08:40:00+00:00,74,11.690741175414963
2026-09-11T08:45:00+00:00,71,12.013162287500261
2026-09-11T08:50:00+00:00,80,11.045898951244398
2026-09-11T08:55:00+00:00,84,9.388098886560854
2026-09-11T09:00:00+00:00,86,8.074177465793037
2026-09-11T09:05:00+00:00,88,8.042134704889513
2026-09-11T09:10:00+00:00,92,7.978049183082477
2026-09-11T09:15:00+00:00,93,4.629876447500427
2026-09-11T09:20:00+00:00,94,4.6239323842713675
2026-09-11T09:25:00+00:00,96,4.569981630205681
2026-09-11T09:30:00+00:00,99,4.567513167913226
2026-09-11T09:35:00+00:00,102,4.5540424696840125
2026-09-11T09:40:00+00:00,107,4.494917186179467
2026-09-11T09:45:00+00:00,111,4.263215418399583
2026-09-11T09:50:00+00:00,112,4.4357919026749215
2026-09-11T09:55:00+00:00,112,4.4357919026749215
2026-09-11T10:00:00+00:00,113,4.258996741526449
2026-09-11T10:05:00+00:00,115,4.247268466386401
2026-09-11T10:10:00+00:00,117,4.235540191246351
2026-09-11T10:15:00+00:00,117,4.235540191246351
2026-09-11T10:20:00+00:00,119,4.198566364085806
2026-09-11T10:25:00+00:00,124,4.174361111622517
2026-09-11T10:30:00+00:00,123,3.4686180865331933
2026-09-11T10:35:00+00:00,129,3.354209285139803
2026-09-11T10:40:00+00:00,133,3.142746309309732
2026-09-11T10:45:00+00:00,138,3.0140536367721507
2026-09-11T10:50:00+00:00,133,2.993754479999188
2026-09-11T10:55:00+00:00,130,2.996367758436827
2026-09-11T11:00:00+00:00,130,3.040309751498571
2026-09-11T11:05:00+00:00,134,2.895894533645768
2026-09-11T11:10:00+00:00,137,2.8371135677719335
2026-09-11T11:15:00+00:00,136,2.8371422270778566
2026-09-11T11:20:00+00:00,138,2.794042246813867
2026-09-11T11:25:00+00:00,140,2.8370275898541633
2026-09-11T11:30:00+00:00,145,2.7492757287602063
2026-09-11T11:35:00+00:00,145,2.7492757287602063
2026-09-11T11:40:00+00:00,143,3.0036697097914304
2026-09-11T11:45:00+00:00,135,3.052386173336417
2026-09-11T11:50:00+00:00,134,3.246348985217335
2026-09-11T11:55:00+00:00,137,3.193483241259815
2026-09-11T12:00:00+00:00,136,3.1774503741418205
2026-09-11T12:05:00+00:00,132,3.2210142073354384
2026-09-11T12:10:00+00:00,134,3.3879314430966034
2026-09-11T12:15:00+00:00,139,3.354276661326099
2026-09-11T12:20:00+00:00,136,3.1774503741418205
2026-09-11T12:25:00+00:00,134,4.036980556393676
2026-09-11T12:30:00+00:00,134,4.036980556393676
2026-09-11T12:35:00+00:00,126,4.506801731947053
2026-09-11T12:40:00+00:00,118,5.2250470824001
2026-09-11T12:45:00+00:00,117,9.028322851530174
2026-09-11T12:50:00+00:00,120,8.70995937538255
2026-09-11T12:55:00+00:00,123,8.506569802154933
2026-09-11T13:00:00+00:00,126,6.923475545328984
2026-09-11T13:05:00+00:00,129,6.498868429596753
2026-09-11T13:10:00+00:00,129,6.498868429596753
2026-09-11T13:15:00+00:00,130,6.357332724352689
2026-09-11T13:20:00+00:00,131,6.215797019108626
2026-09-11T13:25:00+00:00,127,7.235426769656827
2026-09-11T13:30:00+00:00,126,7.409354398441792
2026-09-11T13:35:00+00:00,128,7.061499140871911
2026-09-11T13:40:00+00:00,131,6.416249245841755
2026-09-11T13:45:00+00:00,140,4.7397802789694925
2026-09-11T13:50:00+00:00,145,3.851253901533006
2026-09-11T13:55:00+00:00,147,4.1873888987512276
2026-09-11T14:00:00+00:00,149,4.140297409446209
2026-09-11T14:05:00+00:00,149,4.140297409446209
2026-09-11T14:10:00+00:00,148,3.8463829724706984
2026-09-11T14:15:00+00:00,147,3.848006615491467
2026-09-11T14:20:00+00:00,155,3.8350174713253113
2026-09-11T14:25:00+00:00,160,3.589551434993914
2026-09-11T14:30:00+00:00,161,3.8252756132006955
2026-09-11T14:35:00+00:00,165,3.775649470420317
2026-09-11T14:40:00+00:00,168,3.738429863335042
2026-09-11T14:45:00+00:00,168,3.5057536179454
2026-09-11T14:50:00+00:00,166,3.763242934725228
2026-09-11T14:55:00+00:00,169,3.495554863466337
2026-09-11T15:00:00+00:00,170,3.101697695032431
2026-09-11T15:05:00+00:00,162,3.563918369484209
2026-09-11T15:10:00+00:00,159,3.5742764805598806
2026-09-11T15:15:00+00:00,161,3.5739577673666645
2026-09-11T15:20:00+00:00,161,3.5739577673666645
2026-09-11T15:25:00+00:00,164,3.327730701697387
2026-09-11T15:30:00+00:00,159,3.1005351615962944
2026-09-11T15:35:00+00:00,157,3.4133274012474164
2026-09-11T15:40:00+00:00,154,3.443445594894776
2026-09-11T15:45:00+00:00,150,3.5757106899293527
2026-09-11T15:50:00+00:00,144,3.576666829509001
2026-09-11T15:55:00+00:00,137,3.63068100402209
2026-09-11T16:00:00+00:00,132,3.9508971638564225
2026-09-11T16:05:00+00:00,133,4.303962504170675
2026-09-11T16:10:00+00:00,132,4.33189026684393
2026-09-11T16:15:00+00:00,127,4.471529080210209
2026-09-11T16:20:00+00:00,121,4.63909565624975
2026-09-11T16:25:00+00:00,118,4.688697917394939
2026-09-11T16:30:00+00:00,115,4.738300178540133
2026-09-11T16:35:00+00:00,113,4.771368352636925
2026-09-11T16:40:00+00:00,110,4.820970613782118
2026-09-11T16:45:00+00:00,104,4.581336011874565
2026-09-11T16:50:00+00:00,100,5.128966342704362
2026-09-11T16:55:00+00:00,95,8.472075089035785
2026-09-11T17:00:00+00:00,90,8.737507407439598
2026-09-11T17:05:00+00:00,94,8.525161552716545
2026-09-11T17:10:00+00:00,93,8.578248016397303
2026-09-11T17:15:00+00:00,88,7.039233688544455
2026-09-11T17:20:00+00:00,85,9.002939725843412
2026-09-11T17:25:00+00:00,80,9.417180720879104
2026-09-11T17:30:00+00:00,78,9.820971001504383
2026-09-11T17:35:00+00:00,75,10.426656422442358
2026-09-11T17:40:00+00:00,72,11.032341843380333
2026-09-11T17:45:00+00:00,74,13.538593166046674
2026-09-11T17:50:00+00:00,75,13.497821054728506
2026-09-11T17:55:00+00:00,79,13.334732609455818
2026-09-11T18:00:00+00:00,80,5.100355200823857
2026-09-11T18:05:00+00:00,78,5.958548167770713
2026-09-11T18:10:00+00:00,76,12.29377220087869
2026-09-11T18:15:00+00:00,77,12.229811121815974
2026-09-11T18:20:00+00:00,75,12.357733279941405
2026-09-11T18:25:00+00:00,68,12.805460833380444
2026-09-11T18:30:00+00:00,69,13.055322901538261
2026-09-11T18:35:00+00:00,75,13.028632118692427
2026-09-11T18:40:00+00:00,83,12.915006813621535
2026-09-11T18:45:00+00:00,90,12.854152648063998
2026-09-11T18:50:00+00:00,89,12.444701526395894
2026-09-11T18:55:00+00:00,89,11.785993335005282
2026-09-11T19:00:00+00:00,89,11.785993335005282
2026-09-11T19:05:00+00:00,86,11.856483386465213
2026-09-11T19:10:00+00:00,83,11.926973437925136
2026-09-11T19:15:00+00:00,81,11.973966805565093
2026-09-11T19:20:00+00:00,77,11.598019864445476
2026-09-11T19:25:00+00:00,77,12.130878379175364
2026-09-11T19:30:00+00:00,77,12.130878379175364
2026-09-11T19:35:00+00:00,75,12.209334165980493
2026-09-11T19:40:00+00:00,73,12.287789952785623
2026-09-11T19:45:00+00:00,66,11.856483386465213
2026-09-11T19:50:00+00:00,64,12.64084099340873
2026-09-11T19:55:00+00:00,59,12.775911578061447
2026-09-11T20:00:00+00:00,54,12.819378839173975
2026-09-11T20:05:00+00:00,53,14.173465139180184
2026-09-11T20:10:00+00:00,50,14.638866922097796
2026-09-11T20:15:00+00:00,46,15.259402632654625
2026-09-11T20:20:00+00:00,46,15.259402632654625
2026-09-11T20:25:00+00:00,47,15.104268705015407
2026-09-11T20:30:00+00:00,47,15.104268705015407
2026-09-11T20:35:00+00:00,41,16.03507227085065
2026-09-11T20:40:00+00:00,34,16.379156447124938
2026-09-11T20:45:00+00:00,29,16.62493085874943
2026-09-11T20:50:00+00:00,31,16.526621094099635
2026-09-11T20:55:00+00:00,29,16.62493085874943
2026-09-11T21:00:00+00:00,25,16.821550388049022
2026-09-11T21:05:00+00:00,21,17.01816991734862
2026-09-11T21:10:00+00:00,21,17.01816991734862
2026-09-11T21:15:00+00:00,21,17.01816991734862
2026-09-11T21:20:00+00:00,21,17.01816991734862
2026-09-11T21:25:00+00:00,18,nan
2026-09-11T21:30:00+00:00,16,nan
2026-09-11T21:35:00+00:00,16,nan
2026-09-11T21:40:00+00:00,16,nan
2026-09-11T21:45:00+00:00,16,nan
2026-09-11T21:50:00+00:00,15,nan
2026-09-11T21:55:00+00:00,15,nan
2026-09-11T22:00:00+00:00,15,nan
2026-09-11T22:05:00+00:00,14,nan
2026-09-11T22:10:00+00:00,14,nan
2026-09-11T22:15:00+00:00,14,nan
2026-09-11T22:20:00+00:00,12,nan
2026-09-11T22:25:00+00:00,11,nan
2026-09-11T22:30:00+00:00,8,nan
2026-09-11T22:35:00+00:00,6,nan
2026-09-11T22:40:00+00:00,5,nan
2026-09-11T22:45:00+00:00,3,nan
2026-09-11T22:50:00+00:00,1,nan
2026-09-11T22:55:00+00:00,0,nan
2026-09-11T23:00:00+00:00,0,nan
2026-09-11T23:05:00+00:00,0,nan
2026-09-11T23:10:00+00:00,0,nan
2026-09-11T23:15:00+00:00,0,nan
2026-09-11T23:20:00+00:00,0,nan
2026-09-11T23:25:00+00:00,2,nan
2026-09-11T23:30:00+00:00,5,nan
2026-09-11T23:35:00+00:00,6,nan
2026-09-11T23:40:00+00:00,8,nan
2026-09-11T23:45:00+00:00,9,nan
2026-09-11T23:50:00+00:00,11,nan
2026-09-11T23:55:00+00:00,11,nan
2026-09-12T00:00:00+00:00,11,nan
2026-09-12T00:05:00+00:00,11,nan
2026-09-12T00:10:00+00:00,13,nan
2026-09-12T00:15:00+00:00,15,nan
2026-09-12T00:20:00+00:00,17,nan
2026-09-12T00:25:00+00:00,18,nan
2026-09-12T00:30:00+00:00,20,5.065096993507186
2026-09-12T00:35:00+00:00,20,5.065096993507186
2026-09-12T00:40:00+00:00,20,5.065096993507186
2026-09-12T00:45:00+00:00,22,11.875516579582856
2026-09-12T00:50:00+00:00,24,11.09455035124962
2026-09-12T00:55:00+00:00,27,9.923101008749795
2026-09-12T01:00:00+00:00,30,8.751651666249941
2026-09-12T01:05:00+00:00,32,7.970685437916734
2026-09-12T01:10:00+00:00,35,6.799236095416881
2026-09-12T01:15:00+00:00,37,6.018269867083646
2026-09-12T01:20:00+00:00,42,11.875516579582827
2026-09-12T01:25:00+00:00,44,11.094550351249648
2026-09-12T01:30:00+00:00,45,10.704067237083002
2026-09-12T01:35:00+00:00,52,10.790980884823064
2026-09-12T01:40:00+00:00,59,9.852332551869898
2026-09-12T01:45:00+00:00,65,8.536614919993236
2026-09-12T01:50:00+00:00,69,7.359216640556277
2026-09-12T01:55:00+00:00,73,6.701898615133209
2026-09-12T02:00:00+00:00,77,5.741149048883249
2026-09-12T02:05:00+00:00,83,4.704541597426474
2026-09-12T02:10:00+00:00,85,3.9526284079261425
2026-09-12T02:15:00+00:00,92,3.8315420183066946
2026-09-12T02:20:00+00:00,94,3.4890755945550804
2026-09-12T02:25:00+00:00,100,3.3096688247858155
2026-09-12T02:30:00+00:00,102,3.3054137294732695
2026-09-12T02:35:00+00:00,108,3.304777098018579
2026-09-12T02:40:00+00:00,113,3.304246571806337
2026-09-12T02:45:00+00:00,116,3.3039282560789918
2026-09-12T02:50:00+00:00,116,3.3205868819369546
2026-09-12T02:55:00+00:00,118,3.369194765478217
2026-09-12T03:00:00+00:00,117,3.3703303461040677
2026-09-12T03:05:00+00:00,118,3.395113477367461
2026-09-12T03:10:00+00:00,117,3.4596573263930606
2026-09-12T03:15:00+00:00,120,3.6285430122570412
2026-09-12T03:20:00+00:00,121,3.432591911116227
2026-09-12T03:25:00+00:00,123,3.4281826836163716
2026-09-12T03:30:00+00:00,123,3.4281826836163716
2026-09-12T03:35:00+00:00,119,3.3929088636175337
2026-09-12T03:40:00+00:00,112,3.474397485804122
2026-09-12T03:45:00+00:00,108,3.4929777412209653
2026-09-12T03:50:00+00:00,109,3.5509486677804185
2026-09-12T03:55:00+00:00,108,3.5530699577454166
2026-09-12T04:00:00+00:00,110,3.571425696594427
2026-09-12T04:05:00+00:00,106,3.572700863537708
2026-09-12T04:10:00+00:00,102,3.5739760304809893
2026-09-12T04:15:00+00:00,94,5.597360391734863
2026-09-12T04:20:00+00:00,94,8.618014790899753
2026-09-12T04:25:00+00:00,92,8.737590255761658
2026-09-12T04:30:00+00:00,91,8.797377988192602
2026-09-12T04:35:00+00:00,88,10.042426704337599
2026-09-12T04:40:00+00:00,90,9.942861874824446
2026-09-12T04:45:00+00:00,91,9.89307946006787
2026-09-12T04:50:00+00:00,95,9.693949801041548
2026-09-12T04:55:00+00:00,96,9.644167386284971
2026-09-12T05:00:00+00:00,100,9.44503772725865
2026-09-12T05:05:00+00:00,103,4.1340166259727695
2026-09-12T05:10:00+00:00,105,4.085531842917746
2026-09-12T05:15:00+00:00,106,3.6256943039921072
2026-09-12T05:20:00+00:00,107,3.6222676718737534
2026-09-12T05:25:00+00:00,109,3.6154144076370476
2026-09-12T05:30:00+00:00,108,3.6188410397554005
2026-09-12T05:35:00+00:00,106,3.6256943039921072
2026-09-12T05:40:00+00:00,111,3.9195177010425444
2026-09-12T05:45:00+00:00,113,3.8641796537508055
2026-09-12T05:50:00+00:00,108,3.6188410397554005
2026-09-12T05:55:00+00:00,107,3.5493071745116795
2026-09-12T06:00:00+00:00,104,3.620053744376248
2026-09-12T06:05:00+00:00,105,3.642406337223559
2026-09-12T06:10:00+00:00,108,3.6420904917033234
2026-09-12T06:15:00+00:00,114,3.641458800662852
2026-09-12T06:20:00+00:00,114,3.5434043708036183
2026-09-12T06:25:00+00:00,113,3.550890329032747
2026-09-12T06:30:00+00:00,114,3.5434043708036183
2026-09-12T06:35:00+00:00,118,3.5134605378870996
2026-09-12T06:40:00+00:00,113,3.550890329032747
2026-09-12T06:45:00+00:00,111,3.6417746461830878
2026-09-12T06:50:00+00:00,113,3.6415640825029305
2026-09-12T06:55:00+00:00,115,3.6413535188227737
2026-09-12T07:00:00+00:00,115,3.6413535188227737
2026-09-12T07:05:00+00:00,115,3.6413535188227737
2026-09-12T07:10:00+00:00,116,3.52843245434536
2026-09-12T07:15:00+00:00,115,3.535918412574489
2026-09-12T07:20:00+00:00,115,3.7666476013228127
2026-09-12T07:25:00+00:00,113,3.808622859169648
2026-09-12T07:30:00+00:00,115,3.7666476013228127
2026-09-12T07:35:00+00:00,118,4.161284967085613
2026-09-12T07:40:00+00:00,115,4.151168416040406
2026-09-12T07:45:00+00:00,113,4.181399752636981
2026-09-12T07:50:00+00:00,111,4.211631089233561
2026-09-12T07:55:00+00:00,114,6.077778987399533
2026-09-12T08:00:00+00:00,117,4.436739180136546
2026-09-12T08:05:00+00:00,121,4.362787772216446
2026-09-12T08:10:00+00:00,120,4.381275624196471
2026-09-12T08:15:00+00:00,115,5.569083444521715
2026-09-12T08:20:00+00:00,116,5.429660339070931
2026-09-12T08:25:00+00:00,119,5.011391022718534
2026-09-12T08:30:00+00:00,120,4.8719679172677495
2026-09-12T08:35:00+00:00,115,5.310253516801352
2026-09-12T08:40:00+00:00,116,5.152342559370542
2026-09-12T08:45:00+00:00,117,4.120937079443826
2026-09-12T08:50:00+00:00,114,5.468164474232163
2026-09-12T08:55:00+00:00,109,6.257719261386258
2026-09-12T09:00:00+00:00,109,7.730065899173883
2026-09-12T09:05:00+00:00,107,7.764909062230723
2026-09-12T09:10:00+00:00,105,7.799752225287568
2026-09-12T09:15:00+00:00,102,7.852016969872829
2026-09-12T09:20:00+00:00,98,7.985627621293818
2026-09-12T09:25:00+00:00,96,8.752151520305294
2026-09-12T09:30:00+00:00,94,8.795399188153384
2026-09-12T09:35:00+00:00,95,8.231559694730674
2026-09-12T09:40:00+00:00,98,8.050499123065956
2026-09-12T09:45:00+00:00,102,7.852016969872829
2026-09-12T09:50:00+00:00,105,7.799752225287568
2026-09-12T09:55:00+00:00,101,4.113700595148839
2026-09-12T10:00:00+00:00,96,7.608114828474936
2026-09-12T10:05:00+00:00,91,7.695222736117042
2026-09-12T10:10:00+00:00,92,8.412620266395392
2026-09-12T10:15:00+00:00,100,4.361841016849683
2026-09-12T10:20:00+00:00,99,4.609981438550527
2026-09-12T10:25:00+00:00,93,6.09882396875566
2026-09-12T10:30:00+00:00,88,7.33952607725995
2026-09-12T10:35:00+00:00,86,7.835806920661708
2026-09-12T10:40:00+00:00,84,11.711156368288583
2026-09-12T10:45:00+00:00,81,12.176094134016118
2026-09-12T10:50:00+00:00,78,12.412326367143626
2026-09-12T10:55:00+00:00,77,12.491070444852816
2026-09-12T11:00:00+00:00,77,12.491070444852816
2026-09-12T11:05:00+00:00,79,12.333582289434457
2026-09-12T11:10:00+00:00,78,12.412326367143626
2026-09-12T11:15:00+00:00,82,12.091973610544525
2026-09-12T11:20:00+00:00,85,11.839612040129719
2026-09-12T11:25:00+00:00,87,9.531923345418967
2026-09-12T11:30:00+00:00,90,9.051043185836354
2026-09-12T11:35:00+00:00,88,9.371629958891399
2026-09-12T11:40:00+00:00,85,9.852510118474012
2026-09-12T11:45:00+00:00,82,10.333390278056623
2026-09-12T11:50:00+00:00,83,10.173096891529056
2026-09-12T11:55:00+00:00,84,10.012803505001534
2026-09-12T12:00:00+00:00,85,6.843978545003719
2026-09-12T12:05:00+00:00,86,6.733019197746277
2026-09-12T12:10:00+00:00,88,4.645447696697072
2026-09-12T12:15:00+00:00,83,7.065897239518605
2026-09-12T12:20:00+00:00,85,6.843978545003719
2026-09-12T12:25:00+00:00,88,6.5111005032313605
2026-09-12T12:30:00+00:00,91,6.178222461459033
2026-09-12T12:35:00+00:00,96,7.878479866846464
2026-09-12T12:40:00+00:00,97,5.512466377914315
2026-09-12T12:45:00+00:00,95,5.734385072429231
2026-09-12T12:50:00+00:00,94,5.845344419686674
2026-09-12T12:55:00+00:00,93,3.84429627444013
2026-09-12T13:00:00+00:00,90,5.73857684871307
2026-09-12T13:05:00+00:00,85,6.599265229446648
2026-09-12T13:10:00+00:00,86,9.05980773247235
2026-09-12T13:15:00+00:00,82,9.360201202576008
2026-09-12T13:20:00+00:00,78,11.097778710804114
2026-09-12T13:25:00+00:00,74,11.301886054830096
2026-09-12T13:30:00+00:00,69,11.55702023486257
2026-09-12T13:35:00+00:00,69,11.811366460416076
2026-09-12T13:40:00+00:00,65,11.888300691665304
2026-09-12T13:45:00+00:00,63,11.926767807289918
2026-09-12T13:50:00+00:00,62,11.946001365102225
2026-09-12T13:55:00+00:00,61,11.965234922914533
2026-09-12T14:00:00+00:00,62,11.946001365102225
2026-09-12T14:05:00+00:00,65,12.51444027458201
2026-09-12T14:10:00+00:00,66,12.480114940102794
2026-09-12T14:15:00+00:00,67,11.849833576040691
2026-09-12T14:20:00+00:00,65,11.888300691665304
2026-09-12T14:25:00+00:00,65,11.888300691665304
2026-09-12T14:30:00+00:00,64,11.90753424947761
2026-09-12T14:35:00+00:00,62,11.946001365102225
2026-09-12T14:40:00+00:00,61,11.965234922914533
2026-09-12T14:45:00+00:00,63,11.926767807289918
2026-09-12T14:50:00+00:00,67,11.5379841254182
2026-09-12T14:55:00+00:00,68,11.53088751854317
2026-09-12T15:00:00+00:00,70,11.39489619416922
2026-09-12T15:05:00+00:00,71,11.390036701391606
2026-09-12T15:10:00+00:00,70,11.162907166741594
2026-09-12T15:15:00+00:00,72,11.385177208613992
2026-09-12T15:20:00+00:00,70,11.39489619416922
2026-09-12T15:25:00+00:00,68,11.404615179724448
2026-09-12T15:30:00+00:00,69,12.22327047416668
2026-09-12T15:35:00+00:00,67,12.287808617499536
2026-09-12T15:40:00+00:00,68,12.227153118332982
2026-09-12T15:45:00+00:00,67,12.968132885821396
2026-09-12T15:50:00+00:00,70,12.900334755823714
2026-09-12T15:55:00+00:00,73,12.832536625826028
2026-09-12T16:00:00+00:00,75,12.787337872494243
2026-09-12T16:05:00+00:00,73,12.104670635827338
2026-09-12T16:10:00+00:00,67,12.604199890822049
2026-09-12T16:15:00+00:00,66,12.687454766654508
2026-09-12T16:20:00+00:00,67,12.604199890822049
2026-09-12T16:25:00+00:00,67,12.604199890822049
2026-09-12T16:30:00+00:00,68,12.520945014989604
2026-09-12T16:35:00+00:00,68,12.199858598597926
2026-09-12T16:40:00+00:00,69,12.07073423470951
2026-09-12T16:45:00+00:00,70,14.028453312493701
2026-09-12T16:50:00+00:00,67,14.280650812496502
2026-09-12T16:55:00+00:00,70,14.028453312493701
2026-09-12T17:00:00+00:00,65,14.44878247916504
2026-09-12T17:05:00+00:00,63,14.616914145833578
2026-09-12T17:10:00+00:00,61,14.785045812502116
2026-09-12T17:15:00+00:00,61,16.242210775701096
2026-09-12T17:20:00+00:00,64,16.03134490257361
2026-09-12T17:25:00+00:00,68,15.750190405070313
2026-09-12T17:30:00+00:00,71,13.362586865975754
2026-09-12T17:35:00+00:00,75,12.210737302085601
2026-09-12T17:40:00+00:00,76,11.922774911113084
2026-09-12T17:45:00+00:00,81,10.264712497215562
2026-09-12T17:50:00+00:00,82,9.700302274166125
2026-09-12T17:55:00+00:00,82,9.700302274166125
2026-09-12T18:00:00+00:00,78,9.865802191874531
2026-09-12T18:05:00+00:00,78,9.865802191874531
2026-09-12T18:10:00+00:00,80,9.793195043124431
2026-09-12T18:15:00+00:00,79,9.469826786235206
2026-09-12T18:20:00+00:00,81,9.4379307104003
2026-09-12T18:25:00+00:00,83,9.35664839706868
2026-09-12T18:30:00+00:00,82,9.397289553734495
2026-09-12T18:35:00+00:00,82,9.424269117172809
2026-09-12T18:40:00+00:00,80,9.453878748317754
2026-09-12T18:45:00+00:00,80,9.17836043907795
2026-09-12T18:50:00+00:00,83,9.410607523945314
2026-09-12T18:55:00+00:00,80,9.453878748317754
2026-09-12T19:00:00+00:00,81,9.4379307104003
2026-09-12T19:05:00+00:00,82,9.424269117172809
2026-09-12T19:10:00+00:00,83,9.410607523945314
2026-09-12T19:15:00+00:00,83,9.09746512925213
2026-09-12T19:20:00+00:00,82,9.1310819875513
2026-09-12T19:25:00+00:00,81,8.492361679867221
2026-09-12T19:30:00+00:00,77,8.62682911306387
2026-09-12T19:35:00+00:00,72,8.794913404559681
2026-09-12T19:40:00+00:00,70,8.862147121158
2026-09-12T19:45:00+00:00,64,9.06384827095297
2026-09-12T19:50:00+00:00,57,9.219345218760427
2026-09-12T19:55:00+00:00,53,9.273991591670395
2026-09-12T20:00:00+00:00,52,9.287653184897886
2026-09-12T20:05:00+00:00,49,10.233292494588909
2026-09-12T20:10:00+00:00,50,10.14424302386071
2026-09-12T20:15:00+00:00,46,10.500440906773534
2026-09-12T20:20:00+00:00,41,24.043328653483574
2026-09-12T20:25:00+00:00,36,25.076537689937688
2026-09-12T20:30:00+00:00,34,25.48982130451932
2026-09-12T20:35:00+00:00,34,25.48982130451932
2026-09-12T20:40:00+00:00,37,24.869895882646844
2026-09-12T20:45:00+00:00,39,24.456612268065225
2026-09-12T20:50:00+00:00,38,24.663254075356036
2026-09-12T20:55:00+00:00,41,24.043328653483574
2026-09-12T21:00:00+00:00,44,22.039360110776148
2026-09-12T21:05:00+00:00,43,22.707349625011926
2026-09-12T21:10:00+00:00,44,22.039360110776148
2026-09-12T21:15:00+00:00,46,10.20100631511741
2026-09-12T21:20:00+00:00,49,9.911487082927476
2026-09-12T21:25:00+00:00,50,9.814980672197507
2026-09-12T21:30:00+00:00,53,9.525461440007588
2026-09-12T21:35:00+00:00,57,9.139435797087685
2026-09-12T21:40:00+00:00,59,8.946422975627733
2026-09-12T21:45:00+00:00,64,8.210885897292735
2026-09-12T21:50:00+00:00,69,7.306678802501001
2026-09-12T21:55:00+00:00,73,6.583313126667605
2026-09-12T22:00:00+00:00,77,5.859947450834259
2026-09-12T22:05:00+00:00,78,4.214074237396504
2026-09-12T22:10:00+00:00,78,3.4224201020827296
2026-09-12T22:15:00+00:00,84,3.293906905832603
2026-09-12T22:20:00+00:00,86,3.1145022494791195
2026-09-12T22:25:00+00:00,85,3.1305066291665806
2026-09-12T22:30:00+00:00,89,3.264676682916081
2026-09-12T22:35:00+00:00,90,3.05048473072927
2026-09-12T22:40:00+00:00,88,3.1584920696871475
2026-09-12T22:45:00+00:00,83,3.26774419104098
2026-09-12T22:50:00+00:00,79,3.3854284145826585
2026-09-12T22:55:00+00:00,74,3.5703868520830246
2026-09-12T23:00:00+00:00,70,3.71835360208332
2026-09-12T23:05:00+00:00,70,3.71835360208332
2026-09-12T23:10:00+00:00,69,3.755345289583391
2026-09-12T23:15:00+00:00,64,4.208434251293171
2026-09-12T23:20:00+00:00,59,4.520258281538635
2026-09-12T23:25:00+00:00,57,7.273137356961374
2026-09-12T23:30:00+00:00,55,7.371168684043026
2026-09-12T23:35:00+00:00,55,7.371168684043026
2026-09-12T23:40:00+00:00,55,7.371168684043026
2026-09-12T23:45:00+00:00,55,7.371168684043026
2026-09-12T23:50:00+00:00,55,7.371168684043026
2026-09-12T23:55:00+00:00,56,7.322153020502204
2026-09-13T00:00:00+00:00,56,7.322153020502204
2026-09-13T00:05:00+00:00,60,7.1260903663389
2026-09-13T00:10:00+00:00,62,6.935029346061431
2026-09-13T00:15:00+00:00,61,7.077074702798078
2026-09-13T00:20:00+00:00,60,7.1260903663389
2026-09-13T00:25:00+00:00,64,6.650938632588157
2026-09-13T00:30:00+00:00,66,4.105670428307591
2026-09-13T00:35:00+00:00,62,4.210068140113822
2026-09-13T00:40:00+00:00,61,3.7141790090342206
2026-09-13T00:45:00+00:00,61,3.7141790090342206
2026-09-13T00:50:00+00:00,61,3.7141790090342206
2026-09-13T00:55:00+00:00,61,3.7141790090342206
2026-09-13T01:00:00+00:00,61,3.7141790090342206
2026-09-13T01:05:00+00:00,61,3.7141790090342206
2026-09-13T01:10:00+00:00,60,3.6668680999301917
2026-09-13T01:15:00+00:00,59,2.741177745209419
2026-09-13T01:20:00+00:00,59,2.741177745209419
2026-09-13T01:25:00+00:00,57,2.382810703893191
2026-09-13T01:30:00+00:00,55,2.4147843575733705
2026-09-13T01:35:00+00:00,50,2.0092342046584215
2026-09-13T01:40:00+00:00,48,2.078040691741625
2026-09-13T01:45:00+00:00,43,1.6106902822289457
2026-09-13T01:50:00+00:00,38,1.7340082563256136
2026-09-13T01:55:00+00:00,33,1.7853750132024275
2026-09-13T02:00:00+00:00,29,1.8082596081929876
2026-09-13T02:05:00+00:00,23,2.191212449447871
2026-09-13T02:10:00+00:00,18,nan
2026-09-13T02:15:00+00:00,13,nan
2026-09-13T02:20:00+00:00,10,nan
2026-09-13T02:25:00+00:00,6,nan
2026-09-13T02:30:00+00:00,0,nan
2026-09-13T02:35:00+00:00,0,nan
2026-09-13T02:40:00+00:00,0,nan
2026-09-13T02:45:00+00:00,0,nan
2026-09-13T02:50:00+00:00,0,nan
2026-09-13T02:55:00+00:00,0,nan
2026-09-13T03:00:00+00:00,0,nan
2026-09-13T03:05:00+00:00,0,nan
2026-09-13T03:10:00+00:00,0,nan
2026-09-13T03:15:00+00:00,0,nan
2026-09-13T03:20:00+00:00,0,nan
2026-09-13T03:25:00+00:00,0,nan
2026-09-13T03:30:00+00:00,0,nan
2026-09-13T03:35:00+00:00,0,nan
2026-09-13T03:40:00+00:00,0,nan
2026-09-13T03:45:00+00:00,0,nan
2026-09-13T03:50:00+00:00,0,nan
2026-09-13T03:55:00+00:00,0,nan
2026-09-13T04:00:00+00:00,0,nan
2026-09-13T04:05:00+00:00,0,nan
2026-09-13T04:10:00+00:00,0,nan
2026-09-13T04:15:00+00:00,0,nan
2026-09-13T04:20:00+00:00,0,nan
2026-09-13T04:25:00+00:00,0,nan
2026-09-13T04:30:00+00:00,0,nan
2026-09-13T04:35:00+00:00,0,nan
2026-09-13T04:40:00+00:00,0,nan
2026-09-13T04:45:00+00:00,0,nan
2026-09-13T04:50:00+00:00,0,nan
2026-09-13T04:55:00+00:00,0,nan
2026-09-13T05:00:00+00:00,0,nan
2026-09-13T05:05:00+00:00,0,nan
2026-09-13T05:10:00+00:00,0,nan
2026-09-13T05:15:00+00:00,0,nan
2026-09-13T05:20:00+00:00,0,nan
2026-09-13T05:25:00+00:00,0,nan
2026-09-13T05:30:00+00:00,0,nan
2026-09-13T05:35:00+00:00,0,nan
2026-09-13T05:40:00+00:00,0,nan
2026-09-13T05:45:00+00:00,0,nan
2026-09-13T05:50:00+00:00,0,nan
2026-09-13T05:55:00+00:00,0,nan
2026-09-13T06:00:00+00:00,0,nan
2026-09-13T06:05:00+00:00,0,nan
2026-09-13T06:10:00+00:00,0,nan
2026-09-13T06:15:00+00:00,0,nan
2026-09-13T06:20:00+00:00,0,nan
2026-09-13T06:25:00+00:00,0,nan
2026-09-13T06:30:00+00:00,0,nan
2026-09-13T06:35:00+00:00,0,nan
2026-09-13T06:40:00+00:00,0,nan
2026-09-13T06:45:00+00:00,0,nan
2026-09-13T06:50:00+00:00,0,nan
2026-09-13T06:55:00+00:00,0,nan
2026-09-13T07:00:00+00:00,0,nan
2026-09-13T07:05:00+00:00,0,nan
2026-09-13T07:10:00+00:00,0,nan
2026-09-13T07:15:00+00:00,0,nan
2026-09-13T07:20:00+00:00,0,nan
2026-09-13T07:25:00+00:00,0,nan
2026-09-13T07:30:00+00:00,0,nan
2026-09-13T07:35:00+00:00,0,nan
2026-09-13T07:40:00+00:00,0,nan
2026-09-13T07:45:00+00:00,0,nan
2026-09-13T07:50:00+00:00,0,nan
2026-09-13T07:55:00+00:00,0,nan
2026-09-13T08:00:00+00:00,0,nan
2026-09-13T08:05:00+00:00,0,nan
2026-09-13T08:10:00+00:00,0,nan
2026-09-13T08:15:00+00:00,0,nan
2026-09-13T08:20:00+00:00,0,nan
2026-09-13T08:25:00+00:00,0,nan
2026-09-13T08:30:00+00:00,0,nan
2026-09-13T08:35:00+00:00,0,nan
2026-09-13T08:40:00+00:00,0,nan
2026-09-13T08:45:00+00:00,0,nan
2026-09-13T08:50:00+00:00,0,nan
2026-09-13T08:55:00+00:00,0,nan
2026-09-13T09:00:00+00:00,0,nan
2026-09-13T09:05:00+00:00,0,nan
2026-09-13T09:10:00+00:00,0,nan
2026-09-13T09:15:00+00:00,0,nan
2026-09-13T09:20:00+00:00,0,nan
2026-09-13T09:25:00+00:00,0,nan
2026-09-13T09:30:00+00:00,0,nan
2026-09-13T09:35:00+00:00,0,nan
2026-09-13T09:40:00+00:00,0,nan
2026-09-13T09:45:00+00:00,0,nan
2026-09-13T09:50:00+00:00,0,nan
2026-09-13T09:55:00+00:00,0,nan
2026-09-13T10:00:00+00:00,0,nan
2026-09-13T10:05:00+00:00,0,nan
2026-09-13T10:10:00+00:00,0,nan
2026-09-13T10:15:00+00:00,0,nan
2026-09-13T10:20:00+00:00,0,nan
2026-09-13T10:25:00+00:00,0,nan
2026-09-13T10:30:00+00:00,0,nan
2026-09-13T10:35:00+00:00,0,nan
2026-09-13T10:40:00+00:00,0,nan
2026-09-13T10:45:00+00:00,0,nan
2026-09-13T10:50:00+00:00,0,nan
2026-09-13T10:55:00+00:00,0,nan
2026-09-13T11:00:00+00:00,0,nan
2026-09-13T11:05:00+00:00,0,nan
2026-09-13T11:10:00+00:00,0,nan
2026-09-13T11:15:00+00:00,0,nan
2026-09-13T11:20:00+00:00,0,nan
2026-09-13T11:25:00+00:00,0,nan
2026-09-13T11:30:00+00:00,0,nan
2026-09-13T11:35:00+00:00,0,nan
2026-09-13T11:40:00+00:00,0,nan
2026-09-13T11:45:00+00:00,0,nan
2026-09-13T11:50:00+00:00,0,nan
2026-09-13T11:55:00+00:00,0,nan
2026-09-13T12:00:00+00:00,0,nan
2026-09-13T12:05:00+00:00,0,nan
2026-09-13T12:10:00+00:00,0,nan
2026-09-13T12:15:00+00:00,0,nan
2026-09-13T12:20:00+00:00,0,nan
2026-09-13T12:25:00+00:00,0,nan
2026-09-13T12:30:00+00:00,0,nan
2026-09-13T12:35:00+00:00,0,nan
2026-09-13T12:40:00+00:00,0,nan
2026-09-13T12:45:00+00:00,0,nan
2026-09-13T12:50:00+00:00,0,nan
2026-09-13T12:55:00+00:00,0,nan
2026-09-13T13:00:00+00:00,0,nan
2026-09-13T13:05:00+00:00,0,nan
2026-09-13T13:10:00+00:00,0,nan
2026-09-13T13:15:00+00:00,0,nan
2026-09-13T13:20:00+00:00,0,nan
2026-09-13T13:25:00+00:00,0,nan
2026-09-13T13:30:00+00:00,0,nan
2026-09-13T13:35:00+00:00,0,nan
2026-09-13T13:40:00+00:00,0,nan
2026-09-13T13:45:00+00:00,0,nan
2026-09-13T13:50:00+00:00,0,nan
2026-09-13T13:55:00+00:00,0,nan
2026-09-13T14:00:00+00:00,0,nan
2026-09-13T14:05:00+00:00,0,nan
2026-09-13T14:10:00+00:00,0,nan
2026-09-13T14:15:00+00:00,0,nan
2026-09-13T14:20:00+00:00,0,nan
2026-09-13T14:25:00+00:00,0,nan
2026-09-13T14:30:00+00:00,0,nan
2026-09-13T14:35:00+00:00,0,nan
2026-09-13T14:40:00+00:00,0,nan
2026-09-13T14:45:00+00:00,0,nan
2026-09-13T14:50:00+00:00,0,nan
2026-09-13T14:55:00+00:00,0,nan
2026-09-13T15:00:00+00:00,0,nan
2026-09-13T15:05:00+00:00,0,nan
2026-09-13T15:10:00+00:00,0,nan
2026-09-13T15:15:00+00:00,0,nan
2026-09-13T15:20:00+00:00,0,nan
2026-09-13T15:25:00+00:00,0,nan
2026-09-13T15:30:00+00:00,0,nan
2026-09-13T15:35:00+00:00,0,nan
2026-09-13T15:40:00+00:00,0,nan
2026-09-13T15:45:00+00:00,0,nan
2026-09-13T15:50:00+00:00,0,nan
2026-09-13T15:55:00+00:00,0,nan
2026-09-13T16:00:00+00:00,0,nan
2026-09-13T16:05:00+00:00,0,nan
2026-09-13T16:10:00+00:00,0,nan
2026-09-13T16:15:00+00:00,0,nan
2026-09-13T16:20:00+00:00,0,nan
2026-09-13T16:25:00+00:00,0,nan
2026-09-13T16:30:00+00:00,0,nan
2026-09-13T16:35:00+00:00,0,nan
2026-09-13T16:40:00+00:00,0,nan
2026-09-13T16:45:00+00:00,0,nan
2026-09-13T16:50:00+00:00,0,nan
2026-09-13T16:55:00+00:00,0,nan
2026-09-13T17:00:00+00:00,0,nan
2026-09-13T17:05:00+00:00,0,nan
2026-09-13T17:10:00+00:00,0,nan
2026-09-13T17:15:00+00:00,0,nan
2026-09-13T17:20:00+00:00,0,nan
2026-09-13T17:25:00+00:00,0,nan
2026-09-13T17:30:00+00:00,0,nan
2026-09-13T17:35:00+00:00,0,nan
2026-09-13T17:40:00+00:00,0,nan
2026-09-13T17:45:00+00:00,0,nan
2026-09-13T17:50:00+00:00,0,nan
2026-09-13T17:55:00+00:00,0,nan
2026-09-13T18:00:00+00:00,0,nan
2026-09-13T18:05:00+00:00,0,nan
2026-09-13T18:10:00+00:00,0,nan
2026-09-13T18:15:00+00:00,0,nan
2026-09-13T18:20:00+00:00,0,nan
2026-09-13T18:25:00+00:00,0,nan
2026-09-13T18:30:00+00:00,0,nan
2026-09-13T18:35:00+00:00,0,nan
2026-09-13T18:40:00+00:00,0,nan
2026-09-13T18:45:00+00:00,0,nan
2026-09-13T18:50:00+00:00,0,nan
2026-09-13T18:55:00+00:00,0,nan
2026-09-13T19:00:00+00:00,0,nan
2026-09-13T19:05:00+00:00,0,nan
2026-09-13T19:10:00+00:00,0,nan
2026-09-13T19:15:00+00:00,0,nan
2026-09-13T19:20:00+00:00,0,nan
2026-09-13T19:25:00+00:00,0,nan
2026-09-13T19:30:00+00:00,0,nan
2026-09-13T19:35:00+00:00,0,nan
2026-09-13T19:40:00+00:00,0,nan
2026-09-13T19:45:00+00:00,0,nan
2026-09-13T19:50:00+00:00,0,nan
2026-09-13T19:55:00+00:00,0,nan
2026-09-13T20:00:00+00:00,0,nan
2026-09-13T20:05:00+00:00,0,nan
2026-09-13T20:10:00+00:00,0,nan
2026-09-13T20:15:00+00:00,0,nan
2026-09-13T20:20:00+00:00,0,nan
2026-09-13T20:25:00+00:00,0,nan
2026-09-13T20:30:00+00:00,0,nan
2026-09-13T20:35:00+00:00,0,nan
2026-09-13T20:40:00+00:00,0,nan
2026-09-13T20:45:00+00:00,0,nan
2026-09-13T20:50:00+00:00,0,nan
2026-09-13T20:55:00+00:00,0,nan
2026-09-13T21:00:00+00:00,0,nan
2026-09-13T21:05:00+00:00,0,nan
2026-09-13T21:10:00+00:00,0,nan
2026-09-13T21:15:00+00:00,0,nan
2026-09-13T21:20:00+00:00,0,nan
2026-09-13T21:25:00+00:00,0,nan
2026-09-13T21:30:00+00:00,0,nan
2026-09-13T21:35:00+00:00,0,nan
2026-09-13T21:40:00+00:00,0,nan
2026-09-13T21:45:00+00:00,0,nan
2026-09-13T21:50:00+00:00,0,nan
2026-09-13T21:55:00+00:00,0,nan
2026-09-13T22:00:00+00:00,0,nan
2026-09-13T22:05:00+00:00,0,nan
2026-09-13T22:10:00+00:00,0,nan
2026-09-13T22:15:00+00:00,0,nan
2026-09-13T22:20:00+00:00,0,nan
2026-09-13T22:25:00+00:00,0,nan
2026-09-13T22:30:00+00:00,0,nan
2026-09-13T22:35:00+00:00,0,nan
2026-09-13T22:40:00+00:00,0,nan
2026-09-13T22:45:00+00:00,0,nan
2026-09-13T22:50:00+00:00,0,nan
2026-09-13T22:55:00+00:00,0,nan
2026-09-13T23:00:00+00:00,0,nan
2026-09-13T23:05:00+00:00,0,nan
2026-09-13T23:10:00+00:00,0,nan
2026-09-13T23:15:00+00:00,0,nan
2026-09-13T23:20:00+00:00,0,nan
2026-09-13T23:25:00+00:00,0,nan
2026-09-13T23:30:00+00:00,0,nan
2026-09-13T23:35:00+00:00,0,nan
2026-09-13T23:40:00+00:00,0,nan
2026-09-13T23:45:00+00:00,0,nan
2026-09-13T23:50:00+00:00,0,nan
2026-09-13T23:55:00+00:00,0,nan
2026-09-14T00:00:00+00:00,0,nan
2026-09-14T00:05:00+00:00,0,nan
2026-09-14T00:10:00+00:00,0,nan
2026-09-14T00:15:00+00:00,0,nan
2026-09-14T00:20:00+00:00,0,nan
2026-09-14T00:25:00+00:00,0,nan
2026-09-14T00:30:00+00:00,0,nan
2026-09-14T00:35:00+00:00,0,nan
2026-09-14T00:40:00+00:00,0,nan
2026-09-14T00:45:00+00:00,0,nan
2026-09-14T00:50:00+00:00,0,nan
2026-09-14T00:55:00+00:00,0,nan
2026-09-14T01:00:00+00:00,0,nan
2026-09-14T01:05:00+00:00,0,nan
2026-09-14T01:10:00+00:00,0,nan
2026-09-14T01:15:00+00:00,0,nan
2026-09-14T01:20:00+00:00,0,nan
2026-09-14T01:25:00+00:00,0,nan
2026-09-14T01:30:00+00:00,0,nan
2026-09-14T01:35:00+00:00,0,nan
2026-09-14T01:40:00+00:00,0,nan
2026-09-14T01:45:00+00:00,0,nan
2026-09-14T01:50:00+00:00,0,nan
2026-09-14T01:55:00+00:00,0,nan
2026-09-14T02:00:00+00:00,0,nan
2026-09-14T02:05:00+00:00,0,nan
2026-09-14T02:10:00+00:00,0,nan
2026-09-14T02:15:00+00:00,0,nan
2026-09-14T02:20:00+00:00,0,nan
2026-09-14T02:25:00+00:00,0,nan
2026-09-14T02:30:00+00:00,0,nan
2026-09-14T02:35:00+00:00,0,nan
2026-09-14T02:40:00+00:00,0,nan
2026-09-14T02:45:00+00:00,0,nan
2026-09-14T02:50:00+00:00,0,nan
2026-09-14T02:55:00+00:00,0,nan
2026-09-14T03:00:00+00:00,0,nan
2026-09-14T03:05:00+00:00,0,nan
2026-09-14T03:10:00+00:00,0,nan
2026-09-14T03:15:00+00:00,0,nan
2026-09-14T03:20:00+00:00,0,nan
2026-09-14T03:25:00+00:00,0,nan
2026-09-14T03:30:00+00:00,1,nan
2026-09-14T03:35:00+00:00,6,nan
2026-09-14T03:40:00+00:00,9,nan
2026-09-14T03:45:00+00:00,18,nan
2026-09-14T03:50:00+00:00,24,3.8482211285705357
2026-09-14T03:55:00+00:00,27,3.7676147765902956
2026-09-14T04:00:00+00:00,28,3.7407459925968816
2026-09-14T04:05:00+00:00,28,3.7407459925968816
2026-09-14T04:10:00+00:00,31,7.177379102433527
2026-09-14T04:15:00+00:00,35,5.931114748960226
2026-09-14T04:20:00+00:00,40,4.373284307118623
2026-09-14T04:25:00+00:00,43,4.048429144930366
2026-09-14T04:30:00+00:00,49,7.8005112791701325
2026-09-14T04:35:00+00:00,50,7.940460031426419
2026-09-14T04:40:00+00:00,58,9.728788870699548
2026-09-14T04:45:00+00:00,60,9.662406386532819
2026-09-14T04:50:00+00:00,63,9.178216018754556
2026-09-14T04:55:00+00:00,68,8.050718204517318
2026-09-14T05:00:00+00:00,73,6.92322039028005
2026-09-14T05:05:00+00:00,74,9.861553839033
2026-09-14T05:10:00+00:00,78,9.728788870699542
2026-09-14T05:15:00+00:00,86,9.457343694620553
2026-09-14T05:20:00+00:00,93,9.21672366486008
2026-09-14T05:25:00+00:00,96,9.113600794962743
2026-09-14T05:30:00+00:00,98,9.044852215031176
2026-09-14T05:35:00+00:00,93,9.21672366486008
2026-09-14T05:40:00+00:00,90,9.319846534757426
2026-09-14T05:45:00+00:00,81,9.629215144449457
2026-09-14T05:50:00+00:00,75,9.828362596949638
2026-09-14T05:55:00+00:00,72,9.927936323199733
2026-09-14T06:00:00+00:00,71,9.961127565283096
2026-09-14T06:05:00+00:00,71,9.961127565283096
2026-09-14T06:10:00+00:00,69,9.354220824723205
2026-09-14T06:15:00+00:00,65,9.491717984586332
2026-09-14T06:20:00+00:00,61,10.166009037501256
2026-09-14T06:25:00+00:00,64,10.39685554316985
2026-09-14T06:30:00+00:00,64,10.085489953543483
2026-09-14T06:35:00+00:00,65,10.058650258890895
2026-09-14T06:40:00+00:00,59,10.193167449932854
2026-09-14T06:45:00+00:00,60,10.179588243717054
2026-09-14T06:50:00+00:00,58,10.206746656148654
2026-09-14T06:55:00+00:00,54,10.261063481011853
2026-09-14T07:00:00+00:00,49,10.328959512090853
2026-09-14T07:05:00+00:00,49,11.658740861251315
2026-09-14T07:10:00+00:00,47,32.496538560488915
2026-09-14T07:15:00+00:00,41,41.00052848194803
2026-09-14T07:20:00+00:00,34,42.17918767962012
2026-09-14T07:25:00+00:00,32,42.51594745038358
2026-09-14T07:30:00+00:00,31,42.68432733576531
2026-09-14T07:35:00+00:00,35,42.01080779423839
2026-09-14T07:40:00+00:00,38,41.50566813809321
2026-09-14T07:45:00+00:00,40,41.16890836732975
2026-09-14T07:50:00+00:00,42,39.58319682837141
2026-09-14T07:55:00+00:00,45,35.33120186764195
2026-09-14T08:00:00+00:00,46,33.91387021406553
2026-09-14T08:05:00+00:00,46,33.91387021406553
2026-09-14T08:10:00+00:00,47,11.968918152708202
2026-09-14T08:15:00+00:00,49,29.661875253335875
2026-09-14T08:20:00+00:00,49,29.661875253335875
2026-09-14T08:25:00+00:00,52,11.679025990625854
2026-09-14T08:30:00+00:00,49,11.944899468750993
2026-09-14T08:35:00+00:00,53,11.59040149791748
2026-09-14T08:40:00+00:00,56,11.324528019792341
2026-09-14T08:45:00+00:00,62,10.855867172673847
2026-09-14T08:50:00+00:00,70,10.65156010406111
2026-09-14T08:55:00+00:00,73,10.57494495333133
2026-09-14T09:00:00+00:00,78,10.447253035448371
2026-09-14T09:05:00+00:00,77,10.234654407491519
2026-09-14T09:10:00+00:00,76,10.225532612493165
2026-09-14T09:15:00+00:00,80,10.30367898788342
2026-09-14T09:20:00+00:00,86,10.275280761109993
2026-09-14T09:25:00+00:00,89,10.058609461250787
2026-09-14T09:30:00+00:00,91,10.335396360068504
2026-09-14T09:35:00+00:00,91,10.335396360068504
2026-09-14T09:40:00+00:00,92,10.331872207603494
2026-09-14T09:45:00+00:00,91,10.335396360068504
2026-09-14T09:50:00+00:00,90,10.338920512533514
2026-09-14T09:55:00+00:00,87,10.349492969928543
2026-09-14T10:00:00+00:00,86,10.353017122393553
2026-09-14T10:05:00+00:00,88,10.481828346762533
2026-09-14T10:10:00+00:00,90,10.728538116245375
2026-09-14T10:15:00+00:00,91,10.420927484717685
2026-09-14T10:20:00+00:00,92,10.408850219787759
2026-09-14T10:25:00+00:00,87,10.469236544437397
2026-09-14T10:30:00+00:00,91,10.420927484717685
2026-09-14T10:35:00+00:00,89,10.445082014577538
2026-09-14T10:40:00+00:00,87,10.469236544437397
2026-09-14T10:45:00+00:00,80,10.563374129051905
2026-09-14T10:50:00+00:00,74,11.045800897044051
2026-09-14T10:55:00+00:00,72,11.065978286280686
2026-09-14T11:00:00+00:00,67,11.116421759372265
2026-09-14T11:05:00+00:00,68,11.241799029819376
2026-09-14T11:10:00+00:00,70,13.960923092776973
2026-09-14T11:15:00+00:00,65,15.181017396947897
2026-09-14T11:20:00+00:00,59,16.377984980074288
2026-09-14T11:25:00+00:00,55,16.81976925965359
2026-09-14T11:30:00+00:00,52,19.428754791939177
2026-09-14T11:35:00+00:00,49,19.783001643191856
2026-09-14T11:40:00+00:00,48,22.20890853757446
2026-09-14T11:45:00+00:00,47,22.322850739449486
2026-09-14T11:50:00+00:00,46,22.43679294132453
2026-09-14T11:55:00+00:00,47,22.322850739449486
2026-09-14T12:00:00+00:00,48,22.20890853757446
2026-09-14T12:05:00+00:00,48,20.489151192329494
2026-09-14T12:10:00+00:00,48,20.489151192329494
2026-09-14T12:15:00+00:00,49,20.45507851791956
2026-09-14T12:20:00+00:00,49,20.45507851791956
2026-09-14T12:25:00+00:00,47,20.523223866739425
2026-09-14T12:30:00+00:00,45,20.59136921555929
2026-09-14T12:35:00+00:00,47,20.523223866739425
2026-09-14T12:40:00+00:00,49,20.45507851791956
2026-09-14T12:45:00+00:00,50,20.421005843509626
2026-09-14T12:50:00+00:00,49,20.45507851791956
2026-09-14T12:55:00+00:00,49,20.45507851791956
2026-09-14T13:00:00+00:00,49,20.45507851791956
2026-09-14T13:05:00+00:00,48,20.489151192329494
2026-09-14T13:10:00+00:00,46,19.163450564062806
2026-09-14T13:15:00+00:00,46,19.163450564062806
2026-09-14T13:20:00+00:00,49,21.82238494041995
2026-09-14T13:25:00+00:00,53,21.230325435280097
2026-09-14T13:30:00+00:00,53,17.92759235875021
2026-09-14T13:35:00+00:00,52,18.104143530937712
2026-09-14T13:40:00+00:00,52,16.648050372502475
2026-09-14T13:45:00+00:00,59,16.54470906819508
2026-09-14T13:50:00+00:00,66,15.808929500870484
2026-09-14T13:55:00+00:00,71,15.10267602049086
2026-09-14T14:00:00+00:00,77,13.157151423068331
2026-09-14T14:05:00+00:00,79,13.090524218485415
2026-09-14T14:10:00+00:00,77,13.157151423068331
2026-09-14T14:15:00+00:00,74,13.25709222994269
2026-09-14T14:20:00+00:00,73,13.290405832234143
2026-09-14T14:25:00+00:00,73,13.290405832234143
2026-09-14T14:30:00+00:00,72,14.961425324414943
2026-09-14T14:35:00+00:00,70,15.243926716566776
2026-09-14T14:40:00+00:00,70,15.243926716566776
2026-09-14T14:45:00+00:00,70,15.243926716566776
2026-09-14T14:50:00+00:00,70,15.243926716566776
2026-09-14T14:55:00+00:00,71,15.10267602049086
2026-09-14T15:00:00+00:00,75,16.60376124208502
2026-09-14T15:05:00+00:00,78,16.559472111667564
2026-09-14T15:10:00+00:00,78,14.158210278376814
2026-09-14T15:15:00+00:00,77,14.314224017925259
2026-09-14T15:20:00+00:00,77,14.09906453750873
2026-09-14T15:25:00+00:00,75,14.303512276397274
2026-09-14T15:30:00+00:00,76,14.201288406953001
2026-09-14T15:35:00+00:00,78,13.996840668064428
2026-09-14T15:40:00+00:00,77,4.51923401541814
2026-09-14T15:45:00+00:00,72,4.586196466980619
2026-09-14T15:50:00+00:00,68,11.884250042747478
2026-09-14T15:55:00+00:00,70,10.78413678392755
2026-09-14T16:00:00+00:00,67,12.434306672157401
2026-09-14T16:05:00+00:00,64,14.084476560387252
2026-09-14T16:10:00+00:00,62,15.184589819207178
2026-09-14T16:15:00+00:00,61,15.73464644861718
2026-09-14T16:20:00+00:00,63,19.69258757346154
2026-09-14T16:25:00+00:00,64,19.516119730685002
2026-09-14T16:30:00+00:00,66,16.3207864147674
2026-09-14T16:35:00+00:00,66,16.3207864147674
2026-09-14T16:40:00+00:00,65,16.359862412510747
2026-09-14T16:45:00+00:00,68,16.242634419280705
2026-09-14T16:50:00+00:00,69,16.203558421537352
2026-09-14T16:55:00+00:00,73,16.04725443056396
2026-09-14T17:00:00+00:00,75,7.846358772502832
2026-09-14T17:05:00+00:00,75,8.096766359512664
2026-09-14T17:10:00+00:00,77,7.0056406324978
2026-09-14T17:15:00+00:00,80,5.432051794056964
2026-09-14T17:20:00+00:00,79,4.8300312576344
2026-09-14T17:25:00+00:00,79,4.8300312576344
2026-09-14T17:30:00+00:00,78,4.833352297217643
2026-09-14T17:35:00+00:00,79,4.8300312576344
2026-09-14T17:40:00+00:00,82,4.886488930549531
2026-09-14T17:45:00+00:00,83,4.883167890966288
2026-09-14T17:50:00+00:00,83,4.819495996384455
2026-09-14T17:55:00+00:00,79,5.866528985411028
2026-09-14T18:00:00+00:00,81,4.889809970132774
2026-09-14T18:05:00+00:00,87,4.869883732633316
2026-09-14T18:10:00+00:00,91,4.856599574300344
2026-09-14T18:15:00+00:00,95,4.843315415967372
2026-09-14T18:20:00+00:00,94,4.668698715901409
2026-09-14T18:25:00+00:00,95,4.796136903883696
2026-09-14T18:30:00+00:00,90,4.805869859092345
2026-09-14T18:35:00+00:00,86,4.813656223259265
2026-09-14T18:40:00+00:00,84,4.879846851383045
2026-09-14T18:45:00+00:00,81,4.889809970132774
2026-09-14T18:50:00+00:00,82,9.785618165027714
2026-09-14T18:55:00+00:00,78,10.28593368096625
2026-09-14T19:00:00+00:00,72,10.771216481801826
2026-09-14T19:05:00+00:00,69,11.013857882219591
2026-09-14T19:10:00+00:00,66,11.256499282637378
2026-09-14T19:15:00+00:00,63,11.499140683055154
2026-09-14T19:20:00+00:00,61,11.66090161666701
2026-09-14T19:25:00+00:00,59,11.96051146729188
2026-09-14T19:30:00+00:00,59,15.153135678334095
2026-09-14T19:35:00+00:00,59,15.153135678334095
2026-09-14T19:40:00+00:00,56,12.409926243229226
2026-09-14T19:45:00+00:00,55,12.559731168541662
2026-09-14T19:50:00+00:00,54,12.709536093854096
2026-09-14T19:55:00+00:00,52,10.771216481801813
2026-09-14T20:00:00+00:00,48,11.094738349025524
2026-09-14T20:05:00+00:00,42,11.580021149861077
2026-09-14T20:10:00+00:00,41,11.66090161666701
2026-09-14T20:15:00+00:00,39,12.456647022710154
2026-09-14T20:20:00+00:00,37,13.252392428753243
2026-09-14T20:25:00+00:00,34,14.792029806738608
2026-09-14T20:30:00+00:00,35,14.420773970557084
2026-09-14T20:35:00+00:00,35,14.420773970557084
2026-09-14T20:40:00+00:00,35,23.548194961468266
2026-09-14T20:45:00+00:00,34,24.20316817552993
2026-09-14T20:50:00+00:00,31,22.67135149444997
2026-09-14T20:55:00+00:00,28,25.68529203361441
2026-09-14T21:00:00+00:00,29,24.68064518722624
2026-09-14T21:05:00+00:00,31,22.67135149444997
2026-09-14T21:10:00+00:00,31,22.67135149444997
2026-09-14T21:15:00+00:00,31,22.67135149444997
2026-09-14T21:20:00+00:00,31,22.67135149444997
2026-09-14T21:25:00+00:00,31,22.67135149444997
2026-09-14T21:30:00+00:00,30,12.430643195873223
2026-09-14T21:35:00+00:00,27,12.495389807438285
2026-09-14T21:40:00+00:00,26,12.516972011293305
2026-09-14T21:45:00+00:00,26,12.516972011293305
2026-09-14T21:50:00+00:00,28,12.473807603583264
2026-09-14T21:55:00+00:00,31,12.409060992018205
2026-09-14T22:00:00+00:00,31,12.409060992018205
2026-09-14T22:05:00+00:00,33,12.365896584308162
2026-09-14T22:10:00+00:00,32,12.387478788163182
2026-09-14T22:15:00+00:00,31,12.409060992018205
2026-09-14T22:20:00+00:00,35,13.344451512437463
2026-09-14T22:25:00+00:00,37,13.104595351814437
2026-09-14T22:30:00+00:00,37,13.104595351814437
2026-09-14T22:35:00+00:00,40,12.744811110879908
2026-09-14T22:40:00+00:00,43,10.13592867764101
2026-09-14T22:45:00+00:00,41,10.080640670148812
2026-09-14T22:50:00+00:00,40,10.0837122261206
2026-09-14T22:55:00+00:00,41,10.080640670148812
2026-09-14T23:00:00+00:00,44,6.2907787094798815
2026-09-14T23:05:00+00:00,43,9.777388945001094
2026-09-14T23:10:00+00:00,45,9.581465950417662
2026-09-14T23:15:00+00:00,47,9.301163030834198
2026-09-14T23:20:00+00:00,50,8.880708651459015
2026-09-14T23:25:00+00:00,53,9.826050605413835
2026-09-14T23:30:00+00:00,61,9.615369815966668
2026-09-14T23:35:00+00:00,66,9.0462880104125
2026-09-14T23:40:00+00:00,72,8.363389843747505
2026-09-14T23:45:00+00:00,81,7.339042593749999
2026-09-14T23:50:00+00:00,84,7.228099861977494
2026-09-14T23:55:00+00:00,92,6.932252577250835
2026-09-15T00:00:00+00:00,102,6.59421533002415
2026-09-15T00:05:00+00:00,109,5.753815074713704
2026-09-15T00:10:00+00:00,109,5.753815074713704
2026-09-15T00:15:00+00:00,114,6.858290756069161
2026-09-15T00:20:00+00:00,119,6.54893676195334
2026-09-15T00:25:00+00:00,129,5.6308251155599915
2026-09-15T00:30:00+00:00,134,5.060511421284989
2026-09-15T00:35:00+00:00,135,4.145561837228355
2026-09-15T00:40:00+00:00,137,4.538342137773318
2026-09-15T00:45:00+00:00,144,4.2354766325299975
2026-09-15T00:50:00+00:00,151,4.1734201934
2026-09-15T00:55:00+00:00,156,4.129094165450001
2026-09-15T01:00:00+00:00,160,4.093633343089999
2026-09-15T01:05:00+00:00,168,4.028783223958335
2026-09-15T01:10:00+00:00,179,3.853326909791665
2026-09-15T01:15:00+00:00,192,3.2573150533966704
2026-09-15T01:20:00+00:00,200,3.193910386170004
2026-09-15T01:25:00+00:00,208,2.6622887745450026
2026-09-15T01:30:00+00:00,208,2.6622887745450026
2026-09-15T01:35:00+00:00,204,2.6766238577383357
2026-09-15T01:40:00+00:00,197,2.7297567638866678
2026-09-15T01:45:00+00:00,191,3.4695640906250067
2026-09-15T01:50:00+00:00,188,3.2890173870100057
2026-09-15T01:55:00+00:00,179,3.6015594937500066
2026-09-15T02:00:00+00:00,177,3.608487277083337
2026-09-15T02:05:00+00:00,182,3.660445652083318
2026-09-15T02:10:00+00:00,192,3.6258067354166643
2026-09-15T02:15:00+00:00,190,3.273166220203336
2026-09-15T02:20:00+00:00,185,3.5446046625000043
2026-09-15T02:25:00+00:00,180,3.7116633802433023
2026-09-15T02:30:00+00:00,188,3.639662302083327
2026-09-15T02:35:00+00:00,194,3.6188789520833335
2026-09-15T02:40:00+00:00,200,3.3570032328124997
2026-09-15T02:45:00+00:00,196,3.2312238859416693
2026-09-15T02:50:00+00:00,190,3.6327345187499946
2026-09-15T02:55:00+00:00,189,3.636198410416661
2026-09-15T03:00:00+00:00,190,4.1892017451766455
2026-09-15T03:05:00+00:00,195,3.6154150604166677
2026-09-15T03:10:00+00:00,189,3.4423809040299878
2026-09-15T03:15:00+00:00,183,3.608527383819989
2026-09-15T03:20:00+00:00,184,3.0697097094499957
2026-09-15T03:25:00+00:00,182,3.0966285327833294
2026-09-15T03:30:00+00:00,187,2.7914336742416537
2026-09-15T03:35:00+00:00,198,2.7007459399708336
2026-09-15T03:40:00+00:00,212,2.6225406103149833
2026-09-15T03:45:00+00:00,217,2.570951490833334
2026-09-15T03:50:00+00:00,221,2.5689917291666764
2026-09-15T03:55:00+00:00,224,2.5368111889891627
2026-09-15T04:00:00+00:00,221,2.5544247222166634
2026-09-15T04:05:00+00:00,216,2.5580664739541668
2026-09-15T04:10:00+00:00,219,2.5558814229116646
2026-09-15T04:15:00+00:00,226,2.5250688335041636
2026-09-15T04:20:00+00:00,228,2.419791951251652
2026-09-15T04:25:00+00:00,229,2.3750815417999847
2026-09-15T04:30:00+00:00,223,2.3846443692999695
2026-09-15T04:35:00+00:00,228,2.286359751315843
2026-09-15T04:40:00+00:00,227,2.296302056385012
2026-09-15T04:45:00+00:00,235,2.2167636158316775
2026-09-15T04:50:00+00:00,242,2.156259552048345
2026-09-15T04:55:00+00:00,248,2.286359751315843
2026-09-15T05:00:00+00:00,249,2.27641744624668
2026-09-15T05:05:00+00:00,244,2.326128971592513
2026-09-15T05:10:00+00:00,244,2.348867320550019
2026-09-15T05:15:00+00:00,245,2.381456760133308
2026-09-15T05:20:00+00:00,239,2.313424489300044
2026-09-15T05:25:00+00:00,239,2.15696448409164
2026-09-15T05:30:00+00:00,238,2.1653941671124746
2026-09-15T05:35:00+00:00,231,2.22440194825834
2026-09-15T05:40:00+00:00,223,2.4000656966066503
2026-09-15T05:45:00+00:00,214,2.615910335909969
2026-09-15T05:50:00+00:00,211,3.0927295965333235
2026-09-15T05:55:00+00:00,211,3.0204238885416395
2026-09-15T06:00:00+00:00,211,3.0204238885416395
2026-09-15T06:05:00+00:00,206,2.8509877753499646
2026-09-15T06:10:00+00:00,200,3.144888043517493
2026-09-15T06:15:00+00:00,202,3.139056644732496
2026-09-15T06:20:00+00:00,206,3.125192859729168
2026-09-15T06:25:00+00:00,207,3.121726913478335
2026-09-15T06:30:00+00:00,205,3.128658805979999
2026-09-15T06:35:00+00:00,199,3.2242589247216324
2026-09-15T06:40:00+00:00,196,3.804366795137503
2026-09-15T06:45:00+00:00,194,3.912471724305827
2026-09-15T06:50:00+00:00,194,3.912471724305827
2026-09-15T06:55:00+00:00,193,3.8963540601399744
2026-09-15T07:00:00+00:00,192,3.9562540354533198
2026-09-15T07:05:00+00:00,191,4.016154010766665
2026-09-15T07:10:00+00:00,190,4.076053986079976
2026-09-15T07:15:00+00:00,185,3.407746855830009
2026-09-15T07:20:00+00:00,183,3.41245055673168
2026-09-15T07:25:00+00:00,179,3.3748209495183192
2026-09-15T07:30:00+00:00,175,3.3842283513216587
2026-09-15T07:35:00+00:00,177,3.379524650419989
2026-09-15T07:40:00+00:00,175,3.2108009882733213
2026-09-15T07:45:00+00:00,174,3.177123419894171
2026-09-15T07:50:00+00:00,169,2.7473994118000205
2026-09-15T07:55:00+00:00,164,3.0342664503416823
2026-09-15T08:00:00+00:00,161,2.8136222284666776
2026-09-15T08:05:00+00:00,163,2.7970665243000146
2026-09-15T08:10:00+00:00,157,2.6811765951333637
2026-09-15T08:15:00+00:00,152,2.7225658555500236
2026-09-15T08:20:00+00:00,143,2.7970665243000146
2026-09-15T08:25:00+00:00,133,2.3005509876366754
2026-09-15T08:30:00+00:00,132,3.00569439565669
2026-09-15T08:35:00+00:00,130,2.428818797844179
2026-09-15T08:40:00+00:00,128,1.9300740332966773
2026-09-15T08:45:00+00:00,120,2.0012594304858498
2026-09-15T08:50:00+00:00,112,1.9138286273233391
2026-09-15T08:55:00+00:00,106,1.9381967362833468
2026-09-15T09:00:00+00:00,97,2.129527240693341
2026-09-15T09:05:00+00:00,90,2.428818797844179
2026-09-15T09:10:00+00:00,97,2.8100409434666167
2026-09-15T09:15:00+00:00,103,2.7459735787449433
2026-09-15T09:20:00+00:00,113,2.4301133613866788
2026-09-15T09:25:00+00:00,117,1.8839506213933255
2026-09-15T09:30:00+00:00,120,2.209011209235897
2026-09-15T09:35:00+00:00,117,2.4786208044432425
2026-09-15T09:40:00+00:00,124,2.7471722188840957
2026-09-15T09:45:00+00:00,135,2.5199364066649155
2026-09-15T09:50:00+00:00,139,2.8522759866616108
2026-09-15T09:55:00+00:00,144,2.4790571497916725
2026-09-15T10:00:00+00:00,153,2.6198879263866566
2026-09-15T10:05:00+00:00,158,2.5410305531241786
2026-09-15T10:10:00+00:00,164,2.4790571497916725
2026-09-15T10:15:00+00:00,167,2.4643981704166547
2026-09-15T10:20:00+00:00,180,2.4008759264582458
2026-09-15T10:25:00+00:00,194,2.3887815220450284
2026-09-15T10:30:00+00:00,199,2.1981726936800734
2026-09-15T10:35:00+00:00,196,2.387672586975047
2026-09-15T10:40:00+00:00,195,2.5883449770816584
2026-09-15T10:45:00+00:00,206,2.730288248954124
2026-09-15T10:50:00+00:00,221,2.4937161291666903
2026-09-15T10:55:00+00:00,226,2.469284496874995
2026-09-15T11:00:00+00:00,234,2.5662671168074778
2026-09-15T11:05:00+00:00,246,2.469284496874995
2026-09-15T11:10:00+00:00,245,2.3937717298599455
2026-09-15T11:15:00+00:00,246,2.3932172623249546
2026-09-15T11:20:00+00:00,241,2.3959895999999086
2026-09-15T11:25:00+00:00,243,2.4839434762500097
2026-09-15T11:30:00+00:00,244,2.3943261973949364
2026-09-15T11:35:00+00:00,253,2.164431238470028
2026-09-15T11:40:00+00:00,248,1.8466152473209128
2026-09-15T11:45:00+00:00,244,2.422276494479184
2026-09-15T11:50:00+00:00,254,1.9407874091391866
2026-09-15T11:55:00+00:00,260,1.9054037989341952
2026-09-15T12:00:00+00:00,254,1.9407874091391866
2026-09-15T12:05:00+00:00,253,1.9466846775066828
2026-09-15T12:10:00+00:00,253,1.886975428056733
2026-09-15T12:15:00+00:00,254,2.162502109175847
2026-09-15T12:20:00+00:00,255,2.1249313122316735
2026-09-15T12:25:00+00:00,253,2.2000729061199986
2026-09-15T12:30:00+00:00,249,2.6809717869499337
2026-09-15T12:35:00+00:00,255,2.1249313122316735
2026-09-15T12:40:00+00:00,263,1.8564833753366705
2026-09-15T12:45:00+00:00,262,1.8068450919049486
2026-09-15T12:50:00+00:00,256,1.8712517909666835
2026-09-15T12:55:00+00:00,254,1.9021474672274963
2026-09-15T13:00:00+00:00,257,1.8693681416600152
2026-09-15T13:05:00+00:00,257,1.9010156372300115
2026-09-15T13:10:00+00:00,260,1.899883807232527
2026-09-15T13:15:00+00:00,261,1.899506530566699
2026-09-15T13:20:00+00:00,260,2.3134727768058294
2026-09-15T13:25:00+00:00,255,2.5216784973666138
2026-09-15T13:30:00+00:00,251,2.7585691687500002
2026-09-15T13:35:00+00:00,249,2.780098508610001
2026-09-15T13:40:00+00:00,252,2.7478044988199968
2026-09-15T13:45:00+00:00,257,2.546273752503277
2026-09-15T13:50:00+00:00,254,2.587220683230751
2026-09-15T13:55:00+00:00,251,2.6390488802082475
2026-09-15T14:00:00+00:00,259,2.312769862361661
2026-09-15T14:05:00+00:00,257,2.3298274580566534
2026-09-15T14:10:00+00:00,254,2.587220683230751
2026-09-15T14:15:00+00:00,246,2.725429208504071
2026-09-15T14:20:00+00:00,241,2.811809536799895
2026-09-15T14:25:00+00:00,245,2.74270527416323
2026-09-15T14:30:00+00:00,251,2.3810002451416343
2026-09-15T14:35:00+00:00,248,2.6908770771857338
2026-09-15T14:40:00+00:00,243,2.7772574054815578
2026-09-15T14:45:00+00:00,238,2.8769604874267496
2026-09-15T14:50:00+00:00,245,2.8635635351333852
2026-09-15T14:55:00+00:00,248,2.6908770771857338
2026-09-15T15:00:00+00:00,251,2.7601300576332504
2026-09-15T15:05:00+00:00,248,2.623693754269098
2026-09-15T15:10:00+00:00,240,2.8805584438591905
2026-09-15T15:15:00+00:00,237,2.9047497990232656
2026-09-15T15:20:00+00:00,240,2.815196979265734
2026-09-15T15:25:00+00:00,250,2.5047701534741265
2026-09-15T15:30:00+00:00,249,2.5274013118066283
2026-09-15T15:35:00+00:00,244,2.6405571034691127
2026-09-15T15:40:00+00:00,240,2.900857105480754
2026-09-15T15:45:00+00:00,237,2.8345497956899135
2026-09-15T15:50:00+00:00,240,2.7193035911057715
2026-09-15T15:55:00+00:00,237,2.751862629023281
2026-09-15T16:00:00+00:00,232,2.9799230059374517
2026-09-15T16:05:00+00:00,231,3.097746998958246
2026-09-15T16:10:00+00:00,238,2.943648222812478
2026-09-15T16:15:00+00:00,248,2.391340341663346
2026-09-15T16:20:00+00:00,250,2.3704921986100116
2026-09-15T16:25:00+00:00,241,2.7084505784666058
2026-09-15T16:30:00+00:00,238,2.943648222812478
2026-09-15T16:35:00+00:00,240,2.7193035911057715
2026-09-15T16:40:00+00:00,236,2.762715641662453
2026-09-15T16:45:00+00:00,242,2.696243491660774
2026-09-15T16:50:00+00:00,237,2.751862629023281
2026-09-15T16:55:00+00:00,236,2.5253442763791707
2026-09-15T17:00:00+00:00,236,2.46857890467918
2026-09-15T17:05:00+00:00,239,2.466016867281687
2026-09-15T17:10:00+00:00,239,2.0770501269450197
2026-09-15T17:15:00+00:00,236,2.2786212104166528
2026-09-15T17:20:00+00:00,237,2.3870101068032805
2026-09-15T17:25:00+00:00,236,2.391841277774953
2026-09-15T17:30:00+00:00,240,2.2548707537499992
2026-09-15T17:35:00+00:00,245,2.2337530311100013
2026-09-15T17:40:00+00:00,248,2.1093160162117015
2026-09-15T17:45:00+00:00,252,1.9653157390309202
2026-09-15T17:50:00+00:00,252,1.9653157390309202
2026-09-15T17:55:00+00:00,256,1.9559813812542415
2026-09-15T18:00:00+00:00,255,1.9583149706984107
2026-09-15T18:05:00+00:00,259,1.948980612921732
2026-09-15T18:10:00+00:00,255,1.9583149706984107
2026-09-15T18:15:00+00:00,253,1.9950030259701208
2026-09-15T18:20:00+00:00,250,1.9965097021151206
2026-09-15T18:25:00+00:00,253,1.9950030259701208
2026-09-15T18:30:00+00:00,250,1.9965097021151206
2026-09-15T18:35:00+00:00,250,1.9965097021151206
2026-09-15T18:40:00+00:00,254,2.061230733883409
2026-09-15T18:45:00+00:00,255,1.9939985752067877
2026-09-15T18:50:00+00:00,256,1.9934963498251212
2026-09-15T18:55:00+00:00,258,2.0268301605500976
2026-09-15T19:00:00+00:00,257,1.9929941244434544
2026-09-15T19:05:00+00:00,256,1.9934963498251212
2026-09-15T19:10:00+00:00,257,2.0354303038834267
2026-09-15T19:15:00+00:00,258,1.9542646103882353
2026-09-15T19:20:00+00:00,256,1.9581070362915853
2026-09-15T19:25:00+00:00,251,1.9939774805584118
2026-09-15T19:30:00+00:00,251,2.08226905833338
2026-09-15T19:35:00+00:00,252,1.9932722555592408
2026-09-15T19:40:00+00:00,261,1.9485009715332127
2026-09-15T19:45:00+00:00,260,1.9504221844848866
2026-09-15T19:50:00+00:00,261,1.9485009715332127
2026-09-15T19:55:00+00:00,259,1.988335680565045
2026-09-15T20:00:00+00:00,258,1.9890409055642155
2026-09-15T20:05:00+00:00,260,1.9504221844848866
2026-09-15T20:10:00+00:00,263,1.941167119656552
2026-09-15T20:15:00+00:00,258,1.9542646103882353
2026-09-15T20:20:00+00:00,256,2.18150030764585
2026-09-15T20:25:00+00:00,257,2.0222418616766884
2026-09-15T20:30:00+00:00,261,1.9869252305667033
2026-09-15T20:35:00+00:00,263,1.8345715587550022
2026-09-15T20:40:00+00:00,266,1.8304056864625333
2026-09-15T20:45:00+00:00,259,1.8699647648666462
2026-09-15T20:50:00+00:00,250,2.016736575491638
2026-09-15T20:55:00+00:00,241,2.1635083861166398
2026-09-15T21:00:00+00:00,232,2.2402153272284098
2026-09-15T21:05:00+00:00,228,2.2423216627817113
2026-09-15T21:10:00+00:00,227,2.2138857663984277
2026-09-15T21:15:00+00:00,223,2.228279303621795
2026-09-15T21:20:00+00:00,215,2.185098691951691
2026-09-15T21:25:00+00:00,205,2.0982764702833028
2026-09-15T21:30:00+00:00,195,1.9567869865350251
2026-09-15T21:35:00+00:00,198,2.237055823898457
2026-09-15T21:40:00+00:00,195,2.2386355755634333
2026-09-15T21:45:00+00:00,198,2.237055823898457
2026-09-15T21:50:00+00:00,192,2.2402153272284098
2026-09-15T21:55:00+00:00,195,2.1936166831249513
2026-09-15T22:00:00+00:00,195,2.2892864345799873
2026-09-15T22:05:00+00:00,196,2.282073320483323
2026-09-15T22:10:00+00:00,195,2.423863372148333
2026-09-15T22:15:00+00:00,194,2.335691778927502
2026-09-15T22:20:00+00:00,191,2.2571562187499996
2026-09-15T22:25:00+00:00,189,2.686003155280147
2026-09-15T22:30:00+00:00,190,2.6849883939609813
2026-09-15T22:35:00+00:00,194,2.6809293486843186
2026-09-15T22:40:00+00:00,192,2.6829588713226498
2026-09-15T22:45:00+00:00,189,2.686003155280147
2026-09-15T22:50:00+00:00,189,2.7395827533267822
2026-09-15T22:55:00+00:00,192,2.731117856661791
2026-09-15T23:00:00+00:00,197,2.8307448976333625
2026-09-15T23:05:00+00:00,203,2.7922041079116973
2026-09-15T23:10:00+00:00,205,2.7825951144400443
2026-09-15T23:15:00+00:00,212,2.699342110208478
2026-09-15T23:20:00+00:00,217,2.696441630000142
2026-09-15T23:25:00+00:00,231,2.699922206250146
2026-09-15T23:30:00+00:00,242,2.6931064845143067
2026-09-15T23:35:00+00:00,235,2.6799145873651526
2026-09-15T23:40:00+00:00,230,2.7005023022918127
2026-09-15T23:45:00+00:00,225,2.703402782500149
2026-09-15T23:50:00+00:00,226,2.702822686458482
2026-09-15T23:55:00+00:00,225,2.703402782500149
2026-09-16T00:00:00+00:00,227,2.679436402918387
2026-09-16T00:05:00+00:00,216,2.6970217260418092
2026-09-16T00:10:00+00:00,207,2.7022425904168146
2026-09-16T00:15:00+00:00,205,2.8983222994400863
2026-09-16T00:20:00+00:00,207,2.7022425904168146
2026-09-16T00:25:00+00:00,200,2.5850691611566545
2026-09-16T00:30:00+00:00,190,2.821456817647359
2026-09-16T00:35:00+00:00,178,2.975058909522365
2026-09-16T00:40:00+00:00,169,3.1761358251332408
2026-09-16T00:45:00+00:00,167,3.6133944827683875
2026-09-16T00:50:00+00:00,166,3.213132487320763
2026-09-16T00:55:00+00:00,161,3.0281491763831583
2026-09-16T01:00:00+00:00,152,2.824169912432429
2026-09-16T01:05:00+00:00,139,3.052813617841504
2026-09-16T01:10:00+00:00,130,3.163803604404068
2026-09-16T01:15:00+00:00,120,3.939675132093325
2026-09-16T01:20:00+00:00,114,4.131101897074246
2026-09-16T01:25:00+00:00,100,4.104944154503391
2026-09-16T01:30:00+00:00,88,4.3268302753433066
2026-09-16T01:35:00+00:00,81,7.302568241666692
2026-09-16T01:40:00+00:00,73,8.31590994583334
2026-09-16T01:45:00+00:00,64,9.45591936302085
2026-09-16T01:50:00+00:00,57,10.12986422708335
2026-09-16T01:55:00+00:00,50,10.644262245833339
2026-09-16T02:00:00+00:00,44,11.085174833333333
2026-09-16T02:05:00+00:00,48,10.791233108333337
2026-09-16T02:10:00+00:00,48,10.791233108333337
2026-09-16T02:15:00+00:00,44,9.455919363020868
2026-09-16T02:20:00+00:00,38,10.056378795833357
2026-09-16T02:25:00+00:00,36,10.203349658333355
2026-09-16T02:30:00+00:00,34,10.350320520833348
2026-09-16T02:35:00+00:00,31,10.570776814583345
2026-09-16T02:40:00+00:00,30,10.644262245833339
2026-09-16T02:45:00+00:00,29,10.717747677083338
2026-09-16T02:50:00+00:00,27,10.864718539583336
2026-09-16T02:55:00+00:00,27,10.864718539583336
2026-09-16T03:00:00+00:00,27,10.864718539583336
2026-09-16T03:05:00+00:00,26,9.202583936979197
2026-09-16T03:10:00+00:00,26,9.202583936979197
2026-09-16T03:15:00+00:00,25,7.1893353790266925
2026-09-16T03:20:00+00:00,24,6.383244245031693
2026-09-16T03:25:00+00:00,24,6.383244245031693
2026-09-16T03:30:00+00:00,24,6.383244245031693
2026-09-16T03:35:00+00:00,23,4.28739994007832
2026-09-16T03:40:00+00:00,22,3.375834502211558
2026-09-16T03:45:00+00:00,21,2.2337340812499558
2026-09-16T03:50:00+00:00,18,nan
2026-09-16T03:55:00+00:00,14,nan
2026-09-16T04:00:00+00:00,10,nan
2026-09-16T04:05:00+00:00,2,nan
2026-09-16T04:10:00+00:00,0,nan
2026-09-16T04:15:00+00:00,0,nan
2026-09-16T04:20:00+00:00,0,nan
2026-09-16T04:25:00+00:00,0,nan
2026-09-16T04:30:00+00:00,0,nan
2026-09-16T04:35:00+00:00,0,nan
2026-09-16T04:40:00+00:00,0,nan
2026-09-16T04:45:00+00:00,0,nan
2026-09-16T04:50:00+00:00,0,nan
2026-09-16T04:55:00+00:00,0,nan
2026-09-16T05:00:00+00:00,0,nan
2026-09-16T05:05:00+00:00,0,nan
2026-09-16T05:10:00+00:00,0,nan
2026-09-16T05:15:00+00:00,0,nan
2026-09-16T05:20:00+00:00,0,nan
2026-09-16T05:25:00+00:00,0,nan
2026-09-16T05:30:00+00:00,0,nan
2026-09-16T05:35:00+00:00,0,nan
2026-09-16T05:40:00+00:00,0,nan
2026-09-16T05:45:00+00:00,0,nan
2026-09-16T05:50:00+00:00,2,nan
2026-09-16T05:55:00+00:00,10,nan
2026-09-16T06:00:00+00:00,24,5.1410636998366455
2026-09-16T06:05:00+00:00,38,1.8087607189299457
2026-09-16T06:10:00+00:00,48,2.1764449914275
2026-09-16T06:15:00+00:00,64,1.976378108274119
2026-09-16T06:20:00+00:00,78,1.39426401257587
2026-09-16T06:25:00+00:00,87,1.952534193896622
2026-09-16T06:30:00+00:00,94,1.7791877698649692
2026-09-16T06:35:00+00:00,107,1.952534193896615
2026-09-16T06:40:00+00:00,117,1.9868305986132069
2026-09-16T06:45:00+00:00,131,1.7820501916665914
2026-09-16T06:50:00+00:00,136,1.993973488891546
2026-09-16T06:55:00+00:00,140,1.9654019277781942
2026-09-16T07:00:00+00:00,144,1.905396383749877
2026-09-16T07:05:00+00:00,148,2.0643879097624693
2026-09-16T07:10:00+00:00,151,2.0621853163250004
2026-09-16T07:15:00+00:00,158,2.1154486870216114
2026-09-16T07:20:00+00:00,166,2.172776062841634
2026-09-16T07:25:00+00:00,178,2.1154486870216114
2026-09-16T07:30:00+00:00,193,2.0821631138965793
2026-09-16T07:35:00+00:00,206,2.066021897399939
2026-09-16T07:40:00+00:00,212,2.083742591327415
2026-09-16T07:45:00+00:00,214,2.126897520039965
2026-09-16T07:50:00+00:00,221,2.1966624694333103
2026-09-16T07:55:00+00:00,226,2.093219455912428
2026-09-16T08:00:00+00:00,225,2.094798933343263
2026-09-16T08:05:00+00:00,221,2.101116843066605
2026-09-16T08:10:00+00:00,215,2.1011018821549303
2026-09-16T08:15:00+00:00,213,2.183530539853333
2026-09-16T08:20:00+00:00,212,2.1846248673183313
2026-09-16T08:25:00+00:00,217,2.176578409580058
2026-09-16T08:30:00+00:00,219,2.2059741434785476
2026-09-16T08:35:00+00:00,215,2.2503456957018555
2026-09-16T08:40:00+00:00,218,2.2170670315343717
2026-09-16T08:45:00+00:00,217,2.2281599195902015
2026-09-16T08:50:00+00:00,220,2.175226542495026
2026-09-16T08:55:00+00:00,224,2.167111665030849
2026-09-16T09:00:00+00:00,235,2.1390093963216823
2026-09-16T09:05:00+00:00,242,2.1204984908033526
2026-09-16T09:10:00+00:00,250,2.095039328296709
2026-09-16T09:15:00+00:00,250,2.095039328296709
2026-09-16T09:20:00+00:00,251,2.0918569329833794
2026-09-16T09:25:00+00:00,253,2.0854921423567174
2026-09-16T09:30:00+00:00,246,2.107768909550032
2026-09-16T09:35:00+00:00,236,2.13645464462085
2026-09-16T09:40:00+00:00,240,2.1948812554227173
2026-09-16T09:45:00+00:00,255,2.079127351730057
2026-09-16T09:50:00+00:00,257,1.943393475143384
2026-09-16T09:55:00+00:00,247,1.9667989060434528
2026-09-16T10:00:00+00:00,245,2.1109513048633612
2026-09-16T10:05:00+00:00,240,2.3379084447175273
2026-09-16T10:10:00+00:00,243,2.1777776192418714
2026-09-16T10:15:00+00:00,241,2.334343303466691
2026-09-16T10:20:00+00:00,238,2.345038727219203
2026-09-16T10:25:00+00:00,234,2.428997332472572
2026-09-16T10:30:00+00:00,232,2.5073222204166563
2026-09-16T10:35:00+00:00,227,2.43095768895667
2026-09-16T10:40:00+00:00,219,2.7058785243650574
2026-09-16T10:45:00+00:00,216,2.984493909725158
2026-09-16T10:50:00+00:00,224,2.8867913894776804
2026-09-16T10:55:00+00:00,230,2.948209820271828
2026-09-16T11:00:00+00:00,218,3.183200940150004
2026-09-16T11:05:00+00:00,216,3.2657546138958424
2026-09-16T11:10:00+00:00,217,3.265277359730001
2026-09-16T11:15:00+00:00,224,3.139024289730028
2026-09-16T11:20:00+00:00,227,2.955092326936816
2026-09-16T11:25:00+00:00,219,3.2465660474214624
2026-09-16T11:30:00+00:00,226,3.216313501033195
2026-09-16T11:35:00+00:00,234,3.17089650159333
2026-09-16T11:40:00+00:00,231,3.0500069836751207
2026-09-16T11:45:00+00:00,222,3.2390220007531254
2026-09-16T11:50:00+00:00,220,3.245632586552286
2026-09-16T11:55:00+00:00,221,3.24469912568311
2026-09-16T12:00:00+00:00,212,3.1822507514532954
2026-09-16T12:05:00+00:00,209,3.0662369123567856
2026-09-16T12:10:00+00:00,204,3.10681173406095
2026-09-16T12:15:00+00:00,194,3.17089650159333
2026-09-16T12:20:00+00:00,185,3.259634499589932
2026-09-16T12:25:00+00:00,175,3.2502998908981677
2026-09-16T12:30:00+00:00,169,3.3018360636034045
2026-09-16T12:35:00+00:00,170,3.351874168330941
2026-09-16T12:40:00+00:00,174,3.278029006136615
2026-09-16T12:45:00+00:00,169,3.199282126243245
2026-09-16T12:50:00+00:00,153,3.2827904176299736
2026-09-16T12:55:00+00:00,139,3.383388459716926
2026-09-16T13:00:00+00:00,137,3.426849563883583
2026-09-16T13:05:00+00:00,129,4.341337396800023
2026-09-16T13:10:00+00:00,118,5.100789613259034
2026-09-16T13:15:00+00:00,107,5.437556528331521
2026-09-16T13:20:00+00:00,100,7.153715225555982
2026-09-16T13:25:00+00:00,103,6.986334411666793
2026-09-16T13:30:00+00:00,104,6.910496253958449
2026-09-16T13:35:00+00:00,104,6.910496253958449
2026-09-16T13:40:00+00:00,106,6.758819938541759
2026-09-16T13:45:00+00:00,105,5.498786876526523
2026-09-16T13:50:00+00:00,110,5.3457110060390285
2026-09-16T13:55:00+00:00,118,5.100789613259034
2026-09-16T14:00:00+00:00,132,4.837530069268465
2026-09-16T14:05:00+00:00,140,4.712865326215319
2026-09-16T14:10:00+00:00,151,4.299991235416868
2026-09-16T14:15:00+00:00,161,3.9027002375000546
2026-09-16T14:20:00+00:00,169,3.6023344783333555
2026-09-16T14:25:00+00:00,177,3.3019687191666565
2026-09-16T14:30:00+00:00,185,3.1115693584769413
2026-09-16T14:35:00+00:00,192,2.9086296478075617
2026-09-16T14:40:00+00:00,197,2.7311902354168685
2026-09-16T14:45:00+00:00,198,2.7217630739585443
2026-09-16T14:50:00+00:00,200,2.884980910867524
2026-09-16T14:55:00+00:00,204,3.04227923197776
2026-09-16T15:00:00+00:00,214,2.902717463572553
2026-09-16T15:05:00+00:00,227,2.6019031468735645
2026-09-16T15:10:00+00:00,236,2.3395629618082845
2026-09-16T15:15:00+00:00,238,2.3330753415315835
2026-09-16T15:20:00+00:00,238,2.3170027600006384
2026-09-16T15:25:00+00:00,232,2.3525382023616834
2026-09-16T15:30:00+00:00,224,2.6476923682285736
2026-09-16T15:35:00+00:00,222,2.8725976572916965
2026-09-16T15:40:00+00:00,229,2.571376999303561
2026-09-16T15:45:00+00:00,234,2.4950616303785482
2026-09-16T15:50:00+00:00,227,2.36651919971841
2026-09-16T15:55:00+00:00,218,2.434009335238533
2026-09-16T16:00:00+00:00,209,2.913468329583603
2026-09-16T16:05:00+00:00,205,2.9867972429169396
2026-09-16T16:10:00+00:00,198,2.829015253126009
2026-09-16T16:15:00+00:00,188,3.280794131600856
2026-09-16T16:20:00+00:00,180,3.609770989206562
2026-09-16T16:25:00+00:00,175,3.673429202573263
2026-09-16T16:30:00+00:00,168,3.852621280795041
2026-09-16T16:35:00+00:00,164,3.8529133056550444
2026-09-16T16:40:00+00:00,156,3.883860627774993
2026-09-16T16:45:00+00:00,156,3.883860627774993
2026-09-16T16:50:00+00:00,160,3.851745206215031
2026-09-16T16:55:00+00:00,162,2.5863733633977213
2026-09-16T17:00:00+00:00,157,2.799895597080165
2026-09-16T17:05:00+00:00,145,3.443529131533274
2026-09-16T17:10:00+00:00,137,3.6482579420865875
2026-09-16T17:15:00+00:00,138,2.9446209327834896
2026-09-16T17:20:00+00:00,141,2.8294882715335308
2026-09-16T17:25:00+00:00,145,2.3748833815297457
2026-09-16T17:30:00+00:00,140,2.4371969561104896
2026-09-16T17:35:00+00:00,132,2.5060023049974047
2026-09-16T17:40:00+00:00,122,2.5920089911060478
2026-09-16T17:45:00+00:00,117,2.624105480830184
2026-09-16T17:50:00+00:00,115,2.6358533913868207
2026-09-16T17:55:00+00:00,117,2.624105480830184
2026-09-16T18:00:00+00:00,111,2.659349212500092
2026-09-16T18:05:00+00:00,107,2.7960684196584515
2026-09-16T18:10:00+00:00,103,2.8847936452735055
2026-09-16T18:15:00+00:00,101,2.89093868680017
2026-09-16T18:20:00+00:00,100,2.8325607922968628
2026-09-16T18:25:00+00:00,98,2.8387058338235263
2026-09-16T18:30:00+00:00,101,2.7180887652832704
2026-09-16T18:35:00+00:00,103,2.8847936452735055
2026-09-16T18:40:00+00:00,107,2.8725035622201776
2026-09-16T18:45:00+00:00,108,2.9159862151717966
2026-09-16T18:50:00+00:00,117,2.898645618606824
2026-09-16T18:55:00+00:00,120,2.8928654197518333
2026-09-16T19:00:00+00:00,123,2.9256198799301147
2026-09-16T19:05:00+00:00,129,3.0399840579134363
2026-09-16T19:10:00+00:00,142,2.9275466128817786
2026-09-16T19:15:00+00:00,152,2.9082792833651423
2026-09-16T19:20:00+00:00,151,3.021565605900105
2026-09-16T19:25:00+00:00,152,3.0123563798934363
2026-09-16T19:30:00+00:00,164,2.9236931469784513
2026-09-16T19:35:00+00:00,175,2.866940387008071
2026-09-16T19:40:00+00:00,179,2.8600837299246145
2026-09-16T19:45:00+00:00,183,2.831357039854582
2026-09-16T19:50:00+00:00,193,2.870368715549799
2026-09-16T19:55:00+00:00,202,2.8440062206187307
2026-09-16T20:00:00+00:00,211,2.730163593741357
2026-09-16T20:05:00+00:00,210,2.575695746104853
2026-09-16T20:10:00+00:00,210,2.575695746104853
2026-09-16T20:15:00+00:00,220,2.6163209668639764
2026-09-16T20:20:00+00:00,231,2.6070397499999673
2026-09-16T20:25:00+00:00,243,2.5974548883231656
2026-09-16T20:30:00+00:00,247,2.5850210927698445
2026-09-16T20:35:00+00:00,247,2.385357356800036
2026-09-16T20:40:00+00:00,245,2.5199846090265763
2026-09-16T20:45:00+00:00,241,2.433911811800014
2026-09-16T20:50:00+00:00,230,2.607376546389981
2026-09-16T20:55:00+00:00,224,2.609397324730065
2026-09-16T21:00:00+00:00,221,2.6036717860998277
2026-09-16T21:05:00+00:00,219,2.604345378879856
2026-09-16T21:10:00+00:00,204,2.609397324730065
2026-09-16T21:15:00+00:00,188,2.770468710763915
2026-09-16T21:20:00+00:00,181,2.610407713900107
2026-09-16T21:25:00+00:00,173,2.7089067888932203
2026-09-16T21:30:00+00:00,158,2.670077320565084
2026-09-16T21:35:00+00:00,146,2.9087557472249803
2026-09-16T21:40:00+00:00,136,3.0120420236124725
2026-09-16T21:45:00+00:00,125,3.0204832738933813
2026-09-16T21:50:00+00:00,110,3.0840144412933292
2026-09-16T21:55:00+00:00,96,3.252955398791649
2026-09-16T22:00:00+00:00,86,3.4919001144084176
2026-09-16T22:05:00+00:00,85,3.515794585970093
2026-09-16T22:10:00+00:00,83,3.0811755082749444
2026-09-16T22:15:00+00:00,73,2.8196378447333657
2026-09-16T22:20:00+00:00,62,3.0966804749757495
2026-09-16T22:25:00+00:00,49,3.4202166997233845
2026-09-16T22:30:00+00:00,40,3.992312631556781
2026-09-16T22:35:00+00:00,33,6.6588937469367995
2026-09-16T22:40:00+00:00,40,3.53831767188492
2026-09-16T22:45:00+00:00,48,2.875865078930679
2026-09-16T22:50:00+00:00,56,1.93783383003356
2026-09-16T22:55:00+00:00,63,1.8987587149302023
2026-09-16T23:00:00+00:00,69,1.9387111324969253
2026-09-16T23:05:00+00:00,74,1.9380844878802357
2026-09-16T23:10:00+00:00,84,1.9393377771136147
2026-09-16T23:15:00+00:00,96,1.9496588303793638
2026-09-16T23:20:00+00:00,108,1.9388364614202631
2026-09-16T23:25:00+00:00,121,1.9372071854168704
2026-09-16T23:30:00+00:00,128,1.8355392012133693
2026-09-16T23:35:00+00:00,132,1.9576148835759517
2026-09-16T23:40:00+00:00,143,1.9755160032682761
2026-09-16T23:45:00+00:00,156,1.9496588303793638
2026-09-16T23:50:00+00:00,170,1.9385858035735872
2026-09-16T23:55:00+00:00,180,1.9417027771827748
2026-09-17T00:00:00+00:00,188,1.9388364614202631
2026-09-17T00:05:00+00:00,189,1.9635819234733933
2026-09-17T00:10:00+00:00,190,2.1439970834807847
2026-09-17T00:15:00+00:00,195,2.579222446184867
2026-09-17T00:20:00+00:00,205,2.5399740698698805
2026-09-17T00:25:00+00:00,221,2.4233942187497934
2026-09-17T00:30:00+00:00,233,2.336511982089914
2026-09-17T00:35:00+00:00,246,2.23243409549165
2026-09-17T00:40:00+00:00,242,2.27680489889916
2026-09-17T00:45:00+00:00,245,2.2714481226466394
2026-09-17T00:50:00+00:00,244,2.2732337147308135
2026-09-17T00:55:00+00:00,247,2.1982045272148856
2026-09-17T01:00:00+00:00,243,2.405342661804797
2026-09-17T01:05:00+00:00,241,2.4233942187497934
2026-09-17T01:10:00+00:00,237,2.6045862258264485
2026-09-17T01:15:00+00:00,235,2.589560253256495
2026-09-17T01:20:00+00:00,229,2.595233178046474
2026-09-17T01:25:00+00:00,217,2.628004533063212
2026-09-17T01:30:00+00:00,211,2.7120920989582373
2026-09-17T01:35:00+00:00,210,2.7139961695490387
2026-09-17T01:40:00+00:00,205,2.7235165225030498
2026-09-17T01:45:00+00:00,207,2.7197083813214458
2026-09-17T01:50:00+00:00,207,2.7197083813214458
2026-09-17T01:55:00+00:00,213,2.708283957776632
2026-09-17T02:00:00+00:00,214,2.7452924731629653
2026-09-17T02:05:00+00:00,226,2.7216124519122484
2026-09-17T02:10:00+00:00,237,2.656513916383555
2026-09-17T02:15:00+00:00,244,2.236268718989862
2026-09-17T02:20:00+00:00,248,2.464534290758182
2026-09-17T02:25:00+00:00,241,2.583887328466517
2026-09-17T02:30:00+00:00,233,2.6534025897169093
2026-09-17T02:35:00+00:00,229,2.6564141109669195
2026-09-17T02:40:00+00:00,225,2.6947331684666755
2026-09-17T02:45:00+00:00,222,2.7007886712791267
2026-09-17T02:50:00+00:00,224,2.7268839599688115
2026-09-17T02:55:00+00:00,219,2.735178424379604
2026-09-17T03:00:00+00:00,223,2.6987701703416427
2026-09-17T03:05:00+00:00,229,2.6564141109669195
2026-09-17T03:10:00+00:00,233,2.6431723276367602
2026-09-17T03:15:00+00:00,237,2.6417699211100505
2026-09-17T03:20:00+00:00,244,2.615203042290813
2026-09-17T03:25:00+00:00,253,2.308329214726491
2026-09-17T03:30:00+00:00,252,2.1689993328583896
2026-09-17T03:35:00+00:00,249,2.127831430970012
2026-09-17T03:40:00+00:00,243,1.6451986060466626
2026-09-17T03:45:00+00:00,228,1.7079396756341136
2026-09-17T03:50:00+00:00,214,1.874088964102482
2026-09-17T03:55:00+00:00,198,2.125491383780075
2026-09-17T04:00:00+00:00,189,1.970482196390025
2026-09-17T04:05:00+00:00,176,2.126011394266728
2026-09-17T04:10:00+00:00,164,2.066875428677568
2026-09-17T04:15:00+00:00,152,2.127051415240033
2026-09-17T04:20:00+00:00,138,2.125491383780075
2026-09-17T04:25:00+00:00,129,2.127831430970012
2026-09-17T04:30:00+00:00,125,1.7213105741766046
2026-09-17T04:35:00+00:00,113,1.8933676105599895
2026-09-17T04:40:00+00:00,106,1.5818781840332425
2026-09-17T04:45:00+00:00,95,1.6767409123683075
2026-09-17T04:50:00+00:00,82,1.6251199650399955
2026-09-17T04:55:00+00:00,74,1.6811978785491368
2026-09-17T05:00:00+00:00,62,1.6211945242758252
2026-09-17T05:05:00+00:00,47,1.712396641814945
2026-09-17T05:10:00+00:00,37,1.6678269800066479
2026-09-17T05:15:00+00:00,23,0.96825684027659
2026-09-17T05:20:00+00:00,10,nan
2026-09-17T05:25:00+00:00,0,nan
2026-09-17T05:30:00+00:00,6,nan
2026-09-17T05:35:00+00:00,16,nan
2026-09-17T05:40:00+00:00,25,1.8547340551434888
2026-09-17T05:45:00+00:00,29,2.858756477786904
2026-09-17T05:50:00+00:00,39,2.862860337848446
2026-09-17T05:55:00+00:00,51,2.4387771614584683
2026-09-17T06:00:00+00:00,62,2.5362092294789407
2026-09-17T06:05:00+00:00,76,2.201834313020906
2026-09-17T06:10:00+00:00,85,2.081328769303509
2026-09-17T06:15:00+00:00,93,2.0791569079101704
2026-09-17T06:20:00+00:00,105,2.081328769303509
2026-09-17T06:25:00+00:00,110,2.0799713559326727
2026-09-17T06:30:00+00:00,114,2.6423594168748714
2026-09-17T06:35:00+00:00,126,2.4406735390623604
2026-09-17T06:40:00+00:00,139,2.1301825452084664
2026-09-17T06:45:00+00:00,147,2.41678961645821
2026-09-17T06:50:00+00:00,157,2.177950390416755
2026-09-17T06:55:00+00:00,166,2.4406735390623604
2026-09-17T07:00:00+00:00,171,2.321253926041633
2026-09-17T07:05:00+00:00,179,2.5835977991664536
2026-09-17T07:10:00+00:00,188,2.712873358124975
2026-09-17T07:15:00+00:00,203,2.512325306874786
2026-09-17T07:20:00+00:00,214,2.6423594168748714
2026-09-17T07:25:00+00:00,225,2.464557461666498
2026-09-17T07:30:00+00:00,230,2.3451378486457704
2026-09-17T07:35:00+00:00,226,2.4406735390623604
2026-09-17T07:40:00+00:00,226,2.081057286629342
2026-09-17T07:45:00+00:00,226,2.081057286629342
2026-09-17T07:50:00+00:00,225,2.0275152057000843
2026-09-17T07:55:00+00:00,219,2.0531947934067767
2026-09-17T08:00:00+00:00,216,1.9641655835125373
2026-09-17T08:05:00+00:00,204,2.073020004331823
2026-09-17T08:10:00+00:00,201,2.230996073616552
2026-09-17T08:15:00+00:00,199,2.30317740667155
2026-09-17T08:20:00+00:00,197,2.0866403602833916
2026-09-17T08:25:00+00:00,194,2.11370705653336
2026-09-17T08:30:00+00:00,194,1.9756836966375455
2026-09-17T08:35:00+00:00,189,2.004478979450068
2026-09-17T08:40:00+00:00,184,2.03327426226259
2026-09-17T08:45:00+00:00,183,1.9266115814633187
2026-09-17T08:50:00+00:00,180,1.9411293572625175
2026-09-17T08:55:00+00:00,178,1.6029619836023652
2026-09-17T09:00:00+00:00,180,1.5638551227673385
2026-09-17T09:05:00+00:00,176,1.5246492032998504
2026-09-17T09:10:00+00:00,175,1.5096100943766455
2026-09-17T09:15:00+00:00,167,1.5144605396565747
2026-09-17T09:20:00+00:00,158,1.5077911773966723
2026-09-17T09:25:00+00:00,152,1.5298898670465129
2026-09-17T09:30:00+00:00,149,1.4849916647299926
2026-09-17T09:35:00+00:00,151,1.4767149875083607
2026-09-17T09:40:00+00:00,146,1.4974066805624413
2026-09-17T09:45:00+00:00,142,1.427568880635176
2026-09-17T09:50:00+00:00,133,1.468438310286728
2026-09-17T09:55:00+00:00,127,1.4932683419516242
2026-09-17T10:00:00+00:00,119,1.520718705489853
2026-09-17T10:05:00+00:00,117,1.3111280691598446
2026-09-17T10:10:00+00:00,111,1.273245063191765
2026-09-17T10:15:00+00:00,105,1.2773443369365607
2026-09-17T10:20:00+00:00,95,1.3266535106898902
2026-09-17T10:25:00+00:00,93,1.271878638610166
2026-09-17T10:30:00+00:00,89,1.2588960094503514
2026-09-17T10:35:00+00:00,82,1.265473323929594
2026-09-17T10:40:00+00:00,74,1.2711954263193668
2026-09-17T10:45:00+00:00,67,1.275977912354962
2026-09-17T10:50:00+00:00,60,1.2878399068647797
2026-09-17T10:55:00+00:00,53,1.3421789522199346
2026-09-17T11:00:00+00:00,46,1.3965179975750894
2026-09-17T11:05:00+00:00,42,1.2686097006139354
2026-09-17T11:10:00+00:00,34,1.3344162314549124
2026-09-17T11:15:00+00:00,27,1.3887552768100673
2026-09-17T11:20:00+00:00,25,1.3584107763968243
2026-09-17T11:25:00+00:00,20,0.9938846538833362
2026-09-17T11:30:00+00:00,12,nan
2026-09-17T11:35:00+00:00,4,nan
2026-09-17T11:40:00+00:00,0,nan
2026-09-17T11:45:00+00:00,0,nan
2026-09-17T11:50:00+00:00,0,nan
2026-09-17T11:55:00+00:00,0,nan
2026-09-17T12:00:00+00:00,0,nan
2026-09-17T12:05:00+00:00,0,nan
2026-09-17T12:10:00+00:00,0,nan
2026-09-17T12:15:00+00:00,0,nan
2026-09-17T12:20:00+00:00,0,nan
2026-09-17T12:25:00+00:00,0,nan
2026-09-17T12:30:00+00:00,0,nan
2026-09-17T12:35:00+00:00,0,nan
2026-09-17T12:40:00+00:00,0,nan
2026-09-17T12:45:00+00:00,0,nan
2026-09-17T12:50:00+00:00,0,nan
2026-09-17T12:55:00+00:00,0,nan
2026-09-17T13:00:00+00:00,0,nan
2026-09-17T13:05:00+00:00,0,nan
2026-09-17T13:10:00+00:00,0,nan
2026-09-17T13:15:00+00:00,0,nan
2026-09-17T13:20:00+00:00,0,nan
2026-09-17T13:25:00+00:00,0,nan
2026-09-17T13:30:00+00:00,0,nan
2026-09-17T13:35:00+00:00,0,nan
2026-09-17T13:40:00+00:00,0,nan
2026-09-17T13:45:00+00:00,0,nan
2026-09-17T13:50:00+00:00,0,nan
2026-09-17T13:55:00+00:00,0,nan
2026-09-17T14:00:00+00:00,0,nan
2026-09-17T14:05:00+00:00,0,nan
2026-09-17T14:10:00+00:00,0,nan
2026-09-17T14:15:00+00:00,0,nan
2026-09-17T14:20:00+00:00,0,nan
2026-09-17T14:25:00+00:00,0,nan
2026-09-17T14:30:00+00:00,0,nan
2026-09-17T14:35:00+00:00,0,nan
2026-09-17T14:40:00+00:00,0,nan
2026-09-17T14:45:00+00:00,0,nan
2026-09-17T14:50:00+00:00,0,nan
2026-09-17T14:55:00+00:00,0,nan
2026-09-17T15:00:00+00:00,0,nan
2026-09-17T15:05:00+00:00,0,nan
2026-09-17T15:10:00+00:00,0,nan
2026-09-17T15:15:00+00:00,0,nan
2026-09-17T15:20:00+00:00,0,nan
2026-09-17T15:25:00+00:00,0,nan
